language,frequency_list_version,level,rank,source_rank,display_form,lemma,lemma_key,part_of_speech,definition_seed,source_provenance,curation_flags
fi,v1,1,1,1,ja,ja,ja,unknown,ja,wordfreq:fi,wordfreq_seeded;deterministically_filtered;structurally_curated
fi,v1,1,2,2,on,on,on,unknown,on,wordfreq:fi,wordfreq_seeded;deterministically_filtered;structurally_curated
fi,v1,1,3,3,ei,ei,ei,unknown,ei,wordfreq:fi,wordfreq_seeded;deterministically_filtered;structurally_curated
fi,v1,1,4,4,että,että,että,unknown,että,wordfreq:fi,wordfreq_seeded;deterministically_filtered;structurally_curated
fi,v1,1,5,6,se,se,se,unknown,se,wordfreq:fi,wordfreq_seeded;deterministically_filtered;structurally_curated
fi,v1,1,6,7,oli,oli,oli,unknown,oli,wordfreq:fi,wordfreq_seeded;deterministically_filtered;structurally_curated
fi,v1,1,7,8,mutta,mutta,mutta,unknown,mutta,wordfreq:fi,wordfreq_seeded;deterministically_filtered;structurally_curated
fi,v1,1,8,9,ole,ole,ole,unknown,ole,wordfreq:fi,wordfreq_seeded;deterministically_filtered;structurally_curated
fi,v1,1,9,10,kun,kun,kun,unknown,kun,wordfreq:fi,wordfreq_seeded;deterministically_filtered;structurally_curated
fi,v1,1,10,11,niin,niin,niin,unknown,niin,wordfreq:fi,wordfreq_seeded;deterministically_filtered;structurally_curated
fi,v1,1,11,12,myös,myös,myös,unknown,myös,wordfreq:fi,wordfreq_seeded;deterministically_filtered;structurally_curated
fi,v1,1,12,13,hän,hän,hän,unknown,hän,wordfreq:fi,wordfreq_seeded;deterministically_filtered;structurally_curated
fi,v1,1,13,14,jos,jos,jos,unknown,jos,wordfreq:fi,wordfreq_seeded;deterministically_filtered;structurally_curated
fi,v1,1,14,16,ovat,ovat,ovat,unknown,ovat,wordfreq:fi,wordfreq_seeded;deterministically_filtered;structurally_curated
fi,v1,1,15,17,voi,voi,voi,unknown,voi,wordfreq:fi,wordfreq_seeded;deterministically_filtered;structurally_curated
fi,v1,1,16,18,nyt,nyt,nyt,unknown,nyt,wordfreq:fi,wordfreq_seeded;deterministically_filtered;structurally_curated
fi,v1,1,17,19,sen,sen,sen,unknown,sen,wordfreq:fi,wordfreq_seeded;deterministically_filtered;structurally_curated
fi,v1,1,18,20,kuin,kuin,kuin,unknown,kuin,wordfreq:fi,wordfreq_seeded;deterministically_filtered;structurally_curated
fi,v1,1,19,21,tai,tai,tai,unknown,tai,wordfreq:fi,wordfreq_seeded;deterministically_filtered;structurally_curated
fi,v1,1,20,22,en,en,en,unknown,en,wordfreq:fi,wordfreq_seeded;deterministically_filtered;structurally_curated
fi,v1,1,21,23,joka,joka,joka,unknown,joka,wordfreq:fi,wordfreq_seeded;deterministically_filtered;structurally_curated
fi,v1,1,22,25,olla,olla,olla,unknown,olla,wordfreq:fi,wordfreq_seeded;deterministically_filtered;structurally_curated
fi,v1,1,23,26,sitä,sitä,sitä,unknown,sitä,wordfreq:fi,wordfreq_seeded;deterministically_filtered;structurally_curated
fi,v1,1,24,27,mitä,mitä,mitä,unknown,mitä,wordfreq:fi,wordfreq_seeded;deterministically_filtered;structurally_curated
fi,v1,1,25,28,vain,vain,vain,unknown,vain,wordfreq:fi,wordfreq_seeded;deterministically_filtered;structurally_curated
fi,v1,1,26,29,jo,jo,jo,unknown,jo,wordfreq:fi,wordfreq_seeded;deterministically_filtered;structurally_curated
fi,v1,1,27,30,kanssa,kanssa,kanssa,unknown,kanssa,wordfreq:fi,wordfreq_seeded;deterministically_filtered;structurally_curated
fi,v1,1,28,31,tämä,tämä,tämä,unknown,tämä,wordfreq:fi,wordfreq_seeded;deterministically_filtered;structurally_curated
fi,v1,1,29,32,sitten,sitten,sitten,unknown,sitten,wordfreq:fi,wordfreq_seeded;deterministically_filtered;structurally_curated
fi,v1,1,30,33,kaikki,kaikki,kaikki,unknown,kaikki,wordfreq:fi,wordfreq_seeded;deterministically_filtered;structurally_curated
fi,v1,1,31,34,olisi,olisi,olisi,unknown,olisi,wordfreq:fi,wordfreq_seeded;deterministically_filtered;structurally_curated
fi,v1,1,32,35,ollut,ollut,ollut,unknown,ollut,wordfreq:fi,wordfreq_seeded;deterministically_filtered;structurally_curated
fi,v1,1,33,36,vielä,vielä,vielä,unknown,vielä,wordfreq:fi,wordfreq_seeded;deterministically_filtered;structurally_curated
fi,v1,1,34,37,kyllä,kyllä,kyllä,unknown,kyllä,wordfreq:fi,wordfreq_seeded;deterministically_filtered;structurally_curated
fi,v1,1,35,38,siitä,siitä,siitä,unknown,siitä,wordfreq:fi,wordfreq_seeded;deterministically_filtered;structurally_curated
fi,v1,1,36,39,ne,ne,ne,unknown,ne,wordfreq:fi,wordfreq_seeded;deterministically_filtered;structurally_curated
fi,v1,1,37,40,suomen,suomen,suomen,unknown,suomen,wordfreq:fi,wordfreq_seeded;deterministically_filtered;structurally_curated
fi,v1,1,38,41,hyvä,hyvä,hyvä,unknown,hyvä,wordfreq:fi,wordfreq_seeded;deterministically_filtered;structurally_curated
fi,v1,1,39,43,sekä,sekä,sekä,unknown,sekä,wordfreq:fi,wordfreq_seeded;deterministically_filtered;structurally_curated
fi,v1,1,40,44,jälkeen,jälkeen,jälkeen,unknown,jälkeen,wordfreq:fi,wordfreq_seeded;deterministically_filtered;structurally_curated
fi,v1,1,41,45,miten,miten,miten,unknown,miten,wordfreq:fi,wordfreq_seeded;deterministically_filtered;structurally_curated
fi,v1,1,42,46,mukaan,mukaan,mukaan,unknown,mukaan,wordfreq:fi,wordfreq_seeded;deterministically_filtered;structurally_curated
fi,v1,1,43,47,paljon,paljon,paljon,unknown,paljon,wordfreq:fi,wordfreq_seeded;deterministically_filtered;structurally_curated
fi,v1,1,44,48,saa,saa,saa,unknown,saa,wordfreq:fi,wordfreq_seeded;deterministically_filtered;structurally_curated
fi,v1,1,45,49,olen,olen,olen,unknown,olen,wordfreq:fi,wordfreq_seeded;deterministically_filtered;structurally_curated
fi,v1,1,46,50,pitää,pitää,pitää,unknown,pitää,wordfreq:fi,wordfreq_seeded;deterministically_filtered;structurally_curated
fi,v1,1,47,51,ihan,ihan,ihan,unknown,ihan,wordfreq:fi,wordfreq_seeded;deterministically_filtered;structurally_curated
fi,v1,1,48,52,mitään,mitään,mitään,unknown,mitään,wordfreq:fi,wordfreq_seeded;deterministically_filtered;structurally_curated
fi,v1,1,49,53,tulee,tulee,tulee,unknown,tulee,wordfreq:fi,wordfreq_seeded;deterministically_filtered;structurally_curated
fi,v1,1,50,54,hyvin,hyvin,hyvin,unknown,hyvin,wordfreq:fi,wordfreq_seeded;deterministically_filtered;structurally_curated
fi,v1,1,51,55,tässä,tässä,tässä,unknown,tässä,wordfreq:fi,wordfreq_seeded;deterministically_filtered;structurally_curated
fi,v1,1,52,56,hänen,hänen,hänen,unknown,hänen,wordfreq:fi,wordfreq_seeded;deterministically_filtered;structurally_curated
fi,v1,1,53,57,vaan,vaan,vaan,unknown,vaan,wordfreq:fi,wordfreq_seeded;deterministically_filtered;structurally_curated
fi,v1,1,54,58,koska,koska,koska,unknown,koska,wordfreq:fi,wordfreq_seeded;deterministically_filtered;structurally_curated
fi,v1,1,55,60,aina,aina,aina,unknown,aina,wordfreq:fi,wordfreq_seeded;deterministically_filtered;structurally_curated
fi,v1,1,56,61,eivät,eivät,eivät,unknown,eivät,wordfreq:fi,wordfreq_seeded;deterministically_filtered;structurally_curated
fi,v1,1,57,62,koko,koko,koko,unknown,koko,wordfreq:fi,wordfreq_seeded;deterministically_filtered;structurally_curated
fi,v1,1,58,63,kuitenkin,kuitenkin,kuitenkin,unknown,kuitenkin,wordfreq:fi,wordfreq_seeded;deterministically_filtered;structurally_curated
fi,v1,1,59,64,vaikka,vaikka,vaikka,unknown,vaikka,wordfreq:fi,wordfreq_seeded;deterministically_filtered;structurally_curated
fi,v1,1,60,65,mikä,mikä,mikä,unknown,mikä,wordfreq:fi,wordfreq_seeded;deterministically_filtered;structurally_curated
fi,v1,1,61,66,vuoden,vuoden,vuoden,unknown,vuoden,wordfreq:fi,wordfreq_seeded;deterministically_filtered;structurally_curated
fi,v1,1,62,67,ennen,ennen,ennen,unknown,ennen,wordfreq:fi,wordfreq_seeded;deterministically_filtered;structurally_curated
fi,v1,1,63,68,jotka,jotka,jotka,unknown,jotka,wordfreq:fi,wordfreq_seeded;deterministically_filtered;structurally_curated
fi,v1,1,64,69,aika,aika,aika,unknown,aika,wordfreq:fi,wordfreq_seeded;deterministically_filtered;structurally_curated
fi,v1,1,65,70,eli,eli,eli,unknown,eli,wordfreq:fi,wordfreq_seeded;deterministically_filtered;structurally_curated
fi,v1,1,66,71,jossa,jossa,jossa,unknown,jossa,wordfreq:fi,wordfreq_seeded;deterministically_filtered;structurally_curated
fi,v1,1,67,73,et,et,et,unknown,et,wordfreq:fi,wordfreq_seeded;deterministically_filtered;structurally_curated
fi,v1,1,68,74,näin,näin,näin,unknown,näin,wordfreq:fi,wordfreq_seeded;deterministically_filtered;structurally_curated
fi,v1,1,69,75,tämän,tämän,tämän,unknown,tämän,wordfreq:fi,wordfreq_seeded;deterministically_filtered;structurally_curated
fi,v1,1,70,76,noin,noin,noin,unknown,noin,wordfreq:fi,wordfreq_seeded;deterministically_filtered;structurally_curated
fi,v1,1,71,77,vuonna,vuonna,vuonna,unknown,vuonna,wordfreq:fi,wordfreq_seeded;deterministically_filtered;structurally_curated
fi,v1,1,72,78,eikä,eikä,eikä,unknown,eikä,wordfreq:fi,wordfreq_seeded;deterministically_filtered;structurally_curated
fi,v1,1,73,79,siis,siis,siis,unknown,siis,wordfreq:fi,wordfreq_seeded;deterministically_filtered;structurally_curated
fi,v1,1,74,80,sillä,sillä,sillä,unknown,sillä,wordfreq:fi,wordfreq_seeded;deterministically_filtered;structurally_curated
fi,v1,1,75,81,ehkä,ehkä,ehkä,unknown,ehkä,wordfreq:fi,wordfreq_seeded;deterministically_filtered;structurally_curated
fi,v1,1,76,82,itse,itse,itse,unknown,itse,wordfreq:fi,wordfreq_seeded;deterministically_filtered;structurally_curated
fi,v1,1,77,83,onko,onko,onko,unknown,onko,wordfreq:fi,wordfreq_seeded;deterministically_filtered;structurally_curated
fi,v1,1,78,84,tehdä,tehdä,tehdä,unknown,tehdä,wordfreq:fi,wordfreq_seeded;deterministically_filtered;structurally_curated
fi,v1,1,79,85,tuo,tuo,tuo,unknown,tuo,wordfreq:fi,wordfreq_seeded;deterministically_filtered;structurally_curated
fi,v1,1,80,86,vähän,vähän,vähän,unknown,vähän,wordfreq:fi,wordfreq_seeded;deterministically_filtered;structurally_curated
fi,v1,1,81,87,yksi,yksi,yksi,unknown,yksi,wordfreq:fi,wordfreq_seeded;deterministically_filtered;structurally_curated
fi,v1,1,82,88,jotain,jotain,jotain,unknown,jotain,wordfreq:fi,wordfreq_seeded;deterministically_filtered;structurally_curated
fi,v1,1,83,89,juuri,juuri,juuri,unknown,juuri,wordfreq:fi,wordfreq_seeded;deterministically_filtered;structurally_curated
fi,v1,1,84,90,siinä,siinä,siinä,unknown,siinä,wordfreq:fi,wordfreq_seeded;deterministically_filtered;structurally_curated
fi,v1,1,85,91,suomessa,suomessa,suomessa,unknown,suomessa,wordfreq:fi,wordfreq_seeded;deterministically_filtered;structurally_curated
fi,v1,1,86,92,jonka,jonka,jonka,unknown,jonka,wordfreq:fi,wordfreq_seeded;deterministically_filtered;structurally_curated
fi,v1,1,87,93,kuten,kuten,kuten,unknown,kuten,wordfreq:fi,wordfreq_seeded;deterministically_filtered;structurally_curated
fi,v1,1,88,94,miksi,miksi,miksi,unknown,miksi,wordfreq:fi,wordfreq_seeded;deterministically_filtered;structurally_curated
fi,v1,1,89,95,kaksi,kaksi,kaksi,unknown,kaksi,wordfreq:fi,wordfreq_seeded;deterministically_filtered;structurally_curated
fi,v1,1,90,96,lisäksi,lisäksi,lisäksi,unknown,lisäksi,wordfreq:fi,wordfreq_seeded;deterministically_filtered;structurally_curated
fi,v1,1,91,97,taas,taas,taas,unknown,taas,wordfreq:fi,wordfreq_seeded;deterministically_filtered;structurally_curated
fi,v1,1,92,98,tuli,tuli,tuli,unknown,tuli,wordfreq:fi,wordfreq_seeded;deterministically_filtered;structurally_curated
fi,v1,1,93,99,enää,enää,enää,unknown,enää,wordfreq:fi,wordfreq_seeded;deterministically_filtered;structurally_curated
fi,v1,1,94,100,joku,joku,joku,unknown,joku,wordfreq:fi,wordfreq_seeded;deterministically_filtered;structurally_curated
fi,v1,1,95,101,siihen,siihen,siihen,unknown,siihen,wordfreq:fi,wordfreq_seeded;deterministically_filtered;structurally_curated
fi,v1,1,96,102,enemmän,enemmän,enemmän,unknown,enemmän,wordfreq:fi,wordfreq_seeded;deterministically_filtered;structurally_curated
fi,v1,1,97,103,eri,eri,eri,unknown,eri,wordfreq:fi,wordfreq_seeded;deterministically_filtered;structurally_curated
fi,v1,1,98,104,ettei,ettei,ettei,unknown,ettei,wordfreq:fi,wordfreq_seeded;deterministically_filtered;structurally_curated
fi,v1,1,99,105,tästä,tästä,tästä,unknown,tästä,wordfreq:fi,wordfreq_seeded;deterministically_filtered;structurally_curated
fi,v1,1,100,106,he,he,he,unknown,he,wordfreq:fi,wordfreq_seeded;deterministically_filtered;structurally_curated
fi,v1,1,101,107,joten,joten,joten,unknown,joten,wordfreq:fi,wordfreq_seeded;deterministically_filtered;structurally_curated
fi,v1,1,102,108,kiitos,kiitos,kiitos,unknown,kiitos,wordfreq:fi,wordfreq_seeded;deterministically_filtered;structurally_curated
fi,v1,1,103,109,pitäisi,pitäisi,pitäisi,unknown,pitäisi,wordfreq:fi,wordfreq_seeded;deterministically_filtered;structurally_curated
fi,v1,1,104,110,tätä,tätä,tätä,unknown,tätä,wordfreq:fi,wordfreq_seeded;deterministically_filtered;structurally_curated
fi,v1,1,105,111,vastaan,vastaan,vastaan,unknown,vastaan,wordfreq:fi,wordfreq_seeded;deterministically_filtered;structurally_curated
fi,v1,1,106,112,aikana,aikana,aikana,unknown,aikana,wordfreq:fi,wordfreq_seeded;deterministically_filtered;structurally_curated
fi,v1,1,107,113,esimerkiksi,esimerkiksi,esimerkiksi,unknown,esimerkiksi,wordfreq:fi,wordfreq_seeded;deterministically_filtered;structurally_curated
fi,v1,1,108,114,osa,osa,osa,unknown,osa,wordfreq:fi,wordfreq_seeded;deterministically_filtered;structurally_curated
fi,v1,1,109,115,yli,yli,yli,unknown,yli,wordfreq:fi,wordfreq_seeded;deterministically_filtered;structurally_curated
fi,v1,1,110,116,siellä,siellä,siellä,unknown,siellä,wordfreq:fi,wordfreq_seeded;deterministically_filtered;structurally_curated
fi,v1,1,111,117,vai,vai,vai,unknown,vai,wordfreq:fi,wordfreq_seeded;deterministically_filtered;structurally_curated
fi,v1,1,112,119,no,no,no,unknown,no,wordfreq:fi,wordfreq_seeded;deterministically_filtered;structurally_curated
fi,v1,1,113,120,kuinka,kuinka,kuinka,unknown,kuinka,wordfreq:fi,wordfreq_seeded;deterministically_filtered;structurally_curated
fi,v1,1,114,121,pois,pois,pois,unknown,pois,wordfreq:fi,wordfreq_seeded;deterministically_filtered;structurally_curated
fi,v1,1,115,122,suomi,suomi,suomi,unknown,suomi,wordfreq:fi,wordfreq_seeded;deterministically_filtered;structurally_curated
fi,v1,1,116,123,vuotta,vuotta,vuotta,unknown,vuotta,wordfreq:fi,wordfreq_seeded;deterministically_filtered;structurally_curated
fi,v1,1,117,124,aivan,aivan,aivan,unknown,aivan,wordfreq:fi,wordfreq_seeded;deterministically_filtered;structurally_curated
fi,v1,1,118,125,ilman,ilman,ilman,unknown,ilman,wordfreq:fi,wordfreq_seeded;deterministically_filtered;structurally_curated
fi,v1,1,119,126,niitä,niitä,niitä,unknown,niitä,wordfreq:fi,wordfreq_seeded;deterministically_filtered;structurally_curated
fi,v1,1,120,127,edes,edes,edes,unknown,edes,wordfreq:fi,wordfreq_seeded;deterministically_filtered;structurally_curated
fi,v1,1,121,128,mm,mm,mm,unknown,mm,wordfreq:fi,wordfreq_seeded;deterministically_filtered;structurally_curated
fi,v1,1,122,130,lisää,lisää,lisää,unknown,lisää,wordfreq:fi,wordfreq_seeded;deterministically_filtered;structurally_curated
fi,v1,1,123,131,olivat,olivat,olivat,unknown,olivat,wordfreq:fi,wordfreq_seeded;deterministically_filtered;structurally_curated
fi,v1,1,124,132,mies,mies,mies,unknown,mies,wordfreq:fi,wordfreq_seeded;deterministically_filtered;structurally_curated
fi,v1,1,125,133,sai,sai,sai,unknown,sai,wordfreq:fi,wordfreq_seeded;deterministically_filtered;structurally_curated
fi,v1,1,126,134,tällä,tällä,tällä,unknown,tällä,wordfreq:fi,wordfreq_seeded;deterministically_filtered;structurally_curated
fi,v1,1,127,135,aikaa,aikaa,aikaa,unknown,aikaa,wordfreq:fi,wordfreq_seeded;deterministically_filtered;structurally_curated
fi,v1,1,128,136,oikein,oikein,oikein,unknown,oikein,wordfreq:fi,wordfreq_seeded;deterministically_filtered;structurally_curated
fi,v1,1,129,137,todella,todella,todella,unknown,todella,wordfreq:fi,wordfreq_seeded;deterministically_filtered;structurally_curated
fi,v1,1,130,138,minä,minä,minä,unknown,minä,wordfreq:fi,wordfreq_seeded;deterministically_filtered;structurally_curated
fi,v1,1,131,139,täällä,täällä,täällä,unknown,täällä,wordfreq:fi,wordfreq_seeded;deterministically_filtered;structurally_curated
fi,v1,1,132,140,missä,missä,missä,unknown,missä,wordfreq:fi,wordfreq_seeded;deterministically_filtered;structurally_curated
fi,v1,1,133,141,saada,saada,saada,unknown,saada,wordfreq:fi,wordfreq_seeded;deterministically_filtered;structurally_curated
fi,v1,1,134,142,jopa,jopa,jopa,unknown,jopa,wordfreq:fi,wordfreq_seeded;deterministically_filtered;structurally_curated
fi,v1,1,135,143,toinen,toinen,toinen,unknown,toinen,wordfreq:fi,wordfreq_seeded;deterministically_filtered;structurally_curated
fi,v1,1,136,144,ainakin,ainakin,ainakin,unknown,ainakin,wordfreq:fi,wordfreq_seeded;deterministically_filtered;structurally_curated
fi,v1,1,137,145,kautta,kautta,kautta,unknown,kautta,wordfreq:fi,wordfreq_seeded;deterministically_filtered;structurally_curated
fi,v1,1,138,146,tähän,tähän,tähän,unknown,tähän,wordfreq:fi,wordfreq_seeded;deterministically_filtered;structurally_curated
fi,v1,1,139,147,ajan,ajan,ajan,unknown,ajan,wordfreq:fi,wordfreq_seeded;deterministically_filtered;structurally_curated
fi,v1,1,140,148,kolme,kolme,kolme,unknown,kolme,wordfreq:fi,wordfreq_seeded;deterministically_filtered;structurally_curated
fi,v1,1,141,149,me,me,me,unknown,me,wordfreq:fi,wordfreq_seeded;deterministically_filtered;structurally_curated
fi,v1,1,142,150,n,n,n,unknown,n,wordfreq:fi,wordfreq_seeded;deterministically_filtered;structurally_curated
fi,v1,1,143,151,tänään,tänään,tänään,unknown,tänään,wordfreq:fi,wordfreq_seeded;deterministically_filtered;structurally_curated
fi,v1,1,144,153,liian,liian,liian,unknown,liian,wordfreq:fi,wordfreq_seeded;deterministically_filtered;structurally_curated
fi,v1,1,145,154,meillä,meillä,meillä,unknown,meillä,wordfreq:fi,wordfreq_seeded;deterministically_filtered;structurally_curated
fi,v1,1,146,155,ottaa,ottaa,ottaa,unknown,ottaa,wordfreq:fi,wordfreq_seeded;deterministically_filtered;structurally_curated
fi,v1,1,147,156,viime,viime,viime,unknown,viime,wordfreq:fi,wordfreq_seeded;deterministically_filtered;structurally_curated
fi,v1,1,148,157,alkaa,alkaa,alkaa,unknown,alkaa,wordfreq:fi,wordfreq_seeded;deterministically_filtered;structurally_curated
fi,v1,1,149,158,heti,heti,heti,unknown,heti,wordfreq:fi,wordfreq_seeded;deterministically_filtered;structurally_curated
fi,v1,1,150,159,mukana,mukana,mukana,unknown,mukana,wordfreq:fi,wordfreq_seeded;deterministically_filtered;structurally_curated
fi,v1,1,151,160,usein,usein,usein,unknown,usein,wordfreq:fi,wordfreq_seeded;deterministically_filtered;structurally_curated
fi,v1,1,152,161,olevan,olevan,olevan,unknown,olevan,wordfreq:fi,wordfreq_seeded;deterministically_filtered;structurally_curated
fi,v1,1,153,162,tekee,tekee,tekee,unknown,tekee,wordfreq:fi,wordfreq_seeded;deterministically_filtered;structurally_curated
fi,v1,1,154,163,uusi,uusi,uusi,unknown,uusi,wordfreq:fi,wordfreq_seeded;deterministically_filtered;structurally_curated
fi,v1,1,155,164,voisi,voisi,voisi,unknown,voisi,wordfreq:fi,wordfreq_seeded;deterministically_filtered;structurally_curated
fi,v1,1,156,165,antaa,antaa,antaa,unknown,antaa,wordfreq:fi,wordfreq_seeded;deterministically_filtered;structurally_curated
fi,v1,1,157,166,kertaa,kertaa,kertaa,unknown,kertaa,wordfreq:fi,wordfreq_seeded;deterministically_filtered;structurally_curated
fi,v1,1,158,167,koskaan,koskaan,koskaan,unknown,koskaan,wordfreq:fi,wordfreq_seeded;deterministically_filtered;structurally_curated
fi,v1,1,159,168,muuta,muuta,muuta,unknown,muuta,wordfreq:fi,wordfreq_seeded;deterministically_filtered;structurally_curated
fi,v1,1,160,169,nämä,nämä,nämä,unknown,nämä,wordfreq:fi,wordfreq_seeded;deterministically_filtered;structurally_curated
fi,v1,1,161,170,näyttää,näyttää,näyttää,unknown,näyttää,wordfreq:fi,wordfreq_seeded;deterministically_filtered;structurally_curated
fi,v1,1,162,171,olet,olet,olet,unknown,olet,wordfreq:fi,wordfreq_seeded;deterministically_filtered;structurally_curated
fi,v1,1,163,172,heidän,heidän,heidän,unknown,heidän,wordfreq:fi,wordfreq_seeded;deterministically_filtered;structurally_curated
fi,v1,1,164,173,hyvää,hyvää,hyvää,unknown,hyvää,wordfreq:fi,wordfreq_seeded;deterministically_filtered;structurally_curated
fi,v1,1,165,174,menee,menee,menee,unknown,menee,wordfreq:fi,wordfreq_seeded;deterministically_filtered;structurally_curated
fi,v1,1,166,176,a,a,a,unknown,a,wordfreq:fi,wordfreq_seeded;deterministically_filtered;structurally_curated
fi,v1,1,167,177,helsingin,helsingin,helsingin,unknown,helsingin,wordfreq:fi,wordfreq_seeded;deterministically_filtered;structurally_curated
fi,v1,1,168,178,kerran,kerran,kerran,unknown,kerran,wordfreq:fi,wordfreq_seeded;deterministically_filtered;structurally_curated
fi,v1,1,169,179,samalla,samalla,samalla,unknown,samalla,wordfreq:fi,wordfreq_seeded;deterministically_filtered;structurally_curated
fi,v1,1,170,180,silloin,silloin,silloin,unknown,silloin,wordfreq:fi,wordfreq_seeded;deterministically_filtered;structurally_curated
fi,v1,1,171,181,teki,teki,teki,unknown,teki,wordfreq:fi,wordfreq_seeded;deterministically_filtered;structurally_curated
fi,v1,1,172,182,voidaan,voidaan,voidaan,unknown,voidaan,wordfreq:fi,wordfreq_seeded;deterministically_filtered;structurally_curated
fi,v1,1,173,183,mistä,mistä,mistä,unknown,mistä,wordfreq:fi,wordfreq_seeded;deterministically_filtered;structurally_curated
fi,v1,1,174,184,tiedä,tiedä,tiedä,unknown,tiedä,wordfreq:fi,wordfreq_seeded;deterministically_filtered;structurally_curated
fi,v1,1,175,185,välillä,välillä,välillä,unknown,välillä,wordfreq:fi,wordfreq_seeded;deterministically_filtered;structurally_curated
fi,v1,1,176,186,asia,asia,asia,unknown,asia,wordfreq:fi,wordfreq_seeded;deterministically_filtered;structurally_curated
fi,v1,1,177,187,joskus,joskus,joskus,unknown,joskus,wordfreq:fi,wordfreq_seeded;deterministically_filtered;structurally_curated
fi,v1,1,178,188,meidän,meidän,meidän,unknown,meidän,wordfreq:fi,wordfreq_seeded;deterministically_filtered;structurally_curated
fi,v1,1,179,189,muun,muun,muun,unknown,muun,wordfreq:fi,wordfreq_seeded;deterministically_filtered;structurally_curated
fi,v1,1,180,190,niiden,niiden,niiden,unknown,niiden,wordfreq:fi,wordfreq_seeded;deterministically_filtered;structurally_curated
fi,v1,1,181,191,varmasti,varmasti,varmasti,unknown,varmasti,wordfreq:fi,wordfreq_seeded;deterministically_filtered;structurally_curated
fi,v1,1,182,192,hänet,hänet,hänet,unknown,hänet,wordfreq:fi,wordfreq_seeded;deterministically_filtered;structurally_curated
fi,v1,1,183,193,ihmiset,ihmiset,ihmiset,unknown,ihmiset,wordfreq:fi,wordfreq_seeded;deterministically_filtered;structurally_curated
fi,v1,1,184,194,jota,jota,jota,unknown,jota,wordfreq:fi,wordfreq_seeded;deterministically_filtered;structurally_curated
fi,v1,1,185,195,takia,takia,takia,unknown,takia,wordfreq:fi,wordfreq_seeded;deterministically_filtered;structurally_curated
fi,v1,1,186,196,yhtä,yhtä,yhtä,unknown,yhtä,wordfreq:fi,wordfreq_seeded;deterministically_filtered;structurally_curated
fi,v1,1,187,197,kukaan,kukaan,kukaan,unknown,kukaan,wordfreq:fi,wordfreq_seeded;deterministically_filtered;structurally_curated
fi,v1,1,188,198,the,the,the,unknown,the,wordfreq:fi,wordfreq_seeded;deterministically_filtered;structurally_curated
fi,v1,1,189,199,yhdessä,yhdessä,yhdessä,unknown,yhdessä,wordfreq:fi,wordfreq_seeded;deterministically_filtered;structurally_curated
fi,v1,1,190,200,haluaa,haluaa,haluaa,unknown,haluaa,wordfreq:fi,wordfreq_seeded;deterministically_filtered;structurally_curated
fi,v1,1,191,201,muuten,muuten,muuten,unknown,muuten,wordfreq:fi,wordfreq_seeded;deterministically_filtered;structurally_curated
fi,v1,1,192,202,varmaan,varmaan,varmaan,unknown,varmaan,wordfreq:fi,wordfreq_seeded;deterministically_filtered;structurally_curated
fi,v1,1,193,203,hieman,hieman,hieman,unknown,hieman,wordfreq:fi,wordfreq_seeded;deterministically_filtered;structurally_curated
fi,v1,1,194,204,kiinni,kiinni,kiinni,unknown,kiinni,wordfreq:fi,wordfreq_seeded;deterministically_filtered;structurally_curated
fi,v1,1,195,205,käyttää,käyttää,käyttää,unknown,käyttää,wordfreq:fi,wordfreq_seeded;deterministically_filtered;structurally_curated
fi,v1,1,196,206,silti,silti,silti,unknown,silti,wordfreq:fi,wordfreq_seeded;deterministically_filtered;structurally_curated
fi,v1,1,197,207,uuden,uuden,uuden,unknown,uuden,wordfreq:fi,wordfreq_seeded;deterministically_filtered;structurally_curated
fi,v1,1,198,208,voit,voit,voit,unknown,voit,wordfreq:fi,wordfreq_seeded;deterministically_filtered;structurally_curated
fi,v1,1,199,209,aikaan,aikaan,aikaan,unknown,aikaan,wordfreq:fi,wordfreq_seeded;deterministically_filtered;structurally_curated
fi,v1,1,200,210,edelleen,edelleen,edelleen,unknown,edelleen,wordfreq:fi,wordfreq_seeded;deterministically_filtered;structurally_curated
fi,v1,1,201,211,helsinki,helsinki,helsinki,unknown,helsinki,wordfreq:fi,wordfreq_seeded;deterministically_filtered;structurally_curated
fi,v1,1,202,212,pari,pari,pari,unknown,pari,wordfreq:fi,wordfreq_seeded;deterministically_filtered;structurally_curated
fi,v1,1,203,213,päästä,päästä,päästä,unknown,päästä,wordfreq:fi,wordfreq_seeded;deterministically_filtered;structurally_curated
fi,v1,1,204,214,vasta,vasta,vasta,unknown,vasta,wordfreq:fi,wordfreq_seeded;deterministically_filtered;structurally_curated
fi,v1,1,205,215,alle,alle,alle,unknown,alle,wordfreq:fi,wordfreq_seeded;deterministically_filtered;structurally_curated
fi,v1,1,206,216,olin,olin,olin,unknown,olin,wordfreq:fi,wordfreq_seeded;deterministically_filtered;structurally_curated
fi,v1,1,207,217,oma,oma,oma,unknown,oma,wordfreq:fi,wordfreq_seeded;deterministically_filtered;structurally_curated
fi,v1,1,208,218,oman,oman,oman,unknown,oman,wordfreq:fi,wordfreq_seeded;deterministically_filtered;structurally_curated
fi,v1,1,209,219,saanut,saanut,saanut,unknown,saanut,wordfreq:fi,wordfreq_seeded;deterministically_filtered;structurally_curated
fi,v1,1,210,220,suurin,suurin,suurin,unknown,suurin,wordfreq:fi,wordfreq_seeded;deterministically_filtered;structurally_curated
fi,v1,1,211,221,tullut,tullut,tullut,unknown,tullut,wordfreq:fi,wordfreq_seeded;deterministically_filtered;structurally_curated
fi,v1,1,212,222,täysin,täysin,täysin,unknown,täysin,wordfreq:fi,wordfreq_seeded;deterministically_filtered;structurally_curated
fi,v1,1,213,223,vuoksi,vuoksi,vuoksi,unknown,vuoksi,wordfreq:fi,wordfreq_seeded;deterministically_filtered;structurally_curated
fi,v1,1,214,224,yhden,yhden,yhden,unknown,yhden,wordfreq:fi,wordfreq_seeded;deterministically_filtered;structurally_curated
fi,v1,1,215,225,yleensä,yleensä,yleensä,unknown,yleensä,wordfreq:fi,wordfreq_seeded;deterministically_filtered;structurally_curated
fi,v1,1,216,227,asti,asti,asti,unknown,asti,wordfreq:fi,wordfreq_seeded;deterministically_filtered;structurally_curated
fi,v1,1,217,228,kai,kai,kai,unknown,kai,wordfreq:fi,wordfreq_seeded;deterministically_filtered;structurally_curated
fi,v1,1,218,229,kannattaa,kannattaa,kannattaa,unknown,kannattaa,wordfreq:fi,wordfreq_seeded;deterministically_filtered;structurally_curated
fi,v1,1,219,230,lähes,lähes,lähes,unknown,lähes,wordfreq:fi,wordfreq_seeded;deterministically_filtered;structurally_curated
fi,v1,1,220,231,maailman,maailman,maailman,unknown,maailman,wordfreq:fi,wordfreq_seeded;deterministically_filtered;structurally_curated
fi,v1,1,221,232,mennä,mennä,mennä,unknown,mennä,wordfreq:fi,wordfreq_seeded;deterministically_filtered;structurally_curated
fi,v1,1,222,233,paras,paras,paras,unknown,paras,wordfreq:fi,wordfreq_seeded;deterministically_filtered;structurally_curated
fi,v1,1,223,234,tuntuu,tuntuu,tuntuu,unknown,tuntuu,wordfreq:fi,wordfreq_seeded;deterministically_filtered;structurally_curated
fi,v1,1,224,236,katso,katso,katso,unknown,katso,wordfreq:fi,wordfreq_seeded;deterministically_filtered;structurally_curated
fi,v1,1,225,237,kertoo,kertoo,kertoo,unknown,kertoo,wordfreq:fi,wordfreq_seeded;deterministically_filtered;structurally_curated
fi,v1,1,226,238,löytyy,löytyy,löytyy,unknown,löytyy,wordfreq:fi,wordfreq_seeded;deterministically_filtered;structurally_curated
fi,v1,1,227,239,tule,tule,tule,unknown,tule,wordfreq:fi,wordfreq_seeded;deterministically_filtered;structurally_curated
fi,v1,1,228,241,iso,iso,iso,unknown,iso,wordfreq:fi,wordfreq_seeded;deterministically_filtered;structurally_curated
fi,v1,1,229,242,jotta,jotta,jotta,unknown,jotta,wordfreq:fi,wordfreq_seeded;deterministically_filtered;structurally_curated
fi,v1,1,230,243,muut,muut,muut,unknown,muut,wordfreq:fi,wordfreq_seeded;deterministically_filtered;structurally_curated
fi,v1,1,231,244,sama,sama,sama,unknown,sama,wordfreq:fi,wordfreq_seeded;deterministically_filtered;structurally_curated
fi,v1,1,232,245,sanoa,sanoa,sanoa,unknown,sanoa,wordfreq:fi,wordfreq_seeded;deterministically_filtered;structurally_curated
fi,v1,1,233,246,d,d,d,unknown,d,wordfreq:fi,wordfreq_seeded;deterministically_filtered;structurally_curated
fi,v1,1,234,247,ensimmäinen,ensimmäinen,ensimmäinen,unknown,ensimmäinen,wordfreq:fi,wordfreq_seeded;deterministically_filtered;structurally_curated
fi,v1,1,235,248,kuka,kuka,kuka,unknown,kuka,wordfreq:fi,wordfreq_seeded;deterministically_filtered;structurally_curated
fi,v1,1,236,249,käy,käy,käy,unknown,käy,wordfreq:fi,wordfreq_seeded;deterministically_filtered;structurally_curated
fi,v1,1,237,250,siksi,siksi,siksi,unknown,siksi,wordfreq:fi,wordfreq_seeded;deterministically_filtered;structurally_curated
fi,v1,1,238,251,takaisin,takaisin,takaisin,unknown,takaisin,wordfreq:fi,wordfreq_seeded;deterministically_filtered;structurally_curated
fi,v1,1,239,252,toimii,toimii,toimii,unknown,toimii,wordfreq:fi,wordfreq_seeded;deterministically_filtered;structurally_curated
fi,v1,1,240,253,tulla,tulla,tulla,unknown,tulla,wordfreq:fi,wordfreq_seeded;deterministically_filtered;structurally_curated
fi,v1,1,241,254,juttu,juttu,juttu,unknown,juttu,wordfreq:fi,wordfreq_seeded;deterministically_filtered;structurally_curated
fi,v1,1,242,255,nainen,nainen,nainen,unknown,nainen,wordfreq:fi,wordfreq_seeded;deterministically_filtered;structurally_curated
fi,v1,1,243,256,sanoi,sanoi,sanoi,unknown,sanoi,wordfreq:fi,wordfreq_seeded;deterministically_filtered;structurally_curated
fi,v1,1,244,257,sinne,sinne,sinne,unknown,sinne,wordfreq:fi,wordfreq_seeded;deterministically_filtered;structurally_curated
fi,v1,1,245,258,tietää,tietää,tietää,unknown,tietää,wordfreq:fi,wordfreq_seeded;deterministically_filtered;structurally_curated
fi,v1,1,246,259,erittäin,erittäin,erittäin,unknown,erittäin,wordfreq:fi,wordfreq_seeded;deterministically_filtered;structurally_curated
fi,v1,1,247,260,muassa,muassa,muassa,unknown,muassa,wordfreq:fi,wordfreq_seeded;deterministically_filtered;structurally_curated
fi,v1,1,248,261,muita,muita,muita,unknown,muita,wordfreq:fi,wordfreq_seeded;deterministically_filtered;structurally_curated
fi,v1,1,249,262,sanoo,sanoo,sanoo,unknown,sanoo,wordfreq:fi,wordfreq_seeded;deterministically_filtered;structurally_curated
fi,v1,1,250,263,tarvitse,tarvitse,tarvitse,unknown,tarvitse,wordfreq:fi,wordfreq_seeded;deterministically_filtered;structurally_curated
fi,v1,1,251,264,kuuluu,kuuluu,kuuluu,unknown,kuuluu,wordfreq:fi,wordfreq_seeded;deterministically_filtered;structurally_curated
fi,v1,1,252,265,pieni,pieni,pieni,unknown,pieni,wordfreq:fi,wordfreq_seeded;deterministically_filtered;structurally_curated
fi,v1,1,253,266,s,s,s,unknown,s,wordfreq:fi,wordfreq_seeded;deterministically_filtered;structurally_curated
fi,v1,1,254,267,joo,joo,joo,unknown,joo,wordfreq:fi,wordfreq_seeded;deterministically_filtered;structurally_curated
fi,v1,1,255,268,kaiken,kaiken,kaiken,unknown,kaiken,wordfreq:fi,wordfreq_seeded;deterministically_filtered;structurally_curated
fi,v1,1,256,269,meni,meni,meni,unknown,meni,wordfreq:fi,wordfreq_seeded;deterministically_filtered;structurally_curated
fi,v1,1,257,270,myöhemmin,myöhemmin,myöhemmin,unknown,myöhemmin,wordfreq:fi,wordfreq_seeded;deterministically_filtered;structurally_curated
fi,v1,1,258,271,suuri,suuri,suuri,unknown,suuri,wordfreq:fi,wordfreq_seeded;deterministically_filtered;structurally_curated
fi,v1,1,259,272,toisen,toisen,toisen,unknown,toisen,wordfreq:fi,wordfreq_seeded;deterministically_filtered;structurally_curated
fi,v1,1,260,273,ensi,ensi,ensi,unknown,ensi,wordfreq:fi,wordfreq_seeded;deterministically_filtered;structurally_curated
fi,v1,1,261,274,ihmisiä,ihmisiä,ihmisiä,unknown,ihmisiä,wordfreq:fi,wordfreq_seeded;deterministically_filtered;structurally_curated
fi,v1,1,262,275,läpi,läpi,läpi,unknown,läpi,wordfreq:fi,wordfreq_seeded;deterministically_filtered;structurally_curated
fi,v1,1,263,276,minun,minun,minun,unknown,minun,wordfreq:fi,wordfreq_seeded;deterministically_filtered;structurally_curated
fi,v1,1,264,277,osaa,osaa,osaa,unknown,osaa,wordfreq:fi,wordfreq_seeded;deterministically_filtered;structurally_curated
fi,v1,1,265,278,rahaa,rahaa,rahaa,unknown,rahaa,wordfreq:fi,wordfreq_seeded;deterministically_filtered;structurally_curated
fi,v1,1,266,279,asiaa,asiaa,asiaa,unknown,asiaa,wordfreq:fi,wordfreq_seeded;deterministically_filtered;structurally_curated
fi,v1,1,267,280,kyse,kyse,kyse,unknown,kyse,wordfreq:fi,wordfreq_seeded;deterministically_filtered;structurally_curated
fi,v1,1,268,281,piti,piti,piti,unknown,piti,wordfreq:fi,wordfreq_seeded;deterministically_filtered;structurally_curated
fi,v1,1,269,282,päivä,päivä,päivä,unknown,päivä,wordfreq:fi,wordfreq_seeded;deterministically_filtered;structurally_curated
fi,v1,1,270,283,toki,toki,toki,unknown,toki,wordfreq:fi,wordfreq_seeded;deterministically_filtered;structurally_curated
fi,v1,1,271,284,ensin,ensin,ensin,unknown,ensin,wordfreq:fi,wordfreq_seeded;deterministically_filtered;structurally_curated
fi,v1,1,272,285,jolloin,jolloin,jolloin,unknown,jolloin,wordfreq:fi,wordfreq_seeded;deterministically_filtered;structurally_curated
fi,v1,1,273,286,samaa,samaa,samaa,unknown,samaa,wordfreq:fi,wordfreq_seeded;deterministically_filtered;structurally_curated
fi,v1,1,274,287,tosi,tosi,tosi,unknown,tosi,wordfreq:fi,wordfreq_seeded;deterministically_filtered;structurally_curated
fi,v1,1,275,288,täytyy,täytyy,täytyy,unknown,täytyy,wordfreq:fi,wordfreq_seeded;deterministically_filtered;structurally_curated
fi,v1,1,276,289,esim,esim,esim,unknown,esim,wordfreq:fi,wordfreq_seeded;deterministically_filtered;structurally_curated
fi,v1,1,277,290,joita,joita,joita,unknown,joita,wordfreq:fi,wordfreq_seeded;deterministically_filtered;structurally_curated
fi,v1,1,278,291,kuitenkaan,kuitenkaan,kuitenkaan,unknown,kuitenkaan,wordfreq:fi,wordfreq_seeded;deterministically_filtered;structurally_curated
fi,v1,1,279,292,mieltä,mieltä,mieltä,unknown,mieltä,wordfreq:fi,wordfreq_seeded;deterministically_filtered;structurally_curated
fi,v1,1,280,293,muiden,muiden,muiden,unknown,muiden,wordfreq:fi,wordfreq_seeded;deterministically_filtered;structurally_curated
fi,v1,1,281,294,mä,mä,mä,unknown,mä,wordfreq:fi,wordfreq_seeded;deterministically_filtered;structurally_curated
fi,v1,1,282,295,päälle,päälle,päälle,unknown,päälle,wordfreq:fi,wordfreq_seeded;deterministically_filtered;structurally_curated
fi,v1,1,283,296,tavalla,tavalla,tavalla,unknown,tavalla,wordfreq:fi,wordfreq_seeded;deterministically_filtered;structurally_curated
fi,v1,1,284,297,yhä,yhä,yhä,unknown,yhä,wordfreq:fi,wordfreq_seeded;deterministically_filtered;structurally_curated
fi,v1,1,285,298,euroopan,euroopan,euroopan,unknown,euroopan,wordfreq:fi,wordfreq_seeded;deterministically_filtered;structurally_curated
fi,v1,1,286,299,jolla,jolla,jolla,unknown,jolla,wordfreq:fi,wordfreq_seeded;deterministically_filtered;structurally_curated
fi,v1,1,287,300,josta,josta,josta,unknown,josta,wordfreq:fi,wordfreq_seeded;deterministically_filtered;structurally_curated
fi,v1,1,288,301,jää,jää,jää,unknown,jää,wordfreq:fi,wordfreq_seeded;deterministically_filtered;structurally_curated
fi,v1,1,289,302,niistä,niistä,niistä,unknown,niistä,wordfreq:fi,wordfreq_seeded;deterministically_filtered;structurally_curated
fi,v1,1,290,303,näitä,näitä,näitä,unknown,näitä,wordfreq:fi,wordfreq_seeded;deterministically_filtered;structurally_curated
fi,v1,1,291,304,päivän,päivän,päivän,unknown,päivän,wordfreq:fi,wordfreq_seeded;deterministically_filtered;structurally_curated
fi,v1,1,292,305,uutta,uutta,uutta,unknown,uutta,wordfreq:fi,wordfreq_seeded;deterministically_filtered;structurally_curated
fi,v1,1,293,306,voivat,voivat,voivat,unknown,voivat,wordfreq:fi,wordfreq_seeded;deterministically_filtered;structurally_curated
fi,v1,1,294,308,asioita,asioita,asioita,unknown,asioita,wordfreq:fi,wordfreq_seeded;deterministically_filtered;structurally_curated
fi,v1,1,295,309,mun,mun,mun,unknown,mun,wordfreq:fi,wordfreq_seeded;deterministically_filtered;structurally_curated
fi,v1,1,296,310,nopeasti,nopeasti,nopeasti,unknown,nopeasti,wordfreq:fi,wordfreq_seeded;deterministically_filtered;structurally_curated
fi,v1,1,297,311,parempi,parempi,parempi,unknown,parempi,wordfreq:fi,wordfreq_seeded;deterministically_filtered;structurally_curated
fi,v1,1,298,312,tehnyt,tehnyt,tehnyt,unknown,tehnyt,wordfreq:fi,wordfreq_seeded;deterministically_filtered;structurally_curated
fi,v1,1,299,313,venäjän,venäjän,venäjän,unknown,venäjän,wordfreq:fi,wordfreq_seeded;deterministically_filtered;structurally_curated
fi,v1,1,300,315,alkoi,alkoi,alkoi,unknown,alkoi,wordfreq:fi,wordfreq_seeded;deterministically_filtered;structurally_curated
fi,v1,1,301,316,euroa,euroa,euroa,unknown,euroa,wordfreq:fi,wordfreq_seeded;deterministically_filtered;structurally_curated
fi,v1,1,302,317,joissa,joissa,joissa,unknown,joissa,wordfreq:fi,wordfreq_seeded;deterministically_filtered;structurally_curated
fi,v1,1,303,318,jäi,jäi,jäi,unknown,jäi,wordfreq:fi,wordfreq_seeded;deterministically_filtered;structurally_curated
fi,v1,1,304,319,maan,maan,maan,unknown,maan,wordfreq:fi,wordfreq_seeded;deterministically_filtered;structurally_curated
fi,v1,1,305,320,mihin,mihin,mihin,unknown,mihin,wordfreq:fi,wordfreq_seeded;deterministically_filtered;structurally_curated
fi,v1,1,306,321,määrä,määrä,määrä,unknown,määrä,wordfreq:fi,wordfreq_seeded;deterministically_filtered;structurally_curated
fi,v1,1,307,322,naisten,naisten,naisten,unknown,naisten,wordfreq:fi,wordfreq_seeded;deterministically_filtered;structurally_curated
fi,v1,1,308,323,neljä,neljä,neljä,unknown,neljä,wordfreq:fi,wordfreq_seeded;deterministically_filtered;structurally_curated
fi,v1,1,309,324,olemme,olemme,olemme,unknown,olemme,wordfreq:fi,wordfreq_seeded;deterministically_filtered;structurally_curated
fi,v1,1,310,325,saattaa,saattaa,saattaa,unknown,saattaa,wordfreq:fi,wordfreq_seeded;deterministically_filtered;structurally_curated
fi,v1,1,311,326,suoraan,suoraan,suoraan,unknown,suoraan,wordfreq:fi,wordfreq_seeded;deterministically_filtered;structurally_curated
fi,v1,1,312,327,totta,totta,totta,unknown,totta,wordfreq:fi,wordfreq_seeded;deterministically_filtered;structurally_curated
fi,v1,1,313,328,eikö,eikö,eikö,unknown,eikö,wordfreq:fi,wordfreq_seeded;deterministically_filtered;structurally_curated
fi,v1,1,314,329,ikinä,ikinä,ikinä,unknown,ikinä,wordfreq:fi,wordfreq_seeded;deterministically_filtered;structurally_curated
fi,v1,1,315,330,joiden,joiden,joiden,unknown,joiden,wordfreq:fi,wordfreq_seeded;deterministically_filtered;structurally_curated
fi,v1,1,316,331,of,of,of,unknown,of,wordfreq:fi,wordfreq_seeded;deterministically_filtered;structurally_curated
fi,v1,1,317,332,sijaan,sijaan,sijaan,unknown,sijaan,wordfreq:fi,wordfreq_seeded;deterministically_filtered;structurally_curated
fi,v1,1,318,333,suomalainen,suomalainen,suomalainen,unknown,suomalainen,wordfreq:fi,wordfreq_seeded;deterministically_filtered;structurally_curated
fi,v1,1,319,334,tarkoittaa,tarkoittaa,tarkoittaa,unknown,tarkoittaa,wordfreq:fi,wordfreq_seeded;deterministically_filtered;structurally_curated
fi,v1,1,320,335,tehty,tehty,tehty,unknown,tehty,wordfreq:fi,wordfreq_seeded;deterministically_filtered;structurally_curated
fi,v1,1,321,336,erityisesti,erityisesti,erityisesti,unknown,erityisesti,wordfreq:fi,wordfreq_seeded;deterministically_filtered;structurally_curated
fi,v1,1,322,337,halua,halua,halua,unknown,halua,wordfreq:fi,wordfreq_seeded;deterministically_filtered;structurally_curated
fi,v1,1,323,338,kaikkien,kaikkien,kaikkien,unknown,kaikkien,wordfreq:fi,wordfreq_seeded;deterministically_filtered;structurally_curated
fi,v1,1,324,339,mahdollista,mahdollista,mahdollista,unknown,mahdollista,wordfreq:fi,wordfreq_seeded;deterministically_filtered;structurally_curated
fi,v1,1,325,340,mielestä,mielestä,mielestä,unknown,mielestä,wordfreq:fi,wordfreq_seeded;deterministically_filtered;structurally_curated
fi,v1,1,326,341,muista,muista,muista,unknown,muista,wordfreq:fi,wordfreq_seeded;deterministically_filtered;structurally_curated
fi,v1,1,327,342,tehdään,tehdään,tehdään,unknown,tehdään,wordfreq:fi,wordfreq_seeded;deterministically_filtered;structurally_curated
fi,v1,1,328,343,tilanne,tilanne,tilanne,unknown,tilanne,wordfreq:fi,wordfreq_seeded;deterministically_filtered;structurally_curated
fi,v1,1,329,344,vaikuttaa,vaikuttaa,vaikuttaa,unknown,vaikuttaa,wordfreq:fi,wordfreq_seeded;deterministically_filtered;structurally_curated
fi,v1,1,330,345,älä,älä,älä,unknown,älä,wordfreq:fi,wordfreq_seeded;deterministically_filtered;structurally_curated
fi,v1,1,331,346,aiemmin,aiemmin,aiemmin,unknown,aiemmin,wordfreq:fi,wordfreq_seeded;deterministically_filtered;structurally_curated
fi,v1,1,332,347,kuva,kuva,kuva,unknown,kuva,wordfreq:fi,wordfreq_seeded;deterministically_filtered;structurally_curated
fi,v1,1,333,348,maksaa,maksaa,maksaa,unknown,maksaa,wordfreq:fi,wordfreq_seeded;deterministically_filtered;structurally_curated
fi,v1,1,334,349,minkä,minkä,minkä,unknown,minkä,wordfreq:fi,wordfreq_seeded;deterministically_filtered;structurally_curated
fi,v1,1,335,350,nähdä,nähdä,nähdä,unknown,nähdä,wordfreq:fi,wordfreq_seeded;deterministically_filtered;structurally_curated
fi,v1,1,336,351,paikka,paikka,paikka,unknown,paikka,wordfreq:fi,wordfreq_seeded;deterministically_filtered;structurally_curated
fi,v1,1,337,352,poliisi,poliisi,poliisi,unknown,poliisi,wordfreq:fi,wordfreq_seeded;deterministically_filtered;structurally_curated
fi,v1,1,338,353,sinä,sinä,sinä,unknown,sinä,wordfreq:fi,wordfreq_seeded;deterministically_filtered;structurally_curated
fi,v1,1,339,354,uusia,uusia,uusia,unknown,uusia,wordfreq:fi,wordfreq_seeded;deterministically_filtered;structurally_curated
fi,v1,1,340,355,varten,varten,varten,unknown,varten,wordfreq:fi,wordfreq_seeded;deterministically_filtered;structurally_curated
fi,v1,1,341,356,ainoa,ainoa,ainoa,unknown,ainoa,wordfreq:fi,wordfreq_seeded;deterministically_filtered;structurally_curated
fi,v1,1,342,357,häntä,häntä,häntä,unknown,häntä,wordfreq:fi,wordfreq_seeded;deterministically_filtered;structurally_curated
fi,v1,1,343,358,mikään,mikään,mikään,unknown,mikään,wordfreq:fi,wordfreq_seeded;deterministically_filtered;structurally_curated
fi,v1,1,344,359,oikeasti,oikeasti,oikeasti,unknown,oikeasti,wordfreq:fi,wordfreq_seeded;deterministically_filtered;structurally_curated
fi,v1,1,345,360,ollaan,ollaan,ollaan,unknown,ollaan,wordfreq:fi,wordfreq_seeded;deterministically_filtered;structurally_curated
fi,v1,1,346,361,pakko,pakko,pakko,unknown,pakko,wordfreq:fi,wordfreq_seeded;deterministically_filtered;structurally_curated
fi,v1,1,347,362,paremmin,paremmin,paremmin,unknown,paremmin,wordfreq:fi,wordfreq_seeded;deterministically_filtered;structurally_curated
fi,v1,1,348,363,perusteella,perusteella,perusteella,unknown,perusteella,wordfreq:fi,wordfreq_seeded;deterministically_filtered;structurally_curated
fi,v1,1,349,364,pian,pian,pian,unknown,pian,wordfreq:fi,wordfreq_seeded;deterministically_filtered;structurally_curated
fi,v1,1,350,365,tosin,tosin,tosin,unknown,tosin,wordfreq:fi,wordfreq_seeded;deterministically_filtered;structurally_curated
fi,v1,1,351,366,tuon,tuon,tuon,unknown,tuon,wordfreq:fi,wordfreq_seeded;deterministically_filtered;structurally_curated
fi,v1,1,352,367,tänä,tänä,tänä,unknown,tänä,wordfreq:fi,wordfreq_seeded;deterministically_filtered;structurally_curated
fi,v1,1,353,368,kauden,kauden,kauden,unknown,kauden,wordfreq:fi,wordfreq_seeded;deterministically_filtered;structurally_curated
fi,v1,1,354,369,lopulta,lopulta,lopulta,unknown,lopulta,wordfreq:fi,wordfreq_seeded;deterministically_filtered;structurally_curated
fi,v1,1,355,370,päivää,päivää,päivää,unknown,päivää,wordfreq:fi,wordfreq_seeded;deterministically_filtered;structurally_curated
fi,v1,1,356,371,hetkellä,hetkellä,hetkellä,unknown,hetkellä,wordfreq:fi,wordfreq_seeded;deterministically_filtered;structurally_curated
fi,v1,1,357,372,ihminen,ihminen,ihminen,unknown,ihminen,wordfreq:fi,wordfreq_seeded;deterministically_filtered;structurally_curated
fi,v1,1,358,373,kaikille,kaikille,kaikille,unknown,kaikille,wordfreq:fi,wordfreq_seeded;deterministically_filtered;structurally_curated
fi,v1,1,359,374,kovin,kovin,kovin,unknown,kovin,wordfreq:fi,wordfreq_seeded;deterministically_filtered;structurally_curated
fi,v1,1,360,375,olleet,olleet,olleet,unknown,olleet,wordfreq:fi,wordfreq_seeded;deterministically_filtered;structurally_curated
fi,v1,1,361,376,enkä,enkä,enkä,unknown,enkä,wordfreq:fi,wordfreq_seeded;deterministically_filtered;structurally_curated
fi,v1,1,362,377,hei,hei,hei,unknown,hei,wordfreq:fi,wordfreq_seeded;deterministically_filtered;structurally_curated
fi,v1,1,363,378,in,in,in,unknown,in,wordfreq:fi,wordfreq_seeded;deterministically_filtered;structurally_curated
fi,v1,1,364,379,kahden,kahden,kahden,unknown,kahden,wordfreq:fi,wordfreq_seeded;deterministically_filtered;structurally_curated
fi,v1,1,365,380,minulle,minulle,minulle,unknown,minulle,wordfreq:fi,wordfreq_seeded;deterministically_filtered;structurally_curated
fi,v1,1,366,381,onkin,onkin,onkin,unknown,onkin,wordfreq:fi,wordfreq_seeded;deterministically_filtered;structurally_curated
fi,v1,1,367,382,sain,sain,sain,unknown,sain,wordfreq:fi,wordfreq_seeded;deterministically_filtered;structurally_curated
fi,v1,1,368,383,suomeen,suomeen,suomeen,unknown,suomeen,wordfreq:fi,wordfreq_seeded;deterministically_filtered;structurally_curated
fi,v1,1,369,384,toimi,toimi,toimi,unknown,toimi,wordfreq:fi,wordfreq_seeded;deterministically_filtered;structurally_curated
fi,v1,1,370,385,asiasta,asiasta,asiasta,unknown,asiasta,wordfreq:fi,wordfreq_seeded;deterministically_filtered;structurally_curated
fi,v1,1,371,386,ihmisten,ihmisten,ihmisten,unknown,ihmisten,wordfreq:fi,wordfreq_seeded;deterministically_filtered;structurally_curated
fi,v1,1,372,387,miehen,miehen,miehen,unknown,miehen,wordfreq:fi,wordfreq_seeded;deterministically_filtered;structurally_curated
fi,v1,1,373,388,nimi,nimi,nimi,unknown,nimi,wordfreq:fi,wordfreq_seeded;deterministically_filtered;structurally_curated
fi,v1,1,374,389,onneksi,onneksi,onneksi,unknown,onneksi,wordfreq:fi,wordfreq_seeded;deterministically_filtered;structurally_curated
fi,v1,1,375,390,ruotsin,ruotsin,ruotsin,unknown,ruotsin,wordfreq:fi,wordfreq_seeded;deterministically_filtered;structurally_curated
fi,v1,1,376,391,sinun,sinun,sinun,unknown,sinun,wordfreq:fi,wordfreq_seeded;deterministically_filtered;structurally_curated
fi,v1,1,377,392,tahansa,tahansa,tahansa,unknown,tahansa,wordfreq:fi,wordfreq_seeded;deterministically_filtered;structurally_curated
fi,v1,1,378,393,tapahtuu,tapahtuu,tapahtuu,unknown,tapahtuu,wordfreq:fi,wordfreq_seeded;deterministically_filtered;structurally_curated
fi,v1,1,379,394,ulos,ulos,ulos,unknown,ulos,wordfreq:fi,wordfreq_seeded;deterministically_filtered;structurally_curated
fi,v1,1,380,395,viikon,viikon,viikon,unknown,viikon,wordfreq:fi,wordfreq_seeded;deterministically_filtered;structurally_curated
fi,v1,1,381,396,yhtään,yhtään,yhtään,unknown,yhtään,wordfreq:fi,wordfreq_seeded;deterministically_filtered;structurally_curated
fi,v1,1,382,397,luvun,luvun,luvun,unknown,luvun,wordfreq:fi,wordfreq_seeded;deterministically_filtered;structurally_curated
fi,v1,1,383,398,monet,monet,monet,unknown,monet,wordfreq:fi,wordfreq_seeded;deterministically_filtered;structurally_curated
fi,v1,1,384,399,monta,monta,monta,unknown,monta,wordfreq:fi,wordfreq_seeded;deterministically_filtered;structurally_curated
fi,v1,1,385,400,suomalaiset,suomalaiset,suomalaiset,unknown,suomalaiset,wordfreq:fi,wordfreq_seeded;deterministically_filtered;structurally_curated
fi,v1,1,386,401,tee,tee,tee,unknown,tee,wordfreq:fi,wordfreq_seeded;deterministically_filtered;structurally_curated
fi,v1,1,387,402,vanha,vanha,vanha,unknown,vanha,wordfreq:fi,wordfreq_seeded;deterministically_filtered;structurally_curated
fi,v1,1,388,403,verran,verran,verran,unknown,verran,wordfreq:fi,wordfreq_seeded;deterministically_filtered;structurally_curated
fi,v1,1,389,404,viisi,viisi,viisi,unknown,viisi,wordfreq:fi,wordfreq_seeded;deterministically_filtered;structurally_curated
fi,v1,1,390,405,auttaa,auttaa,auttaa,unknown,auttaa,wordfreq:fi,wordfreq_seeded;deterministically_filtered;structurally_curated
fi,v1,1,391,406,avulla,avulla,avulla,unknown,avulla,wordfreq:fi,wordfreq_seeded;deterministically_filtered;structurally_curated
fi,v1,1,392,407,ensimmäisen,ensimmäisen,ensimmäisen,unknown,ensimmäisen,wordfreq:fi,wordfreq_seeded;deterministically_filtered;structurally_curated
fi,v1,1,393,408,hallituksen,hallituksen,hallituksen,unknown,hallituksen,wordfreq:fi,wordfreq_seeded;deterministically_filtered;structurally_curated
fi,v1,1,394,409,joista,joista,joista,unknown,joista,wordfreq:fi,wordfreq_seeded;deterministically_filtered;structurally_curated
fi,v1,1,395,410,kaikkea,kaikkea,kaikkea,unknown,kaikkea,wordfreq:fi,wordfreq_seeded;deterministically_filtered;structurally_curated
fi,v1,1,396,411,kaupungin,kaupungin,kaupungin,unknown,kaupungin,wordfreq:fi,wordfreq_seeded;deterministically_filtered;structurally_curated
fi,v1,1,397,412,meille,meille,meille,unknown,meille,wordfreq:fi,wordfreq_seeded;deterministically_filtered;structurally_curated
fi,v1,1,398,413,minulla,minulla,minulla,unknown,minulla,wordfreq:fi,wordfreq_seeded;deterministically_filtered;structurally_curated
fi,v1,1,399,414,naiset,naiset,naiset,unknown,naiset,wordfreq:fi,wordfreq_seeded;deterministically_filtered;structurally_curated
fi,v1,1,400,415,nykyään,nykyään,nykyään,unknown,nykyään,wordfreq:fi,wordfreq_seeded;deterministically_filtered;structurally_curated
fi,v1,1,401,416,poika,poika,poika,unknown,poika,wordfreq:fi,wordfreq_seeded;deterministically_filtered;structurally_curated
fi,v1,1,402,417,puolesta,puolesta,puolesta,unknown,puolesta,wordfreq:fi,wordfreq_seeded;deterministically_filtered;structurally_curated
fi,v1,1,403,418,sieltä,sieltä,sieltä,unknown,sieltä,wordfreq:fi,wordfreq_seeded;deterministically_filtered;structurally_curated
fi,v1,1,404,419,tietoa,tietoa,tietoa,unknown,tietoa,wordfreq:fi,wordfreq_seeded;deterministically_filtered;structurally_curated
fi,v1,1,405,420,tuota,tuota,tuota,unknown,tuota,wordfreq:fi,wordfreq_seeded;deterministically_filtered;structurally_curated
fi,v1,1,406,421,usko,usko,usko,unknown,usko,wordfreq:fi,wordfreq_seeded;deterministically_filtered;structurally_curated
fi,v1,1,407,422,voin,voin,voin,unknown,voin,wordfreq:fi,wordfreq_seeded;deterministically_filtered;structurally_curated
fi,v1,1,408,423,äiti,äiti,äiti,unknown,äiti,wordfreq:fi,wordfreq_seeded;deterministically_filtered;structurally_curated
fi,v1,1,409,424,anna,anna,anna,unknown,anna,wordfreq:fi,wordfreq_seeded;deterministically_filtered;structurally_curated
fi,v1,1,410,425,asiat,asiat,asiat,unknown,asiat,wordfreq:fi,wordfreq_seeded;deterministically_filtered;structurally_curated
fi,v1,1,411,426,kiva,kiva,kiva,unknown,kiva,wordfreq:fi,wordfreq_seeded;deterministically_filtered;structurally_curated
fi,v1,1,412,427,kotiin,kotiin,kotiin,unknown,kotiin,wordfreq:fi,wordfreq_seeded;deterministically_filtered;structurally_curated
fi,v1,1,413,428,lasten,lasten,lasten,unknown,lasten,wordfreq:fi,wordfreq_seeded;deterministically_filtered;structurally_curated
fi,v1,1,414,429,liikaa,liikaa,liikaa,unknown,liikaa,wordfreq:fi,wordfreq_seeded;deterministically_filtered;structurally_curated
fi,v1,1,415,430,moni,moni,moni,unknown,moni,wordfreq:fi,wordfreq_seeded;deterministically_filtered;structurally_curated
fi,v1,1,416,431,pidä,pidä,pidä,unknown,pidä,wordfreq:fi,wordfreq_seeded;deterministically_filtered;structurally_curated
fi,v1,1,417,432,pohjois,pohjois,pohjois,unknown,pohjois,wordfreq:fi,wordfreq_seeded;deterministically_filtered;structurally_curated
fi,v1,1,418,433,saat,saat,saat,unknown,saat,wordfreq:fi,wordfreq_seeded;deterministically_filtered;structurally_curated
fi,v1,1,419,434,vaikea,vaikea,vaikea,unknown,vaikea,wordfreq:fi,wordfreq_seeded;deterministically_filtered;structurally_curated
fi,v1,1,420,435,valtion,valtion,valtion,unknown,valtion,wordfreq:fi,wordfreq_seeded;deterministically_filtered;structurally_curated
fi,v1,1,421,436,vuosi,vuosi,vuosi,unknown,vuosi,wordfreq:fi,wordfreq_seeded;deterministically_filtered;structurally_curated
fi,v1,1,422,437,alussa,alussa,alussa,unknown,alussa,wordfreq:fi,wordfreq_seeded;deterministically_filtered;structurally_curated
fi,v1,1,423,438,kohti,kohti,kohti,unknown,kohti,wordfreq:fi,wordfreq_seeded;deterministically_filtered;structurally_curated
fi,v1,1,424,439,lähellä,lähellä,lähellä,unknown,lähellä,wordfreq:fi,wordfreq_seeded;deterministically_filtered;structurally_curated
fi,v1,1,425,440,ohi,ohi,ohi,unknown,ohi,wordfreq:fi,wordfreq_seeded;deterministically_filtered;structurally_curated
fi,v1,1,426,441,pitkään,pitkään,pitkään,unknown,pitkään,wordfreq:fi,wordfreq_seeded;deterministically_filtered;structurally_curated
fi,v1,1,427,442,pääsee,pääsee,pääsee,unknown,pääsee,wordfreq:fi,wordfreq_seeded;deterministically_filtered;structurally_curated
fi,v1,1,428,443,samaan,samaan,samaan,unknown,samaan,wordfreq:fi,wordfreq_seeded;deterministically_filtered;structurally_curated
fi,v1,1,429,444,tulisi,tulisi,tulisi,unknown,tulisi,wordfreq:fi,wordfreq_seeded;deterministically_filtered;structurally_curated
fi,v1,1,430,445,uutiset,uutiset,uutiset,unknown,uutiset,wordfreq:fi,wordfreq_seeded;deterministically_filtered;structurally_curated
fi,v1,1,431,447,alla,alla,alla,unknown,alla,wordfreq:fi,wordfreq_seeded;deterministically_filtered;structurally_curated
fi,v1,1,432,448,asian,asian,asian,unknown,asian,wordfreq:fi,wordfreq_seeded;deterministically_filtered;structurally_curated
fi,v1,1,433,449,helposti,helposti,helposti,unknown,helposti,wordfreq:fi,wordfreq_seeded;deterministically_filtered;structurally_curated
fi,v1,1,434,450,huono,huono,huono,unknown,huono,wordfreq:fi,wordfreq_seeded;deterministically_filtered;structurally_curated
fi,v1,1,435,451,johon,johon,johon,unknown,johon,wordfreq:fi,wordfreq_seeded;deterministically_filtered;structurally_curated
fi,v1,1,436,452,jokainen,jokainen,jokainen,unknown,jokainen,wordfreq:fi,wordfreq_seeded;deterministically_filtered;structurally_curated
fi,v1,1,437,453,joko,joko,joko,unknown,joko,wordfreq:fi,wordfreq_seeded;deterministically_filtered;structurally_curated
fi,v1,1,438,454,jonkun,jonkun,jonkun,unknown,jonkun,wordfreq:fi,wordfreq_seeded;deterministically_filtered;structurally_curated
fi,v1,1,439,455,jälleen,jälleen,jälleen,unknown,jälleen,wordfreq:fi,wordfreq_seeded;deterministically_filtered;structurally_curated
fi,v1,1,440,456,miesten,miesten,miesten,unknown,miesten,wordfreq:fi,wordfreq_seeded;deterministically_filtered;structurally_curated
fi,v1,1,441,457,riittää,riittää,riittää,unknown,riittää,wordfreq:fi,wordfreq_seeded;deterministically_filtered;structurally_curated
fi,v1,1,442,458,takana,takana,takana,unknown,takana,wordfreq:fi,wordfreq_seeded;deterministically_filtered;structurally_curated
fi,v1,1,443,459,to,to,to,unknown,to,wordfreq:fi,wordfreq_seeded;deterministically_filtered;structurally_curated
fi,v1,1,444,460,toivottavasti,toivottavasti,toivottavasti,unknown,toivottavasti,wordfreq:fi,wordfreq_seeded;deterministically_filtered;structurally_curated
fi,v1,1,445,461,työtä,työtä,työtä,unknown,työtä,wordfreq:fi,wordfreq_seeded;deterministically_filtered;structurally_curated
fi,v1,1,446,462,tänne,tänne,tänne,unknown,tänne,wordfreq:fi,wordfreq_seeded;deterministically_filtered;structurally_curated
fi,v1,1,447,463,tää,tää,tää,unknown,tää,wordfreq:fi,wordfreq_seeded;deterministically_filtered;structurally_curated
fi,v1,1,448,464,töitä,töitä,töitä,unknown,töitä,wordfreq:fi,wordfreq_seeded;deterministically_filtered;structurally_curated
fi,v1,1,449,465,vittu,vittu,vittu,unknown,vittu,wordfreq:fi,wordfreq_seeded;deterministically_filtered;structurally_curated
fi,v1,1,450,466,auto,auto,auto,unknown,auto,wordfreq:fi,wordfreq_seeded;deterministically_filtered;structurally_curated
fi,v1,1,451,467,hyviä,hyviä,hyviä,unknown,hyviä,wordfreq:fi,wordfreq_seeded;deterministically_filtered;structurally_curated
fi,v1,1,452,468,kohta,kohta,kohta,unknown,kohta,wordfreq:fi,wordfreq_seeded;deterministically_filtered;structurally_curated
fi,v1,1,453,469,kävi,kävi,kävi,unknown,kävi,wordfreq:fi,wordfreq_seeded;deterministically_filtered;structurally_curated
fi,v1,1,454,470,käydä,käydä,käydä,unknown,käydä,wordfreq:fi,wordfreq_seeded;deterministically_filtered;structurally_curated
fi,v1,1,455,471,melkein,melkein,melkein,unknown,melkein,wordfreq:fi,wordfreq_seeded;deterministically_filtered;structurally_curated
fi,v1,1,456,472,miljoonaa,miljoonaa,miljoonaa,unknown,miljoonaa,wordfreq:fi,wordfreq_seeded;deterministically_filtered;structurally_curated
fi,v1,1,457,473,minua,minua,minua,unknown,minua,wordfreq:fi,wordfreq_seeded;deterministically_filtered;structurally_curated
fi,v1,1,458,474,ongelma,ongelma,ongelma,unknown,ongelma,wordfreq:fi,wordfreq_seeded;deterministically_filtered;structurally_curated
fi,v1,1,459,475,paitsi,paitsi,paitsi,unknown,paitsi,wordfreq:fi,wordfreq_seeded;deterministically_filtered;structurally_curated
fi,v1,1,460,476,sellainen,sellainen,sellainen,unknown,sellainen,wordfreq:fi,wordfreq_seeded;deterministically_filtered;structurally_curated
fi,v1,1,461,477,t,t,t,unknown,t,wordfreq:fi,wordfreq_seeded;deterministically_filtered;structurally_curated
fi,v1,1,462,478,yrittää,yrittää,yrittää,unknown,yrittää,wordfreq:fi,wordfreq_seeded;deterministically_filtered;structurally_curated
fi,v1,1,463,479,eilen,eilen,eilen,unknown,eilen,wordfreq:fi,wordfreq_seeded;deterministically_filtered;structurally_curated
fi,v1,1,464,480,emme,emme,emme,unknown,emme,wordfreq:fi,wordfreq_seeded;deterministically_filtered;structurally_curated
fi,v1,1,465,481,etelä,etelä,etelä,unknown,etelä,wordfreq:fi,wordfreq_seeded;deterministically_filtered;structurally_curated
fi,v1,1,466,482,hallitus,hallitus,hallitus,unknown,hallitus,wordfreq:fi,wordfreq_seeded;deterministically_filtered;structurally_curated
fi,v1,1,467,483,i,i,i,unknown,i,wordfreq:fi,wordfreq_seeded;deterministically_filtered;structurally_curated
fi,v1,1,468,484,kunnes,kunnes,kunnes,unknown,kunnes,wordfreq:fi,wordfreq_seeded;deterministically_filtered;structurally_curated
fi,v1,1,469,485,laittaa,laittaa,laittaa,unknown,laittaa,wordfreq:fi,wordfreq_seeded;deterministically_filtered;structurally_curated
fi,v1,1,470,486,lapset,lapset,lapset,unknown,lapset,wordfreq:fi,wordfreq_seeded;deterministically_filtered;structurally_curated
fi,v1,1,471,487,oikea,oikea,oikea,unknown,oikea,wordfreq:fi,wordfreq_seeded;deterministically_filtered;structurally_curated
fi,v1,1,472,488,omaa,omaa,omaa,unknown,omaa,wordfreq:fi,wordfreq_seeded;deterministically_filtered;structurally_curated
fi,v1,1,473,489,ostaa,ostaa,ostaa,unknown,ostaa,wordfreq:fi,wordfreq_seeded;deterministically_filtered;structurally_curated
fi,v1,1,474,490,prosenttia,prosenttia,prosenttia,unknown,prosenttia,wordfreq:fi,wordfreq_seeded;deterministically_filtered;structurally_curated
fi,v1,1,475,491,seuraa,seuraa,seuraa,unknown,seuraa,wordfreq:fi,wordfreq_seeded;deterministically_filtered;structurally_curated
fi,v1,1,476,492,siltä,siltä,siltä,unknown,siltä,wordfreq:fi,wordfreq_seeded;deterministically_filtered;structurally_curated
fi,v1,1,477,493,tietysti,tietysti,tietysti,unknown,tietysti,wordfreq:fi,wordfreq_seeded;deterministically_filtered;structurally_curated
fi,v1,1,478,494,alueella,alueella,alueella,unknown,alueella,wordfreq:fi,wordfreq_seeded;deterministically_filtered;structurally_curated
fi,v1,1,479,495,e,e,e,unknown,e,wordfreq:fi,wordfreq_seeded;deterministically_filtered;structurally_curated
fi,v1,1,480,496,eniten,eniten,eniten,unknown,eniten,wordfreq:fi,wordfreq_seeded;deterministically_filtered;structurally_curated
fi,v1,1,481,497,klo,klo,klo,unknown,klo,wordfreq:fi,wordfreq_seeded;deterministically_filtered;structurally_curated
fi,v1,1,482,498,kotona,kotona,kotona,unknown,kotona,wordfreq:fi,wordfreq_seeded;deterministically_filtered;structurally_curated
fi,v1,1,483,499,kysymys,kysymys,kysymys,unknown,kysymys,wordfreq:fi,wordfreq_seeded;deterministically_filtered;structurally_curated
fi,v1,1,484,500,miehet,miehet,miehet,unknown,miehet,wordfreq:fi,wordfreq_seeded;deterministically_filtered;structurally_curated
fi,v1,1,485,501,päivänä,päivänä,päivänä,unknown,päivänä,wordfreq:fi,wordfreq_seeded;deterministically_filtered;structurally_curated
fi,v1,1,486,502,useita,useita,useita,unknown,useita,wordfreq:fi,wordfreq_seeded;deterministically_filtered;structurally_curated
fi,v1,1,487,503,yhteydessä,yhteydessä,yhteydessä,unknown,yhteydessä,wordfreq:fi,wordfreq_seeded;deterministically_filtered;structurally_curated
fi,v1,1,488,504,apua,apua,apua,unknown,apua,wordfreq:fi,wordfreq_seeded;deterministically_filtered;structurally_curated
fi,v1,1,489,505,huolimatta,huolimatta,huolimatta,unknown,huolimatta,wordfreq:fi,wordfreq_seeded;deterministically_filtered;structurally_curated
fi,v1,1,490,506,ihmisen,ihmisen,ihmisen,unknown,ihmisen,wordfreq:fi,wordfreq_seeded;deterministically_filtered;structurally_curated
fi,v1,1,491,507,joilla,joilla,joilla,unknown,joilla,wordfreq:fi,wordfreq_seeded;deterministically_filtered;structurally_curated
fi,v1,1,492,508,kauan,kauan,kauan,unknown,kauan,wordfreq:fi,wordfreq_seeded;deterministically_filtered;structurally_curated
fi,v1,1,493,509,käyttöön,käyttöön,käyttöön,unknown,käyttöön,wordfreq:fi,wordfreq_seeded;deterministically_filtered;structurally_curated
fi,v1,1,494,510,maa,maa,maa,unknown,maa,wordfreq:fi,wordfreq_seeded;deterministically_filtered;structurally_curated
fi,v1,1,495,511,melko,melko,melko,unknown,melko,wordfreq:fi,wordfreq_seeded;deterministically_filtered;structurally_curated
fi,v1,1,496,512,minusta,minusta,minusta,unknown,minusta,wordfreq:fi,wordfreq_seeded;deterministically_filtered;structurally_curated
fi,v1,1,497,513,molemmat,molemmat,molemmat,unknown,molemmat,wordfreq:fi,wordfreq_seeded;deterministically_filtered;structurally_curated
fi,v1,1,498,514,saadaan,saadaan,saadaan,unknown,saadaan,wordfreq:fi,wordfreq_seeded;deterministically_filtered;structurally_curated
fi,v1,1,499,515,sille,sille,sille,unknown,sille,wordfreq:fi,wordfreq_seeded;deterministically_filtered;structurally_curated
fi,v1,1,500,516,sinulle,sinulle,sinulle,unknown,sinulle,wordfreq:fi,wordfreq_seeded;deterministically_filtered;structurally_curated
fi,v1,1,501,517,syy,syy,syy,unknown,syy,wordfreq:fi,wordfreq_seeded;deterministically_filtered;structurally_curated
fi,v1,1,502,518,syytä,syytä,syytä,unknown,syytä,wordfreq:fi,wordfreq_seeded;deterministically_filtered;structurally_curated
fi,v1,1,503,519,tekemään,tekemään,tekemään,unknown,tekemään,wordfreq:fi,wordfreq_seeded;deterministically_filtered;structurally_curated
fi,v1,1,504,520,tuntia,tuntia,tuntia,unknown,tuntia,wordfreq:fi,wordfreq_seeded;deterministically_filtered;structurally_curated
fi,v1,1,505,522,eu,eu,eu,unknown,eu,wordfreq:fi,wordfreq_seeded;deterministically_filtered;structurally_curated
fi,v1,1,506,523,hienoa,hienoa,hienoa,unknown,hienoa,wordfreq:fi,wordfreq_seeded;deterministically_filtered;structurally_curated
fi,v1,1,507,524,hänellä,hänellä,hänellä,unknown,hänellä,wordfreq:fi,wordfreq_seeded;deterministically_filtered;structurally_curated
fi,v1,1,508,525,jättää,jättää,jättää,unknown,jättää,wordfreq:fi,wordfreq_seeded;deterministically_filtered;structurally_curated
fi,v1,1,509,526,kello,kello,kello,unknown,kello,wordfreq:fi,wordfreq_seeded;deterministically_filtered;structurally_curated
fi,v1,1,510,527,kyseessä,kyseessä,kyseessä,unknown,kyseessä,wordfreq:fi,wordfreq_seeded;deterministically_filtered;structurally_curated
fi,v1,1,511,528,lähinnä,lähinnä,lähinnä,unknown,lähinnä,wordfreq:fi,wordfreq_seeded;deterministically_filtered;structurally_curated
fi,v1,1,512,529,lähteä,lähteä,lähteä,unknown,lähteä,wordfreq:fi,wordfreq_seeded;deterministically_filtered;structurally_curated
fi,v1,1,513,530,m,m,m,unknown,m,wordfreq:fi,wordfreq_seeded;deterministically_filtered;structurally_curated
fi,v1,1,514,531,muutama,muutama,muutama,unknown,muutama,wordfreq:fi,wordfreq_seeded;deterministically_filtered;structurally_curated
fi,v1,1,515,532,myötä,myötä,myötä,unknown,myötä,wordfreq:fi,wordfreq_seeded;deterministically_filtered;structurally_curated
fi,v1,1,516,533,new,new,new,unknown,new,wordfreq:fi,wordfreq_seeded;deterministically_filtered;structurally_curated
fi,v1,1,517,534,saavat,saavat,saavat,unknown,saavat,wordfreq:fi,wordfreq_seeded;deterministically_filtered;structurally_curated
fi,v1,1,518,535,sun,sun,sun,unknown,sun,wordfreq:fi,wordfreq_seeded;deterministically_filtered;structurally_curated
fi,v1,1,519,536,toi,toi,toi,unknown,toi,wordfreq:fi,wordfreq_seeded;deterministically_filtered;structurally_curated
fi,v1,1,520,537,tulevat,tulevat,tulevat,unknown,tulevat,wordfreq:fi,wordfreq_seeded;deterministically_filtered;structurally_curated
fi,v1,1,521,538,tulossa,tulossa,tulossa,unknown,tulossa,wordfreq:fi,wordfreq_seeded;deterministically_filtered;structurally_curated
fi,v1,1,522,539,vastaa,vastaa,vastaa,unknown,vastaa,wordfreq:fi,wordfreq_seeded;deterministically_filtered;structurally_curated
fi,v1,1,523,540,voinut,voinut,voinut,unknown,voinut,wordfreq:fi,wordfreq_seeded;deterministically_filtered;structurally_curated
fi,v1,1,524,541,vähemmän,vähemmän,vähemmän,unknown,vähemmän,wordfreq:fi,wordfreq_seeded;deterministically_filtered;structurally_curated
fi,v1,1,525,542,yksin,yksin,yksin,unknown,yksin,wordfreq:fi,wordfreq_seeded;deterministically_filtered;structurally_curated
fi,v1,1,526,543,ymmärrä,ymmärrä,ymmärrä,unknown,ymmärrä,wordfreq:fi,wordfreq_seeded;deterministically_filtered;structurally_curated
fi,v1,1,527,544,helsingissä,helsingissä,helsingissä,unknown,helsingissä,wordfreq:fi,wordfreq_seeded;deterministically_filtered;structurally_curated
fi,v1,1,528,545,huomenna,huomenna,huomenna,unknown,huomenna,wordfreq:fi,wordfreq_seeded;deterministically_filtered;structurally_curated
fi,v1,1,529,546,jatkaa,jatkaa,jatkaa,unknown,jatkaa,wordfreq:fi,wordfreq_seeded;deterministically_filtered;structurally_curated
fi,v1,1,530,547,kuoli,kuoli,kuoli,unknown,kuoli,wordfreq:fi,wordfreq_seeded;deterministically_filtered;structurally_curated
fi,v1,1,531,548,näiden,näiden,näiden,unknown,näiden,wordfreq:fi,wordfreq_seeded;deterministically_filtered;structurally_curated
fi,v1,1,532,549,ota,ota,ota,unknown,ota,wordfreq:fi,wordfreq_seeded;deterministically_filtered;structurally_curated
fi,v1,1,533,550,oy,oy,oy,unknown,oy,wordfreq:fi,wordfreq_seeded;deterministically_filtered;structurally_curated
fi,v1,1,534,551,saman,saman,saman,unknown,saman,wordfreq:fi,wordfreq_seeded;deterministically_filtered;structurally_curated
fi,v1,1,535,552,sisällä,sisällä,sisällä,unknown,sisällä,wordfreq:fi,wordfreq_seeded;deterministically_filtered;structurally_curated
fi,v1,1,536,553,tapauksessa,tapauksessa,tapauksessa,unknown,tapauksessa,wordfreq:fi,wordfreq_seeded;deterministically_filtered;structurally_curated
fi,v1,1,537,554,tyttö,tyttö,tyttö,unknown,tyttö,wordfreq:fi,wordfreq_seeded;deterministically_filtered;structurally_curated
fi,v1,1,538,555,tärkeää,tärkeää,tärkeää,unknown,tärkeää,wordfreq:fi,wordfreq_seeded;deterministically_filtered;structurally_curated
fi,v1,1,539,556,c,c,c,unknown,c,wordfreq:fi,wordfreq_seeded;deterministically_filtered;structurally_curated
fi,v1,1,540,557,elää,elää,elää,unknown,elää,wordfreq:fi,wordfreq_seeded;deterministically_filtered;structurally_curated
fi,v1,1,541,558,hänelle,hänelle,hänelle,unknown,hänelle,wordfreq:fi,wordfreq_seeded;deterministically_filtered;structurally_curated
fi,v1,1,542,559,kokonaan,kokonaan,kokonaan,unknown,kokonaan,wordfreq:fi,wordfreq_seeded;deterministically_filtered;structurally_curated
fi,v1,1,543,560,löytää,löytää,löytää,unknown,löytää,wordfreq:fi,wordfreq_seeded;deterministically_filtered;structurally_curated
fi,v1,1,544,561,muu,muu,muu,unknown,muu,wordfreq:fi,wordfreq_seeded;deterministically_filtered;structurally_curated
fi,v1,1,545,562,naisen,naisen,naisen,unknown,naisen,wordfreq:fi,wordfreq_seeded;deterministically_filtered;structurally_curated
fi,v1,1,546,563,oleva,oleva,oleva,unknown,oleva,wordfreq:fi,wordfreq_seeded;deterministically_filtered;structurally_curated
fi,v1,1,547,564,pitkä,pitkä,pitkä,unknown,pitkä,wordfreq:fi,wordfreq_seeded;deterministically_filtered;structurally_curated
fi,v1,1,548,565,päällä,päällä,päällä,unknown,päällä,wordfreq:fi,wordfreq_seeded;deterministically_filtered;structurally_curated
fi,v1,1,549,566,toisaalta,toisaalta,toisaalta,unknown,toisaalta,wordfreq:fi,wordfreq_seeded;deterministically_filtered;structurally_curated
fi,v1,1,550,567,vaatii,vaatii,vaatii,unknown,vaatii,wordfreq:fi,wordfreq_seeded;deterministically_filtered;structurally_curated
fi,v1,1,551,568,valmis,valmis,valmis,unknown,valmis,wordfreq:fi,wordfreq_seeded;deterministically_filtered;structurally_curated
fi,v1,1,552,569,video,video,video,unknown,video,wordfreq:fi,wordfreq_seeded;deterministically_filtered;structurally_curated
fi,v1,1,553,570,yhteensä,yhteensä,yhteensä,unknown,yhteensä,wordfreq:fi,wordfreq_seeded;deterministically_filtered;structurally_curated
fi,v1,1,554,571,edessä,edessä,edessä,unknown,edessä,wordfreq:fi,wordfreq_seeded;deterministically_filtered;structurally_curated
fi,v1,1,555,572,itsensä,itsensä,itsensä,unknown,itsensä,wordfreq:fi,wordfreq_seeded;deterministically_filtered;structurally_curated
fi,v1,1,556,573,jossain,jossain,jossain,unknown,jossain,wordfreq:fi,wordfreq_seeded;deterministically_filtered;structurally_curated
fi,v1,1,557,574,muutaman,muutaman,muutaman,unknown,muutaman,wordfreq:fi,wordfreq_seeded;deterministically_filtered;structurally_curated
fi,v1,1,558,575,pitänyt,pitänyt,pitänyt,unknown,pitänyt,wordfreq:fi,wordfreq_seeded;deterministically_filtered;structurally_curated
fi,v1,1,559,576,tapa,tapa,tapa,unknown,tapa,wordfreq:fi,wordfreq_seeded;deterministically_filtered;structurally_curated
fi,v1,1,560,577,tarkoitus,tarkoitus,tarkoitus,unknown,tarkoitus,wordfreq:fi,wordfreq_seeded;deterministically_filtered;structurally_curated
fi,v1,1,561,578,tarpeeksi,tarpeeksi,tarpeeksi,unknown,tarpeeksi,wordfreq:fi,wordfreq_seeded;deterministically_filtered;structurally_curated
fi,v1,1,562,579,tuskin,tuskin,tuskin,unknown,tuskin,wordfreq:fi,wordfreq_seeded;deterministically_filtered;structurally_curated
fi,v1,1,563,580,tv,tv,tv,unknown,tv,wordfreq:fi,wordfreq_seeded;deterministically_filtered;structurally_curated
fi,v1,1,564,581,uudelleen,uudelleen,uudelleen,unknown,uudelleen,wordfreq:fi,wordfreq_seeded;deterministically_filtered;structurally_curated
fi,v1,1,565,582,vaiheessa,vaiheessa,vaiheessa,unknown,vaiheessa,wordfreq:fi,wordfreq_seeded;deterministically_filtered;structurally_curated
fi,v1,1,566,583,ainakaan,ainakaan,ainakaan,unknown,ainakaan,wordfreq:fi,wordfreq_seeded;deterministically_filtered;structurally_curated
fi,v1,1,567,584,auton,auton,auton,unknown,auton,wordfreq:fi,wordfreq_seeded;deterministically_filtered;structurally_curated
fi,v1,1,568,585,b,b,b,unknown,b,wordfreq:fi,wordfreq_seeded;deterministically_filtered;structurally_curated
fi,v1,1,569,586,hyvät,hyvät,hyvät,unknown,hyvät,wordfreq:fi,wordfreq_seeded;deterministically_filtered;structurally_curated
fi,v1,1,570,587,isä,isä,isä,unknown,isä,wordfreq:fi,wordfreq_seeded;deterministically_filtered;structurally_curated
fi,v1,1,571,588,kasvaa,kasvaa,kasvaa,unknown,kasvaa,wordfreq:fi,wordfreq_seeded;deterministically_filtered;structurally_curated
fi,v1,1,572,589,kymmenen,kymmenen,kymmenen,unknown,kymmenen,wordfreq:fi,wordfreq_seeded;deterministically_filtered;structurally_curated
fi,v1,1,573,590,käytetään,käytetään,käytetään,unknown,käytetään,wordfreq:fi,wordfreq_seeded;deterministically_filtered;structurally_curated
fi,v1,1,574,591,loppuun,loppuun,loppuun,unknown,loppuun,wordfreq:fi,wordfreq_seeded;deterministically_filtered;structurally_curated
fi,v1,1,575,592,luvulla,luvulla,luvulla,unknown,luvulla,wordfreq:fi,wordfreq_seeded;deterministically_filtered;structurally_curated
fi,v1,1,576,593,lähtee,lähtee,lähtee,unknown,lähtee,wordfreq:fi,wordfreq_seeded;deterministically_filtered;structurally_curated
fi,v1,1,577,594,lähti,lähti,lähti,unknown,lähti,wordfreq:fi,wordfreq_seeded;deterministically_filtered;structurally_curated
fi,v1,1,578,595,nuorten,nuorten,nuorten,unknown,nuorten,wordfreq:fi,wordfreq_seeded;deterministically_filtered;structurally_curated
fi,v1,1,579,596,näistä,näistä,näistä,unknown,näistä,wordfreq:fi,wordfreq_seeded;deterministically_filtered;structurally_curated
fi,v1,1,580,597,olisin,olisin,olisin,unknown,olisin,wordfreq:fi,wordfreq_seeded;deterministically_filtered;structurally_curated
fi,v1,1,581,598,oo,oo,oo,unknown,oo,wordfreq:fi,wordfreq_seeded;deterministically_filtered;structurally_curated
fi,v1,1,582,599,sellaista,sellaista,sellaista,unknown,sellaista,wordfreq:fi,wordfreq_seeded;deterministically_filtered;structurally_curated
fi,v1,1,583,600,sisään,sisään,sisään,unknown,sisään,wordfreq:fi,wordfreq_seeded;deterministically_filtered;structurally_curated
fi,v1,1,584,601,tarvitaan,tarvitaan,tarvitaan,unknown,tarvitaan,wordfreq:fi,wordfreq_seeded;deterministically_filtered;structurally_curated
fi,v1,1,585,602,viikolla,viikolla,viikolla,unknown,viikolla,wordfreq:fi,wordfreq_seeded;deterministically_filtered;structurally_curated
fi,v1,1,586,603,ala,ala,ala,unknown,ala,wordfreq:fi,wordfreq_seeded;deterministically_filtered;structurally_curated
fi,v1,1,587,604,and,and,and,unknown,and,wordfreq:fi,wordfreq_seeded;deterministically_filtered;structurally_curated
fi,v1,1,588,605,eteenpäin,eteenpäin,eteenpäin,unknown,eteenpäin,wordfreq:fi,wordfreq_seeded;deterministically_filtered;structurally_curated
fi,v1,1,589,606,heitä,heitä,heitä,unknown,heitä,wordfreq:fi,wordfreq_seeded;deterministically_filtered;structurally_curated
fi,v1,1,590,607,hieno,hieno,hieno,unknown,hieno,wordfreq:fi,wordfreq_seeded;deterministically_filtered;structurally_curated
fi,v1,1,591,608,hinta,hinta,hinta,unknown,hinta,wordfreq:fi,wordfreq_seeded;deterministically_filtered;structurally_curated
fi,v1,1,592,609,ilmeisesti,ilmeisesti,ilmeisesti,unknown,ilmeisesti,wordfreq:fi,wordfreq_seeded;deterministically_filtered;structurally_curated
fi,v1,1,593,610,kertoi,kertoi,kertoi,unknown,kertoi,wordfreq:fi,wordfreq_seeded;deterministically_filtered;structurally_curated
fi,v1,1,594,611,lapsen,lapsen,lapsen,unknown,lapsen,wordfreq:fi,wordfreq_seeded;deterministically_filtered;structurally_curated
fi,v1,1,595,612,muuttaa,muuttaa,muuttaa,unknown,muuttaa,wordfreq:fi,wordfreq_seeded;deterministically_filtered;structurally_curated
fi,v1,1,596,613,päässä,päässä,päässä,unknown,päässä,wordfreq:fi,wordfreq_seeded;deterministically_filtered;structurally_curated
fi,v1,1,597,614,samoin,samoin,samoin,unknown,samoin,wordfreq:fi,wordfreq_seeded;deterministically_filtered;structurally_curated
fi,v1,1,598,615,taitaa,taitaa,taitaa,unknown,taitaa,wordfreq:fi,wordfreq_seeded;deterministically_filtered;structurally_curated
fi,v1,1,599,616,tietenkin,tietenkin,tietenkin,unknown,tietenkin,wordfreq:fi,wordfreq_seeded;deterministically_filtered;structurally_curated
fi,v1,1,600,617,tuolla,tuolla,tuolla,unknown,tuolla,wordfreq:fi,wordfreq_seeded;deterministically_filtered;structurally_curated
fi,v1,1,601,618,täältä,täältä,täältä,unknown,täältä,wordfreq:fi,wordfreq_seeded;deterministically_filtered;structurally_curated
fi,v1,1,602,619,venäjä,venäjä,venäjä,unknown,venäjä,wordfreq:fi,wordfreq_seeded;deterministically_filtered;structurally_curated
fi,v1,1,603,620,alan,alan,alan,unknown,alan,wordfreq:fi,wordfreq_seeded;deterministically_filtered;structurally_curated
fi,v1,1,604,621,alkaen,alkaen,alkaen,unknown,alkaen,wordfreq:fi,wordfreq_seeded;deterministically_filtered;structurally_curated
fi,v1,1,605,622,elämä,elämä,elämä,unknown,elämä,wordfreq:fi,wordfreq_seeded;deterministically_filtered;structurally_curated
fi,v1,1,606,623,helppo,helppo,helppo,unknown,helppo,wordfreq:fi,wordfreq_seeded;deterministically_filtered;structurally_curated
fi,v1,1,607,624,jotenkin,jotenkin,jotenkin,unknown,jotenkin,wordfreq:fi,wordfreq_seeded;deterministically_filtered;structurally_curated
fi,v1,1,608,625,k,k,k,unknown,k,wordfreq:fi,wordfreq_seeded;deterministically_filtered;structurally_curated
fi,v1,1,609,626,kaikkia,kaikkia,kaikkia,unknown,kaikkia,wordfreq:fi,wordfreq_seeded;deterministically_filtered;structurally_curated
fi,v1,1,610,627,kaupunki,kaupunki,kaupunki,unknown,kaupunki,wordfreq:fi,wordfreq_seeded;deterministically_filtered;structurally_curated
fi,v1,1,611,628,kirjoittaa,kirjoittaa,kirjoittaa,unknown,kirjoittaa,wordfreq:fi,wordfreq_seeded;deterministically_filtered;structurally_curated
fi,v1,1,612,629,käytännössä,käytännössä,käytännössä,unknown,käytännössä,wordfreq:fi,wordfreq_seeded;deterministically_filtered;structurally_curated
fi,v1,1,613,630,mahdollisuus,mahdollisuus,mahdollisuus,unknown,mahdollisuus,wordfreq:fi,wordfreq_seeded;deterministically_filtered;structurally_curated
fi,v1,1,614,631,mennessä,mennessä,mennessä,unknown,mennessä,wordfreq:fi,wordfreq_seeded;deterministically_filtered;structurally_curated
fi,v1,1,615,632,odottaa,odottaa,odottaa,unknown,odottaa,wordfreq:fi,wordfreq_seeded;deterministically_filtered;structurally_curated
fi,v1,1,616,633,olemaan,olemaan,olemaan,unknown,olemaan,wordfreq:fi,wordfreq_seeded;deterministically_filtered;structurally_curated
fi,v1,1,617,634,parasta,parasta,parasta,unknown,parasta,wordfreq:fi,wordfreq_seeded;deterministically_filtered;structurally_curated
fi,v1,1,618,635,pysty,pysty,pysty,unknown,pysty,wordfreq:fi,wordfreq_seeded;deterministically_filtered;structurally_curated
fi,v1,1,619,636,tunnin,tunnin,tunnin,unknown,tunnin,wordfreq:fi,wordfreq_seeded;deterministically_filtered;structurally_curated
fi,v1,1,620,637,v,v,v,unknown,v,wordfreq:fi,wordfreq_seeded;deterministically_filtered;structurally_curated
fi,v1,1,621,638,varsinkin,varsinkin,varsinkin,unknown,varsinkin,wordfreq:fi,wordfreq_seeded;deterministically_filtered;structurally_curated
fi,v1,1,622,639,vuodessa,vuodessa,vuodessa,unknown,vuodessa,wordfreq:fi,wordfreq_seeded;deterministically_filtered;structurally_curated
fi,v1,1,623,640,x,x,x,unknown,x,wordfreq:fi,wordfreq_seeded;deterministically_filtered;structurally_curated
fi,v1,1,624,641,etenkin,etenkin,etenkin,unknown,etenkin,wordfreq:fi,wordfreq_seeded;deterministically_filtered;structurally_curated
fi,v1,1,625,642,ilta,ilta,ilta,unknown,ilta,wordfreq:fi,wordfreq_seeded;deterministically_filtered;structurally_curated
fi,v1,1,626,643,johtaa,johtaa,johtaa,unknown,johtaa,wordfreq:fi,wordfreq_seeded;deterministically_filtered;structurally_curated
fi,v1,1,627,644,katsoa,katsoa,katsoa,unknown,katsoa,wordfreq:fi,wordfreq_seeded;deterministically_filtered;structurally_curated
fi,v1,1,628,645,kesken,kesken,kesken,unknown,kesken,wordfreq:fi,wordfreq_seeded;deterministically_filtered;structurally_curated
fi,v1,1,629,646,kuulostaa,kuulostaa,kuulostaa,unknown,kuulostaa,wordfreq:fi,wordfreq_seeded;deterministically_filtered;structurally_curated
fi,v1,1,630,647,käytössä,käytössä,käytössä,unknown,käytössä,wordfreq:fi,wordfreq_seeded;deterministically_filtered;structurally_curated
fi,v1,1,631,648,mennään,mennään,mennään,unknown,mennään,wordfreq:fi,wordfreq_seeded;deterministically_filtered;structurally_curated
fi,v1,1,632,649,mikäli,mikäli,mikäli,unknown,mikäli,wordfreq:fi,wordfreq_seeded;deterministically_filtered;structurally_curated
fi,v1,1,633,650,näkyy,näkyy,näkyy,unknown,näkyy,wordfreq:fi,wordfreq_seeded;deterministically_filtered;structurally_curated
fi,v1,1,634,651,p,p,p,unknown,p,wordfreq:fi,wordfreq_seeded;deterministically_filtered;structurally_curated
fi,v1,1,635,652,peli,peli,peli,unknown,peli,wordfreq:fi,wordfreq_seeded;deterministically_filtered;structurally_curated
fi,v1,1,636,653,puoli,puoli,puoli,unknown,puoli,wordfreq:fi,wordfreq_seeded;deterministically_filtered;structurally_curated
fi,v1,1,637,654,päin,päin,päin,unknown,päin,wordfreq:fi,wordfreq_seeded;deterministically_filtered;structurally_curated
fi,v1,1,638,655,siten,siten,siten,unknown,siten,wordfreq:fi,wordfreq_seeded;deterministically_filtered;structurally_curated
fi,v1,1,639,656,sm,sm,sm,unknown,sm,wordfreq:fi,wordfreq_seeded;deterministically_filtered;structurally_curated
fi,v1,1,640,658,kannalta,kannalta,kannalta,unknown,kannalta,wordfreq:fi,wordfreq_seeded;deterministically_filtered;structurally_curated
fi,v1,1,641,659,kaudella,kaudella,kaudella,unknown,kaudella,wordfreq:fi,wordfreq_seeded;deterministically_filtered;structurally_curated
fi,v1,1,642,660,mielestäni,mielestäni,mielestäni,unknown,mielestäni,wordfreq:fi,wordfreq_seeded;deterministically_filtered;structurally_curated
fi,v1,1,643,661,minuuttia,minuuttia,minuuttia,unknown,minuuttia,wordfreq:fi,wordfreq_seeded;deterministically_filtered;structurally_curated
fi,v1,1,644,662,musta,musta,musta,unknown,musta,wordfreq:fi,wordfreq_seeded;deterministically_filtered;structurally_curated
fi,v1,1,645,663,mut,mut,mut,unknown,mut,wordfreq:fi,wordfreq_seeded;deterministically_filtered;structurally_curated
fi,v1,1,646,664,nousi,nousi,nousi,unknown,nousi,wordfreq:fi,wordfreq_seeded;deterministically_filtered;structurally_curated
fi,v1,1,647,665,nuo,nuo,nuo,unknown,nuo,wordfreq:fi,wordfreq_seeded;deterministically_filtered;structurally_curated
fi,v1,1,648,666,oikeus,oikeus,oikeus,unknown,oikeus,wordfreq:fi,wordfreq_seeded;deterministically_filtered;structurally_curated
fi,v1,1,649,667,olemassa,olemassa,olemassa,unknown,olemassa,wordfreq:fi,wordfreq_seeded;deterministically_filtered;structurally_curated
fi,v1,1,650,668,omat,omat,omat,unknown,omat,wordfreq:fi,wordfreq_seeded;deterministically_filtered;structurally_curated
fi,v1,1,651,669,oon,oon,oon,unknown,oon,wordfreq:fi,wordfreq_seeded;deterministically_filtered;structurally_curated
fi,v1,1,652,670,puhua,puhua,puhua,unknown,puhua,wordfreq:fi,wordfreq_seeded;deterministically_filtered;structurally_curated
fi,v1,1,653,671,puolella,puolella,puolella,unknown,puolella,wordfreq:fi,wordfreq_seeded;deterministically_filtered;structurally_curated
fi,v1,1,654,672,sinua,sinua,sinua,unknown,sinua,wordfreq:fi,wordfreq_seeded;deterministically_filtered;structurally_curated
fi,v1,1,655,673,työ,työ,työ,unknown,työ,wordfreq:fi,wordfreq_seeded;deterministically_filtered;structurally_curated
fi,v1,1,656,674,täynnä,täynnä,täynnä,unknown,täynnä,wordfreq:fi,wordfreq_seeded;deterministically_filtered;structurally_curated
fi,v1,1,657,675,vie,vie,vie,unknown,vie,wordfreq:fi,wordfreq_seeded;deterministically_filtered;structurally_curated
fi,v1,1,658,676,viimeinen,viimeinen,viimeinen,unknown,viimeinen,wordfreq:fi,wordfreq_seeded;deterministically_filtered;structurally_curated
fi,v1,1,659,677,voitti,voitti,voitti,unknown,voitti,wordfreq:fi,wordfreq_seeded;deterministically_filtered;structurally_curated
fi,v1,1,660,678,yhteen,yhteen,yhteen,unknown,yhteen,wordfreq:fi,wordfreq_seeded;deterministically_filtered;structurally_curated
fi,v1,1,661,679,antoi,antoi,antoi,unknown,antoi,wordfreq:fi,wordfreq_seeded;deterministically_filtered;structurally_curated
fi,v1,1,662,680,eihän,eihän,eihän,unknown,eihän,wordfreq:fi,wordfreq_seeded;deterministically_filtered;structurally_curated
fi,v1,1,663,681,h,h,h,unknown,h,wordfreq:fi,wordfreq_seeded;deterministically_filtered;structurally_curated
fi,v1,1,664,682,haluavat,haluavat,haluavat,unknown,haluavat,wordfreq:fi,wordfreq_seeded;deterministically_filtered;structurally_curated
fi,v1,1,665,683,hyvän,hyvän,hyvän,unknown,hyvän,wordfreq:fi,wordfreq_seeded;deterministically_filtered;structurally_curated
fi,v1,1,666,684,kuusi,kuusi,kuusi,unknown,kuusi,wordfreq:fi,wordfreq_seeded;deterministically_filtered;structurally_curated
fi,v1,1,667,685,kuvan,kuvan,kuvan,unknown,kuvan,wordfreq:fi,wordfreq_seeded;deterministically_filtered;structurally_curated
fi,v1,1,668,686,lapsi,lapsi,lapsi,unknown,lapsi,wordfreq:fi,wordfreq_seeded;deterministically_filtered;structurally_curated
fi,v1,1,669,687,mieleen,mieleen,mieleen,unknown,mieleen,wordfreq:fi,wordfreq_seeded;deterministically_filtered;structurally_curated
fi,v1,1,670,688,mulla,mulla,mulla,unknown,mulla,wordfreq:fi,wordfreq_seeded;deterministically_filtered;structurally_curated
fi,v1,1,671,689,ongelmia,ongelmia,ongelmia,unknown,ongelmia,wordfreq:fi,wordfreq_seeded;deterministically_filtered;structurally_curated
fi,v1,1,672,690,otti,otti,otti,unknown,otti,wordfreq:fi,wordfreq_seeded;deterministically_filtered;structurally_curated
fi,v1,1,673,691,puolet,puolet,puolet,unknown,puolet,wordfreq:fi,wordfreq_seeded;deterministically_filtered;structurally_curated
fi,v1,1,674,692,saisi,saisi,saisi,unknown,saisi,wordfreq:fi,wordfreq_seeded;deterministically_filtered;structurally_curated
fi,v1,1,675,693,selvästi,selvästi,selvästi,unknown,selvästi,wordfreq:fi,wordfreq_seeded;deterministically_filtered;structurally_curated
fi,v1,1,676,694,tunne,tunne,tunne,unknown,tunne,wordfreq:fi,wordfreq_seeded;deterministically_filtered;structurally_curated
fi,v1,1,677,695,työn,työn,työn,unknown,työn,wordfreq:fi,wordfreq_seeded;deterministically_filtered;structurally_curated
fi,v1,1,678,696,ajaa,ajaa,ajaa,unknown,ajaa,wordfreq:fi,wordfreq_seeded;deterministically_filtered;structurally_curated
fi,v1,1,679,697,asiassa,asiassa,asiassa,unknown,asiassa,wordfreq:fi,wordfreq_seeded;deterministically_filtered;structurally_curated
fi,v1,1,680,698,haluan,haluan,haluan,unknown,haluan,wordfreq:fi,wordfreq_seeded;deterministically_filtered;structurally_curated
fi,v1,1,681,699,haluat,haluat,haluat,unknown,haluat,wordfreq:fi,wordfreq_seeded;deterministically_filtered;structurally_curated
fi,v1,1,682,701,kohtaan,kohtaan,kohtaan,unknown,kohtaan,wordfreq:fi,wordfreq_seeded;deterministically_filtered;structurally_curated
fi,v1,1,683,702,kova,kova,kova,unknown,kova,wordfreq:fi,wordfreq_seeded;deterministically_filtered;structurally_curated
fi,v1,1,684,703,lue,lue,lue,unknown,lue,wordfreq:fi,wordfreq_seeded;deterministically_filtered;structurally_curated
fi,v1,1,685,704,mennyt,mennyt,mennyt,unknown,mennyt,wordfreq:fi,wordfreq_seeded;deterministically_filtered;structurally_curated
fi,v1,1,686,705,nähnyt,nähnyt,nähnyt,unknown,nähnyt,wordfreq:fi,wordfreq_seeded;deterministically_filtered;structurally_curated
fi,v1,1,687,706,yritys,yritys,yritys,unknown,yritys,wordfreq:fi,wordfreq_seeded;deterministically_filtered;structurally_curated
fi,v1,1,688,708,aiheesta,aiheesta,aiheesta,unknown,aiheesta,wordfreq:fi,wordfreq_seeded;deterministically_filtered;structurally_curated
fi,v1,1,689,709,ainoastaan,ainoastaan,ainoastaan,unknown,ainoastaan,wordfreq:fi,wordfreq_seeded;deterministically_filtered;structurally_curated
fi,v1,1,690,710,auki,auki,auki,unknown,auki,wordfreq:fi,wordfreq_seeded;deterministically_filtered;structurally_curated
fi,v1,1,691,711,ihmistä,ihmistä,ihmistä,unknown,ihmistä,wordfreq:fi,wordfreq_seeded;deterministically_filtered;structurally_curated
fi,v1,1,692,712,kertoa,kertoa,kertoa,unknown,kertoa,wordfreq:fi,wordfreq_seeded;deterministically_filtered;structurally_curated
fi,v1,1,693,713,lähde,lähde,lähde,unknown,lähde,wordfreq:fi,wordfreq_seeded;deterministically_filtered;structurally_curated
fi,v1,1,694,714,maassa,maassa,maassa,unknown,maassa,wordfreq:fi,wordfreq_seeded;deterministically_filtered;structurally_curated
fi,v1,1,695,715,milloin,milloin,milloin,unknown,milloin,wordfreq:fi,wordfreq_seeded;deterministically_filtered;structurally_curated
fi,v1,1,696,716,nuori,nuori,nuori,unknown,nuori,wordfreq:fi,wordfreq_seeded;deterministically_filtered;structurally_curated
fi,v1,1,697,717,onhan,onhan,onhan,unknown,onhan,wordfreq:fi,wordfreq_seeded;deterministically_filtered;structurally_curated
fi,v1,1,698,718,pelin,pelin,pelin,unknown,pelin,wordfreq:fi,wordfreq_seeded;deterministically_filtered;structurally_curated
fi,v1,1,699,719,pääsi,pääsi,pääsi,unknown,pääsi,wordfreq:fi,wordfreq_seeded;deterministically_filtered;structurally_curated
fi,v1,1,700,720,tampere,tampere,tampere,unknown,tampere,wordfreq:fi,wordfreq_seeded;deterministically_filtered;structurally_curated
fi,v1,1,701,721,toimintaa,toimintaa,toimintaa,unknown,toimintaa,wordfreq:fi,wordfreq_seeded;deterministically_filtered;structurally_curated
fi,v1,1,702,722,toista,toista,toista,unknown,toista,wordfreq:fi,wordfreq_seeded;deterministically_filtered;structurally_curated
fi,v1,1,703,723,tosiaan,tosiaan,tosiaan,unknown,tosiaan,wordfreq:fi,wordfreq_seeded;deterministically_filtered;structurally_curated
fi,v1,1,704,724,tuossa,tuossa,tuossa,unknown,tuossa,wordfreq:fi,wordfreq_seeded;deterministically_filtered;structurally_curated
fi,v1,1,705,725,turun,turun,turun,unknown,turun,wordfreq:fi,wordfreq_seeded;deterministically_filtered;structurally_curated
fi,v1,1,706,726,töissä,töissä,töissä,unknown,töissä,wordfreq:fi,wordfreq_seeded;deterministically_filtered;structurally_curated
fi,v1,1,707,727,varma,varma,varma,unknown,varma,wordfreq:fi,wordfreq_seeded;deterministically_filtered;structurally_curated
fi,v1,1,708,728,vitun,vitun,vitun,unknown,vitun,wordfreq:fi,wordfreq_seeded;deterministically_filtered;structurally_curated
fi,v1,1,709,729,vuodesta,vuodesta,vuodesta,unknown,vuodesta,wordfreq:fi,wordfreq_seeded;deterministically_filtered;structurally_curated
fi,v1,1,710,730,vuosina,vuosina,vuosina,unknown,vuosina,wordfreq:fi,wordfreq_seeded;deterministically_filtered;structurally_curated
fi,v1,1,711,731,vähintään,vähintään,vähintään,unknown,vähintään,wordfreq:fi,wordfreq_seeded;deterministically_filtered;structurally_curated
fi,v1,1,712,732,väärin,väärin,väärin,unknown,väärin,wordfreq:fi,wordfreq_seeded;deterministically_filtered;structurally_curated
fi,v1,1,713,733,ymmärtää,ymmärtää,ymmärtää,unknown,ymmärtää,wordfreq:fi,wordfreq_seeded;deterministically_filtered;structurally_curated
fi,v1,1,714,734,ympäri,ympäri,ympäri,unknown,ympäri,wordfreq:fi,wordfreq_seeded;deterministically_filtered;structurally_curated
fi,v1,1,715,735,elämää,elämää,elämää,unknown,elämää,wordfreq:fi,wordfreq_seeded;deterministically_filtered;structurally_curated
fi,v1,1,716,736,ku,ku,ku,unknown,ku,wordfreq:fi,wordfreq_seeded;deterministically_filtered;structurally_curated
fi,v1,1,717,737,kunnon,kunnon,kunnon,unknown,kunnon,wordfreq:fi,wordfreq_seeded;deterministically_filtered;structurally_curated
fi,v1,1,718,738,lukea,lukea,lukea,unknown,lukea,wordfreq:fi,wordfreq_seeded;deterministically_filtered;structurally_curated
fi,v1,1,719,739,miestä,miestä,miestä,unknown,miestä,wordfreq:fi,wordfreq_seeded;deterministically_filtered;structurally_curated
fi,v1,1,720,740,oletko,oletko,oletko,unknown,oletko,wordfreq:fi,wordfreq_seeded;deterministically_filtered;structurally_curated
fi,v1,1,721,741,presidentti,presidentti,presidentti,unknown,presidentti,wordfreq:fi,wordfreq_seeded;deterministically_filtered;structurally_curated
fi,v1,1,722,742,sinulla,sinulla,sinulla,unknown,sinulla,wordfreq:fi,wordfreq_seeded;deterministically_filtered;structurally_curated
fi,v1,1,723,743,sopii,sopii,sopii,unknown,sopii,wordfreq:fi,wordfreq_seeded;deterministically_filtered;structurally_curated
fi,v1,1,724,744,suhteen,suhteen,suhteen,unknown,suhteen,wordfreq:fi,wordfreq_seeded;deterministically_filtered;structurally_curated
fi,v1,1,725,745,suuntaan,suuntaan,suuntaan,unknown,suuntaan,wordfreq:fi,wordfreq_seeded;deterministically_filtered;structurally_curated
fi,v1,1,726,746,tasa,tasa,tasa,unknown,tasa,wordfreq:fi,wordfreq_seeded;deterministically_filtered;structurally_curated
fi,v1,1,727,747,teen,teen,teen,unknown,teen,wordfreq:fi,wordfreq_seeded;deterministically_filtered;structurally_curated
fi,v1,1,728,748,tekevät,tekevät,tekevät,unknown,tekevät,wordfreq:fi,wordfreq_seeded;deterministically_filtered;structurally_curated
fi,v1,1,729,749,tärkeä,tärkeä,tärkeä,unknown,tärkeä,wordfreq:fi,wordfreq_seeded;deterministically_filtered;structurally_curated
fi,v1,1,730,750,vuotias,vuotias,vuotias,unknown,vuotias,wordfreq:fi,wordfreq_seeded;deterministically_filtered;structurally_curated
fi,v1,1,731,751,aloittaa,aloittaa,aloittaa,unknown,aloittaa,wordfreq:fi,wordfreq_seeded;deterministically_filtered;structurally_curated
fi,v1,1,732,752,alueen,alueen,alueen,unknown,alueen,wordfreq:fi,wordfreq_seeded;deterministically_filtered;structurally_curated
fi,v1,1,733,753,hoitaa,hoitaa,hoitaa,unknown,hoitaa,wordfreq:fi,wordfreq_seeded;deterministically_filtered;structurally_curated
fi,v1,1,734,754,jokin,jokin,jokin,unknown,jokin,wordfreq:fi,wordfreq_seeded;deterministically_filtered;structurally_curated
fi,v1,1,735,755,jotkut,jotkut,jotkut,unknown,jotkut,wordfreq:fi,wordfreq_seeded;deterministically_filtered;structurally_curated
fi,v1,1,736,756,keski,keski,keski,unknown,keski,wordfreq:fi,wordfreq_seeded;deterministically_filtered;structurally_curated
fi,v1,1,737,757,ketään,ketään,ketään,unknown,ketään,wordfreq:fi,wordfreq_seeded;deterministically_filtered;structurally_curated
fi,v1,1,738,758,kolmen,kolmen,kolmen,unknown,kolmen,wordfreq:fi,wordfreq_seeded;deterministically_filtered;structurally_curated
fi,v1,1,739,759,käynyt,käynyt,käynyt,unknown,käynyt,wordfreq:fi,wordfreq_seeded;deterministically_filtered;structurally_curated
fi,v1,1,740,760,lähtien,lähtien,lähtien,unknown,lähtien,wordfreq:fi,wordfreq_seeded;deterministically_filtered;structurally_curated
fi,v1,1,741,761,näkee,näkee,näkee,unknown,näkee,wordfreq:fi,wordfreq_seeded;deterministically_filtered;structurally_curated
fi,v1,1,742,762,paikalla,paikalla,paikalla,unknown,paikalla,wordfreq:fi,wordfreq_seeded;deterministically_filtered;structurally_curated
fi,v1,1,743,763,sarjan,sarjan,sarjan,unknown,sarjan,wordfreq:fi,wordfreq_seeded;deterministically_filtered;structurally_curated
fi,v1,1,744,764,tampereen,tampereen,tampereen,unknown,tampereen,wordfreq:fi,wordfreq_seeded;deterministically_filtered;structurally_curated
fi,v1,1,745,765,tiedot,tiedot,tiedot,unknown,tiedot,wordfreq:fi,wordfreq_seeded;deterministically_filtered;structurally_curated
fi,v1,1,746,766,tiedän,tiedän,tiedän,unknown,tiedän,wordfreq:fi,wordfreq_seeded;deterministically_filtered;structurally_curated
fi,v1,1,747,767,toimia,toimia,toimia,unknown,toimia,wordfreq:fi,wordfreq_seeded;deterministically_filtered;structurally_curated
fi,v1,1,748,768,toiseen,toiseen,toiseen,unknown,toiseen,wordfreq:fi,wordfreq_seeded;deterministically_filtered;structurally_curated
fi,v1,1,749,769,töihin,töihin,töihin,unknown,töihin,wordfreq:fi,wordfreq_seeded;deterministically_filtered;structurally_curated
fi,v1,1,750,770,uudet,uudet,uudet,unknown,uudet,wordfreq:fi,wordfreq_seeded;deterministically_filtered;structurally_curated
fi,v1,1,751,771,varsin,varsin,varsin,unknown,varsin,wordfreq:fi,wordfreq_seeded;deterministically_filtered;structurally_curated
fi,v1,1,752,772,voisin,voisin,voisin,unknown,voisin,wordfreq:fi,wordfreq_seeded;deterministically_filtered;structurally_curated
fi,v1,1,753,773,aamulla,aamulla,aamulla,unknown,aamulla,wordfreq:fi,wordfreq_seeded;deterministically_filtered;structurally_curated
fi,v1,1,754,774,esiin,esiin,esiin,unknown,esiin,wordfreq:fi,wordfreq_seeded;deterministically_filtered;structurally_curated
fi,v1,1,755,775,jonkin,jonkin,jonkin,unknown,jonkin,wordfreq:fi,wordfreq_seeded;deterministically_filtered;structurally_curated
fi,v1,1,756,776,kaveri,kaveri,kaveri,unknown,kaveri,wordfreq:fi,wordfreq_seeded;deterministically_filtered;structurally_curated
fi,v1,1,757,777,kestää,kestää,kestää,unknown,kestää,wordfreq:fi,wordfreq_seeded;deterministically_filtered;structurally_curated
fi,v1,1,758,778,meitä,meitä,meitä,unknown,meitä,wordfreq:fi,wordfreq_seeded;deterministically_filtered;structurally_curated
fi,v1,1,759,779,päättää,päättää,päättää,unknown,päättää,wordfreq:fi,wordfreq_seeded;deterministically_filtered;structurally_curated
fi,v1,1,760,780,viikkoa,viikkoa,viikkoa,unknown,viikkoa,wordfreq:fi,wordfreq_seeded;deterministically_filtered;structurally_curated
fi,v1,1,761,781,elämän,elämän,elämän,unknown,elämän,wordfreq:fi,wordfreq_seeded;deterministically_filtered;structurally_curated
fi,v1,1,762,782,homma,homma,homma,unknown,homma,wordfreq:fi,wordfreq_seeded;deterministically_filtered;structurally_curated
fi,v1,1,763,783,itä,itä,itä,unknown,itä,wordfreq:fi,wordfreq_seeded;deterministically_filtered;structurally_curated
fi,v1,1,764,784,kaunis,kaunis,kaunis,unknown,kaunis,wordfreq:fi,wordfreq_seeded;deterministically_filtered;structurally_curated
fi,v1,1,765,785,kuvaa,kuvaa,kuvaa,unknown,kuvaa,wordfreq:fi,wordfreq_seeded;deterministically_filtered;structurally_curated
fi,v1,1,766,786,matti,matti,matti,unknown,matti,wordfreq:fi,wordfreq_seeded;deterministically_filtered;structurally_curated
fi,v1,1,767,787,ok,ok,ok,unknown,ok,wordfreq:fi,wordfreq_seeded;deterministically_filtered;structurally_curated
fi,v1,1,768,788,pekka,pekka,pekka,unknown,pekka,wordfreq:fi,wordfreq_seeded;deterministically_filtered;structurally_curated
fi,v1,1,769,789,poliisin,poliisin,poliisin,unknown,poliisin,wordfreq:fi,wordfreq_seeded;deterministically_filtered;structurally_curated
fi,v1,1,770,790,ruotsissa,ruotsissa,ruotsissa,unknown,ruotsissa,wordfreq:fi,wordfreq_seeded;deterministically_filtered;structurally_curated
fi,v1,1,771,791,saakka,saakka,saakka,unknown,saakka,wordfreq:fi,wordfreq_seeded;deterministically_filtered;structurally_curated
fi,v1,1,772,792,suomalaisen,suomalaisen,suomalaisen,unknown,suomalaisen,wordfreq:fi,wordfreq_seeded;deterministically_filtered;structurally_curated
fi,v1,1,773,793,suomea,suomea,suomea,unknown,suomea,wordfreq:fi,wordfreq_seeded;deterministically_filtered;structurally_curated
fi,v1,1,774,794,takaa,takaa,takaa,unknown,takaa,wordfreq:fi,wordfreq_seeded;deterministically_filtered;structurally_curated
fi,v1,1,775,795,tapahtui,tapahtui,tapahtui,unknown,tapahtui,wordfreq:fi,wordfreq_seeded;deterministically_filtered;structurally_curated
fi,v1,1,776,796,te,te,te,unknown,te,wordfreq:fi,wordfreq_seeded;deterministically_filtered;structurally_curated
fi,v1,1,777,797,todennäköisesti,todennäköisesti,todennäköisesti,unknown,todennäköisesti,wordfreq:fi,wordfreq_seeded;deterministically_filtered;structurally_curated
fi,v1,1,778,798,toiminta,toiminta,toiminta,unknown,toiminta,wordfreq:fi,wordfreq_seeded;deterministically_filtered;structurally_curated
fi,v1,1,779,799,tukea,tukea,tukea,unknown,tukea,wordfreq:fi,wordfreq_seeded;deterministically_filtered;structurally_curated
fi,v1,1,780,800,jostain,jostain,jostain,unknown,jostain,wordfreq:fi,wordfreq_seeded;deterministically_filtered;structurally_curated
fi,v1,1,781,801,kirja,kirja,kirja,unknown,kirja,wordfreq:fi,wordfreq_seeded;deterministically_filtered;structurally_curated
fi,v1,1,782,802,kohdalla,kohdalla,kohdalla,unknown,kohdalla,wordfreq:fi,wordfreq_seeded;deterministically_filtered;structurally_curated
fi,v1,1,783,803,kunhan,kunhan,kunhan,unknown,kunhan,wordfreq:fi,wordfreq_seeded;deterministically_filtered;structurally_curated
fi,v1,1,784,804,kunnossa,kunnossa,kunnossa,unknown,kunnossa,wordfreq:fi,wordfreq_seeded;deterministically_filtered;structurally_curated
fi,v1,1,785,805,naisia,naisia,naisia,unknown,naisia,wordfreq:fi,wordfreq_seeded;deterministically_filtered;structurally_curated
fi,v1,1,786,806,osalta,osalta,osalta,unknown,osalta,wordfreq:fi,wordfreq_seeded;deterministically_filtered;structurally_curated
fi,v1,1,787,807,pidetään,pidetään,pidetään,unknown,pidetään,wordfreq:fi,wordfreq_seeded;deterministically_filtered;structurally_curated
fi,v1,1,788,808,pääse,pääse,pääse,unknown,pääse,wordfreq:fi,wordfreq_seeded;deterministically_filtered;structurally_curated
fi,v1,1,789,809,saksan,saksan,saksan,unknown,saksan,wordfreq:fi,wordfreq_seeded;deterministically_filtered;structurally_curated
fi,v1,1,790,810,syystä,syystä,syystä,unknown,syystä,wordfreq:fi,wordfreq_seeded;deterministically_filtered;structurally_curated
fi,v1,1,791,811,valita,valita,valita,unknown,valita,wordfreq:fi,wordfreq_seeded;deterministically_filtered;structurally_curated
fi,v1,1,792,812,vettä,vettä,vettä,unknown,vettä,wordfreq:fi,wordfreq_seeded;deterministically_filtered;structurally_curated
fi,v1,1,793,813,vuoteen,vuoteen,vuoteen,unknown,vuoteen,wordfreq:fi,wordfreq_seeded;deterministically_filtered;structurally_curated
fi,v1,1,794,814,aiheuttaa,aiheuttaa,aiheuttaa,unknown,aiheuttaa,wordfreq:fi,wordfreq_seeded;deterministically_filtered;structurally_curated
fi,v1,1,795,815,arvo,arvo,arvo,unknown,arvo,wordfreq:fi,wordfreq_seeded;deterministically_filtered;structurally_curated
fi,v1,1,796,816,erilaisia,erilaisia,erilaisia,unknown,erilaisia,wordfreq:fi,wordfreq_seeded;deterministically_filtered;structurally_curated
fi,v1,1,797,817,hetken,hetken,hetken,unknown,hetken,wordfreq:fi,wordfreq_seeded;deterministically_filtered;structurally_curated
fi,v1,1,798,818,itseään,itseään,itseään,unknown,itseään,wordfreq:fi,wordfreq_seeded;deterministically_filtered;structurally_curated
fi,v1,1,799,819,joukkue,joukkue,joukkue,unknown,joukkue,wordfreq:fi,wordfreq_seeded;deterministically_filtered;structurally_curated
fi,v1,1,800,820,joutuu,joutuu,joutuu,unknown,joutuu,wordfreq:fi,wordfreq_seeded;deterministically_filtered;structurally_curated
fi,v1,1,801,821,kannata,kannata,kannata,unknown,kannata,wordfreq:fi,wordfreq_seeded;deterministically_filtered;structurally_curated
fi,v1,1,802,822,kuukauden,kuukauden,kuukauden,unknown,kuukauden,wordfreq:fi,wordfreq_seeded;deterministically_filtered;structurally_curated
fi,v1,1,803,823,lapsia,lapsia,lapsia,unknown,lapsia,wordfreq:fi,wordfreq_seeded;deterministically_filtered;structurally_curated
fi,v1,1,804,824,mene,mene,mene,unknown,mene,wordfreq:fi,wordfreq_seeded;deterministically_filtered;structurally_curated
fi,v1,1,805,825,oikeastaan,oikeastaan,oikeastaan,unknown,oikeastaan,wordfreq:fi,wordfreq_seeded;deterministically_filtered;structurally_curated
fi,v1,1,806,826,paha,paha,paha,unknown,paha,wordfreq:fi,wordfreq_seeded;deterministically_filtered;structurally_curated
fi,v1,1,807,827,rahat,rahat,rahat,unknown,rahat,wordfreq:fi,wordfreq_seeded;deterministically_filtered;structurally_curated
fi,v1,1,808,828,ruokaa,ruokaa,ruokaa,unknown,ruokaa,wordfreq:fi,wordfreq_seeded;deterministically_filtered;structurally_curated
fi,v1,1,809,829,suomalaisten,suomalaisten,suomalaisten,unknown,suomalaisten,wordfreq:fi,wordfreq_seeded;deterministically_filtered;structurally_curated
fi,v1,1,810,830,sä,sä,sä,unknown,sä,wordfreq:fi,wordfreq_seeded;deterministically_filtered;structurally_curated
fi,v1,1,811,831,tarvitsee,tarvitsee,tarvitsee,unknown,tarvitsee,wordfreq:fi,wordfreq_seeded;deterministically_filtered;structurally_curated
fi,v1,1,812,832,tilaa,tilaa,tilaa,unknown,tilaa,wordfreq:fi,wordfreq_seeded;deterministically_filtered;structurally_curated
fi,v1,1,813,833,toisin,toisin,toisin,unknown,toisin,wordfreq:fi,wordfreq_seeded;deterministically_filtered;structurally_curated
fi,v1,1,814,834,uskon,uskon,uskon,unknown,uskon,wordfreq:fi,wordfreq_seeded;deterministically_filtered;structurally_curated
fi,v1,1,815,835,vapaa,vapaa,vapaa,unknown,vapaa,wordfreq:fi,wordfreq_seeded;deterministically_filtered;structurally_curated
fi,v1,1,816,836,verrattuna,verrattuna,verrattuna,unknown,verrattuna,wordfreq:fi,wordfreq_seeded;deterministically_filtered;structurally_curated
fi,v1,1,817,837,ai,ai,ai,unknown,ai,wordfreq:fi,wordfreq_seeded;deterministically_filtered;structurally_curated
fi,v1,1,818,838,alusta,alusta,alusta,unknown,alusta,wordfreq:fi,wordfreq_seeded;deterministically_filtered;structurally_curated
fi,v1,1,819,839,euron,euron,euron,unknown,euron,wordfreq:fi,wordfreq_seeded;deterministically_filtered;structurally_curated
fi,v1,1,820,840,johtaja,johtaja,johtaja,unknown,johtaja,wordfreq:fi,wordfreq_seeded;deterministically_filtered;structurally_curated
fi,v1,1,821,841,kerta,kerta,kerta,unknown,kerta,wordfreq:fi,wordfreq_seeded;deterministically_filtered;structurally_curated
fi,v1,1,822,842,kesällä,kesällä,kesällä,unknown,kesällä,wordfreq:fi,wordfreq_seeded;deterministically_filtered;structurally_curated
fi,v1,1,823,843,lopussa,lopussa,lopussa,unknown,lopussa,wordfreq:fi,wordfreq_seeded;deterministically_filtered;structurally_curated
fi,v1,1,824,844,maahan,maahan,maahan,unknown,maahan,wordfreq:fi,wordfreq_seeded;deterministically_filtered;structurally_curated
fi,v1,1,825,845,menossa,menossa,menossa,unknown,menossa,wordfreq:fi,wordfreq_seeded;deterministically_filtered;structurally_curated
fi,v1,1,826,846,millä,millä,millä,unknown,millä,wordfreq:fi,wordfreq_seeded;deterministically_filtered;structurally_curated
fi,v1,1,827,847,nostaa,nostaa,nostaa,unknown,nostaa,wordfreq:fi,wordfreq_seeded;deterministically_filtered;structurally_curated
fi,v1,1,828,848,vaikeaa,vaikeaa,vaikeaa,unknown,vaikeaa,wordfreq:fi,wordfreq_seeded;deterministically_filtered;structurally_curated
fi,v1,1,829,849,vuosien,vuosien,vuosien,unknown,vuosien,wordfreq:fi,wordfreq_seeded;deterministically_filtered;structurally_curated
fi,v1,1,830,850,ensimmäistä,ensimmäistä,ensimmäistä,unknown,ensimmäistä,wordfreq:fi,wordfreq_seeded;deterministically_filtered;structurally_curated
fi,v1,1,831,851,joutui,joutui,joutui,unknown,joutui,wordfreq:fi,wordfreq_seeded;deterministically_filtered;structurally_curated
fi,v1,1,832,852,kiinnostaa,kiinnostaa,kiinnostaa,unknown,kiinnostaa,wordfreq:fi,wordfreq_seeded;deterministically_filtered;structurally_curated
fi,v1,1,833,853,kuulla,kuulla,kuulla,unknown,kuulla,wordfreq:fi,wordfreq_seeded;deterministically_filtered;structurally_curated
fi,v1,1,834,854,myöskään,myöskään,myöskään,unknown,myöskään,wordfreq:fi,wordfreq_seeded;deterministically_filtered;structurally_curated
fi,v1,1,835,855,ns,ns,ns,unknown,ns,wordfreq:fi,wordfreq_seeded;deterministically_filtered;structurally_curated
fi,v1,1,836,856,osan,osan,osan,unknown,osan,wordfreq:fi,wordfreq_seeded;deterministically_filtered;structurally_curated
fi,v1,1,837,857,tehtiin,tehtiin,tehtiin,unknown,tehtiin,wordfreq:fi,wordfreq_seeded;deterministically_filtered;structurally_curated
fi,v1,1,838,858,tehtävä,tehtävä,tehtävä,unknown,tehtävä,wordfreq:fi,wordfreq_seeded;deterministically_filtered;structurally_curated
fi,v1,1,839,859,vetää,vetää,vetää,unknown,vetää,wordfreq:fi,wordfreq_seeded;deterministically_filtered;structurally_curated
fi,v1,1,840,860,voitto,voitto,voitto,unknown,voitto,wordfreq:fi,wordfreq_seeded;deterministically_filtered;structurally_curated
fi,v1,1,841,861,välttämättä,välttämättä,välttämättä,unknown,välttämättä,wordfreq:fi,wordfreq_seeded;deterministically_filtered;structurally_curated
fi,v1,1,842,862,yliopiston,yliopiston,yliopiston,unknown,yliopiston,wordfreq:fi,wordfreq_seeded;deterministically_filtered;structurally_curated
fi,v1,1,843,863,alas,alas,alas,unknown,alas,wordfreq:fi,wordfreq_seeded;deterministically_filtered;structurally_curated
fi,v1,1,844,864,antti,antti,antti,unknown,antti,wordfreq:fi,wordfreq_seeded;deterministically_filtered;structurally_curated
fi,v1,1,845,865,erityisen,erityisen,erityisen,unknown,erityisen,wordfreq:fi,wordfreq_seeded;deterministically_filtered;structurally_curated
fi,v1,1,846,866,helppoa,helppoa,helppoa,unknown,helppoa,wordfreq:fi,wordfreq_seeded;deterministically_filtered;structurally_curated
fi,v1,1,847,867,is,is,is,unknown,is,wordfreq:fi,wordfreq_seeded;deterministically_filtered;structurally_curated
fi,v1,1,848,868,jatkuu,jatkuu,jatkuu,unknown,jatkuu,wordfreq:fi,wordfreq_seeded;deterministically_filtered;structurally_curated
fi,v1,1,849,869,kuvia,kuvia,kuvia,unknown,kuvia,wordfreq:fi,wordfreq_seeded;deterministically_filtered;structurally_curated
fi,v1,1,850,870,käyttö,käyttö,käyttö,unknown,käyttö,wordfreq:fi,wordfreq_seeded;deterministically_filtered;structurally_curated
fi,v1,1,851,871,maailma,maailma,maailma,unknown,maailma,wordfreq:fi,wordfreq_seeded;deterministically_filtered;structurally_curated
fi,v1,1,852,872,niissä,niissä,niissä,unknown,niissä,wordfreq:fi,wordfreq_seeded;deterministically_filtered;structurally_curated
fi,v1,1,853,873,nähdään,nähdään,nähdään,unknown,nähdään,wordfreq:fi,wordfreq_seeded;deterministically_filtered;structurally_curated
fi,v1,1,854,874,olisivat,olisivat,olisivat,unknown,olisivat,wordfreq:fi,wordfreq_seeded;deterministically_filtered;structurally_curated
fi,v1,1,855,875,parin,parin,parin,unknown,parin,wordfreq:fi,wordfreq_seeded;deterministically_filtered;structurally_curated
fi,v1,1,856,876,suomesta,suomesta,suomesta,unknown,suomesta,wordfreq:fi,wordfreq_seeded;deterministically_filtered;structurally_curated
fi,v1,1,857,877,tein,tein,tein,unknown,tein,wordfreq:fi,wordfreq_seeded;deterministically_filtered;structurally_curated
fi,v1,1,858,878,tuosta,tuosta,tuosta,unknown,tuosta,wordfreq:fi,wordfreq_seeded;deterministically_filtered;structurally_curated
fi,v1,1,859,879,yhtiön,yhtiön,yhtiön,unknown,yhtiön,wordfreq:fi,wordfreq_seeded;deterministically_filtered;structurally_curated
fi,v1,1,860,880,ymmärrän,ymmärrän,ymmärrän,unknown,ymmärrän,wordfreq:fi,wordfreq_seeded;deterministically_filtered;structurally_curated
fi,v1,1,861,881,aikaisemmin,aikaisemmin,aikaisemmin,unknown,aikaisemmin,wordfreq:fi,wordfreq_seeded;deterministically_filtered;structurally_curated
fi,v1,1,862,882,elokuva,elokuva,elokuva,unknown,elokuva,wordfreq:fi,wordfreq_seeded;deterministically_filtered;structurally_curated
fi,v1,1,863,883,esittää,esittää,esittää,unknown,esittää,wordfreq:fi,wordfreq_seeded;deterministically_filtered;structurally_curated
fi,v1,1,864,884,eteen,eteen,eteen,unknown,eteen,wordfreq:fi,wordfreq_seeded;deterministically_filtered;structurally_curated
fi,v1,1,865,885,etten,etten,etten,unknown,etten,wordfreq:fi,wordfreq_seeded;deterministically_filtered;structurally_curated
fi,v1,1,866,886,heille,heille,heille,unknown,heille,wordfreq:fi,wordfreq_seeded;deterministically_filtered;structurally_curated
fi,v1,1,867,887,hyvältä,hyvältä,hyvältä,unknown,hyvältä,wordfreq:fi,wordfreq_seeded;deterministically_filtered;structurally_curated
fi,v1,1,868,888,jne,jne,jne,unknown,jne,wordfreq:fi,wordfreq_seeded;deterministically_filtered;structurally_curated
fi,v1,1,869,889,kantaa,kantaa,kantaa,unknown,kantaa,wordfreq:fi,wordfreq_seeded;deterministically_filtered;structurally_curated
fi,v1,1,870,890,live,live,live,unknown,live,wordfreq:fi,wordfreq_seeded;deterministically_filtered;structurally_curated
fi,v1,1,871,891,maailmassa,maailmassa,maailmassa,unknown,maailmassa,wordfreq:fi,wordfreq_seeded;deterministically_filtered;structurally_curated
fi,v1,1,872,892,missään,missään,missään,unknown,missään,wordfreq:fi,wordfreq_seeded;deterministically_filtered;structurally_curated
fi,v1,1,873,893,muualla,muualla,muualla,unknown,muualla,wordfreq:fi,wordfreq_seeded;deterministically_filtered;structurally_curated
fi,v1,1,874,894,oliko,oliko,oliko,unknown,oliko,wordfreq:fi,wordfreq_seeded;deterministically_filtered;structurally_curated
fi,v1,1,875,895,paska,paska,paska,unknown,paska,wordfreq:fi,wordfreq_seeded;deterministically_filtered;structurally_curated
fi,v1,1,876,896,perhe,perhe,perhe,unknown,perhe,wordfreq:fi,wordfreq_seeded;deterministically_filtered;structurally_curated
fi,v1,1,877,897,puhutaan,puhutaan,puhutaan,unknown,puhutaan,wordfreq:fi,wordfreq_seeded;deterministically_filtered;structurally_curated
fi,v1,1,878,898,saan,saan,saan,unknown,saan,wordfreq:fi,wordfreq_seeded;deterministically_filtered;structurally_curated
fi,v1,1,879,899,samassa,samassa,samassa,unknown,samassa,wordfreq:fi,wordfreq_seeded;deterministically_filtered;structurally_curated
fi,v1,1,880,900,seitsemän,seitsemän,seitsemän,unknown,seitsemän,wordfreq:fi,wordfreq_seeded;deterministically_filtered;structurally_curated
fi,v1,1,881,901,sentään,sentään,sentään,unknown,sentään,wordfreq:fi,wordfreq_seeded;deterministically_filtered;structurally_curated
fi,v1,1,882,902,tapahtunut,tapahtunut,tapahtunut,unknown,tapahtunut,wordfreq:fi,wordfreq_seeded;deterministically_filtered;structurally_curated
fi,v1,1,883,903,turku,turku,turku,unknown,turku,wordfreq:fi,wordfreq_seeded;deterministically_filtered;structurally_curated
fi,v1,1,884,904,tällöin,tällöin,tällöin,unknown,tällöin,wordfreq:fi,wordfreq_seeded;deterministically_filtered;structurally_curated
fi,v1,1,885,905,yrityksen,yrityksen,yrityksen,unknown,yrityksen,wordfreq:fi,wordfreq_seeded;deterministically_filtered;structurally_curated
fi,v1,1,886,906,ajatus,ajatus,ajatus,unknown,ajatus,wordfreq:fi,wordfreq_seeded;deterministically_filtered;structurally_curated
fi,v1,1,887,907,asioista,asioista,asioista,unknown,asioista,wordfreq:fi,wordfreq_seeded;deterministically_filtered;structurally_curated
fi,v1,1,888,908,huomattavasti,huomattavasti,huomattavasti,unknown,huomattavasti,wordfreq:fi,wordfreq_seeded;deterministically_filtered;structurally_curated
fi,v1,1,889,909,itsekin,itsekin,itsekin,unknown,itsekin,wordfreq:fi,wordfreq_seeded;deterministically_filtered;structurally_curated
fi,v1,1,890,910,just,just,just,unknown,just,wordfreq:fi,wordfreq_seeded;deterministically_filtered;structurally_curated
fi,v1,1,891,911,kausi,kausi,kausi,unknown,kausi,wordfreq:fi,wordfreq_seeded;deterministically_filtered;structurally_curated
fi,v1,1,892,912,kerro,kerro,kerro,unknown,kerro,wordfreq:fi,wordfreq_seeded;deterministically_filtered;structurally_curated
fi,v1,1,893,913,keskellä,keskellä,keskellä,unknown,keskellä,wordfreq:fi,wordfreq_seeded;deterministically_filtered;structurally_curated
fi,v1,1,894,914,kolmas,kolmas,kolmas,unknown,kolmas,wordfreq:fi,wordfreq_seeded;deterministically_filtered;structurally_curated
fi,v1,1,895,915,lehden,lehden,lehden,unknown,lehden,wordfreq:fi,wordfreq_seeded;deterministically_filtered;structurally_curated
fi,v1,1,896,916,löytyi,löytyi,löytyi,unknown,löytyi,wordfreq:fi,wordfreq_seeded;deterministically_filtered;structurally_curated
fi,v1,1,897,917,mahdollisimman,mahdollisimman,mahdollisimman,unknown,mahdollisimman,wordfreq:fi,wordfreq_seeded;deterministically_filtered;structurally_curated
fi,v1,1,898,918,mukava,mukava,mukava,unknown,mukava,wordfreq:fi,wordfreq_seeded;deterministically_filtered;structurally_curated
fi,v1,1,899,919,näe,näe,näe,unknown,näe,wordfreq:fi,wordfreq_seeded;deterministically_filtered;structurally_curated
fi,v1,1,900,920,omasta,omasta,omasta,unknown,omasta,wordfreq:fi,wordfreq_seeded;deterministically_filtered;structurally_curated
fi,v1,1,901,921,osuus,osuus,osuus,unknown,osuus,wordfreq:fi,wordfreq_seeded;deterministically_filtered;structurally_curated
fi,v1,1,902,922,otetaan,otetaan,otetaan,unknown,otetaan,wordfreq:fi,wordfreq_seeded;deterministically_filtered;structurally_curated
fi,v1,1,903,923,pelkästään,pelkästään,pelkästään,unknown,pelkästään,wordfreq:fi,wordfreq_seeded;deterministically_filtered;structurally_curated
fi,v1,1,904,924,perustuu,perustuu,perustuu,unknown,perustuu,wordfreq:fi,wordfreq_seeded;deterministically_filtered;structurally_curated
fi,v1,1,905,925,puolueen,puolueen,puolueen,unknown,puolueen,wordfreq:fi,wordfreq_seeded;deterministically_filtered;structurally_curated
fi,v1,1,906,926,riitä,riitä,riitä,unknown,riitä,wordfreq:fi,wordfreq_seeded;deterministically_filtered;structurally_curated
fi,v1,1,907,927,seuraava,seuraava,seuraava,unknown,seuraava,wordfreq:fi,wordfreq_seeded;deterministically_filtered;structurally_curated
fi,v1,1,908,928,sit,sit,sit,unknown,sit,wordfreq:fi,wordfreq_seeded;deterministically_filtered;structurally_curated
fi,v1,1,909,929,tarjolla,tarjolla,tarjolla,unknown,tarjolla,wordfreq:fi,wordfreq_seeded;deterministically_filtered;structurally_curated
fi,v1,1,910,930,uudestaan,uudestaan,uudestaan,unknown,uudestaan,wordfreq:fi,wordfreq_seeded;deterministically_filtered;structurally_curated
fi,v1,1,911,931,voittaa,voittaa,voittaa,unknown,voittaa,wordfreq:fi,wordfreq_seeded;deterministically_filtered;structurally_curated
fi,v1,1,912,932,väliä,väliä,väliä,unknown,väliä,wordfreq:fi,wordfreq_seeded;deterministically_filtered;structurally_curated
fi,v1,1,913,933,yhteyttä,yhteyttä,yhteyttä,unknown,yhteyttä,wordfreq:fi,wordfreq_seeded;deterministically_filtered;structurally_curated
fi,v1,1,914,934,yle,yle,yle,unknown,yle,wordfreq:fi,wordfreq_seeded;deterministically_filtered;structurally_curated
fi,v1,1,915,935,entinen,entinen,entinen,unknown,entinen,wordfreq:fi,wordfreq_seeded;deterministically_filtered;structurally_curated
fi,v1,1,916,936,heillä,heillä,heillä,unknown,heillä,wordfreq:fi,wordfreq_seeded;deterministically_filtered;structurally_curated
fi,v1,1,917,937,henkilö,henkilö,henkilö,unknown,henkilö,wordfreq:fi,wordfreq_seeded;deterministically_filtered;structurally_curated
fi,v1,1,918,938,hänestä,hänestä,hänestä,unknown,hänestä,wordfreq:fi,wordfreq_seeded;deterministically_filtered;structurally_curated
fi,v1,1,919,939,idea,idea,idea,unknown,idea,wordfreq:fi,wordfreq_seeded;deterministically_filtered;structurally_curated
fi,v1,1,920,940,illalla,illalla,illalla,unknown,illalla,wordfreq:fi,wordfreq_seeded;deterministically_filtered;structurally_curated
fi,v1,1,921,941,itselleen,itselleen,itselleen,unknown,itselleen,wordfreq:fi,wordfreq_seeded;deterministically_filtered;structurally_curated
fi,v1,1,922,942,jatkuvasti,jatkuvasti,jatkuvasti,unknown,jatkuvasti,wordfreq:fi,wordfreq_seeded;deterministically_filtered;structurally_curated
fi,v1,1,923,943,km,km,km,unknown,km,wordfreq:fi,wordfreq_seeded;deterministically_filtered;structurally_curated
fi,v1,1,924,944,koulun,koulun,koulun,unknown,koulun,wordfreq:fi,wordfreq_seeded;deterministically_filtered;structurally_curated
fi,v1,1,925,945,kovasti,kovasti,kovasti,unknown,kovasti,wordfreq:fi,wordfreq_seeded;deterministically_filtered;structurally_curated
fi,v1,1,926,946,kunnolla,kunnolla,kunnolla,unknown,kunnolla,wordfreq:fi,wordfreq_seeded;deterministically_filtered;structurally_curated
fi,v1,1,927,947,la,la,la,unknown,la,wordfreq:fi,wordfreq_seeded;deterministically_filtered;structurally_curated
fi,v1,1,928,948,niihin,niihin,niihin,unknown,niihin,wordfreq:fi,wordfreq_seeded;deterministically_filtered;structurally_curated
fi,v1,1,929,949,nousee,nousee,nousee,unknown,nousee,wordfreq:fi,wordfreq_seeded;deterministically_filtered;structurally_curated
fi,v1,1,930,950,oikeassa,oikeassa,oikeassa,unknown,oikeassa,wordfreq:fi,wordfreq_seeded;deterministically_filtered;structurally_curated
fi,v1,1,931,951,omia,omia,omia,unknown,omia,wordfreq:fi,wordfreq_seeded;deterministically_filtered;structurally_curated
fi,v1,1,932,952,oulun,oulun,oulun,unknown,oulun,wordfreq:fi,wordfreq_seeded;deterministically_filtered;structurally_curated
fi,v1,1,933,953,puolestaan,puolestaan,puolestaan,unknown,puolestaan,wordfreq:fi,wordfreq_seeded;deterministically_filtered;structurally_curated
fi,v1,1,934,954,r,r,r,unknown,r,wordfreq:fi,wordfreq_seeded;deterministically_filtered;structurally_curated
fi,v1,1,935,955,valitettavasti,valitettavasti,valitettavasti,unknown,valitettavasti,wordfreq:fi,wordfreq_seeded;deterministically_filtered;structurally_curated
fi,v1,1,936,956,viimeksi,viimeksi,viimeksi,unknown,viimeksi,wordfreq:fi,wordfreq_seeded;deterministically_filtered;structurally_curated
fi,v1,1,937,957,vuosia,vuosia,vuosia,unknown,vuosia,wordfreq:fi,wordfreq_seeded;deterministically_filtered;structurally_curated
fi,v1,1,938,960,hauska,hauska,hauska,unknown,hauska,wordfreq:fi,wordfreq_seeded;deterministically_filtered;structurally_curated
fi,v1,1,939,961,hetki,hetki,hetki,unknown,hetki,wordfreq:fi,wordfreq_seeded;deterministically_filtered;structurally_curated
fi,v1,1,940,962,illan,illan,illan,unknown,illan,wordfreq:fi,wordfreq_seeded;deterministically_filtered;structurally_curated
fi,v1,1,941,963,irti,irti,irti,unknown,irti,wordfreq:fi,wordfreq_seeded;deterministically_filtered;structurally_curated
fi,v1,1,942,964,it,it,it,unknown,it,wordfreq:fi,wordfreq_seeded;deterministically_filtered;structurally_curated
fi,v1,1,943,965,jäädä,jäädä,jäädä,unknown,jäädä,wordfreq:fi,wordfreq_seeded;deterministically_filtered;structurally_curated
fi,v1,1,944,966,kahdeksan,kahdeksan,kahdeksan,unknown,kahdeksan,wordfreq:fi,wordfreq_seeded;deterministically_filtered;structurally_curated
fi,v1,1,945,967,kaikilla,kaikilla,kaikilla,unknown,kaikilla,wordfreq:fi,wordfreq_seeded;deterministically_filtered;structurally_curated
fi,v1,1,946,968,kaikista,kaikista,kaikista,unknown,kaikista,wordfreq:fi,wordfreq_seeded;deterministically_filtered;structurally_curated
fi,v1,1,947,969,keväällä,keväällä,keväällä,unknown,keväällä,wordfreq:fi,wordfreq_seeded;deterministically_filtered;structurally_curated
fi,v1,1,948,970,koira,koira,koira,unknown,koira,wordfreq:fi,wordfreq_seeded;deterministically_filtered;structurally_curated
fi,v1,1,949,971,l,l,l,unknown,l,wordfreq:fi,wordfreq_seeded;deterministically_filtered;structurally_curated
fi,v1,1,950,972,lehti,lehti,lehti,unknown,lehti,wordfreq:fi,wordfreq_seeded;deterministically_filtered;structurally_curated
fi,v1,1,951,973,liittyy,liittyy,liittyy,unknown,liittyy,wordfreq:fi,wordfreq_seeded;deterministically_filtered;structurally_curated
fi,v1,1,952,974,lopettaa,lopettaa,lopettaa,unknown,lopettaa,wordfreq:fi,wordfreq_seeded;deterministically_filtered;structurally_curated
fi,v1,1,953,975,o,o,o,unknown,o,wordfreq:fi,wordfreq_seeded;deterministically_filtered;structurally_curated
fi,v1,1,954,976,olis,olis,olis,unknown,olis,wordfreq:fi,wordfreq_seeded;deterministically_filtered;structurally_curated
fi,v1,1,955,977,omaan,omaan,omaan,unknown,omaan,wordfreq:fi,wordfreq_seeded;deterministically_filtered;structurally_curated
fi,v1,1,956,978,paikan,paikan,paikan,unknown,paikan,wordfreq:fi,wordfreq_seeded;deterministically_filtered;structurally_curated
fi,v1,1,957,979,pelaa,pelaa,pelaa,unknown,pelaa,wordfreq:fi,wordfreq_seeded;deterministically_filtered;structurally_curated
fi,v1,1,958,980,saatu,saatu,saatu,unknown,saatu,wordfreq:fi,wordfreq_seeded;deterministically_filtered;structurally_curated
fi,v1,1,959,981,sanoin,sanoin,sanoin,unknown,sanoin,wordfreq:fi,wordfreq_seeded;deterministically_filtered;structurally_curated
fi,v1,1,960,982,sisältää,sisältää,sisältää,unknown,sisältää,wordfreq:fi,wordfreq_seeded;deterministically_filtered;structurally_curated
fi,v1,1,961,983,talous,talous,talous,unknown,talous,wordfreq:fi,wordfreq_seeded;deterministically_filtered;structurally_curated
fi,v1,1,962,984,tasolla,tasolla,tasolla,unknown,tasolla,wordfreq:fi,wordfreq_seeded;deterministically_filtered;structurally_curated
fi,v1,1,963,985,toisella,toisella,toisella,unknown,toisella,wordfreq:fi,wordfreq_seeded;deterministically_filtered;structurally_curated
fi,v1,1,964,986,toivon,toivon,toivon,unknown,toivon,wordfreq:fi,wordfreq_seeded;deterministically_filtered;structurally_curated
fi,v1,1,965,987,varaa,varaa,varaa,unknown,varaa,wordfreq:fi,wordfreq_seeded;deterministically_filtered;structurally_curated
fi,v1,1,966,988,ehdottomasti,ehdottomasti,ehdottomasti,unknown,ehdottomasti,wordfreq:fi,wordfreq_seeded;deterministically_filtered;structurally_curated
fi,v1,1,967,989,ensimmäisenä,ensimmäisenä,ensimmäisenä,unknown,ensimmäisenä,wordfreq:fi,wordfreq_seeded;deterministically_filtered;structurally_curated
fi,v1,1,968,990,john,john,john,unknown,john,wordfreq:fi,wordfreq_seeded;deterministically_filtered;structurally_curated
fi,v1,1,969,991,jokaisen,jokaisen,jokaisen,unknown,jokaisen,wordfreq:fi,wordfreq_seeded;deterministically_filtered;structurally_curated
fi,v1,1,970,992,julkaistu,julkaistu,julkaistu,unknown,julkaistu,wordfreq:fi,wordfreq_seeded;deterministically_filtered;structurally_curated
fi,v1,1,971,993,jäänyt,jäänyt,jäänyt,unknown,jäänyt,wordfreq:fi,wordfreq_seeded;deterministically_filtered;structurally_curated
fi,v1,1,972,994,kovaa,kovaa,kovaa,unknown,kovaa,wordfreq:fi,wordfreq_seeded;deterministically_filtered;structurally_curated
fi,v1,1,973,995,kuollut,kuollut,kuollut,unknown,kuollut,wordfreq:fi,wordfreq_seeded;deterministically_filtered;structurally_curated
fi,v1,1,974,996,kuulemma,kuulemma,kuulemma,unknown,kuulemma,wordfreq:fi,wordfreq_seeded;deterministically_filtered;structurally_curated
fi,v1,1,975,997,miehiä,miehiä,miehiä,unknown,miehiä,wordfreq:fi,wordfreq_seeded;deterministically_filtered;structurally_curated
fi,v1,1,976,998,monia,monia,monia,unknown,monia,wordfreq:fi,wordfreq_seeded;deterministically_filtered;structurally_curated
fi,v1,1,977,999,muistan,muistan,muistan,unknown,muistan,wordfreq:fi,wordfreq_seeded;deterministically_filtered;structurally_curated
fi,v1,1,978,1000,selvää,selvää,selvää,unknown,selvää,wordfreq:fi,wordfreq_seeded;deterministically_filtered;structurally_curated
fi,v1,1,979,1001,tarina,tarina,tarina,unknown,tarina,wordfreq:fi,wordfreq_seeded;deterministically_filtered;structurally_curated
fi,v1,1,980,1002,tavoin,tavoin,tavoin,unknown,tavoin,wordfreq:fi,wordfreq_seeded;deterministically_filtered;structurally_curated
fi,v1,1,981,1003,tutkimus,tutkimus,tutkimus,unknown,tutkimus,wordfreq:fi,wordfreq_seeded;deterministically_filtered;structurally_curated
fi,v1,1,982,1004,valtio,valtio,valtio,unknown,valtio,wordfreq:fi,wordfreq_seeded;deterministically_filtered;structurally_curated
fi,v1,1,983,1006,eipä,eipä,eipä,unknown,eipä,wordfreq:fi,wordfreq_seeded;deterministically_filtered;structurally_curated
fi,v1,1,984,1007,estää,estää,estää,unknown,estää,wordfreq:fi,wordfreq_seeded;deterministically_filtered;structurally_curated
fi,v1,1,985,1008,euroopassa,euroopassa,euroopassa,unknown,euroopassa,wordfreq:fi,wordfreq_seeded;deterministically_filtered;structurally_curated
fi,v1,1,986,1009,finland,finland,finland,unknown,finland,wordfreq:fi,wordfreq_seeded;deterministically_filtered;structurally_curated
fi,v1,1,987,1010,for,for,for,unknown,for,wordfreq:fi,wordfreq_seeded;deterministically_filtered;structurally_curated
fi,v1,1,988,1011,joukkueen,joukkueen,joukkueen,unknown,joukkueen,wordfreq:fi,wordfreq_seeded;deterministically_filtered;structurally_curated
fi,v1,1,989,1012,juha,juha,juha,unknown,juha,wordfreq:fi,wordfreq_seeded;deterministically_filtered;structurally_curated
fi,v1,1,990,1013,kohtaa,kohtaa,kohtaa,unknown,kohtaa,wordfreq:fi,wordfreq_seeded;deterministically_filtered;structurally_curated
fi,v1,1,991,1014,lain,lain,lain,unknown,lain,wordfreq:fi,wordfreq_seeded;deterministically_filtered;structurally_curated
fi,v1,1,992,1015,minut,minut,minut,unknown,minut,wordfreq:fi,wordfreq_seeded;deterministically_filtered;structurally_curated
fi,v1,1,993,1016,muistaa,muistaa,muistaa,unknown,muistaa,wordfreq:fi,wordfreq_seeded;deterministically_filtered;structurally_curated
fi,v1,1,994,1017,muutenkin,muutenkin,muutenkin,unknown,muutenkin,wordfreq:fi,wordfreq_seeded;deterministically_filtered;structurally_curated
fi,v1,1,995,1018,nuoret,nuoret,nuoret,unknown,nuoret,wordfreq:fi,wordfreq_seeded;deterministically_filtered;structurally_curated
fi,v1,1,996,1019,paikalle,paikalle,paikalle,unknown,paikalle,wordfreq:fi,wordfreq_seeded;deterministically_filtered;structurally_curated
fi,v1,1,997,1020,pystyy,pystyy,pystyy,unknown,pystyy,wordfreq:fi,wordfreq_seeded;deterministically_filtered;structurally_curated
fi,v1,1,998,1021,päähän,päähän,päähän,unknown,päähän,wordfreq:fi,wordfreq_seeded;deterministically_filtered;structurally_curated
fi,v1,1,999,1022,saatiin,saatiin,saatiin,unknown,saatiin,wordfreq:fi,wordfreq_seeded;deterministically_filtered;structurally_curated
fi,v1,1,1000,1023,saivat,saivat,saivat,unknown,saivat,wordfreq:fi,wordfreq_seeded;deterministically_filtered;structurally_curated
fi,v1,2,1001,1024,suuria,suuria,suuria,unknown,suuria,wordfreq:fi,wordfreq_seeded;deterministically_filtered;structurally_curated
fi,v1,2,1002,1025,tarjoaa,tarjoaa,tarjoaa,unknown,tarjoaa,wordfreq:fi,wordfreq_seeded;deterministically_filtered;structurally_curated
fi,v1,2,1003,1026,teidän,teidän,teidän,unknown,teidän,wordfreq:fi,wordfreq_seeded;deterministically_filtered;structurally_curated
fi,v1,2,1004,1027,tervetuloa,tervetuloa,tervetuloa,unknown,tervetuloa,wordfreq:fi,wordfreq_seeded;deterministically_filtered;structurally_curated
fi,v1,2,1005,1028,tulos,tulos,tulos,unknown,tulos,wordfreq:fi,wordfreq_seeded;deterministically_filtered;structurally_curated
fi,v1,2,1006,1029,yhdysvaltain,yhdysvaltain,yhdysvaltain,unknown,yhdysvaltain,wordfreq:fi,wordfreq_seeded;deterministically_filtered;structurally_curated
fi,v1,2,1007,1031,ajattelin,ajattelin,ajattelin,unknown,ajattelin,wordfreq:fi,wordfreq_seeded;deterministically_filtered;structurally_curated
fi,v1,2,1008,1032,haittaa,haittaa,haittaa,unknown,haittaa,wordfreq:fi,wordfreq_seeded;deterministically_filtered;structurally_curated
fi,v1,2,1009,1033,hauskaa,hauskaa,hauskaa,unknown,hauskaa,wordfreq:fi,wordfreq_seeded;deterministically_filtered;structurally_curated
fi,v1,2,1010,1034,huomioon,huomioon,huomioon,unknown,huomioon,wordfreq:fi,wordfreq_seeded;deterministically_filtered;structurally_curated
fi,v1,2,1011,1035,ihana,ihana,ihana,unknown,ihana,wordfreq:fi,wordfreq_seeded;deterministically_filtered;structurally_curated
fi,v1,2,1012,1036,iltana,iltana,iltana,unknown,iltana,wordfreq:fi,wordfreq_seeded;deterministically_filtered;structurally_curated
fi,v1,2,1013,1037,jakaa,jakaa,jakaa,unknown,jakaa,wordfreq:fi,wordfreq_seeded;deterministically_filtered;structurally_curated
fi,v1,2,1014,1038,kerralla,kerralla,kerralla,unknown,kerralla,wordfreq:fi,wordfreq_seeded;deterministically_filtered;structurally_curated
fi,v1,2,1015,1039,kirjan,kirjan,kirjan,unknown,kirjan,wordfreq:fi,wordfreq_seeded;deterministically_filtered;structurally_curated
fi,v1,2,1016,1040,kuukautta,kuukautta,kuukautta,unknown,kuukautta,wordfreq:fi,wordfreq_seeded;deterministically_filtered;structurally_curated
fi,v1,2,1017,1041,kuvat,kuvat,kuvat,unknown,kuvat,wordfreq:fi,wordfreq_seeded;deterministically_filtered;structurally_curated
fi,v1,2,1018,1042,mahdollisesti,mahdollisesti,mahdollisesti,unknown,mahdollisesti,wordfreq:fi,wordfreq_seeded;deterministically_filtered;structurally_curated
fi,v1,2,1019,1043,miksei,miksei,miksei,unknown,miksei,wordfreq:fi,wordfreq_seeded;deterministically_filtered;structurally_curated
fi,v1,2,1020,1044,perheen,perheen,perheen,unknown,perheen,wordfreq:fi,wordfreq_seeded;deterministically_filtered;structurally_curated
fi,v1,2,1021,1045,päätös,päätös,päätös,unknown,päätös,wordfreq:fi,wordfreq_seeded;deterministically_filtered;structurally_curated
fi,v1,2,1022,1046,ryhmä,ryhmä,ryhmä,unknown,ryhmä,wordfreq:fi,wordfreq_seeded;deterministically_filtered;structurally_curated
fi,v1,2,1023,1047,sana,sana,sana,unknown,sana,wordfreq:fi,wordfreq_seeded;deterministically_filtered;structurally_curated
fi,v1,2,1024,1048,sanomat,sanomat,sanomat,unknown,sanomat,wordfreq:fi,wordfreq_seeded;deterministically_filtered;structurally_curated
fi,v1,2,1025,1049,talon,talon,talon,unknown,talon,wordfreq:fi,wordfreq_seeded;deterministically_filtered;structurally_curated
fi,v1,2,1026,1050,taustalla,taustalla,taustalla,unknown,taustalla,wordfreq:fi,wordfreq_seeded;deterministically_filtered;structurally_curated
fi,v1,2,1027,1051,tekemistä,tekemistä,tekemistä,unknown,tekemistä,wordfreq:fi,wordfreq_seeded;deterministically_filtered;structurally_curated
fi,v1,2,1028,1052,tieto,tieto,tieto,unknown,tieto,wordfreq:fi,wordfreq_seeded;deterministically_filtered;structurally_curated
fi,v1,2,1029,1053,ulkopuolella,ulkopuolella,ulkopuolella,unknown,ulkopuolella,wordfreq:fi,wordfreq_seeded;deterministically_filtered;structurally_curated
fi,v1,2,1030,1054,vaihtaa,vaihtaa,vaihtaa,unknown,vaihtaa,wordfreq:fi,wordfreq_seeded;deterministically_filtered;structurally_curated
fi,v1,2,1031,1055,vanhemmat,vanhemmat,vanhemmat,unknown,vanhemmat,wordfreq:fi,wordfreq_seeded;deterministically_filtered;structurally_curated
fi,v1,2,1032,1056,viikko,viikko,viikko,unknown,viikko,wordfreq:fi,wordfreq_seeded;deterministically_filtered;structurally_curated
fi,v1,2,1033,1057,asiaan,asiaan,asiaan,unknown,asiaan,wordfreq:fi,wordfreq_seeded;deterministically_filtered;structurally_curated
fi,v1,2,1034,1058,hakea,hakea,hakea,unknown,hakea,wordfreq:fi,wordfreq_seeded;deterministically_filtered;structurally_curated
fi,v1,2,1035,1059,käytä,käytä,käytä,unknown,käytä,wordfreq:fi,wordfreq_seeded;deterministically_filtered;structurally_curated
fi,v1,2,1036,1060,luo,luo,luo,unknown,luo,wordfreq:fi,wordfreq_seeded;deterministically_filtered;structurally_curated
fi,v1,2,1037,1061,matka,matka,matka,unknown,matka,wordfreq:fi,wordfreq_seeded;deterministically_filtered;structurally_curated
fi,v1,2,1038,1062,matkalla,matkalla,matkalla,unknown,matkalla,wordfreq:fi,wordfreq_seeded;deterministically_filtered;structurally_curated
fi,v1,2,1039,1063,muutos,muutos,muutos,unknown,muutos,wordfreq:fi,wordfreq_seeded;deterministically_filtered;structurally_curated
fi,v1,2,1040,1064,niille,niille,niille,unknown,niille,wordfreq:fi,wordfreq_seeded;deterministically_filtered;structurally_curated
fi,v1,2,1041,1065,näillä,näillä,näillä,unknown,näillä,wordfreq:fi,wordfreq_seeded;deterministically_filtered;structurally_curated
fi,v1,2,1042,1066,olevat,olevat,olevat,unknown,olevat,wordfreq:fi,wordfreq_seeded;deterministically_filtered;structurally_curated
fi,v1,2,1043,1067,palaa,palaa,palaa,unknown,palaa,wordfreq:fi,wordfreq_seeded;deterministically_filtered;structurally_curated
fi,v1,2,1044,1068,pidän,pidän,pidän,unknown,pidän,wordfreq:fi,wordfreq_seeded;deterministically_filtered;structurally_curated
fi,v1,2,1045,1069,pieniä,pieniä,pieniä,unknown,pieniä,wordfreq:fi,wordfreq_seeded;deterministically_filtered;structurally_curated
fi,v1,2,1046,1070,pojat,pojat,pojat,unknown,pojat,wordfreq:fi,wordfreq_seeded;deterministically_filtered;structurally_curated
fi,v1,2,1047,1071,professori,professori,professori,unknown,professori,wordfreq:fi,wordfreq_seeded;deterministically_filtered;structurally_curated
fi,v1,2,1048,1072,puhuu,puhuu,puhuu,unknown,puhuu,wordfreq:fi,wordfreq_seeded;deterministically_filtered;structurally_curated
fi,v1,2,1049,1073,päätti,päätti,päätti,unknown,päätti,wordfreq:fi,wordfreq_seeded;deterministically_filtered;structurally_curated
fi,v1,2,1050,1074,ruotsi,ruotsi,ruotsi,unknown,ruotsi,wordfreq:fi,wordfreq_seeded;deterministically_filtered;structurally_curated
fi,v1,2,1051,1075,sekin,sekin,sekin,unknown,sekin,wordfreq:fi,wordfreq_seeded;deterministically_filtered;structurally_curated
fi,v1,2,1052,1076,syntyy,syntyy,syntyy,unknown,syntyy,wordfreq:fi,wordfreq_seeded;deterministically_filtered;structurally_curated
fi,v1,2,1053,1077,syö,syö,syö,unknown,syö,wordfreq:fi,wordfreq_seeded;deterministically_filtered;structurally_curated
fi,v1,2,1054,1078,toiminut,toiminut,toiminut,unknown,toiminut,wordfreq:fi,wordfreq_seeded;deterministically_filtered;structurally_curated
fi,v1,2,1055,1079,toimivat,toimivat,toimivat,unknown,toimivat,wordfreq:fi,wordfreq_seeded;deterministically_filtered;structurally_curated
fi,v1,2,1056,1080,tulokset,tulokset,tulokset,unknown,tulokset,wordfreq:fi,wordfreq_seeded;deterministically_filtered;structurally_curated
fi,v1,2,1057,1081,tällainen,tällainen,tällainen,unknown,tällainen,wordfreq:fi,wordfreq_seeded;deterministically_filtered;structurally_curated
fi,v1,2,1058,1082,tällaista,tällaista,tällaista,unknown,tällaista,wordfreq:fi,wordfreq_seeded;deterministically_filtered;structurally_curated
fi,v1,2,1059,1083,vaihtoehto,vaihtoehto,vaihtoehto,unknown,vaihtoehto,wordfreq:fi,wordfreq_seeded;deterministically_filtered;structurally_curated
fi,v1,2,1060,1084,väliin,väliin,väliin,unknown,väliin,wordfreq:fi,wordfreq_seeded;deterministically_filtered;structurally_curated
fi,v1,2,1061,1086,asuu,asuu,asuu,unknown,asuu,wordfreq:fi,wordfreq_seeded;deterministically_filtered;structurally_curated
fi,v1,2,1062,1087,ellei,ellei,ellei,unknown,ellei,wordfreq:fi,wordfreq_seeded;deterministically_filtered;structurally_curated
fi,v1,2,1063,1088,heistä,heistä,heistä,unknown,heistä,wordfreq:fi,wordfreq_seeded;deterministically_filtered;structurally_curated
fi,v1,2,1064,1089,jotakin,jotakin,jotakin,unknown,jotakin,wordfreq:fi,wordfreq_seeded;deterministically_filtered;structurally_curated
fi,v1,2,1065,1090,kuullut,kuullut,kuullut,unknown,kuullut,wordfreq:fi,wordfreq_seeded;deterministically_filtered;structurally_curated
fi,v1,2,1066,1091,kysyä,kysyä,kysyä,unknown,kysyä,wordfreq:fi,wordfreq_seeded;deterministically_filtered;structurally_curated
fi,v1,2,1067,1092,lauantaina,lauantaina,lauantaina,unknown,lauantaina,wordfreq:fi,wordfreq_seeded;deterministically_filtered;structurally_curated
fi,v1,2,1068,1093,miltä,miltä,miltä,unknown,miltä,wordfreq:fi,wordfreq_seeded;deterministically_filtered;structurally_curated
fi,v1,2,1069,1094,näytti,näytti,näytti,unknown,näytti,wordfreq:fi,wordfreq_seeded;deterministically_filtered;structurally_curated
fi,v1,2,1070,1095,onnea,onnea,onnea,unknown,onnea,wordfreq:fi,wordfreq_seeded;deterministically_filtered;structurally_curated
fi,v1,2,1071,1096,ottelun,ottelun,ottelun,unknown,ottelun,wordfreq:fi,wordfreq_seeded;deterministically_filtered;structurally_curated
fi,v1,2,1072,1097,pikku,pikku,pikku,unknown,pikku,wordfreq:fi,wordfreq_seeded;deterministically_filtered;structurally_curated
fi,v1,2,1073,1098,ruoka,ruoka,ruoka,unknown,ruoka,wordfreq:fi,wordfreq_seeded;deterministically_filtered;structurally_curated
fi,v1,2,1074,1099,sano,sano,sano,unknown,sano,wordfreq:fi,wordfreq_seeded;deterministically_filtered;structurally_curated
fi,v1,2,1075,1100,sattuu,sattuu,sattuu,unknown,sattuu,wordfreq:fi,wordfreq_seeded;deterministically_filtered;structurally_curated
fi,v1,2,1076,1101,sehän,sehän,sehän,unknown,sehän,wordfreq:fi,wordfreq_seeded;deterministically_filtered;structurally_curated
fi,v1,2,1077,1102,seuraavan,seuraavan,seuraavan,unknown,seuraavan,wordfreq:fi,wordfreq_seeded;deterministically_filtered;structurally_curated
fi,v1,2,1078,1103,sopimuksen,sopimuksen,sopimuksen,unknown,sopimuksen,wordfreq:fi,wordfreq_seeded;deterministically_filtered;structurally_curated
fi,v1,2,1079,1104,suomalaista,suomalaista,suomalaista,unknown,suomalaista,wordfreq:fi,wordfreq_seeded;deterministically_filtered;structurally_curated
fi,v1,2,1080,1105,syödä,syödä,syödä,unknown,syödä,wordfreq:fi,wordfreq_seeded;deterministically_filtered;structurally_curated
fi,v1,2,1081,1106,timo,timo,timo,unknown,timo,wordfreq:fi,wordfreq_seeded;deterministically_filtered;structurally_curated
fi,v1,2,1082,1107,toimittaja,toimittaja,toimittaja,unknown,toimittaja,wordfreq:fi,wordfreq_seeded;deterministically_filtered;structurally_curated
fi,v1,2,1083,1108,tuolloin,tuolloin,tuolloin,unknown,tuolloin,wordfreq:fi,wordfreq_seeded;deterministically_filtered;structurally_curated
fi,v1,2,1084,1109,tuottaa,tuottaa,tuottaa,unknown,tuottaa,wordfreq:fi,wordfreq_seeded;deterministically_filtered;structurally_curated
fi,v1,2,1085,1110,vahva,vahva,vahva,unknown,vahva,wordfreq:fi,wordfreq_seeded;deterministically_filtered;structurally_curated
fi,v1,2,1086,1111,yhdysvalloissa,yhdysvalloissa,yhdysvalloissa,unknown,yhdysvalloissa,wordfreq:fi,wordfreq_seeded;deterministically_filtered;structurally_curated
fi,v1,2,1087,1112,ylen,ylen,ylen,unknown,ylen,wordfreq:fi,wordfreq_seeded;deterministically_filtered;structurally_curated
fi,v1,2,1088,1113,keskustelu,keskustelu,keskustelu,unknown,keskustelu,wordfreq:fi,wordfreq_seeded;deterministically_filtered;structurally_curated
fi,v1,2,1089,1114,kuulu,kuulu,kuulu,unknown,kuulu,wordfreq:fi,wordfreq_seeded;deterministically_filtered;structurally_curated
fi,v1,2,1090,1115,kävin,kävin,kävin,unknown,kävin,wordfreq:fi,wordfreq_seeded;deterministically_filtered;structurally_curated
fi,v1,2,1091,1116,käytetty,käytetty,käytetty,unknown,käytetty,wordfreq:fi,wordfreq_seeded;deterministically_filtered;structurally_curated
fi,v1,2,1092,1117,lainkaan,lainkaan,lainkaan,unknown,lainkaan,wordfreq:fi,wordfreq_seeded;deterministically_filtered;structurally_curated
fi,v1,2,1093,1118,maalia,maalia,maalia,unknown,maalia,wordfreq:fi,wordfreq_seeded;deterministically_filtered;structurally_curated
fi,v1,2,1094,1119,muuttuu,muuttuu,muuttuu,unknown,muuttuu,wordfreq:fi,wordfreq_seeded;deterministically_filtered;structurally_curated
fi,v1,2,1095,1120,niillä,niillä,niillä,unknown,niillä,wordfreq:fi,wordfreq_seeded;deterministically_filtered;structurally_curated
fi,v1,2,1096,1121,noita,noita,noita,unknown,noita,wordfreq:fi,wordfreq_seeded;deterministically_filtered;structurally_curated
fi,v1,2,1097,1122,omalla,omalla,omalla,unknown,omalla,wordfreq:fi,wordfreq_seeded;deterministically_filtered;structurally_curated
fi,v1,2,1098,1123,oulu,oulu,oulu,unknown,oulu,wordfreq:fi,wordfreq_seeded;deterministically_filtered;structurally_curated
fi,v1,2,1099,1124,pelaaja,pelaaja,pelaaja,unknown,pelaaja,wordfreq:fi,wordfreq_seeded;deterministically_filtered;structurally_curated
fi,v1,2,1100,1125,pienen,pienen,pienen,unknown,pienen,wordfreq:fi,wordfreq_seeded;deterministically_filtered;structurally_curated
fi,v1,2,1101,1126,pitkän,pitkän,pitkän,unknown,pitkän,wordfreq:fi,wordfreq_seeded;deterministically_filtered;structurally_curated
fi,v1,2,1102,1127,puheenjohtaja,puheenjohtaja,puheenjohtaja,unknown,puheenjohtaja,wordfreq:fi,wordfreq_seeded;deterministically_filtered;structurally_curated
fi,v1,2,1103,1128,ratkaisu,ratkaisu,ratkaisu,unknown,ratkaisu,wordfreq:fi,wordfreq_seeded;deterministically_filtered;structurally_curated
fi,v1,2,1104,1129,suomalaisia,suomalaisia,suomalaisia,unknown,suomalaisia,wordfreq:fi,wordfreq_seeded;deterministically_filtered;structurally_curated
fi,v1,2,1105,1130,suuren,suuren,suuren,unknown,suuren,wordfreq:fi,wordfreq_seeded;deterministically_filtered;structurally_curated
fi,v1,2,1106,1131,tietoja,tietoja,tietoja,unknown,tietoja,wordfreq:fi,wordfreq_seeded;deterministically_filtered;structurally_curated
fi,v1,2,1107,1132,toisessa,toisessa,toisessa,unknown,toisessa,wordfreq:fi,wordfreq_seeded;deterministically_filtered;structurally_curated
fi,v1,2,1108,1133,uskoa,uskoa,uskoa,unknown,uskoa,wordfreq:fi,wordfreq_seeded;deterministically_filtered;structurally_curated
fi,v1,2,1109,1134,ylös,ylös,ylös,unknown,ylös,wordfreq:fi,wordfreq_seeded;deterministically_filtered;structurally_curated
fi,v1,2,1110,1135,aluksi,aluksi,aluksi,unknown,aluksi,wordfreq:fi,wordfreq_seeded;deterministically_filtered;structurally_curated
fi,v1,2,1111,1136,de,de,de,unknown,de,wordfreq:fi,wordfreq_seeded;deterministically_filtered;structurally_curated
fi,v1,2,1112,1137,em,em,em,unknown,em,wordfreq:fi,wordfreq_seeded;deterministically_filtered;structurally_curated
fi,v1,2,1113,1138,ihme,ihme,ihme,unknown,ihme,wordfreq:fi,wordfreq_seeded;deterministically_filtered;structurally_curated
fi,v1,2,1114,1139,ikävä,ikävä,ikävä,unknown,ikävä,wordfreq:fi,wordfreq_seeded;deterministically_filtered;structurally_curated
fi,v1,2,1115,1140,jäljellä,jäljellä,jäljellä,unknown,jäljellä,wordfreq:fi,wordfreq_seeded;deterministically_filtered;structurally_curated
fi,v1,2,1116,1141,kaikesta,kaikesta,kaikesta,unknown,kaikesta,wordfreq:fi,wordfreq_seeded;deterministically_filtered;structurally_curated
fi,v1,2,1117,1142,kaikissa,kaikissa,kaikissa,unknown,kaikissa,wordfreq:fi,wordfreq_seeded;deterministically_filtered;structurally_curated
fi,v1,2,1118,1143,katsomaan,katsomaan,katsomaan,unknown,katsomaan,wordfreq:fi,wordfreq_seeded;deterministically_filtered;structurally_curated
fi,v1,2,1119,1144,koulu,koulu,koulu,unknown,koulu,wordfreq:fi,wordfreq_seeded;deterministically_filtered;structurally_curated
fi,v1,2,1120,1145,miettiä,miettiä,miettiä,unknown,miettiä,wordfreq:fi,wordfreq_seeded;deterministically_filtered;structurally_curated
fi,v1,2,1121,1146,mukavaa,mukavaa,mukavaa,unknown,mukavaa,wordfreq:fi,wordfreq_seeded;deterministically_filtered;structurally_curated
fi,v1,2,1122,1147,olevansa,olevansa,olevansa,unknown,olevansa,wordfreq:fi,wordfreq_seeded;deterministically_filtered;structurally_curated
fi,v1,2,1123,1148,osin,osin,osin,unknown,osin,wordfreq:fi,wordfreq_seeded;deterministically_filtered;structurally_curated
fi,v1,2,1124,1149,puolen,puolen,puolen,unknown,puolen,wordfreq:fi,wordfreq_seeded;deterministically_filtered;structurally_curated
fi,v1,2,1125,1150,päässyt,päässyt,päässyt,unknown,päässyt,wordfreq:fi,wordfreq_seeded;deterministically_filtered;structurally_curated
fi,v1,2,1126,1151,selittää,selittää,selittää,unknown,selittää,wordfreq:fi,wordfreq_seeded;deterministically_filtered;structurally_curated
fi,v1,2,1127,1152,seuraavaksi,seuraavaksi,seuraavaksi,unknown,seuraavaksi,wordfreq:fi,wordfreq_seeded;deterministically_filtered;structurally_curated
fi,v1,2,1128,1153,suurempi,suurempi,suurempi,unknown,suurempi,wordfreq:fi,wordfreq_seeded;deterministically_filtered;structurally_curated
fi,v1,2,1129,1154,taida,taida,taida,unknown,taida,wordfreq:fi,wordfreq_seeded;deterministically_filtered;structurally_curated
fi,v1,2,1130,1155,tilanteessa,tilanteessa,tilanteessa,unknown,tilanteessa,wordfreq:fi,wordfreq_seeded;deterministically_filtered;structurally_curated
fi,v1,2,1131,1156,tälle,tälle,tälle,unknown,tälle,wordfreq:fi,wordfreq_seeded;deterministically_filtered;structurally_curated
fi,v1,2,1132,1157,vaikkapa,vaikkapa,vaikkapa,unknown,vaikkapa,wordfreq:fi,wordfreq_seeded;deterministically_filtered;structurally_curated
fi,v1,2,1133,1158,vanhan,vanhan,vanhan,unknown,vanhan,wordfreq:fi,wordfreq_seeded;deterministically_filtered;structurally_curated
fi,v1,2,1134,1159,vei,vei,vei,unknown,vei,wordfreq:fi,wordfreq_seeded;deterministically_filtered;structurally_curated
fi,v1,2,1135,1160,välissä,välissä,välissä,unknown,välissä,wordfreq:fi,wordfreq_seeded;deterministically_filtered;structurally_curated
fi,v1,2,1136,1161,yritysten,yritysten,yritysten,unknown,yritysten,wordfreq:fi,wordfreq_seeded;deterministically_filtered;structurally_curated
fi,v1,2,1137,1162,esille,esille,esille,unknown,esille,wordfreq:fi,wordfreq_seeded;deterministically_filtered;structurally_curated
fi,v1,2,1138,1163,huomiota,huomiota,huomiota,unknown,huomiota,wordfreq:fi,wordfreq_seeded;deterministically_filtered;structurally_curated
fi,v1,2,1139,1164,jaksa,jaksa,jaksa,unknown,jaksa,wordfreq:fi,wordfreq_seeded;deterministically_filtered;structurally_curated
fi,v1,2,1140,1165,juttuja,juttuja,juttuja,unknown,juttuja,wordfreq:fi,wordfreq_seeded;deterministically_filtered;structurally_curated
fi,v1,2,1141,1166,keskustelua,keskustelua,keskustelua,unknown,keskustelua,wordfreq:fi,wordfreq_seeded;deterministically_filtered;structurally_curated
fi,v1,2,1142,1167,kesän,kesän,kesän,unknown,kesän,wordfreq:fi,wordfreq_seeded;deterministically_filtered;structurally_curated
fi,v1,2,1143,1168,kuuluvat,kuuluvat,kuuluvat,unknown,kuuluvat,wordfreq:fi,wordfreq_seeded;deterministically_filtered;structurally_curated
fi,v1,2,1144,1169,lähettää,lähettää,lähettää,unknown,lähettää,wordfreq:fi,wordfreq_seeded;deterministically_filtered;structurally_curated
fi,v1,2,1145,1170,malli,malli,malli,unknown,malli,wordfreq:fi,wordfreq_seeded;deterministically_filtered;structurally_curated
fi,v1,2,1146,1171,mielessä,mielessä,mielessä,unknown,mielessä,wordfreq:fi,wordfreq_seeded;deterministically_filtered;structurally_curated
fi,v1,2,1147,1172,mieli,mieli,mieli,unknown,mieli,wordfreq:fi,wordfreq_seeded;deterministically_filtered;structurally_curated
fi,v1,2,1148,1173,mietin,mietin,mietin,unknown,mietin,wordfreq:fi,wordfreq_seeded;deterministically_filtered;structurally_curated
fi,v1,2,1149,1174,mikko,mikko,mikko,unknown,mikko,wordfreq:fi,wordfreq_seeded;deterministically_filtered;structurally_curated
fi,v1,2,1150,1175,niinpä,niinpä,niinpä,unknown,niinpä,wordfreq:fi,wordfreq_seeded;deterministically_filtered;structurally_curated
fi,v1,2,1151,1176,ollenkaan,ollenkaan,ollenkaan,unknown,ollenkaan,wordfreq:fi,wordfreq_seeded;deterministically_filtered;structurally_curated
fi,v1,2,1152,1177,ottelussa,ottelussa,ottelussa,unknown,ottelussa,wordfreq:fi,wordfreq_seeded;deterministically_filtered;structurally_curated
fi,v1,2,1153,1178,parempaa,parempaa,parempaa,unknown,parempaa,wordfreq:fi,wordfreq_seeded;deterministically_filtered;structurally_curated
fi,v1,2,1154,1179,parhaat,parhaat,parhaat,unknown,parhaat,wordfreq:fi,wordfreq_seeded;deterministically_filtered;structurally_curated
fi,v1,2,1155,1180,pyytää,pyytää,pyytää,unknown,pyytää,wordfreq:fi,wordfreq_seeded;deterministically_filtered;structurally_curated
fi,v1,2,1156,1181,päivässä,päivässä,päivässä,unknown,päivässä,wordfreq:fi,wordfreq_seeded;deterministically_filtered;structurally_curated
fi,v1,2,1157,1182,rakentaa,rakentaa,rakentaa,unknown,rakentaa,wordfreq:fi,wordfreq_seeded;deterministically_filtered;structurally_curated
fi,v1,2,1158,1183,sodan,sodan,sodan,unknown,sodan,wordfreq:fi,wordfreq_seeded;deterministically_filtered;structurally_curated
fi,v1,2,1159,1184,tapaan,tapaan,tapaan,unknown,tapaan,wordfreq:fi,wordfreq_seeded;deterministically_filtered;structurally_curated
fi,v1,2,1160,1185,tavoitteena,tavoitteena,tavoitteena,unknown,tavoitteena,wordfreq:fi,wordfreq_seeded;deterministically_filtered;structurally_curated
fi,v1,2,1161,1186,toiseksi,toiseksi,toiseksi,unknown,toiseksi,wordfreq:fi,wordfreq_seeded;deterministically_filtered;structurally_curated
fi,v1,2,1162,1187,tuoda,tuoda,tuoda,unknown,tuoda,wordfreq:fi,wordfreq_seeded;deterministically_filtered;structurally_curated
fi,v1,2,1163,1188,viimeisen,viimeisen,viimeisen,unknown,viimeisen,wordfreq:fi,wordfreq_seeded;deterministically_filtered;structurally_curated
fi,v1,2,1164,1189,alue,alue,alue,unknown,alue,wordfreq:fi,wordfreq_seeded;deterministically_filtered;structurally_curated
fi,v1,2,1165,1190,anteeksi,anteeksi,anteeksi,unknown,anteeksi,wordfreq:fi,wordfreq_seeded;deterministically_filtered;structurally_curated
fi,v1,2,1166,1191,entä,entä,entä,unknown,entä,wordfreq:fi,wordfreq_seeded;deterministically_filtered;structurally_curated
fi,v1,2,1167,1192,haluaisin,haluaisin,haluaisin,unknown,haluaisin,wordfreq:fi,wordfreq_seeded;deterministically_filtered;structurally_curated
fi,v1,2,1168,1193,halusi,halusi,halusi,unknown,halusi,wordfreq:fi,wordfreq_seeded;deterministically_filtered;structurally_curated
fi,v1,2,1169,1194,huonosti,huonosti,huonosti,unknown,huonosti,wordfreq:fi,wordfreq_seeded;deterministically_filtered;structurally_curated
fi,v1,2,1170,1195,hyväksi,hyväksi,hyväksi,unknown,hyväksi,wordfreq:fi,wordfreq_seeded;deterministically_filtered;structurally_curated
fi,v1,2,1171,1196,j,j,j,unknown,j,wordfreq:fi,wordfreq_seeded;deterministically_filtered;structurally_curated
fi,v1,2,1172,1197,jätti,jätti,jätti,unknown,jätti,wordfreq:fi,wordfreq_seeded;deterministically_filtered;structurally_curated
fi,v1,2,1173,1198,kaupan,kaupan,kaupan,unknown,kaupan,wordfreq:fi,wordfreq_seeded;deterministically_filtered;structurally_curated
fi,v1,2,1174,1199,maata,maata,maata,unknown,maata,wordfreq:fi,wordfreq_seeded;deterministically_filtered;structurally_curated
fi,v1,2,1175,1200,min,min,min,unknown,min,wordfreq:fi,wordfreq_seeded;deterministically_filtered;structurally_curated
fi,v1,2,1176,1201,mitkä,mitkä,mitkä,unknown,mitkä,wordfreq:fi,wordfreq_seeded;deterministically_filtered;structurally_curated
fi,v1,2,1177,1202,mulle,mulle,mulle,unknown,mulle,wordfreq:fi,wordfreq_seeded;deterministically_filtered;structurally_curated
fi,v1,2,1178,1203,nykyinen,nykyinen,nykyinen,unknown,nykyinen,wordfreq:fi,wordfreq_seeded;deterministically_filtered;structurally_curated
fi,v1,2,1179,1204,nykyisin,nykyisin,nykyisin,unknown,nykyisin,wordfreq:fi,wordfreq_seeded;deterministically_filtered;structurally_curated
fi,v1,2,1180,1205,ohjelma,ohjelma,ohjelma,unknown,ohjelma,wordfreq:fi,wordfreq_seeded;deterministically_filtered;structurally_curated
fi,v1,2,1181,1206,ois,ois,ois,unknown,ois,wordfreq:fi,wordfreq_seeded;deterministically_filtered;structurally_curated
fi,v1,2,1182,1207,olo,olo,olo,unknown,olo,wordfreq:fi,wordfreq_seeded;deterministically_filtered;structurally_curated
fi,v1,2,1183,1208,pelata,pelata,pelata,unknown,pelata,wordfreq:fi,wordfreq_seeded;deterministically_filtered;structurally_curated
fi,v1,2,1184,1209,pitkin,pitkin,pitkin,unknown,pitkin,wordfreq:fi,wordfreq_seeded;deterministically_filtered;structurally_curated
fi,v1,2,1185,1210,saaneet,saaneet,saaneet,unknown,saaneet,wordfreq:fi,wordfreq_seeded;deterministically_filtered;structurally_curated
fi,v1,2,1186,1211,sanotaan,sanotaan,sanotaan,unknown,sanotaan,wordfreq:fi,wordfreq_seeded;deterministically_filtered;structurally_curated
fi,v1,2,1187,1212,sarja,sarja,sarja,unknown,sarja,wordfreq:fi,wordfreq_seeded;deterministically_filtered;structurally_curated
fi,v1,2,1188,1213,syksyllä,syksyllä,syksyllä,unknown,syksyllä,wordfreq:fi,wordfreq_seeded;deterministically_filtered;structurally_curated
fi,v1,2,1189,1214,syntynyt,syntynyt,syntynyt,unknown,syntynyt,wordfreq:fi,wordfreq_seeded;deterministically_filtered;structurally_curated
fi,v1,2,1190,1215,tilalle,tilalle,tilalle,unknown,tilalle,wordfreq:fi,wordfreq_seeded;deterministically_filtered;structurally_curated
fi,v1,2,1191,1216,vaikutus,vaikutus,vaikutus,unknown,vaikutus,wordfreq:fi,wordfreq_seeded;deterministically_filtered;structurally_curated
fi,v1,2,1192,1217,viikossa,viikossa,viikossa,unknown,viikossa,wordfreq:fi,wordfreq_seeded;deterministically_filtered;structurally_curated
fi,v1,2,1193,1218,you,you,you,unknown,you,wordfreq:fi,wordfreq_seeded;deterministically_filtered;structurally_curated
fi,v1,2,1194,1219,yritykset,yritykset,yritykset,unknown,yritykset,wordfreq:fi,wordfreq_seeded;deterministically_filtered;structurally_curated
fi,v1,2,1195,1220,ajatella,ajatella,ajatella,unknown,ajatella,wordfreq:fi,wordfreq_seeded;deterministically_filtered;structurally_curated
fi,v1,2,1196,1221,enempää,enempää,enempää,unknown,enempää,wordfreq:fi,wordfreq_seeded;deterministically_filtered;structurally_curated
fi,v1,2,1197,1222,haluaisi,haluaisi,haluaisi,unknown,haluaisi,wordfreq:fi,wordfreq_seeded;deterministically_filtered;structurally_curated
fi,v1,2,1198,1223,halunnut,halunnut,halunnut,unknown,halunnut,wordfreq:fi,wordfreq_seeded;deterministically_filtered;structurally_curated
fi,v1,2,1199,1224,järjestää,järjestää,järjestää,unknown,järjestää,wordfreq:fi,wordfreq_seeded;deterministically_filtered;structurally_curated
fi,v1,2,1200,1225,lasta,lasta,lasta,unknown,lasta,wordfreq:fi,wordfreq_seeded;deterministically_filtered;structurally_curated
fi,v1,2,1201,1226,lienee,lienee,lienee,unknown,lienee,wordfreq:fi,wordfreq_seeded;deterministically_filtered;structurally_curated
fi,v1,2,1202,1227,lukee,lukee,lukee,unknown,lukee,wordfreq:fi,wordfreq_seeded;deterministically_filtered;structurally_curated
fi,v1,2,1203,1228,maailmaa,maailmaa,maailmaa,unknown,maailmaa,wordfreq:fi,wordfreq_seeded;deterministically_filtered;structurally_curated
fi,v1,2,1204,1229,media,media,media,unknown,media,wordfreq:fi,wordfreq_seeded;deterministically_filtered;structurally_curated
fi,v1,2,1205,1230,minuutin,minuutin,minuutin,unknown,minuutin,wordfreq:fi,wordfreq_seeded;deterministically_filtered;structurally_curated
fi,v1,2,1206,1231,näytä,näytä,näytä,unknown,näytä,wordfreq:fi,wordfreq_seeded;deterministically_filtered;structurally_curated
fi,v1,2,1207,1232,osoittaa,osoittaa,osoittaa,unknown,osoittaa,wordfreq:fi,wordfreq_seeded;deterministically_filtered;structurally_curated
fi,v1,2,1208,1233,parhaiten,parhaiten,parhaiten,unknown,parhaiten,wordfreq:fi,wordfreq_seeded;deterministically_filtered;structurally_curated
fi,v1,2,1209,1234,pelit,pelit,pelit,unknown,pelit,wordfreq:fi,wordfreq_seeded;deterministically_filtered;structurally_curated
fi,v1,2,1210,1235,pääministeri,pääministeri,pääministeri,unknown,pääministeri,wordfreq:fi,wordfreq_seeded;deterministically_filtered;structurally_curated
fi,v1,2,1211,1236,runsaasti,runsaasti,runsaasti,unknown,runsaasti,wordfreq:fi,wordfreq_seeded;deterministically_filtered;structurally_curated
fi,v1,2,1212,1237,sota,sota,sota,unknown,sota,wordfreq:fi,wordfreq_seeded;deterministically_filtered;structurally_curated
fi,v1,2,1213,1238,syntyi,syntyi,syntyi,unknown,syntyi,wordfreq:fi,wordfreq_seeded;deterministically_filtered;structurally_curated
fi,v1,2,1214,1239,tytöt,tytöt,tytöt,unknown,tytöt,wordfreq:fi,wordfreq_seeded;deterministically_filtered;structurally_curated
fi,v1,2,1215,1240,uuteen,uuteen,uuteen,unknown,uuteen,wordfreq:fi,wordfreq_seeded;deterministically_filtered;structurally_curated
fi,v1,2,1216,1241,vahvasti,vahvasti,vahvasti,unknown,vahvasti,wordfreq:fi,wordfreq_seeded;deterministically_filtered;structurally_curated
fi,v1,2,1217,1242,vastaus,vastaus,vastaus,unknown,vastaus,wordfreq:fi,wordfreq_seeded;deterministically_filtered;structurally_curated
fi,v1,2,1218,1243,vieläkin,vieläkin,vieläkin,unknown,vieläkin,wordfreq:fi,wordfreq_seeded;deterministically_filtered;structurally_curated
fi,v1,2,1219,1244,aloitti,aloitti,aloitti,unknown,aloitti,wordfreq:fi,wordfreq_seeded;deterministically_filtered;structurally_curated
fi,v1,2,1220,1245,ansiosta,ansiosta,ansiosta,unknown,ansiosta,wordfreq:fi,wordfreq_seeded;deterministically_filtered;structurally_curated
fi,v1,2,1221,1246,edellä,edellä,edellä,unknown,edellä,wordfreq:fi,wordfreq_seeded;deterministically_filtered;structurally_curated
fi,v1,2,1222,1247,elokuvan,elokuvan,elokuvan,unknown,elokuvan,wordfreq:fi,wordfreq_seeded;deterministically_filtered;structurally_curated
fi,v1,2,1223,1248,eräs,eräs,eräs,unknown,eräs,wordfreq:fi,wordfreq_seeded;deterministically_filtered;structurally_curated
fi,v1,2,1224,1249,g,g,g,unknown,g,wordfreq:fi,wordfreq_seeded;deterministically_filtered;structurally_curated
fi,v1,2,1225,1250,hiukan,hiukan,hiukan,unknown,hiukan,wordfreq:fi,wordfreq_seeded;deterministically_filtered;structurally_curated
fi,v1,2,1226,1251,jutun,jutun,jutun,unknown,jutun,wordfreq:fi,wordfreq_seeded;deterministically_filtered;structurally_curated
fi,v1,2,1227,1252,katsotaan,katsotaan,katsotaan,unknown,katsotaan,wordfreq:fi,wordfreq_seeded;deterministically_filtered;structurally_curated
fi,v1,2,1228,1253,keskustan,keskustan,keskustan,unknown,keskustan,wordfreq:fi,wordfreq_seeded;deterministically_filtered;structurally_curated
fi,v1,2,1229,1254,kirjoitti,kirjoitti,kirjoitti,unknown,kirjoitti,wordfreq:fi,wordfreq_seeded;deterministically_filtered;structurally_curated
fi,v1,2,1230,1255,koulussa,koulussa,koulussa,unknown,koulussa,wordfreq:fi,wordfreq_seeded;deterministically_filtered;structurally_curated
fi,v1,2,1231,1256,merkitystä,merkitystä,merkitystä,unknown,merkitystä,wordfreq:fi,wordfreq_seeded;deterministically_filtered;structurally_curated
fi,v1,2,1232,1257,millään,millään,millään,unknown,millään,wordfreq:fi,wordfreq_seeded;deterministically_filtered;structurally_curated
fi,v1,2,1233,1258,muka,muka,muka,unknown,muka,wordfreq:fi,wordfreq_seeded;deterministically_filtered;structurally_curated
fi,v1,2,1234,1259,näissä,näissä,näissä,unknown,näissä,wordfreq:fi,wordfreq_seeded;deterministically_filtered;structurally_curated
fi,v1,2,1235,1260,olisiko,olisiko,olisiko,unknown,olisiko,wordfreq:fi,wordfreq_seeded;deterministically_filtered;structurally_curated
fi,v1,2,1236,1261,parissa,parissa,parissa,unknown,parissa,wordfreq:fi,wordfreq_seeded;deterministically_filtered;structurally_curated
fi,v1,2,1237,1262,paskaa,paskaa,paskaa,unknown,paskaa,wordfreq:fi,wordfreq_seeded;deterministically_filtered;structurally_curated
fi,v1,2,1238,1263,pelkkä,pelkkä,pelkkä,unknown,pelkkä,wordfreq:fi,wordfreq_seeded;deterministically_filtered;structurally_curated
fi,v1,2,1239,1264,puolue,puolue,puolue,unknown,puolue,wordfreq:fi,wordfreq_seeded;deterministically_filtered;structurally_curated
fi,v1,2,1240,1265,selvittää,selvittää,selvittää,unknown,selvittää,wordfreq:fi,wordfreq_seeded;deterministically_filtered;structurally_curated
fi,v1,2,1241,1266,tuohon,tuohon,tuohon,unknown,tuohon,wordfreq:fi,wordfreq_seeded;deterministically_filtered;structurally_curated
fi,v1,2,1242,1267,ulkona,ulkona,ulkona,unknown,ulkona,wordfreq:fi,wordfreq_seeded;deterministically_filtered;structurally_curated
fi,v1,2,1243,1268,vaimo,vaimo,vaimo,unknown,vaimo,wordfreq:fi,wordfreq_seeded;deterministically_filtered;structurally_curated
fi,v1,2,1244,1269,vähentää,vähentää,vähentää,unknown,vähentää,wordfreq:fi,wordfreq_seeded;deterministically_filtered;structurally_curated
fi,v1,2,1245,1271,auta,auta,auta,unknown,auta,wordfreq:fi,wordfreq_seeded;deterministically_filtered;structurally_curated
fi,v1,2,1246,1272,eivätkä,eivätkä,eivätkä,unknown,eivätkä,wordfreq:fi,wordfreq_seeded;deterministically_filtered;structurally_curated
fi,v1,2,1247,1273,halutaan,halutaan,halutaan,unknown,halutaan,wordfreq:fi,wordfreq_seeded;deterministically_filtered;structurally_curated
fi,v1,2,1248,1274,heidät,heidät,heidät,unknown,heidät,wordfreq:fi,wordfreq_seeded;deterministically_filtered;structurally_curated
fi,v1,2,1249,1275,jatkossa,jatkossa,jatkossa,unknown,jatkossa,wordfreq:fi,wordfreq_seeded;deterministically_filtered;structurally_curated
fi,v1,2,1250,1276,joihin,joihin,joihin,unknown,joihin,wordfreq:fi,wordfreq_seeded;deterministically_filtered;structurally_curated
fi,v1,2,1251,1277,kansan,kansan,kansan,unknown,kansan,wordfreq:fi,wordfreq_seeded;deterministically_filtered;structurally_curated
fi,v1,2,1252,1278,kaupungissa,kaupungissa,kaupungissa,unknown,kaupungissa,wordfreq:fi,wordfreq_seeded;deterministically_filtered;structurally_curated
fi,v1,2,1253,1279,koulutus,koulutus,koulutus,unknown,koulutus,wordfreq:fi,wordfreq_seeded;deterministically_filtered;structurally_curated
fi,v1,2,1254,1280,käyttöä,käyttöä,käyttöä,unknown,käyttöä,wordfreq:fi,wordfreq_seeded;deterministically_filtered;structurally_curated
fi,v1,2,1255,1281,laita,laita,laita,unknown,laita,wordfreq:fi,wordfreq_seeded;deterministically_filtered;structurally_curated
fi,v1,2,1256,1282,merkittävä,merkittävä,merkittävä,unknown,merkittävä,wordfreq:fi,wordfreq_seeded;deterministically_filtered;structurally_curated
fi,v1,2,1257,1283,michael,michael,michael,unknown,michael,wordfreq:fi,wordfreq_seeded;deterministically_filtered;structurally_curated
fi,v1,2,1258,1284,mitenkään,mitenkään,mitenkään,unknown,mitenkään,wordfreq:fi,wordfreq_seeded;deterministically_filtered;structurally_curated
fi,v1,2,1259,1285,mukaisesti,mukaisesti,mukaisesti,unknown,mukaisesti,wordfreq:fi,wordfreq_seeded;deterministically_filtered;structurally_curated
fi,v1,2,1260,1286,nimenomaan,nimenomaan,nimenomaan,unknown,nimenomaan,wordfreq:fi,wordfreq_seeded;deterministically_filtered;structurally_curated
fi,v1,2,1261,1287,ottanut,ottanut,ottanut,unknown,ottanut,wordfreq:fi,wordfreq_seeded;deterministically_filtered;structurally_curated
fi,v1,2,1262,1288,paikassa,paikassa,paikassa,unknown,paikassa,wordfreq:fi,wordfreq_seeded;deterministically_filtered;structurally_curated
fi,v1,2,1263,1289,parantaa,parantaa,parantaa,unknown,parantaa,wordfreq:fi,wordfreq_seeded;deterministically_filtered;structurally_curated
fi,v1,2,1264,1290,perjantaina,perjantaina,perjantaina,unknown,perjantaina,wordfreq:fi,wordfreq_seeded;deterministically_filtered;structurally_curated
fi,v1,2,1265,1291,pysyy,pysyy,pysyy,unknown,pysyy,wordfreq:fi,wordfreq_seeded;deterministically_filtered;structurally_curated
fi,v1,2,1266,1292,seurauksena,seurauksena,seurauksena,unknown,seurauksena,wordfreq:fi,wordfreq_seeded;deterministically_filtered;structurally_curated
fi,v1,2,1267,1293,taisi,taisi,taisi,unknown,taisi,wordfreq:fi,wordfreq_seeded;deterministically_filtered;structurally_curated
fi,v1,2,1268,1294,tapaa,tapaa,tapaa,unknown,tapaa,wordfreq:fi,wordfreq_seeded;deterministically_filtered;structurally_curated
fi,v1,2,1269,1295,tie,tie,tie,unknown,tie,wordfreq:fi,wordfreq_seeded;deterministically_filtered;structurally_curated
fi,v1,2,1270,1296,tiedon,tiedon,tiedon,unknown,tiedon,wordfreq:fi,wordfreq_seeded;deterministically_filtered;structurally_curated
fi,v1,2,1271,1297,tien,tien,tien,unknown,tien,wordfreq:fi,wordfreq_seeded;deterministically_filtered;structurally_curated
fi,v1,2,1272,1298,toiminnan,toiminnan,toiminnan,unknown,toiminnan,wordfreq:fi,wordfreq_seeded;deterministically_filtered;structurally_curated
fi,v1,2,1273,1299,tyyppi,tyyppi,tyyppi,unknown,tyyppi,wordfreq:fi,wordfreq_seeded;deterministically_filtered;structurally_curated
fi,v1,2,1274,1300,täydellinen,täydellinen,täydellinen,unknown,täydellinen,wordfreq:fi,wordfreq_seeded;deterministically_filtered;structurally_curated
fi,v1,2,1275,1301,valinta,valinta,valinta,unknown,valinta,wordfreq:fi,wordfreq_seeded;deterministically_filtered;structurally_curated
fi,v1,2,1276,1302,valmiiksi,valmiiksi,valmiiksi,unknown,valmiiksi,wordfreq:fi,wordfreq_seeded;deterministically_filtered;structurally_curated
fi,v1,2,1277,1303,viedä,viedä,viedä,unknown,viedä,wordfreq:fi,wordfreq_seeded;deterministically_filtered;structurally_curated
fi,v1,2,1278,1304,viesti,viesti,viesti,unknown,viesti,wordfreq:fi,wordfreq_seeded;deterministically_filtered;structurally_curated
fi,v1,2,1279,1305,yötä,yötä,yötä,unknown,yötä,wordfreq:fi,wordfreq_seeded;deterministically_filtered;structurally_curated
fi,v1,2,1280,1306,aikoina,aikoina,aikoina,unknown,aikoina,wordfreq:fi,wordfreq_seeded;deterministically_filtered;structurally_curated
fi,v1,2,1281,1307,alkanut,alkanut,alkanut,unknown,alkanut,wordfreq:fi,wordfreq_seeded;deterministically_filtered;structurally_curated
fi,v1,2,1282,1308,avaa,avaa,avaa,unknown,avaa,wordfreq:fi,wordfreq_seeded;deterministically_filtered;structurally_curated
fi,v1,2,1283,1309,entistä,entistä,entistä,unknown,entistä,wordfreq:fi,wordfreq_seeded;deterministically_filtered;structurally_curated
fi,v1,2,1284,1310,eroon,eroon,eroon,unknown,eroon,wordfreq:fi,wordfreq_seeded;deterministically_filtered;structurally_curated
fi,v1,2,1285,1311,esimerkki,esimerkki,esimerkki,unknown,esimerkki,wordfreq:fi,wordfreq_seeded;deterministically_filtered;structurally_curated
fi,v1,2,1286,1312,helvetin,helvetin,helvetin,unknown,helvetin,wordfreq:fi,wordfreq_seeded;deterministically_filtered;structurally_curated
fi,v1,2,1287,1313,jussi,jussi,jussi,unknown,jussi,wordfreq:fi,wordfreq_seeded;deterministically_filtered;structurally_curated
fi,v1,2,1288,1314,kiinan,kiinan,kiinan,unknown,kiinan,wordfreq:fi,wordfreq_seeded;deterministically_filtered;structurally_curated
fi,v1,2,1289,1315,kilometrin,kilometrin,kilometrin,unknown,kilometrin,wordfreq:fi,wordfreq_seeded;deterministically_filtered;structurally_curated
fi,v1,2,1290,1316,kunnan,kunnan,kunnan,unknown,kunnan,wordfreq:fi,wordfreq_seeded;deterministically_filtered;structurally_curated
fi,v1,2,1291,1317,lahden,lahden,lahden,unknown,lahden,wordfreq:fi,wordfreq_seeded;deterministically_filtered;structurally_curated
fi,v1,2,1292,1318,lisätä,lisätä,lisätä,unknown,lisätä,wordfreq:fi,wordfreq_seeded;deterministically_filtered;structurally_curated
fi,v1,2,1293,1319,luultavasti,luultavasti,luultavasti,unknown,luultavasti,wordfreq:fi,wordfreq_seeded;deterministically_filtered;structurally_curated
fi,v1,2,1294,1320,muihin,muihin,muihin,unknown,muihin,wordfreq:fi,wordfreq_seeded;deterministically_filtered;structurally_curated
fi,v1,2,1295,1321,muille,muille,muille,unknown,muille,wordfreq:fi,wordfreq_seeded;deterministically_filtered;structurally_curated
fi,v1,2,1296,1322,neljän,neljän,neljän,unknown,neljän,wordfreq:fi,wordfreq_seeded;deterministically_filtered;structurally_curated
fi,v1,2,1297,1323,pelasi,pelasi,pelasi,unknown,pelasi,wordfreq:fi,wordfreq_seeded;deterministically_filtered;structurally_curated
fi,v1,2,1298,1324,pitkälle,pitkälle,pitkälle,unknown,pitkälle,wordfreq:fi,wordfreq_seeded;deterministically_filtered;structurally_curated
fi,v1,2,1299,1325,pää,pää,pää,unknown,pää,wordfreq:fi,wordfreq_seeded;deterministically_filtered;structurally_curated
fi,v1,2,1300,1326,ryhmän,ryhmän,ryhmän,unknown,ryhmän,wordfreq:fi,wordfreq_seeded;deterministically_filtered;structurally_curated
fi,v1,2,1301,1327,sellaisia,sellaisia,sellaisia,unknown,sellaisia,wordfreq:fi,wordfreq_seeded;deterministically_filtered;structurally_curated
fi,v1,2,1302,1328,selvä,selvä,selvä,unknown,selvä,wordfreq:fi,wordfreq_seeded;deterministically_filtered;structurally_curated
fi,v1,2,1303,1329,suurta,suurta,suurta,unknown,suurta,wordfreq:fi,wordfreq_seeded;deterministically_filtered;structurally_curated
fi,v1,2,1304,1330,tutkimuksen,tutkimuksen,tutkimuksen,unknown,tutkimuksen,wordfreq:fi,wordfreq_seeded;deterministically_filtered;structurally_curated
fi,v1,2,1305,1331,viiden,viiden,viiden,unknown,viiden,wordfreq:fi,wordfreq_seeded;deterministically_filtered;structurally_curated
fi,v1,2,1306,1332,yhtiö,yhtiö,yhtiö,unknown,yhtiö,wordfreq:fi,wordfreq_seeded;deterministically_filtered;structurally_curated
fi,v1,2,1307,1333,yritti,yritti,yritti,unknown,yritti,wordfreq:fi,wordfreq_seeded;deterministically_filtered;structurally_curated
fi,v1,2,1308,1334,yön,yön,yön,unknown,yön,wordfreq:fi,wordfreq_seeded;deterministically_filtered;structurally_curated
fi,v1,2,1309,1336,by,by,by,unknown,by,wordfreq:fi,wordfreq_seeded;deterministically_filtered;structurally_curated
fi,v1,2,1310,1337,david,david,david,unknown,david,wordfreq:fi,wordfreq_seeded;deterministically_filtered;structurally_curated
fi,v1,2,1311,1338,huomaa,huomaa,huomaa,unknown,huomaa,wordfreq:fi,wordfreq_seeded;deterministically_filtered;structurally_curated
fi,v1,2,1312,1339,johtuu,johtuu,johtuu,unknown,johtuu,wordfreq:fi,wordfreq_seeded;deterministically_filtered;structurally_curated
fi,v1,2,1313,1340,keskimäärin,keskimäärin,keskimäärin,unknown,keskimäärin,wordfreq:fi,wordfreq_seeded;deterministically_filtered;structurally_curated
fi,v1,2,1314,1341,kokeilla,kokeilla,kokeilla,unknown,kokeilla,wordfreq:fi,wordfreq_seeded;deterministically_filtered;structurally_curated
fi,v1,2,1315,1342,kuluttua,kuluttua,kuluttua,unknown,kuluttua,wordfreq:fi,wordfreq_seeded;deterministically_filtered;structurally_curated
fi,v1,2,1316,1343,laskee,laskee,laskee,unknown,laskee,wordfreq:fi,wordfreq_seeded;deterministically_filtered;structurally_curated
fi,v1,2,1317,1344,maalin,maalin,maalin,unknown,maalin,wordfreq:fi,wordfreq_seeded;deterministically_filtered;structurally_curated
fi,v1,2,1318,1345,mihinkään,mihinkään,mihinkään,unknown,mihinkään,wordfreq:fi,wordfreq_seeded;deterministically_filtered;structurally_curated
fi,v1,2,1319,1346,minäkin,minäkin,minäkin,unknown,minäkin,wordfreq:fi,wordfreq_seeded;deterministically_filtered;structurally_curated
fi,v1,2,1320,1347,muuttunut,muuttunut,muuttunut,unknown,muuttunut,wordfreq:fi,wordfreq_seeded;deterministically_filtered;structurally_curated
fi,v1,2,1321,1348,onnistunut,onnistunut,onnistunut,unknown,onnistunut,wordfreq:fi,wordfreq_seeded;deterministically_filtered;structurally_curated
fi,v1,2,1322,1349,paikkaa,paikkaa,paikkaa,unknown,paikkaa,wordfreq:fi,wordfreq_seeded;deterministically_filtered;structurally_curated
fi,v1,2,1323,1350,pelannut,pelannut,pelannut,unknown,pelannut,wordfreq:fi,wordfreq_seeded;deterministically_filtered;structurally_curated
fi,v1,2,1324,1351,peliä,peliä,peliä,unknown,peliä,wordfreq:fi,wordfreq_seeded;deterministically_filtered;structurally_curated
fi,v1,2,1325,1352,pitävät,pitävät,pitävät,unknown,pitävät,wordfreq:fi,wordfreq_seeded;deterministically_filtered;structurally_curated
fi,v1,2,1326,1353,soittaa,soittaa,soittaa,unknown,soittaa,wordfreq:fi,wordfreq_seeded;deterministically_filtered;structurally_curated
fi,v1,2,1327,1354,taakse,taakse,taakse,unknown,taakse,wordfreq:fi,wordfreq_seeded;deterministically_filtered;structurally_curated
fi,v1,2,1328,1355,teille,teille,teille,unknown,teille,wordfreq:fi,wordfreq_seeded;deterministically_filtered;structurally_curated
fi,v1,2,1329,1356,todellinen,todellinen,todellinen,unknown,todellinen,wordfreq:fi,wordfreq_seeded;deterministically_filtered;structurally_curated
fi,v1,2,1330,1357,tulevaisuudessa,tulevaisuudessa,tulevaisuudessa,unknown,tulevaisuudessa,wordfreq:fi,wordfreq_seeded;deterministically_filtered;structurally_curated
fi,v1,2,1331,1358,venäjällä,venäjällä,venäjällä,unknown,venäjällä,wordfreq:fi,wordfreq_seeded;deterministically_filtered;structurally_curated
fi,v1,2,1332,1359,yleisesti,yleisesti,yleisesti,unknown,yleisesti,wordfreq:fi,wordfreq_seeded;deterministically_filtered;structurally_curated
fi,v1,2,1333,1360,annetaan,annetaan,annetaan,unknown,annetaan,wordfreq:fi,wordfreq_seeded;deterministically_filtered;structurally_curated
fi,v1,2,1334,1361,ensimmäiset,ensimmäiset,ensimmäiset,unknown,ensimmäiset,wordfreq:fi,wordfreq_seeded;deterministically_filtered;structurally_curated
fi,v1,2,1335,1362,erikseen,erikseen,erikseen,unknown,erikseen,wordfreq:fi,wordfreq_seeded;deterministically_filtered;structurally_curated
fi,v1,2,1336,1363,etukäteen,etukäteen,etukäteen,unknown,etukäteen,wordfreq:fi,wordfreq_seeded;deterministically_filtered;structurally_curated
fi,v1,2,1337,1364,joukkoon,joukkoon,joukkoon,unknown,joukkoon,wordfreq:fi,wordfreq_seeded;deterministically_filtered;structurally_curated
fi,v1,2,1338,1365,jumalan,jumalan,jumalan,unknown,jumalan,wordfreq:fi,wordfreq_seeded;deterministically_filtered;structurally_curated
fi,v1,2,1339,1366,katsoo,katsoo,katsoo,unknown,katsoo,wordfreq:fi,wordfreq_seeded;deterministically_filtered;structurally_curated
fi,v1,2,1340,1367,kaukana,kaukana,kaukana,unknown,kaukana,wordfreq:fi,wordfreq_seeded;deterministically_filtered;structurally_curated
fi,v1,2,1341,1368,kestä,kestä,kestä,unknown,kestä,wordfreq:fi,wordfreq_seeded;deterministically_filtered;structurally_curated
fi,v1,2,1342,1369,kieli,kieli,kieli,unknown,kieli,wordfreq:fi,wordfreq_seeded;deterministically_filtered;structurally_curated
fi,v1,2,1343,1370,korkea,korkea,korkea,unknown,korkea,wordfreq:fi,wordfreq_seeded;deterministically_filtered;structurally_curated
fi,v1,2,1344,1371,koskee,koskee,koskee,unknown,koskee,wordfreq:fi,wordfreq_seeded;deterministically_filtered;structurally_curated
fi,v1,2,1345,1372,kulkee,kulkee,kulkee,unknown,kulkee,wordfreq:fi,wordfreq_seeded;deterministically_filtered;structurally_curated
fi,v1,2,1346,1373,lahti,lahti,lahti,unknown,lahti,wordfreq:fi,wordfreq_seeded;deterministically_filtered;structurally_curated
fi,v1,2,1347,1374,lailla,lailla,lailla,unknown,lailla,wordfreq:fi,wordfreq_seeded;deterministically_filtered;structurally_curated
fi,v1,2,1348,1375,liiga,liiga,liiga,unknown,liiga,wordfreq:fi,wordfreq_seeded;deterministically_filtered;structurally_curated
fi,v1,2,1349,1376,luku,luku,luku,unknown,luku,wordfreq:fi,wordfreq_seeded;deterministically_filtered;structurally_curated
fi,v1,2,1350,1377,mahtavaa,mahtavaa,mahtavaa,unknown,mahtavaa,wordfreq:fi,wordfreq_seeded;deterministically_filtered;structurally_curated
fi,v1,2,1351,1378,maissa,maissa,maissa,unknown,maissa,wordfreq:fi,wordfreq_seeded;deterministically_filtered;structurally_curated
fi,v1,2,1352,1379,metrin,metrin,metrin,unknown,metrin,wordfreq:fi,wordfreq_seeded;deterministically_filtered;structurally_curated
fi,v1,2,1353,1380,metriä,metriä,metriä,unknown,metriä,wordfreq:fi,wordfreq_seeded;deterministically_filtered;structurally_curated
fi,v1,2,1354,1381,muistuttaa,muistuttaa,muistuttaa,unknown,muistuttaa,wordfreq:fi,wordfreq_seeded;deterministically_filtered;structurally_curated
fi,v1,2,1355,1382,myöntää,myöntää,myöntää,unknown,myöntää,wordfreq:fi,wordfreq_seeded;deterministically_filtered;structurally_curated
fi,v1,2,1356,1383,nimittäin,nimittäin,nimittäin,unknown,nimittäin,wordfreq:fi,wordfreq_seeded;deterministically_filtered;structurally_curated
fi,v1,2,1357,1384,onnistuu,onnistuu,onnistuu,unknown,onnistuu,wordfreq:fi,wordfreq_seeded;deterministically_filtered;structurally_curated
fi,v1,2,1358,1385,pelissä,pelissä,pelissä,unknown,pelissä,wordfreq:fi,wordfreq_seeded;deterministically_filtered;structurally_curated
fi,v1,2,1359,1386,pientä,pientä,pientä,unknown,pientä,wordfreq:fi,wordfreq_seeded;deterministically_filtered;structurally_curated
fi,v1,2,1360,1387,puuttuu,puuttuu,puuttuu,unknown,puuttuu,wordfreq:fi,wordfreq_seeded;deterministically_filtered;structurally_curated
fi,v1,2,1361,1388,sarjassa,sarjassa,sarjassa,unknown,sarjassa,wordfreq:fi,wordfreq_seeded;deterministically_filtered;structurally_curated
fi,v1,2,1362,1389,seurata,seurata,seurata,unknown,seurata,wordfreq:fi,wordfreq_seeded;deterministically_filtered;structurally_curated
fi,v1,2,1363,1390,sijaitsee,sijaitsee,sijaitsee,unknown,sijaitsee,wordfreq:fi,wordfreq_seeded;deterministically_filtered;structurally_curated
fi,v1,2,1364,1391,tappaa,tappaa,tappaa,unknown,tappaa,wordfreq:fi,wordfreq_seeded;deterministically_filtered;structurally_curated
fi,v1,2,1365,1392,tietenkään,tietenkään,tietenkään,unknown,tietenkään,wordfreq:fi,wordfreq_seeded;deterministically_filtered;structurally_curated
fi,v1,2,1366,1393,tuntui,tuntui,tuntui,unknown,tuntui,wordfreq:fi,wordfreq_seeded;deterministically_filtered;structurally_curated
fi,v1,2,1367,1394,tykkää,tykkää,tykkää,unknown,tykkää,wordfreq:fi,wordfreq_seeded;deterministically_filtered;structurally_curated
fi,v1,2,1368,1395,voimme,voimme,voimme,unknown,voimme,wordfreq:fi,wordfreq_seeded;deterministically_filtered;structurally_curated
fi,v1,2,1369,1396,aikojen,aikojen,aikojen,unknown,aikojen,wordfreq:fi,wordfreq_seeded;deterministically_filtered;structurally_curated
fi,v1,2,1370,1397,alun,alun,alun,unknown,alun,wordfreq:fi,wordfreq_seeded;deterministically_filtered;structurally_curated
fi,v1,2,1371,1398,dollaria,dollaria,dollaria,unknown,dollaria,wordfreq:fi,wordfreq_seeded;deterministically_filtered;structurally_curated
fi,v1,2,1372,1400,ilmoitti,ilmoitti,ilmoitti,unknown,ilmoitti,wordfreq:fi,wordfreq_seeded;deterministically_filtered;structurally_curated
fi,v1,2,1373,1401,ison,ison,ison,unknown,ison,wordfreq:fi,wordfreq_seeded;deterministically_filtered;structurally_curated
fi,v1,2,1374,1402,jep,jep,jep,unknown,jep,wordfreq:fi,wordfreq_seeded;deterministically_filtered;structurally_curated
fi,v1,2,1375,1403,joukossa,joukossa,joukossa,unknown,joukossa,wordfreq:fi,wordfreq_seeded;deterministically_filtered;structurally_curated
fi,v1,2,1376,1404,juu,juu,juu,unknown,juu,wordfreq:fi,wordfreq_seeded;deterministically_filtered;structurally_curated
fi,v1,2,1377,1405,kuvassa,kuvassa,kuvassa,unknown,kuvassa,wordfreq:fi,wordfreq_seeded;deterministically_filtered;structurally_curated
fi,v1,2,1378,1406,käytöstä,käytöstä,käytöstä,unknown,käytöstä,wordfreq:fi,wordfreq_seeded;deterministically_filtered;structurally_curated
fi,v1,2,1379,1407,laki,laki,laki,unknown,laki,wordfreq:fi,wordfreq_seeded;deterministically_filtered;structurally_curated
fi,v1,2,1380,1408,liigan,liigan,liigan,unknown,liigan,wordfreq:fi,wordfreq_seeded;deterministically_filtered;structurally_curated
fi,v1,2,1381,1409,loppu,loppu,loppu,unknown,loppu,wordfreq:fi,wordfreq_seeded;deterministically_filtered;structurally_curated
fi,v1,2,1382,1410,lupaa,lupaa,lupaa,unknown,lupaa,wordfreq:fi,wordfreq_seeded;deterministically_filtered;structurally_curated
fi,v1,2,1383,1411,mahtava,mahtava,mahtava,unknown,mahtava,wordfreq:fi,wordfreq_seeded;deterministically_filtered;structurally_curated
fi,v1,2,1384,1412,maiden,maiden,maiden,unknown,maiden,wordfreq:fi,wordfreq_seeded;deterministically_filtered;structurally_curated
fi,v1,2,1385,1413,mistään,mistään,mistään,unknown,mistään,wordfreq:fi,wordfreq_seeded;deterministically_filtered;structurally_curated
fi,v1,2,1386,1414,nhl,nhl,nhl,unknown,nhl,wordfreq:fi,wordfreq_seeded;deterministically_filtered;structurally_curated
fi,v1,2,1387,1415,nimen,nimen,nimen,unknown,nimen,wordfreq:fi,wordfreq_seeded;deterministically_filtered;structurally_curated
fi,v1,2,1388,1416,olikin,olikin,olikin,unknown,olikin,wordfreq:fi,wordfreq_seeded;deterministically_filtered;structurally_curated
fi,v1,2,1389,1417,olleen,olleen,olleen,unknown,olleen,wordfreq:fi,wordfreq_seeded;deterministically_filtered;structurally_curated
fi,v1,2,1390,1418,puolelle,puolelle,puolelle,unknown,puolelle,wordfreq:fi,wordfreq_seeded;deterministically_filtered;structurally_curated
fi,v1,2,1391,1419,radio,radio,radio,unknown,radio,wordfreq:fi,wordfreq_seeded;deterministically_filtered;structurally_curated
fi,v1,2,1392,1420,seuran,seuran,seuran,unknown,seuran,wordfreq:fi,wordfreq_seeded;deterministically_filtered;structurally_curated
fi,v1,2,1393,1421,toiselle,toiselle,toiselle,unknown,toiselle,wordfreq:fi,wordfreq_seeded;deterministically_filtered;structurally_curated
fi,v1,2,1394,1422,toiset,toiset,toiset,unknown,toiset,wordfreq:fi,wordfreq_seeded;deterministically_filtered;structurally_curated
fi,v1,2,1395,1423,toistaiseksi,toistaiseksi,toistaiseksi,unknown,toistaiseksi,wordfreq:fi,wordfreq_seeded;deterministically_filtered;structurally_curated
fi,v1,2,1396,1424,tuttu,tuttu,tuttu,unknown,tuttu,wordfreq:fi,wordfreq_seeded;deterministically_filtered;structurally_curated
fi,v1,2,1397,1425,tyytyväinen,tyytyväinen,tyytyväinen,unknown,tyytyväinen,wordfreq:fi,wordfreq_seeded;deterministically_filtered;structurally_curated
fi,v1,2,1398,1426,voiko,voiko,voiko,unknown,voiko,wordfreq:fi,wordfreq_seeded;deterministically_filtered;structurally_curated
fi,v1,2,1399,1427,väärässä,väärässä,väärässä,unknown,väärässä,wordfreq:fi,wordfreq_seeded;deterministically_filtered;structurally_curated
fi,v1,2,1400,1428,ääni,ääni,ääni,unknown,ääni,wordfreq:fi,wordfreq_seeded;deterministically_filtered;structurally_curated
fi,v1,2,1401,1429,al,al,al,unknown,al,wordfreq:fi,wordfreq_seeded;deterministically_filtered;structurally_curated
fi,v1,2,1402,1430,alkavat,alkavat,alkavat,unknown,alkavat,wordfreq:fi,wordfreq_seeded;deterministically_filtered;structurally_curated
fi,v1,2,1403,1432,harvoin,harvoin,harvoin,unknown,harvoin,wordfreq:fi,wordfreq_seeded;deterministically_filtered;structurally_curated
fi,v1,2,1404,1433,hinnat,hinnat,hinnat,unknown,hinnat,wordfreq:fi,wordfreq_seeded;deterministically_filtered;structurally_curated
fi,v1,2,1405,1434,historian,historian,historian,unknown,historian,wordfreq:fi,wordfreq_seeded;deterministically_filtered;structurally_curated
fi,v1,2,1406,1435,hyötyä,hyötyä,hyötyä,unknown,hyötyä,wordfreq:fi,wordfreq_seeded;deterministically_filtered;structurally_curated
fi,v1,2,1407,1436,isot,isot,isot,unknown,isot,wordfreq:fi,wordfreq_seeded;deterministically_filtered;structurally_curated
fi,v1,2,1408,1437,julkaisi,julkaisi,julkaisi,unknown,julkaisi,wordfreq:fi,wordfreq_seeded;deterministically_filtered;structurally_curated
fi,v1,2,1409,1438,kielen,kielen,kielen,unknown,kielen,wordfreq:fi,wordfreq_seeded;deterministically_filtered;structurally_curated
fi,v1,2,1410,1439,linja,linja,linja,unknown,linja,wordfreq:fi,wordfreq_seeded;deterministically_filtered;structurally_curated
fi,v1,2,1411,1440,länsi,länsi,länsi,unknown,länsi,wordfreq:fi,wordfreq_seeded;deterministically_filtered;structurally_curated
fi,v1,2,1412,1441,median,median,median,unknown,median,wordfreq:fi,wordfreq_seeded;deterministically_filtered;structurally_curated
fi,v1,2,1413,1442,monen,monen,monen,unknown,monen,wordfreq:fi,wordfreq_seeded;deterministically_filtered;structurally_curated
fi,v1,2,1414,1443,muutkin,muutkin,muutkin,unknown,muutkin,wordfreq:fi,wordfreq_seeded;deterministically_filtered;structurally_curated
fi,v1,2,1415,1444,naista,naista,naista,unknown,naista,wordfreq:fi,wordfreq_seeded;deterministically_filtered;structurally_curated
fi,v1,2,1416,1445,ohjelman,ohjelman,ohjelman,unknown,ohjelman,wordfreq:fi,wordfreq_seeded;deterministically_filtered;structurally_curated
fi,v1,2,1417,1446,okei,okei,okei,unknown,okei,wordfreq:fi,wordfreq_seeded;deterministically_filtered;structurally_curated
fi,v1,2,1418,1447,olekaan,olekaan,olekaan,unknown,olekaan,wordfreq:fi,wordfreq_seeded;deterministically_filtered;structurally_curated
fi,v1,2,1419,1448,omien,omien,omien,unknown,omien,wordfreq:fi,wordfreq_seeded;deterministically_filtered;structurally_curated
fi,v1,2,1420,1449,opettaja,opettaja,opettaja,unknown,opettaja,wordfreq:fi,wordfreq_seeded;deterministically_filtered;structurally_curated
fi,v1,2,1421,1450,oppia,oppia,oppia,unknown,oppia,wordfreq:fi,wordfreq_seeded;deterministically_filtered;structurally_curated
fi,v1,2,1422,1451,osittain,osittain,osittain,unknown,osittain,wordfreq:fi,wordfreq_seeded;deterministically_filtered;structurally_curated
fi,v1,2,1423,1452,ottelua,ottelua,ottelua,unknown,ottelua,wordfreq:fi,wordfreq_seeded;deterministically_filtered;structurally_curated
fi,v1,2,1424,1453,perässä,perässä,perässä,unknown,perässä,wordfreq:fi,wordfreq_seeded;deterministically_filtered;structurally_curated
fi,v1,2,1425,1454,seuraavat,seuraavat,seuraavat,unknown,seuraavat,wordfreq:fi,wordfreq_seeded;deterministically_filtered;structurally_curated
fi,v1,2,1426,1455,suuret,suuret,suuret,unknown,suuret,wordfreq:fi,wordfreq_seeded;deterministically_filtered;structurally_curated
fi,v1,2,1427,1456,tarjota,tarjota,tarjota,unknown,tarjota,wordfreq:fi,wordfreq_seeded;deterministically_filtered;structurally_curated
fi,v1,2,1428,1457,tekisi,tekisi,tekisi,unknown,tekisi,wordfreq:fi,wordfreq_seeded;deterministically_filtered;structurally_curated
fi,v1,2,1429,1458,toimiva,toimiva,toimiva,unknown,toimiva,wordfreq:fi,wordfreq_seeded;deterministically_filtered;structurally_curated
fi,v1,2,1430,1459,tuki,tuki,tuki,unknown,tuki,wordfreq:fi,wordfreq_seeded;deterministically_filtered;structurally_curated
fi,v1,2,1431,1460,uutisia,uutisia,uutisia,unknown,uutisia,wordfreq:fi,wordfreq_seeded;deterministically_filtered;structurally_curated
fi,v1,2,1432,1461,vieressä,vieressä,vieressä,unknown,vieressä,wordfreq:fi,wordfreq_seeded;deterministically_filtered;structurally_curated
fi,v1,2,1433,1462,ville,ville,ville,unknown,ville,wordfreq:fi,wordfreq_seeded;deterministically_filtered;structurally_curated
fi,v1,2,1434,1463,vuosittain,vuosittain,vuosittain,unknown,vuosittain,wordfreq:fi,wordfreq_seeded;deterministically_filtered;structurally_curated
fi,v1,2,1435,1464,yleinen,yleinen,yleinen,unknown,yleinen,wordfreq:fi,wordfreq_seeded;deterministically_filtered;structurally_curated
fi,v1,2,1436,1465,yliopisto,yliopisto,yliopisto,unknown,yliopisto,wordfreq:fi,wordfreq_seeded;deterministically_filtered;structurally_curated
fi,v1,2,1437,1466,yönä,yönä,yönä,unknown,yönä,wordfreq:fi,wordfreq_seeded;deterministically_filtered;structurally_curated
fi,v1,2,1438,1467,asiakas,asiakas,asiakas,unknown,asiakas,wordfreq:fi,wordfreq_seeded;deterministically_filtered;structurally_curated
fi,v1,2,1439,1468,eiköhän,eiköhän,eiköhän,unknown,eiköhän,wordfreq:fi,wordfreq_seeded;deterministically_filtered;structurally_curated
fi,v1,2,1440,1469,ero,ero,ero,unknown,ero,wordfreq:fi,wordfreq_seeded;deterministically_filtered;structurally_curated
fi,v1,2,1441,1470,etteivät,etteivät,etteivät,unknown,etteivät,wordfreq:fi,wordfreq_seeded;deterministically_filtered;structurally_curated
fi,v1,2,1442,1471,heittää,heittää,heittää,unknown,heittää,wordfreq:fi,wordfreq_seeded;deterministically_filtered;structurally_curated
fi,v1,2,1443,1472,henkilöä,henkilöä,henkilöä,unknown,henkilöä,wordfreq:fi,wordfreq_seeded;deterministically_filtered;structurally_curated
fi,v1,2,1444,1473,kenenkään,kenenkään,kenenkään,unknown,kenenkään,wordfreq:fi,wordfreq_seeded;deterministically_filtered;structurally_curated
fi,v1,2,1445,1474,kivaa,kivaa,kivaa,unknown,kivaa,wordfreq:fi,wordfreq_seeded;deterministically_filtered;structurally_curated
fi,v1,2,1446,1475,kokemus,kokemus,kokemus,unknown,kokemus,wordfreq:fi,wordfreq_seeded;deterministically_filtered;structurally_curated
fi,v1,2,1447,1476,kolmannen,kolmannen,kolmannen,unknown,kolmannen,wordfreq:fi,wordfreq_seeded;deterministically_filtered;structurally_curated
fi,v1,2,1448,1477,mieluummin,mieluummin,mieluummin,unknown,mieluummin,wordfreq:fi,wordfreq_seeded;deterministically_filtered;structurally_curated
fi,v1,2,1449,1478,miljoonan,miljoonan,miljoonan,unknown,miljoonan,wordfreq:fi,wordfreq_seeded;deterministically_filtered;structurally_curated
fi,v1,2,1450,1479,oltava,oltava,oltava,unknown,oltava,wordfreq:fi,wordfreq_seeded;deterministically_filtered;structurally_curated
fi,v1,2,1451,1480,otettu,otettu,otettu,unknown,otettu,wordfreq:fi,wordfreq_seeded;deterministically_filtered;structurally_curated
fi,v1,2,1452,1481,pienet,pienet,pienet,unknown,pienet,wordfreq:fi,wordfreq_seeded;deterministically_filtered;structurally_curated
fi,v1,2,1453,1482,puhelin,puhelin,puhelin,unknown,puhelin,wordfreq:fi,wordfreq_seeded;deterministically_filtered;structurally_curated
fi,v1,2,1454,1483,raha,raha,raha,unknown,raha,wordfreq:fi,wordfreq_seeded;deterministically_filtered;structurally_curated
fi,v1,2,1455,1484,riippuu,riippuu,riippuu,unknown,riippuu,wordfreq:fi,wordfreq_seeded;deterministically_filtered;structurally_curated
fi,v1,2,1456,1485,suhteessa,suhteessa,suhteessa,unknown,suhteessa,wordfreq:fi,wordfreq_seeded;deterministically_filtered;structurally_curated
fi,v1,2,1457,1486,suomeksi,suomeksi,suomeksi,unknown,suomeksi,wordfreq:fi,wordfreq_seeded;deterministically_filtered;structurally_curated
fi,v1,2,1458,1487,syyskuussa,syyskuussa,syyskuussa,unknown,syyskuussa,wordfreq:fi,wordfreq_seeded;deterministically_filtered;structurally_curated
fi,v1,2,1459,1488,talo,talo,talo,unknown,talo,wordfreq:fi,wordfreq_seeded;deterministically_filtered;structurally_curated
fi,v1,2,1460,1489,tampereella,tampereella,tampereella,unknown,tampereella,wordfreq:fi,wordfreq_seeded;deterministically_filtered;structurally_curated
fi,v1,2,1461,1490,tiedossa,tiedossa,tiedossa,unknown,tiedossa,wordfreq:fi,wordfreq_seeded;deterministically_filtered;structurally_curated
fi,v1,2,1462,1491,tilanteen,tilanteen,tilanteen,unknown,tilanteen,wordfreq:fi,wordfreq_seeded;deterministically_filtered;structurally_curated
fi,v1,2,1463,1492,todellakaan,todellakaan,todellakaan,unknown,todellakaan,wordfreq:fi,wordfreq_seeded;deterministically_filtered;structurally_curated
fi,v1,2,1464,1494,aikoinaan,aikoinaan,aikoinaan,unknown,aikoinaan,wordfreq:fi,wordfreq_seeded;deterministically_filtered;structurally_curated
fi,v1,2,1465,1495,alkuun,alkuun,alkuun,unknown,alkuun,wordfreq:fi,wordfreq_seeded;deterministically_filtered;structurally_curated
fi,v1,2,1466,1496,antanut,antanut,antanut,unknown,antanut,wordfreq:fi,wordfreq_seeded;deterministically_filtered;structurally_curated
fi,v1,2,1467,1497,elokuussa,elokuussa,elokuussa,unknown,elokuussa,wordfreq:fi,wordfreq_seeded;deterministically_filtered;structurally_curated
fi,v1,2,1468,1498,hiljaa,hiljaa,hiljaa,unknown,hiljaa,wordfreq:fi,wordfreq_seeded;deterministically_filtered;structurally_curated
fi,v1,2,1469,1499,itsestään,itsestään,itsestään,unknown,itsestään,wordfreq:fi,wordfreq_seeded;deterministically_filtered;structurally_curated
fi,v1,2,1470,1500,kaikkiaan,kaikkiaan,kaikkiaan,unknown,kaikkiaan,wordfreq:fi,wordfreq_seeded;deterministically_filtered;structurally_curated
fi,v1,2,1471,1501,kari,kari,kari,unknown,kari,wordfreq:fi,wordfreq_seeded;deterministically_filtered;structurally_curated
fi,v1,2,1472,1502,kulttuuri,kulttuuri,kulttuuri,unknown,kulttuuri,wordfreq:fi,wordfreq_seeded;deterministically_filtered;structurally_curated
fi,v1,2,1473,1503,laulu,laulu,laulu,unknown,laulu,wordfreq:fi,wordfreq_seeded;deterministically_filtered;structurally_curated
fi,v1,2,1474,1504,liikenne,liikenne,liikenne,unknown,liikenne,wordfreq:fi,wordfreq_seeded;deterministically_filtered;structurally_curated
fi,v1,2,1475,1505,maasta,maasta,maasta,unknown,maasta,wordfreq:fi,wordfreq_seeded;deterministically_filtered;structurally_curated
fi,v1,2,1476,1506,maria,maria,maria,unknown,maria,wordfreq:fi,wordfreq_seeded;deterministically_filtered;structurally_curated
fi,v1,2,1477,1507,merkitys,merkitys,merkitys,unknown,merkitys,wordfreq:fi,wordfreq_seeded;deterministically_filtered;structurally_curated
fi,v1,2,1478,1508,millainen,millainen,millainen,unknown,millainen,wordfreq:fi,wordfreq_seeded;deterministically_filtered;structurally_curated
fi,v1,2,1479,1509,musiikki,musiikki,musiikki,unknown,musiikki,wordfreq:fi,wordfreq_seeded;deterministically_filtered;structurally_curated
fi,v1,2,1480,1510,musiikkia,musiikkia,musiikkia,unknown,musiikkia,wordfreq:fi,wordfreq_seeded;deterministically_filtered;structurally_curated
fi,v1,2,1481,1511,määrää,määrää,määrää,unknown,määrää,wordfreq:fi,wordfreq_seeded;deterministically_filtered;structurally_curated
fi,v1,2,1482,1512,näihin,näihin,näihin,unknown,näihin,wordfreq:fi,wordfreq_seeded;deterministically_filtered;structurally_curated
fi,v1,2,1483,1513,omassa,omassa,omassa,unknown,omassa,wordfreq:fi,wordfreq_seeded;deterministically_filtered;structurally_curated
fi,v1,2,1484,1514,pahasti,pahasti,pahasti,unknown,pahasti,wordfreq:fi,wordfreq_seeded;deterministically_filtered;structurally_curated
fi,v1,2,1485,1515,perään,perään,perään,unknown,perään,wordfreq:fi,wordfreq_seeded;deterministically_filtered;structurally_curated
fi,v1,2,1486,1516,pojan,pojan,pojan,unknown,pojan,wordfreq:fi,wordfreq_seeded;deterministically_filtered;structurally_curated
fi,v1,2,1487,1517,päättyi,päättyi,päättyi,unknown,päättyi,wordfreq:fi,wordfreq_seeded;deterministically_filtered;structurally_curated
fi,v1,2,1488,1518,saksassa,saksassa,saksassa,unknown,saksassa,wordfreq:fi,wordfreq_seeded;deterministically_filtered;structurally_curated
fi,v1,2,1489,1519,sunnuntaina,sunnuntaina,sunnuntaina,unknown,sunnuntaina,wordfreq:fi,wordfreq_seeded;deterministically_filtered;structurally_curated
fi,v1,2,1490,1520,teet,teet,teet,unknown,teet,wordfreq:fi,wordfreq_seeded;deterministically_filtered;structurally_curated
fi,v1,2,1491,1521,tulevaisuus,tulevaisuus,tulevaisuus,unknown,tulevaisuus,wordfreq:fi,wordfreq_seeded;deterministically_filtered;structurally_curated
fi,v1,2,1492,1522,urheilu,urheilu,urheilu,unknown,urheilu,wordfreq:fi,wordfreq_seeded;deterministically_filtered;structurally_curated
fi,v1,2,1493,1523,uskoo,uskoo,uskoo,unknown,uskoo,wordfreq:fi,wordfreq_seeded;deterministically_filtered;structurally_curated
fi,v1,2,1494,1524,uusien,uusien,uusien,unknown,uusien,wordfreq:fi,wordfreq_seeded;deterministically_filtered;structurally_curated
fi,v1,2,1495,1525,valmiina,valmiina,valmiina,unknown,valmiina,wordfreq:fi,wordfreq_seeded;deterministically_filtered;structurally_curated
fi,v1,2,1496,1526,vastata,vastata,vastata,unknown,vastata,wordfreq:fi,wordfreq_seeded;deterministically_filtered;structurally_curated
fi,v1,2,1497,1527,versio,versio,versio,unknown,versio,wordfreq:fi,wordfreq_seeded;deterministically_filtered;structurally_curated
fi,v1,2,1498,1528,vuotiaana,vuotiaana,vuotiaana,unknown,vuotiaana,wordfreq:fi,wordfreq_seeded;deterministically_filtered;structurally_curated
fi,v1,2,1499,1529,yhdeksän,yhdeksän,yhdeksän,unknown,yhdeksän,wordfreq:fi,wordfreq_seeded;deterministically_filtered;structurally_curated
fi,v1,2,1500,1530,yllätys,yllätys,yllätys,unknown,yllätys,wordfreq:fi,wordfreq_seeded;deterministically_filtered;structurally_curated
fi,v1,2,1501,1531,armeijan,armeijan,armeijan,unknown,armeijan,wordfreq:fi,wordfreq_seeded;deterministically_filtered;structurally_curated
fi,v1,2,1502,1532,autoa,autoa,autoa,unknown,autoa,wordfreq:fi,wordfreq_seeded;deterministically_filtered;structurally_curated
fi,v1,2,1503,1533,cm,cm,cm,unknown,cm,wordfreq:fi,wordfreq_seeded;deterministically_filtered;structurally_curated
fi,v1,2,1504,1534,f,f,f,unknown,f,wordfreq:fi,wordfreq_seeded;deterministically_filtered;structurally_curated
fi,v1,2,1505,1535,jari,jari,jari,unknown,jari,wordfreq:fi,wordfreq_seeded;deterministically_filtered;structurally_curated
fi,v1,2,1506,1536,jukka,jukka,jukka,unknown,jukka,wordfreq:fi,wordfreq_seeded;deterministically_filtered;structurally_curated
fi,v1,2,1507,1537,kaikkein,kaikkein,kaikkein,unknown,kaikkein,wordfreq:fi,wordfreq_seeded;deterministically_filtered;structurally_curated
fi,v1,2,1508,1538,kone,kone,kone,unknown,kone,wordfreq:fi,wordfreq_seeded;deterministically_filtered;structurally_curated
fi,v1,2,1509,1539,lapsille,lapsille,lapsille,unknown,lapsille,wordfreq:fi,wordfreq_seeded;deterministically_filtered;structurally_curated
fi,v1,2,1510,1540,liike,liike,liike,unknown,liike,wordfreq:fi,wordfreq_seeded;deterministically_filtered;structurally_curated
fi,v1,2,1511,1541,matkaa,matkaa,matkaa,unknown,matkaa,wordfreq:fi,wordfreq_seeded;deterministically_filtered;structurally_curated
fi,v1,2,1512,1542,meistä,meistä,meistä,unknown,meistä,wordfreq:fi,wordfreq_seeded;deterministically_filtered;structurally_curated
fi,v1,2,1513,1543,muutakin,muutakin,muutakin,unknown,muutakin,wordfreq:fi,wordfreq_seeded;deterministically_filtered;structurally_curated
fi,v1,2,1514,1544,muutoksia,muutoksia,muutoksia,unknown,muutoksia,wordfreq:fi,wordfreq_seeded;deterministically_filtered;structurally_curated
fi,v1,2,1515,1545,myydä,myydä,myydä,unknown,myydä,wordfreq:fi,wordfreq_seeded;deterministically_filtered;structurally_curated
fi,v1,2,1516,1546,määrän,määrän,määrän,unknown,määrän,wordfreq:fi,wordfreq_seeded;deterministically_filtered;structurally_curated
fi,v1,2,1517,1547,oikeuden,oikeuden,oikeuden,unknown,oikeuden,wordfreq:fi,wordfreq_seeded;deterministically_filtered;structurally_curated
fi,v1,2,1518,1548,palvelut,palvelut,palvelut,unknown,palvelut,wordfreq:fi,wordfreq_seeded;deterministically_filtered;structurally_curated
fi,v1,2,1519,1549,poistaa,poistaa,poistaa,unknown,poistaa,wordfreq:fi,wordfreq_seeded;deterministically_filtered;structurally_curated
fi,v1,2,1520,1550,ranskan,ranskan,ranskan,unknown,ranskan,wordfreq:fi,wordfreq_seeded;deterministically_filtered;structurally_curated
fi,v1,2,1521,1551,samat,samat,samat,unknown,samat,wordfreq:fi,wordfreq_seeded;deterministically_filtered;structurally_curated
fi,v1,2,1522,1552,sanonut,sanonut,sanonut,unknown,sanonut,wordfreq:fi,wordfreq_seeded;deterministically_filtered;structurally_curated
fi,v1,2,1523,1553,siirtää,siirtää,siirtää,unknown,siirtää,wordfreq:fi,wordfreq_seeded;deterministically_filtered;structurally_curated
fi,v1,2,1524,1554,sopimus,sopimus,sopimus,unknown,sopimus,wordfreq:fi,wordfreq_seeded;deterministically_filtered;structurally_curated
fi,v1,2,1525,1555,tapaus,tapaus,tapaus,unknown,tapaus,wordfreq:fi,wordfreq_seeded;deterministically_filtered;structurally_curated
fi,v1,2,1526,1556,tavallaan,tavallaan,tavallaan,unknown,tavallaan,wordfreq:fi,wordfreq_seeded;deterministically_filtered;structurally_curated
fi,v1,2,1527,1557,tehneet,tehneet,tehneet,unknown,tehneet,wordfreq:fi,wordfreq_seeded;deterministically_filtered;structurally_curated
fi,v1,2,1528,1558,teillä,teillä,teillä,unknown,teillä,wordfreq:fi,wordfreq_seeded;deterministically_filtered;structurally_curated
fi,v1,2,1529,1559,tekijä,tekijä,tekijä,unknown,tekijä,wordfreq:fi,wordfreq_seeded;deterministically_filtered;structurally_curated
fi,v1,2,1530,1560,tilannetta,tilannetta,tilannetta,unknown,tilannetta,wordfreq:fi,wordfreq_seeded;deterministically_filtered;structurally_curated
fi,v1,2,1531,1561,todellakin,todellakin,todellakin,unknown,todellakin,wordfreq:fi,wordfreq_seeded;deterministically_filtered;structurally_curated
fi,v1,2,1532,1562,tärkein,tärkein,tärkein,unknown,tärkein,wordfreq:fi,wordfreq_seeded;deterministically_filtered;structurally_curated
fi,v1,2,1533,1563,u,u,u,unknown,u,wordfreq:fi,wordfreq_seeded;deterministically_filtered;structurally_curated
fi,v1,2,1534,1564,valkoinen,valkoinen,valkoinen,unknown,valkoinen,wordfreq:fi,wordfreq_seeded;deterministically_filtered;structurally_curated
fi,v1,2,1535,1565,vesi,vesi,vesi,unknown,vesi,wordfreq:fi,wordfreq_seeded;deterministically_filtered;structurally_curated
fi,v1,2,1536,1566,viikonloppuna,viikonloppuna,viikonloppuna,unknown,viikonloppuna,wordfreq:fi,wordfreq_seeded;deterministically_filtered;structurally_curated
fi,v1,2,1537,1567,vuodelta,vuodelta,vuodelta,unknown,vuodelta,wordfreq:fi,wordfreq_seeded;deterministically_filtered;structurally_curated
fi,v1,2,1538,1568,välittömästi,välittömästi,välittömästi,unknown,välittömästi,wordfreq:fi,wordfreq_seeded;deterministically_filtered;structurally_curated
fi,v1,2,1539,1569,äidin,äidin,äidin,unknown,äidin,wordfreq:fi,wordfreq_seeded;deterministically_filtered;structurally_curated
fi,v1,2,1540,1570,aikanaan,aikanaan,aikanaan,unknown,aikanaan,wordfreq:fi,wordfreq_seeded;deterministically_filtered;structurally_curated
fi,v1,2,1541,1571,alueelle,alueelle,alueelle,unknown,alueelle,wordfreq:fi,wordfreq_seeded;deterministically_filtered;structurally_curated
fi,v1,2,1542,1572,elämään,elämään,elämään,unknown,elämään,wordfreq:fi,wordfreq_seeded;deterministically_filtered;structurally_curated
fi,v1,2,1543,1573,herra,herra,herra,unknown,herra,wordfreq:fi,wordfreq_seeded;deterministically_filtered;structurally_curated
fi,v1,2,1544,1574,hienosti,hienosti,hienosti,unknown,hienosti,wordfreq:fi,wordfreq_seeded;deterministically_filtered;structurally_curated
fi,v1,2,1545,1575,ilmaiseksi,ilmaiseksi,ilmaiseksi,unknown,ilmaiseksi,wordfreq:fi,wordfreq_seeded;deterministically_filtered;structurally_curated
fi,v1,2,1546,1576,jaa,jaa,jaa,unknown,jaa,wordfreq:fi,wordfreq_seeded;deterministically_filtered;structurally_curated
fi,v1,2,1547,1577,kansa,kansa,kansa,unknown,kansa,wordfreq:fi,wordfreq_seeded;deterministically_filtered;structurally_curated
fi,v1,2,1548,1578,kilometriä,kilometriä,kilometriä,unknown,kilometriä,wordfreq:fi,wordfreq_seeded;deterministically_filtered;structurally_curated
fi,v1,2,1549,1579,kisoissa,kisoissa,kisoissa,unknown,kisoissa,wordfreq:fi,wordfreq_seeded;deterministically_filtered;structurally_curated
fi,v1,2,1550,1580,kokoomuksen,kokoomuksen,kokoomuksen,unknown,kokoomuksen,wordfreq:fi,wordfreq_seeded;deterministically_filtered;structurally_curated
fi,v1,2,1551,1581,kuvitella,kuvitella,kuvitella,unknown,kuvitella,wordfreq:fi,wordfreq_seeded;deterministically_filtered;structurally_curated
fi,v1,2,1552,1582,liiton,liiton,liiton,unknown,liiton,wordfreq:fi,wordfreq_seeded;deterministically_filtered;structurally_curated
fi,v1,2,1553,1583,loistava,loistava,loistava,unknown,loistava,wordfreq:fi,wordfreq_seeded;deterministically_filtered;structurally_curated
fi,v1,2,1554,1584,lääkäri,lääkäri,lääkäri,unknown,lääkäri,wordfreq:fi,wordfreq_seeded;deterministically_filtered;structurally_curated
fi,v1,2,1555,1585,löytänyt,löytänyt,löytänyt,unknown,löytänyt,wordfreq:fi,wordfreq_seeded;deterministically_filtered;structurally_curated
fi,v1,2,1556,1586,mahdollisuuksia,mahdollisuuksia,mahdollisuuksia,unknown,mahdollisuuksia,wordfreq:fi,wordfreq_seeded;deterministically_filtered;structurally_curated
fi,v1,2,1557,1587,mielenkiintoista,mielenkiintoista,mielenkiintoista,unknown,mielenkiintoista,wordfreq:fi,wordfreq_seeded;deterministically_filtered;structurally_curated
fi,v1,2,1558,1588,mua,mua,mua,unknown,mua,wordfreq:fi,wordfreq_seeded;deterministically_filtered;structurally_curated
fi,v1,2,1559,1589,muissa,muissa,muissa,unknown,muissa,wordfreq:fi,wordfreq_seeded;deterministically_filtered;structurally_curated
fi,v1,2,1560,1590,muutamia,muutamia,muutamia,unknown,muutamia,wordfreq:fi,wordfreq_seeded;deterministically_filtered;structurally_curated
fi,v1,2,1561,1591,nuoria,nuoria,nuoria,unknown,nuoria,wordfreq:fi,wordfreq_seeded;deterministically_filtered;structurally_curated
fi,v1,2,1562,1592,pohjalta,pohjalta,pohjalta,unknown,pohjalta,wordfreq:fi,wordfreq_seeded;deterministically_filtered;structurally_curated
fi,v1,2,1563,1593,saatavilla,saatavilla,saatavilla,unknown,saatavilla,wordfreq:fi,wordfreq_seeded;deterministically_filtered;structurally_curated
fi,v1,2,1564,1594,suosittelen,suosittelen,suosittelen,unknown,suosittelen,wordfreq:fi,wordfreq_seeded;deterministically_filtered;structurally_curated
fi,v1,2,1565,1595,tarkoituksena,tarkoituksena,tarkoituksena,unknown,tarkoituksena,wordfreq:fi,wordfreq_seeded;deterministically_filtered;structurally_curated
fi,v1,2,1566,1596,tulevaisuuden,tulevaisuuden,tulevaisuuden,unknown,tulevaisuuden,wordfreq:fi,wordfreq_seeded;deterministically_filtered;structurally_curated
fi,v1,2,1567,1597,tunnettu,tunnettu,tunnettu,unknown,tunnettu,wordfreq:fi,wordfreq_seeded;deterministically_filtered;structurally_curated
fi,v1,2,1568,1598,turha,turha,turha,unknown,turha,wordfreq:fi,wordfreq_seeded;deterministically_filtered;structurally_curated
fi,v1,2,1569,1599,tältä,tältä,tältä,unknown,tältä,wordfreq:fi,wordfreq_seeded;deterministically_filtered;structurally_curated
fi,v1,2,1570,1600,veli,veli,veli,unknown,veli,wordfreq:fi,wordfreq_seeded;deterministically_filtered;structurally_curated
fi,v1,2,1571,1601,voittanut,voittanut,voittanut,unknown,voittanut,wordfreq:fi,wordfreq_seeded;deterministically_filtered;structurally_curated
fi,v1,2,1572,1602,yhdysvallat,yhdysvallat,yhdysvallat,unknown,yhdysvallat,wordfreq:fi,wordfreq_seeded;deterministically_filtered;structurally_curated
fi,v1,2,1573,1603,yhteistyötä,yhteistyötä,yhteistyötä,unknown,yhteistyötä,wordfreq:fi,wordfreq_seeded;deterministically_filtered;structurally_curated
fi,v1,2,1574,1604,aikoo,aikoo,aikoo,unknown,aikoo,wordfreq:fi,wordfreq_seeded;deterministically_filtered;structurally_curated
fi,v1,2,1575,1605,etsii,etsii,etsii,unknown,etsii,wordfreq:fi,wordfreq_seeded;deterministically_filtered;structurally_curated
fi,v1,2,1576,1606,ex,ex,ex,unknown,ex,wordfreq:fi,wordfreq_seeded;deterministically_filtered;structurally_curated
fi,v1,2,1577,1607,henkilön,henkilön,henkilön,unknown,henkilön,wordfreq:fi,wordfreq_seeded;deterministically_filtered;structurally_curated
fi,v1,2,1578,1608,huolta,huolta,huolta,unknown,huolta,wordfreq:fi,wordfreq_seeded;deterministically_filtered;structurally_curated
fi,v1,2,1579,1609,huomannut,huomannut,huomannut,unknown,huomannut,wordfreq:fi,wordfreq_seeded;deterministically_filtered;structurally_curated
fi,v1,2,1580,1610,huomenta,huomenta,huomenta,unknown,huomenta,wordfreq:fi,wordfreq_seeded;deterministically_filtered;structurally_curated
fi,v1,2,1581,1611,ihanaa,ihanaa,ihanaa,unknown,ihanaa,wordfreq:fi,wordfreq_seeded;deterministically_filtered;structurally_curated
fi,v1,2,1582,1612,johonkin,johonkin,johonkin,unknown,johonkin,wordfreq:fi,wordfreq_seeded;deterministically_filtered;structurally_curated
fi,v1,2,1583,1613,julkisen,julkisen,julkisen,unknown,julkisen,wordfreq:fi,wordfreq_seeded;deterministically_filtered;structurally_curated
fi,v1,2,1584,1614,kapteeni,kapteeni,kapteeni,unknown,kapteeni,wordfreq:fi,wordfreq_seeded;deterministically_filtered;structurally_curated
fi,v1,2,1585,1615,kauppa,kauppa,kauppa,unknown,kauppa,wordfreq:fi,wordfreq_seeded;deterministically_filtered;structurally_curated
fi,v1,2,1586,1616,kehittää,kehittää,kehittää,unknown,kehittää,wordfreq:fi,wordfreq_seeded;deterministically_filtered;structurally_curated
fi,v1,2,1587,1617,keskenään,keskenään,keskenään,unknown,keskenään,wordfreq:fi,wordfreq_seeded;deterministically_filtered;structurally_curated
fi,v1,2,1588,1618,keskusta,keskusta,keskusta,unknown,keskusta,wordfreq:fi,wordfreq_seeded;deterministically_filtered;structurally_curated
fi,v1,2,1589,1619,liittyvät,liittyvät,liittyvät,unknown,liittyvät,wordfreq:fi,wordfreq_seeded;deterministically_filtered;structurally_curated
fi,v1,2,1590,1620,loppuu,loppuu,loppuu,unknown,loppuu,wordfreq:fi,wordfreq_seeded;deterministically_filtered;structurally_curated
fi,v1,2,1591,1621,lopuksi,lopuksi,lopuksi,unknown,lopuksi,wordfreq:fi,wordfreq_seeded;deterministically_filtered;structurally_curated
fi,v1,2,1592,1622,luulin,luulin,luulin,unknown,luulin,wordfreq:fi,wordfreq_seeded;deterministically_filtered;structurally_curated
fi,v1,2,1593,1623,lyhyt,lyhyt,lyhyt,unknown,lyhyt,wordfreq:fi,wordfreq_seeded;deterministically_filtered;structurally_curated
fi,v1,2,1594,1624,matkan,matkan,matkan,unknown,matkan,wordfreq:fi,wordfreq_seeded;deterministically_filtered;structurally_curated
fi,v1,2,1595,1625,merkittävästi,merkittävästi,merkittävästi,unknown,merkittävästi,wordfreq:fi,wordfreq_seeded;deterministically_filtered;structurally_curated
fi,v1,2,1596,1626,mitäs,mitäs,mitäs,unknown,mitäs,wordfreq:fi,wordfreq_seeded;deterministically_filtered;structurally_curated
fi,v1,2,1597,1627,nähty,nähty,nähty,unknown,nähty,wordfreq:fi,wordfreq_seeded;deterministically_filtered;structurally_curated
fi,v1,2,1598,1628,näkökulmasta,näkökulmasta,näkökulmasta,unknown,näkökulmasta,wordfreq:fi,wordfreq_seeded;deterministically_filtered;structurally_curated
fi,v1,2,1599,1629,näyttelijä,näyttelijä,näyttelijä,unknown,näyttelijä,wordfreq:fi,wordfreq_seeded;deterministically_filtered;structurally_curated
fi,v1,2,1600,1630,onnistui,onnistui,onnistui,unknown,onnistui,wordfreq:fi,wordfreq_seeded;deterministically_filtered;structurally_curated
fi,v1,2,1601,1631,pitäisikö,pitäisikö,pitäisikö,unknown,pitäisikö,wordfreq:fi,wordfreq_seeded;deterministically_filtered;structurally_curated
fi,v1,2,1602,1632,punainen,punainen,punainen,unknown,punainen,wordfreq:fi,wordfreq_seeded;deterministically_filtered;structurally_curated
fi,v1,2,1603,1633,rauhassa,rauhassa,rauhassa,unknown,rauhassa,wordfreq:fi,wordfreq_seeded;deterministically_filtered;structurally_curated
fi,v1,2,1604,1634,riittävän,riittävän,riittävän,unknown,riittävän,wordfreq:fi,wordfreq_seeded;deterministically_filtered;structurally_curated
fi,v1,2,1605,1635,riski,riski,riski,unknown,riski,wordfreq:fi,wordfreq_seeded;deterministically_filtered;structurally_curated
fi,v1,2,1606,1636,saattoi,saattoi,saattoi,unknown,saattoi,wordfreq:fi,wordfreq_seeded;deterministically_filtered;structurally_curated
fi,v1,2,1607,1637,saksa,saksa,saksa,unknown,saksa,wordfreq:fi,wordfreq_seeded;deterministically_filtered;structurally_curated
fi,v1,2,1608,1638,talouden,talouden,talouden,unknown,talouden,wordfreq:fi,wordfreq_seeded;deterministically_filtered;structurally_curated
fi,v1,2,1609,1639,teksti,teksti,teksti,unknown,teksti,wordfreq:fi,wordfreq_seeded;deterministically_filtered;structurally_curated
fi,v1,2,1610,1640,tykkään,tykkään,tykkään,unknown,tykkään,wordfreq:fi,wordfreq_seeded;deterministically_filtered;structurally_curated
fi,v1,2,1611,1641,vakavasti,vakavasti,vakavasti,unknown,vakavasti,wordfreq:fi,wordfreq_seeded;deterministically_filtered;structurally_curated
fi,v1,2,1612,1642,vanhoja,vanhoja,vanhoja,unknown,vanhoja,wordfreq:fi,wordfreq_seeded;deterministically_filtered;structurally_curated
fi,v1,2,1613,1643,veden,veden,veden,unknown,veden,wordfreq:fi,wordfreq_seeded;deterministically_filtered;structurally_curated
fi,v1,2,1614,1644,vika,vika,vika,unknown,vika,wordfreq:fi,wordfreq_seeded;deterministically_filtered;structurally_curated
fi,v1,2,1615,1645,y,y,y,unknown,y,wordfreq:fi,wordfreq_seeded;deterministically_filtered;structurally_curated
fi,v1,2,1616,1646,yhdellä,yhdellä,yhdellä,unknown,yhdellä,wordfreq:fi,wordfreq_seeded;deterministically_filtered;structurally_curated
fi,v1,2,1617,1647,yllä,yllä,yllä,unknown,yllä,wordfreq:fi,wordfreq_seeded;deterministically_filtered;structurally_curated
fi,v1,2,1618,1648,ym,ym,ym,unknown,ym,wordfreq:fi,wordfreq_seeded;deterministically_filtered;structurally_curated
fi,v1,2,1619,1649,äänestää,äänestää,äänestää,unknown,äänestää,wordfreq:fi,wordfreq_seeded;deterministically_filtered;structurally_curated
fi,v1,2,1620,1650,alta,alta,alta,unknown,alta,wordfreq:fi,wordfreq_seeded;deterministically_filtered;structurally_curated
fi,v1,2,1621,1651,arvon,arvon,arvon,unknown,arvon,wordfreq:fi,wordfreq_seeded;deterministically_filtered;structurally_curated
fi,v1,2,1622,1652,ihmisille,ihmisille,ihmisille,unknown,ihmisille,wordfreq:fi,wordfreq_seeded;deterministically_filtered;structurally_curated
fi,v1,2,1623,1653,itseäni,itseäni,itseäni,unknown,itseäni,wordfreq:fi,wordfreq_seeded;deterministically_filtered;structurally_curated
fi,v1,2,1624,1654,juttua,juttua,juttua,unknown,juttua,wordfreq:fi,wordfreq_seeded;deterministically_filtered;structurally_curated
fi,v1,2,1625,1655,kasvu,kasvu,kasvu,unknown,kasvu,wordfreq:fi,wordfreq_seeded;deterministically_filtered;structurally_curated
fi,v1,2,1626,1656,kirkon,kirkon,kirkon,unknown,kirkon,wordfreq:fi,wordfreq_seeded;deterministically_filtered;structurally_curated
fi,v1,2,1627,1657,kuningas,kuningas,kuningas,unknown,kuningas,wordfreq:fi,wordfreq_seeded;deterministically_filtered;structurally_curated
fi,v1,2,1628,1658,kunta,kunta,kunta,unknown,kunta,wordfreq:fi,wordfreq_seeded;deterministically_filtered;structurally_curated
fi,v1,2,1629,1659,lapin,lapin,lapin,unknown,lapin,wordfreq:fi,wordfreq_seeded;deterministically_filtered;structurally_curated
fi,v1,2,1630,1660,luin,luin,luin,unknown,luin,wordfreq:fi,wordfreq_seeded;deterministically_filtered;structurally_curated
fi,v1,2,1631,1661,muodossa,muodossa,muodossa,unknown,muodossa,wordfreq:fi,wordfreq_seeded;deterministically_filtered;structurally_curated
fi,v1,2,1632,1662,nato,nato,nato,unknown,nato,wordfreq:fi,wordfreq_seeded;deterministically_filtered;structurally_curated
fi,v1,2,1633,1663,netissä,netissä,netissä,unknown,netissä,wordfreq:fi,wordfreq_seeded;deterministically_filtered;structurally_curated
fi,v1,2,1634,1664,nimensä,nimensä,nimensä,unknown,nimensä,wordfreq:fi,wordfreq_seeded;deterministically_filtered;structurally_curated
fi,v1,2,1635,1665,ollu,ollu,ollu,unknown,ollu,wordfreq:fi,wordfreq_seeded;deterministically_filtered;structurally_curated
fi,v1,2,1636,1666,osana,osana,osana,unknown,osana,wordfreq:fi,wordfreq_seeded;deterministically_filtered;structurally_curated
fi,v1,2,1637,1667,ottamaan,ottamaan,ottamaan,unknown,ottamaan,wordfreq:fi,wordfreq_seeded;deterministically_filtered;structurally_curated
fi,v1,2,1638,1668,parhaan,parhaan,parhaan,unknown,parhaan,wordfreq:fi,wordfreq_seeded;deterministically_filtered;structurally_curated
fi,v1,2,1639,1669,peter,peter,peter,unknown,peter,wordfreq:fi,wordfreq_seeded;deterministically_filtered;structurally_curated
fi,v1,2,1640,1670,pistettä,pistettä,pistettä,unknown,pistettä,wordfreq:fi,wordfreq_seeded;deterministically_filtered;structurally_curated
fi,v1,2,1641,1671,sata,sata,sata,unknown,sata,wordfreq:fi,wordfreq_seeded;deterministically_filtered;structurally_curated
fi,v1,2,1642,1672,seura,seura,seura,unknown,seura,wordfreq:fi,wordfreq_seeded;deterministically_filtered;structurally_curated
fi,v1,2,1643,1673,seuraavana,seuraavana,seuraavana,unknown,seuraavana,wordfreq:fi,wordfreq_seeded;deterministically_filtered;structurally_curated
fi,v1,2,1644,1674,sinut,sinut,sinut,unknown,sinut,wordfreq:fi,wordfreq_seeded;deterministically_filtered;structurally_curated
fi,v1,2,1645,1675,sote,sote,sote,unknown,sote,wordfreq:fi,wordfreq_seeded;deterministically_filtered;structurally_curated
fi,v1,2,1646,1676,sulla,sulla,sulla,unknown,sulla,wordfreq:fi,wordfreq_seeded;deterministically_filtered;structurally_curated
fi,v1,2,1647,1677,tapahtuma,tapahtuma,tapahtuma,unknown,tapahtuma,wordfreq:fi,wordfreq_seeded;deterministically_filtered;structurally_curated
fi,v1,2,1648,1678,tarkemmin,tarkemmin,tarkemmin,unknown,tarkemmin,wordfreq:fi,wordfreq_seeded;deterministically_filtered;structurally_curated
fi,v1,2,1649,1679,tuhansia,tuhansia,tuhansia,unknown,tuhansia,wordfreq:fi,wordfreq_seeded;deterministically_filtered;structurally_curated
fi,v1,2,1650,1680,tulivat,tulivat,tulivat,unknown,tulivat,wordfreq:fi,wordfreq_seeded;deterministically_filtered;structurally_curated
fi,v1,2,1651,1681,upea,upea,upea,unknown,upea,wordfreq:fi,wordfreq_seeded;deterministically_filtered;structurally_curated
fi,v1,2,1652,1682,vaihtoehtoja,vaihtoehtoja,vaihtoehtoja,unknown,vaihtoehtoja,wordfreq:fi,wordfreq_seeded;deterministically_filtered;structurally_curated
fi,v1,2,1653,1683,vastaava,vastaava,vastaava,unknown,vastaava,wordfreq:fi,wordfreq_seeded;deterministically_filtered;structurally_curated
fi,v1,2,1654,1684,vihdoin,vihdoin,vihdoin,unknown,vihdoin,wordfreq:fi,wordfreq_seeded;deterministically_filtered;structurally_curated
fi,v1,2,1655,1685,yritän,yritän,yritän,unknown,yritän,wordfreq:fi,wordfreq_seeded;deterministically_filtered;structurally_curated
fi,v1,2,1656,1686,ajoi,ajoi,ajoi,unknown,ajoi,wordfreq:fi,wordfreq_seeded;deterministically_filtered;structurally_curated
fi,v1,2,1657,1687,isoja,isoja,isoja,unknown,isoja,wordfreq:fi,wordfreq_seeded;deterministically_filtered;structurally_curated
fi,v1,2,1658,1688,ite,ite,ite,unknown,ite,wordfreq:fi,wordfreq_seeded;deterministically_filtered;structurally_curated
fi,v1,2,1659,1689,joukko,joukko,joukko,unknown,joukko,wordfreq:fi,wordfreq_seeded;deterministically_filtered;structurally_curated
fi,v1,2,1660,1690,kasvoi,kasvoi,kasvoi,unknown,kasvoi,wordfreq:fi,wordfreq_seeded;deterministically_filtered;structurally_curated
fi,v1,2,1661,1691,kenties,kenties,kenties,unknown,kenties,wordfreq:fi,wordfreq_seeded;deterministically_filtered;structurally_curated
fi,v1,2,1662,1692,kiinnosta,kiinnosta,kiinnosta,unknown,kiinnosta,wordfreq:fi,wordfreq_seeded;deterministically_filtered;structurally_curated
fi,v1,2,1663,1693,kk,kk,kk,unknown,kk,wordfreq:fi,wordfreq_seeded;deterministically_filtered;structurally_curated
fi,v1,2,1664,1694,koiran,koiran,koiran,unknown,koiran,wordfreq:fi,wordfreq_seeded;deterministically_filtered;structurally_curated
fi,v1,2,1665,1695,kuntoon,kuntoon,kuntoon,unknown,kuntoon,wordfreq:fi,wordfreq_seeded;deterministically_filtered;structurally_curated
fi,v1,2,1666,1696,luokan,luokan,luokan,unknown,luokan,wordfreq:fi,wordfreq_seeded;deterministically_filtered;structurally_curated
fi,v1,2,1667,1697,mahdollinen,mahdollinen,mahdollinen,unknown,mahdollinen,wordfreq:fi,wordfreq_seeded;deterministically_filtered;structurally_curated
fi,v1,2,1668,1698,menevät,menevät,menevät,unknown,menevät,wordfreq:fi,wordfreq_seeded;deterministically_filtered;structurally_curated
fi,v1,2,1669,1699,mika,mika,mika,unknown,mika,wordfreq:fi,wordfreq_seeded;deterministically_filtered;structurally_curated
fi,v1,2,1670,1700,muttei,muttei,muttei,unknown,muttei,wordfreq:fi,wordfreq_seeded;deterministically_filtered;structurally_curated
fi,v1,2,1671,1701,my,my,my,unknown,my,wordfreq:fi,wordfreq_seeded;deterministically_filtered;structurally_curated
fi,v1,2,1672,1702,nimellä,nimellä,nimellä,unknown,nimellä,wordfreq:fi,wordfreq_seeded;deterministically_filtered;structurally_curated
fi,v1,2,1673,1703,nimeä,nimeä,nimeä,unknown,nimeä,wordfreq:fi,wordfreq_seeded;deterministically_filtered;structurally_curated
fi,v1,2,1674,1704,nokia,nokia,nokia,unknown,nokia,wordfreq:fi,wordfreq_seeded;deterministically_filtered;structurally_curated
fi,v1,2,1675,1705,nähden,nähden,nähden,unknown,nähden,wordfreq:fi,wordfreq_seeded;deterministically_filtered;structurally_curated
fi,v1,2,1676,1706,odotan,odotan,odotan,unknown,odotan,wordfreq:fi,wordfreq_seeded;deterministically_filtered;structurally_curated
fi,v1,2,1677,1707,ottelu,ottelu,ottelu,unknown,ottelu,wordfreq:fi,wordfreq_seeded;deterministically_filtered;structurally_curated
fi,v1,2,1678,1708,per,per,per,unknown,per,wordfreq:fi,wordfreq_seeded;deterministically_filtered;structurally_curated
fi,v1,2,1679,1709,ry,ry,ry,unknown,ry,wordfreq:fi,wordfreq_seeded;deterministically_filtered;structurally_curated
fi,v1,2,1680,1710,sanat,sanat,sanat,unknown,sanat,wordfreq:fi,wordfreq_seeded;deterministically_filtered;structurally_curated
fi,v1,2,1681,1711,toimintaan,toimintaan,toimintaan,unknown,toimintaan,wordfreq:fi,wordfreq_seeded;deterministically_filtered;structurally_curated
fi,v1,2,1682,1712,totuus,totuus,totuus,unknown,totuus,wordfreq:fi,wordfreq_seeded;deterministically_filtered;structurally_curated
fi,v1,2,1683,1713,vauhtia,vauhtia,vauhtia,unknown,vauhtia,wordfreq:fi,wordfreq_seeded;deterministically_filtered;structurally_curated
fi,v1,2,1684,1714,vihreät,vihreät,vihreät,unknown,vihreät,wordfreq:fi,wordfreq_seeded;deterministically_filtered;structurally_curated
fi,v1,2,1685,1715,voida,voida,voida,unknown,voida,wordfreq:fi,wordfreq_seeded;deterministically_filtered;structurally_curated
fi,v1,2,1686,1716,yhteiskunnan,yhteiskunnan,yhteiskunnan,unknown,yhteiskunnan,wordfreq:fi,wordfreq_seeded;deterministically_filtered;structurally_curated
fi,v1,2,1687,1717,big,big,big,unknown,big,wordfreq:fi,wordfreq_seeded;deterministically_filtered;structurally_curated
fi,v1,2,1688,1718,espoon,espoon,espoon,unknown,espoon,wordfreq:fi,wordfreq_seeded;deterministically_filtered;structurally_curated
fi,v1,2,1689,1719,hakemaan,hakemaan,hakemaan,unknown,hakemaan,wordfreq:fi,wordfreq_seeded;deterministically_filtered;structurally_curated
fi,v1,2,1690,1720,helsinkiin,helsinkiin,helsinkiin,unknown,helsinkiin,wordfreq:fi,wordfreq_seeded;deterministically_filtered;structurally_curated
fi,v1,2,1691,1721,jumala,jumala,jumala,unknown,jumala,wordfreq:fi,wordfreq_seeded;deterministically_filtered;structurally_curated
fi,v1,2,1692,1722,järjestetään,järjestetään,järjestetään,unknown,järjestetään,wordfreq:fi,wordfreq_seeded;deterministically_filtered;structurally_curated
fi,v1,2,1693,1723,järkeä,järkeä,järkeä,unknown,järkeä,wordfreq:fi,wordfreq_seeded;deterministically_filtered;structurally_curated
fi,v1,2,1694,1724,karjalan,karjalan,karjalan,unknown,karjalan,wordfreq:fi,wordfreq_seeded;deterministically_filtered;structurally_curated
fi,v1,2,1695,1725,kokemusta,kokemusta,kokemusta,unknown,kokemusta,wordfreq:fi,wordfreq_seeded;deterministically_filtered;structurally_curated
fi,v1,2,1696,1726,käyttävät,käyttävät,käyttävät,unknown,käyttävät,wordfreq:fi,wordfreq_seeded;deterministically_filtered;structurally_curated
fi,v1,2,1697,1727,loput,loput,loput,unknown,loput,wordfreq:fi,wordfreq_seeded;deterministically_filtered;structurally_curated
fi,v1,2,1698,1728,löydy,löydy,löydy,unknown,löydy,wordfreq:fi,wordfreq_seeded;deterministically_filtered;structurally_curated
fi,v1,2,1699,1729,maksamaan,maksamaan,maksamaan,unknown,maksamaan,wordfreq:fi,wordfreq_seeded;deterministically_filtered;structurally_curated
fi,v1,2,1700,1730,muitakin,muitakin,muitakin,unknown,muitakin,wordfreq:fi,wordfreq_seeded;deterministically_filtered;structurally_curated
fi,v1,2,1701,1731,näy,näy,näy,unknown,näy,wordfreq:fi,wordfreq_seeded;deterministically_filtered;structurally_curated
fi,v1,2,1702,1732,nää,nää,nää,unknown,nää,wordfreq:fi,wordfreq_seeded;deterministically_filtered;structurally_curated
fi,v1,2,1703,1733,olli,olli,olli,unknown,olli,wordfreq:fi,wordfreq_seeded;deterministically_filtered;structurally_curated
fi,v1,2,1704,1734,paikkoja,paikkoja,paikkoja,unknown,paikkoja,wordfreq:fi,wordfreq_seeded;deterministically_filtered;structurally_curated
fi,v1,2,1705,1735,palvelu,palvelu,palvelu,unknown,palvelu,wordfreq:fi,wordfreq_seeded;deterministically_filtered;structurally_curated
fi,v1,2,1706,1736,pelaajat,pelaajat,pelaajat,unknown,pelaajat,wordfreq:fi,wordfreq_seeded;deterministically_filtered;structurally_curated
fi,v1,2,1707,1737,poissa,poissa,poissa,unknown,poissa,wordfreq:fi,wordfreq_seeded;deterministically_filtered;structurally_curated
fi,v1,2,1708,1738,poliittinen,poliittinen,poliittinen,unknown,poliittinen,wordfreq:fi,wordfreq_seeded;deterministically_filtered;structurally_curated
fi,v1,2,1709,1739,päättyy,päättyy,päättyy,unknown,päättyy,wordfreq:fi,wordfreq_seeded;deterministically_filtered;structurally_curated
fi,v1,2,1710,1740,rakkaus,rakkaus,rakkaus,unknown,rakkaus,wordfreq:fi,wordfreq_seeded;deterministically_filtered;structurally_curated
fi,v1,2,1711,1741,saapui,saapui,saapui,unknown,saapui,wordfreq:fi,wordfreq_seeded;deterministically_filtered;structurally_curated
fi,v1,2,1712,1742,seksiä,seksiä,seksiä,unknown,seksiä,wordfreq:fi,wordfreq_seeded;deterministically_filtered;structurally_curated
fi,v1,2,1713,1743,tekivät,tekivät,tekivät,unknown,tekivät,wordfreq:fi,wordfreq_seeded;deterministically_filtered;structurally_curated
fi,v1,2,1714,1744,tiennyt,tiennyt,tiennyt,unknown,tiennyt,wordfreq:fi,wordfreq_seeded;deterministically_filtered;structurally_curated
fi,v1,2,1715,1745,up,up,up,unknown,up,wordfreq:fi,wordfreq_seeded;deterministically_filtered;structurally_curated
fi,v1,2,1716,1746,uutinen,uutinen,uutinen,unknown,uutinen,wordfreq:fi,wordfreq_seeded;deterministically_filtered;structurally_curated
fi,v1,2,1717,1747,vaaleissa,vaaleissa,vaaleissa,unknown,vaaleissa,wordfreq:fi,wordfreq_seeded;deterministically_filtered;structurally_curated
fi,v1,2,1718,1748,valittu,valittu,valittu,unknown,valittu,wordfreq:fi,wordfreq_seeded;deterministically_filtered;structurally_curated
fi,v1,2,1719,1749,vallan,vallan,vallan,unknown,vallan,wordfreq:fi,wordfreq_seeded;deterministically_filtered;structurally_curated
fi,v1,2,1720,1750,vanhat,vanhat,vanhat,unknown,vanhat,wordfreq:fi,wordfreq_seeded;deterministically_filtered;structurally_curated
fi,v1,2,1721,1751,väittää,väittää,väittää,unknown,väittää,wordfreq:fi,wordfreq_seeded;deterministically_filtered;structurally_curated
fi,v1,2,1722,1752,yhdysvaltojen,yhdysvaltojen,yhdysvaltojen,unknown,yhdysvaltojen,wordfreq:fi,wordfreq_seeded;deterministically_filtered;structurally_curated
fi,v1,2,1723,1753,yritin,yritin,yritin,unknown,yritin,wordfreq:fi,wordfreq_seeded;deterministically_filtered;structurally_curated
fi,v1,2,1724,1754,britannian,britannian,britannian,unknown,britannian,wordfreq:fi,wordfreq_seeded;deterministically_filtered;structurally_curated
fi,v1,2,1725,1755,eikös,eikös,eikös,unknown,eikös,wordfreq:fi,wordfreq_seeded;deterministically_filtered;structurally_curated
fi,v1,2,1726,1756,esiintyy,esiintyy,esiintyy,unknown,esiintyy,wordfreq:fi,wordfreq_seeded;deterministically_filtered;structurally_curated
fi,v1,2,1727,1757,hankkia,hankkia,hankkia,unknown,hankkia,wordfreq:fi,wordfreq_seeded;deterministically_filtered;structurally_curated
fi,v1,2,1728,1758,heikki,heikki,heikki,unknown,heikki,wordfreq:fi,wordfreq_seeded;deterministically_filtered;structurally_curated
fi,v1,2,1729,1759,hs,hs,hs,unknown,hs,wordfreq:fi,wordfreq_seeded;deterministically_filtered;structurally_curated
fi,v1,2,1730,1760,jäsen,jäsen,jäsen,unknown,jäsen,wordfreq:fi,wordfreq_seeded;deterministically_filtered;structurally_curated
fi,v1,2,1731,1761,kahta,kahta,kahta,unknown,kahta,wordfreq:fi,wordfreq_seeded;deterministically_filtered;structurally_curated
fi,v1,2,1732,1762,kansanedustaja,kansanedustaja,kansanedustaja,unknown,kansanedustaja,wordfreq:fi,wordfreq_seeded;deterministically_filtered;structurally_curated
fi,v1,2,1733,1763,keino,keino,keino,unknown,keino,wordfreq:fi,wordfreq_seeded;deterministically_filtered;structurally_curated
fi,v1,2,1734,1764,kenen,kenen,kenen,unknown,kenen,wordfreq:fi,wordfreq_seeded;deterministically_filtered;structurally_curated
fi,v1,2,1735,1765,kerrotaan,kerrotaan,kerrotaan,unknown,kerrotaan,wordfreq:fi,wordfreq_seeded;deterministically_filtered;structurally_curated
fi,v1,2,1736,1766,ketä,ketä,ketä,unknown,ketä,wordfreq:fi,wordfreq_seeded;deterministically_filtered;structurally_curated
fi,v1,2,1737,1767,kevään,kevään,kevään,unknown,kevään,wordfreq:fi,wordfreq_seeded;deterministically_filtered;structurally_curated
fi,v1,2,1738,1768,kilpailu,kilpailu,kilpailu,unknown,kilpailu,wordfreq:fi,wordfreq_seeded;deterministically_filtered;structurally_curated
fi,v1,2,1739,1769,kirkko,kirkko,kirkko,unknown,kirkko,wordfreq:fi,wordfreq_seeded;deterministically_filtered;structurally_curated
fi,v1,2,1740,1770,ko,ko,ko,unknown,ko,wordfreq:fi,wordfreq_seeded;deterministically_filtered;structurally_curated
fi,v1,2,1741,1771,koneen,koneen,koneen,unknown,koneen,wordfreq:fi,wordfreq_seeded;deterministically_filtered;structurally_curated
fi,v1,2,1742,1772,koulutuksen,koulutuksen,koulutuksen,unknown,koulutuksen,wordfreq:fi,wordfreq_seeded;deterministically_filtered;structurally_curated
fi,v1,2,1743,1773,kuunnella,kuunnella,kuunnella,unknown,kuunnella,wordfreq:fi,wordfreq_seeded;deterministically_filtered;structurally_curated
fi,v1,2,1744,1774,kysymyksiä,kysymyksiä,kysymyksiä,unknown,kysymyksiä,wordfreq:fi,wordfreq_seeded;deterministically_filtered;structurally_curated
fi,v1,2,1745,1775,maanantaina,maanantaina,maanantaina,unknown,maanantaina,wordfreq:fi,wordfreq_seeded;deterministically_filtered;structurally_curated
fi,v1,2,1746,1776,nopeammin,nopeammin,nopeammin,unknown,nopeammin,wordfreq:fi,wordfreq_seeded;deterministically_filtered;structurally_curated
fi,v1,2,1747,1777,näköjään,näköjään,näköjään,unknown,näköjään,wordfreq:fi,wordfreq_seeded;deterministically_filtered;structurally_curated
fi,v1,2,1748,1778,ohella,ohella,ohella,unknown,ohella,wordfreq:fi,wordfreq_seeded;deterministically_filtered;structurally_curated
fi,v1,2,1749,1779,oikean,oikean,oikean,unknown,oikean,wordfreq:fi,wordfreq_seeded;deterministically_filtered;structurally_curated
fi,v1,2,1750,1780,ovatko,ovatko,ovatko,unknown,ovatko,wordfreq:fi,wordfreq_seeded;deterministically_filtered;structurally_curated
fi,v1,2,1751,1781,päivittäin,päivittäin,päivittäin,unknown,päivittäin,wordfreq:fi,wordfreq_seeded;deterministically_filtered;structurally_curated
fi,v1,2,1752,1782,raja,raja,raja,unknown,raja,wordfreq:fi,wordfreq_seeded;deterministically_filtered;structurally_curated
fi,v1,2,1753,1783,saatana,saatana,saatana,unknown,saatana,wordfreq:fi,wordfreq_seeded;deterministically_filtered;structurally_curated
fi,v1,2,1754,1784,sellaisen,sellaisen,sellaisen,unknown,sellaisen,wordfreq:fi,wordfreq_seeded;deterministically_filtered;structurally_curated
fi,v1,2,1755,1785,selviää,selviää,selviää,unknown,selviää,wordfreq:fi,wordfreq_seeded;deterministically_filtered;structurally_curated
fi,v1,2,1756,1786,siirtyy,siirtyy,siirtyy,unknown,siirtyy,wordfreq:fi,wordfreq_seeded;deterministically_filtered;structurally_curated
fi,v1,2,1757,1787,syksyn,syksyn,syksyn,unknown,syksyn,wordfreq:fi,wordfreq_seeded;deterministically_filtered;structurally_curated
fi,v1,2,1758,1788,tuotteita,tuotteita,tuotteita,unknown,tuotteita,wordfreq:fi,wordfreq_seeded;deterministically_filtered;structurally_curated
fi,v1,2,1759,1789,turussa,turussa,turussa,unknown,turussa,wordfreq:fi,wordfreq_seeded;deterministically_filtered;structurally_curated
fi,v1,2,1760,1790,tärkeintä,tärkeintä,tärkeintä,unknown,tärkeintä,wordfreq:fi,wordfreq_seeded;deterministically_filtered;structurally_curated
fi,v1,2,1761,1791,täysi,täysi,täysi,unknown,täysi,wordfreq:fi,wordfreq_seeded;deterministically_filtered;structurally_curated
fi,v1,2,1762,1792,uudessa,uudessa,uudessa,unknown,uudessa,wordfreq:fi,wordfreq_seeded;deterministically_filtered;structurally_curated
fi,v1,2,1763,1793,vois,vois,vois,unknown,vois,wordfreq:fi,wordfreq_seeded;deterministically_filtered;structurally_curated
fi,v1,2,1764,1794,voiton,voiton,voiton,unknown,voiton,wordfreq:fi,wordfreq_seeded;deterministically_filtered;structurally_curated
fi,v1,2,1765,1795,yllättävän,yllättävän,yllättävän,unknown,yllättävän,wordfreq:fi,wordfreq_seeded;deterministically_filtered;structurally_curated
fi,v1,2,1766,1796,asema,asema,asema,unknown,asema,wordfreq:fi,wordfreq_seeded;deterministically_filtered;structurally_curated
fi,v1,2,1767,1797,autot,autot,autot,unknown,autot,wordfreq:fi,wordfreq_seeded;deterministically_filtered;structurally_curated
fi,v1,2,1768,1798,elämässä,elämässä,elämässä,unknown,elämässä,wordfreq:fi,wordfreq_seeded;deterministically_filtered;structurally_curated
fi,v1,2,1769,1799,etsiä,etsiä,etsiä,unknown,etsiä,wordfreq:fi,wordfreq_seeded;deterministically_filtered;structurally_curated
fi,v1,2,1770,1800,fc,fc,fc,unknown,fc,wordfreq:fi,wordfreq_seeded;deterministically_filtered;structurally_curated
fi,v1,2,1771,1801,itselleni,itselleni,itselleni,unknown,itselleni,wordfreq:fi,wordfreq_seeded;deterministically_filtered;structurally_curated
fi,v1,2,1772,1802,kansainvälinen,kansainvälinen,kansainvälinen,unknown,kansainvälinen,wordfreq:fi,wordfreq_seeded;deterministically_filtered;structurally_curated
fi,v1,2,1773,1803,kehitys,kehitys,kehitys,unknown,kehitys,wordfreq:fi,wordfreq_seeded;deterministically_filtered;structurally_curated
fi,v1,2,1774,1804,kertonut,kertonut,kertonut,unknown,kertonut,wordfreq:fi,wordfreq_seeded;deterministically_filtered;structurally_curated
fi,v1,2,1775,1805,kiinnostunut,kiinnostunut,kiinnostunut,unknown,kiinnostunut,wordfreq:fi,wordfreq_seeded;deterministically_filtered;structurally_curated
fi,v1,2,1776,1806,kilpailun,kilpailun,kilpailun,unknown,kilpailun,wordfreq:fi,wordfreq_seeded;deterministically_filtered;structurally_curated
fi,v1,2,1777,1807,käymään,käymään,käymään,unknown,käymään,wordfreq:fi,wordfreq_seeded;deterministically_filtered;structurally_curated
fi,v1,2,1778,1808,luulen,luulen,luulen,unknown,luulen,wordfreq:fi,wordfreq_seeded;deterministically_filtered;structurally_curated
fi,v1,2,1779,1809,lähtenyt,lähtenyt,lähtenyt,unknown,lähtenyt,wordfreq:fi,wordfreq_seeded;deterministically_filtered;structurally_curated
fi,v1,2,1780,1810,löysi,löysi,löysi,unknown,löysi,wordfreq:fi,wordfreq_seeded;deterministically_filtered;structurally_curated
fi,v1,2,1781,1811,löysin,löysin,löysin,unknown,löysin,wordfreq:fi,wordfreq_seeded;deterministically_filtered;structurally_curated
fi,v1,2,1782,1812,mahdotonta,mahdotonta,mahdotonta,unknown,mahdotonta,wordfreq:fi,wordfreq_seeded;deterministically_filtered;structurally_curated
fi,v1,2,1783,1813,max,max,max,unknown,max,wordfreq:fi,wordfreq_seeded;deterministically_filtered;structurally_curated
fi,v1,2,1784,1814,mielenkiintoinen,mielenkiintoinen,mielenkiintoinen,unknown,mielenkiintoinen,wordfreq:fi,wordfreq_seeded;deterministically_filtered;structurally_curated
fi,v1,2,1785,1815,myy,myy,myy,unknown,myy,wordfreq:fi,wordfreq_seeded;deterministically_filtered;structurally_curated
fi,v1,2,1786,1816,nopea,nopea,nopea,unknown,nopea,wordfreq:fi,wordfreq_seeded;deterministically_filtered;structurally_curated
fi,v1,2,1787,1817,nukkumaan,nukkumaan,nukkumaan,unknown,nukkumaan,wordfreq:fi,wordfreq_seeded;deterministically_filtered;structurally_curated
fi,v1,2,1788,1818,näyttävät,näyttävät,näyttävät,unknown,näyttävät,wordfreq:fi,wordfreq_seeded;deterministically_filtered;structurally_curated
fi,v1,2,1789,1819,osaksi,osaksi,osaksi,unknown,osaksi,wordfreq:fi,wordfreq_seeded;deterministically_filtered;structurally_curated
fi,v1,2,1790,1820,otan,otan,otan,unknown,otan,wordfreq:fi,wordfreq_seeded;deterministically_filtered;structurally_curated
fi,v1,2,1791,1822,pahaa,pahaa,pahaa,unknown,pahaa,wordfreq:fi,wordfreq_seeded;deterministically_filtered;structurally_curated
fi,v1,2,1792,1823,paikkaan,paikkaan,paikkaan,unknown,paikkaan,wordfreq:fi,wordfreq_seeded;deterministically_filtered;structurally_curated
fi,v1,2,1793,1824,ps,ps,ps,unknown,ps,wordfreq:fi,wordfreq_seeded;deterministically_filtered;structurally_curated
fi,v1,2,1794,1825,pääosin,pääosin,pääosin,unknown,pääosin,wordfreq:fi,wordfreq_seeded;deterministically_filtered;structurally_curated
fi,v1,2,1795,1826,suhde,suhde,suhde,unknown,suhde,wordfreq:fi,wordfreq_seeded;deterministically_filtered;structurally_curated
fi,v1,2,1796,1827,suurimman,suurimman,suurimman,unknown,suurimman,wordfreq:fi,wordfreq_seeded;deterministically_filtered;structurally_curated
fi,v1,2,1797,1828,syynä,syynä,syynä,unknown,syynä,wordfreq:fi,wordfreq_seeded;deterministically_filtered;structurally_curated
fi,v1,2,1798,1829,tavoite,tavoite,tavoite,unknown,tavoite,wordfreq:fi,wordfreq_seeded;deterministically_filtered;structurally_curated
fi,v1,2,1799,1830,toisiaan,toisiaan,toisiaan,unknown,toisiaan,wordfreq:fi,wordfreq_seeded;deterministically_filtered;structurally_curated
fi,v1,2,1800,1831,toteuttaa,toteuttaa,toteuttaa,unknown,toteuttaa,wordfreq:fi,wordfreq_seeded;deterministically_filtered;structurally_curated
fi,v1,2,1801,1832,täyttää,täyttää,täyttää,unknown,täyttää,wordfreq:fi,wordfreq_seeded;deterministically_filtered;structurally_curated
fi,v1,2,1802,1833,ulkomailla,ulkomailla,ulkomailla,unknown,ulkomailla,wordfreq:fi,wordfreq_seeded;deterministically_filtered;structurally_curated
fi,v1,2,1803,1834,vaikuttavat,vaikuttavat,vaikuttavat,unknown,vaikuttavat,wordfreq:fi,wordfreq_seeded;deterministically_filtered;structurally_curated
fi,v1,2,1804,1835,valittiin,valittiin,valittiin,unknown,valittiin,wordfreq:fi,wordfreq_seeded;deterministically_filtered;structurally_curated
fi,v1,2,1805,1836,valtava,valtava,valtava,unknown,valtava,wordfreq:fi,wordfreq_seeded;deterministically_filtered;structurally_curated
fi,v1,2,1806,1837,vitsi,vitsi,vitsi,unknown,vitsi,wordfreq:fi,wordfreq_seeded;deterministically_filtered;structurally_curated
fi,v1,2,1807,1838,vittua,vittua,vittua,unknown,vittua,wordfreq:fi,wordfreq_seeded;deterministically_filtered;structurally_curated
fi,v1,2,1808,1839,vs,vs,vs,unknown,vs,wordfreq:fi,wordfreq_seeded;deterministically_filtered;structurally_curated
fi,v1,2,1809,1840,yhteinen,yhteinen,yhteinen,unknown,yhteinen,wordfreq:fi,wordfreq_seeded;deterministically_filtered;structurally_curated
fi,v1,2,1810,1841,yhtäkkiä,yhtäkkiä,yhtäkkiä,unknown,yhtäkkiä,wordfreq:fi,wordfreq_seeded;deterministically_filtered;structurally_curated
fi,v1,2,1811,1842,at,at,at,unknown,at,wordfreq:fi,wordfreq_seeded;deterministically_filtered;structurally_curated
fi,v1,2,1812,1843,autojen,autojen,autojen,unknown,autojen,wordfreq:fi,wordfreq_seeded;deterministically_filtered;structurally_curated
fi,v1,2,1813,1844,eduskunnan,eduskunnan,eduskunnan,unknown,eduskunnan,wordfreq:fi,wordfreq_seeded;deterministically_filtered;structurally_curated
fi,v1,2,1814,1845,erilainen,erilainen,erilainen,unknown,erilainen,wordfreq:fi,wordfreq_seeded;deterministically_filtered;structurally_curated
fi,v1,2,1815,1846,esillä,esillä,esillä,unknown,esillä,wordfreq:fi,wordfreq_seeded;deterministically_filtered;structurally_curated
fi,v1,2,1816,1847,hengen,hengen,hengen,unknown,hengen,wordfreq:fi,wordfreq_seeded;deterministically_filtered;structurally_curated
fi,v1,2,1817,1848,historia,historia,historia,unknown,historia,wordfreq:fi,wordfreq_seeded;deterministically_filtered;structurally_curated
fi,v1,2,1818,1849,ilmoittaa,ilmoittaa,ilmoittaa,unknown,ilmoittaa,wordfreq:fi,wordfreq_seeded;deterministically_filtered;structurally_curated
fi,v1,2,1819,1850,james,james,james,unknown,james,wordfreq:fi,wordfreq_seeded;deterministically_filtered;structurally_curated
fi,v1,2,1820,1851,jyväskylä,jyväskylä,jyväskylä,unknown,jyväskylä,wordfreq:fi,wordfreq_seeded;deterministically_filtered;structurally_curated
fi,v1,2,1821,1852,kelpaa,kelpaa,kelpaa,unknown,kelpaa,wordfreq:fi,wordfreq_seeded;deterministically_filtered;structurally_curated
fi,v1,2,1822,1853,kokoomus,kokoomus,kokoomus,unknown,kokoomus,wordfreq:fi,wordfreq_seeded;deterministically_filtered;structurally_curated
fi,v1,2,1823,1854,kyllähän,kyllähän,kyllähän,unknown,kyllähän,wordfreq:fi,wordfreq_seeded;deterministically_filtered;structurally_curated
fi,v1,2,1824,1855,käytön,käytön,käytön,unknown,käytön,wordfreq:fi,wordfreq_seeded;deterministically_filtered;structurally_curated
fi,v1,2,1825,1856,laaja,laaja,laaja,unknown,laaja,wordfreq:fi,wordfreq_seeded;deterministically_filtered;structurally_curated
fi,v1,2,1826,1857,luottaa,luottaa,luottaa,unknown,luottaa,wordfreq:fi,wordfreq_seeded;deterministically_filtered;structurally_curated
fi,v1,2,1827,1858,löydä,löydä,löydä,unknown,löydä,wordfreq:fi,wordfreq_seeded;deterministically_filtered;structurally_curated
fi,v1,2,1828,1859,mestari,mestari,mestari,unknown,mestari,wordfreq:fi,wordfreq_seeded;deterministically_filtered;structurally_curated
fi,v1,2,1829,1860,miljardia,miljardia,miljardia,unknown,miljardia,wordfreq:fi,wordfreq_seeded;deterministically_filtered;structurally_curated
fi,v1,2,1830,1861,minne,minne,minne,unknown,minne,wordfreq:fi,wordfreq_seeded;deterministically_filtered;structurally_curated
fi,v1,2,1831,1862,naimisiin,naimisiin,naimisiin,unknown,naimisiin,wordfreq:fi,wordfreq_seeded;deterministically_filtered;structurally_curated
fi,v1,2,1832,1863,näen,näen,näen,unknown,näen,wordfreq:fi,wordfreq_seeded;deterministically_filtered;structurally_curated
fi,v1,2,1833,1864,ohjelmassa,ohjelmassa,ohjelmassa,unknown,ohjelmassa,wordfreq:fi,wordfreq_seeded;deterministically_filtered;structurally_curated
fi,v1,2,1834,1865,ongelmat,ongelmat,ongelmat,unknown,ongelmat,wordfreq:fi,wordfreq_seeded;deterministically_filtered;structurally_curated
fi,v1,2,1835,1866,paavo,paavo,paavo,unknown,paavo,wordfreq:fi,wordfreq_seeded;deterministically_filtered;structurally_curated
fi,v1,2,1836,1867,parhaimmillaan,parhaimmillaan,parhaimmillaan,unknown,parhaimmillaan,wordfreq:fi,wordfreq_seeded;deterministically_filtered;structurally_curated
fi,v1,2,1837,1868,pitämään,pitämään,pitämään,unknown,pitämään,wordfreq:fi,wordfreq_seeded;deterministically_filtered;structurally_curated
fi,v1,2,1838,1869,pääasiassa,pääasiassa,pääasiassa,unknown,pääasiassa,wordfreq:fi,wordfreq_seeded;deterministically_filtered;structurally_curated
fi,v1,2,1839,1870,päätöksen,päätöksen,päätöksen,unknown,päätöksen,wordfreq:fi,wordfreq_seeded;deterministically_filtered;structurally_curated
fi,v1,2,1840,1871,rooli,rooli,rooli,unknown,rooli,wordfreq:fi,wordfreq_seeded;deterministically_filtered;structurally_curated
fi,v1,2,1841,1872,sanaa,sanaa,sanaa,unknown,sanaa,wordfreq:fi,wordfreq_seeded;deterministically_filtered;structurally_curated
fi,v1,2,1842,1873,sanon,sanon,sanon,unknown,sanon,wordfreq:fi,wordfreq_seeded;deterministically_filtered;structurally_curated
fi,v1,2,1843,1874,sanottu,sanottu,sanottu,unknown,sanottu,wordfreq:fi,wordfreq_seeded;deterministically_filtered;structurally_curated
fi,v1,2,1844,1875,satoja,satoja,satoja,unknown,satoja,wordfreq:fi,wordfreq_seeded;deterministically_filtered;structurally_curated
fi,v1,2,1845,1876,tarvita,tarvita,tarvita,unknown,tarvita,wordfreq:fi,wordfreq_seeded;deterministically_filtered;structurally_curated
fi,v1,2,1846,1877,tietojen,tietojen,tietojen,unknown,tietojen,wordfreq:fi,wordfreq_seeded;deterministically_filtered;structurally_curated
fi,v1,2,1847,1878,tulevan,tulevan,tulevan,unknown,tulevan,wordfreq:fi,wordfreq_seeded;deterministically_filtered;structurally_curated
fi,v1,2,1848,1879,tullaan,tullaan,tullaan,unknown,tullaan,wordfreq:fi,wordfreq_seeded;deterministically_filtered;structurally_curated
fi,v1,2,1849,1880,tyhmä,tyhmä,tyhmä,unknown,tyhmä,wordfreq:fi,wordfreq_seeded;deterministically_filtered;structurally_curated
fi,v1,2,1850,1881,viimeiset,viimeiset,viimeiset,unknown,viimeiset,wordfreq:fi,wordfreq_seeded;deterministically_filtered;structurally_curated
fi,v1,2,1851,1882,voitaisiin,voitaisiin,voitaisiin,unknown,voitaisiin,wordfreq:fi,wordfreq_seeded;deterministically_filtered;structurally_curated
fi,v1,2,1852,1883,yms,yms,yms,unknown,yms,wordfreq:fi,wordfreq_seeded;deterministically_filtered;structurally_curated
fi,v1,2,1853,1884,annettu,annettu,annettu,unknown,annettu,wordfreq:fi,wordfreq_seeded;deterministically_filtered;structurally_curated
fi,v1,2,1854,1885,arvoinen,arvoinen,arvoinen,unknown,arvoinen,wordfreq:fi,wordfreq_seeded;deterministically_filtered;structurally_curated
fi,v1,2,1855,1886,englannin,englannin,englannin,unknown,englannin,wordfreq:fi,wordfreq_seeded;deterministically_filtered;structurally_curated
fi,v1,2,1856,1887,esitys,esitys,esitys,unknown,esitys,wordfreq:fi,wordfreq_seeded;deterministically_filtered;structurally_curated
fi,v1,2,1857,1888,historiaa,historiaa,historiaa,unknown,historiaa,wordfreq:fi,wordfreq_seeded;deterministically_filtered;structurally_curated
fi,v1,2,1858,1889,internet,internet,internet,unknown,internet,wordfreq:fi,wordfreq_seeded;deterministically_filtered;structurally_curated
fi,v1,2,1859,1890,joitakin,joitakin,joitakin,unknown,joitakin,wordfreq:fi,wordfreq_seeded;deterministically_filtered;structurally_curated
fi,v1,2,1860,1891,jollain,jollain,jollain,unknown,jollain,wordfreq:fi,wordfreq_seeded;deterministically_filtered;structurally_curated
fi,v1,2,1861,1892,jyväskylän,jyväskylän,jyväskylän,unknown,jyväskylän,wordfreq:fi,wordfreq_seeded;deterministically_filtered;structurally_curated
fi,v1,2,1862,1893,kahteen,kahteen,kahteen,unknown,kahteen,wordfreq:fi,wordfreq_seeded;deterministically_filtered;structurally_curated
fi,v1,2,1863,1894,kaikkialla,kaikkialla,kaikkialla,unknown,kaikkialla,wordfreq:fi,wordfreq_seeded;deterministically_filtered;structurally_curated
fi,v1,2,1864,1895,kasvanut,kasvanut,kasvanut,unknown,kasvanut,wordfreq:fi,wordfreq_seeded;deterministically_filtered;structurally_curated
fi,v1,2,1865,1896,kertovat,kertovat,kertovat,unknown,kertovat,wordfreq:fi,wordfreq_seeded;deterministically_filtered;structurally_curated
fi,v1,2,1866,1897,kieltää,kieltää,kieltää,unknown,kieltää,wordfreq:fi,wordfreq_seeded;deterministically_filtered;structurally_curated
fi,v1,2,1867,1898,kultaa,kultaa,kultaa,unknown,kultaa,wordfreq:fi,wordfreq_seeded;deterministically_filtered;structurally_curated
fi,v1,2,1868,1899,kutsutaan,kutsutaan,kutsutaan,unknown,kutsutaan,wordfreq:fi,wordfreq_seeded;deterministically_filtered;structurally_curated
fi,v1,2,1869,1900,kuussa,kuussa,kuussa,unknown,kuussa,wordfreq:fi,wordfreq_seeded;deterministically_filtered;structurally_curated
fi,v1,2,1870,1901,luoda,luoda,luoda,unknown,luoda,wordfreq:fi,wordfreq_seeded;deterministically_filtered;structurally_curated
fi,v1,2,1871,1902,mallia,mallia,mallia,unknown,mallia,wordfreq:fi,wordfreq_seeded;deterministically_filtered;structurally_curated
fi,v1,2,1872,1903,numero,numero,numero,unknown,numero,wordfreq:fi,wordfreq_seeded;deterministically_filtered;structurally_curated
fi,v1,2,1873,1904,nykyisen,nykyisen,nykyisen,unknown,nykyisen,wordfreq:fi,wordfreq_seeded;deterministically_filtered;structurally_curated
fi,v1,2,1874,1905,olevia,olevia,olevia,unknown,olevia,wordfreq:fi,wordfreq_seeded;deterministically_filtered;structurally_curated
fi,v1,2,1875,1906,onnistu,onnistu,onnistu,unknown,onnistu,wordfreq:fi,wordfreq_seeded;deterministically_filtered;structurally_curated
fi,v1,2,1876,1907,osaan,osaan,osaan,unknown,osaan,wordfreq:fi,wordfreq_seeded;deterministically_filtered;structurally_curated
fi,v1,2,1877,1908,ostin,ostin,ostin,unknown,ostin,wordfreq:fi,wordfreq_seeded;deterministically_filtered;structurally_curated
fi,v1,2,1878,1909,paljonko,paljonko,paljonko,unknown,paljonko,wordfreq:fi,wordfreq_seeded;deterministically_filtered;structurally_curated
fi,v1,2,1879,1910,pelejä,pelejä,pelejä,unknown,pelejä,wordfreq:fi,wordfreq_seeded;deterministically_filtered;structurally_curated
fi,v1,2,1880,1911,pelkkää,pelkkää,pelkkää,unknown,pelkkää,wordfreq:fi,wordfreq_seeded;deterministically_filtered;structurally_curated
fi,v1,2,1881,1912,riippuen,riippuen,riippuen,unknown,riippuen,wordfreq:fi,wordfreq_seeded;deterministically_filtered;structurally_curated
fi,v1,2,1882,1913,saattavat,saattavat,saattavat,unknown,saattavat,wordfreq:fi,wordfreq_seeded;deterministically_filtered;structurally_curated
fi,v1,2,1883,1914,tarkoita,tarkoita,tarkoita,unknown,tarkoita,wordfreq:fi,wordfreq_seeded;deterministically_filtered;structurally_curated
fi,v1,2,1884,1915,tarpeen,tarpeen,tarpeen,unknown,tarpeen,wordfreq:fi,wordfreq_seeded;deterministically_filtered;structurally_curated
fi,v1,2,1885,1916,tietty,tietty,tietty,unknown,tietty,wordfreq:fi,wordfreq_seeded;deterministically_filtered;structurally_curated
fi,v1,2,1886,1917,toimitusjohtaja,toimitusjohtaja,toimitusjohtaja,unknown,toimitusjohtaja,wordfreq:fi,wordfreq_seeded;deterministically_filtered;structurally_curated
fi,v1,2,1887,1918,torstaina,torstaina,torstaina,unknown,torstaina,wordfreq:fi,wordfreq_seeded;deterministically_filtered;structurally_curated
fi,v1,2,1888,1919,tutkija,tutkija,tutkija,unknown,tutkija,wordfreq:fi,wordfreq_seeded;deterministically_filtered;structurally_curated
fi,v1,2,1889,1920,vieläkään,vieläkään,vieläkään,unknown,vieläkään,wordfreq:fi,wordfreq_seeded;deterministically_filtered;structurally_curated
fi,v1,2,1890,1921,voisivat,voisivat,voisivat,unknown,voisivat,wordfreq:fi,wordfreq_seeded;deterministically_filtered;structurally_curated
fi,v1,2,1891,1922,voittoa,voittoa,voittoa,unknown,voittoa,wordfreq:fi,wordfreq_seeded;deterministically_filtered;structurally_curated
fi,v1,2,1892,1923,yhdistää,yhdistää,yhdistää,unknown,yhdistää,wordfreq:fi,wordfreq_seeded;deterministically_filtered;structurally_curated
fi,v1,2,1893,1924,yhtenä,yhtenä,yhtenä,unknown,yhtenä,wordfreq:fi,wordfreq_seeded;deterministically_filtered;structurally_curated
fi,v1,2,1894,1925,yhteys,yhteys,yhteys,unknown,yhteys,wordfreq:fi,wordfreq_seeded;deterministically_filtered;structurally_curated
fi,v1,2,1895,1926,ystävä,ystävä,ystävä,unknown,ystävä,wordfreq:fi,wordfreq_seeded;deterministically_filtered;structurally_curated
fi,v1,2,1896,1927,aikoihin,aikoihin,aikoihin,unknown,aikoihin,wordfreq:fi,wordfreq_seeded;deterministically_filtered;structurally_curated
fi,v1,2,1897,1928,energiaa,energiaa,energiaa,unknown,energiaa,wordfreq:fi,wordfreq_seeded;deterministically_filtered;structurally_curated
fi,v1,2,1898,1929,ikään,ikään,ikään,unknown,ikään,wordfreq:fi,wordfreq_seeded;deterministically_filtered;structurally_curated
fi,v1,2,1899,1930,jolle,jolle,jolle,unknown,jolle,wordfreq:fi,wordfreq_seeded;deterministically_filtered;structurally_curated
fi,v1,2,1900,1931,kahdesti,kahdesti,kahdesti,unknown,kahdesti,wordfreq:fi,wordfreq_seeded;deterministically_filtered;structurally_curated
fi,v1,2,1901,1932,kahvia,kahvia,kahvia,unknown,kahvia,wordfreq:fi,wordfreq_seeded;deterministically_filtered;structurally_curated
fi,v1,2,1902,1933,kannattaisi,kannattaisi,kannattaisi,unknown,kannattaisi,wordfreq:fi,wordfreq_seeded;deterministically_filtered;structurally_curated
fi,v1,2,1903,1934,koti,koti,koti,unknown,koti,wordfreq:fi,wordfreq_seeded;deterministically_filtered;structurally_curated
fi,v1,2,1904,1935,käsin,käsin,käsin,unknown,käsin,wordfreq:fi,wordfreq_seeded;deterministically_filtered;structurally_curated
fi,v1,2,1905,1936,liittyen,liittyen,liittyen,unknown,liittyen,wordfreq:fi,wordfreq_seeded;deterministically_filtered;structurally_curated
fi,v1,2,1906,1937,löytynyt,löytynyt,löytynyt,unknown,löytynyt,wordfreq:fi,wordfreq_seeded;deterministically_filtered;structurally_curated
fi,v1,2,1907,1938,maat,maat,maat,unknown,maat,wordfreq:fi,wordfreq_seeded;deterministically_filtered;structurally_curated
fi,v1,2,1908,1939,mahdollisuuden,mahdollisuuden,mahdollisuuden,unknown,mahdollisuuden,wordfreq:fi,wordfreq_seeded;deterministically_filtered;structurally_curated
fi,v1,2,1909,1940,myynti,myynti,myynti,unknown,myynti,wordfreq:fi,wordfreq_seeded;deterministically_filtered;structurally_curated
fi,v1,2,1910,1941,normaalia,normaalia,normaalia,unknown,normaalia,wordfreq:fi,wordfreq_seeded;deterministically_filtered;structurally_curated
fi,v1,2,1911,1942,olette,olette,olette,unknown,olette,wordfreq:fi,wordfreq_seeded;deterministically_filtered;structurally_curated
fi,v1,2,1912,1943,otin,otin,otin,unknown,otin,wordfreq:fi,wordfreq_seeded;deterministically_filtered;structurally_curated
fi,v1,2,1913,1944,palasi,palasi,palasi,unknown,palasi,wordfreq:fi,wordfreq_seeded;deterministically_filtered;structurally_curated
fi,v1,2,1914,1945,presidentin,presidentin,presidentin,unknown,presidentin,wordfreq:fi,wordfreq_seeded;deterministically_filtered;structurally_curated
fi,v1,2,1915,1946,pääset,pääset,pääset,unknown,pääset,wordfreq:fi,wordfreq_seeded;deterministically_filtered;structurally_curated
fi,v1,2,1916,1947,rakennettu,rakennettu,rakennettu,unknown,rakennettu,wordfreq:fi,wordfreq_seeded;deterministically_filtered;structurally_curated
fi,v1,2,1917,1948,selkeästi,selkeästi,selkeästi,unknown,selkeästi,wordfreq:fi,wordfreq_seeded;deterministically_filtered;structurally_curated
fi,v1,2,1918,1949,silmät,silmät,silmät,unknown,silmät,wordfreq:fi,wordfreq_seeded;deterministically_filtered;structurally_curated
fi,v1,2,1919,1950,talossa,talossa,talossa,unknown,talossa,wordfreq:fi,wordfreq_seeded;deterministically_filtered;structurally_curated
fi,v1,2,1920,1951,tarkoitettu,tarkoitettu,tarkoitettu,unknown,tarkoitettu,wordfreq:fi,wordfreq_seeded;deterministically_filtered;structurally_curated
fi,v1,2,1921,1952,tytär,tytär,tytär,unknown,tytär,wordfreq:fi,wordfreq_seeded;deterministically_filtered;structurally_curated
fi,v1,2,1922,1953,tähti,tähti,tähti,unknown,tähti,wordfreq:fi,wordfreq_seeded;deterministically_filtered;structurally_curated
fi,v1,2,1923,1954,tällaisia,tällaisia,tällaisia,unknown,tällaisia,wordfreq:fi,wordfreq_seeded;deterministically_filtered;structurally_curated
fi,v1,2,1924,1955,tärkeitä,tärkeitä,tärkeitä,unknown,tärkeitä,wordfreq:fi,wordfreq_seeded;deterministically_filtered;structurally_curated
fi,v1,2,1925,1956,vaivaa,vaivaa,vaivaa,unknown,vaivaa,wordfreq:fi,wordfreq_seeded;deterministically_filtered;structurally_curated
fi,v1,2,1926,1957,valtaa,valtaa,valtaa,unknown,valtaa,wordfreq:fi,wordfreq_seeded;deterministically_filtered;structurally_curated
fi,v1,2,1927,1958,vihreiden,vihreiden,vihreiden,unknown,vihreiden,wordfreq:fi,wordfreq_seeded;deterministically_filtered;structurally_curated
fi,v1,2,1928,1959,viimeistään,viimeistään,viimeistään,unknown,viimeistään,wordfreq:fi,wordfreq_seeded;deterministically_filtered;structurally_curated
fi,v1,2,1929,1960,viron,viron,viron,unknown,viron,wordfreq:fi,wordfreq_seeded;deterministically_filtered;structurally_curated
fi,v1,2,1930,1961,youtube,youtube,youtube,unknown,youtube,wordfreq:fi,wordfreq_seeded;deterministically_filtered;structurally_curated
fi,v1,2,1931,1963,älkää,älkää,älkää,unknown,älkää,wordfreq:fi,wordfreq_seeded;deterministically_filtered;structurally_curated
fi,v1,2,1932,1964,aihe,aihe,aihe,unknown,aihe,wordfreq:fi,wordfreq_seeded;deterministically_filtered;structurally_curated
fi,v1,2,1933,1965,ajoissa,ajoissa,ajoissa,unknown,ajoissa,wordfreq:fi,wordfreq_seeded;deterministically_filtered;structurally_curated
fi,v1,2,1934,1966,asioiden,asioiden,asioiden,unknown,asioiden,wordfreq:fi,wordfreq_seeded;deterministically_filtered;structurally_curated
fi,v1,2,1935,1967,avata,avata,avata,unknown,avata,wordfreq:fi,wordfreq_seeded;deterministically_filtered;structurally_curated
fi,v1,2,1936,1968,edellisen,edellisen,edellisen,unknown,edellisen,wordfreq:fi,wordfreq_seeded;deterministically_filtered;structurally_curated
fi,v1,2,1937,1969,ehtinyt,ehtinyt,ehtinyt,unknown,ehtinyt,wordfreq:fi,wordfreq_seeded;deterministically_filtered;structurally_curated
fi,v1,2,1938,1970,ensimmäisessä,ensimmäisessä,ensimmäisessä,unknown,ensimmäisessä,wordfreq:fi,wordfreq_seeded;deterministically_filtered;structurally_curated
fi,v1,2,1939,1971,eroa,eroa,eroa,unknown,eroa,wordfreq:fi,wordfreq_seeded;deterministically_filtered;structurally_curated
fi,v1,2,1940,1972,espoo,espoo,espoo,unknown,espoo,wordfreq:fi,wordfreq_seeded;deterministically_filtered;structurally_curated
fi,v1,2,1941,1973,george,george,george,unknown,george,wordfreq:fi,wordfreq_seeded;deterministically_filtered;structurally_curated
fi,v1,2,1942,1974,hallinto,hallinto,hallinto,unknown,hallinto,wordfreq:fi,wordfreq_seeded;deterministically_filtered;structurally_curated
fi,v1,2,1943,1975,hyvällä,hyvällä,hyvällä,unknown,hyvällä,wordfreq:fi,wordfreq_seeded;deterministically_filtered;structurally_curated
fi,v1,2,1944,1976,ihmisistä,ihmisistä,ihmisistä,unknown,ihmisistä,wordfreq:fi,wordfreq_seeded;deterministically_filtered;structurally_curated
fi,v1,2,1945,1977,iloinen,iloinen,iloinen,unknown,iloinen,wordfreq:fi,wordfreq_seeded;deterministically_filtered;structurally_curated
fi,v1,2,1946,1978,isänsä,isänsä,isänsä,unknown,isänsä,wordfreq:fi,wordfreq_seeded;deterministically_filtered;structurally_curated
fi,v1,2,1947,1979,johti,johti,johti,unknown,johti,wordfreq:fi,wordfreq_seeded;deterministically_filtered;structurally_curated
fi,v1,2,1948,1980,johtoon,johtoon,johtoon,unknown,johtoon,wordfreq:fi,wordfreq_seeded;deterministically_filtered;structurally_curated
fi,v1,2,1949,1981,jonne,jonne,jonne,unknown,jonne,wordfreq:fi,wordfreq_seeded;deterministically_filtered;structurally_curated
fi,v1,2,1950,1982,kaipaa,kaipaa,kaipaa,unknown,kaipaa,wordfreq:fi,wordfreq_seeded;deterministically_filtered;structurally_curated
fi,v1,2,1951,1983,kesäkuussa,kesäkuussa,kesäkuussa,unknown,kesäkuussa,wordfreq:fi,wordfreq_seeded;deterministically_filtered;structurally_curated
fi,v1,2,1952,1984,kommentti,kommentti,kommentti,unknown,kommentti,wordfreq:fi,wordfreq_seeded;deterministically_filtered;structurally_curated
fi,v1,2,1953,1985,kuoleman,kuoleman,kuoleman,unknown,kuoleman,wordfreq:fi,wordfreq_seeded;deterministically_filtered;structurally_curated
fi,v1,2,1954,1986,kuuden,kuuden,kuuden,unknown,kuuden,wordfreq:fi,wordfreq_seeded;deterministically_filtered;structurally_curated
fi,v1,2,1955,1987,kuului,kuului,kuului,unknown,kuului,wordfreq:fi,wordfreq_seeded;deterministically_filtered;structurally_curated
fi,v1,2,1956,1988,käynnissä,käynnissä,käynnissä,unknown,käynnissä,wordfreq:fi,wordfreq_seeded;deterministically_filtered;structurally_curated
fi,v1,2,1957,1989,käyttämään,käyttämään,käyttämään,unknown,käyttämään,wordfreq:fi,wordfreq_seeded;deterministically_filtered;structurally_curated
fi,v1,2,1958,1990,käyttänyt,käyttänyt,käyttänyt,unknown,käyttänyt,wordfreq:fi,wordfreq_seeded;deterministically_filtered;structurally_curated
fi,v1,2,1959,1991,laskea,laskea,laskea,unknown,laskea,wordfreq:fi,wordfreq_seeded;deterministically_filtered;structurally_curated
fi,v1,2,1960,1992,lauri,lauri,lauri,unknown,lauri,wordfreq:fi,wordfreq_seeded;deterministically_filtered;structurally_curated
fi,v1,2,1961,1993,liikkeelle,liikkeelle,liikkeelle,unknown,liikkeelle,wordfreq:fi,wordfreq_seeded;deterministically_filtered;structurally_curated
fi,v1,2,1962,1994,lopulla,lopulla,lopulla,unknown,lopulla,wordfreq:fi,wordfreq_seeded;deterministically_filtered;structurally_curated
fi,v1,2,1963,1995,lukenut,lukenut,lukenut,unknown,lukenut,wordfreq:fi,wordfreq_seeded;deterministically_filtered;structurally_curated
fi,v1,2,1964,1996,norjan,norjan,norjan,unknown,norjan,wordfreq:fi,wordfreq_seeded;deterministically_filtered;structurally_curated
fi,v1,2,1965,1997,noussut,noussut,noussut,unknown,noussut,wordfreq:fi,wordfreq_seeded;deterministically_filtered;structurally_curated
fi,v1,2,1966,1998,olevien,olevien,olevien,unknown,olevien,wordfreq:fi,wordfreq_seeded;deterministically_filtered;structurally_curated
fi,v1,2,1967,1999,ollessa,ollessa,ollessa,unknown,ollessa,wordfreq:fi,wordfreq_seeded;deterministically_filtered;structurally_curated
fi,v1,2,1968,2000,omistaa,omistaa,omistaa,unknown,omistaa,wordfreq:fi,wordfreq_seeded;deterministically_filtered;structurally_curated
fi,v1,2,1969,2001,op,op,op,unknown,op,wordfreq:fi,wordfreq_seeded;deterministically_filtered;structurally_curated
fi,v1,2,1970,2002,pro,pro,pro,unknown,pro,wordfreq:fi,wordfreq_seeded;deterministically_filtered;structurally_curated
fi,v1,2,1971,2003,raaka,raaka,raaka,unknown,raaka,wordfreq:fi,wordfreq_seeded;deterministically_filtered;structurally_curated
fi,v1,2,1972,2004,sekaisin,sekaisin,sekaisin,unknown,sekaisin,wordfreq:fi,wordfreq_seeded;deterministically_filtered;structurally_curated
fi,v1,2,1973,2005,sovi,sovi,sovi,unknown,sovi,wordfreq:fi,wordfreq_seeded;deterministically_filtered;structurally_curated
fi,v1,2,1974,2006,tapahtua,tapahtua,tapahtua,unknown,tapahtua,wordfreq:fi,wordfreq_seeded;deterministically_filtered;structurally_curated
fi,v1,2,1975,2007,tarvetta,tarvetta,tarvetta,unknown,tarvetta,wordfreq:fi,wordfreq_seeded;deterministically_filtered;structurally_curated
fi,v1,2,1976,2008,toivoa,toivoa,toivoa,unknown,toivoa,wordfreq:fi,wordfreq_seeded;deterministically_filtered;structurally_curated
fi,v1,2,1977,2009,top,top,top,unknown,top,wordfreq:fi,wordfreq_seeded;deterministically_filtered;structurally_curated
fi,v1,2,1978,2010,toteaa,toteaa,toteaa,unknown,toteaa,wordfreq:fi,wordfreq_seeded;deterministically_filtered;structurally_curated
fi,v1,2,1979,2012,tukee,tukee,tukee,unknown,tukee,wordfreq:fi,wordfreq_seeded;deterministically_filtered;structurally_curated
fi,v1,2,1980,2013,tuloksia,tuloksia,tuloksia,unknown,tuloksia,wordfreq:fi,wordfreq_seeded;deterministically_filtered;structurally_curated
fi,v1,2,1981,2014,tän,tän,tän,unknown,tän,wordfreq:fi,wordfreq_seeded;deterministically_filtered;structurally_curated
fi,v1,2,1982,2015,useimmiten,useimmiten,useimmiten,unknown,useimmiten,wordfreq:fi,wordfreq_seeded;deterministically_filtered;structurally_curated
fi,v1,2,1983,2016,vanhempi,vanhempi,vanhempi,unknown,vanhempi,wordfreq:fi,wordfreq_seeded;deterministically_filtered;structurally_curated
fi,v1,2,1984,2017,vastasi,vastasi,vastasi,unknown,vastasi,wordfreq:fi,wordfreq_seeded;deterministically_filtered;structurally_curated
fi,v1,2,1985,2018,viestin,viestin,viestin,unknown,viestin,wordfreq:fi,wordfreq_seeded;deterministically_filtered;structurally_curated
fi,v1,2,1986,2019,virhe,virhe,virhe,unknown,virhe,wordfreq:fi,wordfreq_seeded;deterministically_filtered;structurally_curated
fi,v1,2,1987,2020,voimaan,voimaan,voimaan,unknown,voimaan,wordfreq:fi,wordfreq_seeded;deterministically_filtered;structurally_curated
fi,v1,2,1988,2021,voittaja,voittaja,voittaja,unknown,voittaja,wordfreq:fi,wordfreq_seeded;deterministically_filtered;structurally_curated
fi,v1,2,1989,2022,välistä,välistä,välistä,unknown,välistä,wordfreq:fi,wordfreq_seeded;deterministically_filtered;structurally_curated
fi,v1,2,1990,2023,väärä,väärä,väärä,unknown,väärä,wordfreq:fi,wordfreq_seeded;deterministically_filtered;structurally_curated
fi,v1,2,1991,2024,aalto,aalto,aalto,unknown,aalto,wordfreq:fi,wordfreq_seeded;deterministically_filtered;structurally_curated
fi,v1,2,1992,2025,aikuisten,aikuisten,aikuisten,unknown,aikuisten,wordfreq:fi,wordfreq_seeded;deterministically_filtered;structurally_curated
fi,v1,2,1993,2026,asunto,asunto,asunto,unknown,asunto,wordfreq:fi,wordfreq_seeded;deterministically_filtered;structurally_curated
fi,v1,2,1994,2027,autolla,autolla,autolla,unknown,autolla,wordfreq:fi,wordfreq_seeded;deterministically_filtered;structurally_curated
fi,v1,2,1995,2028,avoin,avoin,avoin,unknown,avoin,wordfreq:fi,wordfreq_seeded;deterministically_filtered;structurally_curated
fi,v1,2,1996,2029,erään,erään,erään,unknown,erään,wordfreq:fi,wordfreq_seeded;deterministically_filtered;structurally_curated
fi,v1,2,1997,2030,hakee,hakee,hakee,unknown,hakee,wordfreq:fi,wordfreq_seeded;deterministically_filtered;structurally_curated
fi,v1,2,1998,2031,haluamme,haluamme,haluamme,unknown,haluamme,wordfreq:fi,wordfreq_seeded;deterministically_filtered;structurally_curated
fi,v1,2,1999,2032,harmi,harmi,harmi,unknown,harmi,wordfreq:fi,wordfreq_seeded;deterministically_filtered;structurally_curated
fi,v1,2,2000,2033,helvetti,helvetti,helvetti,unknown,helvetti,wordfreq:fi,wordfreq_seeded;deterministically_filtered;structurally_curated
fi,v1,3,2001,2034,huomasin,huomasin,huomasin,unknown,huomasin,wordfreq:fi,wordfreq_seeded;deterministically_filtered;structurally_curated
fi,v1,3,2002,2035,ilmaista,ilmaista,ilmaista,unknown,ilmaista,wordfreq:fi,wordfreq_seeded;deterministically_filtered;structurally_curated
fi,v1,3,2003,2036,itseni,itseni,itseni,unknown,itseni,wordfreq:fi,wordfreq_seeded;deterministically_filtered;structurally_curated
fi,v1,3,2004,2037,jäävät,jäävät,jäävät,unknown,jäävät,wordfreq:fi,wordfreq_seeded;deterministically_filtered;structurally_curated
fi,v1,3,2005,2038,kaikkiin,kaikkiin,kaikkiin,unknown,kaikkiin,wordfreq:fi,wordfreq_seeded;deterministically_filtered;structurally_curated
fi,v1,3,2006,2039,kansainvälisen,kansainvälisen,kansainvälisen,unknown,kansainvälisen,wordfreq:fi,wordfreq_seeded;deterministically_filtered;structurally_curated
fi,v1,3,2007,2040,kokenut,kokenut,kokenut,unknown,kokenut,wordfreq:fi,wordfreq_seeded;deterministically_filtered;structurally_curated
fi,v1,3,2008,2041,kutsua,kutsua,kutsua,unknown,kutsua,wordfreq:fi,wordfreq_seeded;deterministically_filtered;structurally_curated
fi,v1,3,2009,2042,kuuma,kuuma,kuuma,unknown,kuuma,wordfreq:fi,wordfreq_seeded;deterministically_filtered;structurally_curated
fi,v1,3,2010,2043,kuuntele,kuuntele,kuuntele,unknown,kuuntele,wordfreq:fi,wordfreq_seeded;deterministically_filtered;structurally_curated
fi,v1,3,2011,2044,liikenteen,liikenteen,liikenteen,unknown,liikenteen,wordfreq:fi,wordfreq_seeded;deterministically_filtered;structurally_curated
fi,v1,3,2012,2045,liity,liity,liity,unknown,liity,wordfreq:fi,wordfreq_seeded;deterministically_filtered;structurally_curated
fi,v1,3,2013,2046,lokakuussa,lokakuussa,lokakuussa,unknown,lokakuussa,wordfreq:fi,wordfreq_seeded;deterministically_filtered;structurally_curated
fi,v1,3,2014,2047,luvassa,luvassa,luvassa,unknown,luvassa,wordfreq:fi,wordfreq_seeded;deterministically_filtered;structurally_curated
fi,v1,3,2015,2048,monissa,monissa,monissa,unknown,monissa,wordfreq:fi,wordfreq_seeded;deterministically_filtered;structurally_curated
fi,v1,3,2016,2049,muilla,muilla,muilla,unknown,muilla,wordfreq:fi,wordfreq_seeded;deterministically_filtered;structurally_curated
fi,v1,3,2017,2050,muutti,muutti,muutti,unknown,muutti,wordfreq:fi,wordfreq_seeded;deterministically_filtered;structurally_curated
fi,v1,3,2018,2051,myydään,myydään,myydään,unknown,myydään,wordfreq:fi,wordfreq_seeded;deterministically_filtered;structurally_curated
fi,v1,3,2019,2052,määrin,määrin,määrin,unknown,määrin,wordfreq:fi,wordfreq_seeded;deterministically_filtered;structurally_curated
fi,v1,3,2020,2053,olevaa,olevaa,olevaa,unknown,olevaa,wordfreq:fi,wordfreq_seeded;deterministically_filtered;structurally_curated
fi,v1,3,2021,2054,opettaa,opettaa,opettaa,unknown,opettaa,wordfreq:fi,wordfreq_seeded;deterministically_filtered;structurally_curated
fi,v1,3,2022,2055,osallistua,osallistua,osallistua,unknown,osallistua,wordfreq:fi,wordfreq_seeded;deterministically_filtered;structurally_curated
fi,v1,3,2023,2056,painaa,painaa,painaa,unknown,painaa,wordfreq:fi,wordfreq_seeded;deterministically_filtered;structurally_curated
fi,v1,3,2024,2057,poliisille,poliisille,poliisille,unknown,poliisille,wordfreq:fi,wordfreq_seeded;deterministically_filtered;structurally_curated
fi,v1,3,2025,2058,poliitikot,poliitikot,poliitikot,unknown,poliitikot,wordfreq:fi,wordfreq_seeded;deterministically_filtered;structurally_curated
fi,v1,3,2026,2059,rakentaminen,rakentaminen,rakentaminen,unknown,rakentaminen,wordfreq:fi,wordfreq_seeded;deterministically_filtered;structurally_curated
fi,v1,3,2027,2060,saapuu,saapuu,saapuu,unknown,saapuu,wordfreq:fi,wordfreq_seeded;deterministically_filtered;structurally_curated
fi,v1,3,2028,2061,sosiaali,sosiaali,sosiaali,unknown,sosiaali,wordfreq:fi,wordfreq_seeded;deterministically_filtered;structurally_curated
fi,v1,3,2029,2062,suomalaisista,suomalaisista,suomalaisista,unknown,suomalaisista,wordfreq:fi,wordfreq_seeded;deterministically_filtered;structurally_curated
fi,v1,3,2030,2063,tarve,tarve,tarve,unknown,tarve,wordfreq:fi,wordfreq_seeded;deterministically_filtered;structurally_curated
fi,v1,3,2031,2064,tiedät,tiedät,tiedät,unknown,tiedät,wordfreq:fi,wordfreq_seeded;deterministically_filtered;structurally_curated
fi,v1,3,2032,2065,totesi,totesi,totesi,unknown,totesi,wordfreq:fi,wordfreq_seeded;deterministically_filtered;structurally_curated
fi,v1,3,2033,2066,valmiita,valmiita,valmiita,unknown,valmiita,wordfreq:fi,wordfreq_seeded;deterministically_filtered;structurally_curated
fi,v1,3,2034,2067,vantaa,vantaa,vantaa,unknown,vantaa,wordfreq:fi,wordfreq_seeded;deterministically_filtered;structurally_curated
fi,v1,3,2035,2068,vantaan,vantaan,vantaan,unknown,vantaan,wordfreq:fi,wordfreq_seeded;deterministically_filtered;structurally_curated
fi,v1,3,2036,2069,videon,videon,videon,unknown,videon,wordfreq:fi,wordfreq_seeded;deterministically_filtered;structurally_curated
fi,v1,3,2037,2070,viittaa,viittaa,viittaa,unknown,viittaa,wordfreq:fi,wordfreq_seeded;deterministically_filtered;structurally_curated
fi,v1,3,2038,2071,ympärillä,ympärillä,ympärillä,unknown,ympärillä,wordfreq:fi,wordfreq_seeded;deterministically_filtered;structurally_curated
fi,v1,3,2039,2072,yöllä,yöllä,yöllä,unknown,yöllä,wordfreq:fi,wordfreq_seeded;deterministically_filtered;structurally_curated
fi,v1,3,2040,2073,ajassa,ajassa,ajassa,unknown,ajassa,wordfreq:fi,wordfreq_seeded;deterministically_filtered;structurally_curated
fi,v1,3,2041,2074,alkoivat,alkoivat,alkoivat,unknown,alkoivat,wordfreq:fi,wordfreq_seeded;deterministically_filtered;structurally_curated
fi,v1,3,2042,2075,alueet,alueet,alueet,unknown,alueet,wordfreq:fi,wordfreq_seeded;deterministically_filtered;structurally_curated
fi,v1,3,2043,2076,amerikan,amerikan,amerikan,unknown,amerikan,wordfreq:fi,wordfreq_seeded;deterministically_filtered;structurally_curated
fi,v1,3,2044,2077,armeija,armeija,armeija,unknown,armeija,wordfreq:fi,wordfreq_seeded;deterministically_filtered;structurally_curated
fi,v1,3,2045,2078,asteen,asteen,asteen,unknown,asteen,wordfreq:fi,wordfreq_seeded;deterministically_filtered;structurally_curated
fi,v1,3,2046,2079,elämänsä,elämänsä,elämänsä,unknown,elämänsä,wordfreq:fi,wordfreq_seeded;deterministically_filtered;structurally_curated
fi,v1,3,2047,2080,isän,isän,isän,unknown,isän,wordfreq:fi,wordfreq_seeded;deterministically_filtered;structurally_curated
fi,v1,3,2048,2081,kanta,kanta,kanta,unknown,kanta,wordfreq:fi,wordfreq_seeded;deterministically_filtered;structurally_curated
fi,v1,3,2049,2082,kappaletta,kappaletta,kappaletta,unknown,kappaletta,wordfreq:fi,wordfreq_seeded;deterministically_filtered;structurally_curated
fi,v1,3,2050,2083,keskiviikkona,keskiviikkona,keskiviikkona,unknown,keskiviikkona,wordfreq:fi,wordfreq_seeded;deterministically_filtered;structurally_curated
fi,v1,3,2051,2084,kesä,kesä,kesä,unknown,kesä,wordfreq:fi,wordfreq_seeded;deterministically_filtered;structurally_curated
fi,v1,3,2052,2085,kuntien,kuntien,kuntien,unknown,kuntien,wordfreq:fi,wordfreq_seeded;deterministically_filtered;structurally_curated
fi,v1,3,2053,2086,kuukausi,kuukausi,kuukausi,unknown,kuukausi,wordfreq:fi,wordfreq_seeded;deterministically_filtered;structurally_curated
fi,v1,3,2054,2087,kylmä,kylmä,kylmä,unknown,kylmä,wordfreq:fi,wordfreq_seeded;deterministically_filtered;structurally_curated
fi,v1,3,2055,2088,kymmeniä,kymmeniä,kymmeniä,unknown,kymmeniä,wordfreq:fi,wordfreq_seeded;deterministically_filtered;structurally_curated
fi,v1,3,2056,2089,käydään,käydään,käydään,unknown,käydään,wordfreq:fi,wordfreq_seeded;deterministically_filtered;structurally_curated
fi,v1,3,2057,2090,käytti,käytti,käytti,unknown,käytti,wordfreq:fi,wordfreq_seeded;deterministically_filtered;structurally_curated
fi,v1,3,2058,2091,mainittu,mainittu,mainittu,unknown,mainittu,wordfreq:fi,wordfreq_seeded;deterministically_filtered;structurally_curated
fi,v1,3,2059,2092,meidät,meidät,meidät,unknown,meidät,wordfreq:fi,wordfreq_seeded;deterministically_filtered;structurally_curated
fi,v1,3,2060,2093,merkki,merkki,merkki,unknown,merkki,wordfreq:fi,wordfreq_seeded;deterministically_filtered;structurally_curated
fi,v1,3,2061,2094,monesti,monesti,monesti,unknown,monesti,wordfreq:fi,wordfreq_seeded;deterministically_filtered;structurally_curated
fi,v1,3,2062,2095,normaalisti,normaalisti,normaalisti,unknown,normaalisti,wordfreq:fi,wordfreq_seeded;deterministically_filtered;structurally_curated
fi,v1,3,2063,2096,omista,omista,omista,unknown,omista,wordfreq:fi,wordfreq_seeded;deterministically_filtered;structurally_curated
fi,v1,3,2064,2097,onnellinen,onnellinen,onnellinen,unknown,onnellinen,wordfreq:fi,wordfreq_seeded;deterministically_filtered;structurally_curated
fi,v1,3,2065,2098,oot,oot,oot,unknown,oot,wordfreq:fi,wordfreq_seeded;deterministically_filtered;structurally_curated
fi,v1,3,2066,2099,oulussa,oulussa,oulussa,unknown,oulussa,wordfreq:fi,wordfreq_seeded;deterministically_filtered;structurally_curated
fi,v1,3,2067,2100,paikkansa,paikkansa,paikkansa,unknown,paikkansa,wordfreq:fi,wordfreq_seeded;deterministically_filtered;structurally_curated
fi,v1,3,2068,2101,palkka,palkka,palkka,unknown,palkka,wordfreq:fi,wordfreq_seeded;deterministically_filtered;structurally_curated
fi,v1,3,2069,2102,pysyä,pysyä,pysyä,unknown,pysyä,wordfreq:fi,wordfreq_seeded;deterministically_filtered;structurally_curated
fi,v1,3,2070,2103,rajan,rajan,rajan,unknown,rajan,wordfreq:fi,wordfreq_seeded;deterministically_filtered;structurally_curated
fi,v1,3,2071,2104,rinne,rinne,rinne,unknown,rinne,wordfreq:fi,wordfreq_seeded;deterministically_filtered;structurally_curated
fi,v1,3,2072,2105,sipilä,sipilä,sipilä,unknown,sipilä,wordfreq:fi,wordfreq_seeded;deterministically_filtered;structurally_curated
fi,v1,3,2073,2106,sopiva,sopiva,sopiva,unknown,sopiva,wordfreq:fi,wordfreq_seeded;deterministically_filtered;structurally_curated
fi,v1,3,2074,2107,tarvittaessa,tarvittaessa,tarvittaessa,unknown,tarvittaessa,wordfreq:fi,wordfreq_seeded;deterministically_filtered;structurally_curated
fi,v1,3,2075,2108,tasan,tasan,tasan,unknown,tasan,wordfreq:fi,wordfreq_seeded;deterministically_filtered;structurally_curated
fi,v1,3,2076,2109,tila,tila,tila,unknown,tila,wordfreq:fi,wordfreq_seeded;deterministically_filtered;structurally_curated
fi,v1,3,2077,2110,tilanteesta,tilanteesta,tilanteesta,unknown,tilanteesta,wordfreq:fi,wordfreq_seeded;deterministically_filtered;structurally_curated
fi,v1,3,2078,2111,toisten,toisten,toisten,unknown,toisten,wordfreq:fi,wordfreq_seeded;deterministically_filtered;structurally_curated
fi,v1,3,2079,2112,tom,tom,tom,unknown,tom,wordfreq:fi,wordfreq_seeded;deterministically_filtered;structurally_curated
fi,v1,3,2080,2113,tunnetaan,tunnetaan,tunnetaan,unknown,tunnetaan,wordfreq:fi,wordfreq_seeded;deterministically_filtered;structurally_curated
fi,v1,3,2081,2114,tutustua,tutustua,tutustua,unknown,tutustua,wordfreq:fi,wordfreq_seeded;deterministically_filtered;structurally_curated
fi,v1,3,2082,2115,työt,työt,työt,unknown,työt,wordfreq:fi,wordfreq_seeded;deterministically_filtered;structurally_curated
fi,v1,3,2083,2116,tähden,tähden,tähden,unknown,tähden,wordfreq:fi,wordfreq_seeded;deterministically_filtered;structurally_curated
fi,v1,3,2084,2117,ulkopuolelle,ulkopuolelle,ulkopuolelle,unknown,ulkopuolelle,wordfreq:fi,wordfreq_seeded;deterministically_filtered;structurally_curated
fi,v1,3,2085,2118,useampi,useampi,useampi,unknown,useampi,wordfreq:fi,wordfreq_seeded;deterministically_filtered;structurally_curated
fi,v1,3,2086,2119,useimmat,useimmat,useimmat,unknown,useimmat,wordfreq:fi,wordfreq_seeded;deterministically_filtered;structurally_curated
fi,v1,3,2087,2120,vanhempien,vanhempien,vanhempien,unknown,vanhempien,wordfreq:fi,wordfreq_seeded;deterministically_filtered;structurally_curated
fi,v1,3,2088,2121,äkkiä,äkkiä,äkkiä,unknown,äkkiä,wordfreq:fi,wordfreq_seeded;deterministically_filtered;structurally_curated
fi,v1,3,2089,2122,ajatuksia,ajatuksia,ajatuksia,unknown,ajatuksia,wordfreq:fi,wordfreq_seeded;deterministically_filtered;structurally_curated
fi,v1,3,2090,2123,alueilla,alueilla,alueilla,unknown,alueilla,wordfreq:fi,wordfreq_seeded;deterministically_filtered;structurally_curated
fi,v1,3,2091,2124,astetta,astetta,astetta,unknown,astetta,wordfreq:fi,wordfreq_seeded;deterministically_filtered;structurally_curated
fi,v1,3,2092,2125,asunnon,asunnon,asunnon,unknown,asunnon,wordfreq:fi,wordfreq_seeded;deterministically_filtered;structurally_curated
fi,v1,3,2093,2126,autossa,autossa,autossa,unknown,autossa,wordfreq:fi,wordfreq_seeded;deterministically_filtered;structurally_curated
fi,v1,3,2094,2127,halusin,halusin,halusin,unknown,halusin,wordfreq:fi,wordfreq_seeded;deterministically_filtered;structurally_curated
fi,v1,3,2095,2128,hintaan,hintaan,hintaan,unknown,hintaan,wordfreq:fi,wordfreq_seeded;deterministically_filtered;structurally_curated
fi,v1,3,2096,2130,jaetaan,jaetaan,jaetaan,unknown,jaetaan,wordfreq:fi,wordfreq_seeded;deterministically_filtered;structurally_curated
fi,v1,3,2097,2131,keksi,keksi,keksi,unknown,keksi,wordfreq:fi,wordfreq_seeded;deterministically_filtered;structurally_curated
fi,v1,3,2098,2132,kesti,kesti,kesti,unknown,kesti,wordfreq:fi,wordfreq_seeded;deterministically_filtered;structurally_curated
fi,v1,3,2099,2133,kesänä,kesänä,kesänä,unknown,kesänä,wordfreq:fi,wordfreq_seeded;deterministically_filtered;structurally_curated
fi,v1,3,2100,2134,kohde,kohde,kohde,unknown,kohde,wordfreq:fi,wordfreq_seeded;deterministically_filtered;structurally_curated
fi,v1,3,2101,2135,korjata,korjata,korjata,unknown,korjata,wordfreq:fi,wordfreq_seeded;deterministically_filtered;structurally_curated
fi,v1,3,2102,2136,kysy,kysy,kysy,unknown,kysy,wordfreq:fi,wordfreq_seeded;deterministically_filtered;structurally_curated
fi,v1,3,2103,2137,käsi,käsi,käsi,unknown,käsi,wordfreq:fi,wordfreq_seeded;deterministically_filtered;structurally_curated
fi,v1,3,2104,2138,käytiin,käytiin,käytiin,unknown,käytiin,wordfreq:fi,wordfreq_seeded;deterministically_filtered;structurally_curated
fi,v1,3,2105,2139,nimeltä,nimeltä,nimeltä,unknown,nimeltä,wordfreq:fi,wordfreq_seeded;deterministically_filtered;structurally_curated
fi,v1,3,2106,2140,noi,noi,noi,unknown,noi,wordfreq:fi,wordfreq_seeded;deterministically_filtered;structurally_curated
fi,v1,3,2107,2141,ollen,ollen,ollen,unknown,ollen,wordfreq:fi,wordfreq_seeded;deterministically_filtered;structurally_curated
fi,v1,3,2108,2142,palata,palata,palata,unknown,palata,wordfreq:fi,wordfreq_seeded;deterministically_filtered;structurally_curated
fi,v1,3,2109,2143,pistää,pistää,pistää,unknown,pistää,wordfreq:fi,wordfreq_seeded;deterministically_filtered;structurally_curated
fi,v1,3,2110,2144,pärjää,pärjää,pärjää,unknown,pärjää,wordfreq:fi,wordfreq_seeded;deterministically_filtered;structurally_curated
fi,v1,3,2111,2145,rakastan,rakastan,rakastan,unknown,rakastan,wordfreq:fi,wordfreq_seeded;deterministically_filtered;structurally_curated
fi,v1,3,2112,2146,ravintola,ravintola,ravintola,unknown,ravintola,wordfreq:fi,wordfreq_seeded;deterministically_filtered;structurally_curated
fi,v1,3,2113,2147,riittävästi,riittävästi,riittävästi,unknown,riittävästi,wordfreq:fi,wordfreq_seeded;deterministically_filtered;structurally_curated
fi,v1,3,2114,2148,sekuntia,sekuntia,sekuntia,unknown,sekuntia,wordfreq:fi,wordfreq_seeded;deterministically_filtered;structurally_curated
fi,v1,3,2115,2149,soitti,soitti,soitti,unknown,soitti,wordfreq:fi,wordfreq_seeded;deterministically_filtered;structurally_curated
fi,v1,3,2116,2150,suhteellisen,suhteellisen,suhteellisen,unknown,suhteellisen,wordfreq:fi,wordfreq_seeded;deterministically_filtered;structurally_curated
fi,v1,3,2117,2151,syistä,syistä,syistä,unknown,syistä,wordfreq:fi,wordfreq_seeded;deterministically_filtered;structurally_curated
fi,v1,3,2118,2152,säännöt,säännöt,säännöt,unknown,säännöt,wordfreq:fi,wordfreq_seeded;deterministically_filtered;structurally_curated
fi,v1,3,2119,2153,tason,tason,tason,unknown,tason,wordfreq:fi,wordfreq_seeded;deterministically_filtered;structurally_curated
fi,v1,3,2120,2154,vahvistaa,vahvistaa,vahvistaa,unknown,vahvistaa,wordfreq:fi,wordfreq_seeded;deterministically_filtered;structurally_curated
fi,v1,3,2121,2155,vaikutti,vaikutti,vaikutti,unknown,vaikutti,wordfreq:fi,wordfreq_seeded;deterministically_filtered;structurally_curated
fi,v1,3,2122,2156,vanhaa,vanhaa,vanhaa,unknown,vanhaa,wordfreq:fi,wordfreq_seeded;deterministically_filtered;structurally_curated
fi,v1,3,2123,2157,viettää,viettää,viettää,unknown,viettää,wordfreq:fi,wordfreq_seeded;deterministically_filtered;structurally_curated
fi,v1,3,2124,2158,yleistä,yleistä,yleistä,unknown,yleistä,wordfreq:fi,wordfreq_seeded;deterministically_filtered;structurally_curated
fi,v1,3,2125,2159,yö,yö,yö,unknown,yö,wordfreq:fi,wordfreq_seeded;deterministically_filtered;structurally_curated
fi,v1,3,2126,2160,äärimmäisen,äärimmäisen,äärimmäisen,unknown,äärimmäisen,wordfreq:fi,wordfreq_seeded;deterministically_filtered;structurally_curated
fi,v1,3,2127,2161,ajat,ajat,ajat,unknown,ajat,wordfreq:fi,wordfreq_seeded;deterministically_filtered;structurally_curated
fi,v1,3,2128,2162,asiantuntija,asiantuntija,asiantuntija,unknown,asiantuntija,wordfreq:fi,wordfreq_seeded;deterministically_filtered;structurally_curated
fi,v1,3,2129,2163,aurinko,aurinko,aurinko,unknown,aurinko,wordfreq:fi,wordfreq_seeded;deterministically_filtered;structurally_curated
fi,v1,3,2130,2164,eurooppa,eurooppa,eurooppa,unknown,eurooppa,wordfreq:fi,wordfreq_seeded;deterministically_filtered;structurally_curated
fi,v1,3,2131,2165,herättää,herättää,herättää,unknown,herättää,wordfreq:fi,wordfreq_seeded;deterministically_filtered;structurally_curated
fi,v1,3,2132,2166,hitaasti,hitaasti,hitaasti,unknown,hitaasti,wordfreq:fi,wordfreq_seeded;deterministically_filtered;structurally_curated
fi,v1,3,2133,2167,hyvinkin,hyvinkin,hyvinkin,unknown,hyvinkin,wordfreq:fi,wordfreq_seeded;deterministically_filtered;structurally_curated
fi,v1,3,2134,2168,jaksaa,jaksaa,jaksaa,unknown,jaksaa,wordfreq:fi,wordfreq_seeded;deterministically_filtered;structurally_curated
fi,v1,3,2135,2169,jeesus,jeesus,jeesus,unknown,jeesus,wordfreq:fi,wordfreq_seeded;deterministically_filtered;structurally_curated
fi,v1,3,2136,2170,järjestelmä,järjestelmä,järjestelmä,unknown,järjestelmä,wordfreq:fi,wordfreq_seeded;deterministically_filtered;structurally_curated
fi,v1,3,2137,2171,kaikessa,kaikessa,kaikessa,unknown,kaikessa,wordfreq:fi,wordfreq_seeded;deterministically_filtered;structurally_curated
fi,v1,3,2138,2172,keskittyä,keskittyä,keskittyä,unknown,keskittyä,wordfreq:fi,wordfreq_seeded;deterministically_filtered;structurally_curated
fi,v1,3,2139,2173,keskustella,keskustella,keskustella,unknown,keskustella,wordfreq:fi,wordfreq_seeded;deterministically_filtered;structurally_curated
fi,v1,3,2140,2174,kiina,kiina,kiina,unknown,kiina,wordfreq:fi,wordfreq_seeded;deterministically_filtered;structurally_curated
fi,v1,3,2141,2175,kiire,kiire,kiire,unknown,kiire,wordfreq:fi,wordfreq_seeded;deterministically_filtered;structurally_curated
fi,v1,3,2142,2176,kädet,kädet,kädet,unknown,kädet,wordfreq:fi,wordfreq_seeded;deterministically_filtered;structurally_curated
fi,v1,3,2143,2177,laatu,laatu,laatu,unknown,laatu,wordfreq:fi,wordfreq_seeded;deterministically_filtered;structurally_curated
fi,v1,3,2144,2178,liittyviä,liittyviä,liittyviä,unknown,liittyviä,wordfreq:fi,wordfreq_seeded;deterministically_filtered;structurally_curated
fi,v1,3,2145,2179,lähelle,lähelle,lähelle,unknown,lähelle,wordfreq:fi,wordfreq_seeded;deterministically_filtered;structurally_curated
fi,v1,3,2146,2180,mediassa,mediassa,mediassa,unknown,mediassa,wordfreq:fi,wordfreq_seeded;deterministically_filtered;structurally_curated
fi,v1,3,2147,2181,mielellään,mielellään,mielellään,unknown,mielellään,wordfreq:fi,wordfreq_seeded;deterministically_filtered;structurally_curated
fi,v1,3,2148,2182,mukaansa,mukaansa,mukaansa,unknown,mukaansa,wordfreq:fi,wordfreq_seeded;deterministically_filtered;structurally_curated
fi,v1,3,2149,2183,mukanaan,mukanaan,mukanaan,unknown,mukanaan,wordfreq:fi,wordfreq_seeded;deterministically_filtered;structurally_curated
fi,v1,3,2150,2184,musiikin,musiikin,musiikin,unknown,musiikin,wordfreq:fi,wordfreq_seeded;deterministically_filtered;structurally_curated
fi,v1,3,2151,2185,naimisissa,naimisissa,naimisissa,unknown,naimisissa,wordfreq:fi,wordfreq_seeded;deterministically_filtered;structurally_curated
fi,v1,3,2152,2186,nousta,nousta,nousta,unknown,nousta,wordfreq:fi,wordfreq_seeded;deterministically_filtered;structurally_curated
fi,v1,3,2153,2187,oikeutta,oikeutta,oikeutta,unknown,oikeutta,wordfreq:fi,wordfreq_seeded;deterministically_filtered;structurally_curated
fi,v1,3,2154,2188,otettiin,otettiin,otettiin,unknown,otettiin,wordfreq:fi,wordfreq_seeded;deterministically_filtered;structurally_curated
fi,v1,3,2155,2189,paljoa,paljoa,paljoa,unknown,paljoa,wordfreq:fi,wordfreq_seeded;deterministically_filtered;structurally_curated
fi,v1,3,2156,2190,perkele,perkele,perkele,unknown,perkele,wordfreq:fi,wordfreq_seeded;deterministically_filtered;structurally_curated
fi,v1,3,2157,2191,pienempi,pienempi,pienempi,unknown,pienempi,wordfreq:fi,wordfreq_seeded;deterministically_filtered;structurally_curated
fi,v1,3,2158,2192,pk,pk,pk,unknown,pk,wordfreq:fi,wordfreq_seeded;deterministically_filtered;structurally_curated
fi,v1,3,2159,2193,pyritään,pyritään,pyritään,unknown,pyritään,wordfreq:fi,wordfreq_seeded;deterministically_filtered;structurally_curated
fi,v1,3,2160,2194,riippumatta,riippumatta,riippumatta,unknown,riippumatta,wordfreq:fi,wordfreq_seeded;deterministically_filtered;structurally_curated
fi,v1,3,2161,2195,samana,samana,samana,unknown,samana,wordfreq:fi,wordfreq_seeded;deterministically_filtered;structurally_curated
fi,v1,3,2162,2196,sinusta,sinusta,sinusta,unknown,sinusta,wordfreq:fi,wordfreq_seeded;deterministically_filtered;structurally_curated
fi,v1,3,2163,2197,tulosta,tulosta,tulosta,unknown,tulosta,wordfreq:fi,wordfreq_seeded;deterministically_filtered;structurally_curated
fi,v1,3,2164,2198,vaikutusta,vaikutusta,vaikutusta,unknown,vaikutusta,wordfreq:fi,wordfreq_seeded;deterministically_filtered;structurally_curated
fi,v1,3,2165,2199,vapaasti,vapaasti,vapaasti,unknown,vapaasti,wordfreq:fi,wordfreq_seeded;deterministically_filtered;structurally_curated
fi,v1,3,2166,2200,varmistaa,varmistaa,varmistaa,unknown,varmistaa,wordfreq:fi,wordfreq_seeded;deterministically_filtered;structurally_curated
fi,v1,3,2167,2201,varrella,varrella,varrella,unknown,varrella,wordfreq:fi,wordfreq_seeded;deterministically_filtered;structurally_curated
fi,v1,3,2168,2202,ääntä,ääntä,ääntä,unknown,ääntä,wordfreq:fi,wordfreq_seeded;deterministically_filtered;structurally_curated
fi,v1,3,2169,2203,anne,anne,anne,unknown,anne,wordfreq:fi,wordfreq_seeded;deterministically_filtered;structurally_curated
fi,v1,3,2170,2204,elämästä,elämästä,elämästä,unknown,elämästä,wordfreq:fi,wordfreq_seeded;deterministically_filtered;structurally_curated
fi,v1,3,2171,2205,henkeä,henkeä,henkeä,unknown,henkeä,wordfreq:fi,wordfreq_seeded;deterministically_filtered;structurally_curated
fi,v1,3,2172,2206,jatkoi,jatkoi,jatkoi,unknown,jatkoi,wordfreq:fi,wordfreq_seeded;deterministically_filtered;structurally_curated
fi,v1,3,2173,2207,johto,johto,johto,unknown,johto,wordfreq:fi,wordfreq_seeded;deterministically_filtered;structurally_curated
fi,v1,3,2174,2208,kans,kans,kans,unknown,kans,wordfreq:fi,wordfreq_seeded;deterministically_filtered;structurally_curated
fi,v1,3,2175,2209,kaverit,kaverit,kaverit,unknown,kaverit,wordfreq:fi,wordfreq_seeded;deterministically_filtered;structurally_curated
fi,v1,3,2176,2210,keskustassa,keskustassa,keskustassa,unknown,keskustassa,wordfreq:fi,wordfreq_seeded;deterministically_filtered;structurally_curated
fi,v1,3,2177,2211,kg,kg,kg,unknown,kg,wordfreq:fi,wordfreq_seeded;deterministically_filtered;structurally_curated
fi,v1,3,2178,2212,kiittää,kiittää,kiittää,unknown,kiittää,wordfreq:fi,wordfreq_seeded;deterministically_filtered;structurally_curated
fi,v1,3,2179,2213,kirjoittanut,kirjoittanut,kirjoittanut,unknown,kirjoittanut,wordfreq:fi,wordfreq_seeded;deterministically_filtered;structurally_curated
fi,v1,3,2180,2214,koe,koe,koe,unknown,koe,wordfreq:fi,wordfreq_seeded;deterministically_filtered;structurally_curated
fi,v1,3,2181,2215,kumpi,kumpi,kumpi,unknown,kumpi,wordfreq:fi,wordfreq_seeded;deterministically_filtered;structurally_curated
fi,v1,3,2182,2216,kuopio,kuopio,kuopio,unknown,kuopio,wordfreq:fi,wordfreq_seeded;deterministically_filtered;structurally_curated
fi,v1,3,2183,2217,käteen,käteen,käteen,unknown,käteen,wordfreq:fi,wordfreq_seeded;deterministically_filtered;structurally_curated
fi,v1,3,2184,2218,laura,laura,laura,unknown,laura,wordfreq:fi,wordfreq_seeded;deterministically_filtered;structurally_curated
fi,v1,3,2185,2219,liitto,liitto,liitto,unknown,liitto,wordfreq:fi,wordfreq_seeded;deterministically_filtered;structurally_curated
fi,v1,3,2186,2220,lähetti,lähetti,lähetti,unknown,lähetti,wordfreq:fi,wordfreq_seeded;deterministically_filtered;structurally_curated
fi,v1,3,2187,2221,mahdollistaa,mahdollistaa,mahdollistaa,unknown,mahdollistaa,wordfreq:fi,wordfreq_seeded;deterministically_filtered;structurally_curated
fi,v1,3,2188,2222,maksetaan,maksetaan,maksetaan,unknown,maksetaan,wordfreq:fi,wordfreq_seeded;deterministically_filtered;structurally_curated
fi,v1,3,2189,2223,menin,menin,menin,unknown,menin,wordfreq:fi,wordfreq_seeded;deterministically_filtered;structurally_curated
fi,v1,3,2190,2224,muusta,muusta,muusta,unknown,muusta,wordfreq:fi,wordfreq_seeded;deterministically_filtered;structurally_curated
fi,v1,3,2191,2225,muutosta,muutosta,muutosta,unknown,muutosta,wordfreq:fi,wordfreq_seeded;deterministically_filtered;structurally_curated
fi,v1,3,2192,2226,myöhässä,myöhässä,myöhässä,unknown,myöhässä,wordfreq:fi,wordfreq_seeded;deterministically_filtered;structurally_curated
fi,v1,3,2193,2227,naisille,naisille,naisille,unknown,naisille,wordfreq:fi,wordfreq_seeded;deterministically_filtered;structurally_curated
fi,v1,3,2194,2228,olimme,olimme,olimme,unknown,olimme,wordfreq:fi,wordfreq_seeded;deterministically_filtered;structurally_curated
fi,v1,3,2195,2229,opiskelija,opiskelija,opiskelija,unknown,opiskelija,wordfreq:fi,wordfreq_seeded;deterministically_filtered;structurally_curated
fi,v1,3,2196,2230,osui,osui,osui,unknown,osui,wordfreq:fi,wordfreq_seeded;deterministically_filtered;structurally_curated
fi,v1,3,2197,2231,paljastaa,paljastaa,paljastaa,unknown,paljastaa,wordfreq:fi,wordfreq_seeded;deterministically_filtered;structurally_curated
fi,v1,3,2198,2232,perin,perin,perin,unknown,perin,wordfreq:fi,wordfreq_seeded;deterministically_filtered;structurally_curated
fi,v1,3,2199,2233,pisteet,pisteet,pisteet,unknown,pisteet,wordfreq:fi,wordfreq_seeded;deterministically_filtered;structurally_curated
fi,v1,3,2200,2234,pääsin,pääsin,pääsin,unknown,pääsin,wordfreq:fi,wordfreq_seeded;deterministically_filtered;structurally_curated
fi,v1,3,2201,2235,päätöksiä,päätöksiä,päätöksiä,unknown,päätöksiä,wordfreq:fi,wordfreq_seeded;deterministically_filtered;structurally_curated
fi,v1,3,2202,2236,rahan,rahan,rahan,unknown,rahan,wordfreq:fi,wordfreq_seeded;deterministically_filtered;structurally_curated
fi,v1,3,2203,2237,sanan,sanan,sanan,unknown,sanan,wordfreq:fi,wordfreq_seeded;deterministically_filtered;structurally_curated
fi,v1,3,2204,2238,siirtyi,siirtyi,siirtyi,unknown,siirtyi,wordfreq:fi,wordfreq_seeded;deterministically_filtered;structurally_curated
fi,v1,3,2205,2239,sijasta,sijasta,sijasta,unknown,sijasta,wordfreq:fi,wordfreq_seeded;deterministically_filtered;structurally_curated
fi,v1,3,2206,2240,sisälle,sisälle,sisälle,unknown,sisälle,wordfreq:fi,wordfreq_seeded;deterministically_filtered;structurally_curated
fi,v1,3,2207,2241,sisältö,sisältö,sisältö,unknown,sisältö,wordfreq:fi,wordfreq_seeded;deterministically_filtered;structurally_curated
fi,v1,3,2208,2242,suunniteltu,suunniteltu,suunniteltu,unknown,suunniteltu,wordfreq:fi,wordfreq_seeded;deterministically_filtered;structurally_curated
fi,v1,3,2209,2243,sydän,sydän,sydän,unknown,sydän,wordfreq:fi,wordfreq_seeded;deterministically_filtered;structurally_curated
fi,v1,3,2210,2244,tajusin,tajusin,tajusin,unknown,tajusin,wordfreq:fi,wordfreq_seeded;deterministically_filtered;structurally_curated
fi,v1,3,2211,2245,tapahtumia,tapahtumia,tapahtumia,unknown,tapahtumia,wordfreq:fi,wordfreq_seeded;deterministically_filtered;structurally_curated
fi,v1,3,2212,2246,tarinan,tarinan,tarinan,unknown,tarinan,wordfreq:fi,wordfreq_seeded;deterministically_filtered;structurally_curated
fi,v1,3,2213,2247,tarkasti,tarkasti,tarkasti,unknown,tarkasti,wordfreq:fi,wordfreq_seeded;deterministically_filtered;structurally_curated
fi,v1,3,2214,2248,tarvinnut,tarvinnut,tarvinnut,unknown,tarvinnut,wordfreq:fi,wordfreq_seeded;deterministically_filtered;structurally_curated
fi,v1,3,2215,2249,teitä,teitä,teitä,unknown,teitä,wordfreq:fi,wordfreq_seeded;deterministically_filtered;structurally_curated
fi,v1,3,2216,2250,tietävät,tietävät,tietävät,unknown,tietävät,wordfreq:fi,wordfreq_seeded;deterministically_filtered;structurally_curated
fi,v1,3,2217,2251,tulleet,tulleet,tulleet,unknown,tulleet,wordfreq:fi,wordfreq_seeded;deterministically_filtered;structurally_curated
fi,v1,3,2218,2252,tunnu,tunnu,tunnu,unknown,tunnu,wordfreq:fi,wordfreq_seeded;deterministically_filtered;structurally_curated
fi,v1,3,2219,2253,tuntee,tuntee,tuntee,unknown,tuntee,wordfreq:fi,wordfreq_seeded;deterministically_filtered;structurally_curated
fi,v1,3,2220,2254,tunti,tunti,tunti,unknown,tunti,wordfreq:fi,wordfreq_seeded;deterministically_filtered;structurally_curated
fi,v1,3,2221,2255,tytön,tytön,tytön,unknown,tytön,wordfreq:fi,wordfreq_seeded;deterministically_filtered;structurally_curated
fi,v1,3,2222,2256,tämäkin,tämäkin,tämäkin,unknown,tämäkin,wordfreq:fi,wordfreq_seeded;deterministically_filtered;structurally_curated
fi,v1,3,2223,2257,unohtaa,unohtaa,unohtaa,unknown,unohtaa,wordfreq:fi,wordfreq_seeded;deterministically_filtered;structurally_curated
fi,v1,3,2224,2258,uransa,uransa,uransa,unknown,uransa,wordfreq:fi,wordfreq_seeded;deterministically_filtered;structurally_curated
fi,v1,3,2225,2259,uudesta,uudesta,uudesta,unknown,uudesta,wordfreq:fi,wordfreq_seeded;deterministically_filtered;structurally_curated
fi,v1,3,2226,2260,vahingossa,vahingossa,vahingossa,unknown,vahingossa,wordfreq:fi,wordfreq_seeded;deterministically_filtered;structurally_curated
fi,v1,3,2227,2261,verkossa,verkossa,verkossa,unknown,verkossa,wordfreq:fi,wordfreq_seeded;deterministically_filtered;structurally_curated
fi,v1,3,2228,2262,voimakkaasti,voimakkaasti,voimakkaasti,unknown,voimakkaasti,wordfreq:fi,wordfreq_seeded;deterministically_filtered;structurally_curated
fi,v1,3,2229,2263,voimassa,voimassa,voimassa,unknown,voimassa,wordfreq:fi,wordfreq_seeded;deterministically_filtered;structurally_curated
fi,v1,3,2230,2264,väkeä,väkeä,väkeä,unknown,väkeä,wordfreq:fi,wordfreq_seeded;deterministically_filtered;structurally_curated
fi,v1,3,2231,2265,with,with,with,unknown,with,wordfreq:fi,wordfreq_seeded;deterministically_filtered;structurally_curated
fi,v1,3,2232,2266,afrikan,afrikan,afrikan,unknown,afrikan,wordfreq:fi,wordfreq_seeded;deterministically_filtered;structurally_curated
fi,v1,3,2233,2267,alalla,alalla,alalla,unknown,alalla,wordfreq:fi,wordfreq_seeded;deterministically_filtered;structurally_curated
fi,v1,3,2234,2268,elämäni,elämäni,elämäni,unknown,elämäni,wordfreq:fi,wordfreq_seeded;deterministically_filtered;structurally_curated
fi,v1,3,2235,2269,etu,etu,etu,unknown,etu,wordfreq:fi,wordfreq_seeded;deterministically_filtered;structurally_curated
fi,v1,3,2236,2270,hae,hae,hae,unknown,hae,wordfreq:fi,wordfreq_seeded;deterministically_filtered;structurally_curated
fi,v1,3,2237,2271,hallituksessa,hallituksessa,hallituksessa,unknown,hallituksessa,wordfreq:fi,wordfreq_seeded;deterministically_filtered;structurally_curated
fi,v1,3,2238,2272,helpottaa,helpottaa,helpottaa,unknown,helpottaa,wordfreq:fi,wordfreq_seeded;deterministically_filtered;structurally_curated
fi,v1,3,2239,2273,hiukset,hiukset,hiukset,unknown,hiukset,wordfreq:fi,wordfreq_seeded;deterministically_filtered;structurally_curated
fi,v1,3,2240,2274,hävisi,hävisi,hävisi,unknown,hävisi,wordfreq:fi,wordfreq_seeded;deterministically_filtered;structurally_curated
fi,v1,3,2241,2275,ilmi,ilmi,ilmi,unknown,ilmi,wordfreq:fi,wordfreq_seeded;deterministically_filtered;structurally_curated
fi,v1,3,2242,2276,ilves,ilves,ilves,unknown,ilves,wordfreq:fi,wordfreq_seeded;deterministically_filtered;structurally_curated
fi,v1,3,2243,2277,janne,janne,janne,unknown,janne,wordfreq:fi,wordfreq_seeded;deterministically_filtered;structurally_curated
fi,v1,3,2244,2278,joidenkin,joidenkin,joidenkin,unknown,joidenkin,wordfreq:fi,wordfreq_seeded;deterministically_filtered;structurally_curated
fi,v1,3,2245,2279,jokaisella,jokaisella,jokaisella,unknown,jokaisella,wordfreq:fi,wordfreq_seeded;deterministically_filtered;structurally_curated
fi,v1,3,2246,2280,jäsenet,jäsenet,jäsenet,unknown,jäsenet,wordfreq:fi,wordfreq_seeded;deterministically_filtered;structurally_curated
fi,v1,3,2247,2281,jätä,jätä,jätä,unknown,jätä,wordfreq:fi,wordfreq_seeded;deterministically_filtered;structurally_curated
fi,v1,3,2248,2282,keskuudessa,keskuudessa,keskuudessa,unknown,keskuudessa,wordfreq:fi,wordfreq_seeded;deterministically_filtered;structurally_curated
fi,v1,3,2249,2283,kirjat,kirjat,kirjat,unknown,kirjat,wordfreq:fi,wordfreq_seeded;deterministically_filtered;structurally_curated
fi,v1,3,2250,2284,kirjoja,kirjoja,kirjoja,unknown,kirjoja,wordfreq:fi,wordfreq_seeded;deterministically_filtered;structurally_curated
fi,v1,3,2251,2285,kulttuurin,kulttuurin,kulttuurin,unknown,kulttuurin,wordfreq:fi,wordfreq_seeded;deterministically_filtered;structurally_curated
fi,v1,3,2252,2286,käytännön,käytännön,käytännön,unknown,käytännön,wordfreq:fi,wordfreq_seeded;deterministically_filtered;structurally_curated
fi,v1,3,2253,2287,liikkuu,liikkuu,liikkuu,unknown,liikkuu,wordfreq:fi,wordfreq_seeded;deterministically_filtered;structurally_curated
fi,v1,3,2254,2288,mahtuu,mahtuu,mahtuu,unknown,mahtuu,wordfreq:fi,wordfreq_seeded;deterministically_filtered;structurally_curated
fi,v1,3,2255,2289,meiltä,meiltä,meiltä,unknown,meiltä,wordfreq:fi,wordfreq_seeded;deterministically_filtered;structurally_curated
fi,v1,3,2256,2290,neljäs,neljäs,neljäs,unknown,neljäs,wordfreq:fi,wordfreq_seeded;deterministically_filtered;structurally_curated
fi,v1,3,2257,2291,ni,ni,ni,unknown,ni,wordfreq:fi,wordfreq_seeded;deterministically_filtered;structurally_curated
fi,v1,3,2258,2292,näet,näet,näet,unknown,näet,wordfreq:fi,wordfreq_seeded;deterministically_filtered;structurally_curated
fi,v1,3,2259,2293,oltiin,oltiin,oltiin,unknown,oltiin,wordfreq:fi,wordfreq_seeded;deterministically_filtered;structurally_curated
fi,v1,3,2260,2294,omistaja,omistaja,omistaja,unknown,omistaja,wordfreq:fi,wordfreq_seeded;deterministically_filtered;structurally_curated
fi,v1,3,2261,2295,oven,oven,oven,unknown,oven,wordfreq:fi,wordfreq_seeded;deterministically_filtered;structurally_curated
fi,v1,3,2262,2296,paul,paul,paul,unknown,paul,wordfreq:fi,wordfreq_seeded;deterministically_filtered;structurally_curated
fi,v1,3,2263,2297,poikien,poikien,poikien,unknown,poikien,wordfreq:fi,wordfreq_seeded;deterministically_filtered;structurally_curated
fi,v1,3,2264,2298,politiikan,politiikan,politiikan,unknown,politiikan,wordfreq:fi,wordfreq_seeded;deterministically_filtered;structurally_curated
fi,v1,3,2265,2299,politiikka,politiikka,politiikka,unknown,politiikka,wordfreq:fi,wordfreq_seeded;deterministically_filtered;structurally_curated
fi,v1,3,2266,2300,samanlainen,samanlainen,samanlainen,unknown,samanlainen,wordfreq:fi,wordfreq_seeded;deterministically_filtered;structurally_curated
fi,v1,3,2267,2301,san,san,san,unknown,san,wordfreq:fi,wordfreq_seeded;deterministically_filtered;structurally_curated
fi,v1,3,2268,2302,savon,savon,savon,unknown,savon,wordfreq:fi,wordfreq_seeded;deterministically_filtered;structurally_curated
fi,v1,3,2269,2303,sivuilla,sivuilla,sivuilla,unknown,sivuilla,wordfreq:fi,wordfreq_seeded;deterministically_filtered;structurally_curated
fi,v1,3,2270,2304,syyttää,syyttää,syyttää,unknown,syyttää,wordfreq:fi,wordfreq_seeded;deterministically_filtered;structurally_curated
fi,v1,3,2271,2305,tajua,tajua,tajua,unknown,tajua,wordfreq:fi,wordfreq_seeded;deterministically_filtered;structurally_curated
fi,v1,3,2272,2306,tarkkaan,tarkkaan,tarkkaan,unknown,tarkkaan,wordfreq:fi,wordfreq_seeded;deterministically_filtered;structurally_curated
fi,v1,3,2273,2307,tavataan,tavataan,tavataan,unknown,tavataan,wordfreq:fi,wordfreq_seeded;deterministically_filtered;structurally_curated
fi,v1,3,2274,2308,tilanteeseen,tilanteeseen,tilanteeseen,unknown,tilanteeseen,wordfreq:fi,wordfreq_seeded;deterministically_filtered;structurally_curated
fi,v1,3,2275,2309,toisistaan,toisistaan,toisistaan,unknown,toisistaan,wordfreq:fi,wordfreq_seeded;deterministically_filtered;structurally_curated
fi,v1,3,2276,2310,tunnen,tunnen,tunnen,unknown,tunnen,wordfreq:fi,wordfreq_seeded;deterministically_filtered;structurally_curated
fi,v1,3,2277,2311,tuote,tuote,tuote,unknown,tuote,wordfreq:fi,wordfreq_seeded;deterministically_filtered;structurally_curated
fi,v1,3,2278,2312,turhaan,turhaan,turhaan,unknown,turhaan,wordfreq:fi,wordfreq_seeded;deterministically_filtered;structurally_curated
fi,v1,3,2279,2313,tyyliin,tyyliin,tyyliin,unknown,tyyliin,wordfreq:fi,wordfreq_seeded;deterministically_filtered;structurally_curated
fi,v1,3,2280,2314,täyttä,täyttä,täyttä,unknown,täyttä,wordfreq:fi,wordfreq_seeded;deterministically_filtered;structurally_curated
fi,v1,3,2281,2316,vaatteet,vaatteet,vaatteet,unknown,vaatteet,wordfreq:fi,wordfreq_seeded;deterministically_filtered;structurally_curated
fi,v1,3,2282,2317,vaikuta,vaikuta,vaikuta,unknown,vaikuta,wordfreq:fi,wordfreq_seeded;deterministically_filtered;structurally_curated
fi,v1,3,2283,2318,virallinen,virallinen,virallinen,unknown,virallinen,wordfreq:fi,wordfreq_seeded;deterministically_filtered;structurally_curated
fi,v1,3,2284,2319,yllättäen,yllättäen,yllättäen,unknown,yllättäen,wordfreq:fi,wordfreq_seeded;deterministically_filtered;structurally_curated
fi,v1,3,2285,2320,aktiivisesti,aktiivisesti,aktiivisesti,unknown,aktiivisesti,wordfreq:fi,wordfreq_seeded;deterministically_filtered;structurally_curated
fi,v1,3,2286,2321,aloin,aloin,aloin,unknown,aloin,wordfreq:fi,wordfreq_seeded;deterministically_filtered;structurally_curated
fi,v1,3,2287,2322,asiakkaat,asiakkaat,asiakkaat,unknown,asiakkaat,wordfreq:fi,wordfreq_seeded;deterministically_filtered;structurally_curated
fi,v1,3,2288,2323,black,black,black,unknown,black,wordfreq:fi,wordfreq_seeded;deterministically_filtered;structurally_curated
fi,v1,3,2289,2324,edestä,edestä,edestä,unknown,edestä,wordfreq:fi,wordfreq_seeded;deterministically_filtered;structurally_curated
fi,v1,3,2290,2325,edustaa,edustaa,edustaa,unknown,edustaa,wordfreq:fi,wordfreq_seeded;deterministically_filtered;structurally_curated
fi,v1,3,2291,2326,enemmänkin,enemmänkin,enemmänkin,unknown,enemmänkin,wordfreq:fi,wordfreq_seeded;deterministically_filtered;structurally_curated
fi,v1,3,2292,2327,erinomainen,erinomainen,erinomainen,unknown,erinomainen,wordfreq:fi,wordfreq_seeded;deterministically_filtered;structurally_curated
fi,v1,3,2293,2328,hoitoon,hoitoon,hoitoon,unknown,hoitoon,wordfreq:fi,wordfreq_seeded;deterministically_filtered;structurally_curated
fi,v1,3,2294,2329,ilmiö,ilmiö,ilmiö,unknown,ilmiö,wordfreq:fi,wordfreq_seeded;deterministically_filtered;structurally_curated
fi,v1,3,2295,2330,joutunut,joutunut,joutunut,unknown,joutunut,wordfreq:fi,wordfreq_seeded;deterministically_filtered;structurally_curated
fi,v1,3,2296,2331,kahdella,kahdella,kahdella,unknown,kahdella,wordfreq:fi,wordfreq_seeded;deterministically_filtered;structurally_curated
fi,v1,3,2297,2332,kirjaa,kirjaa,kirjaa,unknown,kirjaa,wordfreq:fi,wordfreq_seeded;deterministically_filtered;structurally_curated
fi,v1,3,2298,2333,kisojen,kisojen,kisojen,unknown,kisojen,wordfreq:fi,wordfreq_seeded;deterministically_filtered;structurally_curated
fi,v1,3,2299,2334,kouluun,kouluun,kouluun,unknown,kouluun,wordfreq:fi,wordfreq_seeded;deterministically_filtered;structurally_curated
fi,v1,3,2300,2335,kunnat,kunnat,kunnat,unknown,kunnat,wordfreq:fi,wordfreq_seeded;deterministically_filtered;structurally_curated
fi,v1,3,2301,2336,kuolee,kuolee,kuolee,unknown,kuolee,wordfreq:fi,wordfreq_seeded;deterministically_filtered;structurally_curated
fi,v1,3,2302,2337,kysyi,kysyi,kysyi,unknown,kysyi,wordfreq:fi,wordfreq_seeded;deterministically_filtered;structurally_curated
fi,v1,3,2303,2338,laitetaan,laitetaan,laitetaan,unknown,laitetaan,wordfreq:fi,wordfreq_seeded;deterministically_filtered;structurally_curated
fi,v1,3,2304,2339,millaista,millaista,millaista,unknown,millaista,wordfreq:fi,wordfreq_seeded;deterministically_filtered;structurally_curated
fi,v1,3,2305,2340,muuttui,muuttui,muuttui,unknown,muuttui,wordfreq:fi,wordfreq_seeded;deterministically_filtered;structurally_curated
fi,v1,3,2306,2341,nauttia,nauttia,nauttia,unknown,nauttia,wordfreq:fi,wordfreq_seeded;deterministically_filtered;structurally_curated
fi,v1,3,2307,2342,netistä,netistä,netistä,unknown,netistä,wordfreq:fi,wordfreq_seeded;deterministically_filtered;structurally_curated
fi,v1,3,2308,2343,olisit,olisit,olisit,unknown,olisit,wordfreq:fi,wordfreq_seeded;deterministically_filtered;structurally_curated
fi,v1,3,2309,2344,paikasta,paikasta,paikasta,unknown,paikasta,wordfreq:fi,wordfreq_seeded;deterministically_filtered;structurally_curated
fi,v1,3,2310,2345,pinta,pinta,pinta,unknown,pinta,wordfreq:fi,wordfreq_seeded;deterministically_filtered;structurally_curated
fi,v1,3,2311,2346,pitkät,pitkät,pitkät,unknown,pitkät,wordfreq:fi,wordfreq_seeded;deterministically_filtered;structurally_curated
fi,v1,3,2312,2347,pitäis,pitäis,pitäis,unknown,pitäis,wordfreq:fi,wordfreq_seeded;deterministically_filtered;structurally_curated
fi,v1,3,2313,2348,pitääkö,pitääkö,pitääkö,unknown,pitääkö,wordfreq:fi,wordfreq_seeded;deterministically_filtered;structurally_curated
fi,v1,3,2314,2349,poliisit,poliisit,poliisit,unknown,poliisit,wordfreq:fi,wordfreq_seeded;deterministically_filtered;structurally_curated
fi,v1,3,2315,2350,puhui,puhui,puhui,unknown,puhui,wordfreq:fi,wordfreq_seeded;deterministically_filtered;structurally_curated
fi,v1,3,2316,2351,puolelta,puolelta,puolelta,unknown,puolelta,wordfreq:fi,wordfreq_seeded;deterministically_filtered;structurally_curated
fi,v1,3,2317,2352,ratkaisuja,ratkaisuja,ratkaisuja,unknown,ratkaisuja,wordfreq:fi,wordfreq_seeded;deterministically_filtered;structurally_curated
fi,v1,3,2318,2353,saamaan,saamaan,saamaan,unknown,saamaan,wordfreq:fi,wordfreq_seeded;deterministically_filtered;structurally_curated
fi,v1,3,2319,2354,sanovat,sanovat,sanovat,unknown,sanovat,wordfreq:fi,wordfreq_seeded;deterministically_filtered;structurally_curated
fi,v1,3,2320,2355,sinänsä,sinänsä,sinänsä,unknown,sinänsä,wordfreq:fi,wordfreq_seeded;deterministically_filtered;structurally_curated
fi,v1,3,2321,2356,sivusto,sivusto,sivusto,unknown,sivusto,wordfreq:fi,wordfreq_seeded;deterministically_filtered;structurally_curated
fi,v1,3,2322,2357,tasolle,tasolle,tasolle,unknown,tasolle,wordfreq:fi,wordfreq_seeded;deterministically_filtered;structurally_curated
fi,v1,3,2323,2358,teemu,teemu,teemu,unknown,teemu,wordfreq:fi,wordfreq_seeded;deterministically_filtered;structurally_curated
fi,v1,3,2324,2359,tunteita,tunteita,tunteita,unknown,tunteita,wordfreq:fi,wordfreq_seeded;deterministically_filtered;structurally_curated
fi,v1,3,2325,2360,tyttöjen,tyttöjen,tyttöjen,unknown,tyttöjen,wordfreq:fi,wordfreq_seeded;deterministically_filtered;structurally_curated
fi,v1,3,2326,2361,työstä,työstä,työstä,unknown,työstä,wordfreq:fi,wordfreq_seeded;deterministically_filtered;structurally_curated
fi,v1,3,2327,2362,täyteen,täyteen,täyteen,unknown,täyteen,wordfreq:fi,wordfreq_seeded;deterministically_filtered;structurally_curated
fi,v1,3,2328,2363,uhri,uhri,uhri,unknown,uhri,wordfreq:fi,wordfreq_seeded;deterministically_filtered;structurally_curated
fi,v1,3,2329,2364,usa,usa,usa,unknown,usa,wordfreq:fi,wordfreq_seeded;deterministically_filtered;structurally_curated
fi,v1,3,2330,2365,valitaan,valitaan,valitaan,unknown,valitaan,wordfreq:fi,wordfreq_seeded;deterministically_filtered;structurally_curated
fi,v1,3,2331,2366,w,w,w,unknown,w,wordfreq:fi,wordfreq_seeded;deterministically_filtered;structurally_curated
fi,v1,3,2332,2367,yrittänyt,yrittänyt,yrittänyt,unknown,yrittänyt,wordfreq:fi,wordfreq_seeded;deterministically_filtered;structurally_curated
fi,v1,3,2333,2368,yrityksiä,yrityksiä,yrityksiä,unknown,yrityksiä,wordfreq:fi,wordfreq_seeded;deterministically_filtered;structurally_curated
fi,v1,3,2334,2369,aho,aho,aho,unknown,aho,wordfreq:fi,wordfreq_seeded;deterministically_filtered;structurally_curated
fi,v1,3,2335,2370,aiheutti,aiheutti,aiheutti,unknown,aiheutti,wordfreq:fi,wordfreq_seeded;deterministically_filtered;structurally_curated
fi,v1,3,2336,2371,alku,alku,alku,unknown,alku,wordfreq:fi,wordfreq_seeded;deterministically_filtered;structurally_curated
fi,v1,3,2337,2372,alkuperäinen,alkuperäinen,alkuperäinen,unknown,alkuperäinen,wordfreq:fi,wordfreq_seeded;deterministically_filtered;structurally_curated
fi,v1,3,2338,2373,arvoista,arvoista,arvoista,unknown,arvoista,wordfreq:fi,wordfreq_seeded;deterministically_filtered;structurally_curated
fi,v1,3,2339,2374,as,as,as,unknown,as,wordfreq:fi,wordfreq_seeded;deterministically_filtered;structurally_curated
fi,v1,3,2340,2375,automaattisesti,automaattisesti,automaattisesti,unknown,automaattisesti,wordfreq:fi,wordfreq_seeded;deterministically_filtered;structurally_curated
fi,v1,3,2341,2376,ensimmäisellä,ensimmäisellä,ensimmäisellä,unknown,ensimmäisellä,wordfreq:fi,wordfreq_seeded;deterministically_filtered;structurally_curated
fi,v1,3,2342,2377,erilaiset,erilaiset,erilaiset,unknown,erilaiset,wordfreq:fi,wordfreq_seeded;deterministically_filtered;structurally_curated
fi,v1,3,2343,2378,hannu,hannu,hannu,unknown,hannu,wordfreq:fi,wordfreq_seeded;deterministically_filtered;structurally_curated
fi,v1,3,2344,2379,heinäkuussa,heinäkuussa,heinäkuussa,unknown,heinäkuussa,wordfreq:fi,wordfreq_seeded;deterministically_filtered;structurally_curated
fi,v1,3,2345,2380,huolissaan,huolissaan,huolissaan,unknown,huolissaan,wordfreq:fi,wordfreq_seeded;deterministically_filtered;structurally_curated
fi,v1,3,2346,2381,hyvässä,hyvässä,hyvässä,unknown,hyvässä,wordfreq:fi,wordfreq_seeded;deterministically_filtered;structurally_curated
fi,v1,3,2347,2382,kahdessa,kahdessa,kahdessa,unknown,kahdessa,wordfreq:fi,wordfreq_seeded;deterministically_filtered;structurally_curated
fi,v1,3,2348,2383,kahdesta,kahdesta,kahdesta,unknown,kahdesta,wordfreq:fi,wordfreq_seeded;deterministically_filtered;structurally_curated
fi,v1,3,2349,2384,kerrallaan,kerrallaan,kerrallaan,unknown,kerrallaan,wordfreq:fi,wordfreq_seeded;deterministically_filtered;structurally_curated
fi,v1,3,2350,2385,keskustelun,keskustelun,keskustelun,unknown,keskustelun,wordfreq:fi,wordfreq_seeded;deterministically_filtered;structurally_curated
fi,v1,3,2351,2386,ketkä,ketkä,ketkä,unknown,ketkä,wordfreq:fi,wordfreq_seeded;deterministically_filtered;structurally_curated
fi,v1,3,2352,2387,kimppuun,kimppuun,kimppuun,unknown,kimppuun,wordfreq:fi,wordfreq_seeded;deterministically_filtered;structurally_curated
fi,v1,3,2353,2388,kyl,kyl,kyl,unknown,kyl,wordfreq:fi,wordfreq_seeded;deterministically_filtered;structurally_curated
fi,v1,3,2354,2389,lehdessä,lehdessä,lehdessä,unknown,lehdessä,wordfreq:fi,wordfreq_seeded;deterministically_filtered;structurally_curated
fi,v1,3,2355,2390,levy,levy,levy,unknown,levy,wordfreq:fi,wordfreq_seeded;deterministically_filtered;structurally_curated
fi,v1,3,2356,2391,luonto,luonto,luonto,unknown,luonto,wordfreq:fi,wordfreq_seeded;deterministically_filtered;structurally_curated
fi,v1,3,2357,2392,maailmalla,maailmalla,maailmalla,unknown,maailmalla,wordfreq:fi,wordfreq_seeded;deterministically_filtered;structurally_curated
fi,v1,3,2358,2393,mahdollisuudet,mahdollisuudet,mahdollisuudet,unknown,mahdollisuudet,wordfreq:fi,wordfreq_seeded;deterministically_filtered;structurally_curated
fi,v1,3,2359,2394,mahdollisuutta,mahdollisuutta,mahdollisuutta,unknown,mahdollisuutta,wordfreq:fi,wordfreq_seeded;deterministically_filtered;structurally_curated
fi,v1,3,2360,2395,ministeri,ministeri,ministeri,unknown,ministeri,wordfreq:fi,wordfreq_seeded;deterministically_filtered;structurally_curated
fi,v1,3,2361,2396,nii,nii,nii,unknown,nii,wordfreq:fi,wordfreq_seeded;deterministically_filtered;structurally_curated
fi,v1,3,2362,2397,normaali,normaali,normaali,unknown,normaali,wordfreq:fi,wordfreq_seeded;deterministically_filtered;structurally_curated
fi,v1,3,2363,2398,nuoren,nuoren,nuoren,unknown,nuoren,wordfreq:fi,wordfreq_seeded;deterministically_filtered;structurally_curated
fi,v1,3,2364,2399,näki,näki,näki,unknown,näki,wordfreq:fi,wordfreq_seeded;deterministically_filtered;structurally_curated
fi,v1,3,2365,2400,näyttäisi,näyttäisi,näyttäisi,unknown,näyttäisi,wordfreq:fi,wordfreq_seeded;deterministically_filtered;structurally_curated
fi,v1,3,2366,2401,ohjelmaa,ohjelmaa,ohjelmaa,unknown,ohjelmaa,wordfreq:fi,wordfreq_seeded;deterministically_filtered;structurally_curated
fi,v1,3,2367,2402,oikeaa,oikeaa,oikeaa,unknown,oikeaa,wordfreq:fi,wordfreq_seeded;deterministically_filtered;structurally_curated
fi,v1,3,2368,2403,oikeaan,oikeaan,oikeaan,unknown,oikeaan,wordfreq:fi,wordfreq_seeded;deterministically_filtered;structurally_curated
fi,v1,3,2369,2404,osta,osta,osta,unknown,osta,wordfreq:fi,wordfreq_seeded;deterministically_filtered;structurally_curated
fi,v1,3,2370,2405,ottamatta,ottamatta,ottamatta,unknown,ottamatta,wordfreq:fi,wordfreq_seeded;deterministically_filtered;structurally_curated
fi,v1,3,2371,2406,pelastaa,pelastaa,pelastaa,unknown,pelastaa,wordfreq:fi,wordfreq_seeded;deterministically_filtered;structurally_curated
fi,v1,3,2372,2407,puhelimen,puhelimen,puhelimen,unknown,puhelimen,wordfreq:fi,wordfreq_seeded;deterministically_filtered;structurally_curated
fi,v1,3,2373,2408,puhunut,puhunut,puhunut,unknown,puhunut,wordfreq:fi,wordfreq_seeded;deterministically_filtered;structurally_curated
fi,v1,3,2374,2409,putosi,putosi,putosi,unknown,putosi,wordfreq:fi,wordfreq_seeded;deterministically_filtered;structurally_curated
fi,v1,3,2375,2410,pyrkii,pyrkii,pyrkii,unknown,pyrkii,wordfreq:fi,wordfreq_seeded;deterministically_filtered;structurally_curated
fi,v1,3,2376,2411,pääsevät,pääsevät,pääsevät,unknown,pääsevät,wordfreq:fi,wordfreq_seeded;deterministically_filtered;structurally_curated
fi,v1,3,2377,2412,rannalla,rannalla,rannalla,unknown,rannalla,wordfreq:fi,wordfreq_seeded;deterministically_filtered;structurally_curated
fi,v1,3,2378,2413,red,red,red,unknown,red,wordfreq:fi,wordfreq_seeded;deterministically_filtered;structurally_curated
fi,v1,3,2379,2414,saamme,saamme,saamme,unknown,saamme,wordfreq:fi,wordfreq_seeded;deterministically_filtered;structurally_curated
fi,v1,3,2380,2415,selkeä,selkeä,selkeä,unknown,selkeä,wordfreq:fi,wordfreq_seeded;deterministically_filtered;structurally_curated
fi,v1,3,2381,2416,seudun,seudun,seudun,unknown,seudun,wordfreq:fi,wordfreq_seeded;deterministically_filtered;structurally_curated
fi,v1,3,2382,2417,sulle,sulle,sulle,unknown,sulle,wordfreq:fi,wordfreq_seeded;deterministically_filtered;structurally_curated
fi,v1,3,2383,2418,suomelle,suomelle,suomelle,unknown,suomelle,wordfreq:fi,wordfreq_seeded;deterministically_filtered;structurally_curated
fi,v1,3,2384,2419,sää,sää,sää,unknown,sää,wordfreq:fi,wordfreq_seeded;deterministically_filtered;structurally_curated
fi,v1,3,2385,2420,tapahtumat,tapahtumat,tapahtumat,unknown,tapahtumat,wordfreq:fi,wordfreq_seeded;deterministically_filtered;structurally_curated
fi,v1,3,2386,2421,taso,taso,taso,unknown,taso,wordfreq:fi,wordfreq_seeded;deterministically_filtered;structurally_curated
fi,v1,3,2387,2422,toisesta,toisesta,toisesta,unknown,toisesta,wordfreq:fi,wordfreq_seeded;deterministically_filtered;structurally_curated
fi,v1,3,2388,2423,tuotanto,tuotanto,tuotanto,unknown,tuotanto,wordfreq:fi,wordfreq_seeded;deterministically_filtered;structurally_curated
fi,v1,3,2389,2424,tutkia,tutkia,tutkia,unknown,tutkia,wordfreq:fi,wordfreq_seeded;deterministically_filtered;structurally_curated
fi,v1,3,2390,2425,tutkijat,tutkijat,tutkijat,unknown,tutkijat,wordfreq:fi,wordfreq_seeded;deterministically_filtered;structurally_curated
fi,v1,3,2391,2426,työntekijät,työntekijät,työntekijät,unknown,työntekijät,wordfreq:fi,wordfreq_seeded;deterministically_filtered;structurally_curated
fi,v1,3,2392,2427,vaimonsa,vaimonsa,vaimonsa,unknown,vaimonsa,wordfreq:fi,wordfreq_seeded;deterministically_filtered;structurally_curated
fi,v1,3,2393,2428,valmentaja,valmentaja,valmentaja,unknown,valmentaja,wordfreq:fi,wordfreq_seeded;deterministically_filtered;structurally_curated
fi,v1,3,2394,2429,van,van,van,unknown,van,wordfreq:fi,wordfreq_seeded;deterministically_filtered;structurally_curated
fi,v1,3,2395,2430,venäläinen,venäläinen,venäläinen,unknown,venäläinen,wordfreq:fi,wordfreq_seeded;deterministically_filtered;structurally_curated
fi,v1,3,2396,2431,veroja,veroja,veroja,unknown,veroja,wordfreq:fi,wordfreq_seeded;deterministically_filtered;structurally_curated
fi,v1,3,2397,2432,world,world,world,unknown,world,wordfreq:fi,wordfreq_seeded;deterministically_filtered;structurally_curated
fi,v1,3,2398,2433,ääneen,ääneen,ääneen,unknown,ääneen,wordfreq:fi,wordfreq_seeded;deterministically_filtered;structurally_curated
fi,v1,3,2399,2434,all,all,all,unknown,all,wordfreq:fi,wordfreq_seeded;deterministically_filtered;structurally_curated
fi,v1,3,2400,2435,antavat,antavat,antavat,unknown,antavat,wordfreq:fi,wordfreq_seeded;deterministically_filtered;structurally_curated
fi,v1,3,2401,2436,energia,energia,energia,unknown,energia,wordfreq:fi,wordfreq_seeded;deterministically_filtered;structurally_curated
fi,v1,3,2402,2437,englanniksi,englanniksi,englanniksi,unknown,englanniksi,wordfreq:fi,wordfreq_seeded;deterministically_filtered;structurally_curated
fi,v1,3,2403,2438,espanjan,espanjan,espanjan,unknown,espanjan,wordfreq:fi,wordfreq_seeded;deterministically_filtered;structurally_curated
fi,v1,3,2404,2439,haetaan,haetaan,haetaan,unknown,haetaan,wordfreq:fi,wordfreq_seeded;deterministically_filtered;structurally_curated
fi,v1,3,2405,2440,harry,harry,harry,unknown,harry,wordfreq:fi,wordfreq_seeded;deterministically_filtered;structurally_curated
fi,v1,3,2406,2441,heikko,heikko,heikko,unknown,heikko,wordfreq:fi,wordfreq_seeded;deterministically_filtered;structurally_curated
fi,v1,3,2407,2442,helpompi,helpompi,helpompi,unknown,helpompi,wordfreq:fi,wordfreq_seeded;deterministically_filtered;structurally_curated
fi,v1,3,2408,2443,henkilöt,henkilöt,henkilöt,unknown,henkilöt,wordfreq:fi,wordfreq_seeded;deterministically_filtered;structurally_curated
fi,v1,3,2409,2444,ii,ii,ii,unknown,ii,wordfreq:fi,wordfreq_seeded;deterministically_filtered;structurally_curated
fi,v1,3,2410,2445,jalat,jalat,jalat,unknown,jalat,wordfreq:fi,wordfreq_seeded;deterministically_filtered;structurally_curated
fi,v1,3,2411,2446,johdosta,johdosta,johdosta,unknown,johdosta,wordfreq:fi,wordfreq_seeded;deterministically_filtered;structurally_curated
fi,v1,3,2412,2447,jokerit,jokerit,jokerit,unknown,jokerit,wordfreq:fi,wordfreq_seeded;deterministically_filtered;structurally_curated
fi,v1,3,2413,2448,katsomassa,katsomassa,katsomassa,unknown,katsomassa,wordfreq:fi,wordfreq_seeded;deterministically_filtered;structurally_curated
fi,v1,3,2414,2449,kaupunkiin,kaupunkiin,kaupunkiin,unknown,kaupunkiin,wordfreq:fi,wordfreq_seeded;deterministically_filtered;structurally_curated
fi,v1,3,2415,2450,kaverin,kaverin,kaverin,unknown,kaverin,wordfreq:fi,wordfreq_seeded;deterministically_filtered;structurally_curated
fi,v1,3,2416,2451,kirjailija,kirjailija,kirjailija,unknown,kirjailija,wordfreq:fi,wordfreq_seeded;deterministically_filtered;structurally_curated
fi,v1,3,2417,2452,kommentoi,kommentoi,kommentoi,unknown,kommentoi,wordfreq:fi,wordfreq_seeded;deterministically_filtered;structurally_curated
fi,v1,3,2418,2453,kuolema,kuolema,kuolema,unknown,kuolema,wordfreq:fi,wordfreq_seeded;deterministically_filtered;structurally_curated
fi,v1,3,2419,2454,kuulin,kuulin,kuulin,unknown,kuulin,wordfreq:fi,wordfreq_seeded;deterministically_filtered;structurally_curated
fi,v1,3,2420,2455,kysyy,kysyy,kysyy,unknown,kysyy,wordfreq:fi,wordfreq_seeded;deterministically_filtered;structurally_curated
fi,v1,3,2421,2456,käyn,käyn,käyn,unknown,käyn,wordfreq:fi,wordfreq_seeded;deterministically_filtered;structurally_curated
fi,v1,3,2422,2457,lakia,lakia,lakia,unknown,lakia,wordfreq:fi,wordfreq_seeded;deterministically_filtered;structurally_curated
fi,v1,3,2423,2458,lasketaan,lasketaan,lasketaan,unknown,lasketaan,wordfreq:fi,wordfreq_seeded;deterministically_filtered;structurally_curated
fi,v1,3,2424,2459,listalla,listalla,listalla,unknown,listalla,wordfreq:fi,wordfreq_seeded;deterministically_filtered;structurally_curated
fi,v1,3,2425,2460,lopputulos,lopputulos,lopputulos,unknown,lopputulos,wordfreq:fi,wordfreq_seeded;deterministically_filtered;structurally_curated
fi,v1,3,2426,2461,love,love,love,unknown,love,wordfreq:fi,wordfreq_seeded;deterministically_filtered;structurally_curated
fi,v1,3,2427,2462,luona,luona,luona,unknown,luona,wordfreq:fi,wordfreq_seeded;deterministically_filtered;structurally_curated
fi,v1,3,2428,2463,maksoi,maksoi,maksoi,unknown,maksoi,wordfreq:fi,wordfreq_seeded;deterministically_filtered;structurally_curated
fi,v1,3,2429,2464,marraskuussa,marraskuussa,marraskuussa,unknown,marraskuussa,wordfreq:fi,wordfreq_seeded;deterministically_filtered;structurally_curated
fi,v1,3,2430,2465,nokian,nokian,nokian,unknown,nokian,wordfreq:fi,wordfreq_seeded;deterministically_filtered;structurally_curated
fi,v1,3,2431,2466,opetus,opetus,opetus,unknown,opetus,wordfreq:fi,wordfreq_seeded;deterministically_filtered;structurally_curated
fi,v1,3,2432,2467,osassa,osassa,osassa,unknown,osassa,wordfreq:fi,wordfreq_seeded;deterministically_filtered;structurally_curated
fi,v1,3,2433,2468,palvelun,palvelun,palvelun,unknown,palvelun,wordfreq:fi,wordfreq_seeded;deterministically_filtered;structurally_curated
fi,v1,3,2434,2469,peliin,peliin,peliin,unknown,peliin,wordfreq:fi,wordfreq_seeded;deterministically_filtered;structurally_curated
fi,v1,3,2435,2470,perussuomalaisten,perussuomalaisten,perussuomalaisten,unknown,perussuomalaisten,wordfreq:fi,wordfreq_seeded;deterministically_filtered;structurally_curated
fi,v1,3,2436,2471,pyysi,pyysi,pyysi,unknown,pyysi,wordfreq:fi,wordfreq_seeded;deterministically_filtered;structurally_curated
fi,v1,3,2437,2472,pään,pään,pään,unknown,pään,wordfreq:fi,wordfreq_seeded;deterministically_filtered;structurally_curated
fi,v1,3,2438,2473,sarjaa,sarjaa,sarjaa,unknown,sarjaa,wordfreq:fi,wordfreq_seeded;deterministically_filtered;structurally_curated
fi,v1,3,2439,2474,syömään,syömään,syömään,unknown,syömään,wordfreq:fi,wordfreq_seeded;deterministically_filtered;structurally_curated
fi,v1,3,2440,2475,tammikuussa,tammikuussa,tammikuussa,unknown,tammikuussa,wordfreq:fi,wordfreq_seeded;deterministically_filtered;structurally_curated
fi,v1,3,2441,2476,tapahtuman,tapahtuman,tapahtuman,unknown,tapahtuman,wordfreq:fi,wordfreq_seeded;deterministically_filtered;structurally_curated
fi,v1,3,2442,2477,tekijät,tekijät,tekijät,unknown,tekijät,wordfreq:fi,wordfreq_seeded;deterministically_filtered;structurally_curated
fi,v1,3,2443,2478,tiedetään,tiedetään,tiedetään,unknown,tiedetään,wordfreq:fi,wordfreq_seeded;deterministically_filtered;structurally_curated
fi,v1,3,2444,2479,tiellä,tiellä,tiellä,unknown,tiellä,wordfreq:fi,wordfreq_seeded;deterministically_filtered;structurally_curated
fi,v1,3,2445,2480,tiukka,tiukka,tiukka,unknown,tiukka,wordfreq:fi,wordfreq_seeded;deterministically_filtered;structurally_curated
fi,v1,3,2446,2481,todellisuudessa,todellisuudessa,todellisuudessa,unknown,todellisuudessa,wordfreq:fi,wordfreq_seeded;deterministically_filtered;structurally_curated
fi,v1,3,2447,2482,tohtori,tohtori,tohtori,unknown,tohtori,wordfreq:fi,wordfreq_seeded;deterministically_filtered;structurally_curated
fi,v1,3,2448,2483,toiminnasta,toiminnasta,toiminnasta,unknown,toiminnasta,wordfreq:fi,wordfreq_seeded;deterministically_filtered;structurally_curated
fi,v1,3,2449,2484,toisinaan,toisinaan,toisinaan,unknown,toisinaan,wordfreq:fi,wordfreq_seeded;deterministically_filtered;structurally_curated
fi,v1,3,2450,2485,tulin,tulin,tulin,unknown,tulin,wordfreq:fi,wordfreq_seeded;deterministically_filtered;structurally_curated
fi,v1,3,2451,2486,työntekijöiden,työntekijöiden,työntekijöiden,unknown,työntekijöiden,wordfreq:fi,wordfreq_seeded;deterministically_filtered;structurally_curated
fi,v1,3,2452,2487,uhkaa,uhkaa,uhkaa,unknown,uhkaa,wordfreq:fi,wordfreq_seeded;deterministically_filtered;structurally_curated
fi,v1,3,2453,2488,vaativat,vaativat,vaativat,unknown,vaativat,wordfreq:fi,wordfreq_seeded;deterministically_filtered;structurally_curated
fi,v1,3,2454,2489,varmaankin,varmaankin,varmaankin,unknown,varmaankin,wordfreq:fi,wordfreq_seeded;deterministically_filtered;structurally_curated
fi,v1,3,2455,2490,vastaavat,vastaavat,vastaavat,unknown,vastaavat,wordfreq:fi,wordfreq_seeded;deterministically_filtered;structurally_curated
fi,v1,3,2456,2491,vastuu,vastuu,vastuu,unknown,vastuu,wordfreq:fi,wordfreq_seeded;deterministically_filtered;structurally_curated
fi,v1,3,2457,2492,vihreä,vihreä,vihreä,unknown,vihreä,wordfreq:fi,wordfreq_seeded;deterministically_filtered;structurally_curated
fi,v1,3,2458,2493,välein,välein,välein,unknown,välein,wordfreq:fi,wordfreq_seeded;deterministically_filtered;structurally_curated
fi,v1,3,2459,2494,välinen,välinen,välinen,unknown,välinen,wordfreq:fi,wordfreq_seeded;deterministically_filtered;structurally_curated
fi,v1,3,2460,2495,yhteistä,yhteistä,yhteistä,unknown,yhteistä,wordfreq:fi,wordfreq_seeded;deterministically_filtered;structurally_curated
fi,v1,3,2461,2496,yksinkertaisesti,yksinkertaisesti,yksinkertaisesti,unknown,yksinkertaisesti,wordfreq:fi,wordfreq_seeded;deterministically_filtered;structurally_curated
fi,v1,3,2462,2497,yritetään,yritetään,yritetään,unknown,yritetään,wordfreq:fi,wordfreq_seeded;deterministically_filtered;structurally_curated
fi,v1,3,2463,2498,ajattelee,ajattelee,ajattelee,unknown,ajattelee,wordfreq:fi,wordfreq_seeded;deterministically_filtered;structurally_curated
fi,v1,3,2464,2499,asua,asua,asua,unknown,asua,wordfreq:fi,wordfreq_seeded;deterministically_filtered;structurally_curated
fi,v1,3,2465,2500,be,be,be,unknown,be,wordfreq:fi,wordfreq_seeded;deterministically_filtered;structurally_curated
fi,v1,3,2466,2501,elokuvat,elokuvat,elokuvat,unknown,elokuvat,wordfreq:fi,wordfreq_seeded;deterministically_filtered;structurally_curated
fi,v1,3,2467,2502,ette,ette,ette,unknown,ette,wordfreq:fi,wordfreq_seeded;deterministically_filtered;structurally_curated
fi,v1,3,2468,2503,homo,homo,homo,unknown,homo,wordfreq:fi,wordfreq_seeded;deterministically_filtered;structurally_curated
fi,v1,3,2469,2504,hyvästä,hyvästä,hyvästä,unknown,hyvästä,wordfreq:fi,wordfreq_seeded;deterministically_filtered;structurally_curated
fi,v1,3,2470,2505,ihmeessä,ihmeessä,ihmeessä,unknown,ihmeessä,wordfreq:fi,wordfreq_seeded;deterministically_filtered;structurally_curated
fi,v1,3,2471,2506,ikä,ikä,ikä,unknown,ikä,wordfreq:fi,wordfreq_seeded;deterministically_filtered;structurally_curated
fi,v1,3,2472,2507,istuu,istuu,istuu,unknown,istuu,wordfreq:fi,wordfreq_seeded;deterministically_filtered;structurally_curated
fi,v1,3,2473,2508,italian,italian,italian,unknown,italian,wordfreq:fi,wordfreq_seeded;deterministically_filtered;structurally_curated
fi,v1,3,2474,2509,joulukuussa,joulukuussa,joulukuussa,unknown,joulukuussa,wordfreq:fi,wordfreq_seeded;deterministically_filtered;structurally_curated
fi,v1,3,2475,2510,joutua,joutua,joutua,unknown,joutua,wordfreq:fi,wordfreq_seeded;deterministically_filtered;structurally_curated
fi,v1,3,2476,2511,joutuvat,joutuvat,joutuvat,unknown,joutuvat,wordfreq:fi,wordfreq_seeded;deterministically_filtered;structurally_curated
fi,v1,3,2477,2512,julkinen,julkinen,julkinen,unknown,julkinen,wordfreq:fi,wordfreq_seeded;deterministically_filtered;structurally_curated
fi,v1,3,2478,2513,kirjassa,kirjassa,kirjassa,unknown,kirjassa,wordfreq:fi,wordfreq_seeded;deterministically_filtered;structurally_curated
fi,v1,3,2479,2514,kädessä,kädessä,kädessä,unknown,kädessä,wordfreq:fi,wordfreq_seeded;deterministically_filtered;structurally_curated
fi,v1,3,2480,2515,los,los,los,unknown,los,wordfreq:fi,wordfreq_seeded;deterministically_filtered;structurally_curated
fi,v1,3,2481,2516,menettää,menettää,menettää,unknown,menettää,wordfreq:fi,wordfreq_seeded;deterministically_filtered;structurally_curated
fi,v1,3,2482,2517,miehelle,miehelle,miehelle,unknown,miehelle,wordfreq:fi,wordfreq_seeded;deterministically_filtered;structurally_curated
fi,v1,3,2483,2518,monella,monella,monella,unknown,monella,wordfreq:fi,wordfreq_seeded;deterministically_filtered;structurally_curated
fi,v1,3,2484,2519,nähtiin,nähtiin,nähtiin,unknown,nähtiin,wordfreq:fi,wordfreq_seeded;deterministically_filtered;structurally_curated
fi,v1,3,2485,2520,oikealla,oikealla,oikealla,unknown,oikealla,wordfreq:fi,wordfreq_seeded;deterministically_filtered;structurally_curated
fi,v1,3,2486,2521,ottaen,ottaen,ottaen,unknown,ottaen,wordfreq:fi,wordfreq_seeded;deterministically_filtered;structurally_curated
fi,v1,3,2487,2522,pallo,pallo,pallo,unknown,pallo,wordfreq:fi,wordfreq_seeded;deterministically_filtered;structurally_curated
fi,v1,3,2488,2523,perustaa,perustaa,perustaa,unknown,perustaa,wordfreq:fi,wordfreq_seeded;deterministically_filtered;structurally_curated
fi,v1,3,2489,2524,saako,saako,saako,unknown,saako,wordfreq:fi,wordfreq_seeded;deterministically_filtered;structurally_curated
fi,v1,3,2490,2525,sanoja,sanoja,sanoja,unknown,sanoja,wordfreq:fi,wordfreq_seeded;deterministically_filtered;structurally_curated
fi,v1,3,2491,2527,seurassa,seurassa,seurassa,unknown,seurassa,wordfreq:fi,wordfreq_seeded;deterministically_filtered;structurally_curated
fi,v1,3,2492,2528,sinäkin,sinäkin,sinäkin,unknown,sinäkin,wordfreq:fi,wordfreq_seeded;deterministically_filtered;structurally_curated
fi,v1,3,2493,2529,suora,suora,suora,unknown,suora,wordfreq:fi,wordfreq_seeded;deterministically_filtered;structurally_curated
fi,v1,3,2494,2530,tahdon,tahdon,tahdon,unknown,tahdon,wordfreq:fi,wordfreq_seeded;deterministically_filtered;structurally_curated
fi,v1,3,2495,2531,talvella,talvella,talvella,unknown,talvella,wordfreq:fi,wordfreq_seeded;deterministically_filtered;structurally_curated
fi,v1,3,2496,2532,tarkistaa,tarkistaa,tarkistaa,unknown,tarkistaa,wordfreq:fi,wordfreq_seeded;deterministically_filtered;structurally_curated
fi,v1,3,2497,2533,teko,teko,teko,unknown,teko,wordfreq:fi,wordfreq_seeded;deterministically_filtered;structurally_curated
fi,v1,3,2498,2534,tuleva,tuleva,tuleva,unknown,tuleva,wordfreq:fi,wordfreq_seeded;deterministically_filtered;structurally_curated
fi,v1,3,2499,2535,turhaa,turhaa,turhaa,unknown,turhaa,wordfreq:fi,wordfreq_seeded;deterministically_filtered;structurally_curated
fi,v1,3,2500,2536,uhka,uhka,uhka,unknown,uhka,wordfreq:fi,wordfreq_seeded;deterministically_filtered;structurally_curated
fi,v1,3,2501,2537,vaatteita,vaatteita,vaatteita,unknown,vaatteita,wordfreq:fi,wordfreq_seeded;deterministically_filtered;structurally_curated
fi,v1,3,2502,2538,viikonlopun,viikonlopun,viikonlopun,unknown,viikonlopun,wordfreq:fi,wordfreq_seeded;deterministically_filtered;structurally_curated
fi,v1,3,2503,2539,vikaa,vikaa,vikaa,unknown,vikaa,wordfreq:fi,wordfreq_seeded;deterministically_filtered;structurally_curated
fi,v1,3,2504,2540,voisiko,voisiko,voisiko,unknown,voisiko,wordfreq:fi,wordfreq_seeded;deterministically_filtered;structurally_curated
fi,v1,3,2505,2541,voittoon,voittoon,voittoon,unknown,voittoon,wordfreq:fi,wordfreq_seeded;deterministically_filtered;structurally_curated
fi,v1,3,2506,2542,yhdestä,yhdestä,yhdestä,unknown,yhdestä,wordfreq:fi,wordfreq_seeded;deterministically_filtered;structurally_curated
fi,v1,3,2507,2543,antamaan,antamaan,antamaan,unknown,antamaan,wordfreq:fi,wordfreq_seeded;deterministically_filtered;structurally_curated
fi,v1,3,2508,2544,arvioida,arvioida,arvioida,unknown,arvioida,wordfreq:fi,wordfreq_seeded;deterministically_filtered;structurally_curated
fi,v1,3,2509,2545,arvoa,arvoa,arvoa,unknown,arvoa,wordfreq:fi,wordfreq_seeded;deterministically_filtered;structurally_curated
fi,v1,3,2510,2546,asemaa,asemaa,asemaa,unknown,asemaa,wordfreq:fi,wordfreq_seeded;deterministically_filtered;structurally_curated
fi,v1,3,2511,2547,asioihin,asioihin,asioihin,unknown,asioihin,wordfreq:fi,wordfreq_seeded;deterministically_filtered;structurally_curated
fi,v1,3,2512,2548,edistää,edistää,edistää,unknown,edistää,wordfreq:fi,wordfreq_seeded;deterministically_filtered;structurally_curated
fi,v1,3,2513,2549,edustaja,edustaja,edustaja,unknown,edustaja,wordfreq:fi,wordfreq_seeded;deterministically_filtered;structurally_curated
fi,v1,3,2514,2550,eka,eka,eka,unknown,eka,wordfreq:fi,wordfreq_seeded;deterministically_filtered;structurally_curated
fi,v1,3,2515,2551,enpä,enpä,enpä,unknown,enpä,wordfreq:fi,wordfreq_seeded;deterministically_filtered;structurally_curated
fi,v1,3,2516,2552,erottaa,erottaa,erottaa,unknown,erottaa,wordfreq:fi,wordfreq_seeded;deterministically_filtered;structurally_curated
fi,v1,3,2517,2553,esitti,esitti,esitti,unknown,esitti,wordfreq:fi,wordfreq_seeded;deterministically_filtered;structurally_curated
fi,v1,3,2518,2554,julkisesti,julkisesti,julkisesti,unknown,julkisesti,wordfreq:fi,wordfreq_seeded;deterministically_filtered;structurally_curated
fi,v1,3,2519,2555,kirjoittaja,kirjoittaja,kirjoittaja,unknown,kirjoittaja,wordfreq:fi,wordfreq_seeded;deterministically_filtered;structurally_curated
fi,v1,3,2520,2556,kokemuksia,kokemuksia,kokemuksia,unknown,kokemuksia,wordfreq:fi,wordfreq_seeded;deterministically_filtered;structurally_curated
fi,v1,3,2521,2557,kärpät,kärpät,kärpät,unknown,kärpät,wordfreq:fi,wordfreq_seeded;deterministically_filtered;structurally_curated
fi,v1,3,2522,2558,lentää,lentää,lentää,unknown,lentää,wordfreq:fi,wordfreq_seeded;deterministically_filtered;structurally_curated
fi,v1,3,2523,2559,liigassa,liigassa,liigassa,unknown,liigassa,wordfreq:fi,wordfreq_seeded;deterministically_filtered;structurally_curated
fi,v1,3,2524,2560,lista,lista,lista,unknown,lista,wordfreq:fi,wordfreq_seeded;deterministically_filtered;structurally_curated
fi,v1,3,2525,2561,maailmaan,maailmaan,maailmaan,unknown,maailmaan,wordfreq:fi,wordfreq_seeded;deterministically_filtered;structurally_curated
fi,v1,3,2526,2562,miettinyt,miettinyt,miettinyt,unknown,miettinyt,wordfreq:fi,wordfreq_seeded;deterministically_filtered;structurally_curated
fi,v1,3,2527,2563,monien,monien,monien,unknown,monien,wordfreq:fi,wordfreq_seeded;deterministically_filtered;structurally_curated
fi,v1,3,2528,2564,niinistö,niinistö,niinistö,unknown,niinistö,wordfreq:fi,wordfreq_seeded;deterministically_filtered;structurally_curated
fi,v1,3,2529,2565,nimet,nimet,nimet,unknown,nimet,wordfreq:fi,wordfreq_seeded;deterministically_filtered;structurally_curated
fi,v1,3,2530,2566,nykyistä,nykyistä,nykyistä,unknown,nykyistä,wordfreq:fi,wordfreq_seeded;deterministically_filtered;structurally_curated
fi,v1,3,2531,2567,osallistui,osallistui,osallistui,unknown,osallistui,wordfreq:fi,wordfreq_seeded;deterministically_filtered;structurally_curated
fi,v1,3,2532,2568,palveluita,palveluita,palveluita,unknown,palveluita,wordfreq:fi,wordfreq_seeded;deterministically_filtered;structurally_curated
fi,v1,3,2533,2569,pelkää,pelkää,pelkää,unknown,pelkää,wordfreq:fi,wordfreq_seeded;deterministically_filtered;structurally_curated
fi,v1,3,2534,2570,perinteinen,perinteinen,perinteinen,unknown,perinteinen,wordfreq:fi,wordfreq_seeded;deterministically_filtered;structurally_curated
fi,v1,3,2535,2571,poliittisen,poliittisen,poliittisen,unknown,poliittisen,wordfreq:fi,wordfreq_seeded;deterministically_filtered;structurally_curated
fi,v1,3,2536,2572,porukka,porukka,porukka,unknown,porukka,wordfreq:fi,wordfreq_seeded;deterministically_filtered;structurally_curated
fi,v1,3,2537,2573,puhu,puhu,puhu,unknown,puhu,wordfreq:fi,wordfreq_seeded;deterministically_filtered;structurally_curated
fi,v1,3,2538,2574,päätin,päätin,päätin,unknown,päätin,wordfreq:fi,wordfreq_seeded;deterministically_filtered;structurally_curated
fi,v1,3,2539,2575,reilu,reilu,reilu,unknown,reilu,wordfreq:fi,wordfreq_seeded;deterministically_filtered;structurally_curated
fi,v1,3,2540,2576,rikki,rikki,rikki,unknown,rikki,wordfreq:fi,wordfreq_seeded;deterministically_filtered;structurally_curated
fi,v1,3,2541,2577,saimme,saimme,saimme,unknown,saimme,wordfreq:fi,wordfreq_seeded;deterministically_filtered;structurally_curated
fi,v1,3,2542,2578,sataa,sataa,sataa,unknown,sataa,wordfreq:fi,wordfreq_seeded;deterministically_filtered;structurally_curated
fi,v1,3,2543,2579,sivut,sivut,sivut,unknown,sivut,wordfreq:fi,wordfreq_seeded;deterministically_filtered;structurally_curated
fi,v1,3,2544,2580,super,super,super,unknown,super,wordfreq:fi,wordfreq_seeded;deterministically_filtered;structurally_curated
fi,v1,3,2545,2581,syyskuuta,syyskuuta,syyskuuta,unknown,syyskuuta,wordfreq:fi,wordfreq_seeded;deterministically_filtered;structurally_curated
fi,v1,3,2546,2582,teemme,teemme,teemme,unknown,teemme,wordfreq:fi,wordfreq_seeded;deterministically_filtered;structurally_curated
fi,v1,3,2547,2583,tiistaina,tiistaina,tiistaina,unknown,tiistaina,wordfreq:fi,wordfreq_seeded;deterministically_filtered;structurally_curated
fi,v1,3,2548,2584,tilaisuus,tilaisuus,tilaisuus,unknown,tilaisuus,wordfreq:fi,wordfreq_seeded;deterministically_filtered;structurally_curated
fi,v1,3,2549,2585,toukokuussa,toukokuussa,toukokuussa,unknown,toukokuussa,wordfreq:fi,wordfreq_seeded;deterministically_filtered;structurally_curated
fi,v1,3,2550,2586,tulen,tulen,tulen,unknown,tulen,wordfreq:fi,wordfreq_seeded;deterministically_filtered;structurally_curated
fi,v1,3,2551,2587,tunnistaa,tunnistaa,tunnistaa,unknown,tunnistaa,wordfreq:fi,wordfreq_seeded;deterministically_filtered;structurally_curated
fi,v1,3,2552,2588,tuomas,tuomas,tuomas,unknown,tuomas,wordfreq:fi,wordfreq_seeded;deterministically_filtered;structurally_curated
fi,v1,3,2553,2589,tällaisen,tällaisen,tällaisen,unknown,tällaisen,wordfreq:fi,wordfreq_seeded;deterministically_filtered;structurally_curated
fi,v1,3,2554,2590,ura,ura,ura,unknown,ura,wordfreq:fi,wordfreq_seeded;deterministically_filtered;structurally_curated
fi,v1,3,2555,2591,uran,uran,uran,unknown,uran,wordfreq:fi,wordfreq_seeded;deterministically_filtered;structurally_curated
fi,v1,3,2556,2592,uudella,uudella,uudella,unknown,uudella,wordfreq:fi,wordfreq_seeded;deterministically_filtered;structurally_curated
fi,v1,3,2557,2593,vaalien,vaalien,vaalien,unknown,vaalien,wordfreq:fi,wordfreq_seeded;deterministically_filtered;structurally_curated
fi,v1,3,2558,2594,vaasan,vaasan,vaasan,unknown,vaasan,wordfreq:fi,wordfreq_seeded;deterministically_filtered;structurally_curated
fi,v1,3,2559,2595,valta,valta,valta,unknown,valta,wordfreq:fi,wordfreq_seeded;deterministically_filtered;structurally_curated
fi,v1,3,2560,2596,varsinainen,varsinainen,varsinainen,unknown,varsinainen,wordfreq:fi,wordfreq_seeded;deterministically_filtered;structurally_curated
fi,v1,3,2561,2597,vastuussa,vastuussa,vastuussa,unknown,vastuussa,wordfreq:fi,wordfreq_seeded;deterministically_filtered;structurally_curated
fi,v1,3,2562,2598,viihde,viihde,viihde,unknown,viihde,wordfreq:fi,wordfreq_seeded;deterministically_filtered;structurally_curated
fi,v1,3,2563,2599,voima,voima,voima,unknown,voima,wordfreq:fi,wordfreq_seeded;deterministically_filtered;structurally_curated
fi,v1,3,2564,2600,voimaa,voimaa,voimaa,unknown,voimaa,wordfreq:fi,wordfreq_seeded;deterministically_filtered;structurally_curated
fi,v1,3,2565,2601,yhteistyössä,yhteistyössä,yhteistyössä,unknown,yhteistyössä,wordfreq:fi,wordfreq_seeded;deterministically_filtered;structurally_curated
fi,v1,3,2566,2602,äitinsä,äitinsä,äitinsä,unknown,äitinsä,wordfreq:fi,wordfreq_seeded;deterministically_filtered;structurally_curated
fi,v1,3,2567,2603,ääniä,ääniä,ääniä,unknown,ääniä,wordfreq:fi,wordfreq_seeded;deterministically_filtered;structurally_curated
fi,v1,3,2568,2604,eläinten,eläinten,eläinten,unknown,eläinten,wordfreq:fi,wordfreq_seeded;deterministically_filtered;structurally_curated
fi,v1,3,2569,2605,ennenkin,ennenkin,ennenkin,unknown,ennenkin,wordfreq:fi,wordfreq_seeded;deterministically_filtered;structurally_curated
fi,v1,3,2570,2606,erilaista,erilaista,erilaista,unknown,erilaista,wordfreq:fi,wordfreq_seeded;deterministically_filtered;structurally_curated
fi,v1,3,2571,2607,etsi,etsi,etsi,unknown,etsi,wordfreq:fi,wordfreq_seeded;deterministically_filtered;structurally_curated
fi,v1,3,2572,2608,huomio,huomio,huomio,unknown,huomio,wordfreq:fi,wordfreq_seeded;deterministically_filtered;structurally_curated
fi,v1,3,2573,2609,jakso,jakso,jakso,unknown,jakso,wordfreq:fi,wordfreq_seeded;deterministically_filtered;structurally_curated
fi,v1,3,2574,2610,jutut,jutut,jutut,unknown,jutut,wordfreq:fi,wordfreq_seeded;deterministically_filtered;structurally_curated
fi,v1,3,2575,2611,juurikaan,juurikaan,juurikaan,unknown,juurikaan,wordfreq:fi,wordfreq_seeded;deterministically_filtered;structurally_curated
fi,v1,3,2576,2612,kasvua,kasvua,kasvua,unknown,kasvua,wordfreq:fi,wordfreq_seeded;deterministically_filtered;structurally_curated
fi,v1,3,2577,2613,kaupassa,kaupassa,kaupassa,unknown,kaupassa,wordfreq:fi,wordfreq_seeded;deterministically_filtered;structurally_curated
fi,v1,3,2578,2614,kehitystä,kehitystä,kehitystä,unknown,kehitystä,wordfreq:fi,wordfreq_seeded;deterministically_filtered;structurally_curated
fi,v1,3,2579,2615,kertomaan,kertomaan,kertomaan,unknown,kertomaan,wordfreq:fi,wordfreq_seeded;deterministically_filtered;structurally_curated
fi,v1,3,2580,2616,kieltä,kieltä,kieltä,unknown,kieltä,wordfreq:fi,wordfreq_seeded;deterministically_filtered;structurally_curated
fi,v1,3,2581,2617,kiinassa,kiinassa,kiinassa,unknown,kiinassa,wordfreq:fi,wordfreq_seeded;deterministically_filtered;structurally_curated
fi,v1,3,2582,2618,kirjoitettu,kirjoitettu,kirjoitettu,unknown,kirjoitettu,wordfreq:fi,wordfreq_seeded;deterministically_filtered;structurally_curated
fi,v1,3,2583,2619,kisat,kisat,kisat,unknown,kisat,wordfreq:fi,wordfreq_seeded;deterministically_filtered;structurally_curated
fi,v1,3,2584,2620,kuukaudessa,kuukaudessa,kuukaudessa,unknown,kuukaudessa,wordfreq:fi,wordfreq_seeded;deterministically_filtered;structurally_curated
fi,v1,3,2585,2621,käytän,käytän,käytän,unknown,käytän,wordfreq:fi,wordfreq_seeded;deterministically_filtered;structurally_curated
fi,v1,3,2586,2622,lainaa,lainaa,lainaa,unknown,lainaa,wordfreq:fi,wordfreq_seeded;deterministically_filtered;structurally_curated
fi,v1,3,2587,2623,laji,laji,laji,unknown,laji,wordfreq:fi,wordfreq_seeded;deterministically_filtered;structurally_curated
fi,v1,3,2588,2624,liikkeen,liikkeen,liikkeen,unknown,liikkeen,wordfreq:fi,wordfreq_seeded;deterministically_filtered;structurally_curated
fi,v1,3,2589,2625,luonnon,luonnon,luonnon,unknown,luonnon,wordfreq:fi,wordfreq_seeded;deterministically_filtered;structurally_curated
fi,v1,3,2590,2626,luvan,luvan,luvan,unknown,luvan,wordfreq:fi,wordfreq_seeded;deterministically_filtered;structurally_curated
fi,v1,3,2591,2627,löydät,löydät,löydät,unknown,löydät,wordfreq:fi,wordfreq_seeded;deterministically_filtered;structurally_curated
fi,v1,3,2592,2628,maali,maali,maali,unknown,maali,wordfreq:fi,wordfreq_seeded;deterministically_filtered;structurally_curated
fi,v1,3,2593,2629,markkinoille,markkinoille,markkinoille,unknown,markkinoille,wordfreq:fi,wordfreq_seeded;deterministically_filtered;structurally_curated
fi,v1,3,2594,2630,melkoinen,melkoinen,melkoinen,unknown,melkoinen,wordfreq:fi,wordfreq_seeded;deterministically_filtered;structurally_curated
fi,v1,3,2595,2631,menemään,menemään,menemään,unknown,menemään,wordfreq:fi,wordfreq_seeded;deterministically_filtered;structurally_curated
fi,v1,3,2596,2632,miljoona,miljoona,miljoona,unknown,miljoona,wordfreq:fi,wordfreq_seeded;deterministically_filtered;structurally_curated
fi,v1,3,2597,2633,neuvostoliiton,neuvostoliiton,neuvostoliiton,unknown,neuvostoliiton,wordfreq:fi,wordfreq_seeded;deterministically_filtered;structurally_curated
fi,v1,3,2598,2634,noista,noista,noista,unknown,noista,wordfreq:fi,wordfreq_seeded;deterministically_filtered;structurally_curated
fi,v1,3,2599,2635,onpa,onpa,onpa,unknown,onpa,wordfreq:fi,wordfreq_seeded;deterministically_filtered;structurally_curated
fi,v1,3,2600,2636,opiskelijat,opiskelijat,opiskelijat,unknown,opiskelijat,wordfreq:fi,wordfreq_seeded;deterministically_filtered;structurally_curated
fi,v1,3,2601,2637,paikat,paikat,paikat,unknown,paikat,wordfreq:fi,wordfreq_seeded;deterministically_filtered;structurally_curated
fi,v1,3,2602,2638,palkkaa,palkkaa,palkkaa,unknown,palkkaa,wordfreq:fi,wordfreq_seeded;deterministically_filtered;structurally_curated
fi,v1,3,2603,2639,parempia,parempia,parempia,unknown,parempia,wordfreq:fi,wordfreq_seeded;deterministically_filtered;structurally_curated
fi,v1,3,2604,2640,pelataan,pelataan,pelataan,unknown,pelataan,wordfreq:fi,wordfreq_seeded;deterministically_filtered;structurally_curated
fi,v1,3,2605,2641,pihalla,pihalla,pihalla,unknown,pihalla,wordfreq:fi,wordfreq_seeded;deterministically_filtered;structurally_curated
fi,v1,3,2606,2642,pääsen,pääsen,pääsen,unknown,pääsen,wordfreq:fi,wordfreq_seeded;deterministically_filtered;structurally_curated
fi,v1,3,2607,2643,real,real,real,unknown,real,wordfreq:fi,wordfreq_seeded;deterministically_filtered;structurally_curated
fi,v1,3,2608,2644,saatanan,saatanan,saatanan,unknown,saatanan,wordfreq:fi,wordfreq_seeded;deterministically_filtered;structurally_curated
fi,v1,3,2609,2645,sami,sami,sami,unknown,sami,wordfreq:fi,wordfreq_seeded;deterministically_filtered;structurally_curated
fi,v1,3,2610,2646,seppo,seppo,seppo,unknown,seppo,wordfreq:fi,wordfreq_seeded;deterministically_filtered;structurally_curated
fi,v1,3,2611,2647,sivu,sivu,sivu,unknown,sivu,wordfreq:fi,wordfreq_seeded;deterministically_filtered;structurally_curated
fi,v1,3,2612,2648,suosittu,suosittu,suosittu,unknown,suosittu,wordfreq:fi,wordfreq_seeded;deterministically_filtered;structurally_curated
fi,v1,3,2613,2649,säästää,säästää,säästää,unknown,säästää,wordfreq:fi,wordfreq_seeded;deterministically_filtered;structurally_curated
fi,v1,3,2614,2650,tavaraa,tavaraa,tavaraa,unknown,tavaraa,wordfreq:fi,wordfreq_seeded;deterministically_filtered;structurally_curated
fi,v1,3,2615,2651,tekemässä,tekemässä,tekemässä,unknown,tekemässä,wordfreq:fi,wordfreq_seeded;deterministically_filtered;structurally_curated
fi,v1,3,2616,2652,todistaa,todistaa,todistaa,unknown,todistaa,wordfreq:fi,wordfreq_seeded;deterministically_filtered;structurally_curated
fi,v1,3,2617,2653,tottakai,tottakai,tottakai,unknown,tottakai,wordfreq:fi,wordfreq_seeded;deterministically_filtered;structurally_curated
fi,v1,3,2618,2654,työhön,työhön,työhön,unknown,työhön,wordfreq:fi,wordfreq_seeded;deterministically_filtered;structurally_curated
fi,v1,3,2619,2655,työntekijä,työntekijä,työntekijä,unknown,työntekijä,wordfreq:fi,wordfreq_seeded;deterministically_filtered;structurally_curated
fi,v1,3,2620,2656,työssä,työssä,työssä,unknown,työssä,wordfreq:fi,wordfreq_seeded;deterministically_filtered;structurally_curated
fi,v1,3,2621,2657,ulkomaille,ulkomaille,ulkomaille,unknown,ulkomaille,wordfreq:fi,wordfreq_seeded;deterministically_filtered;structurally_curated
fi,v1,3,2622,2658,unta,unta,unta,unknown,unta,wordfreq:fi,wordfreq_seeded;deterministically_filtered;structurally_curated
fi,v1,3,2623,2659,vaalit,vaalit,vaalit,unknown,vaalit,wordfreq:fi,wordfreq_seeded;deterministically_filtered;structurally_curated
fi,v1,3,2624,2660,vaikkei,vaikkei,vaikkei,unknown,vaikkei,wordfreq:fi,wordfreq_seeded;deterministically_filtered;structurally_curated
fi,v1,3,2625,2661,yhteistyö,yhteistyö,yhteistyö,unknown,yhteistyö,wordfreq:fi,wordfreq_seeded;deterministically_filtered;structurally_curated
fi,v1,3,2626,2662,yrittäjä,yrittäjä,yrittäjä,unknown,yrittäjä,wordfreq:fi,wordfreq_seeded;deterministically_filtered;structurally_curated
fi,v1,3,2627,2663,alueelta,alueelta,alueelta,unknown,alueelta,wordfreq:fi,wordfreq_seeded;deterministically_filtered;structurally_curated
fi,v1,3,2628,2664,asettaa,asettaa,asettaa,unknown,asettaa,wordfreq:fi,wordfreq_seeded;deterministically_filtered;structurally_curated
fi,v1,3,2629,2665,asiakkaan,asiakkaan,asiakkaan,unknown,asiakkaan,wordfreq:fi,wordfreq_seeded;deterministically_filtered;structurally_curated
fi,v1,3,2630,2666,autoja,autoja,autoja,unknown,autoja,wordfreq:fi,wordfreq_seeded;deterministically_filtered;structurally_curated
fi,v1,3,2631,2667,entisen,entisen,entisen,unknown,entisen,wordfreq:fi,wordfreq_seeded;deterministically_filtered;structurally_curated
fi,v1,3,2632,2669,fiilis,fiilis,fiilis,unknown,fiilis,wordfreq:fi,wordfreq_seeded;deterministically_filtered;structurally_curated
fi,v1,3,2633,2670,haluatko,haluatko,haluatko,unknown,haluatko,wordfreq:fi,wordfreq_seeded;deterministically_filtered;structurally_curated
fi,v1,3,2634,2671,hinnan,hinnan,hinnan,unknown,hinnan,wordfreq:fi,wordfreq_seeded;deterministically_filtered;structurally_curated
fi,v1,3,2635,2672,huonoja,huonoja,huonoja,unknown,huonoja,wordfreq:fi,wordfreq_seeded;deterministically_filtered;structurally_curated
fi,v1,3,2636,2673,jack,jack,jack,unknown,jack,wordfreq:fi,wordfreq_seeded;deterministically_filtered;structurally_curated
fi,v1,3,2637,2674,jalkapallo,jalkapallo,jalkapallo,unknown,jalkapallo,wordfreq:fi,wordfreq_seeded;deterministically_filtered;structurally_curated
fi,v1,3,2638,2675,jutussa,jutussa,jutussa,unknown,jutussa,wordfreq:fi,wordfreq_seeded;deterministically_filtered;structurally_curated
fi,v1,3,2639,2676,kalle,kalle,kalle,unknown,kalle,wordfreq:fi,wordfreq_seeded;deterministically_filtered;structurally_curated
fi,v1,3,2640,2677,keksiä,keksiä,keksiä,unknown,keksiä,wordfreq:fi,wordfreq_seeded;deterministically_filtered;structurally_curated
fi,v1,3,2641,2678,kielletty,kielletty,kielletty,unknown,kielletty,wordfreq:fi,wordfreq_seeded;deterministically_filtered;structurally_curated
fi,v1,3,2642,2679,kiitti,kiitti,kiitti,unknown,kiitti,wordfreq:fi,wordfreq_seeded;deterministically_filtered;structurally_curated
fi,v1,3,2643,2680,kissa,kissa,kissa,unknown,kissa,wordfreq:fi,wordfreq_seeded;deterministically_filtered;structurally_curated
fi,v1,3,2644,2681,kolmanneksi,kolmanneksi,kolmanneksi,unknown,kolmanneksi,wordfreq:fi,wordfreq_seeded;deterministically_filtered;structurally_curated
fi,v1,3,2645,2682,kuolemaan,kuolemaan,kuolemaan,unknown,kuolemaan,wordfreq:fi,wordfreq_seeded;deterministically_filtered;structurally_curated
fi,v1,3,2646,2683,kuopion,kuopion,kuopion,unknown,kuopion,wordfreq:fi,wordfreq_seeded;deterministically_filtered;structurally_curated
fi,v1,3,2647,2684,laitoin,laitoin,laitoin,unknown,laitoin,wordfreq:fi,wordfreq_seeded;deterministically_filtered;structurally_curated
fi,v1,3,2648,2685,lokakuuta,lokakuuta,lokakuuta,unknown,lokakuuta,wordfreq:fi,wordfreq_seeded;deterministically_filtered;structurally_curated
fi,v1,3,2649,2686,loppua,loppua,loppua,unknown,loppua,wordfreq:fi,wordfreq_seeded;deterministically_filtered;structurally_curated
fi,v1,3,2650,2687,luonnollisesti,luonnollisesti,luonnollisesti,unknown,luonnollisesti,wordfreq:fi,wordfreq_seeded;deterministically_filtered;structurally_curated
fi,v1,3,2651,2688,luvulta,luvulta,luvulta,unknown,luvulta,wordfreq:fi,wordfreq_seeded;deterministically_filtered;structurally_curated
fi,v1,3,2652,2689,lääkärin,lääkärin,lääkärin,unknown,lääkärin,wordfreq:fi,wordfreq_seeded;deterministically_filtered;structurally_curated
fi,v1,3,2653,2690,maaliskuussa,maaliskuussa,maaliskuussa,unknown,maaliskuussa,wordfreq:fi,wordfreq_seeded;deterministically_filtered;structurally_curated
fi,v1,3,2654,2691,maku,maku,maku,unknown,maku,wordfreq:fi,wordfreq_seeded;deterministically_filtered;structurally_curated
fi,v1,3,2655,2692,markku,markku,markku,unknown,markku,wordfreq:fi,wordfreq_seeded;deterministically_filtered;structurally_curated
fi,v1,3,2656,2693,marraskuuta,marraskuuta,marraskuuta,unknown,marraskuuta,wordfreq:fi,wordfreq_seeded;deterministically_filtered;structurally_curated
fi,v1,3,2657,2694,mielelläni,mielelläni,mielelläni,unknown,mielelläni,wordfreq:fi,wordfreq_seeded;deterministically_filtered;structurally_curated
fi,v1,3,2658,2695,mielipide,mielipide,mielipide,unknown,mielipide,wordfreq:fi,wordfreq_seeded;deterministically_filtered;structurally_curated
fi,v1,3,2659,2696,mikael,mikael,mikael,unknown,mikael,wordfreq:fi,wordfreq_seeded;deterministically_filtered;structurally_curated
fi,v1,3,2660,2697,muuhun,muuhun,muuhun,unknown,muuhun,wordfreq:fi,wordfreq_seeded;deterministically_filtered;structurally_curated
fi,v1,3,2661,2698,niinkuin,niinkuin,niinkuin,unknown,niinkuin,wordfreq:fi,wordfreq_seeded;deterministically_filtered;structurally_curated
fi,v1,3,2662,2699,osti,osti,osti,unknown,osti,wordfreq:fi,wordfreq_seeded;deterministically_filtered;structurally_curated
fi,v1,3,2663,2700,palauttaa,palauttaa,palauttaa,unknown,palauttaa,wordfreq:fi,wordfreq_seeded;deterministically_filtered;structurally_curated
fi,v1,3,2664,2701,pariin,pariin,pariin,unknown,pariin,wordfreq:fi,wordfreq_seeded;deterministically_filtered;structurally_curated
fi,v1,3,2665,2702,pelaamaan,pelaamaan,pelaamaan,unknown,pelaamaan,wordfreq:fi,wordfreq_seeded;deterministically_filtered;structurally_curated
fi,v1,3,2666,2703,perinteisesti,perinteisesti,perinteisesti,unknown,perinteisesti,wordfreq:fi,wordfreq_seeded;deterministically_filtered;structurally_curated
fi,v1,3,2667,2704,perjantai,perjantai,perjantai,unknown,perjantai,wordfreq:fi,wordfreq_seeded;deterministically_filtered;structurally_curated
fi,v1,3,2668,2705,plus,plus,plus,unknown,plus,wordfreq:fi,wordfreq_seeded;deterministically_filtered;structurally_curated
fi,v1,3,2669,2706,rakennus,rakennus,rakennus,unknown,rakennus,wordfreq:fi,wordfreq_seeded;deterministically_filtered;structurally_curated
fi,v1,3,2670,2707,ruotsalainen,ruotsalainen,ruotsalainen,unknown,ruotsalainen,wordfreq:fi,wordfreq_seeded;deterministically_filtered;structurally_curated
fi,v1,3,2671,2708,samasta,samasta,samasta,unknown,samasta,wordfreq:fi,wordfreq_seeded;deterministically_filtered;structurally_curated
fi,v1,3,2672,2709,samoja,samoja,samoja,unknown,samoja,wordfreq:fi,wordfreq_seeded;deterministically_filtered;structurally_curated
fi,v1,3,2673,2710,sdp,sdp,sdp,unknown,sdp,wordfreq:fi,wordfreq_seeded;deterministically_filtered;structurally_curated
fi,v1,3,2674,2711,seksi,seksi,seksi,unknown,seksi,wordfreq:fi,wordfreq_seeded;deterministically_filtered;structurally_curated
fi,v1,3,2675,2712,selvisi,selvisi,selvisi,unknown,selvisi,wordfreq:fi,wordfreq_seeded;deterministically_filtered;structurally_curated
fi,v1,3,2676,2713,senkin,senkin,senkin,unknown,senkin,wordfreq:fi,wordfreq_seeded;deterministically_filtered;structurally_curated
fi,v1,3,2677,2714,sopivat,sopivat,sopivat,unknown,sopivat,wordfreq:fi,wordfreq_seeded;deterministically_filtered;structurally_curated
fi,v1,3,2678,2715,taistelu,taistelu,taistelu,unknown,taistelu,wordfreq:fi,wordfreq_seeded;deterministically_filtered;structurally_curated
fi,v1,3,2679,2716,tapana,tapana,tapana,unknown,tapana,wordfreq:fi,wordfreq_seeded;deterministically_filtered;structurally_curated
fi,v1,3,2680,2717,tarvitsisi,tarvitsisi,tarvitsisi,unknown,tarvitsisi,wordfreq:fi,wordfreq_seeded;deterministically_filtered;structurally_curated
fi,v1,3,2681,2718,tehokkaasti,tehokkaasti,tehokkaasti,unknown,tehokkaasti,wordfreq:fi,wordfreq_seeded;deterministically_filtered;structurally_curated
fi,v1,3,2682,2719,tehtyä,tehtyä,tehtyä,unknown,tehtyä,wordfreq:fi,wordfreq_seeded;deterministically_filtered;structurally_curated
fi,v1,3,2683,2720,tuhat,tuhat,tuhat,unknown,tuhat,wordfreq:fi,wordfreq_seeded;deterministically_filtered;structurally_curated
fi,v1,3,2684,2721,tuleeko,tuleeko,tuleeko,unknown,tuleeko,wordfreq:fi,wordfreq_seeded;deterministically_filtered;structurally_curated
fi,v1,3,2685,2722,useammin,useammin,useammin,unknown,useammin,wordfreq:fi,wordfreq_seeded;deterministically_filtered;structurally_curated
fi,v1,3,2686,2723,valo,valo,valo,unknown,valo,wordfreq:fi,wordfreq_seeded;deterministically_filtered;structurally_curated
fi,v1,3,2687,2724,vasten,vasten,vasten,unknown,vasten,wordfreq:fi,wordfreq_seeded;deterministically_filtered;structurally_curated
fi,v1,3,2688,2725,vastuuta,vastuuta,vastuuta,unknown,vastuuta,wordfreq:fi,wordfreq_seeded;deterministically_filtered;structurally_curated
fi,v1,3,2689,2726,virallisesti,virallisesti,virallisesti,unknown,virallisesti,wordfreq:fi,wordfreq_seeded;deterministically_filtered;structurally_curated
fi,v1,3,2690,2727,vuodeksi,vuodeksi,vuodeksi,unknown,vuodeksi,wordfreq:fi,wordfreq_seeded;deterministically_filtered;structurally_curated
fi,v1,3,2691,2728,välttää,välttää,välttää,unknown,välttää,wordfreq:fi,wordfreq_seeded;deterministically_filtered;structurally_curated
fi,v1,3,2692,2729,windows,windows,windows,unknown,windows,wordfreq:fi,wordfreq_seeded;deterministically_filtered;structurally_curated
fi,v1,3,2693,2730,yliopistossa,yliopistossa,yliopistossa,unknown,yliopistossa,wordfreq:fi,wordfreq_seeded;deterministically_filtered;structurally_curated
fi,v1,3,2694,2731,aamu,aamu,aamu,unknown,aamu,wordfreq:fi,wordfreq_seeded;deterministically_filtered;structurally_curated
fi,v1,3,2695,2732,aikoja,aikoja,aikoja,unknown,aikoja,wordfreq:fi,wordfreq_seeded;deterministically_filtered;structurally_curated
fi,v1,3,2696,2733,aio,aio,aio,unknown,aio,wordfreq:fi,wordfreq_seeded;deterministically_filtered;structurally_curated
fi,v1,3,2697,2734,aito,aito,aito,unknown,aito,wordfreq:fi,wordfreq_seeded;deterministically_filtered;structurally_curated
fi,v1,3,2698,2735,ajoin,ajoin,ajoin,unknown,ajoin,wordfreq:fi,wordfreq_seeded;deterministically_filtered;structurally_curated
fi,v1,3,2699,2736,autoon,autoon,autoon,unknown,autoon,wordfreq:fi,wordfreq_seeded;deterministically_filtered;structurally_curated
fi,v1,3,2700,2737,city,city,city,unknown,city,wordfreq:fi,wordfreq_seeded;deterministically_filtered;structurally_curated
fi,v1,3,2701,2738,daniel,daniel,daniel,unknown,daniel,wordfreq:fi,wordfreq_seeded;deterministically_filtered;structurally_curated
fi,v1,3,2702,2739,eero,eero,eero,unknown,eero,wordfreq:fi,wordfreq_seeded;deterministically_filtered;structurally_curated
fi,v1,3,2703,2740,haastattelussa,haastattelussa,haastattelussa,unknown,haastattelussa,wordfreq:fi,wordfreq_seeded;deterministically_filtered;structurally_curated
fi,v1,3,2704,2741,hankala,hankala,hankala,unknown,hankala,wordfreq:fi,wordfreq_seeded;deterministically_filtered;structurally_curated
fi,v1,3,2705,2742,hanke,hanke,hanke,unknown,hanke,wordfreq:fi,wordfreq_seeded;deterministically_filtered;structurally_curated
fi,v1,3,2706,2743,helpompaa,helpompaa,helpompaa,unknown,helpompaa,wordfreq:fi,wordfreq_seeded;deterministically_filtered;structurally_curated
fi,v1,3,2707,2744,huoli,huoli,huoli,unknown,huoli,wordfreq:fi,wordfreq_seeded;deterministically_filtered;structurally_curated
fi,v1,3,2708,2745,hyväksyä,hyväksyä,hyväksyä,unknown,hyväksyä,wordfreq:fi,wordfreq_seeded;deterministically_filtered;structurally_curated
fi,v1,3,2709,2746,ilma,ilma,ilma,unknown,ilma,wordfreq:fi,wordfreq_seeded;deterministically_filtered;structurally_curated
fi,v1,3,2710,2747,ilmainen,ilmainen,ilmainen,unknown,ilmainen,wordfreq:fi,wordfreq_seeded;deterministically_filtered;structurally_curated
fi,v1,3,2711,2748,ilo,ilo,ilo,unknown,ilo,wordfreq:fi,wordfreq_seeded;deterministically_filtered;structurally_curated
fi,v1,3,2712,2749,isoa,isoa,isoa,unknown,isoa,wordfreq:fi,wordfreq_seeded;deterministically_filtered;structurally_curated
fi,v1,3,2713,2750,isompi,isompi,isompi,unknown,isompi,wordfreq:fi,wordfreq_seeded;deterministically_filtered;structurally_curated
fi,v1,3,2714,2751,johanna,johanna,johanna,unknown,johanna,wordfreq:fi,wordfreq_seeded;deterministically_filtered;structurally_curated
fi,v1,3,2715,2752,järjestelmän,järjestelmän,järjestelmän,unknown,järjestelmän,wordfreq:fi,wordfreq_seeded;deterministically_filtered;structurally_curated
fi,v1,3,2716,2753,kansalaisten,kansalaisten,kansalaisten,unknown,kansalaisten,wordfreq:fi,wordfreq_seeded;deterministically_filtered;structurally_curated
fi,v1,3,2717,2754,kanssaan,kanssaan,kanssaan,unknown,kanssaan,wordfreq:fi,wordfreq_seeded;deterministically_filtered;structurally_curated
fi,v1,3,2718,2755,kasvattaa,kasvattaa,kasvattaa,unknown,kasvattaa,wordfreq:fi,wordfreq_seeded;deterministically_filtered;structurally_curated
fi,v1,3,2719,2756,kera,kera,kera,unknown,kera,wordfreq:fi,wordfreq_seeded;deterministically_filtered;structurally_curated
fi,v1,3,2720,2757,kunniaksi,kunniaksi,kunniaksi,unknown,kunniaksi,wordfreq:fi,wordfreq_seeded;deterministically_filtered;structurally_curated
fi,v1,3,2721,2758,kutsuu,kutsuu,kutsuu,unknown,kutsuu,wordfreq:fi,wordfreq_seeded;deterministically_filtered;structurally_curated
fi,v1,3,2722,2759,kuulunut,kuulunut,kuulunut,unknown,kuulunut,wordfreq:fi,wordfreq_seeded;deterministically_filtered;structurally_curated
fi,v1,3,2723,2760,kääntää,kääntää,kääntää,unknown,kääntää,wordfreq:fi,wordfreq_seeded;deterministically_filtered;structurally_curated
fi,v1,3,2724,2761,laulaja,laulaja,laulaja,unknown,laulaja,wordfreq:fi,wordfreq_seeded;deterministically_filtered;structurally_curated
fi,v1,3,2725,2762,listan,listan,listan,unknown,listan,wordfreq:fi,wordfreq_seeded;deterministically_filtered;structurally_curated
fi,v1,3,2726,2763,lukuisia,lukuisia,lukuisia,unknown,lukuisia,wordfreq:fi,wordfreq_seeded;deterministically_filtered;structurally_curated
fi,v1,3,2727,2764,lukuun,lukuun,lukuun,unknown,lukuun,wordfreq:fi,wordfreq_seeded;deterministically_filtered;structurally_curated
fi,v1,3,2728,2765,lämpötila,lämpötila,lämpötila,unknown,lämpötila,wordfreq:fi,wordfreq_seeded;deterministically_filtered;structurally_curated
fi,v1,3,2729,2766,markkinoilla,markkinoilla,markkinoilla,unknown,markkinoilla,wordfreq:fi,wordfreq_seeded;deterministically_filtered;structurally_curated
fi,v1,3,2730,2767,mieti,mieti,mieti,unknown,mieti,wordfreq:fi,wordfreq_seeded;deterministically_filtered;structurally_curated
fi,v1,3,2731,2768,moneen,moneen,moneen,unknown,moneen,wordfreq:fi,wordfreq_seeded;deterministically_filtered;structurally_curated
fi,v1,3,2732,2769,myöhään,myöhään,myöhään,unknown,myöhään,wordfreq:fi,wordfreq_seeded;deterministically_filtered;structurally_curated
fi,v1,3,2733,2770,nousu,nousu,nousu,unknown,nousu,wordfreq:fi,wordfreq_seeded;deterministically_filtered;structurally_curated
fi,v1,3,2734,2771,nukkua,nukkua,nukkua,unknown,nukkua,wordfreq:fi,wordfreq_seeded;deterministically_filtered;structurally_curated
fi,v1,3,2735,2772,näkemään,näkemään,näkemään,unknown,näkemään,wordfreq:fi,wordfreq_seeded;deterministically_filtered;structurally_curated
fi,v1,3,2736,2773,odottamaan,odottamaan,odottamaan,unknown,odottamaan,wordfreq:fi,wordfreq_seeded;deterministically_filtered;structurally_curated
fi,v1,3,2737,2774,outo,outo,outo,unknown,outo,wordfreq:fi,wordfreq_seeded;deterministically_filtered;structurally_curated
fi,v1,3,2738,2775,palkinnon,palkinnon,palkinnon,unknown,palkinnon,wordfreq:fi,wordfreq_seeded;deterministically_filtered;structurally_curated
fi,v1,3,2739,2776,pankki,pankki,pankki,unknown,pankki,wordfreq:fi,wordfreq_seeded;deterministically_filtered;structurally_curated
fi,v1,3,2740,2777,pitkälti,pitkälti,pitkälti,unknown,pitkälti,wordfreq:fi,wordfreq_seeded;deterministically_filtered;structurally_curated
fi,v1,3,2741,2778,positiivinen,positiivinen,positiivinen,unknown,positiivinen,wordfreq:fi,wordfreq_seeded;deterministically_filtered;structurally_curated
fi,v1,3,2742,2779,potkut,potkut,potkut,unknown,potkut,wordfreq:fi,wordfreq_seeded;deterministically_filtered;structurally_curated
fi,v1,3,2743,2781,päinvastoin,päinvastoin,päinvastoin,unknown,päinvastoin,wordfreq:fi,wordfreq_seeded;deterministically_filtered;structurally_curated
fi,v1,3,2744,2782,päästää,päästää,päästää,unknown,päästää,wordfreq:fi,wordfreq_seeded;deterministically_filtered;structurally_curated
fi,v1,3,2745,2783,päätä,päätä,päätä,unknown,päätä,wordfreq:fi,wordfreq_seeded;deterministically_filtered;structurally_curated
fi,v1,3,2746,2784,ranska,ranska,ranska,unknown,ranska,wordfreq:fi,wordfreq_seeded;deterministically_filtered;structurally_curated
fi,v1,3,2747,2785,sairaalassa,sairaalassa,sairaalassa,unknown,sairaalassa,wordfreq:fi,wordfreq_seeded;deterministically_filtered;structurally_curated
fi,v1,3,2748,2786,suurimmat,suurimmat,suurimmat,unknown,suurimmat,wordfreq:fi,wordfreq_seeded;deterministically_filtered;structurally_curated
fi,v1,3,2749,2787,tapauksissa,tapauksissa,tapauksissa,unknown,tapauksissa,wordfreq:fi,wordfreq_seeded;deterministically_filtered;structurally_curated
fi,v1,3,2750,2788,tarvitsevat,tarvitsevat,tarvitsevat,unknown,tarvitsevat,wordfreq:fi,wordfreq_seeded;deterministically_filtered;structurally_curated
fi,v1,3,2751,2789,tavallinen,tavallinen,tavallinen,unknown,tavallinen,wordfreq:fi,wordfreq_seeded;deterministically_filtered;structurally_curated
fi,v1,3,2752,2790,toimimaan,toimimaan,toimimaan,unknown,toimimaan,wordfreq:fi,wordfreq_seeded;deterministically_filtered;structurally_curated
fi,v1,3,2753,2791,tuollainen,tuollainen,tuollainen,unknown,tuollainen,wordfreq:fi,wordfreq_seeded;deterministically_filtered;structurally_curated
fi,v1,3,2754,2792,vaikutuksia,vaikutuksia,vaikutuksia,unknown,vaikutuksia,wordfreq:fi,wordfreq_seeded;deterministically_filtered;structurally_curated
fi,v1,3,2755,2793,vakava,vakava,vakava,unknown,vakava,wordfreq:fi,wordfreq_seeded;deterministically_filtered;structurally_curated
fi,v1,3,2756,2794,valtaosa,valtaosa,valtaosa,unknown,valtaosa,wordfreq:fi,wordfreq_seeded;deterministically_filtered;structurally_curated
fi,v1,3,2757,2795,viedään,viedään,viedään,unknown,viedään,wordfreq:fi,wordfreq_seeded;deterministically_filtered;structurally_curated
fi,v1,3,2758,2796,virheitä,virheitä,virheitä,unknown,virheitä,wordfreq:fi,wordfreq_seeded;deterministically_filtered;structurally_curated
fi,v1,3,2759,2797,yks,yks,yks,unknown,yks,wordfreq:fi,wordfreq_seeded;deterministically_filtered;structurally_curated
fi,v1,3,2760,2798,yksikään,yksikään,yksikään,unknown,yksikään,wordfreq:fi,wordfreq_seeded;deterministically_filtered;structurally_curated
fi,v1,3,2761,2799,yritä,yritä,yritä,unknown,yritä,wordfreq:fi,wordfreq_seeded;deterministically_filtered;structurally_curated
fi,v1,3,2762,2800,ajaksi,ajaksi,ajaksi,unknown,ajaksi,wordfreq:fi,wordfreq_seeded;deterministically_filtered;structurally_curated
fi,v1,3,2763,2801,aseman,aseman,aseman,unknown,aseman,wordfreq:fi,wordfreq_seeded;deterministically_filtered;structurally_curated
fi,v1,3,2764,2802,asukkaat,asukkaat,asukkaat,unknown,asukkaat,wordfreq:fi,wordfreq_seeded;deterministically_filtered;structurally_curated
fi,v1,3,2765,2803,dollarin,dollarin,dollarin,unknown,dollarin,wordfreq:fi,wordfreq_seeded;deterministically_filtered;structurally_curated
fi,v1,3,2766,2804,eduskunta,eduskunta,eduskunta,unknown,eduskunta,wordfreq:fi,wordfreq_seeded;deterministically_filtered;structurally_curated
fi,v1,3,2767,2805,entisestään,entisestään,entisestään,unknown,entisestään,wordfreq:fi,wordfreq_seeded;deterministically_filtered;structurally_curated
fi,v1,3,2768,2806,eurooppaan,eurooppaan,eurooppaan,unknown,eurooppaan,wordfreq:fi,wordfreq_seeded;deterministically_filtered;structurally_curated
fi,v1,3,2769,2807,helsingistä,helsingistä,helsingistä,unknown,helsingistä,wordfreq:fi,wordfreq_seeded;deterministically_filtered;structurally_curated
fi,v1,3,2770,2808,hetkeksi,hetkeksi,hetkeksi,unknown,hetkeksi,wordfreq:fi,wordfreq_seeded;deterministically_filtered;structurally_curated
fi,v1,3,2771,2809,hjk,hjk,hjk,unknown,hjk,wordfreq:fi,wordfreq_seeded;deterministically_filtered;structurally_curated
fi,v1,3,2772,2810,jokaiselle,jokaiselle,jokaiselle,unknown,jokaiselle,wordfreq:fi,wordfreq_seeded;deterministically_filtered;structurally_curated
fi,v1,3,2773,2811,jumalauta,jumalauta,jumalauta,unknown,jumalauta,wordfreq:fi,wordfreq_seeded;deterministically_filtered;structurally_curated
fi,v1,3,2774,2812,juoda,juoda,juoda,unknown,juoda,wordfreq:fi,wordfreq_seeded;deterministically_filtered;structurally_curated
fi,v1,3,2775,2813,kaikkeen,kaikkeen,kaikkeen,unknown,kaikkeen,wordfreq:fi,wordfreq_seeded;deterministically_filtered;structurally_curated
fi,v1,3,2776,2814,koostuu,koostuu,koostuu,unknown,koostuu,wordfreq:fi,wordfreq_seeded;deterministically_filtered;structurally_curated
fi,v1,3,2777,2815,kotoisin,kotoisin,kotoisin,unknown,kotoisin,wordfreq:fi,wordfreq_seeded;deterministically_filtered;structurally_curated
fi,v1,3,2778,2816,kpl,kpl,kpl,unknown,kpl,wordfreq:fi,wordfreq_seeded;deterministically_filtered;structurally_curated
fi,v1,3,2779,2817,käyttäen,käyttäen,käyttäen,unknown,käyttäen,wordfreq:fi,wordfreq_seeded;deterministically_filtered;structurally_curated
fi,v1,3,2780,2818,laite,laite,laite,unknown,laite,wordfreq:fi,wordfreq_seeded;deterministically_filtered;structurally_curated
fi,v1,3,2781,2819,lapsena,lapsena,lapsena,unknown,lapsena,wordfreq:fi,wordfreq_seeded;deterministically_filtered;structurally_curated
fi,v1,3,2782,2820,lasku,lasku,lasku,unknown,lasku,wordfreq:fi,wordfreq_seeded;deterministically_filtered;structurally_curated
fi,v1,3,2783,2821,lukien,lukien,lukien,unknown,lukien,wordfreq:fi,wordfreq_seeded;deterministically_filtered;structurally_curated
fi,v1,3,2784,2822,lukion,lukion,lukion,unknown,lukion,wordfreq:fi,wordfreq_seeded;deterministically_filtered;structurally_curated
fi,v1,3,2785,2823,lähdetään,lähdetään,lähdetään,unknown,lähdetään,wordfreq:fi,wordfreq_seeded;deterministically_filtered;structurally_curated
fi,v1,3,2786,2824,maksa,maksa,maksa,unknown,maksa,wordfreq:fi,wordfreq_seeded;deterministically_filtered;structurally_curated
fi,v1,3,2787,2825,mallin,mallin,mallin,unknown,mallin,wordfreq:fi,wordfreq_seeded;deterministically_filtered;structurally_curated
fi,v1,3,2788,2826,martin,martin,martin,unknown,martin,wordfreq:fi,wordfreq_seeded;deterministically_filtered;structurally_curated
fi,v1,3,2789,2827,menetti,menetti,menetti,unknown,menetti,wordfreq:fi,wordfreq_seeded;deterministically_filtered;structurally_curated
fi,v1,3,2790,2828,monessa,monessa,monessa,unknown,monessa,wordfreq:fi,wordfreq_seeded;deterministically_filtered;structurally_curated
fi,v1,3,2791,2829,myöten,myöten,myöten,unknown,myöten,wordfreq:fi,wordfreq_seeded;deterministically_filtered;structurally_curated
fi,v1,3,2792,2830,nuorille,nuorille,nuorille,unknown,nuorille,wordfreq:fi,wordfreq_seeded;deterministically_filtered;structurally_curated
fi,v1,3,2793,2831,näköinen,näköinen,näköinen,unknown,näköinen,wordfreq:fi,wordfreq_seeded;deterministically_filtered;structurally_curated
fi,v1,3,2794,2832,ohjeet,ohjeet,ohjeet,unknown,ohjeet,wordfreq:fi,wordfreq_seeded;deterministically_filtered;structurally_curated
fi,v1,3,2795,2833,oikeesti,oikeesti,oikeesti,unknown,oikeesti,wordfreq:fi,wordfreq_seeded;deterministically_filtered;structurally_curated
fi,v1,3,2796,2834,omiin,omiin,omiin,unknown,omiin,wordfreq:fi,wordfreq_seeded;deterministically_filtered;structurally_curated
fi,v1,3,2797,2835,opiskelijoiden,opiskelijoiden,opiskelijoiden,unknown,opiskelijoiden,wordfreq:fi,wordfreq_seeded;deterministically_filtered;structurally_curated
fi,v1,3,2798,2836,oppinut,oppinut,oppinut,unknown,oppinut,wordfreq:fi,wordfreq_seeded;deterministically_filtered;structurally_curated
fi,v1,3,2799,2837,palautetta,palautetta,palautetta,unknown,palautetta,wordfreq:fi,wordfreq_seeded;deterministically_filtered;structurally_curated
fi,v1,3,2800,2838,palvelua,palvelua,palvelua,unknown,palvelua,wordfreq:fi,wordfreq_seeded;deterministically_filtered;structurally_curated
fi,v1,3,2801,2839,pienellä,pienellä,pienellä,unknown,pienellä,wordfreq:fi,wordfreq_seeded;deterministically_filtered;structurally_curated
fi,v1,3,2802,2840,pystynyt,pystynyt,pystynyt,unknown,pystynyt,wordfreq:fi,wordfreq_seeded;deterministically_filtered;structurally_curated
fi,v1,3,2803,2841,päivät,päivät,päivät,unknown,päivät,wordfreq:fi,wordfreq_seeded;deterministically_filtered;structurally_curated
fi,v1,3,2804,2842,robert,robert,robert,unknown,robert,wordfreq:fi,wordfreq_seeded;deterministically_filtered;structurally_curated
fi,v1,3,2805,2843,rock,rock,rock,unknown,rock,wordfreq:fi,wordfreq_seeded;deterministically_filtered;structurally_curated
fi,v1,3,2806,2844,sanoisin,sanoisin,sanoisin,unknown,sanoisin,wordfreq:fi,wordfreq_seeded;deterministically_filtered;structurally_curated
fi,v1,3,2807,2845,show,show,show,unknown,show,wordfreq:fi,wordfreq_seeded;deterministically_filtered;structurally_curated
fi,v1,3,2808,2846,soini,soini,soini,unknown,soini,wordfreq:fi,wordfreq_seeded;deterministically_filtered;structurally_curated
fi,v1,3,2809,2847,ssä,ssä,ssä,unknown,ssä,wordfreq:fi,wordfreq_seeded;deterministically_filtered;structurally_curated
fi,v1,3,2810,2848,tappara,tappara,tappara,unknown,tappara,wordfreq:fi,wordfreq_seeded;deterministically_filtered;structurally_curated
fi,v1,3,2811,2849,tavallista,tavallista,tavallista,unknown,tavallista,wordfreq:fi,wordfreq_seeded;deterministically_filtered;structurally_curated
fi,v1,3,2812,2850,terve,terve,terve,unknown,terve,wordfreq:fi,wordfreq_seeded;deterministically_filtered;structurally_curated
fi,v1,3,2813,2851,this,this,this,unknown,this,wordfreq:fi,wordfreq_seeded;deterministically_filtered;structurally_curated
fi,v1,3,2814,2852,trumpin,trumpin,trumpin,unknown,trumpin,wordfreq:fi,wordfreq_seeded;deterministically_filtered;structurally_curated
fi,v1,3,2815,2853,turkin,turkin,turkin,unknown,turkin,wordfreq:fi,wordfreq_seeded;deterministically_filtered;structurally_curated
fi,v1,3,2816,2854,turvallisuus,turvallisuus,turvallisuus,unknown,turvallisuus,wordfreq:fi,wordfreq_seeded;deterministically_filtered;structurally_curated
fi,v1,3,2817,2855,useat,useat,useat,unknown,useat,wordfreq:fi,wordfreq_seeded;deterministically_filtered;structurally_curated
fi,v1,3,2818,2856,vaikutukset,vaikutukset,vaikutukset,unknown,vaikutukset,wordfreq:fi,wordfreq_seeded;deterministically_filtered;structurally_curated
fi,v1,3,2819,2857,väri,väri,väri,unknown,väri,wordfreq:fi,wordfreq_seeded;deterministically_filtered;structurally_curated
fi,v1,3,2820,2858,ylpeä,ylpeä,ylpeä,unknown,ylpeä,wordfreq:fi,wordfreq_seeded;deterministically_filtered;structurally_curated
fi,v1,3,2821,2859,ympärille,ympärille,ympärille,unknown,ympärille,wordfreq:fi,wordfreq_seeded;deterministically_filtered;structurally_curated
fi,v1,3,2822,2860,ympäristö,ympäristö,ympäristö,unknown,ympäristö,wordfreq:fi,wordfreq_seeded;deterministically_filtered;structurally_curated
fi,v1,3,2823,2862,artikkeli,artikkeli,artikkeli,unknown,artikkeli,wordfreq:fi,wordfreq_seeded;deterministically_filtered;structurally_curated
fi,v1,3,2824,2863,arvot,arvot,arvot,unknown,arvot,wordfreq:fi,wordfreq_seeded;deterministically_filtered;structurally_curated
fi,v1,3,2825,2864,asiakkaita,asiakkaita,asiakkaita,unknown,asiakkaita,wordfreq:fi,wordfreq_seeded;deterministically_filtered;structurally_curated
fi,v1,3,2826,2865,eduskunnassa,eduskunnassa,eduskunnassa,unknown,eduskunnassa,wordfreq:fi,wordfreq_seeded;deterministically_filtered;structurally_curated
fi,v1,3,2827,2866,ehti,ehti,ehti,unknown,ehti,wordfreq:fi,wordfreq_seeded;deterministically_filtered;structurally_curated
fi,v1,3,2828,2867,elävät,elävät,elävät,unknown,elävät,wordfreq:fi,wordfreq_seeded;deterministically_filtered;structurally_curated
fi,v1,3,2829,2868,hankkeen,hankkeen,hankkeen,unknown,hankkeen,wordfreq:fi,wordfreq_seeded;deterministically_filtered;structurally_curated
fi,v1,3,2830,2869,hifk,hifk,hifk,unknown,hifk,wordfreq:fi,wordfreq_seeded;deterministically_filtered;structurally_curated
fi,v1,3,2831,2870,hyödyntää,hyödyntää,hyödyntää,unknown,hyödyntää,wordfreq:fi,wordfreq_seeded;deterministically_filtered;structurally_curated
fi,v1,3,2832,2871,häneltä,häneltä,häneltä,unknown,häneltä,wordfreq:fi,wordfreq_seeded;deterministically_filtered;structurally_curated
fi,v1,3,2833,2872,ilmestyi,ilmestyi,ilmestyi,unknown,ilmestyi,wordfreq:fi,wordfreq_seeded;deterministically_filtered;structurally_curated
fi,v1,3,2834,2873,israelin,israelin,israelin,unknown,israelin,wordfreq:fi,wordfreq_seeded;deterministically_filtered;structurally_curated
fi,v1,3,2835,2874,jalkapallon,jalkapallon,jalkapallon,unknown,jalkapallon,wordfreq:fi,wordfreq_seeded;deterministically_filtered;structurally_curated
fi,v1,3,2836,2875,japanin,japanin,japanin,unknown,japanin,wordfreq:fi,wordfreq_seeded;deterministically_filtered;structurally_curated
fi,v1,3,2837,2876,johan,johan,johan,unknown,johan,wordfreq:fi,wordfreq_seeded;deterministically_filtered;structurally_curated
fi,v1,3,2838,2877,johdolla,johdolla,johdolla,unknown,johdolla,wordfreq:fi,wordfreq_seeded;deterministically_filtered;structurally_curated
fi,v1,3,2839,2878,johtuen,johtuen,johtuen,unknown,johtuen,wordfreq:fi,wordfreq_seeded;deterministically_filtered;structurally_curated
fi,v1,3,2840,2879,kaatui,kaatui,kaatui,unknown,kaatui,wordfreq:fi,wordfreq_seeded;deterministically_filtered;structurally_curated
fi,v1,3,2841,2880,katsoin,katsoin,katsoin,unknown,katsoin,wordfreq:fi,wordfreq_seeded;deterministically_filtered;structurally_curated
fi,v1,3,2842,2881,kaunista,kaunista,kaunista,unknown,kaunista,wordfreq:fi,wordfreq_seeded;deterministically_filtered;structurally_curated
fi,v1,3,2843,2882,kehityksen,kehityksen,kehityksen,unknown,kehityksen,wordfreq:fi,wordfreq_seeded;deterministically_filtered;structurally_curated
fi,v1,3,2844,2883,keinoja,keinoja,keinoja,unknown,keinoja,wordfreq:fi,wordfreq_seeded;deterministically_filtered;structurally_curated
fi,v1,3,2845,2884,keskus,keskus,keskus,unknown,keskus,wordfreq:fi,wordfreq_seeded;deterministically_filtered;structurally_curated
fi,v1,3,2846,2885,kodin,kodin,kodin,unknown,kodin,wordfreq:fi,wordfreq_seeded;deterministically_filtered;structurally_curated
fi,v1,3,2847,2886,kolmeen,kolmeen,kolmeen,unknown,kolmeen,wordfreq:fi,wordfreq_seeded;deterministically_filtered;structurally_curated
fi,v1,3,2848,2887,kulta,kulta,kulta,unknown,kulta,wordfreq:fi,wordfreq_seeded;deterministically_filtered;structurally_curated
fi,v1,3,2849,2888,kuluessa,kuluessa,kuluessa,unknown,kuluessa,wordfreq:fi,wordfreq_seeded;deterministically_filtered;structurally_curated
fi,v1,3,2850,2889,kustannukset,kustannukset,kustannukset,unknown,kustannukset,wordfreq:fi,wordfreq_seeded;deterministically_filtered;structurally_curated
fi,v1,3,2851,2890,kyseisen,kyseisen,kyseisen,unknown,kyseisen,wordfreq:fi,wordfreq_seeded;deterministically_filtered;structurally_curated
fi,v1,3,2852,2891,kysymykseen,kysymykseen,kysymykseen,unknown,kysymykseen,wordfreq:fi,wordfreq_seeded;deterministically_filtered;structurally_curated
fi,v1,3,2853,2892,käsittelee,käsittelee,käsittelee,unknown,käsittelee,wordfreq:fi,wordfreq_seeded;deterministically_filtered;structurally_curated
fi,v1,3,2854,2893,laitan,laitan,laitan,unknown,laitan,wordfreq:fi,wordfreq_seeded;deterministically_filtered;structurally_curated
fi,v1,3,2855,2894,lauantai,lauantai,lauantai,unknown,lauantai,wordfreq:fi,wordfreq_seeded;deterministically_filtered;structurally_curated
fi,v1,3,2856,2895,liikevaihto,liikevaihto,liikevaihto,unknown,liikevaihto,wordfreq:fi,wordfreq_seeded;deterministically_filtered;structurally_curated
fi,v1,3,2857,2896,liittyä,liittyä,liittyä,unknown,liittyä,wordfreq:fi,wordfreq_seeded;deterministically_filtered;structurally_curated
fi,v1,3,2858,2897,lle,lle,lle,unknown,lle,wordfreq:fi,wordfreq_seeded;deterministically_filtered;structurally_curated
fi,v1,3,2859,2898,loistavaa,loistavaa,loistavaa,unknown,loistavaa,wordfreq:fi,wordfreq_seeded;deterministically_filtered;structurally_curated
fi,v1,3,2860,2899,lähi,lähi,lähi,unknown,lähi,wordfreq:fi,wordfreq_seeded;deterministically_filtered;structurally_curated
fi,v1,3,2861,2900,lähtevät,lähtevät,lähtevät,unknown,lähtevät,wordfreq:fi,wordfreq_seeded;deterministically_filtered;structurally_curated
fi,v1,3,2862,2901,maaliin,maaliin,maaliin,unknown,maaliin,wordfreq:fi,wordfreq_seeded;deterministically_filtered;structurally_curated
fi,v1,3,2863,2902,maistuu,maistuu,maistuu,unknown,maistuu,wordfreq:fi,wordfreq_seeded;deterministically_filtered;structurally_curated
fi,v1,3,2864,2903,matkaan,matkaan,matkaan,unknown,matkaan,wordfreq:fi,wordfreq_seeded;deterministically_filtered;structurally_curated
fi,v1,3,2865,2904,miettii,miettii,miettii,unknown,miettii,wordfreq:fi,wordfreq_seeded;deterministically_filtered;structurally_curated
fi,v1,3,2866,2905,miettimään,miettimään,miettimään,unknown,miettimään,wordfreq:fi,wordfreq_seeded;deterministically_filtered;structurally_curated
fi,v1,3,2867,2906,millaisia,millaisia,millaisia,unknown,millaisia,wordfreq:fi,wordfreq_seeded;deterministically_filtered;structurally_curated
fi,v1,3,2868,2907,muualle,muualle,muualle,unknown,muualle,wordfreq:fi,wordfreq_seeded;deterministically_filtered;structurally_curated
fi,v1,3,2869,2908,muutokset,muutokset,muutokset,unknown,muutokset,wordfreq:fi,wordfreq_seeded;deterministically_filtered;structurally_curated
fi,v1,3,2870,2909,nauraa,nauraa,nauraa,unknown,nauraa,wordfreq:fi,wordfreq_seeded;deterministically_filtered;structurally_curated
fi,v1,3,2871,2910,odotetaan,odotetaan,odotetaan,unknown,odotetaan,wordfreq:fi,wordfreq_seeded;deterministically_filtered;structurally_curated
fi,v1,3,2872,2911,one,one,one,unknown,one,wordfreq:fi,wordfreq_seeded;deterministically_filtered;structurally_curated
fi,v1,3,2873,2912,parhaita,parhaita,parhaita,unknown,parhaita,wordfreq:fi,wordfreq_seeded;deterministically_filtered;structurally_curated
fi,v1,3,2874,2913,peräti,peräti,peräti,unknown,peräti,wordfreq:fi,wordfreq_seeded;deterministically_filtered;structurally_curated
fi,v1,3,2875,2914,pitkiä,pitkiä,pitkiä,unknown,pitkiä,wordfreq:fi,wordfreq_seeded;deterministically_filtered;structurally_curated
fi,v1,3,2876,2915,pohjanmaan,pohjanmaan,pohjanmaan,unknown,pohjanmaan,wordfreq:fi,wordfreq_seeded;deterministically_filtered;structurally_curated
fi,v1,3,2877,2916,pori,pori,pori,unknown,pori,wordfreq:fi,wordfreq_seeded;deterministically_filtered;structurally_curated
fi,v1,3,2878,2917,pystyi,pystyi,pystyi,unknown,pystyi,wordfreq:fi,wordfreq_seeded;deterministically_filtered;structurally_curated
fi,v1,3,2879,2918,pyörii,pyörii,pyörii,unknown,pyörii,wordfreq:fi,wordfreq_seeded;deterministically_filtered;structurally_curated
fi,v1,3,2880,2919,päältä,päältä,päältä,unknown,päältä,wordfreq:fi,wordfreq_seeded;deterministically_filtered;structurally_curated
fi,v1,3,2881,2920,päätteeksi,päätteeksi,päätteeksi,unknown,päätteeksi,wordfreq:fi,wordfreq_seeded;deterministically_filtered;structurally_curated
fi,v1,3,2882,2921,päättänyt,päättänyt,päättänyt,unknown,päättänyt,wordfreq:fi,wordfreq_seeded;deterministically_filtered;structurally_curated
fi,v1,3,2883,2922,rakkautta,rakkautta,rakkautta,unknown,rakkautta,wordfreq:fi,wordfreq_seeded;deterministically_filtered;structurally_curated
fi,v1,3,2884,2923,ruotsiin,ruotsiin,ruotsiin,unknown,ruotsiin,wordfreq:fi,wordfreq_seeded;deterministically_filtered;structurally_curated
fi,v1,3,2885,2924,suorastaan,suorastaan,suorastaan,unknown,suorastaan,wordfreq:fi,wordfreq_seeded;deterministically_filtered;structurally_curated
fi,v1,3,2886,2925,säännöllisesti,säännöllisesti,säännöllisesti,unknown,säännöllisesti,wordfreq:fi,wordfreq_seeded;deterministically_filtered;structurally_curated
fi,v1,3,2887,2926,tarkka,tarkka,tarkka,unknown,tarkka,wordfreq:fi,wordfreq_seeded;deterministically_filtered;structurally_curated
fi,v1,3,2888,2927,toimeen,toimeen,toimeen,unknown,toimeen,wordfreq:fi,wordfreq_seeded;deterministically_filtered;structurally_curated
fi,v1,3,2889,2928,toimivan,toimivan,toimivan,unknown,toimivan,wordfreq:fi,wordfreq_seeded;deterministically_filtered;structurally_curated
fi,v1,3,2890,2929,toisiinsa,toisiinsa,toisiinsa,unknown,toisiinsa,wordfreq:fi,wordfreq_seeded;deterministically_filtered;structurally_curated
fi,v1,3,2891,2930,tuen,tuen,tuen,unknown,tuen,wordfreq:fi,wordfreq_seeded;deterministically_filtered;structurally_curated
fi,v1,3,2892,2931,tuuli,tuuli,tuuli,unknown,tuuli,wordfreq:fi,wordfreq_seeded;deterministically_filtered;structurally_curated
fi,v1,3,2893,2932,unionin,unionin,unionin,unknown,unionin,wordfreq:fi,wordfreq_seeded;deterministically_filtered;structurally_curated
fi,v1,3,2894,2933,useamman,useamman,useamman,unknown,useamman,wordfreq:fi,wordfreq_seeded;deterministically_filtered;structurally_curated
fi,v1,3,2895,2934,uskalla,uskalla,uskalla,unknown,uskalla,wordfreq:fi,wordfreq_seeded;deterministically_filtered;structurally_curated
fi,v1,3,2896,2935,valmistaa,valmistaa,valmistaa,unknown,valmistaa,wordfreq:fi,wordfreq_seeded;deterministically_filtered;structurally_curated
fi,v1,3,2897,2936,varmaa,varmaa,varmaa,unknown,varmaa,wordfreq:fi,wordfreq_seeded;deterministically_filtered;structurally_curated
fi,v1,3,2898,2937,vastustaa,vastustaa,vastustaa,unknown,vastustaa,wordfreq:fi,wordfreq_seeded;deterministically_filtered;structurally_curated
fi,v1,3,2899,2938,venäläiset,venäläiset,venäläiset,unknown,venäläiset,wordfreq:fi,wordfreq_seeded;deterministically_filtered;structurally_curated
fi,v1,3,2900,2939,viimein,viimein,viimein,unknown,viimein,wordfreq:fi,wordfreq_seeded;deterministically_filtered;structurally_curated
fi,v1,3,2901,2940,välitä,välitä,välitä,unknown,välitä,wordfreq:fi,wordfreq_seeded;deterministically_filtered;structurally_curated
fi,v1,3,2902,2941,ystävät,ystävät,ystävät,unknown,ystävät,wordfreq:fi,wordfreq_seeded;deterministically_filtered;structurally_curated
fi,v1,3,2903,2942,alkua,alkua,alkua,unknown,alkua,wordfreq:fi,wordfreq_seeded;deterministically_filtered;structurally_curated
fi,v1,3,2904,2943,annan,annan,annan,unknown,annan,wordfreq:fi,wordfreq_seeded;deterministically_filtered;structurally_curated
fi,v1,3,2905,2944,arvioi,arvioi,arvioi,unknown,arvioi,wordfreq:fi,wordfreq_seeded;deterministically_filtered;structurally_curated
fi,v1,3,2906,2945,blogi,blogi,blogi,unknown,blogi,wordfreq:fi,wordfreq_seeded;deterministically_filtered;structurally_curated
fi,v1,3,2907,2946,edellinen,edellinen,edellinen,unknown,edellinen,wordfreq:fi,wordfreq_seeded;deterministically_filtered;structurally_curated
fi,v1,3,2908,2947,eläkkeelle,eläkkeelle,eläkkeelle,unknown,eläkkeelle,wordfreq:fi,wordfreq_seeded;deterministically_filtered;structurally_curated
fi,v1,3,2909,2948,ennemmin,ennemmin,ennemmin,unknown,ennemmin,wordfreq:fi,wordfreq_seeded;deterministically_filtered;structurally_curated
fi,v1,3,2910,2949,ettet,ettet,ettet,unknown,ettet,wordfreq:fi,wordfreq_seeded;deterministically_filtered;structurally_curated
fi,v1,3,2911,2950,eurolla,eurolla,eurolla,unknown,eurolla,wordfreq:fi,wordfreq_seeded;deterministically_filtered;structurally_curated
fi,v1,3,2912,2951,facebookissa,facebookissa,facebookissa,unknown,facebookissa,wordfreq:fi,wordfreq_seeded;deterministically_filtered;structurally_curated
fi,v1,3,2913,2952,hanna,hanna,hanna,unknown,hanna,wordfreq:fi,wordfreq_seeded;deterministically_filtered;structurally_curated
fi,v1,3,2914,2953,harva,harva,harva,unknown,harva,wordfreq:fi,wordfreq_seeded;deterministically_filtered;structurally_curated
fi,v1,3,2915,2954,ideoita,ideoita,ideoita,unknown,ideoita,wordfreq:fi,wordfreq_seeded;deterministically_filtered;structurally_curated
fi,v1,3,2916,2955,iski,iski,iski,unknown,iski,wordfreq:fi,wordfreq_seeded;deterministically_filtered;structurally_curated
fi,v1,3,2917,2956,jännä,jännä,jännä,unknown,jännä,wordfreq:fi,wordfreq_seeded;deterministically_filtered;structurally_curated
fi,v1,3,2918,2957,kappale,kappale,kappale,unknown,kappale,wordfreq:fi,wordfreq_seeded;deterministically_filtered;structurally_curated
fi,v1,3,2919,2958,kasvot,kasvot,kasvot,unknown,kasvot,wordfreq:fi,wordfreq_seeded;deterministically_filtered;structurally_curated
fi,v1,3,2920,2959,kenraali,kenraali,kenraali,unknown,kenraali,wordfreq:fi,wordfreq_seeded;deterministically_filtered;structurally_curated
fi,v1,3,2921,2960,kentällä,kentällä,kentällä,unknown,kentällä,wordfreq:fi,wordfreq_seeded;deterministically_filtered;structurally_curated
fi,v1,3,2922,2961,kiertää,kiertää,kiertää,unknown,kiertää,wordfreq:fi,wordfreq_seeded;deterministically_filtered;structurally_curated
fi,v1,3,2923,2962,laulaa,laulaa,laulaa,unknown,laulaa,wordfreq:fi,wordfreq_seeded;deterministically_filtered;structurally_curated
fi,v1,3,2924,2963,lukko,lukko,lukko,unknown,lukko,wordfreq:fi,wordfreq_seeded;deterministically_filtered;structurally_curated
fi,v1,3,2925,2964,lupa,lupa,lupa,unknown,lupa,wordfreq:fi,wordfreq_seeded;deterministically_filtered;structurally_curated
fi,v1,3,2926,2965,lämmin,lämmin,lämmin,unknown,lämmin,wordfreq:fi,wordfreq_seeded;deterministically_filtered;structurally_curated
fi,v1,3,2927,2966,meno,meno,meno,unknown,meno,wordfreq:fi,wordfreq_seeded;deterministically_filtered;structurally_curated
fi,v1,3,2928,2967,menoa,menoa,menoa,unknown,menoa,wordfreq:fi,wordfreq_seeded;deterministically_filtered;structurally_curated
fi,v1,3,2929,2968,molempien,molempien,molempien,unknown,molempien,wordfreq:fi,wordfreq_seeded;deterministically_filtered;structurally_curated
fi,v1,3,2930,2969,muutoksen,muutoksen,muutoksen,unknown,muutoksen,wordfreq:fi,wordfreq_seeded;deterministically_filtered;structurally_curated
fi,v1,3,2931,2970,nimiä,nimiä,nimiä,unknown,nimiä,wordfreq:fi,wordfreq_seeded;deterministically_filtered;structurally_curated
fi,v1,3,2932,2971,ohjaaja,ohjaaja,ohjaaja,unknown,ohjaaja,wordfreq:fi,wordfreq_seeded;deterministically_filtered;structurally_curated
fi,v1,3,2933,2972,oi,oi,oi,unknown,oi,wordfreq:fi,wordfreq_seeded;deterministically_filtered;structurally_curated
fi,v1,3,2934,2973,oikeudet,oikeudet,oikeudet,unknown,oikeudet,wordfreq:fi,wordfreq_seeded;deterministically_filtered;structurally_curated
fi,v1,3,2935,2974,olipa,olipa,olipa,unknown,olipa,wordfreq:fi,wordfreq_seeded;deterministically_filtered;structurally_curated
fi,v1,3,2936,2975,osannut,osannut,osannut,unknown,osannut,wordfreq:fi,wordfreq_seeded;deterministically_filtered;structurally_curated
fi,v1,3,2937,2976,pelaajan,pelaajan,pelaajan,unknown,pelaajan,wordfreq:fi,wordfreq_seeded;deterministically_filtered;structurally_curated
fi,v1,3,2938,2977,pidettiin,pidettiin,pidettiin,unknown,pidettiin,wordfreq:fi,wordfreq_seeded;deterministically_filtered;structurally_curated
fi,v1,3,2939,2978,pitkällä,pitkällä,pitkällä,unknown,pitkällä,wordfreq:fi,wordfreq_seeded;deterministically_filtered;structurally_curated
fi,v1,3,2940,2979,pituus,pituus,pituus,unknown,pituus,wordfreq:fi,wordfreq_seeded;deterministically_filtered;structurally_curated
fi,v1,3,2941,2980,poikki,poikki,poikki,unknown,poikki,wordfreq:fi,wordfreq_seeded;deterministically_filtered;structurally_curated
fi,v1,3,2942,2981,projekti,projekti,projekti,unknown,projekti,wordfreq:fi,wordfreq_seeded;deterministically_filtered;structurally_curated
fi,v1,3,2943,2982,prosentin,prosentin,prosentin,unknown,prosentin,wordfreq:fi,wordfreq_seeded;deterministically_filtered;structurally_curated
fi,v1,3,2944,2983,pystyyn,pystyyn,pystyyn,unknown,pystyyn,wordfreq:fi,wordfreq_seeded;deterministically_filtered;structurally_curated
fi,v1,3,2945,2984,päällikkö,päällikkö,päällikkö,unknown,päällikkö,wordfreq:fi,wordfreq_seeded;deterministically_filtered;structurally_curated
fi,v1,3,2946,2985,päästään,päästään,päästään,unknown,päästään,wordfreq:fi,wordfreq_seeded;deterministically_filtered;structurally_curated
fi,v1,3,2947,2986,rakas,rakas,rakas,unknown,rakas,wordfreq:fi,wordfreq_seeded;deterministically_filtered;structurally_curated
fi,v1,3,2948,2987,rakennuksen,rakennuksen,rakennuksen,unknown,rakennuksen,wordfreq:fi,wordfreq_seeded;deterministically_filtered;structurally_curated
fi,v1,3,2949,2988,ranskassa,ranskassa,ranskassa,unknown,ranskassa,wordfreq:fi,wordfreq_seeded;deterministically_filtered;structurally_curated
fi,v1,3,2950,2989,reilusti,reilusti,reilusti,unknown,reilusti,wordfreq:fi,wordfreq_seeded;deterministically_filtered;structurally_curated
fi,v1,3,2951,2990,sairaalaan,sairaalaan,sairaalaan,unknown,sairaalaan,wordfreq:fi,wordfreq_seeded;deterministically_filtered;structurally_curated
fi,v1,3,2952,2991,seurasi,seurasi,seurasi,unknown,seurasi,wordfreq:fi,wordfreq_seeded;deterministically_filtered;structurally_curated
fi,v1,3,2953,2992,sininen,sininen,sininen,unknown,sininen,wordfreq:fi,wordfreq_seeded;deterministically_filtered;structurally_curated
fi,v1,3,2954,2993,sisältöä,sisältöä,sisältöä,unknown,sisältöä,wordfreq:fi,wordfreq_seeded;deterministically_filtered;structurally_curated
fi,v1,3,2955,2994,sittemmin,sittemmin,sittemmin,unknown,sittemmin,wordfreq:fi,wordfreq_seeded;deterministically_filtered;structurally_curated
fi,v1,3,2956,2995,sori,sori,sori,unknown,sori,wordfreq:fi,wordfreq_seeded;deterministically_filtered;structurally_curated
fi,v1,3,2957,2996,sotaa,sotaa,sotaa,unknown,sotaa,wordfreq:fi,wordfreq_seeded;deterministically_filtered;structurally_curated
fi,v1,3,2958,2997,suljettu,suljettu,suljettu,unknown,suljettu,wordfreq:fi,wordfreq_seeded;deterministically_filtered;structurally_curated
fi,v1,3,2959,2998,tapahtumaan,tapahtumaan,tapahtumaan,unknown,tapahtumaan,wordfreq:fi,wordfreq_seeded;deterministically_filtered;structurally_curated
fi,v1,3,2960,2999,tms,tms,tms,unknown,tms,wordfreq:fi,wordfreq_seeded;deterministically_filtered;structurally_curated
fi,v1,3,2961,3000,todettu,todettu,todettu,unknown,todettu,wordfreq:fi,wordfreq_seeded;deterministically_filtered;structurally_curated
fi,v1,3,2962,3001,tonnia,tonnia,tonnia,unknown,tonnia,wordfreq:fi,wordfreq_seeded;deterministically_filtered;structurally_curated
fi,v1,3,2963,3002,tosissaan,tosissaan,tosissaan,unknown,tosissaan,wordfreq:fi,wordfreq_seeded;deterministically_filtered;structurally_curated
fi,v1,3,2964,3003,tunnissa,tunnissa,tunnissa,unknown,tunnissa,wordfreq:fi,wordfreq_seeded;deterministically_filtered;structurally_curated
fi,v1,3,2965,3004,tuolta,tuolta,tuolta,unknown,tuolta,wordfreq:fi,wordfreq_seeded;deterministically_filtered;structurally_curated
fi,v1,3,2966,3005,tuomari,tuomari,tuomari,unknown,tuomari,wordfreq:fi,wordfreq_seeded;deterministically_filtered;structurally_curated
fi,v1,3,2967,3006,tuotteet,tuotteet,tuotteet,unknown,tuotteet,wordfreq:fi,wordfreq_seeded;deterministically_filtered;structurally_curated
fi,v1,3,2968,3007,tutkimusta,tutkimusta,tutkimusta,unknown,tutkimusta,wordfreq:fi,wordfreq_seeded;deterministically_filtered;structurally_curated
fi,v1,3,2969,3008,työpaikkoja,työpaikkoja,työpaikkoja,unknown,työpaikkoja,wordfreq:fi,wordfreq_seeded;deterministically_filtered;structurally_curated
fi,v1,3,2970,3009,ukrainan,ukrainan,ukrainan,unknown,ukrainan,wordfreq:fi,wordfreq_seeded;deterministically_filtered;structurally_curated
fi,v1,3,2971,3010,vaati,vaati,vaati,unknown,vaati,wordfreq:fi,wordfreq_seeded;deterministically_filtered;structurally_curated
fi,v1,3,2972,3011,vailla,vailla,vailla,unknown,vailla,wordfreq:fi,wordfreq_seeded;deterministically_filtered;structurally_curated
fi,v1,3,2973,3012,valoa,valoa,valoa,unknown,valoa,wordfreq:fi,wordfreq_seeded;deterministically_filtered;structurally_curated
fi,v1,3,2974,3013,vastaavaa,vastaavaa,vastaavaa,unknown,vastaavaa,wordfreq:fi,wordfreq_seeded;deterministically_filtered;structurally_curated
fi,v1,3,2975,3014,vastauksia,vastauksia,vastauksia,unknown,vastauksia,wordfreq:fi,wordfreq_seeded;deterministically_filtered;structurally_curated
fi,v1,3,2976,3015,veti,veti,veti,unknown,veti,wordfreq:fi,wordfreq_seeded;deterministically_filtered;structurally_curated
fi,v1,3,2977,3016,voimakas,voimakas,voimakas,unknown,voimakas,wordfreq:fi,wordfreq_seeded;deterministically_filtered;structurally_curated
fi,v1,3,2978,3017,vuokra,vuokra,vuokra,unknown,vuokra,wordfreq:fi,wordfreq_seeded;deterministically_filtered;structurally_curated
fi,v1,3,2979,3019,ympäristön,ympäristön,ympäristön,unknown,ympäristön,wordfreq:fi,wordfreq_seeded;deterministically_filtered;structurally_curated
fi,v1,3,2980,3020,york,york,york,unknown,york,wordfreq:fi,wordfreq_seeded;deterministically_filtered;structurally_curated
fi,v1,3,2981,3021,yrittävät,yrittävät,yrittävät,unknown,yrittävät,wordfreq:fi,wordfreq_seeded;deterministically_filtered;structurally_curated
fi,v1,3,2982,3022,ärsyttää,ärsyttää,ärsyttää,unknown,ärsyttää,wordfreq:fi,wordfreq_seeded;deterministically_filtered;structurally_curated
fi,v1,3,2983,3023,aamuna,aamuna,aamuna,unknown,aamuna,wordfreq:fi,wordfreq_seeded;deterministically_filtered;structurally_curated
fi,v1,3,2984,3024,aihetta,aihetta,aihetta,unknown,aihetta,wordfreq:fi,wordfreq_seeded;deterministically_filtered;structurally_curated
fi,v1,3,2985,3025,ainut,ainut,ainut,unknown,ainut,wordfreq:fi,wordfreq_seeded;deterministically_filtered;structurally_curated
fi,v1,3,2986,3026,alkoholin,alkoholin,alkoholin,unknown,alkoholin,wordfreq:fi,wordfreq_seeded;deterministically_filtered;structurally_curated
fi,v1,3,2987,3027,aluetta,aluetta,aluetta,unknown,aluetta,wordfreq:fi,wordfreq_seeded;deterministically_filtered;structurally_curated
fi,v1,3,2988,3028,alus,alus,alus,unknown,alus,wordfreq:fi,wordfreq_seeded;deterministically_filtered;structurally_curated
fi,v1,3,2989,3029,askel,askel,askel,unknown,askel,wordfreq:fi,wordfreq_seeded;deterministically_filtered;structurally_curated
fi,v1,3,2990,3030,cupin,cupin,cupin,unknown,cupin,wordfreq:fi,wordfreq_seeded;deterministically_filtered;structurally_curated
fi,v1,3,2991,3031,erkki,erkki,erkki,unknown,erkki,wordfreq:fi,wordfreq_seeded;deterministically_filtered;structurally_curated
fi,v1,3,2992,3032,etsimään,etsimään,etsimään,unknown,etsimään,wordfreq:fi,wordfreq_seeded;deterministically_filtered;structurally_curated
fi,v1,3,2993,3033,frank,frank,frank,unknown,frank,wordfreq:fi,wordfreq_seeded;deterministically_filtered;structurally_curated
fi,v1,3,2994,3034,harrastaa,harrastaa,harrastaa,unknown,harrastaa,wordfreq:fi,wordfreq_seeded;deterministically_filtered;structurally_curated
fi,v1,3,2995,3035,ilkka,ilkka,ilkka,unknown,ilkka,wordfreq:fi,wordfreq_seeded;deterministically_filtered;structurally_curated
fi,v1,3,2996,3036,iltaa,iltaa,iltaa,unknown,iltaa,wordfreq:fi,wordfreq_seeded;deterministically_filtered;structurally_curated
fi,v1,3,2997,3037,isis,isis,isis,unknown,isis,wordfreq:fi,wordfreq_seeded;deterministically_filtered;structurally_curated
fi,v1,3,2998,3038,itsellesi,itsellesi,itsellesi,unknown,itsellesi,wordfreq:fi,wordfreq_seeded;deterministically_filtered;structurally_curated
fi,v1,3,2999,3039,julkaistiin,julkaistiin,julkaistiin,unknown,julkaistiin,wordfreq:fi,wordfreq_seeded;deterministically_filtered;structurally_curated
fi,v1,3,3000,3040,kasvun,kasvun,kasvun,unknown,kasvun,wordfreq:fi,wordfreq_seeded;deterministically_filtered;structurally_curated
