language,frequency_list_version,level,rank,source_rank,display_form,lemma,lemma_key,part_of_speech,definition_seed,source_provenance,curation_flags
ru,v1,1,1,1,в,в,в,unknown,в,wordfreq:ru,wordfreq_seeded;deterministically_filtered;needs_human_review
ru,v1,1,2,2,и,и,и,unknown,и,wordfreq:ru,wordfreq_seeded;deterministically_filtered;needs_human_review
ru,v1,1,3,3,на,на,на,unknown,на,wordfreq:ru,wordfreq_seeded;deterministically_filtered;needs_human_review
ru,v1,1,4,4,не,не,не,unknown,не,wordfreq:ru,wordfreq_seeded;deterministically_filtered;needs_human_review
ru,v1,1,5,5,с,с,с,unknown,с,wordfreq:ru,wordfreq_seeded;deterministically_filtered;needs_human_review
ru,v1,1,6,6,что,что,что,unknown,что,wordfreq:ru,wordfreq_seeded;deterministically_filtered;needs_human_review
ru,v1,1,7,8,я,я,я,unknown,я,wordfreq:ru,wordfreq_seeded;deterministically_filtered;needs_human_review
ru,v1,1,8,9,по,по,по,unknown,по,wordfreq:ru,wordfreq_seeded;deterministically_filtered;needs_human_review
ru,v1,1,9,10,а,а,а,unknown,а,wordfreq:ru,wordfreq_seeded;deterministically_filtered;needs_human_review
ru,v1,1,10,11,как,как,как,unknown,как,wordfreq:ru,wordfreq_seeded;deterministically_filtered;needs_human_review
ru,v1,1,11,12,из,из,из,unknown,из,wordfreq:ru,wordfreq_seeded;deterministically_filtered;needs_human_review
ru,v1,1,12,14,это,это,это,unknown,это,wordfreq:ru,wordfreq_seeded;deterministically_filtered;needs_human_review
ru,v1,1,13,15,за,за,за,unknown,за,wordfreq:ru,wordfreq_seeded;deterministically_filtered;needs_human_review
ru,v1,1,14,17,для,для,для,unknown,для,wordfreq:ru,wordfreq_seeded;deterministically_filtered;needs_human_review
ru,v1,1,15,18,о,о,о,unknown,о,wordfreq:ru,wordfreq_seeded;deterministically_filtered;needs_human_review
ru,v1,1,16,19,к,к,к,unknown,к,wordfreq:ru,wordfreq_seeded;deterministically_filtered;needs_human_review
ru,v1,1,17,20,но,но,но,unknown,но,wordfreq:ru,wordfreq_seeded;deterministically_filtered;needs_human_review
ru,v1,1,18,21,то,то,то,unknown,то,wordfreq:ru,wordfreq_seeded;deterministically_filtered;needs_human_review
ru,v1,1,19,22,у,у,у,unknown,у,wordfreq:ru,wordfreq_seeded;deterministically_filtered;needs_human_review
ru,v1,1,20,23,его,его,его,unknown,его,wordfreq:ru,wordfreq_seeded;deterministically_filtered;needs_human_review
ru,v1,1,21,24,он,он,он,unknown,он,wordfreq:ru,wordfreq_seeded;deterministically_filtered;needs_human_review
ru,v1,1,22,25,от,от,от,unknown,от,wordfreq:ru,wordfreq_seeded;deterministically_filtered;needs_human_review
ru,v1,1,23,26,все,все,все,unknown,все,wordfreq:ru,wordfreq_seeded;deterministically_filtered;needs_human_review
ru,v1,1,24,27,так,так,так,unknown,так,wordfreq:ru,wordfreq_seeded;deterministically_filtered;needs_human_review
ru,v1,1,25,28,же,же,же,unknown,же,wordfreq:ru,wordfreq_seeded;deterministically_filtered;needs_human_review
ru,v1,1,26,29,мы,мы,мы,unknown,мы,wordfreq:ru,wordfreq_seeded;deterministically_filtered;needs_human_review
ru,v1,1,27,30,до,до,до,unknown,до,wordfreq:ru,wordfreq_seeded;deterministically_filtered;needs_human_review
ru,v1,1,28,31,ты,ты,ты,unknown,ты,wordfreq:ru,wordfreq_seeded;deterministically_filtered;needs_human_review
ru,v1,1,29,32,только,только,только,unknown,только,wordfreq:ru,wordfreq_seeded;deterministically_filtered;needs_human_review
ru,v1,1,30,33,был,был,был,unknown,был,wordfreq:ru,wordfreq_seeded;deterministically_filtered;needs_human_review
ru,v1,1,31,34,если,если,если,unknown,если,wordfreq:ru,wordfreq_seeded;deterministically_filtered;needs_human_review
ru,v1,1,32,35,когда,когда,когда,unknown,когда,wordfreq:ru,wordfreq_seeded;deterministically_filtered;needs_human_review
ru,v1,1,33,36,было,было,было,unknown,было,wordfreq:ru,wordfreq_seeded;deterministically_filtered;needs_human_review
ru,v1,1,34,37,мне,мне,мне,unknown,мне,wordfreq:ru,wordfreq_seeded;deterministically_filtered;needs_human_review
ru,v1,1,35,39,меня,меня,меня,unknown,меня,wordfreq:ru,wordfreq_seeded;deterministically_filtered;needs_human_review
ru,v1,1,36,40,уже,уже,уже,unknown,уже,wordfreq:ru,wordfreq_seeded;deterministically_filtered;needs_human_review
ru,v1,1,37,41,еще,еще,еще,unknown,еще,wordfreq:ru,wordfreq_seeded;deterministically_filtered;needs_human_review
ru,v1,1,38,42,бы,бы,бы,unknown,бы,wordfreq:ru,wordfreq_seeded;deterministically_filtered;needs_human_review
ru,v1,1,39,43,или,или,или,unknown,или,wordfreq:ru,wordfreq_seeded;deterministically_filtered;needs_human_review
ru,v1,1,40,44,их,их,их,unknown,их,wordfreq:ru,wordfreq_seeded;deterministically_filtered;needs_human_review
ru,v1,1,41,45,они,они,они,unknown,они,wordfreq:ru,wordfreq_seeded;deterministically_filtered;needs_human_review
ru,v1,1,42,46,при,при,при,unknown,при,wordfreq:ru,wordfreq_seeded;deterministically_filtered;needs_human_review
ru,v1,1,43,47,будет,будет,будет,unknown,будет,wordfreq:ru,wordfreq_seeded;deterministically_filtered;needs_human_review
ru,v1,1,44,49,время,время,время,unknown,время,wordfreq:ru,wordfreq_seeded;deterministically_filtered;needs_human_review
ru,v1,1,45,50,кто,кто,кто,unknown,кто,wordfreq:ru,wordfreq_seeded;deterministically_filtered;needs_human_review
ru,v1,1,46,51,года,года,года,unknown,года,wordfreq:ru,wordfreq_seeded;deterministically_filtered;needs_human_review
ru,v1,1,47,52,чтобы,чтобы,чтобы,unknown,чтобы,wordfreq:ru,wordfreq_seeded;deterministically_filtered;needs_human_review
ru,v1,1,48,53,есть,есть,есть,unknown,есть,wordfreq:ru,wordfreq_seeded;deterministically_filtered;needs_human_review
ru,v1,1,49,54,она,она,она,unknown,она,wordfreq:ru,wordfreq_seeded;deterministically_filtered;needs_human_review
ru,v1,1,50,55,во,во,во,unknown,во,wordfreq:ru,wordfreq_seeded;deterministically_filtered;needs_human_review
ru,v1,1,51,56,вы,вы,вы,unknown,вы,wordfreq:ru,wordfreq_seeded;deterministically_filtered;needs_human_review
ru,v1,1,52,57,может,может,может,unknown,может,wordfreq:ru,wordfreq_seeded;deterministically_filtered;needs_human_review
ru,v1,1,53,58,после,после,после,unknown,после,wordfreq:ru,wordfreq_seeded;deterministically_filtered;needs_human_review
ru,v1,1,54,59,нет,нет,нет,unknown,нет,wordfreq:ru,wordfreq_seeded;deterministically_filtered;needs_human_review
ru,v1,1,55,60,очень,очень,очень,unknown,очень,wordfreq:ru,wordfreq_seeded;deterministically_filtered;needs_human_review
ru,v1,1,56,61,были,были,были,unknown,были,wordfreq:ru,wordfreq_seeded;deterministically_filtered;needs_human_review
ru,v1,1,57,62,со,со,со,unknown,со,wordfreq:ru,wordfreq_seeded;deterministically_filtered;needs_human_review
ru,v1,1,58,63,была,была,была,unknown,была,wordfreq:ru,wordfreq_seeded;deterministically_filtered;needs_human_review
ru,v1,1,59,64,также,также,также,unknown,также,wordfreq:ru,wordfreq_seeded;deterministically_filtered;needs_human_review
ru,v1,1,60,66,вот,вот,вот,unknown,вот,wordfreq:ru,wordfreq_seeded;deterministically_filtered;needs_human_review
ru,v1,1,61,67,ее,ее,ее,unknown,ее,wordfreq:ru,wordfreq_seeded;deterministically_filtered;needs_human_review
ru,v1,1,62,68,чем,чем,чем,unknown,чем,wordfreq:ru,wordfreq_seeded;deterministically_filtered;needs_human_review
ru,v1,1,63,69,быть,быть,быть,unknown,быть,wordfreq:ru,wordfreq_seeded;deterministically_filtered;needs_human_review
ru,v1,1,64,70,где,где,где,unknown,где,wordfreq:ru,wordfreq_seeded;deterministically_filtered;needs_human_review
ru,v1,1,65,71,под,под,под,unknown,под,wordfreq:ru,wordfreq_seeded;deterministically_filtered;needs_human_review
ru,v1,1,66,72,этом,этом,этом,unknown,этом,wordfreq:ru,wordfreq_seeded;deterministically_filtered;needs_human_review
ru,v1,1,67,73,вас,вас,вас,unknown,вас,wordfreq:ru,wordfreq_seeded;deterministically_filtered;needs_human_review
ru,v1,1,68,74,россии,россии,россии,unknown,россии,wordfreq:ru,wordfreq_seeded;deterministically_filtered;needs_human_review
ru,v1,1,69,75,да,да,да,unknown,да,wordfreq:ru,wordfreq_seeded;deterministically_filtered;needs_human_review
ru,v1,1,70,76,даже,даже,даже,unknown,даже,wordfreq:ru,wordfreq_seeded;deterministically_filtered;needs_human_review
ru,v1,1,71,77,можно,можно,можно,unknown,можно,wordfreq:ru,wordfreq_seeded;deterministically_filtered;needs_human_review
ru,v1,1,72,78,того,того,того,unknown,того,wordfreq:ru,wordfreq_seeded;deterministically_filtered;needs_human_review
ru,v1,1,73,79,просто,просто,просто,unknown,просто,wordfreq:ru,wordfreq_seeded;deterministically_filtered;needs_human_review
ru,v1,1,74,80,этого,этого,этого,unknown,этого,wordfreq:ru,wordfreq_seeded;deterministically_filtered;needs_human_review
ru,v1,1,75,81,больше,больше,больше,unknown,больше,wordfreq:ru,wordfreq_seeded;deterministically_filtered;needs_human_review
ru,v1,1,76,82,сейчас,сейчас,сейчас,unknown,сейчас,wordfreq:ru,wordfreq_seeded;deterministically_filtered;needs_human_review
ru,v1,1,77,83,том,том,том,unknown,том,wordfreq:ru,wordfreq_seeded;deterministically_filtered;needs_human_review
ru,v1,1,78,84,более,более,более,unknown,более,wordfreq:ru,wordfreq_seeded;deterministically_filtered;needs_human_review
ru,v1,1,79,85,г,г,г,unknown,г,wordfreq:ru,wordfreq_seeded;deterministically_filtered;needs_human_review
ru,v1,1,80,86,ну,ну,ну,unknown,ну,wordfreq:ru,wordfreq_seeded;deterministically_filtered;needs_human_review
ru,v1,1,81,88,без,без,без,unknown,без,wordfreq:ru,wordfreq_seeded;deterministically_filtered;needs_human_review
ru,v1,1,82,89,году,году,году,unknown,году,wordfreq:ru,wordfreq_seeded;deterministically_filtered;needs_human_review
ru,v1,1,83,90,лет,лет,лет,unknown,лет,wordfreq:ru,wordfreq_seeded;deterministically_filtered;needs_human_review
ru,v1,1,84,91,нас,нас,нас,unknown,нас,wordfreq:ru,wordfreq_seeded;deterministically_filtered;needs_human_review
ru,v1,1,85,92,ни,ни,ни,unknown,ни,wordfreq:ru,wordfreq_seeded;deterministically_filtered;needs_human_review
ru,v1,1,86,93,об,об,об,unknown,об,wordfreq:ru,wordfreq_seeded;deterministically_filtered;needs_human_review
ru,v1,1,87,94,там,там,там,unknown,там,wordfreq:ru,wordfreq_seeded;deterministically_filtered;needs_human_review
ru,v1,1,88,95,человек,человек,человек,unknown,человек,wordfreq:ru,wordfreq_seeded;deterministically_filtered;needs_human_review
ru,v1,1,89,96,которые,которые,которые,unknown,которые,wordfreq:ru,wordfreq_seeded;deterministically_filtered;needs_human_review
ru,v1,1,90,97,себя,себя,себя,unknown,себя,wordfreq:ru,wordfreq_seeded;deterministically_filtered;needs_human_review
ru,v1,1,91,98,этот,этот,этот,unknown,этот,wordfreq:ru,wordfreq_seeded;deterministically_filtered;needs_human_review
ru,v1,1,92,99,который,который,который,unknown,который,wordfreq:ru,wordfreq_seeded;deterministically_filtered;needs_human_review
ru,v1,1,93,100,ли,ли,ли,unknown,ли,wordfreq:ru,wordfreq_seeded;deterministically_filtered;needs_human_review
ru,v1,1,94,101,м,м,м,unknown,м,wordfreq:ru,wordfreq_seeded;deterministically_filtered;needs_human_review
ru,v1,1,95,102,раз,раз,раз,unknown,раз,wordfreq:ru,wordfreq_seeded;deterministically_filtered;needs_human_review
ru,v1,1,96,104,всех,всех,всех,unknown,всех,wordfreq:ru,wordfreq_seeded;deterministically_filtered;needs_human_review
ru,v1,1,97,105,один,один,один,unknown,один,wordfreq:ru,wordfreq_seeded;deterministically_filtered;needs_human_review
ru,v1,1,98,106,тебя,тебя,тебя,unknown,тебя,wordfreq:ru,wordfreq_seeded;deterministically_filtered;needs_human_review
ru,v1,1,99,107,теперь,теперь,теперь,unknown,теперь,wordfreq:ru,wordfreq_seeded;deterministically_filtered;needs_human_review
ru,v1,1,100,108,всего,всего,всего,unknown,всего,wordfreq:ru,wordfreq_seeded;deterministically_filtered;needs_human_review
ru,v1,1,101,109,сегодня,сегодня,сегодня,unknown,сегодня,wordfreq:ru,wordfreq_seeded;deterministically_filtered;needs_human_review
ru,v1,1,102,110,надо,надо,надо,unknown,надо,wordfreq:ru,wordfreq_seeded;deterministically_filtered;needs_human_review
ru,v1,1,103,111,через,через,через,unknown,через,wordfreq:ru,wordfreq_seeded;deterministically_filtered;needs_human_review
ru,v1,1,104,112,ему,ему,ему,unknown,ему,wordfreq:ru,wordfreq_seeded;deterministically_filtered;needs_human_review
ru,v1,1,105,113,них,них,них,unknown,них,wordfreq:ru,wordfreq_seeded;deterministically_filtered;needs_human_review
ru,v1,1,106,114,сша,сша,сша,unknown,сша,wordfreq:ru,wordfreq_seeded;deterministically_filtered;needs_human_review
ru,v1,1,107,115,тоже,тоже,тоже,unknown,тоже,wordfreq:ru,wordfreq_seeded;deterministically_filtered;needs_human_review
ru,v1,1,108,116,области,области,области,unknown,области,wordfreq:ru,wordfreq_seeded;deterministically_filtered;needs_human_review
ru,v1,1,109,117,почему,почему,почему,unknown,почему,wordfreq:ru,wordfreq_seeded;deterministically_filtered;needs_human_review
ru,v1,1,110,118,день,день,день,unknown,день,wordfreq:ru,wordfreq_seeded;deterministically_filtered;needs_human_review
ru,v1,1,111,119,пока,пока,пока,unknown,пока,wordfreq:ru,wordfreq_seeded;deterministically_filtered;needs_human_review
ru,v1,1,112,120,тем,тем,тем,unknown,тем,wordfreq:ru,wordfreq_seeded;deterministically_filtered;needs_human_review
ru,v1,1,113,121,эти,эти,эти,unknown,эти,wordfreq:ru,wordfreq_seeded;deterministically_filtered;needs_human_review
ru,v1,1,114,122,жизни,жизни,жизни,unknown,жизни,wordfreq:ru,wordfreq_seeded;deterministically_filtered;needs_human_review
ru,v1,1,115,123,им,им,им,unknown,им,wordfreq:ru,wordfreq_seeded;deterministically_filtered;needs_human_review
ru,v1,1,116,124,всегда,всегда,всегда,unknown,всегда,wordfreq:ru,wordfreq_seeded;deterministically_filtered;needs_human_review
ru,v1,1,117,125,между,между,между,unknown,между,wordfreq:ru,wordfreq_seeded;deterministically_filtered;needs_human_review
ru,v1,1,118,126,этой,этой,этой,unknown,этой,wordfreq:ru,wordfreq_seeded;deterministically_filtered;needs_human_review
ru,v1,1,119,128,здесь,здесь,здесь,unknown,здесь,wordfreq:ru,wordfreq_seeded;deterministically_filtered;needs_human_review
ru,v1,1,120,129,потому,потому,потому,unknown,потому,wordfreq:ru,wordfreq_seeded;deterministically_filtered;needs_human_review
ru,v1,1,121,131,нужно,нужно,нужно,unknown,нужно,wordfreq:ru,wordfreq_seeded;deterministically_filtered;needs_human_review
ru,v1,1,122,132,себе,себе,себе,unknown,себе,wordfreq:ru,wordfreq_seeded;deterministically_filtered;needs_human_review
ru,v1,1,123,133,такой,такой,такой,unknown,такой,wordfreq:ru,wordfreq_seeded;deterministically_filtered;needs_human_review
ru,v1,1,124,134,тебе,тебе,тебе,unknown,тебе,wordfreq:ru,wordfreq_seeded;deterministically_filtered;needs_human_review
ru,v1,1,125,135,год,год,год,unknown,год,wordfreq:ru,wordfreq_seeded;deterministically_filtered;needs_human_review
ru,v1,1,126,136,два,два,два,unknown,два,wordfreq:ru,wordfreq_seeded;deterministically_filtered;needs_human_review
ru,v1,1,127,137,людей,людей,людей,unknown,людей,wordfreq:ru,wordfreq_seeded;deterministically_filtered;needs_human_review
ru,v1,1,128,138,него,него,него,unknown,него,wordfreq:ru,wordfreq_seeded;deterministically_filtered;needs_human_review
ru,v1,1,129,139,однако,однако,однако,unknown,однако,wordfreq:ru,wordfreq_seeded;deterministically_filtered;needs_human_review
ru,v1,1,130,140,п,п,п,unknown,п,wordfreq:ru,wordfreq_seeded;deterministically_filtered;needs_human_review
ru,v1,1,131,142,люди,люди,люди,unknown,люди,wordfreq:ru,wordfreq_seeded;deterministically_filtered;needs_human_review
ru,v1,1,132,143,много,много,много,unknown,много,wordfreq:ru,wordfreq_seeded;deterministically_filtered;needs_human_review
ru,v1,1,133,144,ничего,ничего,ничего,unknown,ничего,wordfreq:ru,wordfreq_seeded;deterministically_filtered;needs_human_review
ru,v1,1,134,145,тут,тут,тут,unknown,тут,wordfreq:ru,wordfreq_seeded;deterministically_filtered;needs_human_review
ru,v1,1,135,146,свою,свою,свою,unknown,свою,wordfreq:ru,wordfreq_seeded;deterministically_filtered;needs_human_review
ru,v1,1,136,147,всё,всё,всё,unknown,всё,wordfreq:ru,wordfreq_seeded;deterministically_filtered;needs_human_review
ru,v1,1,137,148,её,её,её,unknown,её,wordfreq:ru,wordfreq_seeded;deterministically_filtered;needs_human_review
ru,v1,1,138,149,жизнь,жизнь,жизнь,unknown,жизнь,wordfreq:ru,wordfreq_seeded;deterministically_filtered;needs_human_review
ru,v1,1,139,150,нам,нам,нам,unknown,нам,wordfreq:ru,wordfreq_seeded;deterministically_filtered;needs_human_review
ru,v1,1,140,151,несколько,несколько,несколько,unknown,несколько,wordfreq:ru,wordfreq_seeded;deterministically_filtered;needs_human_review
ru,v1,1,141,152,своей,своей,своей,unknown,своей,wordfreq:ru,wordfreq_seeded;deterministically_filtered;needs_human_review
ru,v1,1,142,153,сказал,сказал,сказал,unknown,сказал,wordfreq:ru,wordfreq_seeded;deterministically_filtered;needs_human_review
ru,v1,1,143,154,тогда,тогда,тогда,unknown,тогда,wordfreq:ru,wordfreq_seeded;deterministically_filtered;needs_human_review
ru,v1,1,144,155,хочу,хочу,хочу,unknown,хочу,wordfreq:ru,wordfreq_seeded;deterministically_filtered;needs_human_review
ru,v1,1,145,157,вам,вам,вам,unknown,вам,wordfreq:ru,wordfreq_seeded;deterministically_filtered;needs_human_review
ru,v1,1,146,158,мой,мой,мой,unknown,мой,wordfreq:ru,wordfreq_seeded;deterministically_filtered;needs_human_review
ru,v1,1,147,159,ещё,ещё,ещё,unknown,ещё,wordfreq:ru,wordfreq_seeded;deterministically_filtered;needs_human_review
ru,v1,1,148,160,место,место,место,unknown,место,wordfreq:ru,wordfreq_seeded;deterministically_filtered;needs_human_review
ru,v1,1,149,161,потом,потом,потом,unknown,потом,wordfreq:ru,wordfreq_seeded;deterministically_filtered;needs_human_review
ru,v1,1,150,162,против,против,против,unknown,против,wordfreq:ru,wordfreq_seeded;deterministically_filtered;needs_human_review
ru,v1,1,151,163,хорошо,хорошо,хорошо,unknown,хорошо,wordfreq:ru,wordfreq_seeded;deterministically_filtered;needs_human_review
ru,v1,1,152,164,которых,которых,которых,unknown,которых,wordfreq:ru,wordfreq_seeded;deterministically_filtered;needs_human_review
ru,v1,1,153,165,является,является,является,unknown,является,wordfreq:ru,wordfreq_seeded;deterministically_filtered;needs_human_review
ru,v1,1,154,167,вместе,вместе,вместе,unknown,вместе,wordfreq:ru,wordfreq_seeded;deterministically_filtered;needs_human_review
ru,v1,1,155,168,времени,времени,времени,unknown,времени,wordfreq:ru,wordfreq_seeded;deterministically_filtered;needs_human_review
ru,v1,1,156,169,лишь,лишь,лишь,unknown,лишь,wordfreq:ru,wordfreq_seeded;deterministically_filtered;needs_human_review
ru,v1,1,157,170,свои,свои,свои,unknown,свои,wordfreq:ru,wordfreq_seeded;deterministically_filtered;needs_human_review
ru,v1,1,158,171,человека,человека,человека,unknown,человека,wordfreq:ru,wordfreq_seeded;deterministically_filtered;needs_human_review
ru,v1,1,159,172,дело,дело,дело,unknown,дело,wordfreq:ru,wordfreq_seeded;deterministically_filtered;needs_human_review
ru,v1,1,160,173,лучше,лучше,лучше,unknown,лучше,wordfreq:ru,wordfreq_seeded;deterministically_filtered;needs_human_review
ru,v1,1,161,174,над,над,над,unknown,над,wordfreq:ru,wordfreq_seeded;deterministically_filtered;needs_human_review
ru,v1,1,162,175,какой,какой,какой,unknown,какой,wordfreq:ru,wordfreq_seeded;deterministically_filtered;needs_human_review
ru,v1,1,163,176,работы,работы,работы,unknown,работы,wordfreq:ru,wordfreq_seeded;deterministically_filtered;needs_human_review
ru,v1,1,164,177,тот,тот,тот,unknown,тот,wordfreq:ru,wordfreq_seeded;deterministically_filtered;needs_human_review
ru,v1,1,165,178,именно,именно,именно,unknown,именно,wordfreq:ru,wordfreq_seeded;deterministically_filtered;needs_human_review
ru,v1,1,166,179,перед,перед,перед,unknown,перед,wordfreq:ru,wordfreq_seeded;deterministically_filtered;needs_human_review
ru,v1,1,167,180,поэтому,поэтому,поэтому,unknown,поэтому,wordfreq:ru,wordfreq_seeded;deterministically_filtered;needs_human_review
ru,v1,1,168,181,сделать,сделать,сделать,unknown,сделать,wordfreq:ru,wordfreq_seeded;deterministically_filtered;needs_human_review
ru,v1,1,169,182,три,три,три,unknown,три,wordfreq:ru,wordfreq_seeded;deterministically_filtered;needs_human_review
ru,v1,1,170,183,всем,всем,всем,unknown,всем,wordfreq:ru,wordfreq_seeded;deterministically_filtered;needs_human_review
ru,v1,1,171,184,конечно,конечно,конечно,unknown,конечно,wordfreq:ru,wordfreq_seeded;deterministically_filtered;needs_human_review
ru,v1,1,172,185,которая,которая,которая,unknown,которая,wordfreq:ru,wordfreq_seeded;deterministically_filtered;needs_human_review
ru,v1,1,173,186,мира,мира,мира,unknown,мира,wordfreq:ru,wordfreq_seeded;deterministically_filtered;needs_human_review
ru,v1,1,174,187,стал,стал,стал,unknown,стал,wordfreq:ru,wordfreq_seeded;deterministically_filtered;needs_human_review
ru,v1,1,175,188,которой,которой,которой,unknown,которой,wordfreq:ru,wordfreq_seeded;deterministically_filtered;needs_human_review
ru,v1,1,176,189,н,н,н,unknown,н,wordfreq:ru,wordfreq_seeded;deterministically_filtered;needs_human_review
ru,v1,1,177,190,первый,первый,первый,unknown,первый,wordfreq:ru,wordfreq_seeded;deterministically_filtered;needs_human_review
ru,v1,1,178,191,такое,такое,такое,unknown,такое,wordfreq:ru,wordfreq_seeded;deterministically_filtered;needs_human_review
ru,v1,1,179,194,хотя,хотя,хотя,unknown,хотя,wordfreq:ru,wordfreq_seeded;deterministically_filtered;needs_human_review
ru,v1,1,180,195,чего,чего,чего,unknown,чего,wordfreq:ru,wordfreq_seeded;deterministically_filtered;needs_human_review
ru,v1,1,181,196,ведь,ведь,ведь,unknown,ведь,wordfreq:ru,wordfreq_seeded;deterministically_filtered;needs_human_review
ru,v1,1,182,197,вообще,вообще,вообще,unknown,вообще,wordfreq:ru,wordfreq_seeded;deterministically_filtered;needs_human_review
ru,v1,1,183,198,будут,будут,будут,unknown,будут,wordfreq:ru,wordfreq_seeded;deterministically_filtered;needs_human_review
ru,v1,1,184,199,должны,должны,должны,unknown,должны,wordfreq:ru,wordfreq_seeded;deterministically_filtered;needs_human_review
ru,v1,1,185,200,дома,дома,дома,unknown,дома,wordfreq:ru,wordfreq_seeded;deterministically_filtered;needs_human_review
ru,v1,1,186,201,спасибо,спасибо,спасибо,unknown,спасибо,wordfreq:ru,wordfreq_seeded;deterministically_filtered;needs_human_review
ru,v1,1,187,202,эта,эта,эта,unknown,эта,wordfreq:ru,wordfreq_seeded;deterministically_filtered;needs_human_review
ru,v1,1,188,203,могут,могут,могут,unknown,могут,wordfreq:ru,wordfreq_seeded;deterministically_filtered;needs_human_review
ru,v1,1,189,204,никогда,никогда,никогда,unknown,никогда,wordfreq:ru,wordfreq_seeded;deterministically_filtered;needs_human_review
ru,v1,1,190,205,сам,сам,сам,unknown,сам,wordfreq:ru,wordfreq_seeded;deterministically_filtered;needs_human_review
ru,v1,1,191,206,своих,своих,своих,unknown,своих,wordfreq:ru,wordfreq_seeded;deterministically_filtered;needs_human_review
ru,v1,1,192,207,украины,украины,украины,unknown,украины,wordfreq:ru,wordfreq_seeded;deterministically_filtered;needs_human_review
ru,v1,1,193,208,тех,тех,тех,unknown,тех,wordfreq:ru,wordfreq_seeded;deterministically_filtered;needs_human_review
ru,v1,1,194,209,вопрос,вопрос,вопрос,unknown,вопрос,wordfreq:ru,wordfreq_seeded;deterministically_filtered;needs_human_review
ru,v1,1,195,210,деньги,деньги,деньги,unknown,деньги,wordfreq:ru,wordfreq_seeded;deterministically_filtered;needs_human_review
ru,v1,1,196,211,других,других,других,unknown,других,wordfreq:ru,wordfreq_seeded;deterministically_filtered;needs_human_review
ru,v1,1,197,212,новый,новый,новый,unknown,новый,wordfreq:ru,wordfreq_seeded;deterministically_filtered;needs_human_review
ru,v1,1,198,213,около,около,около,unknown,около,wordfreq:ru,wordfreq_seeded;deterministically_filtered;needs_human_review
ru,v1,1,199,214,почти,почти,почти,unknown,почти,wordfreq:ru,wordfreq_seeded;deterministically_filtered;needs_human_review
ru,v1,1,200,215,эту,эту,эту,unknown,эту,wordfreq:ru,wordfreq_seeded;deterministically_filtered;needs_human_review
ru,v1,1,201,216,могу,могу,могу,unknown,могу,wordfreq:ru,wordfreq_seeded;deterministically_filtered;needs_human_review
ru,v1,1,202,217,своего,своего,своего,unknown,своего,wordfreq:ru,wordfreq_seeded;deterministically_filtered;needs_human_review
ru,v1,1,203,218,свой,свой,свой,unknown,свой,wordfreq:ru,wordfreq_seeded;deterministically_filtered;needs_human_review
ru,v1,1,204,219,знаю,знаю,знаю,unknown,знаю,wordfreq:ru,wordfreq_seeded;deterministically_filtered;needs_human_review
ru,v1,1,205,220,которого,которого,которого,unknown,которого,wordfreq:ru,wordfreq_seeded;deterministically_filtered;needs_human_review
ru,v1,1,206,221,часть,часть,часть,unknown,часть,wordfreq:ru,wordfreq_seeded;deterministically_filtered;needs_human_review
ru,v1,1,207,222,двух,двух,двух,unknown,двух,wordfreq:ru,wordfreq_seeded;deterministically_filtered;needs_human_review
ru,v1,1,208,223,делать,делать,делать,unknown,делать,wordfreq:ru,wordfreq_seeded;deterministically_filtered;needs_human_review
ru,v1,1,209,224,должен,должен,должен,unknown,должен,wordfreq:ru,wordfreq_seeded;deterministically_filtered;needs_human_review
ru,v1,1,210,225,кроме,кроме,кроме,unknown,кроме,wordfreq:ru,wordfreq_seeded;deterministically_filtered;needs_human_review
ru,v1,1,211,226,связи,связи,связи,unknown,связи,wordfreq:ru,wordfreq_seeded;deterministically_filtered;needs_human_review
ru,v1,1,212,227,города,города,города,unknown,города,wordfreq:ru,wordfreq_seeded;deterministically_filtered;needs_human_review
ru,v1,1,213,228,каждый,каждый,каждый,unknown,каждый,wordfreq:ru,wordfreq_seeded;deterministically_filtered;needs_human_review
ru,v1,1,214,229,нибудь,нибудь,нибудь,unknown,нибудь,wordfreq:ru,wordfreq_seeded;deterministically_filtered;needs_human_review
ru,v1,1,215,230,случае,случае,случае,unknown,случае,wordfreq:ru,wordfreq_seeded;deterministically_filtered;needs_human_review
ru,v1,1,216,231,среди,среди,среди,unknown,среди,wordfreq:ru,wordfreq_seeded;deterministically_filtered;needs_human_review
ru,v1,1,217,232,ссср,ссср,ссср,unknown,ссср,wordfreq:ru,wordfreq_seeded;deterministically_filtered;needs_human_review
ru,v1,1,218,233,такие,такие,такие,unknown,такие,wordfreq:ru,wordfreq_seeded;deterministically_filtered;needs_human_review
ru,v1,1,219,234,этих,этих,этих,unknown,этих,wordfreq:ru,wordfreq_seeded;deterministically_filtered;needs_human_review
ru,v1,1,220,235,говорит,говорит,говорит,unknown,говорит,wordfreq:ru,wordfreq_seeded;deterministically_filtered;needs_human_review
ru,v1,1,221,236,е,е,е,unknown,е,wordfreq:ru,wordfreq_seeded;deterministically_filtered;needs_human_review
ru,v1,1,222,237,одной,одной,одной,unknown,одной,wordfreq:ru,wordfreq_seeded;deterministically_filtered;needs_human_review
ru,v1,1,223,238,россия,россия,россия,unknown,россия,wordfreq:ru,wordfreq_seeded;deterministically_filtered;needs_human_review
ru,v1,1,224,239,этим,этим,этим,unknown,этим,wordfreq:ru,wordfreq_seeded;deterministically_filtered;needs_human_review
ru,v1,1,225,240,дом,дом,дом,unknown,дом,wordfreq:ru,wordfreq_seeded;deterministically_filtered;needs_human_review
ru,v1,1,226,241,другие,другие,другие,unknown,другие,wordfreq:ru,wordfreq_seeded;deterministically_filtered;needs_human_review
ru,v1,1,227,242,ней,ней,ней,unknown,ней,wordfreq:ru,wordfreq_seeded;deterministically_filtered;needs_human_review
ru,v1,1,228,243,ним,ним,ним,unknown,ним,wordfreq:ru,wordfreq_seeded;deterministically_filtered;needs_human_review
ru,v1,1,229,244,детей,детей,детей,unknown,детей,wordfreq:ru,wordfreq_seeded;deterministically_filtered;needs_human_review
ru,v1,1,230,245,либо,либо,либо,unknown,либо,wordfreq:ru,wordfreq_seeded;deterministically_filtered;needs_human_review
ru,v1,1,231,246,одна,одна,одна,unknown,одна,wordfreq:ru,wordfreq_seeded;deterministically_filtered;needs_human_review
ru,v1,1,232,247,сколько,сколько,сколько,unknown,сколько,wordfreq:ru,wordfreq_seeded;deterministically_filtered;needs_human_review
ru,v1,1,233,248,стоит,стоит,стоит,unknown,стоит,wordfreq:ru,wordfreq_seeded;deterministically_filtered;needs_human_review
ru,v1,1,234,249,буду,буду,буду,unknown,буду,wordfreq:ru,wordfreq_seeded;deterministically_filtered;needs_human_review
ru,v1,1,235,250,дня,дня,дня,unknown,дня,wordfreq:ru,wordfreq_seeded;deterministically_filtered;needs_human_review
ru,v1,1,236,251,ей,ей,ей,unknown,ей,wordfreq:ru,wordfreq_seeded;deterministically_filtered;needs_human_review
ru,v1,1,237,252,истории,истории,истории,unknown,истории,wordfreq:ru,wordfreq_seeded;deterministically_filtered;needs_human_review
ru,v1,1,238,253,кого,кого,кого,unknown,кого,wordfreq:ru,wordfreq_seeded;deterministically_filtered;needs_human_review
ru,v1,1,239,254,никто,никто,никто,unknown,никто,wordfreq:ru,wordfreq_seeded;deterministically_filtered;needs_human_review
ru,v1,1,240,255,работу,работу,работу,unknown,работу,wordfreq:ru,wordfreq_seeded;deterministically_filtered;needs_human_review
ru,v1,1,241,256,стороны,стороны,стороны,unknown,стороны,wordfreq:ru,wordfreq_seeded;deterministically_filtered;needs_human_review
ru,v1,1,242,257,таким,таким,таким,unknown,таким,wordfreq:ru,wordfreq_seeded;deterministically_filtered;needs_human_review
ru,v1,1,243,258,части,части,части,unknown,части,wordfreq:ru,wordfreq_seeded;deterministically_filtered;needs_human_review
ru,v1,1,244,260,имеет,имеет,имеет,unknown,имеет,wordfreq:ru,wordfreq_seeded;deterministically_filtered;needs_human_review
ru,v1,1,245,261,назад,назад,назад,unknown,назад,wordfreq:ru,wordfreq_seeded;deterministically_filtered;needs_human_review
ru,v1,1,246,262,одного,одного,одного,unknown,одного,wordfreq:ru,wordfreq_seeded;deterministically_filtered;needs_human_review
ru,v1,1,247,263,российской,российской,российской,unknown,российской,wordfreq:ru,wordfreq_seeded;deterministically_filtered;needs_human_review
ru,v1,1,248,264,сказать,сказать,сказать,unknown,сказать,wordfreq:ru,wordfreq_seeded;deterministically_filtered;needs_human_review
ru,v1,1,249,265,слова,слова,слова,unknown,слова,wordfreq:ru,wordfreq_seeded;deterministically_filtered;needs_human_review
ru,v1,1,250,266,друг,друг,друг,unknown,друг,wordfreq:ru,wordfreq_seeded;deterministically_filtered;needs_human_review
ru,v1,1,251,267,москве,москве,москве,unknown,москве,wordfreq:ru,wordfreq_seeded;deterministically_filtered;needs_human_review
ru,v1,1,252,268,например,например,например,unknown,например,wordfreq:ru,wordfreq_seeded;deterministically_filtered;needs_human_review
ru,v1,1,253,269,затем,затем,затем,unknown,затем,wordfreq:ru,wordfreq_seeded;deterministically_filtered;needs_human_review
ru,v1,1,254,270,моя,моя,моя,unknown,моя,wordfreq:ru,wordfreq_seeded;deterministically_filtered;needs_human_review
ru,v1,1,255,271,образом,образом,образом,unknown,образом,wordfreq:ru,wordfreq_seeded;deterministically_filtered;needs_human_review
ru,v1,1,256,272,оно,оно,оно,unknown,оно,wordfreq:ru,wordfreq_seeded;deterministically_filtered;needs_human_review
ru,v1,1,257,273,про,про,про,unknown,про,wordfreq:ru,wordfreq_seeded;deterministically_filtered;needs_human_review
ru,v1,1,258,274,см,см,см,unknown,см,wordfreq:ru,wordfreq_seeded;deterministically_filtered;needs_human_review
ru,v1,1,259,275,сразу,сразу,сразу,unknown,сразу,wordfreq:ru,wordfreq_seeded;deterministically_filtered;needs_human_review
ru,v1,1,260,276,второй,второй,второй,unknown,второй,wordfreq:ru,wordfreq_seeded;deterministically_filtered;needs_human_review
ru,v1,1,261,277,другой,другой,другой,unknown,другой,wordfreq:ru,wordfreq_seeded;deterministically_filtered;needs_human_review
ru,v1,1,262,278,какие,какие,какие,unknown,какие,wordfreq:ru,wordfreq_seeded;deterministically_filtered;needs_human_review
ru,v1,1,263,279,нельзя,нельзя,нельзя,unknown,нельзя,wordfreq:ru,wordfreq_seeded;deterministically_filtered;needs_human_review
ru,v1,1,264,280,снова,снова,снова,unknown,снова,wordfreq:ru,wordfreq_seeded;deterministically_filtered;needs_human_review
ru,v1,1,265,281,собой,собой,собой,unknown,собой,wordfreq:ru,wordfreq_seeded;deterministically_filtered;needs_human_review
ru,v1,1,266,282,совсем,совсем,совсем,unknown,совсем,wordfreq:ru,wordfreq_seeded;deterministically_filtered;needs_human_review
ru,v1,1,267,283,правда,правда,правда,unknown,правда,wordfreq:ru,wordfreq_seeded;deterministically_filtered;needs_human_review
ru,v1,1,268,284,рф,рф,рф,unknown,рф,wordfreq:ru,wordfreq_seeded;deterministically_filtered;needs_human_review
ru,v1,1,269,285,страны,страны,страны,unknown,страны,wordfreq:ru,wordfreq_seeded;deterministically_filtered;needs_human_review
ru,v1,1,270,286,the,the,the,unknown,the,wordfreq:ru,wordfreq_seeded;deterministically_filtered;needs_human_review
ru,v1,1,271,287,две,две,две,unknown,две,wordfreq:ru,wordfreq_seeded;deterministically_filtered;needs_human_review
ru,v1,1,272,288,значит,значит,значит,unknown,значит,wordfreq:ru,wordfreq_seeded;deterministically_filtered;needs_human_review
ru,v1,1,273,289,куда,куда,куда,unknown,куда,wordfreq:ru,wordfreq_seeded;deterministically_filtered;needs_human_review
ru,v1,1,274,290,т,т,т,unknown,т,wordfreq:ru,wordfreq_seeded;deterministically_filtered;needs_human_review
ru,v1,1,275,291,те,те,те,unknown,те,wordfreq:ru,wordfreq_seeded;deterministically_filtered;needs_human_review
ru,v1,1,276,292,получил,получил,получил,unknown,получил,wordfreq:ru,wordfreq_seeded;deterministically_filtered;needs_human_review
ru,v1,1,277,293,войны,войны,войны,unknown,войны,wordfreq:ru,wordfreq_seeded;deterministically_filtered;needs_human_review
ru,v1,1,278,294,группы,группы,группы,unknown,группы,wordfreq:ru,wordfreq_seeded;deterministically_filtered;needs_human_review
ru,v1,1,279,295,дела,дела,дела,unknown,дела,wordfreq:ru,wordfreq_seeded;deterministically_filtered;needs_human_review
ru,v1,1,280,296,игры,игры,игры,unknown,игры,wordfreq:ru,wordfreq_seeded;deterministically_filtered;needs_human_review
ru,v1,1,281,297,кажется,кажется,кажется,unknown,кажется,wordfreq:ru,wordfreq_seeded;deterministically_filtered;needs_human_review
ru,v1,1,282,298,которое,которое,которое,unknown,которое,wordfreq:ru,wordfreq_seeded;deterministically_filtered;needs_human_review
ru,v1,1,283,299,нее,нее,нее,unknown,нее,wordfreq:ru,wordfreq_seeded;deterministically_filtered;needs_human_review
ru,v1,1,284,300,стали,стали,стали,unknown,стали,wordfreq:ru,wordfreq_seeded;deterministically_filtered;needs_human_review
ru,v1,1,285,301,х,х,х,unknown,х,wordfreq:ru,wordfreq_seeded;deterministically_filtered;needs_human_review
ru,v1,1,286,302,апреля,апреля,апреля,unknown,апреля,wordfreq:ru,wordfreq_seeded;deterministically_filtered;needs_human_review
ru,v1,1,287,303,б,б,б,unknown,б,wordfreq:ru,wordfreq_seeded;deterministically_filtered;needs_human_review
ru,v1,1,288,304,большой,большой,большой,unknown,большой,wordfreq:ru,wordfreq_seeded;deterministically_filtered;needs_human_review
ru,v1,1,289,305,весь,весь,весь,unknown,весь,wordfreq:ru,wordfreq_seeded;deterministically_filtered;needs_human_review
ru,v1,1,290,306,годы,годы,годы,unknown,годы,wordfreq:ru,wordfreq_seeded;deterministically_filtered;needs_human_review
ru,v1,1,291,307,думаю,думаю,думаю,unknown,думаю,wordfreq:ru,wordfreq_seeded;deterministically_filtered;needs_human_review
ru,v1,1,292,308,новые,новые,новые,unknown,новые,wordfreq:ru,wordfreq_seeded;deterministically_filtered;needs_human_review
ru,v1,1,293,309,числе,числе,числе,unknown,числе,wordfreq:ru,wordfreq_seeded;deterministically_filtered;needs_human_review
ru,v1,1,294,310,всю,всю,всю,unknown,всю,wordfreq:ru,wordfreq_seeded;deterministically_filtered;needs_human_review
ru,v1,1,295,311,начала,начала,начала,unknown,начала,wordfreq:ru,wordfreq_seeded;deterministically_filtered;needs_human_review
ru,v1,1,296,312,новости,новости,новости,unknown,новости,wordfreq:ru,wordfreq_seeded;deterministically_filtered;needs_human_review
ru,v1,1,297,313,одно,одно,одно,unknown,одно,wordfreq:ru,wordfreq_seeded;deterministically_filtered;needs_human_review
ru,v1,1,298,314,такая,такая,такая,unknown,такая,wordfreq:ru,wordfreq_seeded;deterministically_filtered;needs_human_review
ru,v1,1,299,315,i,i,i,unknown,i,wordfreq:ru,wordfreq_seeded;deterministically_filtered;needs_human_review
ru,v1,1,300,316,власти,власти,власти,unknown,власти,wordfreq:ru,wordfreq_seeded;deterministically_filtered;needs_human_review
ru,v1,1,301,317,должна,должна,должна,unknown,должна,wordfreq:ru,wordfreq_seeded;deterministically_filtered;needs_human_review
ru,v1,1,302,318,мир,мир,мир,unknown,мир,wordfreq:ru,wordfreq_seeded;deterministically_filtered;needs_human_review
ru,v1,1,303,319,найти,найти,найти,unknown,найти,wordfreq:ru,wordfreq_seeded;deterministically_filtered;needs_human_review
ru,v1,1,304,320,нашей,нашей,нашей,unknown,нашей,wordfreq:ru,wordfreq_seeded;deterministically_filtered;needs_human_review
ru,v1,1,305,321,организации,организации,организации,unknown,организации,wordfreq:ru,wordfreq_seeded;deterministically_filtered;needs_human_review
ru,v1,1,306,322,партии,партии,партии,unknown,партии,wordfreq:ru,wordfreq_seeded;deterministically_filtered;needs_human_review
ru,v1,1,307,323,слишком,слишком,слишком,unknown,слишком,wordfreq:ru,wordfreq_seeded;deterministically_filtered;needs_human_review
ru,v1,1,308,324,таких,таких,таких,unknown,таких,wordfreq:ru,wordfreq_seeded;deterministically_filtered;needs_human_review
ru,v1,1,309,325,участие,участие,участие,unknown,участие,wordfreq:ru,wordfreq_seeded;deterministically_filtered;needs_human_review
ru,v1,1,310,326,иногда,иногда,иногда,unknown,иногда,wordfreq:ru,wordfreq_seeded;deterministically_filtered;needs_human_review
ru,v1,1,311,327,качестве,качестве,качестве,unknown,качестве,wordfreq:ru,wordfreq_seeded;deterministically_filtered;needs_human_review
ru,v1,1,312,328,месте,месте,месте,unknown,месте,wordfreq:ru,wordfreq_seeded;deterministically_filtered;needs_human_review
ru,v1,1,313,329,момент,момент,момент,unknown,момент,wordfreq:ru,wordfreq_seeded;deterministically_filtered;needs_human_review
ru,v1,1,314,330,москва,москва,москва,unknown,москва,wordfreq:ru,wordfreq_seeded;deterministically_filtered;needs_human_review
ru,v1,1,315,331,наши,наши,наши,unknown,наши,wordfreq:ru,wordfreq_seeded;deterministically_filtered;needs_human_review
ru,v1,1,316,332,некоторые,некоторые,некоторые,unknown,некоторые,wordfreq:ru,wordfreq_seeded;deterministically_filtered;needs_human_review
ru,v1,1,317,333,развития,развития,развития,unknown,развития,wordfreq:ru,wordfreq_seeded;deterministically_filtered;needs_human_review
ru,v1,1,318,334,своим,своим,своим,unknown,своим,wordfreq:ru,wordfreq_seeded;deterministically_filtered;needs_human_review
ru,v1,1,319,335,сентября,сентября,сентября,unknown,сентября,wordfreq:ru,wordfreq_seeded;deterministically_filtered;needs_human_review
ru,v1,1,320,336,системы,системы,системы,unknown,системы,wordfreq:ru,wordfreq_seeded;deterministically_filtered;needs_human_review
ru,v1,1,321,337,фильм,фильм,фильм,unknown,фильм,wordfreq:ru,wordfreq_seeded;deterministically_filtered;needs_human_review
ru,v1,1,322,338,возможно,возможно,возможно,unknown,возможно,wordfreq:ru,wordfreq_seeded;deterministically_filtered;needs_human_review
ru,v1,1,323,339,го,го,го,unknown,го,wordfreq:ru,wordfreq_seeded;deterministically_filtered;needs_human_review
ru,v1,1,324,340,д,д,д,unknown,д,wordfreq:ru,wordfreq_seeded;deterministically_filtered;needs_human_review
ru,v1,1,325,341,которую,которую,которую,unknown,которую,wordfreq:ru,wordfreq_seeded;deterministically_filtered;needs_human_review
ru,v1,1,326,342,мои,мои,мои,unknown,мои,wordfreq:ru,wordfreq_seeded;deterministically_filtered;needs_human_review
ru,v1,1,327,343,права,права,права,unknown,права,wordfreq:ru,wordfreq_seeded;deterministically_filtered;needs_human_review
ru,v1,1,328,344,свое,свое,свое,unknown,свое,wordfreq:ru,wordfreq_seeded;deterministically_filtered;needs_human_review
ru,v1,1,329,345,совета,совета,совета,unknown,совета,wordfreq:ru,wordfreq_seeded;deterministically_filtered;needs_human_review
ru,v1,1,330,346,такого,такого,такого,unknown,такого,wordfreq:ru,wordfreq_seeded;deterministically_filtered;needs_human_review
ru,v1,1,331,347,тому,тому,тому,unknown,тому,wordfreq:ru,wordfreq_seeded;deterministically_filtered;needs_human_review
ru,v1,1,332,348,этому,этому,этому,unknown,этому,wordfreq:ru,wordfreq_seeded;deterministically_filtered;needs_human_review
ru,v1,1,333,349,город,город,город,unknown,город,wordfreq:ru,wordfreq_seeded;deterministically_filtered;needs_human_review
ru,v1,1,334,350,дней,дней,дней,unknown,дней,wordfreq:ru,wordfreq_seeded;deterministically_filtered;needs_human_review
ru,v1,1,335,351,конце,конце,конце,unknown,конце,wordfreq:ru,wordfreq_seeded;deterministically_filtered;needs_human_review
ru,v1,1,336,352,котором,котором,котором,unknown,котором,wordfreq:ru,wordfreq_seeded;deterministically_filtered;needs_human_review
ru,v1,1,337,353,марта,марта,марта,unknown,марта,wordfreq:ru,wordfreq_seeded;deterministically_filtered;needs_human_review
ru,v1,1,338,354,менее,менее,менее,unknown,менее,wordfreq:ru,wordfreq_seeded;deterministically_filtered;needs_human_review
ru,v1,1,339,355,результате,результате,результате,unknown,результате,wordfreq:ru,wordfreq_seeded;deterministically_filtered;needs_human_review
ru,v1,1,340,356,федерации,федерации,федерации,unknown,федерации,wordfreq:ru,wordfreq_seeded;deterministically_filtered;needs_human_review
ru,v1,1,341,357,говорят,говорят,говорят,unknown,говорят,wordfreq:ru,wordfreq_seeded;deterministically_filtered;needs_human_review
ru,v1,1,342,358,давно,давно,давно,unknown,давно,wordfreq:ru,wordfreq_seeded;deterministically_filtered;needs_human_review
ru,v1,1,343,359,зачем,зачем,зачем,unknown,зачем,wordfreq:ru,wordfreq_seeded;deterministically_filtered;needs_human_review
ru,v1,1,344,360,проблемы,проблемы,проблемы,unknown,проблемы,wordfreq:ru,wordfreq_seeded;deterministically_filtered;needs_human_review
ru,v1,1,345,361,раньше,раньше,раньше,unknown,раньше,wordfreq:ru,wordfreq_seeded;deterministically_filtered;needs_human_review
ru,v1,1,346,362,рублей,рублей,рублей,unknown,рублей,wordfreq:ru,wordfreq_seeded;deterministically_filtered;needs_human_review
ru,v1,1,347,363,рядом,рядом,рядом,unknown,рядом,wordfreq:ru,wordfreq_seeded;deterministically_filtered;needs_human_review
ru,v1,1,348,364,самое,самое,самое,unknown,самое,wordfreq:ru,wordfreq_seeded;deterministically_filtered;needs_human_review
ru,v1,1,349,365,самом,самом,самом,unknown,самом,wordfreq:ru,wordfreq_seeded;deterministically_filtered;needs_human_review
ru,v1,1,350,366,стала,стала,стала,unknown,стала,wordfreq:ru,wordfreq_seeded;deterministically_filtered;needs_human_review
ru,v1,1,351,367,территории,территории,территории,unknown,территории,wordfreq:ru,wordfreq_seeded;deterministically_filtered;needs_human_review
ru,v1,1,352,368,течение,течение,течение,unknown,течение,wordfreq:ru,wordfreq_seeded;deterministically_filtered;needs_human_review
ru,v1,1,353,369,точно,точно,точно,unknown,точно,wordfreq:ru,wordfreq_seeded;deterministically_filtered;needs_human_review
ru,v1,1,354,370,часто,часто,часто,unknown,часто,wordfreq:ru,wordfreq_seeded;deterministically_filtered;needs_human_review
ru,v1,1,355,371,быстро,быстро,быстро,unknown,быстро,wordfreq:ru,wordfreq_seeded;deterministically_filtered;needs_human_review
ru,v1,1,356,372,действительно,действительно,действительно,unknown,действительно,wordfreq:ru,wordfreq_seeded;deterministically_filtered;needs_human_review
ru,v1,1,357,373,й,й,й,unknown,й,wordfreq:ru,wordfreq_seeded;deterministically_filtered;needs_human_review
ru,v1,1,358,374,люблю,люблю,люблю,unknown,люблю,wordfreq:ru,wordfreq_seeded;deterministically_filtered;needs_human_review
ru,v1,1,359,375,мая,мая,мая,unknown,мая,wordfreq:ru,wordfreq_seeded;deterministically_filtered;needs_human_review
ru,v1,1,360,376,многие,многие,многие,unknown,многие,wordfreq:ru,wordfreq_seeded;deterministically_filtered;needs_human_review
ru,v1,1,361,377,период,период,период,unknown,период,wordfreq:ru,wordfreq_seeded;deterministically_filtered;needs_human_review
ru,v1,1,362,378,пор,пор,пор,unknown,пор,wordfreq:ru,wordfreq_seeded;deterministically_filtered;needs_human_review
ru,v1,1,363,379,работа,работа,работа,unknown,работа,wordfreq:ru,wordfreq_seeded;deterministically_filtered;needs_human_review
ru,v1,1,364,380,александр,александр,александр,unknown,александр,wordfreq:ru,wordfreq_seeded;deterministically_filtered;needs_human_review
ru,v1,1,365,381,говорить,говорить,говорить,unknown,говорить,wordfreq:ru,wordfreq_seeded;deterministically_filtered;needs_human_review
ru,v1,1,366,382,деле,деле,деле,unknown,деле,wordfreq:ru,wordfreq_seeded;deterministically_filtered;needs_human_review
ru,v1,1,367,383,достаточно,достаточно,достаточно,unknown,достаточно,wordfreq:ru,wordfreq_seeded;deterministically_filtered;needs_human_review
ru,v1,1,368,384,количество,количество,количество,unknown,количество,wordfreq:ru,wordfreq_seeded;deterministically_filtered;needs_human_review
ru,v1,1,369,385,мире,мире,мире,unknown,мире,wordfreq:ru,wordfreq_seeded;deterministically_filtered;needs_human_review
ru,v1,1,370,386,мог,мог,мог,unknown,мог,wordfreq:ru,wordfreq_seeded;deterministically_filtered;needs_human_review
ru,v1,1,371,387,помощью,помощью,помощью,unknown,помощью,wordfreq:ru,wordfreq_seeded;deterministically_filtered;needs_human_review
ru,v1,1,372,388,стало,стало,стало,unknown,стало,wordfreq:ru,wordfreq_seeded;deterministically_filtered;needs_human_review
ru,v1,1,373,389,типа,типа,типа,unknown,типа,wordfreq:ru,wordfreq_seeded;deterministically_filtered;needs_human_review
ru,v1,1,374,390,уж,уж,уж,unknown,уж,wordfreq:ru,wordfreq_seeded;deterministically_filtered;needs_human_review
ru,v1,1,375,391,хочет,хочет,хочет,unknown,хочет,wordfreq:ru,wordfreq_seeded;deterministically_filtered;needs_human_review
ru,v1,1,376,392,впервые,впервые,впервые,unknown,впервые,wordfreq:ru,wordfreq_seeded;deterministically_filtered;needs_human_review
ru,v1,1,377,393,вчера,вчера,вчера,unknown,вчера,wordfreq:ru,wordfreq_seeded;deterministically_filtered;needs_human_review
ru,v1,1,378,394,завтра,завтра,завтра,unknown,завтра,wordfreq:ru,wordfreq_seeded;deterministically_filtered;needs_human_review
ru,v1,1,379,395,имя,имя,имя,unknown,имя,wordfreq:ru,wordfreq_seeded;deterministically_filtered;needs_human_review
ru,v1,1,380,396,какая,какая,какая,unknown,какая,wordfreq:ru,wordfreq_seeded;deterministically_filtered;needs_human_review
ru,v1,1,381,397,ко,ко,ко,unknown,ко,wordfreq:ru,wordfreq_seeded;deterministically_filtered;needs_human_review
ru,v1,1,382,398,пусть,пусть,пусть,unknown,пусть,wordfreq:ru,wordfreq_seeded;deterministically_filtered;needs_human_review
ru,v1,1,383,399,равно,равно,равно,unknown,равно,wordfreq:ru,wordfreq_seeded;deterministically_filtered;needs_human_review
ru,v1,1,384,400,руки,руки,руки,unknown,руки,wordfreq:ru,wordfreq_seeded;deterministically_filtered;needs_human_review
ru,v1,1,385,401,управления,управления,управления,unknown,управления,wordfreq:ru,wordfreq_seeded;deterministically_filtered;needs_human_review
ru,v1,1,386,403,внимание,внимание,внимание,unknown,внимание,wordfreq:ru,wordfreq_seeded;deterministically_filtered;needs_human_review
ru,v1,1,387,404,должно,должно,должно,unknown,должно,wordfreq:ru,wordfreq_seeded;deterministically_filtered;needs_human_review
ru,v1,1,388,405,млн,млн,млн,unknown,млн,wordfreq:ru,wordfreq_seeded;deterministically_filtered;needs_human_review
ru,v1,1,389,406,мной,мной,мной,unknown,мной,wordfreq:ru,wordfreq_seeded;deterministically_filtered;needs_human_review
ru,v1,1,390,407,населения,населения,населения,unknown,населения,wordfreq:ru,wordfreq_seeded;deterministically_filtered;needs_human_review
ru,v1,1,391,408,немного,немного,немного,unknown,немного,wordfreq:ru,wordfreq_seeded;deterministically_filtered;needs_human_review
ru,v1,1,392,409,нового,нового,нового,unknown,нового,wordfreq:ru,wordfreq_seeded;deterministically_filtered;needs_human_review
ru,v1,1,393,410,ночь,ночь,ночь,unknown,ночь,wordfreq:ru,wordfreq_seeded;deterministically_filtered;needs_human_review
ru,v1,1,394,411,смерти,смерти,смерти,unknown,смерти,wordfreq:ru,wordfreq_seeded;deterministically_filtered;needs_human_review
ru,v1,1,395,412,согласно,согласно,согласно,unknown,согласно,wordfreq:ru,wordfreq_seeded;deterministically_filtered;needs_human_review
ru,v1,1,396,413,стать,стать,стать,unknown,стать,wordfreq:ru,wordfreq_seeded;deterministically_filtered;needs_human_review
ru,v1,1,397,414,хоть,хоть,хоть,unknown,хоть,wordfreq:ru,wordfreq_seeded;deterministically_filtered;needs_human_review
ru,v1,1,398,416,будем,будем,будем,unknown,будем,wordfreq:ru,wordfreq_seeded;deterministically_filtered;needs_human_review
ru,v1,1,399,417,жить,жить,жить,unknown,жить,wordfreq:ru,wordfreq_seeded;deterministically_filtered;needs_human_review
ru,v1,1,400,418,компании,компании,компании,unknown,компании,wordfreq:ru,wordfreq_seeded;deterministically_filtered;needs_human_review
ru,v1,1,401,419,минут,минут,минут,unknown,минут,wordfreq:ru,wordfreq_seeded;deterministically_filtered;needs_human_review
ru,v1,1,402,420,моей,моей,моей,unknown,моей,wordfreq:ru,wordfreq_seeded;deterministically_filtered;needs_human_review
ru,v1,1,403,421,новых,новых,новых,unknown,новых,wordfreq:ru,wordfreq_seeded;deterministically_filtered;needs_human_review
ru,v1,1,404,422,одним,одним,одним,unknown,одним,wordfreq:ru,wordfreq_seeded;deterministically_filtered;needs_human_review
ru,v1,1,405,423,первой,первой,первой,unknown,первой,wordfreq:ru,wordfreq_seeded;deterministically_filtered;needs_human_review
ru,v1,1,406,424,пять,пять,пять,unknown,пять,wordfreq:ru,wordfreq_seeded;deterministically_filtered;needs_human_review
ru,v1,1,407,425,р,р,р,unknown,р,wordfreq:ru,wordfreq_seeded;deterministically_filtered;needs_human_review
ru,v1,1,408,426,тыс,тыс,тыс,unknown,тыс,wordfreq:ru,wordfreq_seeded;deterministically_filtered;needs_human_review
ru,v1,1,409,427,февраля,февраля,февраля,unknown,февраля,wordfreq:ru,wordfreq_seeded;deterministically_filtered;needs_human_review
ru,v1,1,410,428,возможность,возможность,возможность,unknown,возможность,wordfreq:ru,wordfreq_seeded;deterministically_filtered;needs_human_review
ru,v1,1,411,429,глаза,глаза,глаза,unknown,глаза,wordfreq:ru,wordfreq_seeded;deterministically_filtered;needs_human_review
ru,v1,1,412,430,места,места,места,unknown,места,wordfreq:ru,wordfreq_seeded;deterministically_filtered;needs_human_review
ru,v1,1,413,431,наконец,наконец,наконец,unknown,наконец,wordfreq:ru,wordfreq_seeded;deterministically_filtered;needs_human_review
ru,v1,1,414,432,наш,наш,наш,unknown,наш,wordfreq:ru,wordfreq_seeded;deterministically_filtered;needs_human_review
ru,v1,1,415,433,новой,новой,новой,unknown,новой,wordfreq:ru,wordfreq_seeded;deterministically_filtered;needs_human_review
ru,v1,1,416,434,роль,роль,роль,unknown,роль,wordfreq:ru,wordfreq_seeded;deterministically_filtered;needs_human_review
ru,v1,1,417,435,городе,городе,городе,unknown,городе,wordfreq:ru,wordfreq_seeded;deterministically_filtered;needs_human_review
ru,v1,1,418,436,ж,ж,ж,unknown,ж,wordfreq:ru,wordfreq_seeded;deterministically_filtered;needs_human_review
ru,v1,1,419,437,история,история,история,unknown,история,wordfreq:ru,wordfreq_seeded;deterministically_filtered;needs_human_review
ru,v1,1,420,438,ноября,ноября,ноября,unknown,ноября,wordfreq:ru,wordfreq_seeded;deterministically_filtered;needs_human_review
ru,v1,1,421,439,решение,решение,решение,unknown,решение,wordfreq:ru,wordfreq_seeded;deterministically_filtered;needs_human_review
ru,v1,1,422,440,тысяч,тысяч,тысяч,unknown,тысяч,wordfreq:ru,wordfreq_seeded;deterministically_filtered;needs_human_review
ru,v1,1,423,441,вопросы,вопросы,вопросы,unknown,вопросы,wordfreq:ru,wordfreq_seeded;deterministically_filtered;needs_human_review
ru,v1,1,424,442,идет,идет,идет,unknown,идет,wordfreq:ru,wordfreq_seeded;deterministically_filtered;needs_human_review
ru,v1,1,425,443,л,л,л,unknown,л,wordfreq:ru,wordfreq_seeded;deterministically_filtered;needs_human_review
ru,v1,1,426,444,находится,находится,находится,unknown,находится,wordfreq:ru,wordfreq_seeded;deterministically_filtered;needs_human_review
ru,v1,1,427,445,опять,опять,опять,unknown,опять,wordfreq:ru,wordfreq_seeded;deterministically_filtered;needs_human_review
ru,v1,1,428,446,работать,работать,работать,unknown,работать,wordfreq:ru,wordfreq_seeded;deterministically_filtered;needs_human_review
ru,v1,1,429,447,работе,работе,работе,unknown,работе,wordfreq:ru,wordfreq_seeded;deterministically_filtered;needs_human_review
ru,v1,1,430,448,районе,районе,районе,unknown,районе,wordfreq:ru,wordfreq_seeded;deterministically_filtered;needs_human_review
ru,v1,1,431,449,скоро,скоро,скоро,unknown,скоро,wordfreq:ru,wordfreq_seeded;deterministically_filtered;needs_human_review
ru,v1,1,432,450,часов,часов,часов,unknown,часов,wordfreq:ru,wordfreq_seeded;deterministically_filtered;needs_human_review
ru,v1,1,433,451,чуть,чуть,чуть,unknown,чуть,wordfreq:ru,wordfreq_seeded;deterministically_filtered;needs_human_review
ru,v1,1,434,452,января,января,января,unknown,января,wordfreq:ru,wordfreq_seeded;deterministically_filtered;needs_human_review
ru,v1,1,435,453,будто,будто,будто,unknown,будто,wordfreq:ru,wordfreq_seeded;deterministically_filtered;needs_human_review
ru,v1,1,436,454,данным,данным,данным,unknown,данным,wordfreq:ru,wordfreq_seeded;deterministically_filtered;needs_human_review
ru,v1,1,437,455,денег,денег,денег,unknown,денег,wordfreq:ru,wordfreq_seeded;deterministically_filtered;needs_human_review
ru,v1,1,438,456,знает,знает,знает,unknown,знает,wordfreq:ru,wordfreq_seeded;deterministically_filtered;needs_human_review
ru,v1,1,439,457,обычно,обычно,обычно,unknown,обычно,wordfreq:ru,wordfreq_seeded;deterministically_filtered;needs_human_review
ru,v1,1,440,458,первого,первого,первого,unknown,первого,wordfreq:ru,wordfreq_seeded;deterministically_filtered;needs_human_review
ru,v1,1,441,459,помощь,помощь,помощь,unknown,помощь,wordfreq:ru,wordfreq_seeded;deterministically_filtered;needs_human_review
ru,v1,1,442,460,поскольку,поскольку,поскольку,unknown,поскольку,wordfreq:ru,wordfreq_seeded;deterministically_filtered;needs_human_review
ru,v1,1,443,461,происходит,происходит,происходит,unknown,происходит,wordfreq:ru,wordfreq_seeded;deterministically_filtered;needs_human_review
ru,v1,1,444,462,республики,республики,республики,unknown,республики,wordfreq:ru,wordfreq_seeded;deterministically_filtered;needs_human_review
ru,v1,1,445,463,августа,августа,августа,unknown,августа,wordfreq:ru,wordfreq_seeded;deterministically_filtered;needs_human_review
ru,v1,1,446,464,дальше,дальше,дальше,unknown,дальше,wordfreq:ru,wordfreq_seeded;deterministically_filtered;needs_human_review
ru,v1,1,447,465,декабря,декабря,декабря,unknown,декабря,wordfreq:ru,wordfreq_seeded;deterministically_filtered;needs_human_review
ru,v1,1,448,466,деятельности,деятельности,деятельности,unknown,деятельности,wordfreq:ru,wordfreq_seeded;deterministically_filtered;needs_human_review
ru,v1,1,449,467,кому,кому,кому,unknown,кому,wordfreq:ru,wordfreq_seeded;deterministically_filtered;needs_human_review
ru,v1,1,450,468,могли,могли,могли,unknown,могли,wordfreq:ru,wordfreq_seeded;deterministically_filtered;needs_human_review
ru,v1,1,451,469,наших,наших,наших,unknown,наших,wordfreq:ru,wordfreq_seeded;deterministically_filtered;needs_human_review
ru,v1,1,452,470,нравится,нравится,нравится,unknown,нравится,wordfreq:ru,wordfreq_seeded;deterministically_filtered;needs_human_review
ru,v1,1,453,471,особенно,особенно,особенно,unknown,особенно,wordfreq:ru,wordfreq_seeded;deterministically_filtered;needs_human_review
ru,v1,1,454,472,полностью,полностью,полностью,unknown,полностью,wordfreq:ru,wordfreq_seeded;deterministically_filtered;needs_human_review
ru,v1,1,455,473,сама,сама,сама,unknown,сама,wordfreq:ru,wordfreq_seeded;deterministically_filtered;needs_human_review
ru,v1,1,456,474,сами,сами,сами,unknown,сами,wordfreq:ru,wordfreq_seeded;deterministically_filtered;needs_human_review
ru,v1,1,457,475,самый,самый,самый,unknown,самый,wordfreq:ru,wordfreq_seeded;deterministically_filtered;needs_human_review
ru,v1,1,458,476,сильно,сильно,сильно,unknown,сильно,wordfreq:ru,wordfreq_seeded;deterministically_filtered;needs_human_review
ru,v1,1,459,477,четыре,четыре,четыре,unknown,четыре,wordfreq:ru,wordfreq_seeded;deterministically_filtered;needs_human_review
ru,v1,1,460,478,число,число,число,unknown,число,wordfreq:ru,wordfreq_seeded;deterministically_filtered;needs_human_review
ru,v1,1,461,479,женщина,женщина,женщина,unknown,женщина,wordfreq:ru,wordfreq_seeded;deterministically_filtered;needs_human_review
ru,v1,1,462,480,меньше,меньше,меньше,unknown,меньше,wordfreq:ru,wordfreq_seeded;deterministically_filtered;needs_human_review
ru,v1,1,463,481,москвы,москвы,москвы,unknown,москвы,wordfreq:ru,wordfreq_seeded;deterministically_filtered;needs_human_review
ru,v1,1,464,482,отношения,отношения,отношения,unknown,отношения,wordfreq:ru,wordfreq_seeded;deterministically_filtered;needs_human_review
ru,v1,1,465,483,последний,последний,последний,unknown,последний,wordfreq:ru,wordfreq_seeded;deterministically_filtered;needs_human_review
ru,v1,1,466,484,работает,работает,работает,unknown,работает,wordfreq:ru,wordfreq_seeded;deterministically_filtered;needs_human_review
ru,v1,1,467,485,сайт,сайт,сайт,unknown,сайт,wordfreq:ru,wordfreq_seeded;deterministically_filtered;needs_human_review
ru,v1,1,468,486,самых,самых,самых,unknown,самых,wordfreq:ru,wordfreq_seeded;deterministically_filtered;needs_human_review
ru,v1,1,469,487,сын,сын,сын,unknown,сын,wordfreq:ru,wordfreq_seeded;deterministically_filtered;needs_human_review
ru,v1,1,470,488,всей,всей,всей,unknown,всей,wordfreq:ru,wordfreq_seeded;deterministically_filtered;needs_human_review
ru,v1,1,471,489,европы,европы,европы,unknown,европы,wordfreq:ru,wordfreq_seeded;deterministically_filtered;needs_human_review
ru,v1,1,472,490,книги,книги,книги,unknown,книги,wordfreq:ru,wordfreq_seeded;deterministically_filtered;needs_human_review
ru,v1,1,473,491,мало,мало,мало,unknown,мало,wordfreq:ru,wordfreq_seeded;deterministically_filtered;needs_human_review
ru,v1,1,474,492,мама,мама,мама,unknown,мама,wordfreq:ru,wordfreq_seeded;deterministically_filtered;needs_human_review
ru,v1,1,475,493,начале,начале,начале,unknown,начале,wordfreq:ru,wordfreq_seeded;deterministically_filtered;needs_human_review
ru,v1,1,476,494,несмотря,несмотря,несмотря,unknown,несмотря,wordfreq:ru,wordfreq_seeded;deterministically_filtered;needs_human_review
ru,v1,1,477,495,право,право,право,unknown,право,wordfreq:ru,wordfreq_seeded;deterministically_filtered;needs_human_review
ru,v1,1,478,496,скорее,скорее,скорее,unknown,скорее,wordfreq:ru,wordfreq_seeded;deterministically_filtered;needs_human_review
ru,v1,1,479,497,состав,состав,состав,unknown,состав,wordfreq:ru,wordfreq_seeded;deterministically_filtered;needs_human_review
ru,v1,1,480,498,украине,украине,украине,unknown,украине,wordfreq:ru,wordfreq_seeded;deterministically_filtered;needs_human_review
ru,v1,1,481,499,долго,долго,долго,unknown,долго,wordfreq:ru,wordfreq_seeded;deterministically_filtered;needs_human_review
ru,v1,1,482,500,июня,июня,июня,unknown,июня,wordfreq:ru,wordfreq_seeded;deterministically_filtered;needs_human_review
ru,v1,1,483,501,наиболее,наиболее,наиболее,unknown,наиболее,wordfreq:ru,wordfreq_seeded;deterministically_filtered;needs_human_review
ru,v1,1,484,502,нем,нем,нем,unknown,нем,wordfreq:ru,wordfreq_seeded;deterministically_filtered;needs_human_review
ru,v1,1,485,503,ними,ними,ними,unknown,ними,wordfreq:ru,wordfreq_seeded;deterministically_filtered;needs_human_review
ru,v1,1,486,504,октября,октября,октября,unknown,октября,wordfreq:ru,wordfreq_seeded;deterministically_filtered;needs_human_review
ru,v1,1,487,505,президент,президент,президент,unknown,президент,wordfreq:ru,wordfreq_seeded;deterministically_filtered;needs_human_review
ru,v1,1,488,506,прямо,прямо,прямо,unknown,прямо,wordfreq:ru,wordfreq_seeded;deterministically_filtered;needs_human_review
ru,v1,1,489,507,пути,пути,пути,unknown,пути,wordfreq:ru,wordfreq_seeded;deterministically_filtered;needs_human_review
ru,v1,1,490,508,сил,сил,сил,unknown,сил,wordfreq:ru,wordfreq_seeded;deterministically_filtered;needs_human_review
ru,v1,1,491,509,виде,виде,виде,unknown,виде,wordfreq:ru,wordfreq_seeded;deterministically_filtered;needs_human_review
ru,v1,1,492,510,вся,вся,вся,unknown,вся,wordfreq:ru,wordfreq_seeded;deterministically_filtered;needs_human_review
ru,v1,1,493,511,группа,группа,группа,unknown,группа,wordfreq:ru,wordfreq_seeded;deterministically_filtered;needs_human_review
ru,v1,1,494,512,данные,данные,данные,unknown,данные,wordfreq:ru,wordfreq_seeded;deterministically_filtered;needs_human_review
ru,v1,1,495,513,друга,друга,друга,unknown,друга,wordfreq:ru,wordfreq_seeded;deterministically_filtered;needs_human_review
ru,v1,1,496,514,имени,имени,имени,unknown,имени,wordfreq:ru,wordfreq_seeded;deterministically_filtered;needs_human_review
ru,v1,1,497,515,последние,последние,последние,unknown,последние,wordfreq:ru,wordfreq_seeded;deterministically_filtered;needs_human_review
ru,v1,1,498,516,прежде,прежде,прежде,unknown,прежде,wordfreq:ru,wordfreq_seeded;deterministically_filtered;needs_human_review
ru,v1,1,499,517,сборной,сборной,сборной,unknown,сборной,wordfreq:ru,wordfreq_seeded;deterministically_filtered;needs_human_review
ru,v1,1,500,518,слово,слово,слово,unknown,слово,wordfreq:ru,wordfreq_seeded;deterministically_filtered;needs_human_review
ru,v1,1,501,519,стран,стран,стран,unknown,стран,wordfreq:ru,wordfreq_seeded;deterministically_filtered;needs_human_review
ru,v1,1,502,520,благодаря,благодаря,благодаря,unknown,благодаря,wordfreq:ru,wordfreq_seeded;deterministically_filtered;needs_human_review
ru,v1,1,503,521,владимир,владимир,владимир,unknown,владимир,wordfreq:ru,wordfreq_seeded;deterministically_filtered;needs_human_review
ru,v1,1,504,522,вместо,вместо,вместо,unknown,вместо,wordfreq:ru,wordfreq_seeded;deterministically_filtered;needs_human_review
ru,v1,1,505,523,дети,дети,дети,unknown,дети,wordfreq:ru,wordfreq_seeded;deterministically_filtered;needs_human_review
ru,v1,1,506,524,июля,июля,июля,unknown,июля,wordfreq:ru,wordfreq_seeded;deterministically_filtered;needs_human_review
ru,v1,1,507,525,конца,конца,конца,unknown,конца,wordfreq:ru,wordfreq_seeded;deterministically_filtered;needs_human_review
ru,v1,1,508,526,которым,которым,которым,unknown,которым,wordfreq:ru,wordfreq_seeded;deterministically_filtered;needs_human_review
ru,v1,1,509,527,одну,одну,одну,unknown,одну,wordfreq:ru,wordfreq_seeded;deterministically_filtered;needs_human_review
ru,v1,1,510,528,отец,отец,отец,unknown,отец,wordfreq:ru,wordfreq_seeded;deterministically_filtered;needs_human_review
ru,v1,1,511,529,плохо,плохо,плохо,unknown,плохо,wordfreq:ru,wordfreq_seeded;deterministically_filtered;needs_human_review
ru,v1,1,512,530,получить,получить,получить,unknown,получить,wordfreq:ru,wordfreq_seeded;deterministically_filtered;needs_human_review
ru,v1,1,513,531,развитие,развитие,развитие,unknown,развитие,wordfreq:ru,wordfreq_seeded;deterministically_filtered;needs_human_review
ru,v1,1,514,532,российский,российский,российский,unknown,российский,wordfreq:ru,wordfreq_seeded;deterministically_filtered;needs_human_review
ru,v1,1,515,533,сайте,сайте,сайте,unknown,сайте,wordfreq:ru,wordfreq_seeded;deterministically_filtered;needs_human_review
ru,v1,1,516,534,сказала,сказала,сказала,unknown,сказала,wordfreq:ru,wordfreq_seeded;deterministically_filtered;needs_human_review
ru,v1,1,517,535,сначала,сначала,сначала,unknown,сначала,wordfreq:ru,wordfreq_seeded;deterministically_filtered;needs_human_review
ru,v1,1,518,536,таки,таки,таки,unknown,таки,wordfreq:ru,wordfreq_seeded;deterministically_filtered;needs_human_review
ru,v1,1,519,537,вокруг,вокруг,вокруг,unknown,вокруг,wordfreq:ru,wordfreq_seeded;deterministically_filtered;needs_human_review
ru,v1,1,520,538,вроде,вроде,вроде,unknown,вроде,wordfreq:ru,wordfreq_seeded;deterministically_filtered;needs_human_review
ru,v1,1,521,539,государства,государства,государства,unknown,государства,wordfreq:ru,wordfreq_seeded;deterministically_filtered;needs_human_review
ru,v1,1,522,540,движения,движения,движения,unknown,движения,wordfreq:ru,wordfreq_seeded;deterministically_filtered;needs_human_review
ru,v1,1,523,541,домой,домой,домой,unknown,домой,wordfreq:ru,wordfreq_seeded;deterministically_filtered;needs_human_review
ru,v1,1,524,542,женщины,женщины,женщины,unknown,женщины,wordfreq:ru,wordfreq_seeded;deterministically_filtered;needs_human_review
ru,v1,1,525,543,закон,закон,закон,unknown,закон,wordfreq:ru,wordfreq_seeded;deterministically_filtered;needs_human_review
ru,v1,1,526,544,культуры,культуры,культуры,unknown,культуры,wordfreq:ru,wordfreq_seeded;deterministically_filtered;needs_human_review
ru,v1,1,527,545,многих,многих,многих,unknown,многих,wordfreq:ru,wordfreq_seeded;deterministically_filtered;needs_human_review
ru,v1,1,528,546,настоящее,настоящее,настоящее,unknown,настоящее,wordfreq:ru,wordfreq_seeded;deterministically_filtered;needs_human_review
ru,v1,1,529,547,образования,образования,образования,unknown,образования,wordfreq:ru,wordfreq_seeded;deterministically_filtered;needs_human_review
ru,v1,1,530,548,первые,первые,первые,unknown,первые,wordfreq:ru,wordfreq_seeded;deterministically_filtered;needs_human_review
ru,v1,1,531,549,первых,первых,первых,unknown,первых,wordfreq:ru,wordfreq_seeded;deterministically_filtered;needs_human_review
ru,v1,1,532,550,самого,самого,самого,unknown,самого,wordfreq:ru,wordfreq_seeded;deterministically_filtered;needs_human_review
ru,v1,1,533,551,силы,силы,силы,unknown,силы,wordfreq:ru,wordfreq_seeded;deterministically_filtered;needs_human_review
ru,v1,1,534,552,система,система,система,unknown,система,wordfreq:ru,wordfreq_seeded;deterministically_filtered;needs_human_review
ru,v1,1,535,553,удалось,удалось,удалось,unknown,удалось,wordfreq:ru,wordfreq_seeded;deterministically_filtered;needs_human_review
ru,v1,1,536,554,уровень,уровень,уровень,unknown,уровень,wordfreq:ru,wordfreq_seeded;deterministically_filtered;needs_human_review
ru,v1,1,537,555,являются,являются,являются,unknown,являются,wordfreq:ru,wordfreq_seeded;deterministically_filtered;needs_human_review
ru,v1,1,538,556,вновь,вновь,вновь,unknown,вновь,wordfreq:ru,wordfreq_seeded;deterministically_filtered;needs_human_review
ru,v1,1,539,557,германии,германии,германии,unknown,германии,wordfreq:ru,wordfreq_seeded;deterministically_filtered;needs_human_review
ru,v1,1,540,558,известно,известно,известно,unknown,известно,wordfreq:ru,wordfreq_seeded;deterministically_filtered;needs_human_review
ru,v1,1,541,559,команды,команды,команды,unknown,команды,wordfreq:ru,wordfreq_seeded;deterministically_filtered;needs_human_review
ru,v1,1,542,560,мать,мать,мать,unknown,мать,wordfreq:ru,wordfreq_seeded;deterministically_filtered;needs_human_review
ru,v1,1,543,561,сделал,сделал,сделал,unknown,сделал,wordfreq:ru,wordfreq_seeded;deterministically_filtered;needs_human_review
ru,v1,1,544,562,сердце,сердце,сердце,unknown,сердце,wordfreq:ru,wordfreq_seeded;deterministically_filtered;needs_human_review
ru,v1,1,545,563,следует,следует,следует,unknown,следует,wordfreq:ru,wordfreq_seeded;deterministically_filtered;needs_human_review
ru,v1,1,546,564,столько,столько,столько,unknown,столько,wordfreq:ru,wordfreq_seeded;deterministically_filtered;needs_human_review
ru,v1,1,547,565,центр,центр,центр,unknown,центр,wordfreq:ru,wordfreq_seeded;deterministically_filtered;needs_human_review
ru,v1,1,548,566,э,э,э,unknown,э,wordfreq:ru,wordfreq_seeded;deterministically_filtered;needs_human_review
ru,v1,1,549,568,важно,важно,важно,unknown,важно,wordfreq:ru,wordfreq_seeded;deterministically_filtered;needs_human_review
ru,v1,1,550,569,действия,действия,действия,unknown,действия,wordfreq:ru,wordfreq_seeded;deterministically_filtered;needs_human_review
ru,v1,1,551,570,довольно,довольно,довольно,unknown,довольно,wordfreq:ru,wordfreq_seeded;deterministically_filtered;needs_human_review
ru,v1,1,552,571,доме,доме,доме,unknown,доме,wordfreq:ru,wordfreq_seeded;deterministically_filtered;needs_human_review
ru,v1,1,553,572,кстати,кстати,кстати,unknown,кстати,wordfreq:ru,wordfreq_seeded;deterministically_filtered;needs_human_review
ru,v1,1,554,573,лицо,лицо,лицо,unknown,лицо,wordfreq:ru,wordfreq_seeded;deterministically_filtered;needs_human_review
ru,v1,1,555,574,любовь,любовь,любовь,unknown,любовь,wordfreq:ru,wordfreq_seeded;deterministically_filtered;needs_human_review
ru,v1,1,556,575,наверное,наверное,наверное,unknown,наверное,wordfreq:ru,wordfreq_seeded;deterministically_filtered;needs_human_review
ru,v1,1,557,576,ответ,ответ,ответ,unknown,ответ,wordfreq:ru,wordfreq_seeded;deterministically_filtered;needs_human_review
ru,v1,1,558,577,понимаю,понимаю,понимаю,unknown,понимаю,wordfreq:ru,wordfreq_seeded;deterministically_filtered;needs_human_review
ru,v1,1,559,578,постоянно,постоянно,постоянно,unknown,постоянно,wordfreq:ru,wordfreq_seeded;deterministically_filtered;needs_human_review
ru,v1,1,560,579,правильно,правильно,правильно,unknown,правильно,wordfreq:ru,wordfreq_seeded;deterministically_filtered;needs_human_review
ru,v1,1,561,580,ранее,ранее,ранее,unknown,ранее,wordfreq:ru,wordfreq_seeded;deterministically_filtered;needs_human_review
ru,v1,1,562,581,ряд,ряд,ряд,unknown,ряд,wordfreq:ru,wordfreq_seeded;deterministically_filtered;needs_human_review
ru,v1,1,563,582,своими,своими,своими,unknown,своими,wordfreq:ru,wordfreq_seeded;deterministically_filtered;needs_human_review
ru,v1,1,564,583,та,та,та,unknown,та,wordfreq:ru,wordfreq_seeded;deterministically_filtered;needs_human_review
ru,v1,1,565,584,той,той,той,unknown,той,wordfreq:ru,wordfreq_seeded;deterministically_filtered;needs_human_review
ru,v1,1,566,585,частности,частности,частности,unknown,частности,wordfreq:ru,wordfreq_seeded;deterministically_filtered;needs_human_review
ru,v1,1,567,586,армии,армии,армии,unknown,армии,wordfreq:ru,wordfreq_seeded;deterministically_filtered;needs_human_review
ru,v1,1,568,587,безопасности,безопасности,безопасности,unknown,безопасности,wordfreq:ru,wordfreq_seeded;deterministically_filtered;needs_human_review
ru,v1,1,569,588,большое,большое,большое,unknown,большое,wordfreq:ru,wordfreq_seeded;deterministically_filtered;needs_human_review
ru,v1,1,570,589,воды,воды,воды,unknown,воды,wordfreq:ru,wordfreq_seeded;deterministically_filtered;needs_human_review
ru,v1,1,571,590,главное,главное,главное,unknown,главное,wordfreq:ru,wordfreq_seeded;deterministically_filtered;needs_human_review
ru,v1,1,572,591,говорил,говорил,говорил,unknown,говорил,wordfreq:ru,wordfreq_seeded;deterministically_filtered;needs_human_review
ru,v1,1,573,592,надеюсь,надеюсь,надеюсь,unknown,надеюсь,wordfreq:ru,wordfreq_seeded;deterministically_filtered;needs_human_review
ru,v1,1,574,593,нами,нами,нами,unknown,нами,wordfreq:ru,wordfreq_seeded;deterministically_filtered;needs_human_review
ru,v1,1,575,594,одном,одном,одном,unknown,одном,wordfreq:ru,wordfreq_seeded;deterministically_filtered;needs_human_review
ru,v1,1,576,595,помощи,помощи,помощи,unknown,помощи,wordfreq:ru,wordfreq_seeded;deterministically_filtered;needs_human_review
ru,v1,1,577,596,результаты,результаты,результаты,unknown,результаты,wordfreq:ru,wordfreq_seeded;deterministically_filtered;needs_human_review
ru,v1,1,578,597,самым,самым,самым,unknown,самым,wordfreq:ru,wordfreq_seeded;deterministically_filtered;needs_human_review
ru,v1,1,579,598,сергей,сергей,сергей,unknown,сергей,wordfreq:ru,wordfreq_seeded;deterministically_filtered;needs_human_review
ru,v1,1,580,599,станет,станет,станет,unknown,станет,wordfreq:ru,wordfreq_seeded;deterministically_filtered;needs_human_review
ru,v1,1,581,600,стране,стране,стране,unknown,стране,wordfreq:ru,wordfreq_seeded;deterministically_filtered;needs_human_review
ru,v1,1,582,601,хотел,хотел,хотел,unknown,хотел,wordfreq:ru,wordfreq_seeded;deterministically_filtered;needs_human_review
ru,v1,1,583,602,какое,какое,какое,unknown,какое,wordfreq:ru,wordfreq_seeded;deterministically_filtered;needs_human_review
ru,v1,1,584,603,компания,компания,компания,unknown,компания,wordfreq:ru,wordfreq_seeded;deterministically_filtered;needs_human_review
ru,v1,1,585,604,лучший,лучший,лучший,unknown,лучший,wordfreq:ru,wordfreq_seeded;deterministically_filtered;needs_human_review
ru,v1,1,586,605,нашего,нашего,нашего,unknown,нашего,wordfreq:ru,wordfreq_seeded;deterministically_filtered;needs_human_review
ru,v1,1,587,606,общества,общества,общества,unknown,общества,wordfreq:ru,wordfreq_seeded;deterministically_filtered;needs_human_review
ru,v1,1,588,607,понять,понять,понять,unknown,понять,wordfreq:ru,wordfreq_seeded;deterministically_filtered;needs_human_review
ru,v1,1,589,608,сих,сих,сих,unknown,сих,wordfreq:ru,wordfreq_seeded;deterministically_filtered;needs_human_review
ru,v1,1,590,609,список,список,список,unknown,список,wordfreq:ru,wordfreq_seeded;deterministically_filtered;needs_human_review
ru,v1,1,591,610,счет,счет,счет,unknown,счет,wordfreq:ru,wordfreq_seeded;deterministically_filtered;needs_human_review
ru,v1,1,592,611,тобой,тобой,тобой,unknown,тобой,wordfreq:ru,wordfreq_seeded;deterministically_filtered;needs_human_review
ru,v1,1,593,612,туда,туда,туда,unknown,туда,wordfreq:ru,wordfreq_seeded;deterministically_filtered;needs_human_review
ru,v1,1,594,613,центра,центра,центра,unknown,центра,wordfreq:ru,wordfreq_seeded;deterministically_filtered;needs_human_review
ru,v1,1,595,614,час,час,час,unknown,час,wordfreq:ru,wordfreq_seeded;deterministically_filtered;needs_human_review
ru,v1,1,596,615,школы,школы,школы,unknown,школы,wordfreq:ru,wordfreq_seeded;deterministically_filtered;needs_human_review
ru,v1,1,597,617,автор,автор,автор,unknown,автор,wordfreq:ru,wordfreq_seeded;deterministically_filtered;needs_human_review
ru,v1,1,598,618,вид,вид,вид,unknown,вид,wordfreq:ru,wordfreq_seeded;deterministically_filtered;needs_human_review
ru,v1,1,599,619,гг,гг,гг,unknown,гг,wordfreq:ru,wordfreq_seeded;deterministically_filtered;needs_human_review
ru,v1,1,600,620,глава,глава,глава,unknown,глава,wordfreq:ru,wordfreq_seeded;deterministically_filtered;needs_human_review
ru,v1,1,601,621,голову,голову,голову,unknown,голову,wordfreq:ru,wordfreq_seeded;deterministically_filtered;needs_human_review
ru,v1,1,602,622,земли,земли,земли,unknown,земли,wordfreq:ru,wordfreq_seeded;deterministically_filtered;needs_human_review
ru,v1,1,603,623,играть,играть,играть,unknown,играть,wordfreq:ru,wordfreq_seeded;deterministically_filtered;needs_human_review
ru,v1,1,604,624,мое,мое,мое,unknown,мое,wordfreq:ru,wordfreq_seeded;deterministically_filtered;needs_human_review
ru,v1,1,605,625,начал,начал,начал,unknown,начал,wordfreq:ru,wordfreq_seeded;deterministically_filtered;needs_human_review
ru,v1,1,606,626,необходимо,необходимо,необходимо,unknown,необходимо,wordfreq:ru,wordfreq_seeded;deterministically_filtered;needs_human_review
ru,v1,1,607,627,привет,привет,привет,unknown,привет,wordfreq:ru,wordfreq_seeded;deterministically_filtered;needs_human_review
ru,v1,1,608,628,путь,путь,путь,unknown,путь,wordfreq:ru,wordfreq_seeded;deterministically_filtered;needs_human_review
ru,v1,1,609,629,руб,руб,руб,unknown,руб,wordfreq:ru,wordfreq_seeded;deterministically_filtered;needs_human_review
ru,v1,1,610,630,своем,своем,своем,unknown,своем,wordfreq:ru,wordfreq_seeded;deterministically_filtered;needs_human_review
ru,v1,1,611,631,совершенно,совершенно,совершенно,unknown,совершенно,wordfreq:ru,wordfreq_seeded;deterministically_filtered;needs_human_review
ru,v1,1,612,632,утром,утром,утром,unknown,утром,wordfreq:ru,wordfreq_seeded;deterministically_filtered;needs_human_review
ru,v1,1,613,633,долларов,долларов,долларов,unknown,долларов,wordfreq:ru,wordfreq_seeded;deterministically_filtered;needs_human_review
ru,v1,1,614,634,наша,наша,наша,unknown,наша,wordfreq:ru,wordfreq_seeded;deterministically_filtered;needs_human_review
ru,v1,1,615,635,пожалуйста,пожалуйста,пожалуйста,unknown,пожалуйста,wordfreq:ru,wordfreq_seeded;deterministically_filtered;needs_human_review
ru,v1,1,616,636,позже,позже,позже,unknown,позже,wordfreq:ru,wordfreq_seeded;deterministically_filtered;needs_human_review
ru,v1,1,617,637,прав,прав,прав,unknown,прав,wordfreq:ru,wordfreq_seeded;deterministically_filtered;needs_human_review
ru,v1,1,618,638,правительства,правительства,правительства,unknown,правительства,wordfreq:ru,wordfreq_seeded;deterministically_filtered;needs_human_review
ru,v1,1,619,639,проект,проект,проект,unknown,проект,wordfreq:ru,wordfreq_seeded;deterministically_filtered;needs_human_review
ru,v1,1,620,640,произошло,произошло,произошло,unknown,произошло,wordfreq:ru,wordfreq_seeded;deterministically_filtered;needs_human_review
ru,v1,1,621,641,раза,раза,раза,unknown,раза,wordfreq:ru,wordfreq_seeded;deterministically_filtered;needs_human_review
ru,v1,1,622,642,русский,русский,русский,unknown,русский,wordfreq:ru,wordfreq_seeded;deterministically_filtered;needs_human_review
ru,v1,1,623,643,самой,самой,самой,unknown,самой,wordfreq:ru,wordfreq_seeded;deterministically_filtered;needs_human_review
ru,v1,1,624,644,составляет,составляет,составляет,unknown,составляет,wordfreq:ru,wordfreq_seeded;deterministically_filtered;needs_human_review
ru,v1,1,625,645,средств,средств,средств,unknown,средств,wordfreq:ru,wordfreq_seeded;deterministically_filtered;needs_human_review
ru,v1,1,626,646,становится,становится,становится,unknown,становится,wordfreq:ru,wordfreq_seeded;deterministically_filtered;needs_human_review
ru,v1,1,627,647,вдруг,вдруг,вдруг,unknown,вдруг,wordfreq:ru,wordfreq_seeded;deterministically_filtered;needs_human_review
ru,v1,1,628,648,вечером,вечером,вечером,unknown,вечером,wordfreq:ru,wordfreq_seeded;deterministically_filtered;needs_human_review
ru,v1,1,629,649,женщин,женщин,женщин,unknown,женщин,wordfreq:ru,wordfreq_seeded;deterministically_filtered;needs_human_review
ru,v1,1,630,650,игра,игра,игра,unknown,игра,wordfreq:ru,wordfreq_seeded;deterministically_filtered;needs_human_review
ru,v1,1,631,651,использовать,использовать,использовать,unknown,использовать,wordfreq:ru,wordfreq_seeded;deterministically_filtered;needs_human_review
ru,v1,1,632,652,любой,любой,любой,unknown,любой,wordfreq:ru,wordfreq_seeded;deterministically_filtered;needs_human_review
ru,v1,1,633,653,нью,нью,нью,unknown,нью,wordfreq:ru,wordfreq_seeded;deterministically_filtered;needs_human_review
ru,v1,1,634,654,первая,первая,первая,unknown,первая,wordfreq:ru,wordfreq_seeded;deterministically_filtered;needs_human_review
ru,v1,1,635,655,примерно,примерно,примерно,unknown,примерно,wordfreq:ru,wordfreq_seeded;deterministically_filtered;needs_human_review
ru,v1,1,636,656,программы,программы,программы,unknown,программы,wordfreq:ru,wordfreq_seeded;deterministically_filtered;needs_human_review
ru,v1,1,637,657,работ,работ,работ,unknown,работ,wordfreq:ru,wordfreq_seeded;deterministically_filtered;needs_human_review
ru,v1,1,638,658,решения,решения,решения,unknown,решения,wordfreq:ru,wordfreq_seeded;deterministically_filtered;needs_human_review
ru,v1,1,639,659,степени,степени,степени,unknown,степени,wordfreq:ru,wordfreq_seeded;deterministically_filtered;needs_human_review
ru,v1,1,640,660,большая,большая,большая,unknown,большая,wordfreq:ru,wordfreq_seeded;deterministically_filtered;needs_human_review
ru,v1,1,641,661,возможности,возможности,возможности,unknown,возможности,wordfreq:ru,wordfreq_seeded;deterministically_filtered;needs_human_review
ru,v1,1,642,662,жителей,жителей,жителей,unknown,жителей,wordfreq:ru,wordfreq_seeded;deterministically_filtered;needs_human_review
ru,v1,1,643,663,имеют,имеют,имеют,unknown,имеют,wordfreq:ru,wordfreq_seeded;deterministically_filtered;needs_human_review
ru,v1,1,644,664,кино,кино,кино,unknown,кино,wordfreq:ru,wordfreq_seeded;deterministically_filtered;needs_human_review
ru,v1,1,645,665,легко,легко,легко,unknown,легко,wordfreq:ru,wordfreq_seeded;deterministically_filtered;needs_human_review
ru,v1,1,646,666,мере,мере,мере,unknown,мере,wordfreq:ru,wordfreq_seeded;deterministically_filtered;needs_human_review
ru,v1,1,647,667,очередь,очередь,очередь,unknown,очередь,wordfreq:ru,wordfreq_seeded;deterministically_filtered;needs_human_review
ru,v1,1,648,668,производства,производства,производства,unknown,производства,wordfreq:ru,wordfreq_seeded;deterministically_filtered;needs_human_review
ru,v1,1,649,669,сезон,сезон,сезон,unknown,сезон,wordfreq:ru,wordfreq_seeded;deterministically_filtered;needs_human_review
ru,v1,1,650,670,семьи,семьи,семьи,unknown,семьи,wordfreq:ru,wordfreq_seeded;deterministically_filtered;needs_human_review
ru,v1,1,651,671,сможет,сможет,сможет,unknown,сможет,wordfreq:ru,wordfreq_seeded;deterministically_filtered;needs_human_review
ru,v1,1,652,673,выше,выше,выше,unknown,выше,wordfreq:ru,wordfreq_seeded;deterministically_filtered;needs_human_review
ru,v1,1,653,674,главный,главный,главный,unknown,главный,wordfreq:ru,wordfreq_seeded;deterministically_filtered;needs_human_review
ru,v1,1,654,675,государственной,государственной,государственной,unknown,государственной,wordfreq:ru,wordfreq_seeded;deterministically_filtered;needs_human_review
ru,v1,1,655,676,некоторых,некоторых,некоторых,unknown,некоторых,wordfreq:ru,wordfreq_seeded;deterministically_filtered;needs_human_review
ru,v1,1,656,677,новая,новая,новая,unknown,новая,wordfreq:ru,wordfreq_seeded;deterministically_filtered;needs_human_review
ru,v1,1,657,678,первую,первую,первую,unknown,первую,wordfreq:ru,wordfreq_seeded;deterministically_filtered;needs_human_review
ru,v1,1,658,679,победы,победы,победы,unknown,победы,wordfreq:ru,wordfreq_seeded;deterministically_filtered;needs_human_review
ru,v1,1,659,680,поле,поле,поле,unknown,поле,wordfreq:ru,wordfreq_seeded;deterministically_filtered;needs_human_review
ru,v1,1,660,681,президента,президента,президента,unknown,президента,wordfreq:ru,wordfreq_seeded;deterministically_filtered;needs_human_review
ru,v1,1,661,682,путин,путин,путин,unknown,путин,wordfreq:ru,wordfreq_seeded;deterministically_filtered;needs_human_review
ru,v1,1,662,683,разных,разных,разных,unknown,разных,wordfreq:ru,wordfreq_seeded;deterministically_filtered;needs_human_review
ru,v1,1,663,684,района,района,района,unknown,района,wordfreq:ru,wordfreq_seeded;deterministically_filtered;needs_human_review
ru,v1,1,664,685,ребенка,ребенка,ребенка,unknown,ребенка,wordfreq:ru,wordfreq_seeded;deterministically_filtered;needs_human_review
ru,v1,1,665,686,решил,решил,решил,unknown,решил,wordfreq:ru,wordfreq_seeded;deterministically_filtered;needs_human_review
ru,v1,1,666,687,суд,суд,суд,unknown,суд,wordfreq:ru,wordfreq_seeded;deterministically_filtered;needs_human_review
ru,v1,1,667,688,труда,труда,труда,unknown,труда,wordfreq:ru,wordfreq_seeded;deterministically_filtered;needs_human_review
ru,v1,1,668,689,ходе,ходе,ходе,unknown,ходе,wordfreq:ru,wordfreq_seeded;deterministically_filtered;needs_human_review
ru,v1,1,669,690,хотят,хотят,хотят,unknown,хотят,wordfreq:ru,wordfreq_seeded;deterministically_filtered;needs_human_review
ru,v1,1,670,691,хочешь,хочешь,хочешь,unknown,хочешь,wordfreq:ru,wordfreq_seeded;deterministically_filtered;needs_human_review
ru,v1,1,671,692,честь,честь,честь,unknown,честь,wordfreq:ru,wordfreq_seeded;deterministically_filtered;needs_human_review
ru,v1,1,672,693,шоу,шоу,шоу,unknown,шоу,wordfreq:ru,wordfreq_seeded;deterministically_filtered;needs_human_review
ru,v1,1,673,694,взять,взять,взять,unknown,взять,wordfreq:ru,wordfreq_seeded;deterministically_filtered;needs_human_review
ru,v1,1,674,695,готов,готов,готов,unknown,готов,wordfreq:ru,wordfreq_seeded;deterministically_filtered;needs_human_review
ru,v1,1,675,696,девушка,девушка,девушка,unknown,девушка,wordfreq:ru,wordfreq_seeded;deterministically_filtered;needs_human_review
ru,v1,1,676,697,другим,другим,другим,unknown,другим,wordfreq:ru,wordfreq_seeded;deterministically_filtered;needs_human_review
ru,v1,1,677,698,идти,идти,идти,unknown,идти,wordfreq:ru,wordfreq_seeded;deterministically_filtered;needs_human_review
ru,v1,1,678,699,интересно,интересно,интересно,unknown,интересно,wordfreq:ru,wordfreq_seeded;deterministically_filtered;needs_human_review
ru,v1,1,679,700,информации,информации,информации,unknown,информации,wordfreq:ru,wordfreq_seeded;deterministically_filtered;needs_human_review
ru,v1,1,680,701,км,км,км,unknown,км,wordfreq:ru,wordfreq_seeded;deterministically_filtered;needs_human_review
ru,v1,1,681,702,машины,машины,машины,unknown,машины,wordfreq:ru,wordfreq_seeded;deterministically_filtered;needs_human_review
ru,v1,1,682,703,месяц,месяц,месяц,unknown,месяц,wordfreq:ru,wordfreq_seeded;deterministically_filtered;needs_human_review
ru,v1,1,683,704,мужчина,мужчина,мужчина,unknown,мужчина,wordfreq:ru,wordfreq_seeded;deterministically_filtered;needs_human_review
ru,v1,1,684,705,никаких,никаких,никаких,unknown,никаких,wordfreq:ru,wordfreq_seeded;deterministically_filtered;needs_human_review
ru,v1,1,685,706,ночи,ночи,ночи,unknown,ночи,wordfreq:ru,wordfreq_seeded;deterministically_filtered;needs_human_review
ru,v1,1,686,707,ночью,ночью,ночью,unknown,ночью,wordfreq:ru,wordfreq_seeded;deterministically_filtered;needs_human_review
ru,v1,1,687,708,область,область,область,unknown,область,wordfreq:ru,wordfreq_seeded;deterministically_filtered;needs_human_review
ru,v1,1,688,709,отношении,отношении,отношении,unknown,отношении,wordfreq:ru,wordfreq_seeded;deterministically_filtered;needs_human_review
ru,v1,1,689,710,первое,первое,первое,unknown,первое,wordfreq:ru,wordfreq_seeded;deterministically_filtered;needs_human_review
ru,v1,1,690,711,песни,песни,песни,unknown,песни,wordfreq:ru,wordfreq_seeded;deterministically_filtered;needs_human_review
ru,v1,1,691,712,правительство,правительство,правительство,unknown,правительство,wordfreq:ru,wordfreq_seeded;deterministically_filtered;needs_human_review
ru,v1,1,692,713,различных,различных,различных,unknown,различных,wordfreq:ru,wordfreq_seeded;deterministically_filtered;needs_human_review
ru,v1,1,693,714,рождения,рождения,рождения,unknown,рождения,wordfreq:ru,wordfreq_seeded;deterministically_filtered;needs_human_review
ru,v1,1,694,715,союза,союза,союза,unknown,союза,wordfreq:ru,wordfreq_seeded;deterministically_filtered;needs_human_review
ru,v1,1,695,716,умер,умер,умер,unknown,умер,wordfreq:ru,wordfreq_seeded;deterministically_filtered;needs_human_review
ru,v1,1,696,717,франции,франции,франции,unknown,франции,wordfreq:ru,wordfreq_seeded;deterministically_filtered;needs_human_review
ru,v1,1,697,718,часа,часа,часа,unknown,часа,wordfreq:ru,wordfreq_seeded;deterministically_filtered;needs_human_review
ru,v1,1,698,719,школе,школе,школе,unknown,школе,wordfreq:ru,wordfreq_seeded;deterministically_filtered;needs_human_review
ru,v1,1,699,720,a,a,a,unknown,a,wordfreq:ru,wordfreq_seeded;deterministically_filtered;needs_human_review
ru,v1,1,700,721,большинство,большинство,большинство,unknown,большинство,wordfreq:ru,wordfreq_seeded;deterministically_filtered;needs_human_review
ru,v1,1,701,722,вещи,вещи,вещи,unknown,вещи,wordfreq:ru,wordfreq_seeded;deterministically_filtered;needs_human_review
ru,v1,1,702,723,данных,данных,данных,unknown,данных,wordfreq:ru,wordfreq_seeded;deterministically_filtered;needs_human_review
ru,v1,1,703,724,дел,дел,дел,unknown,дел,wordfreq:ru,wordfreq_seeded;deterministically_filtered;needs_human_review
ru,v1,1,704,725,др,др,др,unknown,др,wordfreq:ru,wordfreq_seeded;deterministically_filtered;needs_human_review
ru,v1,1,705,726,жена,жена,жена,unknown,жена,wordfreq:ru,wordfreq_seeded;deterministically_filtered;needs_human_review
ru,v1,1,706,727,знать,знать,знать,unknown,знать,wordfreq:ru,wordfreq_seeded;deterministically_filtered;needs_human_review
ru,v1,1,707,728,иначе,иначе,иначе,unknown,иначе,wordfreq:ru,wordfreq_seeded;deterministically_filtered;needs_human_review
ru,v1,1,708,729,интернет,интернет,интернет,unknown,интернет,wordfreq:ru,wordfreq_seeded;deterministically_filtered;needs_human_review
ru,v1,1,709,730,кем,кем,кем,unknown,кем,wordfreq:ru,wordfreq_seeded;deterministically_filtered;needs_human_review
ru,v1,1,710,731,клуб,клуб,клуб,unknown,клуб,wordfreq:ru,wordfreq_seeded;deterministically_filtered;needs_human_review
ru,v1,1,711,732,команда,команда,команда,unknown,команда,wordfreq:ru,wordfreq_seeded;deterministically_filtered;needs_human_review
ru,v1,1,712,733,невозможно,невозможно,невозможно,unknown,невозможно,wordfreq:ru,wordfreq_seeded;deterministically_filtered;needs_human_review
ru,v1,1,713,734,новое,новое,новое,unknown,новое,wordfreq:ru,wordfreq_seeded;deterministically_filtered;needs_human_review
ru,v1,1,714,735,первом,первом,первом,unknown,первом,wordfreq:ru,wordfreq_seeded;deterministically_filtered;needs_human_review
ru,v1,1,715,736,последнее,последнее,последнее,unknown,последнее,wordfreq:ru,wordfreq_seeded;deterministically_filtered;needs_human_review
ru,v1,1,716,737,придется,придется,придется,unknown,придется,wordfreq:ru,wordfreq_seeded;deterministically_filtered;needs_human_review
ru,v1,1,717,738,пришлось,пришлось,пришлось,unknown,пришлось,wordfreq:ru,wordfreq_seeded;deterministically_filtered;needs_human_review
ru,v1,1,718,739,речь,речь,речь,unknown,речь,wordfreq:ru,wordfreq_seeded;deterministically_filtered;needs_human_review
ru,v1,1,719,740,серии,серии,серии,unknown,серии,wordfreq:ru,wordfreq_seeded;deterministically_filtered;needs_human_review
ru,v1,1,720,741,сторону,сторону,сторону,unknown,сторону,wordfreq:ru,wordfreq_seeded;deterministically_filtered;needs_human_review
ru,v1,1,721,742,чемпионата,чемпионата,чемпионата,unknown,чемпионата,wordfreq:ru,wordfreq_seeded;deterministically_filtered;needs_human_review
ru,v1,1,722,743,член,член,член,unknown,член,wordfreq:ru,wordfreq_seeded;deterministically_filtered;needs_human_review
ru,v1,1,723,744,чтоб,чтоб,чтоб,unknown,чтоб,wordfreq:ru,wordfreq_seeded;deterministically_filtered;needs_human_review
ru,v1,1,724,745,язык,язык,язык,unknown,язык,wordfreq:ru,wordfreq_seeded;deterministically_filtered;needs_human_review
ru,v1,1,725,746,века,века,века,unknown,века,wordfreq:ru,wordfreq_seeded;deterministically_filtered;needs_human_review
ru,v1,1,726,747,видел,видел,видел,unknown,видел,wordfreq:ru,wordfreq_seeded;deterministically_filtered;needs_human_review
ru,v1,1,727,748,далеко,далеко,далеко,unknown,далеко,wordfreq:ru,wordfreq_seeded;deterministically_filtered;needs_human_review
ru,v1,1,728,749,дать,дать,дать,unknown,дать,wordfreq:ru,wordfreq_seeded;deterministically_filtered;needs_human_review
ru,v1,1,729,750,деятельность,деятельность,деятельность,unknown,деятельность,wordfreq:ru,wordfreq_seeded;deterministically_filtered;needs_human_review
ru,v1,1,730,751,дни,дни,дни,unknown,дни,wordfreq:ru,wordfreq_seeded;deterministically_filtered;needs_human_review
ru,v1,1,731,752,дочь,дочь,дочь,unknown,дочь,wordfreq:ru,wordfreq_seeded;deterministically_filtered;needs_human_review
ru,v1,1,732,753,знаете,знаете,знаете,unknown,знаете,wordfreq:ru,wordfreq_seeded;deterministically_filtered;needs_human_review
ru,v1,1,733,754,иметь,иметь,иметь,unknown,иметь,wordfreq:ru,wordfreq_seeded;deterministically_filtered;needs_human_review
ru,v1,1,734,755,матче,матче,матче,unknown,матче,wordfreq:ru,wordfreq_seeded;deterministically_filtered;needs_human_review
ru,v1,1,735,756,недели,недели,недели,unknown,недели,wordfreq:ru,wordfreq_seeded;deterministically_filtered;needs_human_review
ru,v1,1,736,757,неделю,неделю,неделю,unknown,неделю,wordfreq:ru,wordfreq_seeded;deterministically_filtered;needs_human_review
ru,v1,1,737,758,нужен,нужен,нужен,unknown,нужен,wordfreq:ru,wordfreq_seeded;deterministically_filtered;needs_human_review
ru,v1,1,738,759,официальный,официальный,официальный,unknown,официальный,wordfreq:ru,wordfreq_seeded;deterministically_filtered;needs_human_review
ru,v1,1,739,760,первым,первым,первым,unknown,первым,wordfreq:ru,wordfreq_seeded;deterministically_filtered;needs_human_review
ru,v1,1,740,761,практически,практически,практически,unknown,практически,wordfreq:ru,wordfreq_seeded;deterministically_filtered;needs_human_review
ru,v1,1,741,762,проблем,проблем,проблем,unknown,проблем,wordfreq:ru,wordfreq_seeded;deterministically_filtered;needs_human_review
ru,v1,1,742,763,совет,совет,совет,unknown,совет,wordfreq:ru,wordfreq_seeded;deterministically_filtered;needs_human_review
ru,v1,1,743,764,существует,существует,существует,unknown,существует,wordfreq:ru,wordfreq_seeded;deterministically_filtered;needs_human_review
ru,v1,1,744,765,трудно,трудно,трудно,unknown,трудно,wordfreq:ru,wordfreq_seeded;deterministically_filtered;needs_human_review
ru,v1,1,745,766,ф,ф,ф,unknown,ф,wordfreq:ru,wordfreq_seeded;deterministically_filtered;needs_human_review
ru,v1,1,746,767,целью,целью,целью,unknown,целью,wordfreq:ru,wordfreq_seeded;deterministically_filtered;needs_human_review
ru,v1,1,747,768,ю,ю,ю,unknown,ю,wordfreq:ru,wordfreq_seeded;deterministically_filtered;needs_human_review
ru,v1,1,748,769,бизнес,бизнес,бизнес,unknown,бизнес,wordfreq:ru,wordfreq_seeded;deterministically_filtered;needs_human_review
ru,v1,1,749,770,внутри,внутри,внутри,unknown,внутри,wordfreq:ru,wordfreq_seeded;deterministically_filtered;needs_human_review
ru,v1,1,750,771,вполне,вполне,вполне,unknown,вполне,wordfreq:ru,wordfreq_seeded;deterministically_filtered;needs_human_review
ru,v1,1,751,772,делает,делает,делает,unknown,делает,wordfreq:ru,wordfreq_seeded;deterministically_filtered;needs_human_review
ru,v1,1,752,773,каким,каким,каким,unknown,каким,wordfreq:ru,wordfreq_seeded;deterministically_filtered;needs_human_review
ru,v1,1,753,774,класса,класса,класса,unknown,класса,wordfreq:ru,wordfreq_seeded;deterministically_filtered;needs_human_review
ru,v1,1,754,775,книга,книга,книга,unknown,книга,wordfreq:ru,wordfreq_seeded;deterministically_filtered;needs_human_review
ru,v1,1,755,776,людям,людям,людям,unknown,людям,wordfreq:ru,wordfreq_seeded;deterministically_filtered;needs_human_review
ru,v1,1,756,777,начало,начало,начало,unknown,начало,wordfreq:ru,wordfreq_seeded;deterministically_filtered;needs_human_review
ru,v1,1,757,778,одновременно,одновременно,одновременно,unknown,одновременно,wordfreq:ru,wordfreq_seeded;deterministically_filtered;needs_human_review
ru,v1,1,758,779,основе,основе,основе,unknown,основе,wordfreq:ru,wordfreq_seeded;deterministically_filtered;needs_human_review
ru,v1,1,759,780,план,план,план,unknown,план,wordfreq:ru,wordfreq_seeded;deterministically_filtered;needs_human_review
ru,v1,1,760,781,производство,производство,производство,unknown,производство,wordfreq:ru,wordfreq_seeded;deterministically_filtered;needs_human_review
ru,v1,1,761,782,ради,ради,ради,unknown,ради,wordfreq:ru,wordfreq_seeded;deterministically_filtered;needs_human_review
ru,v1,1,762,783,русской,русской,русской,unknown,русской,wordfreq:ru,wordfreq_seeded;deterministically_filtered;needs_human_review
ru,v1,1,763,784,санкт,санкт,санкт,unknown,санкт,wordfreq:ru,wordfreq_seeded;deterministically_filtered;needs_human_review
ru,v1,1,764,785,сети,сети,сети,unknown,сети,wordfreq:ru,wordfreq_seeded;deterministically_filtered;needs_human_review
ru,v1,1,765,786,сми,сми,сми,unknown,сми,wordfreq:ru,wordfreq_seeded;deterministically_filtered;needs_human_review
ru,v1,1,766,787,улице,улице,улице,unknown,улице,wordfreq:ru,wordfreq_seeded;deterministically_filtered;needs_human_review
ru,v1,1,767,788,уровня,уровня,уровня,unknown,уровня,wordfreq:ru,wordfreq_seeded;deterministically_filtered;needs_human_review
ru,v1,1,768,789,центре,центре,центре,unknown,центре,wordfreq:ru,wordfreq_seeded;deterministically_filtered;needs_human_review
ru,v1,1,769,790,ii,ii,ii,unknown,ii,wordfreq:ru,wordfreq_seeded;deterministically_filtered;needs_human_review
ru,v1,1,770,791,другими,другими,другими,unknown,другими,wordfreq:ru,wordfreq_seeded;deterministically_filtered;needs_human_review
ru,v1,1,771,792,друзья,друзья,друзья,unknown,друзья,wordfreq:ru,wordfreq_seeded;deterministically_filtered;needs_human_review
ru,v1,1,772,793,знаешь,знаешь,знаешь,unknown,знаешь,wordfreq:ru,wordfreq_seeded;deterministically_filtered;needs_human_review
ru,v1,1,773,794,каждого,каждого,каждого,unknown,каждого,wordfreq:ru,wordfreq_seeded;deterministically_filtered;needs_human_review
ru,v1,1,774,795,мировой,мировой,мировой,unknown,мировой,wordfreq:ru,wordfreq_seeded;deterministically_filtered;needs_human_review
ru,v1,1,775,796,наук,наук,наук,unknown,наук,wordfreq:ru,wordfreq_seeded;deterministically_filtered;needs_human_review
ru,v1,1,776,797,нескольких,нескольких,нескольких,unknown,нескольких,wordfreq:ru,wordfreq_seeded;deterministically_filtered;needs_human_review
ru,v1,1,777,798,пару,пару,пару,unknown,пару,wordfreq:ru,wordfreq_seeded;deterministically_filtered;needs_human_review
ru,v1,1,778,799,проблема,проблема,проблема,unknown,проблема,wordfreq:ru,wordfreq_seeded;deterministically_filtered;needs_human_review
ru,v1,1,779,800,рамках,рамках,рамках,unknown,рамках,wordfreq:ru,wordfreq_seeded;deterministically_filtered;needs_human_review
ru,v1,1,780,801,самые,самые,самые,unknown,самые,wordfreq:ru,wordfreq_seeded;deterministically_filtered;needs_human_review
ru,v1,1,781,802,семья,семья,семья,unknown,семья,wordfreq:ru,wordfreq_seeded;deterministically_filtered;needs_human_review
ru,v1,1,782,803,силу,силу,силу,unknown,силу,wordfreq:ru,wordfreq_seeded;deterministically_filtered;needs_human_review
ru,v1,1,783,804,ст,ст,ст,unknown,ст,wordfreq:ru,wordfreq_seeded;deterministically_filtered;needs_human_review
ru,v1,1,784,805,строительство,строительство,строительство,unknown,строительство,wordfreq:ru,wordfreq_seeded;deterministically_filtered;needs_human_review
ru,v1,1,785,806,твой,твой,твой,unknown,твой,wordfreq:ru,wordfreq_seeded;deterministically_filtered;needs_human_review
ru,v1,1,786,807,узнать,узнать,узнать,unknown,узнать,wordfreq:ru,wordfreq_seeded;deterministically_filtered;needs_human_review
ru,v1,1,787,808,украина,украина,украина,unknown,украина,wordfreq:ru,wordfreq_seeded;deterministically_filtered;needs_human_review
ru,v1,1,788,809,ч,ч,ч,unknown,ч,wordfreq:ru,wordfreq_seeded;deterministically_filtered;needs_human_review
ru,v1,1,789,810,школу,школу,школу,unknown,школу,wordfreq:ru,wordfreq_seeded;deterministically_filtered;needs_human_review
ru,v1,1,790,811,голос,голос,голос,unknown,голос,wordfreq:ru,wordfreq_seeded;deterministically_filtered;needs_human_review
ru,v1,1,791,812,движение,движение,движение,unknown,движение,wordfreq:ru,wordfreq_seeded;deterministically_filtered;needs_human_review
ru,v1,1,792,813,киев,киев,киев,unknown,киев,wordfreq:ru,wordfreq_seeded;deterministically_filtered;needs_human_review
ru,v1,1,793,814,линии,линии,линии,unknown,линии,wordfreq:ru,wordfreq_seeded;deterministically_filtered;needs_human_review
ru,v1,1,794,815,месяцев,месяцев,месяцев,unknown,месяцев,wordfreq:ru,wordfreq_seeded;deterministically_filtered;needs_human_review
ru,v1,1,795,816,могла,могла,могла,unknown,могла,wordfreq:ru,wordfreq_seeded;deterministically_filtered;needs_human_review
ru,v1,1,796,817,откуда,откуда,откуда,unknown,откуда,wordfreq:ru,wordfreq_seeded;deterministically_filtered;needs_human_review
ru,v1,1,797,818,процесс,процесс,процесс,unknown,процесс,wordfreq:ru,wordfreq_seeded;deterministically_filtered;needs_human_review
ru,v1,1,798,819,свет,свет,свет,unknown,свет,wordfreq:ru,wordfreq_seeded;deterministically_filtered;needs_human_review
ru,v1,1,799,820,составе,составе,составе,unknown,составе,wordfreq:ru,wordfreq_seeded;deterministically_filtered;needs_human_review
ru,v1,1,800,821,средства,средства,средства,unknown,средства,wordfreq:ru,wordfreq_seeded;deterministically_filtered;needs_human_review
ru,v1,1,801,822,сюда,сюда,сюда,unknown,сюда,wordfreq:ru,wordfreq_seeded;deterministically_filtered;needs_human_review
ru,v1,1,802,823,хороший,хороший,хороший,unknown,хороший,wordfreq:ru,wordfreq_seeded;deterministically_filtered;needs_human_review
ru,v1,1,803,824,целом,целом,целом,unknown,целом,wordfreq:ru,wordfreq_seeded;deterministically_filtered;needs_human_review
ru,v1,1,804,825,вышел,вышел,вышел,unknown,вышел,wordfreq:ru,wordfreq_seeded;deterministically_filtered;needs_human_review
ru,v1,1,805,826,игр,игр,игр,unknown,игр,wordfreq:ru,wordfreq_seeded;deterministically_filtered;needs_human_review
ru,v1,1,806,827,игру,игру,игру,unknown,игру,wordfreq:ru,wordfreq_seeded;deterministically_filtered;needs_human_review
ru,v1,1,807,828,комитета,комитета,комитета,unknown,комитета,wordfreq:ru,wordfreq_seeded;deterministically_filtered;needs_human_review
ru,v1,1,808,829,летом,летом,летом,unknown,летом,wordfreq:ru,wordfreq_seeded;deterministically_filtered;needs_human_review
ru,v1,1,809,830,лица,лица,лица,unknown,лица,wordfreq:ru,wordfreq_seeded;deterministically_filtered;needs_human_review
ru,v1,1,810,831,любви,любви,любви,unknown,любви,wordfreq:ru,wordfreq_seeded;deterministically_filtered;needs_human_review
ru,v1,1,811,832,матч,матч,матч,unknown,матч,wordfreq:ru,wordfreq_seeded;deterministically_filtered;needs_human_review
ru,v1,1,812,833,месяца,месяца,месяца,unknown,месяца,wordfreq:ru,wordfreq_seeded;deterministically_filtered;needs_human_review
ru,v1,1,813,834,михаил,михаил,михаил,unknown,михаил,wordfreq:ru,wordfreq_seeded;deterministically_filtered;needs_human_review
ru,v1,1,814,835,мм,мм,мм,unknown,мм,wordfreq:ru,wordfreq_seeded;deterministically_filtered;needs_human_review
ru,v1,1,815,836,народ,народ,народ,unknown,народ,wordfreq:ru,wordfreq_seeded;deterministically_filtered;needs_human_review
ru,v1,1,816,837,ниже,ниже,ниже,unknown,ниже,wordfreq:ru,wordfreq_seeded;deterministically_filtered;needs_human_review
ru,v1,1,817,838,осталось,осталось,осталось,unknown,осталось,wordfreq:ru,wordfreq_seeded;deterministically_filtered;needs_human_review
ru,v1,1,818,839,понял,понял,понял,unknown,понял,wordfreq:ru,wordfreq_seeded;deterministically_filtered;needs_human_review
ru,v1,1,819,840,порядке,порядке,порядке,unknown,порядке,wordfreq:ru,wordfreq_seeded;deterministically_filtered;needs_human_review
ru,v1,1,820,841,рода,рода,рода,unknown,рода,wordfreq:ru,wordfreq_seeded;deterministically_filtered;needs_human_review
ru,v1,1,821,843,андрей,андрей,андрей,unknown,андрей,wordfreq:ru,wordfreq_seeded;deterministically_filtered;needs_human_review
ru,v1,1,822,844,вернулся,вернулся,вернулся,unknown,вернулся,wordfreq:ru,wordfreq_seeded;deterministically_filtered;needs_human_review
ru,v1,1,823,845,вести,вести,вести,unknown,вести,wordfreq:ru,wordfreq_seeded;deterministically_filtered;needs_human_review
ru,v1,1,824,846,власть,власть,власть,unknown,власть,wordfreq:ru,wordfreq_seeded;deterministically_filtered;needs_human_review
ru,v1,1,825,847,другом,другом,другом,unknown,другом,wordfreq:ru,wordfreq_seeded;deterministically_filtered;needs_human_review
ru,v1,1,826,848,историю,историю,историю,unknown,историю,wordfreq:ru,wordfreq_seeded;deterministically_filtered;needs_human_review
ru,v1,1,827,849,клуба,клуба,клуба,unknown,клуба,wordfreq:ru,wordfreq_seeded;deterministically_filtered;needs_human_review
ru,v1,1,828,850,моего,моего,моего,unknown,моего,wordfreq:ru,wordfreq_seeded;deterministically_filtered;needs_human_review
ru,v1,1,829,851,нему,нему,нему,unknown,нему,wordfreq:ru,wordfreq_seeded;deterministically_filtered;needs_human_review
ru,v1,1,830,852,оба,оба,оба,unknown,оба,wordfreq:ru,wordfreq_seeded;deterministically_filtered;needs_human_review
ru,v1,1,831,853,основном,основном,основном,unknown,основном,wordfreq:ru,wordfreq_seeded;deterministically_filtered;needs_human_review
ru,v1,1,832,854,отца,отца,отца,unknown,отца,wordfreq:ru,wordfreq_seeded;deterministically_filtered;needs_human_review
ru,v1,1,833,855,поводу,поводу,поводу,unknown,поводу,wordfreq:ru,wordfreq_seeded;deterministically_filtered;needs_human_review
ru,v1,1,834,856,положение,положение,положение,unknown,положение,wordfreq:ru,wordfreq_seeded;deterministically_filtered;needs_human_review
ru,v1,1,835,857,помочь,помочь,помочь,unknown,помочь,wordfreq:ru,wordfreq_seeded;deterministically_filtered;needs_human_review
ru,v1,1,836,858,понятно,понятно,понятно,unknown,понятно,wordfreq:ru,wordfreq_seeded;deterministically_filtered;needs_human_review
ru,v1,1,837,859,посмотреть,посмотреть,посмотреть,unknown,посмотреть,wordfreq:ru,wordfreq_seeded;deterministically_filtered;needs_human_review
ru,v1,1,838,860,руку,руку,руку,unknown,руку,wordfreq:ru,wordfreq_seeded;deterministically_filtered;needs_human_review
ru,v1,1,839,861,точки,точки,точки,unknown,точки,wordfreq:ru,wordfreq_seeded;deterministically_filtered;needs_human_review
ru,v1,1,840,862,условиях,условиях,условиях,unknown,условиях,wordfreq:ru,wordfreq_seeded;deterministically_filtered;needs_human_review
ru,v1,1,841,863,шесть,шесть,шесть,unknown,шесть,wordfreq:ru,wordfreq_seeded;deterministically_filtered;needs_human_review
ru,v1,1,842,864,брат,брат,брат,unknown,брат,wordfreq:ru,wordfreq_seeded;deterministically_filtered;needs_human_review
ru,v1,1,843,865,вечер,вечер,вечер,unknown,вечер,wordfreq:ru,wordfreq_seeded;deterministically_filtered;needs_human_review
ru,v1,1,844,866,всему,всему,всему,unknown,всему,wordfreq:ru,wordfreq_seeded;deterministically_filtered;needs_human_review
ru,v1,1,845,867,главным,главным,главным,unknown,главным,wordfreq:ru,wordfreq_seeded;deterministically_filtered;needs_human_review
ru,v1,1,846,868,говоря,говоря,говоря,unknown,говоря,wordfreq:ru,wordfreq_seeded;deterministically_filtered;needs_human_review
ru,v1,1,847,869,зрения,зрения,зрения,unknown,зрения,wordfreq:ru,wordfreq_seeded;deterministically_filtered;needs_human_review
ru,v1,1,848,870,края,края,края,unknown,края,wordfreq:ru,wordfreq_seeded;deterministically_filtered;needs_human_review
ru,v1,1,849,871,море,море,море,unknown,море,wordfreq:ru,wordfreq_seeded;deterministically_filtered;needs_human_review
ru,v1,1,850,872,мужчины,мужчины,мужчины,unknown,мужчины,wordfreq:ru,wordfreq_seeded;deterministically_filtered;needs_human_review
ru,v1,1,851,873,мысли,мысли,мысли,unknown,мысли,wordfreq:ru,wordfreq_seeded;deterministically_filtered;needs_human_review
ru,v1,1,852,874,национальной,национальной,национальной,unknown,национальной,wordfreq:ru,wordfreq_seeded;deterministically_filtered;needs_human_review
ru,v1,1,853,875,начали,начали,начали,unknown,начали,wordfreq:ru,wordfreq_seeded;deterministically_filtered;needs_human_review
ru,v1,1,854,876,обязательно,обязательно,обязательно,unknown,обязательно,wordfreq:ru,wordfreq_seeded;deterministically_filtered;needs_human_review
ru,v1,1,855,877,площади,площади,площади,unknown,площади,wordfreq:ru,wordfreq_seeded;deterministically_filtered;needs_human_review
ru,v1,1,856,878,политики,политики,политики,unknown,политики,wordfreq:ru,wordfreq_seeded;deterministically_filtered;needs_human_review
ru,v1,1,857,879,россию,россию,россию,unknown,россию,wordfreq:ru,wordfreq_seeded;deterministically_filtered;needs_human_review
ru,v1,1,858,880,следующий,следующий,следующий,unknown,следующий,wordfreq:ru,wordfreq_seeded;deterministically_filtered;needs_human_review
ru,v1,1,859,881,службы,службы,службы,unknown,службы,wordfreq:ru,wordfreq_seeded;deterministically_filtered;needs_human_review
ru,v1,1,860,882,смотреть,смотреть,смотреть,unknown,смотреть,wordfreq:ru,wordfreq_seeded;deterministically_filtered;needs_human_review
ru,v1,1,861,883,состоянии,состоянии,состоянии,unknown,состоянии,wordfreq:ru,wordfreq_seeded;deterministically_filtered;needs_human_review
ru,v1,1,862,884,строительства,строительства,строительства,unknown,строительства,wordfreq:ru,wordfreq_seeded;deterministically_filtered;needs_human_review
ru,v1,1,863,885,такую,такую,такую,unknown,такую,wordfreq:ru,wordfreq_seeded;deterministically_filtered;needs_human_review
ru,v1,1,864,886,трех,трех,трех,unknown,трех,wordfreq:ru,wordfreq_seeded;deterministically_filtered;needs_human_review
ru,v1,1,865,887,чаще,чаще,чаще,unknown,чаще,wordfreq:ru,wordfreq_seeded;deterministically_filtered;needs_human_review
ru,v1,1,866,888,языка,языка,языка,unknown,языка,wordfreq:ru,wordfreq_seeded;deterministically_filtered;needs_human_review
ru,v1,1,867,889,бог,бог,бог,unknown,бог,wordfreq:ru,wordfreq_seeded;deterministically_filtered;needs_human_review
ru,v1,1,868,890,бывает,бывает,бывает,unknown,бывает,wordfreq:ru,wordfreq_seeded;deterministically_filtered;needs_human_review
ru,v1,1,869,891,ваш,ваш,ваш,unknown,ваш,wordfreq:ru,wordfreq_seeded;deterministically_filtered;needs_human_review
ru,v1,1,870,892,версия,версия,версия,unknown,версия,wordfreq:ru,wordfreq_seeded;deterministically_filtered;needs_human_review
ru,v1,1,871,893,видео,видео,видео,unknown,видео,wordfreq:ru,wordfreq_seeded;deterministically_filtered;needs_human_review
ru,v1,1,872,894,видеть,видеть,видеть,unknown,видеть,wordfreq:ru,wordfreq_seeded;deterministically_filtered;needs_human_review
ru,v1,1,873,895,вижу,вижу,вижу,unknown,вижу,wordfreq:ru,wordfreq_seeded;deterministically_filtered;needs_human_review
ru,v1,1,874,896,доктор,доктор,доктор,unknown,доктор,wordfreq:ru,wordfreq_seeded;deterministically_filtered;needs_human_review
ru,v1,1,875,897,знал,знал,знал,unknown,знал,wordfreq:ru,wordfreq_seeded;deterministically_filtered;needs_human_review
ru,v1,1,876,898,мнению,мнению,мнению,unknown,мнению,wordfreq:ru,wordfreq_seeded;deterministically_filtered;needs_human_review
ru,v1,1,877,899,написал,написал,написал,unknown,написал,wordfreq:ru,wordfreq_seeded;deterministically_filtered;needs_human_review
ru,v1,1,878,900,насколько,насколько,насколько,unknown,насколько,wordfreq:ru,wordfreq_seeded;deterministically_filtered;needs_human_review
ru,v1,1,879,901,нашли,нашли,нашли,unknown,нашли,wordfreq:ru,wordfreq_seeded;deterministically_filtered;needs_human_review
ru,v1,1,880,902,нужны,нужны,нужны,unknown,нужны,wordfreq:ru,wordfreq_seeded;deterministically_filtered;needs_human_review
ru,v1,1,881,903,пора,пора,пора,unknown,пора,wordfreq:ru,wordfreq_seeded;deterministically_filtered;needs_human_review
ru,v1,1,882,905,второго,второго,второго,unknown,второго,wordfreq:ru,wordfreq_seeded;deterministically_filtered;needs_human_review
ru,v1,1,883,906,заявил,заявил,заявил,unknown,заявил,wordfreq:ru,wordfreq_seeded;deterministically_filtered;needs_human_review
ru,v1,1,884,907,изменения,изменения,изменения,unknown,изменения,wordfreq:ru,wordfreq_seeded;deterministically_filtered;needs_human_review
ru,v1,1,885,908,исследования,исследования,исследования,unknown,исследования,wordfreq:ru,wordfreq_seeded;deterministically_filtered;needs_human_review
ru,v1,1,886,909,конец,конец,конец,unknown,конец,wordfreq:ru,wordfreq_seeded;deterministically_filtered;needs_human_review
ru,v1,1,887,910,крым,крым,крым,unknown,крым,wordfreq:ru,wordfreq_seeded;deterministically_filtered;needs_human_review
ru,v1,1,888,911,настолько,настолько,настолько,unknown,настолько,wordfreq:ru,wordfreq_seeded;deterministically_filtered;needs_human_review
ru,v1,1,889,912,николай,николай,николай,unknown,николай,wordfreq:ru,wordfreq_seeded;deterministically_filtered;needs_human_review
ru,v1,1,890,913,ноги,ноги,ноги,unknown,ноги,wordfreq:ru,wordfreq_seeded;deterministically_filtered;needs_human_review
ru,v1,1,891,914,нужна,нужна,нужна,unknown,нужна,wordfreq:ru,wordfreq_seeded;deterministically_filtered;needs_human_review
ru,v1,1,892,915,ой,ой,ой,unknown,ой,wordfreq:ru,wordfreq_seeded;deterministically_filtered;needs_human_review
ru,v1,1,893,916,операции,операции,операции,unknown,операции,wordfreq:ru,wordfreq_seeded;deterministically_filtered;needs_human_review
ru,v1,1,894,917,пишет,пишет,пишет,unknown,пишет,wordfreq:ru,wordfreq_seeded;deterministically_filtered;needs_human_review
ru,v1,1,895,918,помню,помню,помню,unknown,помню,wordfreq:ru,wordfreq_seeded;deterministically_filtered;needs_human_review
ru,v1,1,896,919,пост,пост,пост,unknown,пост,wordfreq:ru,wordfreq_seeded;deterministically_filtered;needs_human_review
ru,v1,1,897,920,принять,принять,принять,unknown,принять,wordfreq:ru,wordfreq_seeded;deterministically_filtered;needs_human_review
ru,v1,1,898,921,программа,программа,программа,unknown,программа,wordfreq:ru,wordfreq_seeded;deterministically_filtered;needs_human_review
ru,v1,1,899,922,работал,работал,работал,unknown,работал,wordfreq:ru,wordfreq_seeded;deterministically_filtered;needs_human_review
ru,v1,1,900,923,ребята,ребята,ребята,unknown,ребята,wordfreq:ru,wordfreq_seeded;deterministically_filtered;needs_human_review
ru,v1,1,901,924,советского,советского,советского,unknown,советского,wordfreq:ru,wordfreq_seeded;deterministically_filtered;needs_human_review
ru,v1,1,902,925,состояние,состояние,состояние,unknown,состояние,wordfreq:ru,wordfreq_seeded;deterministically_filtered;needs_human_review
ru,v1,1,903,926,суда,суда,суда,unknown,суда,wordfreq:ru,wordfreq_seeded;deterministically_filtered;needs_human_review
ru,v1,1,904,927,сына,сына,сына,unknown,сына,wordfreq:ru,wordfreq_seeded;deterministically_filtered;needs_human_review
ru,v1,1,905,928,тела,тела,тела,unknown,тела,wordfreq:ru,wordfreq_seeded;deterministically_filtered;needs_human_review
ru,v1,1,906,929,ту,ту,ту,unknown,ту,wordfreq:ru,wordfreq_seeded;deterministically_filtered;needs_human_review
ru,v1,1,907,930,утро,утро,утро,unknown,утро,wordfreq:ru,wordfreq_seeded;deterministically_filtered;needs_human_review
ru,v1,1,908,931,цель,цель,цель,unknown,цель,wordfreq:ru,wordfreq_seeded;deterministically_filtered;needs_human_review
ru,v1,1,909,932,членов,членов,членов,unknown,членов,wordfreq:ru,wordfreq_seeded;deterministically_filtered;needs_human_review
ru,v1,1,910,933,ясно,ясно,ясно,unknown,ясно,wordfreq:ru,wordfreq_seeded;deterministically_filtered;needs_human_review
ru,v1,1,911,934,алексей,алексей,алексей,unknown,алексей,wordfreq:ru,wordfreq_seeded;deterministically_filtered;needs_human_review
ru,v1,1,912,935,вами,вами,вами,unknown,вами,wordfreq:ru,wordfreq_seeded;deterministically_filtered;needs_human_review
ru,v1,1,913,936,вернуться,вернуться,вернуться,unknown,вернуться,wordfreq:ru,wordfreq_seeded;deterministically_filtered;needs_human_review
ru,v1,1,914,937,военных,военных,военных,unknown,военных,wordfreq:ru,wordfreq_seeded;deterministically_filtered;needs_human_review
ru,v1,1,915,938,война,война,война,unknown,война,wordfreq:ru,wordfreq_seeded;deterministically_filtered;needs_human_review
ru,v1,1,916,939,вперед,вперед,вперед,unknown,вперед,wordfreq:ru,wordfreq_seeded;deterministically_filtered;needs_human_review
ru,v1,1,917,940,выбор,выбор,выбор,unknown,выбор,wordfreq:ru,wordfreq_seeded;deterministically_filtered;needs_human_review
ru,v1,1,918,941,готовы,готовы,готовы,unknown,готовы,wordfreq:ru,wordfreq_seeded;deterministically_filtered;needs_human_review
ru,v1,1,919,942,давайте,давайте,давайте,unknown,давайте,wordfreq:ru,wordfreq_seeded;deterministically_filtered;needs_human_review
ru,v1,1,920,943,другое,другое,другое,unknown,другое,wordfreq:ru,wordfreq_seeded;deterministically_filtered;needs_human_review
ru,v1,1,921,944,значения,значения,значения,unknown,значения,wordfreq:ru,wordfreq_seeded;deterministically_filtered;needs_human_review
ru,v1,1,922,945,какую,какую,какую,unknown,какую,wordfreq:ru,wordfreq_seeded;deterministically_filtered;needs_human_review
ru,v1,1,923,946,которому,которому,которому,unknown,которому,wordfreq:ru,wordfreq_seeded;deterministically_filtered;needs_human_review
ru,v1,1,924,947,наше,наше,наше,unknown,наше,wordfreq:ru,wordfreq_seeded;deterministically_filtered;needs_human_review
ru,v1,1,925,948,недавно,недавно,недавно,unknown,недавно,wordfreq:ru,wordfreq_seeded;deterministically_filtered;needs_human_review
ru,v1,1,926,949,никак,никак,никак,unknown,никак,wordfreq:ru,wordfreq_seeded;deterministically_filtered;needs_human_review
ru,v1,1,927,950,получили,получили,получили,unknown,получили,wordfreq:ru,wordfreq_seeded;deterministically_filtered;needs_human_review
ru,v1,1,928,951,причем,причем,причем,unknown,причем,wordfreq:ru,wordfreq_seeded;deterministically_filtered;needs_human_review
ru,v1,1,929,952,русского,русского,русского,unknown,русского,wordfreq:ru,wordfreq_seeded;deterministically_filtered;needs_human_review
ru,v1,1,930,953,создание,создание,создание,unknown,создание,wordfreq:ru,wordfreq_seeded;deterministically_filtered;needs_human_review
ru,v1,1,931,954,способ,способ,способ,unknown,способ,wordfreq:ru,wordfreq_seeded;deterministically_filtered;needs_human_review
ru,v1,1,932,955,of,of,of,unknown,of,wordfreq:ru,wordfreq_seeded;deterministically_filtered;needs_human_review
ru,v1,1,933,956,александра,александра,александра,unknown,александра,wordfreq:ru,wordfreq_seeded;deterministically_filtered;needs_human_review
ru,v1,1,934,957,версии,версии,версии,unknown,версии,wordfreq:ru,wordfreq_seeded;deterministically_filtered;needs_human_review
ru,v1,1,935,958,взгляд,взгляд,взгляд,unknown,взгляд,wordfreq:ru,wordfreq_seeded;deterministically_filtered;needs_human_review
ru,v1,1,936,959,гораздо,гораздо,гораздо,unknown,гораздо,wordfreq:ru,wordfreq_seeded;deterministically_filtered;needs_human_review
ru,v1,1,937,960,господин,господин,господин,unknown,господин,wordfreq:ru,wordfreq_seeded;deterministically_filtered;needs_human_review
ru,v1,1,938,961,дал,дал,дал,unknown,дал,wordfreq:ru,wordfreq_seeded;deterministically_filtered;needs_human_review
ru,v1,1,939,962,де,де,де,unknown,де,wordfreq:ru,wordfreq_seeded;deterministically_filtered;needs_human_review
ru,v1,1,940,963,директор,директор,директор,unknown,директор,wordfreq:ru,wordfreq_seeded;deterministically_filtered;needs_human_review
ru,v1,1,941,964,земле,земле,земле,unknown,земле,wordfreq:ru,wordfreq_seeded;deterministically_filtered;needs_human_review
ru,v1,1,942,965,игре,игре,игре,unknown,игре,wordfreq:ru,wordfreq_seeded;deterministically_filtered;needs_human_review
ru,v1,1,943,966,каких,каких,каких,unknown,каких,wordfreq:ru,wordfreq_seeded;deterministically_filtered;needs_human_review
ru,v1,1,944,967,курс,курс,курс,unknown,курс,wordfreq:ru,wordfreq_seeded;deterministically_filtered;needs_human_review
ru,v1,1,945,968,млрд,млрд,млрд,unknown,млрд,wordfreq:ru,wordfreq_seeded;deterministically_filtered;needs_human_review
ru,v1,1,946,969,мнение,мнение,мнение,unknown,мнение,wordfreq:ru,wordfreq_seeded;deterministically_filtered;needs_human_review
ru,v1,1,947,970,можем,можем,можем,unknown,можем,wordfreq:ru,wordfreq_seeded;deterministically_filtered;needs_human_review
ru,v1,1,948,971,новую,новую,новую,unknown,новую,wordfreq:ru,wordfreq_seeded;deterministically_filtered;needs_human_review
ru,v1,1,949,972,номер,номер,номер,unknown,номер,wordfreq:ru,wordfreq_seeded;deterministically_filtered;needs_human_review
ru,v1,1,950,973,нормально,нормально,нормально,unknown,нормально,wordfreq:ru,wordfreq_seeded;deterministically_filtered;needs_human_review
ru,v1,1,951,974,оружие,оружие,оружие,unknown,оружие,wordfreq:ru,wordfreq_seeded;deterministically_filtered;needs_human_review
ru,v1,1,952,975,памяти,памяти,памяти,unknown,памяти,wordfreq:ru,wordfreq_seeded;deterministically_filtered;needs_human_review
ru,v1,1,953,976,память,память,память,unknown,память,wordfreq:ru,wordfreq_seeded;deterministically_filtered;needs_human_review
ru,v1,1,954,977,парень,парень,парень,unknown,парень,wordfreq:ru,wordfreq_seeded;deterministically_filtered;needs_human_review
ru,v1,1,955,978,предприятия,предприятия,предприятия,unknown,предприятия,wordfreq:ru,wordfreq_seeded;deterministically_filtered;needs_human_review
ru,v1,1,956,979,принял,принял,принял,unknown,принял,wordfreq:ru,wordfreq_seeded;deterministically_filtered;needs_human_review
ru,v1,1,957,980,проекта,проекта,проекта,unknown,проекта,wordfreq:ru,wordfreq_seeded;deterministically_filtered;needs_human_review
ru,v1,1,958,981,руководство,руководство,руководство,unknown,руководство,wordfreq:ru,wordfreq_seeded;deterministically_filtered;needs_human_review
ru,v1,1,959,982,сезона,сезона,сезона,unknown,сезона,wordfreq:ru,wordfreq_seeded;deterministically_filtered;needs_human_review
ru,v1,1,960,983,слов,слов,слов,unknown,слов,wordfreq:ru,wordfreq_seeded;deterministically_filtered;needs_human_review
ru,v1,1,961,984,случай,случай,случай,unknown,случай,wordfreq:ru,wordfreq_seeded;deterministically_filtered;needs_human_review
ru,v1,1,962,985,смог,смог,смог,unknown,смог,wordfreq:ru,wordfreq_seeded;deterministically_filtered;needs_human_review
ru,v1,1,963,986,уровне,уровне,уровне,unknown,уровне,wordfreq:ru,wordfreq_seeded;deterministically_filtered;needs_human_review
ru,v1,1,964,987,условия,условия,условия,unknown,условия,wordfreq:ru,wordfreq_seeded;deterministically_filtered;needs_human_review
ru,v1,1,965,988,языке,языке,языке,unknown,языке,wordfreq:ru,wordfreq_seeded;deterministically_filtered;needs_human_review
ru,v1,1,966,989,видимо,видимо,видимо,unknown,видимо,wordfreq:ru,wordfreq_seeded;deterministically_filtered;needs_human_review
ru,v1,1,967,990,виду,виду,виду,unknown,виду,wordfreq:ru,wordfreq_seeded;deterministically_filtered;needs_human_review
ru,v1,1,968,991,двумя,двумя,двумя,unknown,двумя,wordfreq:ru,wordfreq_seeded;deterministically_filtered;needs_human_review
ru,v1,1,969,992,десять,десять,десять,unknown,десять,wordfreq:ru,wordfreq_seeded;deterministically_filtered;needs_human_review
ru,v1,1,970,993,дороги,дороги,дороги,unknown,дороги,wordfreq:ru,wordfreq_seeded;deterministically_filtered;needs_human_review
ru,v1,1,971,994,института,института,института,unknown,института,wordfreq:ru,wordfreq_seeded;deterministically_filtered;needs_human_review
ru,v1,1,972,995,какого,какого,какого,unknown,какого,wordfreq:ru,wordfreq_seeded;deterministically_filtered;needs_human_review
ru,v1,1,973,996,кг,кг,кг,unknown,кг,wordfreq:ru,wordfreq_seeded;deterministically_filtered;needs_human_review
ru,v1,1,974,997,людьми,людьми,людьми,unknown,людьми,wordfreq:ru,wordfreq_seeded;deterministically_filtered;needs_human_review
ru,v1,1,975,998,мужчин,мужчин,мужчин,unknown,мужчин,wordfreq:ru,wordfreq_seeded;deterministically_filtered;needs_human_review
ru,v1,1,976,999,название,название,название,unknown,название,wordfreq:ru,wordfreq_seeded;deterministically_filtered;needs_human_review
ru,v1,1,977,1000,начать,начать,начать,unknown,начать,wordfreq:ru,wordfreq_seeded;deterministically_filtered;needs_human_review
ru,v1,1,978,1001,общем,общем,общем,unknown,общем,wordfreq:ru,wordfreq_seeded;deterministically_filtered;needs_human_review
ru,v1,1,979,1002,основные,основные,основные,unknown,основные,wordfreq:ru,wordfreq_seeded;deterministically_filtered;needs_human_review
ru,v1,1,980,1003,получила,получила,получила,unknown,получила,wordfreq:ru,wordfreq_seeded;deterministically_filtered;needs_human_review
ru,v1,1,981,1004,представляет,представляет,представляет,unknown,представляет,wordfreq:ru,wordfreq_seeded;deterministically_filtered;needs_human_review
ru,v1,1,982,1005,проходит,проходит,проходит,unknown,проходит,wordfreq:ru,wordfreq_seeded;deterministically_filtered;needs_human_review
ru,v1,1,983,1006,разве,разве,разве,unknown,разве,wordfreq:ru,wordfreq_seeded;deterministically_filtered;needs_human_review
ru,v1,1,984,1007,рост,рост,рост,unknown,рост,wordfreq:ru,wordfreq_seeded;deterministically_filtered;needs_human_review
ru,v1,1,985,1008,своему,своему,своему,unknown,своему,wordfreq:ru,wordfreq_seeded;deterministically_filtered;needs_human_review
ru,v1,1,986,1009,сделали,сделали,сделали,unknown,сделали,wordfreq:ru,wordfreq_seeded;deterministically_filtered;needs_human_review
ru,v1,1,987,1010,смерть,смерть,смерть,unknown,смерть,wordfreq:ru,wordfreq_seeded;deterministically_filtered;needs_human_review
ru,v1,1,988,1011,создания,создания,создания,unknown,создания,wordfreq:ru,wordfreq_seeded;deterministically_filtered;needs_human_review
ru,v1,1,989,1012,соответствии,соответствии,соответствии,unknown,соответствии,wordfreq:ru,wordfreq_seeded;deterministically_filtered;needs_human_review
ru,v1,1,990,1013,телефон,телефон,телефон,unknown,телефон,wordfreq:ru,wordfreq_seeded;deterministically_filtered;needs_human_review
ru,v1,1,991,1014,уверен,уверен,уверен,unknown,уверен,wordfreq:ru,wordfreq_seeded;deterministically_filtered;needs_human_review
ru,v1,1,992,1015,человеком,человеком,человеком,unknown,человеком,wordfreq:ru,wordfreq_seeded;deterministically_filtered;needs_human_review
ru,v1,1,993,1016,востоке,востоке,востоке,unknown,востоке,wordfreq:ru,wordfreq_seeded;deterministically_filtered;needs_human_review
ru,v1,1,994,1017,государственного,государственного,государственного,unknown,государственного,wordfreq:ru,wordfreq_seeded;deterministically_filtered;needs_human_review
ru,v1,1,995,1018,ждать,ждать,ждать,unknown,ждать,wordfreq:ru,wordfreq_seeded;deterministically_filtered;needs_human_review
ru,v1,1,996,1019,журнал,журнал,журнал,unknown,журнал,wordfreq:ru,wordfreq_seeded;deterministically_filtered;needs_human_review
ru,v1,1,997,1020,миллионов,миллионов,миллионов,unknown,миллионов,wordfreq:ru,wordfreq_seeded;deterministically_filtered;needs_human_review
ru,v1,1,998,1021,однажды,однажды,однажды,unknown,однажды,wordfreq:ru,wordfreq_seeded;deterministically_filtered;needs_human_review
ru,v1,1,999,1022,песня,песня,песня,unknown,песня,wordfreq:ru,wordfreq_seeded;deterministically_filtered;needs_human_review
ru,v1,1,1000,1023,пол,пол,пол,unknown,пол,wordfreq:ru,wordfreq_seeded;deterministically_filtered;needs_human_review
ru,v1,2,1001,1024,полиции,полиции,полиции,unknown,полиции,wordfreq:ru,wordfreq_seeded;deterministically_filtered;needs_human_review
ru,v1,2,1002,1025,председатель,председатель,председатель,unknown,председатель,wordfreq:ru,wordfreq_seeded;deterministically_filtered;needs_human_review
ru,v1,2,1003,1026,пришел,пришел,пришел,unknown,пришел,wordfreq:ru,wordfreq_seeded;deterministically_filtered;needs_human_review
ru,v1,2,1004,1027,приятно,приятно,приятно,unknown,приятно,wordfreq:ru,wordfreq_seeded;deterministically_filtered;needs_human_review
ru,v1,2,1005,1028,рассказал,рассказал,рассказал,unknown,рассказал,wordfreq:ru,wordfreq_seeded;deterministically_filtered;needs_human_review
ru,v1,2,1006,1029,роли,роли,роли,unknown,роли,wordfreq:ru,wordfreq_seeded;deterministically_filtered;needs_human_review
ru,v1,2,1007,1030,русские,русские,русские,unknown,русские,wordfreq:ru,wordfreq_seeded;deterministically_filtered;needs_human_review
ru,v1,2,1008,1031,самая,самая,самая,unknown,самая,wordfreq:ru,wordfreq_seeded;deterministically_filtered;needs_human_review
ru,v1,2,1009,1032,сложно,сложно,сложно,unknown,сложно,wordfreq:ru,wordfreq_seeded;deterministically_filtered;needs_human_review
ru,v1,2,1010,1033,события,события,события,unknown,события,wordfreq:ru,wordfreq_seeded;deterministically_filtered;needs_human_review
ru,v1,2,1011,1034,создать,создать,создать,unknown,создать,wordfreq:ru,wordfreq_seeded;deterministically_filtered;needs_human_review
ru,v1,2,1012,1035,тело,тело,тело,unknown,тело,wordfreq:ru,wordfreq_seeded;deterministically_filtered;needs_human_review
ru,v1,2,1013,1036,техники,техники,техники,unknown,техники,wordfreq:ru,wordfreq_seeded;deterministically_filtered;needs_human_review
ru,v1,2,1014,1037,третий,третий,третий,unknown,третий,wordfreq:ru,wordfreq_seeded;deterministically_filtered;needs_human_review
ru,v1,2,1015,1038,фильма,фильма,фильма,unknown,фильма,wordfreq:ru,wordfreq_seeded;deterministically_filtered;needs_human_review
ru,v1,2,1016,1039,чемпионате,чемпионате,чемпионате,unknown,чемпионате,wordfreq:ru,wordfreq_seeded;deterministically_filtered;needs_human_review
ru,v1,2,1017,1040,c,c,c,unknown,c,wordfreq:ru,wordfreq_seeded;deterministically_filtered;needs_human_review
ru,v1,2,1018,1041,вероятно,вероятно,вероятно,unknown,вероятно,wordfreq:ru,wordfreq_seeded;deterministically_filtered;needs_human_review
ru,v1,2,1019,1042,весьма,весьма,весьма,unknown,весьма,wordfreq:ru,wordfreq_seeded;deterministically_filtered;needs_human_review
ru,v1,2,1020,1043,включая,включая,включая,unknown,включая,wordfreq:ru,wordfreq_seeded;deterministically_filtered;needs_human_review
ru,v1,2,1021,1044,двое,двое,двое,unknown,двое,wordfreq:ru,wordfreq_seeded;deterministically_filtered;needs_human_review
ru,v1,2,1022,1045,джон,джон,джон,unknown,джон,wordfreq:ru,wordfreq_seeded;deterministically_filtered;needs_human_review
ru,v1,2,1023,1046,другого,другого,другого,unknown,другого,wordfreq:ru,wordfreq_seeded;deterministically_filtered;needs_human_review
ru,v1,2,1024,1047,имел,имел,имел,unknown,имел,wordfreq:ru,wordfreq_seeded;deterministically_filtered;needs_human_review
ru,v1,2,1025,1048,искусства,искусства,искусства,unknown,искусства,wordfreq:ru,wordfreq_seeded;deterministically_filtered;needs_human_review
ru,v1,2,1026,1049,лиги,лиги,лиги,unknown,лиги,wordfreq:ru,wordfreq_seeded;deterministically_filtered;needs_human_review
ru,v1,2,1027,1050,любит,любит,любит,unknown,любит,wordfreq:ru,wordfreq_seeded;deterministically_filtered;needs_human_review
ru,v1,2,1028,1051,матери,матери,матери,unknown,матери,wordfreq:ru,wordfreq_seeded;deterministically_filtered;needs_human_review
ru,v1,2,1029,1052,министр,министр,министр,unknown,министр,wordfreq:ru,wordfreq_seeded;deterministically_filtered;needs_human_review
ru,v1,2,1030,1053,моих,моих,моих,unknown,моих,wordfreq:ru,wordfreq_seeded;deterministically_filtered;needs_human_review
ru,v1,2,1031,1054,общество,общество,общество,unknown,общество,wordfreq:ru,wordfreq_seeded;deterministically_filtered;needs_human_review
ru,v1,2,1032,1055,отношений,отношений,отношений,unknown,отношений,wordfreq:ru,wordfreq_seeded;deterministically_filtered;needs_human_review
ru,v1,2,1033,1056,позиции,позиции,позиции,unknown,позиции,wordfreq:ru,wordfreq_seeded;deterministically_filtered;needs_human_review
ru,v1,2,1034,1057,пойду,пойду,пойду,unknown,пойду,wordfreq:ru,wordfreq_seeded;deterministically_filtered;needs_human_review
ru,v1,2,1035,1058,разные,разные,разные,unknown,разные,wordfreq:ru,wordfreq_seeded;deterministically_filtered;needs_human_review
ru,v1,2,1036,1059,результат,результат,результат,unknown,результат,wordfreq:ru,wordfreq_seeded;deterministically_filtered;needs_human_review
ru,v1,2,1037,1060,смысле,смысле,смысле,unknown,смысле,wordfreq:ru,wordfreq_seeded;deterministically_filtered;needs_human_review
ru,v1,2,1038,1061,спустя,спустя,спустя,unknown,спустя,wordfreq:ru,wordfreq_seeded;deterministically_filtered;needs_human_review
ru,v1,2,1039,1062,участники,участники,участники,unknown,участники,wordfreq:ru,wordfreq_seeded;deterministically_filtered;needs_human_review
ru,v1,2,1040,1063,хотелось,хотелось,хотелось,unknown,хотелось,wordfreq:ru,wordfreq_seeded;deterministically_filtered;needs_human_review
ru,v1,2,1041,1064,хуже,хуже,хуже,unknown,хуже,wordfreq:ru,wordfreq_seeded;deterministically_filtered;needs_human_review
ru,v1,2,1042,1065,цены,цены,цены,unknown,цены,wordfreq:ru,wordfreq_seeded;deterministically_filtered;needs_human_review
ru,v1,2,1043,1067,борьбе,борьбе,борьбе,unknown,борьбе,wordfreq:ru,wordfreq_seeded;deterministically_filtered;needs_human_review
ru,v1,2,1044,1068,видов,видов,видов,unknown,видов,wordfreq:ru,wordfreq_seeded;deterministically_filtered;needs_human_review
ru,v1,2,1045,1069,вопросов,вопросов,вопросов,unknown,вопросов,wordfreq:ru,wordfreq_seeded;deterministically_filtered;needs_human_review
ru,v1,2,1046,1070,вскоре,вскоре,вскоре,unknown,вскоре,wordfreq:ru,wordfreq_seeded;deterministically_filtered;needs_human_review
ru,v1,2,1047,1071,выйти,выйти,выйти,unknown,выйти,wordfreq:ru,wordfreq_seeded;deterministically_filtered;needs_human_review
ru,v1,2,1048,1072,главного,главного,главного,unknown,главного,wordfreq:ru,wordfreq_seeded;deterministically_filtered;needs_human_review
ru,v1,2,1049,1073,давай,давай,давай,unknown,давай,wordfreq:ru,wordfreq_seeded;deterministically_filtered;needs_human_review
ru,v1,2,1050,1074,делу,делу,делу,unknown,делу,wordfreq:ru,wordfreq_seeded;deterministically_filtered;needs_human_review
ru,v1,2,1051,1075,думать,думать,думать,unknown,думать,wordfreq:ru,wordfreq_seeded;deterministically_filtered;needs_human_review
ru,v1,2,1052,1076,здания,здания,здания,unknown,здания,wordfreq:ru,wordfreq_seeded;deterministically_filtered;needs_human_review
ru,v1,2,1053,1077,капитан,капитан,капитан,unknown,капитан,wordfreq:ru,wordfreq_seeded;deterministically_filtered;needs_human_review
ru,v1,2,1054,1078,ладно,ладно,ладно,unknown,ладно,wordfreq:ru,wordfreq_seeded;deterministically_filtered;needs_human_review
ru,v1,2,1055,1079,лиц,лиц,лиц,unknown,лиц,wordfreq:ru,wordfreq_seeded;deterministically_filtered;needs_human_review
ru,v1,2,1056,1080,лучших,лучших,лучших,unknown,лучших,wordfreq:ru,wordfreq_seeded;deterministically_filtered;needs_human_review
ru,v1,2,1057,1081,мест,мест,мест,unknown,мест,wordfreq:ru,wordfreq_seeded;deterministically_filtered;needs_human_review
ru,v1,2,1058,1082,метров,метров,метров,unknown,метров,wordfreq:ru,wordfreq_seeded;deterministically_filtered;needs_human_review
ru,v1,2,1059,1083,модели,модели,модели,unknown,модели,wordfreq:ru,wordfreq_seeded;deterministically_filtered;needs_human_review
ru,v1,2,1060,1084,можешь,можешь,можешь,unknown,можешь,wordfreq:ru,wordfreq_seeded;deterministically_filtered;needs_human_review
ru,v1,2,1061,1085,мою,мою,мою,unknown,мою,wordfreq:ru,wordfreq_seeded;deterministically_filtered;needs_human_review
ru,v1,2,1062,1086,неё,неё,неё,unknown,неё,wordfreq:ru,wordfreq_seeded;deterministically_filtered;needs_human_review
ru,v1,2,1063,1087,обороны,обороны,обороны,unknown,обороны,wordfreq:ru,wordfreq_seeded;deterministically_filtered;needs_human_review
ru,v1,2,1064,1088,общей,общей,общей,unknown,общей,wordfreq:ru,wordfreq_seeded;deterministically_filtered;needs_human_review
ru,v1,2,1065,1089,опыт,опыт,опыт,unknown,опыт,wordfreq:ru,wordfreq_seeded;deterministically_filtered;needs_human_review
ru,v1,2,1066,1090,организаций,организаций,организаций,unknown,организаций,wordfreq:ru,wordfreq_seeded;deterministically_filtered;needs_human_review
ru,v1,2,1067,1091,остальные,остальные,остальные,unknown,остальные,wordfreq:ru,wordfreq_seeded;deterministically_filtered;needs_human_review
ru,v1,2,1068,1092,правило,правило,правило,unknown,правило,wordfreq:ru,wordfreq_seeded;deterministically_filtered;needs_human_review
ru,v1,2,1069,1093,продукции,продукции,продукции,unknown,продукции,wordfreq:ru,wordfreq_seeded;deterministically_filtered;needs_human_review
ru,v1,2,1070,1094,роста,роста,роста,unknown,роста,wordfreq:ru,wordfreq_seeded;deterministically_filtered;needs_human_review
ru,v1,2,1071,1095,руках,руках,руках,unknown,руках,wordfreq:ru,wordfreq_seeded;deterministically_filtered;needs_human_review
ru,v1,2,1072,1096,сан,сан,сан,unknown,сан,wordfreq:ru,wordfreq_seeded;deterministically_filtered;needs_human_review
ru,v1,2,1073,1097,связь,связь,связь,unknown,связь,wordfreq:ru,wordfreq_seeded;deterministically_filtered;needs_human_review
ru,v1,2,1074,1098,семь,семь,семь,unknown,семь,wordfreq:ru,wordfreq_seeded;deterministically_filtered;needs_human_review
ru,v1,2,1075,1099,ситуации,ситуации,ситуации,unknown,ситуации,wordfreq:ru,wordfreq_seeded;deterministically_filtered;needs_human_review
ru,v1,2,1076,1100,станции,станции,станции,unknown,станции,wordfreq:ru,wordfreq_seeded;deterministically_filtered;needs_human_review
ru,v1,2,1077,1101,странах,странах,странах,unknown,странах,wordfreq:ru,wordfreq_seeded;deterministically_filtered;needs_human_review
ru,v1,2,1078,1102,управление,управление,управление,unknown,управление,wordfreq:ru,wordfreq_seeded;deterministically_filtered;needs_human_review
ru,v1,2,1079,1103,фото,фото,фото,unknown,фото,wordfreq:ru,wordfreq_seeded;deterministically_filtered;needs_human_review
ru,v1,2,1080,1104,экономики,экономики,экономики,unknown,экономики,wordfreq:ru,wordfreq_seeded;deterministically_filtered;needs_human_review
ru,v1,2,1081,1105,большую,большую,большую,unknown,большую,wordfreq:ru,wordfreq_seeded;deterministically_filtered;needs_human_review
ru,v1,2,1082,1106,всеми,всеми,всеми,unknown,всеми,wordfreq:ru,wordfreq_seeded;deterministically_filtered;needs_human_review
ru,v1,2,1083,1107,говорили,говорили,говорили,unknown,говорили,wordfreq:ru,wordfreq_seeded;deterministically_filtered;needs_human_review
ru,v1,2,1084,1108,годов,годов,годов,unknown,годов,wordfreq:ru,wordfreq_seeded;deterministically_filtered;needs_human_review
ru,v1,2,1085,1109,идея,идея,идея,unknown,идея,wordfreq:ru,wordfreq_seeded;deterministically_filtered;needs_human_review
ru,v1,2,1086,1110,комиссии,комиссии,комиссии,unknown,комиссии,wordfreq:ru,wordfreq_seeded;deterministically_filtered;needs_human_review
ru,v1,2,1087,1111,крови,крови,крови,unknown,крови,wordfreq:ru,wordfreq_seeded;deterministically_filtered;needs_human_review
ru,v1,2,1088,1112,москву,москву,москву,unknown,москву,wordfreq:ru,wordfreq_seeded;deterministically_filtered;needs_human_review
ru,v1,2,1089,1113,огонь,огонь,огонь,unknown,огонь,wordfreq:ru,wordfreq_seeded;deterministically_filtered;needs_human_review
ru,v1,2,1090,1114,органов,органов,органов,unknown,органов,wordfreq:ru,wordfreq_seeded;deterministically_filtered;needs_human_review
ru,v1,2,1091,1115,относительно,относительно,относительно,unknown,относительно,wordfreq:ru,wordfreq_seeded;deterministically_filtered;needs_human_review
ru,v1,2,1092,1116,письмо,письмо,письмо,unknown,письмо,wordfreq:ru,wordfreq_seeded;deterministically_filtered;needs_human_review
ru,v1,2,1093,1117,предложение,предложение,предложение,unknown,предложение,wordfreq:ru,wordfreq_seeded;deterministically_filtered;needs_human_review
ru,v1,2,1094,1118,серия,серия,серия,unknown,серия,wordfreq:ru,wordfreq_seeded;deterministically_filtered;needs_human_review
ru,v1,2,1095,1119,систему,систему,систему,unknown,систему,wordfreq:ru,wordfreq_seeded;deterministically_filtered;needs_human_review
ru,v1,2,1096,1120,срок,срок,срок,unknown,срок,wordfreq:ru,wordfreq_seeded;deterministically_filtered;needs_human_review
ru,v1,2,1097,1121,считает,считает,считает,unknown,считает,wordfreq:ru,wordfreq_seeded;deterministically_filtered;needs_human_review
ru,v1,2,1098,1122,таком,таком,таком,unknown,таком,wordfreq:ru,wordfreq_seeded;deterministically_filtered;needs_human_review
ru,v1,2,1099,1123,увидеть,увидеть,увидеть,unknown,увидеть,wordfreq:ru,wordfreq_seeded;deterministically_filtered;needs_human_review
ru,v1,2,1100,1124,факт,факт,факт,unknown,факт,wordfreq:ru,wordfreq_seeded;deterministically_filtered;needs_human_review
ru,v1,2,1101,1125,церкви,церкви,церкви,unknown,церкви,wordfreq:ru,wordfreq_seeded;deterministically_filtered;needs_human_review
ru,v1,2,1102,1126,юго,юго,юго,unknown,юго,wordfreq:ru,wordfreq_seeded;deterministically_filtered;needs_human_review
ru,v1,2,1103,1127,абсолютно,абсолютно,абсолютно,unknown,абсолютно,wordfreq:ru,wordfreq_seeded;deterministically_filtered;needs_human_review
ru,v1,2,1104,1128,большие,большие,большие,unknown,большие,wordfreq:ru,wordfreq_seeded;deterministically_filtered;needs_human_review
ru,v1,2,1105,1129,будешь,будешь,будешь,unknown,будешь,wordfreq:ru,wordfreq_seeded;deterministically_filtered;needs_human_review
ru,v1,2,1106,1130,ваши,ваши,ваши,unknown,ваши,wordfreq:ru,wordfreq_seeded;deterministically_filtered;needs_human_review
ru,v1,2,1107,1131,войск,войск,войск,unknown,войск,wordfreq:ru,wordfreq_seeded;deterministically_filtered;needs_human_review
ru,v1,2,1108,1132,группе,группе,группе,unknown,группе,wordfreq:ru,wordfreq_seeded;deterministically_filtered;needs_human_review
ru,v1,2,1109,1133,далее,далее,далее,unknown,далее,wordfreq:ru,wordfreq_seeded;deterministically_filtered;needs_human_review
ru,v1,2,1110,1134,действий,действий,действий,unknown,действий,wordfreq:ru,wordfreq_seeded;deterministically_filtered;needs_human_review
ru,v1,2,1111,1135,делают,делают,делают,unknown,делают,wordfreq:ru,wordfreq_seeded;deterministically_filtered;needs_human_review
ru,v1,2,1112,1136,днем,днем,днем,unknown,днем,wordfreq:ru,wordfreq_seeded;deterministically_filtered;needs_human_review
ru,v1,2,1113,1137,друзей,друзей,друзей,unknown,друзей,wordfreq:ru,wordfreq_seeded;deterministically_filtered;needs_human_review
ru,v1,2,1114,1138,думал,думал,думал,unknown,думал,wordfreq:ru,wordfreq_seeded;deterministically_filtered;needs_human_review
ru,v1,2,1115,1139,единственный,единственный,единственный,unknown,единственный,wordfreq:ru,wordfreq_seeded;deterministically_filtered;needs_human_review
ru,v1,2,1116,1140,знают,знают,знают,unknown,знают,wordfreq:ru,wordfreq_seeded;deterministically_filtered;needs_human_review
ru,v1,2,1117,1141,ибо,ибо,ибо,unknown,ибо,wordfreq:ru,wordfreq_seeded;deterministically_filtered;needs_human_review
ru,v1,2,1118,1142,информация,информация,информация,unknown,информация,wordfreq:ru,wordfreq_seeded;deterministically_filtered;needs_human_review
ru,v1,2,1119,1143,итоге,итоге,итоге,unknown,итоге,wordfreq:ru,wordfreq_seeded;deterministically_filtered;needs_human_review
ru,v1,2,1120,1144,киеве,киеве,киеве,unknown,киеве,wordfreq:ru,wordfreq_seeded;deterministically_filtered;needs_human_review
ru,v1,2,1121,1145,можете,можете,можете,unknown,можете,wordfreq:ru,wordfreq_seeded;deterministically_filtered;needs_human_review
ru,v1,2,1122,1146,назвал,назвал,назвал,unknown,назвал,wordfreq:ru,wordfreq_seeded;deterministically_filtered;needs_human_review
ru,v1,2,1123,1147,народа,народа,народа,unknown,народа,wordfreq:ru,wordfreq_seeded;deterministically_filtered;needs_human_review
ru,v1,2,1124,1148,означает,означает,означает,unknown,означает,wordfreq:ru,wordfreq_seeded;deterministically_filtered;needs_human_review
ru,v1,2,1125,1149,остается,остается,остается,unknown,остается,wordfreq:ru,wordfreq_seeded;deterministically_filtered;needs_human_review
ru,v1,2,1126,1150,петербурге,петербурге,петербурге,unknown,петербурге,wordfreq:ru,wordfreq_seeded;deterministically_filtered;needs_human_review
ru,v1,2,1127,1151,победу,победу,победу,unknown,победу,wordfreq:ru,wordfreq_seeded;deterministically_filtered;needs_human_review
ru,v1,2,1128,1152,позволяет,позволяет,позволяет,unknown,позволяет,wordfreq:ru,wordfreq_seeded;deterministically_filtered;needs_human_review
ru,v1,2,1129,1153,полиция,полиция,полиция,unknown,полиция,wordfreq:ru,wordfreq_seeded;deterministically_filtered;needs_human_review
ru,v1,2,1130,1154,получается,получается,получается,unknown,получается,wordfreq:ru,wordfreq_seeded;deterministically_filtered;needs_human_review
ru,v1,2,1131,1155,помимо,помимо,помимо,unknown,помимо,wordfreq:ru,wordfreq_seeded;deterministically_filtered;needs_human_review
ru,v1,2,1132,1156,правила,правила,правила,unknown,правила,wordfreq:ru,wordfreq_seeded;deterministically_filtered;needs_human_review
ru,v1,2,1133,1157,премьер,премьер,премьер,unknown,премьер,wordfreq:ru,wordfreq_seeded;deterministically_filtered;needs_human_review
ru,v1,2,1134,1158,решили,решили,решили,unknown,решили,wordfreq:ru,wordfreq_seeded;deterministically_filtered;needs_human_review
ru,v1,2,1135,1159,родители,родители,родители,unknown,родители,wordfreq:ru,wordfreq_seeded;deterministically_filtered;needs_human_review
ru,v1,2,1136,1160,российских,российских,российских,unknown,российских,wordfreq:ru,wordfreq_seeded;deterministically_filtered;needs_human_review
ru,v1,2,1137,1161,сезоне,сезоне,сезоне,unknown,сезоне,wordfreq:ru,wordfreq_seeded;deterministically_filtered;needs_human_review
ru,v1,2,1138,1162,смысл,смысл,смысл,unknown,смысл,wordfreq:ru,wordfreq_seeded;deterministically_filtered;needs_human_review
ru,v1,2,1139,1163,тысячи,тысячи,тысячи,unknown,тысячи,wordfreq:ru,wordfreq_seeded;deterministically_filtered;needs_human_review
ru,v1,2,1140,1164,утра,утра,утра,unknown,утра,wordfreq:ru,wordfreq_seeded;deterministically_filtered;needs_human_review
ru,v1,2,1141,1165,хотите,хотите,хотите,unknown,хотите,wordfreq:ru,wordfreq_seeded;deterministically_filtered;needs_human_review
ru,v1,2,1142,1166,хочется,хочется,хочется,unknown,хочется,wordfreq:ru,wordfreq_seeded;deterministically_filtered;needs_human_review
ru,v1,2,1143,1167,большого,большого,большого,unknown,большого,wordfreq:ru,wordfreq_seeded;deterministically_filtered;needs_human_review
ru,v1,2,1144,1168,будущее,будущее,будущее,unknown,будущее,wordfreq:ru,wordfreq_seeded;deterministically_filtered;needs_human_review
ru,v1,2,1145,1169,видно,видно,видно,unknown,видно,wordfreq:ru,wordfreq_seeded;deterministically_filtered;needs_human_review
ru,v1,2,1146,1170,встречи,встречи,встречи,unknown,встречи,wordfreq:ru,wordfreq_seeded;deterministically_filtered;needs_human_review
ru,v1,2,1147,1171,говорю,говорю,говорю,unknown,говорю,wordfreq:ru,wordfreq_seeded;deterministically_filtered;needs_human_review
ru,v1,2,1148,1172,здание,здание,здание,unknown,здание,wordfreq:ru,wordfreq_seeded;deterministically_filtered;needs_human_review
ru,v1,2,1149,1173,значение,значение,значение,unknown,значение,wordfreq:ru,wordfreq_seeded;deterministically_filtered;needs_human_review
ru,v1,2,1150,1174,иван,иван,иван,unknown,иван,wordfreq:ru,wordfreq_seeded;deterministically_filtered;needs_human_review
ru,v1,2,1151,1175,интервью,интервью,интервью,unknown,интервью,wordfreq:ru,wordfreq_seeded;deterministically_filtered;needs_human_review
ru,v1,2,1152,1176,книгу,книгу,книгу,unknown,книгу,wordfreq:ru,wordfreq_seeded;deterministically_filtered;needs_human_review
ru,v1,2,1153,1177,кофе,кофе,кофе,unknown,кофе,wordfreq:ru,wordfreq_seeded;deterministically_filtered;needs_human_review
ru,v1,2,1154,1178,московской,московской,московской,unknown,московской,wordfreq:ru,wordfreq_seeded;deterministically_filtered;needs_human_review
ru,v1,2,1155,1179,муж,муж,муж,unknown,муж,wordfreq:ru,wordfreq_seeded;deterministically_filtered;needs_human_review
ru,v1,2,1156,1180,научно,научно,научно,unknown,научно,wordfreq:ru,wordfreq_seeded;deterministically_filtered;needs_human_review
ru,v1,2,1157,1181,никого,никого,никого,unknown,никого,wordfreq:ru,wordfreq_seeded;deterministically_filtered;needs_human_review
ru,v1,2,1158,1182,основной,основной,основной,unknown,основной,wordfreq:ru,wordfreq_seeded;deterministically_filtered;needs_human_review
ru,v1,2,1159,1183,очевидно,очевидно,очевидно,unknown,очевидно,wordfreq:ru,wordfreq_seeded;deterministically_filtered;needs_human_review
ru,v1,2,1160,1184,пришла,пришла,пришла,unknown,пришла,wordfreq:ru,wordfreq_seeded;deterministically_filtered;needs_human_review
ru,v1,2,1161,1185,пришли,пришли,пришли,unknown,пришли,wordfreq:ru,wordfreq_seeded;deterministically_filtered;needs_human_review
ru,v1,2,1162,1186,провести,провести,провести,unknown,провести,wordfreq:ru,wordfreq_seeded;deterministically_filtered;needs_human_review
ru,v1,2,1163,1187,союз,союз,союз,unknown,союз,wordfreq:ru,wordfreq_seeded;deterministically_filtered;needs_human_review
ru,v1,2,1164,1188,спать,спать,спать,unknown,спать,wordfreq:ru,wordfreq_seeded;deterministically_filtered;needs_human_review
ru,v1,2,1165,1189,спокойно,спокойно,спокойно,unknown,спокойно,wordfreq:ru,wordfreq_seeded;deterministically_filtered;needs_human_review
ru,v1,2,1166,1190,спорта,спорта,спорта,unknown,спорта,wordfreq:ru,wordfreq_seeded;deterministically_filtered;needs_human_review
ru,v1,2,1167,1191,сравнению,сравнению,сравнению,unknown,сравнению,wordfreq:ru,wordfreq_seeded;deterministically_filtered;needs_human_review
ru,v1,2,1168,1192,статьи,статьи,статьи,unknown,статьи,wordfreq:ru,wordfreq_seeded;deterministically_filtered;needs_human_review
ru,v1,2,1169,1193,стороне,стороне,стороне,unknown,стороне,wordfreq:ru,wordfreq_seeded;deterministically_filtered;needs_human_review
ru,v1,2,1170,1194,твои,твои,твои,unknown,твои,wordfreq:ru,wordfreq_seeded;deterministically_filtered;needs_human_review
ru,v1,2,1171,1195,тренер,тренер,тренер,unknown,тренер,wordfreq:ru,wordfreq_seeded;deterministically_filtered;needs_human_review
ru,v1,2,1172,1196,университета,университета,университета,unknown,университета,wordfreq:ru,wordfreq_seeded;deterministically_filtered;needs_human_review
ru,v1,2,1173,1197,хотела,хотела,хотела,unknown,хотела,wordfreq:ru,wordfreq_seeded;deterministically_filtered;needs_human_review
ru,v1,2,1174,1198,числа,числа,числа,unknown,числа,wordfreq:ru,wordfreq_seeded;deterministically_filtered;needs_human_review
ru,v1,2,1175,1199,великой,великой,великой,unknown,великой,wordfreq:ru,wordfreq_seeded;deterministically_filtered;needs_human_review
ru,v1,2,1176,1200,военной,военной,военной,unknown,военной,wordfreq:ru,wordfreq_seeded;deterministically_filtered;needs_human_review
ru,v1,2,1177,1201,генерал,генерал,генерал,unknown,генерал,wordfreq:ru,wordfreq_seeded;deterministically_filtered;needs_human_review
ru,v1,2,1178,1202,глаз,глаз,глаз,unknown,глаз,wordfreq:ru,wordfreq_seeded;deterministically_filtered;needs_human_review
ru,v1,2,1179,1203,границы,границы,границы,unknown,границы,wordfreq:ru,wordfreq_seeded;deterministically_filtered;needs_human_review
ru,v1,2,1180,1204,дмитрий,дмитрий,дмитрий,unknown,дмитрий,wordfreq:ru,wordfreq_seeded;deterministically_filtered;needs_human_review
ru,v1,2,1181,1205,евро,евро,евро,unknown,евро,wordfreq:ru,wordfreq_seeded;deterministically_filtered;needs_human_review
ru,v1,2,1182,1206,европе,европе,европе,unknown,европе,wordfreq:ru,wordfreq_seeded;deterministically_filtered;needs_human_review
ru,v1,2,1183,1207,закона,закона,закона,unknown,закона,wordfreq:ru,wordfreq_seeded;deterministically_filtered;needs_human_review
ru,v1,2,1184,1208,искать,искать,искать,unknown,искать,wordfreq:ru,wordfreq_seeded;deterministically_filtered;needs_human_review
ru,v1,2,1185,1209,купить,купить,купить,unknown,купить,wordfreq:ru,wordfreq_seeded;deterministically_filtered;needs_human_review
ru,v1,2,1186,1210,лично,лично,лично,unknown,лично,wordfreq:ru,wordfreq_seeded;deterministically_filtered;needs_human_review
ru,v1,2,1187,1211,мастер,мастер,мастер,unknown,мастер,wordfreq:ru,wordfreq_seeded;deterministically_filtered;needs_human_review
ru,v1,2,1188,1212,московского,московского,московского,unknown,московского,wordfreq:ru,wordfreq_seeded;deterministically_filtered;needs_human_review
ru,v1,2,1189,1213,называется,называется,называется,unknown,называется,wordfreq:ru,wordfreq_seeded;deterministically_filtered;needs_human_review
ru,v1,2,1190,1214,науки,науки,науки,unknown,науки,wordfreq:ru,wordfreq_seeded;deterministically_filtered;needs_human_review
ru,v1,2,1191,1215,начальник,начальник,начальник,unknown,начальник,wordfreq:ru,wordfreq_seeded;deterministically_filtered;needs_human_review
ru,v1,2,1192,1216,новым,новым,новым,unknown,новым,wordfreq:ru,wordfreq_seeded;deterministically_filtered;needs_human_review
ru,v1,2,1193,1217,образование,образование,образование,unknown,образование,wordfreq:ru,wordfreq_seeded;deterministically_filtered;needs_human_review
ru,v1,2,1194,1218,общего,общего,общего,unknown,общего,wordfreq:ru,wordfreq_seeded;deterministically_filtered;needs_human_review
ru,v1,2,1195,1219,оон,оон,оон,unknown,оон,wordfreq:ru,wordfreq_seeded;deterministically_filtered;needs_human_review
ru,v1,2,1196,1220,официально,официально,официально,unknown,официально,wordfreq:ru,wordfreq_seeded;deterministically_filtered;needs_human_review
ru,v1,2,1197,1221,порядка,порядка,порядка,unknown,порядка,wordfreq:ru,wordfreq_seeded;deterministically_filtered;needs_human_review
ru,v1,2,1198,1222,похоже,похоже,похоже,unknown,похоже,wordfreq:ru,wordfreq_seeded;deterministically_filtered;needs_human_review
ru,v1,2,1199,1223,пройти,пройти,пройти,unknown,пройти,wordfreq:ru,wordfreq_seeded;deterministically_filtered;needs_human_review
ru,v1,2,1200,1224,русских,русских,русских,unknown,русских,wordfreq:ru,wordfreq_seeded;deterministically_filtered;needs_human_review
ru,v1,2,1201,1225,сообщение,сообщение,сообщение,unknown,сообщение,wordfreq:ru,wordfreq_seeded;deterministically_filtered;needs_human_review
ru,v1,2,1202,1226,соответственно,соответственно,соответственно,unknown,соответственно,wordfreq:ru,wordfreq_seeded;deterministically_filtered;needs_human_review
ru,v1,2,1203,1227,состава,состава,состава,unknown,состава,wordfreq:ru,wordfreq_seeded;deterministically_filtered;needs_human_review
ru,v1,2,1204,1228,состоит,состоит,состоит,unknown,состоит,wordfreq:ru,wordfreq_seeded;deterministically_filtered;needs_human_review
ru,v1,2,1205,1229,частью,частью,частью,unknown,частью,wordfreq:ru,wordfreq_seeded;deterministically_filtered;needs_human_review
ru,v1,2,1206,1230,чувство,чувство,чувство,unknown,чувство,wordfreq:ru,wordfreq_seeded;deterministically_filtered;needs_human_review
ru,v1,2,1207,1231,d,d,d,unknown,d,wordfreq:ru,wordfreq_seeded;deterministically_filtered;needs_human_review
ru,v1,2,1208,1233,борьбы,борьбы,борьбы,unknown,борьбы,wordfreq:ru,wordfreq_seeded;deterministically_filtered;needs_human_review
ru,v1,2,1209,1234,бывший,бывший,бывший,unknown,бывший,wordfreq:ru,wordfreq_seeded;deterministically_filtered;needs_human_review
ru,v1,2,1210,1235,выборы,выборы,выборы,unknown,выборы,wordfreq:ru,wordfreq_seeded;deterministically_filtered;needs_human_review
ru,v1,2,1211,1236,вышла,вышла,вышла,unknown,вышла,wordfreq:ru,wordfreq_seeded;deterministically_filtered;needs_human_review
ru,v1,2,1212,1237,дали,дали,дали,unknown,дали,wordfreq:ru,wordfreq_seeded;deterministically_filtered;needs_human_review
ru,v1,2,1213,1238,дверь,дверь,дверь,unknown,дверь,wordfreq:ru,wordfreq_seeded;deterministically_filtered;needs_human_review
ru,v1,2,1214,1239,зависит,зависит,зависит,unknown,зависит,wordfreq:ru,wordfreq_seeded;deterministically_filtered;needs_human_review
ru,v1,2,1215,1240,зато,зато,зато,unknown,зато,wordfreq:ru,wordfreq_seeded;deterministically_filtered;needs_human_review
ru,v1,2,1216,1241,каждой,каждой,каждой,unknown,каждой,wordfreq:ru,wordfreq_seeded;deterministically_filtered;needs_human_review
ru,v1,2,1217,1242,касается,касается,касается,unknown,касается,wordfreq:ru,wordfreq_seeded;deterministically_filtered;needs_human_review
ru,v1,2,1218,1243,момента,момента,момента,unknown,момента,wordfreq:ru,wordfreq_seeded;deterministically_filtered;needs_human_review
ru,v1,2,1219,1244,никому,никому,никому,unknown,никому,wordfreq:ru,wordfreq_seeded;deterministically_filtered;needs_human_review
ru,v1,2,1220,1245,оказался,оказался,оказался,unknown,оказался,wordfreq:ru,wordfreq_seeded;deterministically_filtered;needs_human_review
ru,v1,2,1221,1246,организация,организация,организация,unknown,организация,wordfreq:ru,wordfreq_seeded;deterministically_filtered;needs_human_review
ru,v1,2,1222,1247,партия,партия,партия,unknown,партия,wordfreq:ru,wordfreq_seeded;deterministically_filtered;needs_human_review
ru,v1,2,1223,1248,политика,политика,политика,unknown,политика,wordfreq:ru,wordfreq_seeded;deterministically_filtered;needs_human_review
ru,v1,2,1224,1249,пошел,пошел,пошел,unknown,пошел,wordfreq:ru,wordfreq_seeded;deterministically_filtered;needs_human_review
ru,v1,2,1225,1250,приходится,приходится,приходится,unknown,приходится,wordfreq:ru,wordfreq_seeded;deterministically_filtered;needs_human_review
ru,v1,2,1226,1251,прошлом,прошлом,прошлом,unknown,прошлом,wordfreq:ru,wordfreq_seeded;deterministically_filtered;needs_human_review
ru,v1,2,1227,1252,рано,рано,рано,unknown,рано,wordfreq:ru,wordfreq_seeded;deterministically_filtered;needs_human_review
ru,v1,2,1228,1253,ребенок,ребенок,ребенок,unknown,ребенок,wordfreq:ru,wordfreq_seeded;deterministically_filtered;needs_human_review
ru,v1,2,1229,1254,российского,российского,российского,unknown,российского,wordfreq:ru,wordfreq_seeded;deterministically_filtered;needs_human_review
ru,v1,2,1230,1255,системе,системе,системе,unknown,системе,wordfreq:ru,wordfreq_seeded;deterministically_filtered;needs_human_review
ru,v1,2,1231,1256,случилось,случилось,случилось,unknown,случилось,wordfreq:ru,wordfreq_seeded;deterministically_filtered;needs_human_review
ru,v1,2,1232,1257,спорт,спорт,спорт,unknown,спорт,wordfreq:ru,wordfreq_seeded;deterministically_filtered;needs_human_review
ru,v1,2,1233,1258,тип,тип,тип,unknown,тип,wordfreq:ru,wordfreq_seeded;deterministically_filtered;needs_human_review
ru,v1,2,1234,1259,увидел,увидел,увидел,unknown,увидел,wordfreq:ru,wordfreq_seeded;deterministically_filtered;needs_human_review
ru,v1,2,1235,1260,фильмы,фильмы,фильмы,unknown,фильмы,wordfreq:ru,wordfreq_seeded;deterministically_filtered;needs_human_review
ru,v1,2,1236,1261,форме,форме,форме,unknown,форме,wordfreq:ru,wordfreq_seeded;deterministically_filtered;needs_human_review
ru,v1,2,1237,1262,цена,цена,цена,unknown,цена,wordfreq:ru,wordfreq_seeded;deterministically_filtered;needs_human_review
ru,v1,2,1238,1263,v,v,v,unknown,v,wordfreq:ru,wordfreq_seeded;deterministically_filtered;needs_human_review
ru,v1,2,1239,1264,боже,боже,боже,unknown,боже,wordfreq:ru,wordfreq_seeded;deterministically_filtered;needs_human_review
ru,v1,2,1240,1265,вернуть,вернуть,вернуть,unknown,вернуть,wordfreq:ru,wordfreq_seeded;deterministically_filtered;needs_human_review
ru,v1,2,1241,1266,взял,взял,взял,unknown,взял,wordfreq:ru,wordfreq_seeded;deterministically_filtered;needs_human_review
ru,v1,2,1242,1267,влияние,влияние,влияние,unknown,влияние,wordfreq:ru,wordfreq_seeded;deterministically_filtered;needs_human_review
ru,v1,2,1243,1268,вовсе,вовсе,вовсе,unknown,вовсе,wordfreq:ru,wordfreq_seeded;deterministically_filtered;needs_human_review
ru,v1,2,1244,1269,выглядит,выглядит,выглядит,unknown,выглядит,wordfreq:ru,wordfreq_seeded;deterministically_filtered;needs_human_review
ru,v1,2,1245,1270,выход,выход,выход,unknown,выход,wordfreq:ru,wordfreq_seeded;deterministically_filtered;needs_human_review
ru,v1,2,1246,1271,жаль,жаль,жаль,unknown,жаль,wordfreq:ru,wordfreq_seeded;deterministically_filtered;needs_human_review
ru,v1,2,1247,1272,живет,живет,живет,unknown,живет,wordfreq:ru,wordfreq_seeded;deterministically_filtered;needs_human_review
ru,v1,2,1248,1273,заниматься,заниматься,заниматься,unknown,заниматься,wordfreq:ru,wordfreq_seeded;deterministically_filtered;needs_human_review
ru,v1,2,1249,1274,защиты,защиты,защиты,unknown,защиты,wordfreq:ru,wordfreq_seeded;deterministically_filtered;needs_human_review
ru,v1,2,1250,1275,иностранных,иностранных,иностранных,unknown,иностранных,wordfreq:ru,wordfreq_seeded;deterministically_filtered;needs_human_review
ru,v1,2,1251,1276,италии,италии,италии,unknown,италии,wordfreq:ru,wordfreq_seeded;deterministically_filtered;needs_human_review
ru,v1,2,1252,1277,команду,команду,команду,unknown,команду,wordfreq:ru,wordfreq_seeded;deterministically_filtered;needs_human_review
ru,v1,2,1253,1278,контракт,контракт,контракт,unknown,контракт,wordfreq:ru,wordfreq_seeded;deterministically_filtered;needs_human_review
ru,v1,2,1254,1279,кубка,кубка,кубка,unknown,кубка,wordfreq:ru,wordfreq_seeded;deterministically_filtered;needs_human_review
ru,v1,2,1255,1280,машину,машину,машину,unknown,машину,wordfreq:ru,wordfreq_seeded;deterministically_filtered;needs_human_review
ru,v1,2,1256,1281,международного,международного,международного,unknown,международного,wordfreq:ru,wordfreq_seeded;deterministically_filtered;needs_human_review
ru,v1,2,1257,1282,министерства,министерства,министерства,unknown,министерства,wordfreq:ru,wordfreq_seeded;deterministically_filtered;needs_human_review
ru,v1,2,1258,1283,отлично,отлично,отлично,unknown,отлично,wordfreq:ru,wordfreq_seeded;deterministically_filtered;needs_human_review
ru,v1,2,1259,1284,погиб,погиб,погиб,unknown,погиб,wordfreq:ru,wordfreq_seeded;deterministically_filtered;needs_human_review
ru,v1,2,1260,1285,порядок,порядок,порядок,unknown,порядок,wordfreq:ru,wordfreq_seeded;deterministically_filtered;needs_human_review
ru,v1,2,1261,1286,предприятий,предприятий,предприятий,unknown,предприятий,wordfreq:ru,wordfreq_seeded;deterministically_filtered;needs_human_review
ru,v1,2,1262,1287,своё,своё,своё,unknown,своё,wordfreq:ru,wordfreq_seeded;deterministically_filtered;needs_human_review
ru,v1,2,1263,1288,чему,чему,чему,unknown,чему,wordfreq:ru,wordfreq_seeded;deterministically_filtered;needs_human_review
ru,v1,2,1264,1289,члены,члены,члены,unknown,члены,wordfreq:ru,wordfreq_seeded;deterministically_filtered;needs_human_review
ru,v1,2,1265,1290,экономика,экономика,экономика,unknown,экономика,wordfreq:ru,wordfreq_seeded;deterministically_filtered;needs_human_review
ru,v1,2,1266,1291,x,x,x,unknown,x,wordfreq:ru,wordfreq_seeded;deterministically_filtered;needs_human_review
ru,v1,2,1267,1292,будь,будь,будь,unknown,будь,wordfreq:ru,wordfreq_seeded;deterministically_filtered;needs_human_review
ru,v1,2,1268,1293,воду,воду,воду,unknown,воду,wordfreq:ru,wordfreq_seeded;deterministically_filtered;needs_human_review
ru,v1,2,1269,1294,вторая,вторая,вторая,unknown,вторая,wordfreq:ru,wordfreq_seeded;deterministically_filtered;needs_human_review
ru,v1,2,1270,1295,государство,государство,государство,unknown,государство,wordfreq:ru,wordfreq_seeded;deterministically_filtered;needs_human_review
ru,v1,2,1271,1296,готова,готова,готова,unknown,готова,wordfreq:ru,wordfreq_seeded;deterministically_filtered;needs_human_review
ru,v1,2,1272,1297,группу,группу,группу,unknown,группу,wordfreq:ru,wordfreq_seeded;deterministically_filtered;needs_human_review
ru,v1,2,1273,1298,дает,дает,дает,unknown,дает,wordfreq:ru,wordfreq_seeded;deterministically_filtered;needs_human_review
ru,v1,2,1274,1299,жители,жители,жители,unknown,жители,wordfreq:ru,wordfreq_seeded;deterministically_filtered;needs_human_review
ru,v1,2,1275,1300,значительно,значительно,значительно,unknown,значительно,wordfreq:ru,wordfreq_seeded;deterministically_filtered;needs_human_review
ru,v1,2,1276,1301,крупных,крупных,крупных,unknown,крупных,wordfreq:ru,wordfreq_seeded;deterministically_filtered;needs_human_review
ru,v1,2,1277,1302,модель,модель,модель,unknown,модель,wordfreq:ru,wordfreq_seeded;deterministically_filtered;needs_human_review
ru,v1,2,1278,1303,моря,моря,моря,unknown,моря,wordfreq:ru,wordfreq_seeded;deterministically_filtered;needs_human_review
ru,v1,2,1279,1304,музыка,музыка,музыка,unknown,музыка,wordfreq:ru,wordfreq_seeded;deterministically_filtered;needs_human_review
ru,v1,2,1280,1305,настоящий,настоящий,настоящий,unknown,настоящий,wordfreq:ru,wordfreq_seeded;deterministically_filtered;needs_human_review
ru,v1,2,1281,1306,находятся,находятся,находятся,unknown,находятся,wordfreq:ru,wordfreq_seeded;deterministically_filtered;needs_human_review
ru,v1,2,1282,1307,нашем,нашем,нашем,unknown,нашем,wordfreq:ru,wordfreq_seeded;deterministically_filtered;needs_human_review
ru,v1,2,1283,1308,ок,ок,ок,unknown,ок,wordfreq:ru,wordfreq_seeded;deterministically_filtered;needs_human_review
ru,v1,2,1284,1309,попал,попал,попал,unknown,попал,wordfreq:ru,wordfreq_seeded;deterministically_filtered;needs_human_review
ru,v1,2,1285,1310,появился,появился,появился,unknown,появился,wordfreq:ru,wordfreq_seeded;deterministically_filtered;needs_human_review
ru,v1,2,1286,1311,представителей,представителей,представителей,unknown,представителей,wordfreq:ru,wordfreq_seeded;deterministically_filtered;needs_human_review
ru,v1,2,1287,1312,промышленности,промышленности,промышленности,unknown,промышленности,wordfreq:ru,wordfreq_seeded;deterministically_filtered;needs_human_review
ru,v1,2,1288,1313,революции,революции,революции,unknown,революции,wordfreq:ru,wordfreq_seeded;deterministically_filtered;needs_human_review
ru,v1,2,1289,1314,роман,роман,роман,unknown,роман,wordfreq:ru,wordfreq_seeded;deterministically_filtered;needs_human_review
ru,v1,2,1290,1315,серьезно,серьезно,серьезно,unknown,серьезно,wordfreq:ru,wordfreq_seeded;deterministically_filtered;needs_human_review
ru,v1,2,1291,1316,событий,событий,событий,unknown,событий,wordfreq:ru,wordfreq_seeded;deterministically_filtered;needs_human_review
ru,v1,2,1292,1317,хватит,хватит,хватит,unknown,хватит,wordfreq:ru,wordfreq_seeded;deterministically_filtered;needs_human_review
ru,v1,2,1293,1318,виктор,виктор,виктор,unknown,виктор,wordfreq:ru,wordfreq_seeded;deterministically_filtered;needs_human_review
ru,v1,2,1294,1319,внимания,внимания,внимания,unknown,внимания,wordfreq:ru,wordfreq_seeded;deterministically_filtered;needs_human_review
ru,v1,2,1295,1320,возле,возле,возле,unknown,возле,wordfreq:ru,wordfreq_seeded;deterministically_filtered;needs_human_review
ru,v1,2,1296,1321,газеты,газеты,газеты,unknown,газеты,wordfreq:ru,wordfreq_seeded;deterministically_filtered;needs_human_review
ru,v1,2,1297,1322,девочка,девочка,девочка,unknown,девочка,wordfreq:ru,wordfreq_seeded;deterministically_filtered;needs_human_review
ru,v1,2,1298,1323,землю,землю,землю,unknown,землю,wordfreq:ru,wordfreq_seeded;deterministically_filtered;needs_human_review
ru,v1,2,1299,1324,матча,матча,матча,unknown,матча,wordfreq:ru,wordfreq_seeded;deterministically_filtered;needs_human_review
ru,v1,2,1300,1325,метро,метро,метро,unknown,метро,wordfreq:ru,wordfreq_seeded;deterministically_filtered;needs_human_review
ru,v1,2,1301,1326,моему,моему,моему,unknown,моему,wordfreq:ru,wordfreq_seeded;deterministically_filtered;needs_human_review
ru,v1,2,1302,1327,начинается,начинается,начинается,unknown,начинается,wordfreq:ru,wordfreq_seeded;deterministically_filtered;needs_human_review
ru,v1,2,1303,1328,нашел,нашел,нашел,unknown,нашел,wordfreq:ru,wordfreq_seeded;deterministically_filtered;needs_human_review
ru,v1,2,1304,1329,нашу,нашу,нашу,unknown,нашу,wordfreq:ru,wordfreq_seeded;deterministically_filtered;needs_human_review
ru,v1,2,1305,1330,никакого,никакого,никакого,unknown,никакого,wordfreq:ru,wordfreq_seeded;deterministically_filtered;needs_human_review
ru,v1,2,1306,1331,оказалось,оказалось,оказалось,unknown,оказалось,wordfreq:ru,wordfreq_seeded;deterministically_filtered;needs_human_review
ru,v1,2,1307,1332,папа,папа,папа,unknown,папа,wordfreq:ru,wordfreq_seeded;deterministically_filtered;needs_human_review
ru,v1,2,1308,1333,появились,появились,появились,unknown,появились,wordfreq:ru,wordfreq_seeded;deterministically_filtered;needs_human_review
ru,v1,2,1309,1334,прошел,прошел,прошел,unknown,прошел,wordfreq:ru,wordfreq_seeded;deterministically_filtered;needs_human_review
ru,v1,2,1310,1335,российская,российская,российская,unknown,российская,wordfreq:ru,wordfreq_seeded;deterministically_filtered;needs_human_review
ru,v1,2,1311,1336,ряда,ряда,ряда,unknown,ряда,wordfreq:ru,wordfreq_seeded;deterministically_filtered;needs_human_review
ru,v1,2,1312,1337,света,света,света,unknown,света,wordfreq:ru,wordfreq_seeded;deterministically_filtered;needs_human_review
ru,v1,2,1313,1338,семье,семье,семье,unknown,семье,wordfreq:ru,wordfreq_seeded;deterministically_filtered;needs_human_review
ru,v1,2,1314,1339,сказали,сказали,сказали,unknown,сказали,wordfreq:ru,wordfreq_seeded;deterministically_filtered;needs_human_review
ru,v1,2,1315,1340,словно,словно,словно,unknown,словно,wordfreq:ru,wordfreq_seeded;deterministically_filtered;needs_human_review
ru,v1,2,1316,1341,характер,характер,характер,unknown,характер,wordfreq:ru,wordfreq_seeded;deterministically_filtered;needs_human_review
ru,v1,2,1317,1342,хозяйства,хозяйства,хозяйства,unknown,хозяйства,wordfreq:ru,wordfreq_seeded;deterministically_filtered;needs_human_review
ru,v1,2,1318,1343,церковь,церковь,церковь,unknown,церковь,wordfreq:ru,wordfreq_seeded;deterministically_filtered;needs_human_review
ru,v1,2,1319,1344,честно,честно,честно,unknown,честно,wordfreq:ru,wordfreq_seeded;deterministically_filtered;needs_human_review
ru,v1,2,1320,1345,чувства,чувства,чувства,unknown,чувства,wordfreq:ru,wordfreq_seeded;deterministically_filtered;needs_human_review
ru,v1,2,1321,1346,чувствую,чувствую,чувствую,unknown,чувствую,wordfreq:ru,wordfreq_seeded;deterministically_filtered;needs_human_review
ru,v1,2,1322,1347,школа,школа,школа,unknown,школа,wordfreq:ru,wordfreq_seeded;deterministically_filtered;needs_human_review
ru,v1,2,1323,1348,японии,японии,японии,unknown,японии,wordfreq:ru,wordfreq_seeded;deterministically_filtered;needs_human_review
ru,v1,2,1324,1349,академии,академии,академии,unknown,академии,wordfreq:ru,wordfreq_seeded;deterministically_filtered;needs_human_review
ru,v1,2,1325,1350,бога,бога,бога,unknown,бога,wordfreq:ru,wordfreq_seeded;deterministically_filtered;needs_human_review
ru,v1,2,1326,1351,боюсь,боюсь,боюсь,unknown,боюсь,wordfreq:ru,wordfreq_seeded;deterministically_filtered;needs_human_review
ru,v1,2,1327,1352,быстрее,быстрее,быстрее,unknown,быстрее,wordfreq:ru,wordfreq_seeded;deterministically_filtered;needs_human_review
ru,v1,2,1328,1353,вариант,вариант,вариант,unknown,вариант,wordfreq:ru,wordfreq_seeded;deterministically_filtered;needs_human_review
ru,v1,2,1329,1354,вода,вода,вода,unknown,вода,wordfreq:ru,wordfreq_seeded;deterministically_filtered;needs_human_review
ru,v1,2,1330,1355,военные,военные,военные,unknown,военные,wordfreq:ru,wordfreq_seeded;deterministically_filtered;needs_human_review
ru,v1,2,1331,1356,временем,временем,временем,unknown,временем,wordfreq:ru,wordfreq_seeded;deterministically_filtered;needs_human_review
ru,v1,2,1332,1357,доброе,доброе,доброе,unknown,доброе,wordfreq:ru,wordfreq_seeded;deterministically_filtered;needs_human_review
ru,v1,2,1333,1358,з,з,з,unknown,з,wordfreq:ru,wordfreq_seeded;deterministically_filtered;needs_human_review
ru,v1,2,1334,1359,идут,идут,идут,unknown,идут,wordfreq:ru,wordfreq_seeded;deterministically_filtered;needs_human_review
ru,v1,2,1335,1360,институт,институт,институт,unknown,институт,wordfreq:ru,wordfreq_seeded;deterministically_filtered;needs_human_review
ru,v1,2,1336,1361,исследований,исследований,исследований,unknown,исследований,wordfreq:ru,wordfreq_seeded;deterministically_filtered;needs_human_review
ru,v1,2,1337,1362,каком,каком,каком,unknown,каком,wordfreq:ru,wordfreq_seeded;deterministically_filtered;needs_human_review
ru,v1,2,1338,1363,материалы,материалы,материалы,unknown,материалы,wordfreq:ru,wordfreq_seeded;deterministically_filtered;needs_human_review
ru,v1,2,1339,1364,министра,министра,министра,unknown,министра,wordfreq:ru,wordfreq_seeded;deterministically_filtered;needs_human_review
ru,v1,2,1340,1365,молодой,молодой,молодой,unknown,молодой,wordfreq:ru,wordfreq_seeded;deterministically_filtered;needs_human_review
ru,v1,2,1341,1366,начинает,начинает,начинает,unknown,начинает,wordfreq:ru,wordfreq_seeded;deterministically_filtered;needs_human_review
ru,v1,2,1342,1367,политической,политической,политической,unknown,политической,wordfreq:ru,wordfreq_seeded;deterministically_filtered;needs_human_review
ru,v1,2,1343,1368,поняла,поняла,поняла,unknown,поняла,wordfreq:ru,wordfreq_seeded;deterministically_filtered;needs_human_review
ru,v1,2,1344,1369,порошенко,порошенко,порошенко,unknown,порошенко,wordfreq:ru,wordfreq_seeded;deterministically_filtered;needs_human_review
ru,v1,2,1345,1370,прекрасно,прекрасно,прекрасно,unknown,прекрасно,wordfreq:ru,wordfreq_seeded;deterministically_filtered;needs_human_review
ru,v1,2,1346,1371,программу,программу,программу,unknown,программу,wordfreq:ru,wordfreq_seeded;deterministically_filtered;needs_human_review
ru,v1,2,1347,1372,различные,различные,различные,unknown,различные,wordfreq:ru,wordfreq_seeded;deterministically_filtered;needs_human_review
ru,v1,2,1348,1373,свободы,свободы,свободы,unknown,свободы,wordfreq:ru,wordfreq_seeded;deterministically_filtered;needs_human_review
ru,v1,2,1349,1374,сделала,сделала,сделала,unknown,сделала,wordfreq:ru,wordfreq_seeded;deterministically_filtered;needs_human_review
ru,v1,2,1350,1375,случайно,случайно,случайно,unknown,случайно,wordfreq:ru,wordfreq_seeded;deterministically_filtered;needs_human_review
ru,v1,2,1351,1376,сожалению,сожалению,сожалению,unknown,сожалению,wordfreq:ru,wordfreq_seeded;deterministically_filtered;needs_human_review
ru,v1,2,1352,1377,текст,текст,текст,unknown,текст,wordfreq:ru,wordfreq_seeded;deterministically_filtered;needs_human_review
ru,v1,2,1353,1378,участников,участников,участников,unknown,участников,wordfreq:ru,wordfreq_seeded;deterministically_filtered;needs_human_review
ru,v1,2,1354,1379,ученые,ученые,ученые,unknown,ученые,wordfreq:ru,wordfreq_seeded;deterministically_filtered;needs_human_review
ru,v1,2,1355,1380,фотографии,фотографии,фотографии,unknown,фотографии,wordfreq:ru,wordfreq_seeded;deterministically_filtered;needs_human_review
ru,v1,2,1356,1381,хватает,хватает,хватает,unknown,хватает,wordfreq:ru,wordfreq_seeded;deterministically_filtered;needs_human_review
ru,v1,2,1357,1382,хотели,хотели,хотели,unknown,хотели,wordfreq:ru,wordfreq_seeded;deterministically_filtered;needs_human_review
ru,v1,2,1358,1383,юрий,юрий,юрий,unknown,юрий,wordfreq:ru,wordfreq_seeded;deterministically_filtered;needs_human_review
ru,v1,2,1359,1384,войну,войну,войну,unknown,войну,wordfreq:ru,wordfreq_seeded;deterministically_filtered;needs_human_review
ru,v1,2,1360,1385,вопросам,вопросам,вопросам,unknown,вопросам,wordfreq:ru,wordfreq_seeded;deterministically_filtered;needs_human_review
ru,v1,2,1361,1386,времена,времена,времена,unknown,времена,wordfreq:ru,wordfreq_seeded;deterministically_filtered;needs_human_review
ru,v1,2,1362,1387,девушки,девушки,девушки,unknown,девушки,wordfreq:ru,wordfreq_seeded;deterministically_filtered;needs_human_review
ru,v1,2,1363,1388,документы,документы,документы,unknown,документы,wordfreq:ru,wordfreq_seeded;deterministically_filtered;needs_human_review
ru,v1,2,1364,1389,думала,думала,думала,unknown,думала,wordfreq:ru,wordfreq_seeded;deterministically_filtered;needs_human_review
ru,v1,2,1365,1390,ждет,ждет,ждет,unknown,ждет,wordfreq:ru,wordfreq_seeded;deterministically_filtered;needs_human_review
ru,v1,2,1366,1391,зависимости,зависимости,зависимости,unknown,зависимости,wordfreq:ru,wordfreq_seeded;deterministically_filtered;needs_human_review
ru,v1,2,1367,1392,играет,играет,играет,unknown,играет,wordfreq:ru,wordfreq_seeded;deterministically_filtered;needs_human_review
ru,v1,2,1368,1393,информацию,информацию,информацию,unknown,информацию,wordfreq:ru,wordfreq_seeded;deterministically_filtered;needs_human_review
ru,v1,2,1369,1394,использование,использование,использование,unknown,использование,wordfreq:ru,wordfreq_seeded;deterministically_filtered;needs_human_review
ru,v1,2,1370,1395,машина,машина,машина,unknown,машина,wordfreq:ru,wordfreq_seeded;deterministically_filtered;needs_human_review
ru,v1,2,1371,1396,множество,множество,множество,unknown,множество,wordfreq:ru,wordfreq_seeded;deterministically_filtered;needs_human_review
ru,v1,2,1372,1397,обратно,обратно,обратно,unknown,обратно,wordfreq:ru,wordfreq_seeded;deterministically_filtered;needs_human_review
ru,v1,2,1373,1398,объектов,объектов,объектов,unknown,объектов,wordfreq:ru,wordfreq_seeded;deterministically_filtered;needs_human_review
ru,v1,2,1374,1399,одни,одни,одни,unknown,одни,wordfreq:ru,wordfreq_seeded;deterministically_filtered;needs_human_review
ru,v1,2,1375,1400,оказывается,оказывается,оказывается,unknown,оказывается,wordfreq:ru,wordfreq_seeded;deterministically_filtered;needs_human_review
ru,v1,2,1376,1401,оружия,оружия,оружия,unknown,оружия,wordfreq:ru,wordfreq_seeded;deterministically_filtered;needs_human_review
ru,v1,2,1377,1402,остался,остался,остался,unknown,остался,wordfreq:ru,wordfreq_seeded;deterministically_filtered;needs_human_review
ru,v1,2,1378,1403,отдела,отдела,отдела,unknown,отдела,wordfreq:ru,wordfreq_seeded;deterministically_filtered;needs_human_review
ru,v1,2,1379,1404,отличие,отличие,отличие,unknown,отличие,wordfreq:ru,wordfreq_seeded;deterministically_filtered;needs_human_review
ru,v1,2,1380,1405,планы,планы,планы,unknown,планы,wordfreq:ru,wordfreq_seeded;deterministically_filtered;needs_human_review
ru,v1,2,1381,1406,площадь,площадь,площадь,unknown,площадь,wordfreq:ru,wordfreq_seeded;deterministically_filtered;needs_human_review
ru,v1,2,1382,1407,показать,показать,показать,unknown,показать,wordfreq:ru,wordfreq_seeded;deterministically_filtered;needs_human_review
ru,v1,2,1383,1408,представить,представить,представить,unknown,представить,wordfreq:ru,wordfreq_seeded;deterministically_filtered;needs_human_review
ru,v1,2,1384,1409,приводит,приводит,приводит,unknown,приводит,wordfreq:ru,wordfreq_seeded;deterministically_filtered;needs_human_review
ru,v1,2,1385,1410,причины,причины,причины,unknown,причины,wordfreq:ru,wordfreq_seeded;deterministically_filtered;needs_human_review
ru,v1,2,1386,1411,проведения,проведения,проведения,unknown,проведения,wordfreq:ru,wordfreq_seeded;deterministically_filtered;needs_human_review
ru,v1,2,1387,1412,продуктов,продуктов,продуктов,unknown,продуктов,wordfreq:ru,wordfreq_seeded;deterministically_filtered;needs_human_review
ru,v1,2,1388,1413,протяжении,протяжении,протяжении,unknown,протяжении,wordfreq:ru,wordfreq_seeded;deterministically_filtered;needs_human_review
ru,v1,2,1389,1414,прошло,прошло,прошло,unknown,прошло,wordfreq:ru,wordfreq_seeded;deterministically_filtered;needs_human_review
ru,v1,2,1390,1415,пяти,пяти,пяти,unknown,пяти,wordfreq:ru,wordfreq_seeded;deterministically_filtered;needs_human_review
ru,v1,2,1391,1416,рабочих,рабочих,рабочих,unknown,рабочих,wordfreq:ru,wordfreq_seeded;deterministically_filtered;needs_human_review
ru,v1,2,1392,1417,родителей,родителей,родителей,unknown,родителей,wordfreq:ru,wordfreq_seeded;deterministically_filtered;needs_human_review
ru,v1,2,1393,1418,словам,словам,словам,unknown,словам,wordfreq:ru,wordfreq_seeded;deterministically_filtered;needs_human_review
ru,v1,2,1394,1419,советской,советской,советской,unknown,советской,wordfreq:ru,wordfreq_seeded;deterministically_filtered;needs_human_review
ru,v1,2,1395,1420,солдат,солдат,солдат,unknown,солдат,wordfreq:ru,wordfreq_seeded;deterministically_filtered;needs_human_review
ru,v1,2,1396,1421,считаю,считаю,считаю,unknown,считаю,wordfreq:ru,wordfreq_seeded;deterministically_filtered;needs_human_review
ru,v1,2,1397,1422,тяжело,тяжело,тяжело,unknown,тяжело,wordfreq:ru,wordfreq_seeded;deterministically_filtered;needs_human_review
ru,v1,2,1398,1423,хорошая,хорошая,хорошая,unknown,хорошая,wordfreq:ru,wordfreq_seeded;deterministically_filtered;needs_human_review
ru,v1,2,1399,1424,хорошие,хорошие,хорошие,unknown,хорошие,wordfreq:ru,wordfreq_seeded;deterministically_filtered;needs_human_review
ru,v1,2,1400,1425,цели,цели,цели,unknown,цели,wordfreq:ru,wordfreq_seeded;deterministically_filtered;needs_human_review
ru,v1,2,1401,1426,целый,целый,целый,unknown,целый,wordfreq:ru,wordfreq_seeded;deterministically_filtered;needs_human_review
ru,v1,2,1402,1427,чемпионат,чемпионат,чемпионат,unknown,чемпионат,wordfreq:ru,wordfreq_seeded;deterministically_filtered;needs_human_review
ru,v1,2,1403,1428,шаг,шаг,шаг,unknown,шаг,wordfreq:ru,wordfreq_seeded;deterministically_filtered;needs_human_review
ru,v1,2,1404,1429,iii,iii,iii,unknown,iii,wordfreq:ru,wordfreq_seeded;deterministically_filtered;needs_human_review
ru,v1,2,1405,1430,to,to,to,unknown,to,wordfreq:ru,wordfreq_seeded;deterministically_filtered;needs_human_review
ru,v1,2,1406,1431,адрес,адрес,адрес,unknown,адрес,wordfreq:ru,wordfreq_seeded;deterministically_filtered;needs_human_review
ru,v1,2,1407,1432,активно,активно,активно,unknown,активно,wordfreq:ru,wordfreq_seeded;deterministically_filtered;needs_human_review
ru,v1,2,1408,1433,ан,ан,ан,unknown,ан,wordfreq:ru,wordfreq_seeded;deterministically_filtered;needs_human_review
ru,v1,2,1409,1434,боль,боль,боль,unknown,боль,wordfreq:ru,wordfreq_seeded;deterministically_filtered;needs_human_review
ru,v1,2,1410,1435,большим,большим,большим,unknown,большим,wordfreq:ru,wordfreq_seeded;deterministically_filtered;needs_human_review
ru,v1,2,1411,1436,войска,войска,войска,unknown,войска,wordfreq:ru,wordfreq_seeded;deterministically_filtered;needs_human_review
ru,v1,2,1412,1437,выходит,выходит,выходит,unknown,выходит,wordfreq:ru,wordfreq_seeded;deterministically_filtered;needs_human_review
ru,v1,2,1413,1438,газа,газа,газа,unknown,газа,wordfreq:ru,wordfreq_seeded;deterministically_filtered;needs_human_review
ru,v1,2,1414,1439,голове,голове,голове,unknown,голове,wordfreq:ru,wordfreq_seeded;deterministically_filtered;needs_human_review
ru,v1,2,1415,1440,городов,городов,городов,unknown,городов,wordfreq:ru,wordfreq_seeded;deterministically_filtered;needs_human_review
ru,v1,2,1416,1441,городской,городской,городской,unknown,городской,wordfreq:ru,wordfreq_seeded;deterministically_filtered;needs_human_review
ru,v1,2,1417,1442,депутатов,депутатов,депутатов,unknown,депутатов,wordfreq:ru,wordfreq_seeded;deterministically_filtered;needs_human_review
ru,v1,2,1418,1443,депутаты,депутаты,депутаты,unknown,депутаты,wordfreq:ru,wordfreq_seeded;deterministically_filtered;needs_human_review
ru,v1,2,1419,1444,дороге,дороге,дороге,unknown,дороге,wordfreq:ru,wordfreq_seeded;deterministically_filtered;needs_human_review
ru,v1,2,1420,1445,другу,другу,другу,unknown,другу,wordfreq:ru,wordfreq_seeded;deterministically_filtered;needs_human_review
ru,v1,2,1421,1446,души,души,души,unknown,души,wordfreq:ru,wordfreq_seeded;deterministically_filtered;needs_human_review
ru,v1,2,1422,1447,ес,ес,ес,unknown,ес,wordfreq:ru,wordfreq_seeded;deterministically_filtered;needs_human_review
ru,v1,2,1423,1448,желание,желание,желание,unknown,желание,wordfreq:ru,wordfreq_seeded;deterministically_filtered;needs_human_review
ru,v1,2,1424,1449,заместитель,заместитель,заместитель,unknown,заместитель,wordfreq:ru,wordfreq_seeded;deterministically_filtered;needs_human_review
ru,v1,2,1425,1450,заметил,заметил,заметил,unknown,заметил,wordfreq:ru,wordfreq_seeded;deterministically_filtered;needs_human_review
ru,v1,2,1426,1451,использования,использования,использования,unknown,использования,wordfreq:ru,wordfreq_seeded;deterministically_filtered;needs_human_review
ru,v1,2,1427,1452,класс,класс,класс,unknown,класс,wordfreq:ru,wordfreq_seeded;deterministically_filtered;needs_human_review
ru,v1,2,1428,1453,книг,книг,книг,unknown,книг,wordfreq:ru,wordfreq_seeded;deterministically_filtered;needs_human_review
ru,v1,2,1429,1454,контроль,контроль,контроль,unknown,контроль,wordfreq:ru,wordfreq_seeded;deterministically_filtered;needs_human_review
ru,v1,2,1430,1455,конференции,конференции,конференции,unknown,конференции,wordfreq:ru,wordfreq_seeded;deterministically_filtered;needs_human_review
ru,v1,2,1431,1456,король,король,король,unknown,король,wordfreq:ru,wordfreq_seeded;deterministically_filtered;needs_human_review
ru,v1,2,1432,1457,красной,красной,красной,unknown,красной,wordfreq:ru,wordfreq_seeded;deterministically_filtered;needs_human_review
ru,v1,2,1433,1458,национального,национального,национального,unknown,национального,wordfreq:ru,wordfreq_seeded;deterministically_filtered;needs_human_review
ru,v1,2,1434,1459,нашла,нашла,нашла,unknown,нашла,wordfreq:ru,wordfreq_seeded;deterministically_filtered;needs_human_review
ru,v1,2,1435,1460,отсюда,отсюда,отсюда,unknown,отсюда,wordfreq:ru,wordfreq_seeded;deterministically_filtered;needs_human_review
ru,v1,2,1436,1461,парня,парня,парня,unknown,парня,wordfreq:ru,wordfreq_seeded;deterministically_filtered;needs_human_review
ru,v1,2,1437,1462,писал,писал,писал,unknown,писал,wordfreq:ru,wordfreq_seeded;deterministically_filtered;needs_human_review
ru,v1,2,1438,1463,погибли,погибли,погибли,unknown,погибли,wordfreq:ru,wordfreq_seeded;deterministically_filtered;needs_human_review
ru,v1,2,1439,1464,поздно,поздно,поздно,unknown,поздно,wordfreq:ru,wordfreq_seeded;deterministically_filtered;needs_human_review
ru,v1,2,1440,1465,поможет,поможет,поможет,unknown,поможет,wordfreq:ru,wordfreq_seeded;deterministically_filtered;needs_human_review
ru,v1,2,1441,1466,представители,представители,представители,unknown,представители,wordfreq:ru,wordfreq_seeded;deterministically_filtered;needs_human_review
ru,v1,2,1442,1467,рада,рада,рада,unknown,рада,wordfreq:ru,wordfreq_seeded;deterministically_filtered;needs_human_review
ru,v1,2,1443,1468,режим,режим,режим,unknown,режим,wordfreq:ru,wordfreq_seeded;deterministically_filtered;needs_human_review
ru,v1,2,1444,1469,русском,русском,русском,unknown,русском,wordfreq:ru,wordfreq_seeded;deterministically_filtered;needs_human_review
ru,v1,2,1445,1470,свете,свете,свете,unknown,свете,wordfreq:ru,wordfreq_seeded;deterministically_filtered;needs_human_review
ru,v1,2,1446,1471,связано,связано,связано,unknown,связано,wordfreq:ru,wordfreq_seeded;deterministically_filtered;needs_human_review
ru,v1,2,1447,1472,стоимость,стоимость,стоимость,unknown,стоимость,wordfreq:ru,wordfreq_seeded;deterministically_filtered;needs_human_review
ru,v1,2,1448,1473,столь,столь,столь,unknown,столь,wordfreq:ru,wordfreq_seeded;deterministically_filtered;needs_human_review
ru,v1,2,1449,1474,страна,страна,страна,unknown,страна,wordfreq:ru,wordfreq_seeded;deterministically_filtered;needs_human_review
ru,v1,2,1450,1475,твоя,твоя,твоя,unknown,твоя,wordfreq:ru,wordfreq_seeded;deterministically_filtered;needs_human_review
ru,v1,2,1451,1476,технологии,технологии,технологии,unknown,технологии,wordfreq:ru,wordfreq_seeded;deterministically_filtered;needs_human_review
ru,v1,2,1452,1477,военного,военного,военного,unknown,военного,wordfreq:ru,wordfreq_seeded;deterministically_filtered;needs_human_review
ru,v1,2,1453,1478,впрочем,впрочем,впрочем,unknown,впрочем,wordfreq:ru,wordfreq_seeded;deterministically_filtered;needs_human_review
ru,v1,2,1454,1479,второе,второе,второе,unknown,второе,wordfreq:ru,wordfreq_seeded;deterministically_filtered;needs_human_review
ru,v1,2,1455,1480,втором,втором,втором,unknown,втором,wordfreq:ru,wordfreq_seeded;deterministically_filtered;needs_human_review
ru,v1,2,1456,1481,выборах,выборах,выборах,unknown,выборах,wordfreq:ru,wordfreq_seeded;deterministically_filtered;needs_human_review
ru,v1,2,1457,1482,выхода,выхода,выхода,unknown,выхода,wordfreq:ru,wordfreq_seeded;deterministically_filtered;needs_human_review
ru,v1,2,1458,1483,годах,годах,годах,unknown,годах,wordfreq:ru,wordfreq_seeded;deterministically_filtered;needs_human_review
ru,v1,2,1459,1484,комнату,комнату,комнату,unknown,комнату,wordfreq:ru,wordfreq_seeded;deterministically_filtered;needs_human_review
ru,v1,2,1460,1485,необходимости,необходимости,необходимости,unknown,необходимости,wordfreq:ru,wordfreq_seeded;deterministically_filtered;needs_human_review
ru,v1,2,1461,1486,образ,образ,образ,unknown,образ,wordfreq:ru,wordfreq_seeded;deterministically_filtered;needs_human_review
ru,v1,2,1462,1487,одному,одному,одному,unknown,одному,wordfreq:ru,wordfreq_seeded;deterministically_filtered;needs_human_review
ru,v1,2,1463,1488,остров,остров,остров,unknown,остров,wordfreq:ru,wordfreq_seeded;deterministically_filtered;needs_human_review
ru,v1,2,1464,1489,отсутствие,отсутствие,отсутствие,unknown,отсутствие,wordfreq:ru,wordfreq_seeded;deterministically_filtered;needs_human_review
ru,v1,2,1465,1490,пойти,пойти,пойти,unknown,пойти,wordfreq:ru,wordfreq_seeded;deterministically_filtered;needs_human_review
ru,v1,2,1466,1491,пошли,пошли,пошли,unknown,пошли,wordfreq:ru,wordfreq_seeded;deterministically_filtered;needs_human_review
ru,v1,2,1467,1492,принадлежит,принадлежит,принадлежит,unknown,принадлежит,wordfreq:ru,wordfreq_seeded;deterministically_filtered;needs_human_review
ru,v1,2,1468,1493,решила,решила,решила,unknown,решила,wordfreq:ru,wordfreq_seeded;deterministically_filtered;needs_human_review
ru,v1,2,1469,1494,российские,российские,российские,unknown,российские,wordfreq:ru,wordfreq_seeded;deterministically_filtered;needs_human_review
ru,v1,2,1470,1495,систем,систем,систем,unknown,систем,wordfreq:ru,wordfreq_seeded;deterministically_filtered;needs_human_review
ru,v1,2,1471,1496,содержание,содержание,содержание,unknown,содержание,wordfreq:ru,wordfreq_seeded;deterministically_filtered;needs_human_review
ru,v1,2,1472,1497,такими,такими,такими,unknown,такими,wordfreq:ru,wordfreq_seeded;deterministically_filtered;needs_human_review
ru,v1,2,1473,1498,требует,требует,требует,unknown,требует,wordfreq:ru,wordfreq_seeded;deterministically_filtered;needs_human_review
ru,v1,2,1474,1499,увеличение,увеличение,увеличение,unknown,увеличение,wordfreq:ru,wordfreq_seeded;deterministically_filtered;needs_human_review
ru,v1,2,1475,1500,формы,формы,формы,unknown,формы,wordfreq:ru,wordfreq_seeded;deterministically_filtered;needs_human_review
ru,v1,2,1476,1501,b,b,b,unknown,b,wordfreq:ru,wordfreq_seeded;deterministically_filtered;needs_human_review
ru,v1,2,1477,1502,англии,англии,англии,unknown,англии,wordfreq:ru,wordfreq_seeded;deterministically_filtered;needs_human_review
ru,v1,2,1478,1503,бой,бой,бой,unknown,бой,wordfreq:ru,wordfreq_seeded;deterministically_filtered;needs_human_review
ru,v1,2,1479,1504,восемь,восемь,восемь,unknown,восемь,wordfreq:ru,wordfreq_seeded;deterministically_filtered;needs_human_review
ru,v1,2,1480,1505,встреча,встреча,встреча,unknown,встреча,wordfreq:ru,wordfreq_seeded;deterministically_filtered;needs_human_review
ru,v1,2,1481,1506,выпуск,выпуск,выпуск,unknown,выпуск,wordfreq:ru,wordfreq_seeded;deterministically_filtered;needs_human_review
ru,v1,2,1482,1507,государств,государств,государств,unknown,государств,wordfreq:ru,wordfreq_seeded;deterministically_filtered;needs_human_review
ru,v1,2,1483,1508,данный,данный,данный,unknown,данный,wordfreq:ru,wordfreq_seeded;deterministically_filtered;needs_human_review
ru,v1,2,1484,1509,динамо,динамо,динамо,unknown,динамо,wordfreq:ru,wordfreq_seeded;deterministically_filtered;needs_human_review
ru,v1,2,1485,1510,завод,завод,завод,unknown,завод,wordfreq:ru,wordfreq_seeded;deterministically_filtered;needs_human_review
ru,v1,2,1486,1511,завода,завода,завода,unknown,завода,wordfreq:ru,wordfreq_seeded;deterministically_filtered;needs_human_review
ru,v1,2,1487,1512,звезды,звезды,звезды,unknown,звезды,wordfreq:ru,wordfreq_seeded;deterministically_filtered;needs_human_review
ru,v1,2,1488,1513,здоровья,здоровья,здоровья,unknown,здоровья,wordfreq:ru,wordfreq_seeded;deterministically_filtered;needs_human_review
ru,v1,2,1489,1514,которыми,которыми,которыми,unknown,которыми,wordfreq:ru,wordfreq_seeded;deterministically_filtered;needs_human_review
ru,v1,2,1490,1515,международный,международный,международный,unknown,международный,wordfreq:ru,wordfreq_seeded;deterministically_filtered;needs_human_review
ru,v1,2,1491,1516,минуты,минуты,минуты,unknown,минуты,wordfreq:ru,wordfreq_seeded;deterministically_filtered;needs_human_review
ru,v1,2,1492,1517,многое,многое,многое,unknown,многое,wordfreq:ru,wordfreq_seeded;deterministically_filtered;needs_human_review
ru,v1,2,1493,1518,могло,могло,могло,unknown,могло,wordfreq:ru,wordfreq_seeded;deterministically_filtered;needs_human_review
ru,v1,2,1494,1519,направлении,направлении,направлении,unknown,направлении,wordfreq:ru,wordfreq_seeded;deterministically_filtered;needs_human_review
ru,v1,2,1495,1520,небольшой,небольшой,небольшой,unknown,небольшой,wordfreq:ru,wordfreq_seeded;deterministically_filtered;needs_human_review
ru,v1,2,1496,1521,перевод,перевод,перевод,unknown,перевод,wordfreq:ru,wordfreq_seeded;deterministically_filtered;needs_human_review
ru,v1,2,1497,1522,петербург,петербург,петербург,unknown,петербург,wordfreq:ru,wordfreq_seeded;deterministically_filtered;needs_human_review
ru,v1,2,1498,1523,пользу,пользу,пользу,unknown,пользу,wordfreq:ru,wordfreq_seeded;deterministically_filtered;needs_human_review
ru,v1,2,1499,1524,последних,последних,последних,unknown,последних,wordfreq:ru,wordfreq_seeded;deterministically_filtered;needs_human_review
ru,v1,2,1500,1525,появилась,появилась,появилась,unknown,появилась,wordfreq:ru,wordfreq_seeded;deterministically_filtered;needs_human_review
ru,v1,2,1501,1526,предложил,предложил,предложил,unknown,предложил,wordfreq:ru,wordfreq_seeded;deterministically_filtered;needs_human_review
ru,v1,2,1502,1527,профессор,профессор,профессор,unknown,профессор,wordfreq:ru,wordfreq_seeded;deterministically_filtered;needs_human_review
ru,v1,2,1503,1528,русская,русская,русская,unknown,русская,wordfreq:ru,wordfreq_seeded;deterministically_filtered;needs_human_review
ru,v1,2,1504,1529,сборная,сборная,сборная,unknown,сборная,wordfreq:ru,wordfreq_seeded;deterministically_filtered;needs_human_review
ru,v1,2,1505,1530,сердца,сердца,сердца,unknown,сердца,wordfreq:ru,wordfreq_seeded;deterministically_filtered;needs_human_review
ru,v1,2,1506,1531,сеть,сеть,сеть,unknown,сеть,wordfreq:ru,wordfreq_seeded;deterministically_filtered;needs_human_review
ru,v1,2,1507,1532,сильнее,сильнее,сильнее,unknown,сильнее,wordfreq:ru,wordfreq_seeded;deterministically_filtered;needs_human_review
ru,v1,2,1508,1533,сон,сон,сон,unknown,сон,wordfreq:ru,wordfreq_seeded;deterministically_filtered;needs_human_review
ru,v1,2,1509,1534,странно,странно,странно,unknown,странно,wordfreq:ru,wordfreq_seeded;deterministically_filtered;needs_human_review
ru,v1,2,1510,1535,тему,тему,тему,unknown,тему,wordfreq:ru,wordfreq_seeded;deterministically_filtered;needs_human_review
ru,v1,2,1511,1536,ума,ума,ума,unknown,ума,wordfreq:ru,wordfreq_seeded;deterministically_filtered;needs_human_review
ru,v1,2,1512,1537,s,s,s,unknown,s,wordfreq:ru,wordfreq_seeded;deterministically_filtered;needs_human_review
ru,v1,2,1513,1538,базе,базе,базе,unknown,базе,wordfreq:ru,wordfreq_seeded;deterministically_filtered;needs_human_review
ru,v1,2,1514,1539,банк,банк,банк,unknown,банк,wordfreq:ru,wordfreq_seeded;deterministically_filtered;needs_human_review
ru,v1,2,1515,1540,видели,видели,видели,unknown,видели,wordfreq:ru,wordfreq_seeded;deterministically_filtered;needs_human_review
ru,v1,2,1516,1541,вице,вице,вице,unknown,вице,wordfreq:ru,wordfreq_seeded;deterministically_filtered;needs_human_review
ru,v1,2,1517,1542,вне,вне,вне,unknown,вне,wordfreq:ru,wordfreq_seeded;deterministically_filtered;needs_human_review
ru,v1,2,1518,1543,военно,военно,военно,unknown,военно,wordfreq:ru,wordfreq_seeded;deterministically_filtered;needs_human_review
ru,v1,2,1519,1544,возрасте,возрасте,возрасте,unknown,возрасте,wordfreq:ru,wordfreq_seeded;deterministically_filtered;needs_human_review
ru,v1,2,1520,1545,голова,голова,голова,unknown,голова,wordfreq:ru,wordfreq_seeded;deterministically_filtered;needs_human_review
ru,v1,2,1521,1546,животных,животных,животных,unknown,животных,wordfreq:ru,wordfreq_seeded;deterministically_filtered;needs_human_review
ru,v1,2,1522,1547,задача,задача,задача,unknown,задача,wordfreq:ru,wordfreq_seeded;deterministically_filtered;needs_human_review
ru,v1,2,1523,1548,зоне,зоне,зоне,unknown,зоне,wordfreq:ru,wordfreq_seeded;deterministically_filtered;needs_human_review
ru,v1,2,1524,1549,зоны,зоны,зоны,unknown,зоны,wordfreq:ru,wordfreq_seeded;deterministically_filtered;needs_human_review
ru,v1,2,1525,1550,идеи,идеи,идеи,unknown,идеи,wordfreq:ru,wordfreq_seeded;deterministically_filtered;needs_human_review
ru,v1,2,1526,1551,издание,издание,издание,unknown,издание,wordfreq:ru,wordfreq_seeded;deterministically_filtered;needs_human_review
ru,v1,2,1527,1552,комплекс,комплекс,комплекс,unknown,комплекс,wordfreq:ru,wordfreq_seeded;deterministically_filtered;needs_human_review
ru,v1,2,1528,1553,мальчик,мальчик,мальчик,unknown,мальчик,wordfreq:ru,wordfreq_seeded;deterministically_filtered;needs_human_review
ru,v1,2,1529,1554,машин,машин,машин,unknown,машин,wordfreq:ru,wordfreq_seeded;deterministically_filtered;needs_human_review
ru,v1,2,1530,1555,наоборот,наоборот,наоборот,unknown,наоборот,wordfreq:ru,wordfreq_seeded;deterministically_filtered;needs_human_review
ru,v1,2,1531,1556,народного,народного,народного,unknown,народного,wordfreq:ru,wordfreq_seeded;deterministically_filtered;needs_human_review
ru,v1,2,1532,1557,особо,особо,особо,unknown,особо,wordfreq:ru,wordfreq_seeded;deterministically_filtered;needs_human_review
ru,v1,2,1533,1558,периода,периода,периода,unknown,периода,wordfreq:ru,wordfreq_seeded;deterministically_filtered;needs_human_review
ru,v1,2,1534,1559,подготовки,подготовки,подготовки,unknown,подготовки,wordfreq:ru,wordfreq_seeded;deterministically_filtered;needs_human_review
ru,v1,2,1535,1560,поддержку,поддержку,поддержку,unknown,поддержку,wordfreq:ru,wordfreq_seeded;deterministically_filtered;needs_human_review
ru,v1,2,1536,1561,полный,полный,полный,unknown,полный,wordfreq:ru,wordfreq_seeded;deterministically_filtered;needs_human_review
ru,v1,2,1537,1562,получилось,получилось,получилось,unknown,получилось,wordfreq:ru,wordfreq_seeded;deterministically_filtered;needs_human_review
ru,v1,2,1538,1563,прошу,прошу,прошу,unknown,прошу,wordfreq:ru,wordfreq_seeded;deterministically_filtered;needs_human_review
ru,v1,2,1539,1564,район,район,район,unknown,район,wordfreq:ru,wordfreq_seeded;deterministically_filtered;needs_human_review
ru,v1,2,1540,1565,руками,руками,руками,unknown,руками,wordfreq:ru,wordfreq_seeded;deterministically_filtered;needs_human_review
ru,v1,2,1541,1566,северо,северо,северо,unknown,северо,wordfreq:ru,wordfreq_seeded;deterministically_filtered;needs_human_review
ru,v1,2,1542,1567,секретарь,секретарь,секретарь,unknown,секретарь,wordfreq:ru,wordfreq_seeded;deterministically_filtered;needs_human_review
ru,v1,2,1543,1568,скорость,скорость,скорость,unknown,скорость,wordfreq:ru,wordfreq_seeded;deterministically_filtered;needs_human_review
ru,v1,2,1544,1569,социальной,социальной,социальной,unknown,социальной,wordfreq:ru,wordfreq_seeded;deterministically_filtered;needs_human_review
ru,v1,2,1545,1570,старый,старый,старый,unknown,старый,wordfreq:ru,wordfreq_seeded;deterministically_filtered;needs_human_review
ru,v1,2,1546,1571,стол,стол,стол,unknown,стол,wordfreq:ru,wordfreq_seeded;deterministically_filtered;needs_human_review
ru,v1,2,1547,1572,театра,театра,театра,unknown,театра,wordfreq:ru,wordfreq_seeded;deterministically_filtered;needs_human_review
ru,v1,2,1548,1573,цвета,цвета,цвета,unknown,цвета,wordfreq:ru,wordfreq_seeded;deterministically_filtered;needs_human_review
ru,v1,2,1549,1574,человеку,человеку,человеку,unknown,человеку,wordfreq:ru,wordfreq_seeded;deterministically_filtered;needs_human_review
ru,v1,2,1550,1575,экономического,экономического,экономического,unknown,экономического,wordfreq:ru,wordfreq_seeded;deterministically_filtered;needs_human_review
ru,v1,2,1551,1576,p,p,p,unknown,p,wordfreq:ru,wordfreq_seeded;deterministically_filtered;needs_human_review
ru,v1,2,1552,1577,великобритании,великобритании,великобритании,unknown,великобритании,wordfreq:ru,wordfreq_seeded;deterministically_filtered;needs_human_review
ru,v1,2,1553,1578,главе,главе,главе,unknown,главе,wordfreq:ru,wordfreq_seeded;deterministically_filtered;needs_human_review
ru,v1,2,1554,1579,граждан,граждан,граждан,unknown,граждан,wordfreq:ru,wordfreq_seeded;deterministically_filtered;needs_human_review
ru,v1,2,1555,1580,групп,групп,групп,unknown,групп,wordfreq:ru,wordfreq_seeded;deterministically_filtered;needs_human_review
ru,v1,2,1556,1581,двери,двери,двери,unknown,двери,wordfreq:ru,wordfreq_seeded;deterministically_filtered;needs_human_review
ru,v1,2,1557,1582,действие,действие,действие,unknown,действие,wordfreq:ru,wordfreq_seeded;deterministically_filtered;needs_human_review
ru,v1,2,1558,1583,домов,домов,домов,unknown,домов,wordfreq:ru,wordfreq_seeded;deterministically_filtered;needs_human_review
ru,v1,2,1559,1584,записи,записи,записи,unknown,записи,wordfreq:ru,wordfreq_seeded;deterministically_filtered;needs_human_review
ru,v1,2,1560,1585,земля,земля,земля,unknown,земля,wordfreq:ru,wordfreq_seeded;deterministically_filtered;needs_human_review
ru,v1,2,1561,1586,игорь,игорь,игорь,unknown,игорь,wordfreq:ru,wordfreq_seeded;deterministically_filtered;needs_human_review
ru,v1,2,1562,1587,известный,известный,известный,unknown,известный,wordfreq:ru,wordfreq_seeded;deterministically_filtered;needs_human_review
ru,v1,2,1563,1588,искусство,искусство,искусство,unknown,искусство,wordfreq:ru,wordfreq_seeded;deterministically_filtered;needs_human_review
ru,v1,2,1564,1589,крыму,крыму,крыму,unknown,крыму,wordfreq:ru,wordfreq_seeded;deterministically_filtered;needs_human_review
ru,v1,2,1565,1590,местах,местах,местах,unknown,местах,wordfreq:ru,wordfreq_seeded;deterministically_filtered;needs_human_review
ru,v1,2,1566,1591,местных,местных,местных,unknown,местных,wordfreq:ru,wordfreq_seeded;deterministically_filtered;needs_human_review
ru,v1,2,1567,1592,намного,намного,намного,unknown,намного,wordfreq:ru,wordfreq_seeded;deterministically_filtered;needs_human_review
ru,v1,2,1568,1593,неделе,неделе,неделе,unknown,неделе,wordfreq:ru,wordfreq_seeded;deterministically_filtered;needs_human_review
ru,v1,2,1569,1594,никакой,никакой,никакой,unknown,никакой,wordfreq:ru,wordfreq_seeded;deterministically_filtered;needs_human_review
ru,v1,2,1570,1595,обеспечения,обеспечения,обеспечения,unknown,обеспечения,wordfreq:ru,wordfreq_seeded;deterministically_filtered;needs_human_review
ru,v1,2,1571,1596,основных,основных,основных,unknown,основных,wordfreq:ru,wordfreq_seeded;deterministically_filtered;needs_human_review
ru,v1,2,1572,1597,отношение,отношение,отношение,unknown,отношение,wordfreq:ru,wordfreq_seeded;deterministically_filtered;needs_human_review
ru,v1,2,1573,1598,павел,павел,павел,unknown,павел,wordfreq:ru,wordfreq_seeded;deterministically_filtered;needs_human_review
ru,v1,2,1574,1599,пара,пара,пара,unknown,пара,wordfreq:ru,wordfreq_seeded;deterministically_filtered;needs_human_review
ru,v1,2,1575,1600,пройдет,пройдет,пройдет,unknown,пройдет,wordfreq:ru,wordfreq_seeded;deterministically_filtered;needs_human_review
ru,v1,2,1576,1601,размер,размер,размер,unknown,размер,wordfreq:ru,wordfreq_seeded;deterministically_filtered;needs_human_review
ru,v1,2,1577,1602,солнце,солнце,солнце,unknown,солнце,wordfreq:ru,wordfreq_seeded;deterministically_filtered;needs_human_review
ru,v1,2,1578,1603,убийства,убийства,убийства,unknown,убийства,wordfreq:ru,wordfreq_seeded;deterministically_filtered;needs_human_review
ru,v1,2,1579,1604,удар,удар,удар,unknown,удар,wordfreq:ru,wordfreq_seeded;deterministically_filtered;needs_human_review
ru,v1,2,1580,1605,установить,установить,установить,unknown,установить,wordfreq:ru,wordfreq_seeded;deterministically_filtered;needs_human_review
ru,v1,2,1581,1606,часы,часы,часы,unknown,часы,wordfreq:ru,wordfreq_seeded;deterministically_filtered;needs_human_review
ru,v1,2,1582,1607,явно,явно,явно,unknown,явно,wordfreq:ru,wordfreq_seeded;deterministically_filtered;needs_human_review
ru,v1,2,1583,1608,ближе,ближе,ближе,unknown,ближе,wordfreq:ru,wordfreq_seeded;deterministically_filtered;needs_human_review
ru,v1,2,1584,1609,ваше,ваше,ваше,unknown,ваше,wordfreq:ru,wordfreq_seeded;deterministically_filtered;needs_human_review
ru,v1,2,1585,1610,видела,видела,видела,unknown,видела,wordfreq:ru,wordfreq_seeded;deterministically_filtered;needs_human_review
ru,v1,2,1586,1611,внутренних,внутренних,внутренних,unknown,внутренних,wordfreq:ru,wordfreq_seeded;deterministically_filtered;needs_human_review
ru,v1,2,1587,1612,выборов,выборов,выборов,unknown,выборов,wordfreq:ru,wordfreq_seeded;deterministically_filtered;needs_human_review
ru,v1,2,1588,1613,выиграл,выиграл,выиграл,unknown,выиграл,wordfreq:ru,wordfreq_seeded;deterministically_filtered;needs_human_review
ru,v1,2,1589,1614,дорогу,дорогу,дорогу,unknown,дорогу,wordfreq:ru,wordfreq_seeded;deterministically_filtered;needs_human_review
ru,v1,2,1590,1615,другая,другая,другая,unknown,другая,wordfreq:ru,wordfreq_seeded;deterministically_filtered;needs_human_review
ru,v1,2,1591,1616,другую,другую,другую,unknown,другую,wordfreq:ru,wordfreq_seeded;deterministically_filtered;needs_human_review
ru,v1,2,1592,1617,испании,испании,испании,unknown,испании,wordfreq:ru,wordfreq_seeded;deterministically_filtered;needs_human_review
ru,v1,2,1593,1618,ка,ка,ка,unknown,ка,wordfreq:ru,wordfreq_seeded;deterministically_filtered;needs_human_review
ru,v1,2,1594,1619,качества,качества,качества,unknown,качества,wordfreq:ru,wordfreq_seeded;deterministically_filtered;needs_human_review
ru,v1,2,1595,1620,комитет,комитет,комитет,unknown,комитет,wordfreq:ru,wordfreq_seeded;deterministically_filtered;needs_human_review
ru,v1,2,1596,1621,контроля,контроля,контроля,unknown,контроля,wordfreq:ru,wordfreq_seeded;deterministically_filtered;needs_human_review
ru,v1,2,1597,1622,крайней,крайней,крайней,unknown,крайней,wordfreq:ru,wordfreq_seeded;deterministically_filtered;needs_human_review
ru,v1,2,1598,1623,ленина,ленина,ленина,unknown,ленина,wordfreq:ru,wordfreq_seeded;deterministically_filtered;needs_human_review
ru,v1,2,1599,1624,литературы,литературы,литературы,unknown,литературы,wordfreq:ru,wordfreq_seeded;deterministically_filtered;needs_human_review
ru,v1,2,1600,1625,любом,любом,любом,unknown,любом,wordfreq:ru,wordfreq_seeded;deterministically_filtered;needs_human_review
ru,v1,2,1601,1626,международной,международной,международной,unknown,международной,wordfreq:ru,wordfreq_seeded;deterministically_filtered;needs_human_review
ru,v1,2,1602,1627,меры,меры,меры,unknown,меры,wordfreq:ru,wordfreq_seeded;deterministically_filtered;needs_human_review
ru,v1,2,1603,1628,мысль,мысль,мысль,unknown,мысль,wordfreq:ru,wordfreq_seeded;deterministically_filtered;needs_human_review
ru,v1,2,1604,1629,навсегда,навсегда,навсегда,unknown,навсегда,wordfreq:ru,wordfreq_seeded;deterministically_filtered;needs_human_review
ru,v1,2,1605,1630,называют,называют,называют,unknown,называют,wordfreq:ru,wordfreq_seeded;deterministically_filtered;needs_human_review
ru,v1,2,1606,1631,нечего,нечего,нечего,unknown,нечего,wordfreq:ru,wordfreq_seeded;deterministically_filtered;needs_human_review
ru,v1,2,1607,1632,относится,относится,относится,unknown,относится,wordfreq:ru,wordfreq_seeded;deterministically_filtered;needs_human_review
ru,v1,2,1608,1633,питания,питания,питания,unknown,питания,wordfreq:ru,wordfreq_seeded;deterministically_filtered;needs_human_review
ru,v1,2,1609,1634,получения,получения,получения,unknown,получения,wordfreq:ru,wordfreq_seeded;deterministically_filtered;needs_human_review
ru,v1,2,1610,1635,последнего,последнего,последнего,unknown,последнего,wordfreq:ru,wordfreq_seeded;deterministically_filtered;needs_human_review
ru,v1,2,1611,1636,пошла,пошла,пошла,unknown,пошла,wordfreq:ru,wordfreq_seeded;deterministically_filtered;needs_human_review
ru,v1,2,1612,1637,председателя,председателя,председателя,unknown,председателя,wordfreq:ru,wordfreq_seeded;deterministically_filtered;needs_human_review
ru,v1,2,1613,1638,пытается,пытается,пытается,unknown,пытается,wordfreq:ru,wordfreq_seeded;deterministically_filtered;needs_human_review
ru,v1,2,1614,1639,радио,радио,радио,unknown,радио,wordfreq:ru,wordfreq_seeded;deterministically_filtered;needs_human_review
ru,v1,2,1615,1640,резко,резко,резко,unknown,резко,wordfreq:ru,wordfreq_seeded;deterministically_filtered;needs_human_review
ru,v1,2,1616,1641,ситуация,ситуация,ситуация,unknown,ситуация,wordfreq:ru,wordfreq_seeded;deterministically_filtered;needs_human_review
ru,v1,2,1617,1642,специально,специально,специально,unknown,специально,wordfreq:ru,wordfreq_seeded;deterministically_filtered;needs_human_review
ru,v1,2,1618,1643,средней,средней,средней,unknown,средней,wordfreq:ru,wordfreq_seeded;deterministically_filtered;needs_human_review
ru,v1,2,1619,1644,статья,статья,статья,unknown,статья,wordfreq:ru,wordfreq_seeded;deterministically_filtered;needs_human_review
ru,v1,2,1620,1645,температура,температура,температура,unknown,температура,wordfreq:ru,wordfreq_seeded;deterministically_filtered;needs_human_review
ru,v1,2,1621,1646,убийство,убийство,убийство,unknown,убийство,wordfreq:ru,wordfreq_seeded;deterministically_filtered;needs_human_review
ru,v1,2,1622,1647,фактически,фактически,фактически,unknown,фактически,wordfreq:ru,wordfreq_seeded;deterministically_filtered;needs_human_review
ru,v1,2,1623,1648,in,in,in,unknown,in,wordfreq:ru,wordfreq_seeded;deterministically_filtered;needs_human_review
ru,v1,2,1624,1649,анна,анна,анна,unknown,анна,wordfreq:ru,wordfreq_seeded;deterministically_filtered;needs_human_review
ru,v1,2,1625,1650,больно,больно,больно,unknown,больно,wordfreq:ru,wordfreq_seeded;deterministically_filtered;needs_human_review
ru,v1,2,1626,1651,вида,вида,вида,unknown,вида,wordfreq:ru,wordfreq_seeded;deterministically_filtered;needs_human_review
ru,v1,2,1627,1652,войне,войне,войне,unknown,войне,wordfreq:ru,wordfreq_seeded;deterministically_filtered;needs_human_review
ru,v1,2,1628,1653,востока,востока,востока,unknown,востока,wordfreq:ru,wordfreq_seeded;deterministically_filtered;needs_human_review
ru,v1,2,1629,1654,восточной,восточной,восточной,unknown,восточной,wordfreq:ru,wordfreq_seeded;deterministically_filtered;needs_human_review
ru,v1,2,1630,1655,вряд,вряд,вряд,unknown,вряд,wordfreq:ru,wordfreq_seeded;deterministically_filtered;needs_human_review
ru,v1,2,1631,1656,главных,главных,главных,unknown,главных,wordfreq:ru,wordfreq_seeded;deterministically_filtered;needs_human_review
ru,v1,2,1632,1657,главы,главы,главы,unknown,главы,wordfreq:ru,wordfreq_seeded;deterministically_filtered;needs_human_review
ru,v1,2,1633,1658,задачи,задачи,задачи,unknown,задачи,wordfreq:ru,wordfreq_seeded;deterministically_filtered;needs_human_review
ru,v1,2,1634,1659,западной,западной,западной,unknown,западной,wordfreq:ru,wordfreq_seeded;deterministically_filtered;needs_human_review
ru,v1,2,1635,1660,имели,имели,имели,unknown,имели,wordfreq:ru,wordfreq_seeded;deterministically_filtered;needs_human_review
ru,v1,2,1636,1661,качество,качество,качество,unknown,качество,wordfreq:ru,wordfreq_seeded;deterministically_filtered;needs_human_review
ru,v1,2,1637,1662,китая,китая,китая,unknown,китая,wordfreq:ru,wordfreq_seeded;deterministically_filtered;needs_human_review
ru,v1,2,1638,1663,команде,команде,команде,unknown,команде,wordfreq:ru,wordfreq_seeded;deterministically_filtered;needs_human_review
ru,v1,2,1639,1664,кпсс,кпсс,кпсс,unknown,кпсс,wordfreq:ru,wordfreq_seeded;deterministically_filtered;needs_human_review
ru,v1,2,1640,1665,лучшие,лучшие,лучшие,unknown,лучшие,wordfreq:ru,wordfreq_seeded;deterministically_filtered;needs_human_review
ru,v1,2,1641,1666,мария,мария,мария,unknown,мария,wordfreq:ru,wordfreq_seeded;deterministically_filtered;needs_human_review
ru,v1,2,1642,1667,министров,министров,министров,unknown,министров,wordfreq:ru,wordfreq_seeded;deterministically_filtered;needs_human_review
ru,v1,2,1643,1668,нашим,нашим,нашим,unknown,нашим,wordfreq:ru,wordfreq_seeded;deterministically_filtered;needs_human_review
ru,v1,2,1644,1669,обе,обе,обе,unknown,обе,wordfreq:ru,wordfreq_seeded;deterministically_filtered;needs_human_review
ru,v1,2,1645,1670,останется,останется,останется,unknown,останется,wordfreq:ru,wordfreq_seeded;deterministically_filtered;needs_human_review
ru,v1,2,1646,1671,песню,песню,песню,unknown,песню,wordfreq:ru,wordfreq_seeded;deterministically_filtered;needs_human_review
ru,v1,2,1647,1672,подарок,подарок,подарок,unknown,подарок,wordfreq:ru,wordfreq_seeded;deterministically_filtered;needs_human_review
ru,v1,2,1648,1673,показал,показал,показал,unknown,показал,wordfreq:ru,wordfreq_seeded;deterministically_filtered;needs_human_review
ru,v1,2,1649,1674,принято,принято,принято,unknown,принято,wordfreq:ru,wordfreq_seeded;deterministically_filtered;needs_human_review
ru,v1,2,1650,1675,прошла,прошла,прошла,unknown,прошла,wordfreq:ru,wordfreq_seeded;deterministically_filtered;needs_human_review
ru,v1,2,1651,1676,сельского,сельского,сельского,unknown,сельского,wordfreq:ru,wordfreq_seeded;deterministically_filtered;needs_human_review
ru,v1,2,1652,1677,сила,сила,сила,unknown,сила,wordfreq:ru,wordfreq_seeded;deterministically_filtered;needs_human_review
ru,v1,2,1653,1678,следующие,следующие,следующие,unknown,следующие,wordfreq:ru,wordfreq_seeded;deterministically_filtered;needs_human_review
ru,v1,2,1654,1679,среднем,среднем,среднем,unknown,среднем,wordfreq:ru,wordfreq_seeded;deterministically_filtered;needs_human_review
ru,v1,2,1655,1680,стихи,стихи,стихи,unknown,стихи,wordfreq:ru,wordfreq_seeded;deterministically_filtered;needs_human_review
ru,v1,2,1656,1681,сто,сто,сто,unknown,сто,wordfreq:ru,wordfreq_seeded;deterministically_filtered;needs_human_review
ru,v1,2,1657,1682,страшно,страшно,страшно,unknown,страшно,wordfreq:ru,wordfreq_seeded;deterministically_filtered;needs_human_review
ru,v1,2,1658,1683,считать,считать,считать,unknown,считать,wordfreq:ru,wordfreq_seeded;deterministically_filtered;needs_human_review
ru,v1,2,1659,1684,считают,считают,считают,unknown,считают,wordfreq:ru,wordfreq_seeded;deterministically_filtered;needs_human_review
ru,v1,2,1660,1685,театр,театр,театр,unknown,театр,wordfreq:ru,wordfreq_seeded;deterministically_filtered;needs_human_review
ru,v1,2,1661,1686,турции,турции,турции,unknown,турции,wordfreq:ru,wordfreq_seeded;deterministically_filtered;needs_human_review
ru,v1,2,1662,1687,украину,украину,украину,unknown,украину,wordfreq:ru,wordfreq_seeded;deterministically_filtered;needs_human_review
ru,v1,2,1663,1688,ушел,ушел,ушел,unknown,ушел,wordfreq:ru,wordfreq_seeded;deterministically_filtered;needs_human_review
ru,v1,2,1664,1689,армия,армия,армия,unknown,армия,wordfreq:ru,wordfreq_seeded;deterministically_filtered;needs_human_review
ru,v1,2,1665,1690,белый,белый,белый,unknown,белый,wordfreq:ru,wordfreq_seeded;deterministically_filtered;needs_human_review
ru,v1,2,1666,1691,брата,брата,брата,unknown,брата,wordfreq:ru,wordfreq_seeded;deterministically_filtered;needs_human_review
ru,v1,2,1667,1692,вечера,вечера,вечера,unknown,вечера,wordfreq:ru,wordfreq_seeded;deterministically_filtered;needs_human_review
ru,v1,2,1668,1693,владимира,владимира,владимира,unknown,владимира,wordfreq:ru,wordfreq_seeded;deterministically_filtered;needs_human_review
ru,v1,2,1669,1694,волосы,волосы,волосы,unknown,волосы,wordfreq:ru,wordfreq_seeded;deterministically_filtered;needs_human_review
ru,v1,2,1670,1695,газета,газета,газета,unknown,газета,wordfreq:ru,wordfreq_seeded;deterministically_filtered;needs_human_review
ru,v1,2,1671,1696,глазах,глазах,глазах,unknown,глазах,wordfreq:ru,wordfreq_seeded;deterministically_filtered;needs_human_review
ru,v1,2,1672,1697,головы,головы,головы,unknown,головы,wordfreq:ru,wordfreq_seeded;deterministically_filtered;needs_human_review
ru,v1,2,1673,1698,господи,господи,господи,unknown,господи,wordfreq:ru,wordfreq_seeded;deterministically_filtered;needs_human_review
ru,v1,2,1674,1699,директора,директора,директора,unknown,директора,wordfreq:ru,wordfreq_seeded;deterministically_filtered;needs_human_review
ru,v1,2,1675,1700,должности,должности,должности,unknown,должности,wordfreq:ru,wordfreq_seeded;deterministically_filtered;needs_human_review
ru,v1,2,1676,1701,должность,должность,должность,unknown,должность,wordfreq:ru,wordfreq_seeded;deterministically_filtered;needs_human_review
ru,v1,2,1677,1702,другому,другому,другому,unknown,другому,wordfreq:ru,wordfreq_seeded;deterministically_filtered;needs_human_review
ru,v1,2,1678,1703,душу,душу,душу,unknown,душу,wordfreq:ru,wordfreq_seeded;deterministically_filtered;needs_human_review
ru,v1,2,1679,1704,евгений,евгений,евгений,unknown,евгений,wordfreq:ru,wordfreq_seeded;deterministically_filtered;needs_human_review
ru,v1,2,1680,1705,жил,жил,жил,unknown,жил,wordfreq:ru,wordfreq_seeded;deterministically_filtered;needs_human_review
ru,v1,2,1681,1706,законом,законом,законом,unknown,законом,wordfreq:ru,wordfreq_seeded;deterministically_filtered;needs_human_review
ru,v1,2,1682,1707,знаем,знаем,знаем,unknown,знаем,wordfreq:ru,wordfreq_seeded;deterministically_filtered;needs_human_review
ru,v1,2,1683,1708,знали,знали,знали,unknown,знали,wordfreq:ru,wordfreq_seeded;deterministically_filtered;needs_human_review
ru,v1,2,1684,1709,интерес,интерес,интерес,unknown,интерес,wordfreq:ru,wordfreq_seeded;deterministically_filtered;needs_human_review
ru,v1,2,1685,1710,исключительно,исключительно,исключительно,unknown,исключительно,wordfreq:ru,wordfreq_seeded;deterministically_filtered;needs_human_review
ru,v1,2,1686,1711,источник,источник,источник,unknown,источник,wordfreq:ru,wordfreq_seeded;deterministically_filtered;needs_human_review
ru,v1,2,1687,1712,китай,китай,китай,unknown,китай,wordfreq:ru,wordfreq_seeded;deterministically_filtered;needs_human_review
ru,v1,2,1688,1713,крайне,крайне,крайне,unknown,крайне,wordfreq:ru,wordfreq_seeded;deterministically_filtered;needs_human_review
ru,v1,2,1689,1714,кровь,кровь,кровь,unknown,кровь,wordfreq:ru,wordfreq_seeded;deterministically_filtered;needs_human_review
ru,v1,2,1690,1715,международных,международных,международных,unknown,международных,wordfreq:ru,wordfreq_seeded;deterministically_filtered;needs_human_review
ru,v1,2,1691,1716,мимо,мимо,мимо,unknown,мимо,wordfreq:ru,wordfreq_seeded;deterministically_filtered;needs_human_review
ru,v1,2,1692,1717,минуту,минуту,минуту,unknown,минуту,wordfreq:ru,wordfreq_seeded;deterministically_filtered;needs_human_review
ru,v1,2,1693,1718,мужа,мужа,мужа,unknown,мужа,wordfreq:ru,wordfreq_seeded;deterministically_filtered;needs_human_review
ru,v1,2,1694,1719,началась,началась,началась,unknown,началась,wordfreq:ru,wordfreq_seeded;deterministically_filtered;needs_human_review
ru,v1,2,1695,1720,некоторое,некоторое,некоторое,unknown,некоторое,wordfreq:ru,wordfreq_seeded;deterministically_filtered;needs_human_review
ru,v1,2,1696,1721,новом,новом,новом,unknown,новом,wordfreq:ru,wordfreq_seeded;deterministically_filtered;needs_human_review
ru,v1,2,1697,1722,общественного,общественного,общественного,unknown,общественного,wordfreq:ru,wordfreq_seeded;deterministically_filtered;needs_human_review
ru,v1,2,1698,1723,ответил,ответил,ответил,unknown,ответил,wordfreq:ru,wordfreq_seeded;deterministically_filtered;needs_human_review
ru,v1,2,1699,1724,писать,писать,писать,unknown,писать,wordfreq:ru,wordfreq_seeded;deterministically_filtered;needs_human_review
ru,v1,2,1700,1725,позднее,позднее,позднее,unknown,позднее,wordfreq:ru,wordfreq_seeded;deterministically_filtered;needs_human_review
ru,v1,2,1701,1726,политических,политических,политических,unknown,политических,wordfreq:ru,wordfreq_seeded;deterministically_filtered;needs_human_review
ru,v1,2,1702,1727,поля,поля,поля,unknown,поля,wordfreq:ru,wordfreq_seeded;deterministically_filtered;needs_human_review
ru,v1,2,1703,1728,попасть,попасть,попасть,unknown,попасть,wordfreq:ru,wordfreq_seeded;deterministically_filtered;needs_human_review
ru,v1,2,1704,1729,постепенно,постепенно,постепенно,unknown,постепенно,wordfreq:ru,wordfreq_seeded;deterministically_filtered;needs_human_review
ru,v1,2,1705,1730,преступления,преступления,преступления,unknown,преступления,wordfreq:ru,wordfreq_seeded;deterministically_filtered;needs_human_review
ru,v1,2,1706,1731,принимать,принимать,принимать,unknown,принимать,wordfreq:ru,wordfreq_seeded;deterministically_filtered;needs_human_review
ru,v1,2,1707,1732,разговор,разговор,разговор,unknown,разговор,wordfreq:ru,wordfreq_seeded;deterministically_filtered;needs_human_review
ru,v1,2,1708,1733,рук,рук,рук,unknown,рук,wordfreq:ru,wordfreq_seeded;deterministically_filtered;needs_human_review
ru,v1,2,1709,1734,руководством,руководством,руководством,unknown,руководством,wordfreq:ru,wordfreq_seeded;deterministically_filtered;needs_human_review
ru,v1,2,1710,1735,сентябре,сентябре,сентябре,unknown,сентябре,wordfreq:ru,wordfreq_seeded;deterministically_filtered;needs_human_review
ru,v1,2,1711,1736,совместно,совместно,совместно,unknown,совместно,wordfreq:ru,wordfreq_seeded;deterministically_filtered;needs_human_review
ru,v1,2,1712,1737,студентов,студентов,студентов,unknown,студентов,wordfreq:ru,wordfreq_seeded;deterministically_filtered;needs_human_review
ru,v1,2,1713,1738,судьба,судьба,судьба,unknown,судьба,wordfreq:ru,wordfreq_seeded;deterministically_filtered;needs_human_review
ru,v1,2,1714,1739,сутки,сутки,сутки,unknown,сутки,wordfreq:ru,wordfreq_seeded;deterministically_filtered;needs_human_review
ru,v1,2,1715,1740,теории,теории,теории,unknown,теории,wordfreq:ru,wordfreq_seeded;deterministically_filtered;needs_human_review
ru,v1,2,1716,1741,товаров,товаров,товаров,unknown,товаров,wordfreq:ru,wordfreq_seeded;deterministically_filtered;needs_human_review
ru,v1,2,1717,1742,торговли,торговли,торговли,unknown,торговли,wordfreq:ru,wordfreq_seeded;deterministically_filtered;needs_human_review
ru,v1,2,1718,1743,ул,ул,ул,unknown,ул,wordfreq:ru,wordfreq_seeded;deterministically_filtered;needs_human_review
ru,v1,2,1719,1744,успешно,успешно,успешно,unknown,успешно,wordfreq:ru,wordfreq_seeded;deterministically_filtered;needs_human_review
ru,v1,2,1720,1745,факты,факты,факты,unknown,факты,wordfreq:ru,wordfreq_seeded;deterministically_filtered;needs_human_review
ru,v1,2,1721,1746,цвет,цвет,цвет,unknown,цвет,wordfreq:ru,wordfreq_seeded;deterministically_filtered;needs_human_review
ru,v1,2,1722,1747,экономической,экономической,экономической,unknown,экономической,wordfreq:ru,wordfreq_seeded;deterministically_filtered;needs_human_review
ru,v1,2,1723,1748,new,new,new,unknown,new,wordfreq:ru,wordfreq_seeded;deterministically_filtered;needs_human_review
ru,v1,2,1724,1749,великий,великий,великий,unknown,великий,wordfreq:ru,wordfreq_seeded;deterministically_filtered;needs_human_review
ru,v1,2,1725,1750,видит,видит,видит,unknown,видит,wordfreq:ru,wordfreq_seeded;deterministically_filtered;needs_human_review
ru,v1,2,1726,1751,виды,виды,виды,unknown,виды,wordfreq:ru,wordfreq_seeded;deterministically_filtered;needs_human_review
ru,v1,2,1727,1752,впереди,впереди,впереди,unknown,впереди,wordfreq:ru,wordfreq_seeded;deterministically_filtered;needs_human_review
ru,v1,2,1728,1753,дальнейшем,дальнейшем,дальнейшем,unknown,дальнейшем,wordfreq:ru,wordfreq_seeded;deterministically_filtered;needs_human_review
ru,v1,2,1729,1754,договор,договор,договор,unknown,договор,wordfreq:ru,wordfreq_seeded;deterministically_filtered;needs_human_review
ru,v1,2,1730,1755,документов,документов,документов,unknown,документов,wordfreq:ru,wordfreq_seeded;deterministically_filtered;needs_human_review
ru,v1,2,1731,1756,дорогой,дорогой,дорогой,unknown,дорогой,wordfreq:ru,wordfreq_seeded;deterministically_filtered;needs_human_review
ru,v1,2,1732,1757,замуж,замуж,замуж,unknown,замуж,wordfreq:ru,wordfreq_seeded;deterministically_filtered;needs_human_review
ru,v1,2,1733,1758,знак,знак,знак,unknown,знак,wordfreq:ru,wordfreq_seeded;deterministically_filtered;needs_human_review
ru,v1,2,1734,1759,золото,золото,золото,unknown,золото,wordfreq:ru,wordfreq_seeded;deterministically_filtered;needs_human_review
ru,v1,2,1735,1760,изменить,изменить,изменить,unknown,изменить,wordfreq:ru,wordfreq_seeded;deterministically_filtered;needs_human_review
ru,v1,2,1736,1761,ими,ими,ими,unknown,ими,wordfreq:ru,wordfreq_seeded;deterministically_filtered;needs_human_review
ru,v1,2,1737,1762,кое,кое,кое,unknown,кое,wordfreq:ru,wordfreq_seeded;deterministically_filtered;needs_human_review
ru,v1,2,1738,1763,лучшим,лучшим,лучшим,unknown,лучшим,wordfreq:ru,wordfreq_seeded;deterministically_filtered;needs_human_review
ru,v1,2,1739,1764,материалов,материалов,материалов,unknown,материалов,wordfreq:ru,wordfreq_seeded;deterministically_filtered;needs_human_review
ru,v1,2,1740,1765,моим,моим,моим,unknown,моим,wordfreq:ru,wordfreq_seeded;deterministically_filtered;needs_human_review
ru,v1,2,1741,1766,молодых,молодых,молодых,unknown,молодых,wordfreq:ru,wordfreq_seeded;deterministically_filtered;needs_human_review
ru,v1,2,1742,1767,общий,общий,общий,unknown,общий,wordfreq:ru,wordfreq_seeded;deterministically_filtered;needs_human_review
ru,v1,2,1743,1768,пожалуй,пожалуй,пожалуй,unknown,пожалуй,wordfreq:ru,wordfreq_seeded;deterministically_filtered;needs_human_review
ru,v1,2,1744,1769,поставить,поставить,поставить,unknown,поставить,wordfreq:ru,wordfreq_seeded;deterministically_filtered;needs_human_review
ru,v1,2,1745,1770,прошли,прошли,прошли,unknown,прошли,wordfreq:ru,wordfreq_seeded;deterministically_filtered;needs_human_review
ru,v1,2,1746,1771,прямой,прямой,прямой,unknown,прямой,wordfreq:ru,wordfreq_seeded;deterministically_filtered;needs_human_review
ru,v1,2,1747,1772,свыше,свыше,свыше,unknown,свыше,wordfreq:ru,wordfreq_seeded;deterministically_filtered;needs_human_review
ru,v1,2,1748,1773,сирии,сирии,сирии,unknown,сирии,wordfreq:ru,wordfreq_seeded;deterministically_filtered;needs_human_review
ru,v1,2,1749,1774,скажу,скажу,скажу,unknown,скажу,wordfreq:ru,wordfreq_seeded;deterministically_filtered;needs_human_review
ru,v1,2,1750,1775,службу,службу,службу,unknown,службу,wordfreq:ru,wordfreq_seeded;deterministically_filtered;needs_human_review
ru,v1,2,1751,1776,смотрите,смотрите,смотрите,unknown,смотрите,wordfreq:ru,wordfreq_seeded;deterministically_filtered;needs_human_review
ru,v1,2,1752,1777,собирается,собирается,собирается,unknown,собирается,wordfreq:ru,wordfreq_seeded;deterministically_filtered;needs_human_review
ru,v1,2,1753,1778,советский,советский,советский,unknown,советский,wordfreq:ru,wordfreq_seeded;deterministically_filtered;needs_human_review
ru,v1,2,1754,1779,сообщения,сообщения,сообщения,unknown,сообщения,wordfreq:ru,wordfreq_seeded;deterministically_filtered;needs_human_review
ru,v1,2,1755,1780,статье,статье,статье,unknown,статье,wordfreq:ru,wordfreq_seeded;deterministically_filtered;needs_human_review
ru,v1,2,1756,1781,судя,судя,судя,unknown,судя,wordfreq:ru,wordfreq_seeded;deterministically_filtered;needs_human_review
ru,v1,2,1757,1782,тихо,тихо,тихо,unknown,тихо,wordfreq:ru,wordfreq_seeded;deterministically_filtered;needs_human_review
ru,v1,2,1758,1783,турнира,турнира,турнира,unknown,турнира,wordfreq:ru,wordfreq_seeded;deterministically_filtered;needs_human_review
ru,v1,2,1759,1784,украинский,украинский,украинский,unknown,украинский,wordfreq:ru,wordfreq_seeded;deterministically_filtered;needs_human_review
ru,v1,2,1760,1785,участия,участия,участия,unknown,участия,wordfreq:ru,wordfreq_seeded;deterministically_filtered;needs_human_review
ru,v1,2,1761,1786,форму,форму,форму,unknown,форму,wordfreq:ru,wordfreq_seeded;deterministically_filtered;needs_human_review
ru,v1,2,1762,1787,футбол,футбол,футбол,unknown,футбол,wordfreq:ru,wordfreq_seeded;deterministically_filtered;needs_human_review
ru,v1,2,1763,1788,черт,черт,черт,unknown,черт,wordfreq:ru,wordfreq_seeded;deterministically_filtered;needs_human_review
ru,v1,2,1764,1789,южной,южной,южной,unknown,южной,wordfreq:ru,wordfreq_seeded;deterministically_filtered;needs_human_review
ru,v1,2,1765,1791,e,e,e,unknown,e,wordfreq:ru,wordfreq_seeded;deterministically_filtered;needs_human_review
ru,v1,2,1766,1792,t,t,t,unknown,t,wordfreq:ru,wordfreq_seeded;deterministically_filtered;needs_human_review
ru,v1,2,1767,1793,администрации,администрации,администрации,unknown,администрации,wordfreq:ru,wordfreq_seeded;deterministically_filtered;needs_human_review
ru,v1,2,1768,1794,альбом,альбом,альбом,unknown,альбом,wordfreq:ru,wordfreq_seeded;deterministically_filtered;needs_human_review
ru,v1,2,1769,1795,весной,весной,весной,unknown,весной,wordfreq:ru,wordfreq_seeded;deterministically_filtered;needs_human_review
ru,v1,2,1770,1796,герой,герой,герой,unknown,герой,wordfreq:ru,wordfreq_seeded;deterministically_filtered;needs_human_review
ru,v1,2,1771,1797,глазами,глазами,глазами,unknown,глазами,wordfreq:ru,wordfreq_seeded;deterministically_filtered;needs_human_review
ru,v1,2,1772,1798,государственных,государственных,государственных,unknown,государственных,wordfreq:ru,wordfreq_seeded;deterministically_filtered;needs_human_review
ru,v1,2,1773,1799,дважды,дважды,дважды,unknown,дважды,wordfreq:ru,wordfreq_seeded;deterministically_filtered;needs_human_review
ru,v1,2,1774,1800,едва,едва,едва,unknown,едва,wordfreq:ru,wordfreq_seeded;deterministically_filtered;needs_human_review
ru,v1,2,1775,1801,занимает,занимает,занимает,unknown,занимает,wordfreq:ru,wordfreq_seeded;deterministically_filtered;needs_human_review
ru,v1,2,1776,1802,казалось,казалось,казалось,unknown,казалось,wordfreq:ru,wordfreq_seeded;deterministically_filtered;needs_human_review
ru,v1,2,1777,1803,карты,карты,карты,unknown,карты,wordfreq:ru,wordfreq_seeded;deterministically_filtered;needs_human_review
ru,v1,2,1778,1804,квартиру,квартиру,квартиру,unknown,квартиру,wordfreq:ru,wordfreq_seeded;deterministically_filtered;needs_human_review
ru,v1,2,1779,1805,корабль,корабль,корабль,unknown,корабль,wordfreq:ru,wordfreq_seeded;deterministically_filtered;needs_human_review
ru,v1,2,1780,1806,круто,круто,круто,unknown,круто,wordfreq:ru,wordfreq_seeded;deterministically_filtered;needs_human_review
ru,v1,2,1781,1807,матчей,матчей,матчей,unknown,матчей,wordfreq:ru,wordfreq_seeded;deterministically_filtered;needs_human_review
ru,v1,2,1782,1808,мид,мид,мид,unknown,мид,wordfreq:ru,wordfreq_seeded;deterministically_filtered;needs_human_review
ru,v1,2,1783,1809,миру,миру,миру,unknown,миру,wordfreq:ru,wordfreq_seeded;deterministically_filtered;needs_human_review
ru,v1,2,1784,1810,народной,народной,народной,unknown,народной,wordfreq:ru,wordfreq_seeded;deterministically_filtered;needs_human_review
ru,v1,2,1785,1811,обоих,обоих,обоих,unknown,обоих,wordfreq:ru,wordfreq_seeded;deterministically_filtered;needs_human_review
ru,v1,2,1786,1812,оборудования,оборудования,оборудования,unknown,оборудования,wordfreq:ru,wordfreq_seeded;deterministically_filtered;needs_human_review
ru,v1,2,1787,1813,общая,общая,общая,unknown,общая,wordfreq:ru,wordfreq_seeded;deterministically_filtered;needs_human_review
ru,v1,2,1788,1814,оказались,оказались,оказались,unknown,оказались,wordfreq:ru,wordfreq_seeded;deterministically_filtered;needs_human_review
ru,v1,2,1789,1815,остались,остались,остались,unknown,остались,wordfreq:ru,wordfreq_seeded;deterministically_filtered;needs_human_review
ru,v1,2,1790,1816,отметить,отметить,отметить,unknown,отметить,wordfreq:ru,wordfreq_seeded;deterministically_filtered;needs_human_review
ru,v1,2,1791,1817,предложения,предложения,предложения,unknown,предложения,wordfreq:ru,wordfreq_seeded;deterministically_filtered;needs_human_review
ru,v1,2,1792,1818,прежнему,прежнему,прежнему,unknown,прежнему,wordfreq:ru,wordfreq_seeded;deterministically_filtered;needs_human_review
ru,v1,2,1793,1819,президентом,президентом,президентом,unknown,президентом,wordfreq:ru,wordfreq_seeded;deterministically_filtered;needs_human_review
ru,v1,2,1794,1820,рады,рады,рады,unknown,рады,wordfreq:ru,wordfreq_seeded;deterministically_filtered;needs_human_review
ru,v1,2,1795,1821,реализации,реализации,реализации,unknown,реализации,wordfreq:ru,wordfreq_seeded;deterministically_filtered;needs_human_review
ru,v1,2,1796,1822,смотри,смотри,смотри,unknown,смотри,wordfreq:ru,wordfreq_seeded;deterministically_filtered;needs_human_review
ru,v1,2,1797,1823,социальных,социальных,социальных,unknown,социальных,wordfreq:ru,wordfreq_seeded;deterministically_filtered;needs_human_review
ru,v1,2,1798,1824,улицы,улицы,улицы,unknown,улицы,wordfreq:ru,wordfreq_seeded;deterministically_filtered;needs_human_review
ru,v1,2,1799,1825,этими,этими,этими,unknown,этими,wordfreq:ru,wordfreq_seeded;deterministically_filtered;needs_human_review
ru,v1,2,1800,1827,for,for,for,unknown,for,wordfreq:ru,wordfreq_seeded;deterministically_filtered;needs_human_review
ru,v1,2,1801,1828,акции,акции,акции,unknown,акции,wordfreq:ru,wordfreq_seeded;deterministically_filtered;needs_human_review
ru,v1,2,1802,1829,банка,банка,банка,unknown,банка,wordfreq:ru,wordfreq_seeded;deterministically_filtered;needs_human_review
ru,v1,2,1803,1830,больших,больших,больших,unknown,больших,wordfreq:ru,wordfreq_seeded;deterministically_filtered;needs_human_review
ru,v1,2,1804,1831,будущего,будущего,будущего,unknown,будущего,wordfreq:ru,wordfreq_seeded;deterministically_filtered;needs_human_review
ru,v1,2,1805,1832,вашей,вашей,вашей,unknown,вашей,wordfreq:ru,wordfreq_seeded;deterministically_filtered;needs_human_review
ru,v1,2,1806,1833,ведет,ведет,ведет,unknown,ведет,wordfreq:ru,wordfreq_seeded;deterministically_filtered;needs_human_review
ru,v1,2,1807,1834,вещей,вещей,вещей,unknown,вещей,wordfreq:ru,wordfreq_seeded;deterministically_filtered;needs_human_review
ru,v1,2,1808,1835,возраста,возраста,возраста,unknown,возраста,wordfreq:ru,wordfreq_seeded;deterministically_filtered;needs_human_review
ru,v1,2,1809,1836,входит,входит,входит,unknown,входит,wordfreq:ru,wordfreq_seeded;deterministically_filtered;needs_human_review
ru,v1,2,1810,1837,вышли,вышли,вышли,unknown,вышли,wordfreq:ru,wordfreq_seeded;deterministically_filtered;needs_human_review
ru,v1,2,1811,1838,головой,головой,головой,unknown,головой,wordfreq:ru,wordfreq_seeded;deterministically_filtered;needs_human_review
ru,v1,2,1812,1839,дорога,дорога,дорога,unknown,дорога,wordfreq:ru,wordfreq_seeded;deterministically_filtered;needs_human_review
ru,v1,2,1813,1840,дтп,дтп,дтп,unknown,дтп,wordfreq:ru,wordfreq_seeded;deterministically_filtered;needs_human_review
ru,v1,2,1814,1841,думы,думы,думы,unknown,думы,wordfreq:ru,wordfreq_seeded;deterministically_filtered;needs_human_review
ru,v1,2,1815,1842,жены,жены,жены,unknown,жены,wordfreq:ru,wordfreq_seeded;deterministically_filtered;needs_human_review
ru,v1,2,1816,1843,живут,живут,живут,unknown,живут,wordfreq:ru,wordfreq_seeded;deterministically_filtered;needs_human_review
ru,v1,2,1817,1844,журнала,журнала,журнала,unknown,журнала,wordfreq:ru,wordfreq_seeded;deterministically_filtered;needs_human_review
ru,v1,2,1818,1845,заявление,заявление,заявление,unknown,заявление,wordfreq:ru,wordfreq_seeded;deterministically_filtered;needs_human_review
ru,v1,2,1819,1846,издания,издания,издания,unknown,издания,wordfreq:ru,wordfreq_seeded;deterministically_filtered;needs_human_review
ru,v1,2,1820,1847,каждом,каждом,каждом,unknown,каждом,wordfreq:ru,wordfreq_seeded;deterministically_filtered;needs_human_review
ru,v1,2,1821,1848,категории,категории,категории,unknown,категории,wordfreq:ru,wordfreq_seeded;deterministically_filtered;needs_human_review
ru,v1,2,1822,1849,комплекса,комплекса,комплекса,unknown,комплекса,wordfreq:ru,wordfreq_seeded;deterministically_filtered;needs_human_review
ru,v1,2,1823,1850,легче,легче,легче,unknown,легче,wordfreq:ru,wordfreq_seeded;deterministically_filtered;needs_human_review
ru,v1,2,1824,1851,летний,летний,летний,unknown,летний,wordfreq:ru,wordfreq_seeded;deterministically_filtered;needs_human_review
ru,v1,2,1825,1852,лучшая,лучшая,лучшая,unknown,лучшая,wordfreq:ru,wordfreq_seeded;deterministically_filtered;needs_human_review
ru,v1,2,1826,1853,мае,мае,мае,unknown,мае,wordfreq:ru,wordfreq_seeded;deterministically_filtered;needs_human_review
ru,v1,2,1827,1854,местного,местного,местного,unknown,местного,wordfreq:ru,wordfreq_seeded;deterministically_filtered;needs_human_review
ru,v1,2,1828,1855,музыку,музыку,музыку,unknown,музыку,wordfreq:ru,wordfreq_seeded;deterministically_filtered;needs_human_review
ru,v1,2,1829,1856,назвать,назвать,назвать,unknown,назвать,wordfreq:ru,wordfreq_seeded;deterministically_filtered;needs_human_review
ru,v1,2,1830,1857,начальника,начальника,начальника,unknown,начальника,wordfreq:ru,wordfreq_seeded;deterministically_filtered;needs_human_review
ru,v1,2,1831,1858,осенью,осенью,осенью,unknown,осенью,wordfreq:ru,wordfreq_seeded;deterministically_filtered;needs_human_review
ru,v1,2,1832,1859,отделения,отделения,отделения,unknown,отделения,wordfreq:ru,wordfreq_seeded;deterministically_filtered;needs_human_review
ru,v1,2,1833,1860,отечественной,отечественной,отечественной,unknown,отечественной,wordfreq:ru,wordfreq_seeded;deterministically_filtered;needs_human_review
ru,v1,2,1834,1861,отказался,отказался,отказался,unknown,отказался,wordfreq:ru,wordfreq_seeded;deterministically_filtered;needs_human_review
ru,v1,2,1835,1862,парк,парк,парк,unknown,парк,wordfreq:ru,wordfreq_seeded;deterministically_filtered;needs_human_review
ru,v1,2,1836,1863,питер,питер,питер,unknown,питер,wordfreq:ru,wordfreq_seeded;deterministically_filtered;needs_human_review
ru,v1,2,1837,1864,победа,победа,победа,unknown,победа,wordfreq:ru,wordfreq_seeded;deterministically_filtered;needs_human_review
ru,v1,2,1838,1865,полной,полной,полной,unknown,полной,wordfreq:ru,wordfreq_seeded;deterministically_filtered;needs_human_review
ru,v1,2,1839,1866,праздник,праздник,праздник,unknown,праздник,wordfreq:ru,wordfreq_seeded;deterministically_filtered;needs_human_review
ru,v1,2,1840,1867,приняли,приняли,приняли,unknown,приняли,wordfreq:ru,wordfreq_seeded;deterministically_filtered;needs_human_review
ru,v1,2,1841,1868,продажи,продажи,продажи,unknown,продажи,wordfreq:ru,wordfreq_seeded;deterministically_filtered;needs_human_review
ru,v1,2,1842,1869,работают,работают,работают,unknown,работают,wordfreq:ru,wordfreq_seeded;deterministically_filtered;needs_human_review
ru,v1,2,1843,1870,работников,работников,работников,unknown,работников,wordfreq:ru,wordfreq_seeded;deterministically_filtered;needs_human_review
ru,v1,2,1844,1871,россией,россией,россией,unknown,россией,wordfreq:ru,wordfreq_seeded;deterministically_filtered;needs_human_review
ru,v1,2,1845,1872,самолет,самолет,самолет,unknown,самолет,wordfreq:ru,wordfreq_seeded;deterministically_filtered;needs_human_review
ru,v1,2,1846,1873,случаях,случаях,случаях,unknown,случаях,wordfreq:ru,wordfreq_seeded;deterministically_filtered;needs_human_review
ru,v1,2,1847,1874,смогли,смогли,смогли,unknown,смогли,wordfreq:ru,wordfreq_seeded;deterministically_filtered;needs_human_review
ru,v1,2,1848,1875,страну,страну,страну,unknown,страну,wordfreq:ru,wordfreq_seeded;deterministically_filtered;needs_human_review
ru,v1,2,1849,1876,сфере,сфере,сфере,unknown,сфере,wordfreq:ru,wordfreq_seeded;deterministically_filtered;needs_human_review
ru,v1,2,1850,1877,считается,считается,считается,unknown,считается,wordfreq:ru,wordfreq_seeded;deterministically_filtered;needs_human_review
ru,v1,2,1851,1878,твоей,твоей,твоей,unknown,твоей,wordfreq:ru,wordfreq_seeded;deterministically_filtered;needs_human_review
ru,v1,2,1852,1879,участок,участок,участок,unknown,участок,wordfreq:ru,wordfreq_seeded;deterministically_filtered;needs_human_review
ru,v1,2,1853,1880,форма,форма,форма,unknown,форма,wordfreq:ru,wordfreq_seeded;deterministically_filtered;needs_human_review
ru,v1,2,1854,1881,функции,функции,функции,unknown,функции,wordfreq:ru,wordfreq_seeded;deterministically_filtered;needs_human_review
ru,v1,2,1855,1882,ходить,ходить,ходить,unknown,ходить,wordfreq:ru,wordfreq_seeded;deterministically_filtered;needs_human_review
ru,v1,2,1856,1883,шанс,шанс,шанс,unknown,шанс,wordfreq:ru,wordfreq_seeded;deterministically_filtered;needs_human_review
ru,v1,2,1857,1884,январе,январе,январе,unknown,январе,wordfreq:ru,wordfreq_seeded;deterministically_filtered;needs_human_review
ru,v1,2,1858,1885,and,and,and,unknown,and,wordfreq:ru,wordfreq_seeded;deterministically_filtered;needs_human_review
ru,v1,2,1859,1886,ага,ага,ага,unknown,ага,wordfreq:ru,wordfreq_seeded;deterministically_filtered;needs_human_review
ru,v1,2,1860,1887,ваша,ваша,ваша,unknown,ваша,wordfreq:ru,wordfreq_seeded;deterministically_filtered;needs_human_review
ru,v1,2,1861,1888,верить,верить,верить,unknown,верить,wordfreq:ru,wordfreq_seeded;deterministically_filtered;needs_human_review
ru,v1,2,1862,1889,выйдет,выйдет,выйдет,unknown,выйдет,wordfreq:ru,wordfreq_seeded;deterministically_filtered;needs_human_review
ru,v1,2,1863,1890,главной,главной,главной,unknown,главной,wordfreq:ru,wordfreq_seeded;deterministically_filtered;needs_human_review
ru,v1,2,1864,1891,девочки,девочки,девочки,unknown,девочки,wordfreq:ru,wordfreq_seeded;deterministically_filtered;needs_human_review
ru,v1,2,1865,1892,депутат,депутат,депутат,unknown,депутат,wordfreq:ru,wordfreq_seeded;deterministically_filtered;needs_human_review
ru,v1,2,1866,1893,дочери,дочери,дочери,unknown,дочери,wordfreq:ru,wordfreq_seeded;deterministically_filtered;needs_human_review
ru,v1,2,1867,1894,еду,еду,еду,unknown,еду,wordfreq:ru,wordfreq_seeded;deterministically_filtered;needs_human_review
ru,v1,2,1868,1895,ехать,ехать,ехать,unknown,ехать,wordfreq:ru,wordfreq_seeded;deterministically_filtered;needs_human_review
ru,v1,2,1869,1896,ждут,ждут,ждут,unknown,ждут,wordfreq:ru,wordfreq_seeded;deterministically_filtered;needs_human_review
ru,v1,2,1870,1897,женщину,женщину,женщину,unknown,женщину,wordfreq:ru,wordfreq_seeded;deterministically_filtered;needs_human_review
ru,v1,2,1871,1898,запись,запись,запись,unknown,запись,wordfreq:ru,wordfreq_seeded;deterministically_filtered;needs_human_review
ru,v1,2,1872,1899,картины,картины,картины,unknown,картины,wordfreq:ru,wordfreq_seeded;deterministically_filtered;needs_human_review
ru,v1,2,1873,1900,книге,книге,книге,unknown,книге,wordfreq:ru,wordfreq_seeded;deterministically_filtered;needs_human_review
ru,v1,2,1874,1901,концу,концу,концу,unknown,концу,wordfreq:ru,wordfreq_seeded;deterministically_filtered;needs_human_review
ru,v1,2,1875,1902,маленький,маленький,маленький,unknown,маленький,wordfreq:ru,wordfreq_seeded;deterministically_filtered;needs_human_review
ru,v1,2,1876,1903,музыки,музыки,музыки,unknown,музыки,wordfreq:ru,wordfreq_seeded;deterministically_filtered;needs_human_review
ru,v1,2,1877,1904,научных,научных,научных,unknown,научных,wordfreq:ru,wordfreq_seeded;deterministically_filtered;needs_human_review
ru,v1,2,1878,1905,начиная,начиная,начиная,unknown,начиная,wordfreq:ru,wordfreq_seeded;deterministically_filtered;needs_human_review
ru,v1,2,1879,1906,объяснить,объяснить,объяснить,unknown,объяснить,wordfreq:ru,wordfreq_seeded;deterministically_filtered;needs_human_review
ru,v1,2,1880,1907,олег,олег,олег,unknown,олег,wordfreq:ru,wordfreq_seeded;deterministically_filtered;needs_human_review
ru,v1,2,1881,1908,остальных,остальных,остальных,unknown,остальных,wordfreq:ru,wordfreq_seeded;deterministically_filtered;needs_human_review
ru,v1,2,1882,1909,оценки,оценки,оценки,unknown,оценки,wordfreq:ru,wordfreq_seeded;deterministically_filtered;needs_human_review
ru,v1,2,1883,1910,передачи,передачи,передачи,unknown,передачи,wordfreq:ru,wordfreq_seeded;deterministically_filtered;needs_human_review
ru,v1,2,1884,1911,петербурга,петербурга,петербурга,unknown,петербурга,wordfreq:ru,wordfreq_seeded;deterministically_filtered;needs_human_review
ru,v1,2,1885,1912,печати,печати,печати,unknown,печати,wordfreq:ru,wordfreq_seeded;deterministically_filtered;needs_human_review
ru,v1,2,1886,1913,письма,письма,письма,unknown,письма,wordfreq:ru,wordfreq_seeded;deterministically_filtered;needs_human_review
ru,v1,2,1887,1914,помогает,помогает,помогает,unknown,помогает,wordfreq:ru,wordfreq_seeded;deterministically_filtered;needs_human_review
ru,v1,2,1888,1915,пример,пример,пример,unknown,пример,wordfreq:ru,wordfreq_seeded;deterministically_filtered;needs_human_review
ru,v1,2,1889,1916,причин,причин,причин,unknown,причин,wordfreq:ru,wordfreq_seeded;deterministically_filtered;needs_human_review
ru,v1,2,1890,1917,причина,причина,причина,unknown,причина,wordfreq:ru,wordfreq_seeded;deterministically_filtered;needs_human_review
ru,v1,2,1891,1918,программе,программе,программе,unknown,программе,wordfreq:ru,wordfreq_seeded;deterministically_filtered;needs_human_review
ru,v1,2,1892,1919,произведения,произведения,произведения,unknown,произведения,wordfreq:ru,wordfreq_seeded;deterministically_filtered;needs_human_review
ru,v1,2,1893,1920,пытался,пытался,пытался,unknown,пытался,wordfreq:ru,wordfreq_seeded;deterministically_filtered;needs_human_review
ru,v1,2,1894,1921,рад,рад,рад,unknown,рад,wordfreq:ru,wordfreq_seeded;deterministically_filtered;needs_human_review
ru,v1,2,1895,1922,разумеется,разумеется,разумеется,unknown,разумеется,wordfreq:ru,wordfreq_seeded;deterministically_filtered;needs_human_review
ru,v1,2,1896,1923,ребят,ребят,ребят,unknown,ребят,wordfreq:ru,wordfreq_seeded;deterministically_filtered;needs_human_review
ru,v1,2,1897,1924,рынок,рынок,рынок,unknown,рынок,wordfreq:ru,wordfreq_seeded;deterministically_filtered;needs_human_review
ru,v1,2,1898,1925,сестра,сестра,сестра,unknown,сестра,wordfreq:ru,wordfreq_seeded;deterministically_filtered;needs_human_review
ru,v1,2,1899,1926,сидеть,сидеть,сидеть,unknown,сидеть,wordfreq:ru,wordfreq_seeded;deterministically_filtered;needs_human_review
ru,v1,2,1900,1927,сити,сити,сити,unknown,сити,wordfreq:ru,wordfreq_seeded;deterministically_filtered;needs_human_review
ru,v1,2,1901,1928,слава,слава,слава,unknown,слава,wordfreq:ru,wordfreq_seeded;deterministically_filtered;needs_human_review
ru,v1,2,1902,1929,статус,статус,статус,unknown,статус,wordfreq:ru,wordfreq_seeded;deterministically_filtered;needs_human_review
ru,v1,2,1903,1930,уйти,уйти,уйти,unknown,уйти,wordfreq:ru,wordfreq_seeded;deterministically_filtered;needs_human_review
ru,v1,2,1904,1931,фонд,фонд,фонд,unknown,фонд,wordfreq:ru,wordfreq_seeded;deterministically_filtered;needs_human_review
ru,v1,2,1905,1932,ход,ход,ход,unknown,ход,wordfreq:ru,wordfreq_seeded;deterministically_filtered;needs_human_review
ru,v1,2,1906,1933,хорошее,хорошее,хорошее,unknown,хорошее,wordfreq:ru,wordfreq_seeded;deterministically_filtered;needs_human_review
ru,v1,2,1907,1935,болезни,болезни,болезни,unknown,болезни,wordfreq:ru,wordfreq_seeded;deterministically_filtered;needs_human_review
ru,v1,2,1908,1936,будущем,будущем,будущем,unknown,будущем,wordfreq:ru,wordfreq_seeded;deterministically_filtered;needs_human_review
ru,v1,2,1909,1937,ван,ван,ван,unknown,ван,wordfreq:ru,wordfreq_seeded;deterministically_filtered;needs_human_review
ru,v1,2,1910,1938,ветер,ветер,ветер,unknown,ветер,wordfreq:ru,wordfreq_seeded;deterministically_filtered;needs_human_review
ru,v1,2,1911,1939,газ,газ,газ,unknown,газ,wordfreq:ru,wordfreq_seeded;deterministically_filtered;needs_human_review
ru,v1,2,1912,1940,гости,гости,гости,unknown,гости,wordfreq:ru,wordfreq_seeded;deterministically_filtered;needs_human_review
ru,v1,2,1913,1941,давление,давление,давление,unknown,давление,wordfreq:ru,wordfreq_seeded;deterministically_filtered;needs_human_review
ru,v1,2,1914,1942,дают,дают,дают,unknown,дают,wordfreq:ru,wordfreq_seeded;deterministically_filtered;needs_human_review
ru,v1,2,1915,1943,детьми,детьми,детьми,unknown,детьми,wordfreq:ru,wordfreq_seeded;deterministically_filtered;needs_human_review
ru,v1,2,1916,1944,договора,договора,договора,unknown,договора,wordfreq:ru,wordfreq_seeded;deterministically_filtered;needs_human_review
ru,v1,2,1917,1945,доктора,доктора,доктора,unknown,доктора,wordfreq:ru,wordfreq_seeded;deterministically_filtered;needs_human_review
ru,v1,2,1918,1946,дорог,дорог,дорог,unknown,дорог,wordfreq:ru,wordfreq_seeded;deterministically_filtered;needs_human_review
ru,v1,2,1919,1947,здорово,здорово,здорово,unknown,здорово,wordfreq:ru,wordfreq_seeded;deterministically_filtered;needs_human_review
ru,v1,2,1920,1948,источники,источники,источники,unknown,источники,wordfreq:ru,wordfreq_seeded;deterministically_filtered;needs_human_review
ru,v1,2,1921,1949,итак,итак,итак,unknown,итак,wordfreq:ru,wordfreq_seeded;deterministically_filtered;needs_human_review
ru,v1,2,1922,1950,квартиры,квартиры,квартиры,unknown,квартиры,wordfreq:ru,wordfreq_seeded;deterministically_filtered;needs_human_review
ru,v1,2,1923,1951,красный,красный,красный,unknown,красный,wordfreq:ru,wordfreq_seeded;deterministically_filtered;needs_human_review
ru,v1,2,1924,1952,магазин,магазин,магазин,unknown,магазин,wordfreq:ru,wordfreq_seeded;deterministically_filtered;needs_human_review
ru,v1,2,1925,1953,население,население,население,unknown,население,wordfreq:ru,wordfreq_seeded;deterministically_filtered;needs_human_review
ru,v1,2,1926,1954,неужели,неужели,неужели,unknown,неужели,wordfreq:ru,wordfreq_seeded;deterministically_filtered;needs_human_review
ru,v1,2,1927,1955,обо,обо,обо,unknown,обо,wordfreq:ru,wordfreq_seeded;deterministically_filtered;needs_human_review
ru,v1,2,1928,1956,оказалась,оказалась,оказалась,unknown,оказалась,wordfreq:ru,wordfreq_seeded;deterministically_filtered;needs_human_review
ru,v1,2,1929,1957,окна,окна,окна,unknown,окна,wordfreq:ru,wordfreq_seeded;deterministically_filtered;needs_human_review
ru,v1,2,1930,1958,особенности,особенности,особенности,unknown,особенности,wordfreq:ru,wordfreq_seeded;deterministically_filtered;needs_human_review
ru,v1,2,1931,1959,остаться,остаться,остаться,unknown,остаться,wordfreq:ru,wordfreq_seeded;deterministically_filtered;needs_human_review
ru,v1,2,1932,1960,ох,ох,ох,unknown,ох,wordfreq:ru,wordfreq_seeded;deterministically_filtered;needs_human_review
ru,v1,2,1933,1961,подряд,подряд,подряд,unknown,подряд,wordfreq:ru,wordfreq_seeded;deterministically_filtered;needs_human_review
ru,v1,2,1934,1962,показали,показали,показали,unknown,показали,wordfreq:ru,wordfreq_seeded;deterministically_filtered;needs_human_review
ru,v1,2,1935,1963,последней,последней,последней,unknown,последней,wordfreq:ru,wordfreq_seeded;deterministically_filtered;needs_human_review
ru,v1,2,1936,1964,потери,потери,потери,unknown,потери,wordfreq:ru,wordfreq_seeded;deterministically_filtered;needs_human_review
ru,v1,2,1937,1965,пресс,пресс,пресс,unknown,пресс,wordfreq:ru,wordfreq_seeded;deterministically_filtered;needs_human_review
ru,v1,2,1938,1966,прошлого,прошлого,прошлого,unknown,прошлого,wordfreq:ru,wordfreq_seeded;deterministically_filtered;needs_human_review
ru,v1,2,1939,1967,путина,путина,путина,unknown,путина,wordfreq:ru,wordfreq_seeded;deterministically_filtered;needs_human_review
ru,v1,2,1940,1968,руководитель,руководитель,руководитель,unknown,руководитель,wordfreq:ru,wordfreq_seeded;deterministically_filtered;needs_human_review
ru,v1,2,1941,1969,сведения,сведения,сведения,unknown,сведения,wordfreq:ru,wordfreq_seeded;deterministically_filtered;needs_human_review
ru,v1,2,1942,1970,создании,создании,создании,unknown,создании,wordfreq:ru,wordfreq_seeded;deterministically_filtered;needs_human_review
ru,v1,2,1943,1971,старший,старший,старший,unknown,старший,wordfreq:ru,wordfreq_seeded;deterministically_filtered;needs_human_review
ru,v1,2,1944,1972,сторон,сторон,сторон,unknown,сторон,wordfreq:ru,wordfreq_seeded;deterministically_filtered;needs_human_review
ru,v1,2,1945,1973,украинской,украинской,украинской,unknown,украинской,wordfreq:ru,wordfreq_seeded;deterministically_filtered;needs_human_review
ru,v1,2,1946,1974,фонда,фонда,фонда,unknown,фонда,wordfreq:ru,wordfreq_seeded;deterministically_filtered;needs_human_review
ru,v1,2,1947,1975,читать,читать,читать,unknown,читать,wordfreq:ru,wordfreq_seeded;deterministically_filtered;needs_human_review
ru,v1,2,1948,1976,энергии,энергии,энергии,unknown,энергии,wordfreq:ru,wordfreq_seeded;deterministically_filtered;needs_human_review
ru,v1,2,1949,1977,l,l,l,unknown,l,wordfreq:ru,wordfreq_seeded;deterministically_filtered;needs_human_review
ru,v1,2,1950,1978,азии,азии,азии,unknown,азии,wordfreq:ru,wordfreq_seeded;deterministically_filtered;needs_human_review
ru,v1,2,1951,1979,бывшего,бывшего,бывшего,unknown,бывшего,wordfreq:ru,wordfreq_seeded;deterministically_filtered;needs_human_review
ru,v1,2,1952,1980,везде,везде,везде,unknown,везде,wordfreq:ru,wordfreq_seeded;deterministically_filtered;needs_human_review
ru,v1,2,1953,1981,взяли,взяли,взяли,unknown,взяли,wordfreq:ru,wordfreq_seeded;deterministically_filtered;needs_human_review
ru,v1,2,1954,1982,врач,врач,врач,unknown,врач,wordfreq:ru,wordfreq_seeded;deterministically_filtered;needs_human_review
ru,v1,2,1955,1983,высокой,высокой,высокой,unknown,высокой,wordfreq:ru,wordfreq_seeded;deterministically_filtered;needs_human_review
ru,v1,2,1956,1984,гарри,гарри,гарри,unknown,гарри,wordfreq:ru,wordfreq_seeded;deterministically_filtered;needs_human_review
ru,v1,2,1957,1985,двадцать,двадцать,двадцать,unknown,двадцать,wordfreq:ru,wordfreq_seeded;deterministically_filtered;needs_human_review
ru,v1,2,1958,1986,жизнью,жизнью,жизнью,unknown,жизнью,wordfreq:ru,wordfreq_seeded;deterministically_filtered;needs_human_review
ru,v1,2,1959,1987,запад,запад,запад,unknown,запад,wordfreq:ru,wordfreq_seeded;deterministically_filtered;needs_human_review
ru,v1,2,1960,1988,играл,играл,играл,unknown,играл,wordfreq:ru,wordfreq_seeded;deterministically_filtered;needs_human_review
ru,v1,2,1961,1989,ключ,ключ,ключ,unknown,ключ,wordfreq:ru,wordfreq_seeded;deterministically_filtered;needs_human_review
ru,v1,2,1962,1990,край,край,край,unknown,край,wordfreq:ru,wordfreq_seeded;deterministically_filtered;needs_human_review
ru,v1,2,1963,1991,крупные,крупные,крупные,unknown,крупные,wordfreq:ru,wordfreq_seeded;deterministically_filtered;needs_human_review
ru,v1,2,1964,1992,литература,литература,литература,unknown,литература,wordfreq:ru,wordfreq_seeded;deterministically_filtered;needs_human_review
ru,v1,2,1965,1993,методы,методы,методы,unknown,методы,wordfreq:ru,wordfreq_seeded;deterministically_filtered;needs_human_review
ru,v1,2,1966,1994,мозга,мозга,мозга,unknown,мозга,wordfreq:ru,wordfreq_seeded;deterministically_filtered;needs_human_review
ru,v1,2,1967,1995,нефти,нефти,нефти,unknown,нефти,wordfreq:ru,wordfreq_seeded;deterministically_filtered;needs_human_review
ru,v1,2,1968,1996,ныне,ныне,ныне,unknown,ныне,wordfreq:ru,wordfreq_seeded;deterministically_filtered;needs_human_review
ru,v1,2,1969,1997,нём,нём,нём,unknown,нём,wordfreq:ru,wordfreq_seeded;deterministically_filtered;needs_human_review
ru,v1,2,1970,1998,окончательно,окончательно,окончательно,unknown,окончательно,wordfreq:ru,wordfreq_seeded;deterministically_filtered;needs_human_review
ru,v1,2,1971,1999,октябре,октябре,октябре,unknown,октябре,wordfreq:ru,wordfreq_seeded;deterministically_filtered;needs_human_review
ru,v1,2,1972,2000,олимпийских,олимпийских,олимпийских,unknown,олимпийских,wordfreq:ru,wordfreq_seeded;deterministically_filtered;needs_human_review
ru,v1,2,1973,2001,описание,описание,описание,unknown,описание,wordfreq:ru,wordfreq_seeded;deterministically_filtered;needs_human_review
ru,v1,2,1974,2002,ответственность,ответственность,ответственность,unknown,ответственность,wordfreq:ru,wordfreq_seeded;deterministically_filtered;needs_human_review
ru,v1,2,1975,2003,ошибки,ошибки,ошибки,unknown,ошибки,wordfreq:ru,wordfreq_seeded;deterministically_filtered;needs_human_review
ru,v1,2,1976,2004,помогите,помогите,помогите,unknown,помогите,wordfreq:ru,wordfreq_seeded;deterministically_filtered;needs_human_review
ru,v1,2,1977,2005,понедельник,понедельник,понедельник,unknown,понедельник,wordfreq:ru,wordfreq_seeded;deterministically_filtered;needs_human_review
ru,v1,2,1978,2006,понимаешь,понимаешь,понимаешь,unknown,понимаешь,wordfreq:ru,wordfreq_seeded;deterministically_filtered;needs_human_review
ru,v1,2,1979,2007,последняя,последняя,последняя,unknown,последняя,wordfreq:ru,wordfreq_seeded;deterministically_filtered;needs_human_review
ru,v1,2,1980,2008,премьера,премьера,премьера,unknown,премьера,wordfreq:ru,wordfreq_seeded;deterministically_filtered;needs_human_review
ru,v1,2,1981,2009,приехал,приехал,приехал,unknown,приехал,wordfreq:ru,wordfreq_seeded;deterministically_filtered;needs_human_review
ru,v1,2,1982,2010,регионе,регионе,регионе,unknown,регионе,wordfreq:ru,wordfreq_seeded;deterministically_filtered;needs_human_review
ru,v1,2,1983,2011,рот,рот,рот,unknown,рот,wordfreq:ru,wordfreq_seeded;deterministically_filtered;needs_human_review
ru,v1,2,1984,2012,села,села,села,unknown,села,wordfreq:ru,wordfreq_seeded;deterministically_filtered;needs_human_review
ru,v1,2,1985,2013,сможешь,сможешь,сможешь,unknown,сможешь,wordfreq:ru,wordfreq_seeded;deterministically_filtered;needs_human_review
ru,v1,2,1986,2014,смотрел,смотрел,смотрел,unknown,смотрел,wordfreq:ru,wordfreq_seeded;deterministically_filtered;needs_human_review
ru,v1,2,1987,2015,состоится,состоится,состоится,unknown,состоится,wordfreq:ru,wordfreq_seeded;deterministically_filtered;needs_human_review
ru,v1,2,1988,2016,транспорта,транспорта,транспорта,unknown,транспорта,wordfreq:ru,wordfreq_seeded;deterministically_filtered;needs_human_review
ru,v1,2,1989,2017,требования,требования,требования,unknown,требования,wordfreq:ru,wordfreq_seeded;deterministically_filtered;needs_human_review
ru,v1,2,1990,2018,услуги,услуги,услуги,unknown,услуги,wordfreq:ru,wordfreq_seeded;deterministically_filtered;needs_human_review
ru,v1,2,1991,2019,успех,успех,успех,unknown,успех,wordfreq:ru,wordfreq_seeded;deterministically_filtered;needs_human_review
ru,v1,2,1992,2020,хорошего,хорошего,хорошего,unknown,хорошего,wordfreq:ru,wordfreq_seeded;deterministically_filtered;needs_human_review
ru,v1,2,1993,2021,хотим,хотим,хотим,unknown,хотим,wordfreq:ru,wordfreq_seeded;deterministically_filtered;needs_human_review
ru,v1,2,1994,2022,эксплуатации,эксплуатации,эксплуатации,unknown,эксплуатации,wordfreq:ru,wordfreq_seeded;deterministically_filtered;needs_human_review
ru,v1,2,1995,2023,этап,этап,этап,unknown,этап,wordfreq:ru,wordfreq_seeded;deterministically_filtered;needs_human_review
ru,v1,2,1996,2024,авторы,авторы,авторы,unknown,авторы,wordfreq:ru,wordfreq_seeded;deterministically_filtered;needs_human_review
ru,v1,2,1997,2025,ассоциации,ассоциации,ассоциации,unknown,ассоциации,wordfreq:ru,wordfreq_seeded;deterministically_filtered;needs_human_review
ru,v1,2,1998,2026,белоруссии,белоруссии,белоруссии,unknown,белоруссии,wordfreq:ru,wordfreq_seeded;deterministically_filtered;needs_human_review
ru,v1,2,1999,2027,верховного,верховного,верховного,unknown,верховного,wordfreq:ru,wordfreq_seeded;deterministically_filtered;needs_human_review
ru,v1,2,2000,2028,воздуха,воздуха,воздуха,unknown,воздуха,wordfreq:ru,wordfreq_seeded;deterministically_filtered;needs_human_review
ru,v1,3,2001,2029,воскресенье,воскресенье,воскресенье,unknown,воскресенье,wordfreq:ru,wordfreq_seeded;deterministically_filtered;needs_human_review
ru,v1,3,2002,2030,восток,восток,восток,unknown,восток,wordfreq:ru,wordfreq_seeded;deterministically_filtered;needs_human_review
ru,v1,3,2003,2031,выступает,выступает,выступает,unknown,выступает,wordfreq:ru,wordfreq_seeded;deterministically_filtered;needs_human_review
ru,v1,3,2004,2032,городского,городского,городского,unknown,городского,wordfreq:ru,wordfreq_seeded;deterministically_filtered;needs_human_review
ru,v1,3,2005,2033,государственный,государственный,государственный,unknown,государственный,wordfreq:ru,wordfreq_seeded;deterministically_filtered;needs_human_review
ru,v1,3,2006,2034,дай,дай,дай,unknown,дай,wordfreq:ru,wordfreq_seeded;deterministically_filtered;needs_human_review
ru,v1,3,2007,2035,детям,детям,детям,unknown,детям,wordfreq:ru,wordfreq_seeded;deterministically_filtered;needs_human_review
ru,v1,3,2008,2036,добрый,добрый,добрый,unknown,добрый,wordfreq:ru,wordfreq_seeded;deterministically_filtered;needs_human_review
ru,v1,3,2009,2037,достижения,достижения,достижения,unknown,достижения,wordfreq:ru,wordfreq_seeded;deterministically_filtered;needs_human_review
ru,v1,3,2010,2038,звезда,звезда,звезда,unknown,звезда,wordfreq:ru,wordfreq_seeded;deterministically_filtered;needs_human_review
ru,v1,3,2011,2039,здоровье,здоровье,здоровье,unknown,здоровье,wordfreq:ru,wordfreq_seeded;deterministically_filtered;needs_human_review
ru,v1,3,2012,2040,знала,знала,знала,unknown,знала,wordfreq:ru,wordfreq_seeded;deterministically_filtered;needs_human_review
ru,v1,3,2013,2041,зовут,зовут,зовут,unknown,зовут,wordfreq:ru,wordfreq_seeded;deterministically_filtered;needs_human_review
ru,v1,3,2014,2042,изд,изд,изд,unknown,изд,wordfreq:ru,wordfreq_seeded;deterministically_filtered;needs_human_review
ru,v1,3,2015,2043,имеется,имеется,имеется,unknown,имеется,wordfreq:ru,wordfreq_seeded;deterministically_filtered;needs_human_review
ru,v1,3,2016,2044,имена,имена,имена,unknown,имена,wordfreq:ru,wordfreq_seeded;deterministically_filtered;needs_human_review
ru,v1,3,2017,2045,количества,количества,количества,unknown,количества,wordfreq:ru,wordfreq_seeded;deterministically_filtered;needs_human_review
ru,v1,3,2018,2046,комнате,комнате,комнате,unknown,комнате,wordfreq:ru,wordfreq_seeded;deterministically_filtered;needs_human_review
ru,v1,3,2019,2047,моё,моё,моё,unknown,моё,wordfreq:ru,wordfreq_seeded;deterministically_filtered;needs_human_review
ru,v1,3,2020,2048,неожиданно,неожиданно,неожиданно,unknown,неожиданно,wordfreq:ru,wordfreq_seeded;deterministically_filtered;needs_human_review
ru,v1,3,2021,2049,обучения,обучения,обучения,unknown,обучения,wordfreq:ru,wordfreq_seeded;deterministically_filtered;needs_human_review
ru,v1,3,2022,2050,общественной,общественной,общественной,unknown,общественной,wordfreq:ru,wordfreq_seeded;deterministically_filtered;needs_human_review
ru,v1,3,2023,2051,ооо,ооо,ооо,unknown,ооо,wordfreq:ru,wordfreq_seeded;deterministically_filtered;needs_human_review
ru,v1,3,2024,2052,органы,органы,органы,unknown,органы,wordfreq:ru,wordfreq_seeded;deterministically_filtered;needs_human_review
ru,v1,3,2025,2053,открыл,открыл,открыл,unknown,открыл,wordfreq:ru,wordfreq_seeded;deterministically_filtered;needs_human_review
ru,v1,3,2026,2054,очков,очков,очков,unknown,очков,wordfreq:ru,wordfreq_seeded;deterministically_filtered;needs_human_review
ru,v1,3,2027,2055,плюс,плюс,плюс,unknown,плюс,wordfreq:ru,wordfreq_seeded;deterministically_filtered;needs_human_review
ru,v1,3,2028,2056,получает,получает,получает,unknown,получает,wordfreq:ru,wordfreq_seeded;deterministically_filtered;needs_human_review
ru,v1,3,2029,2057,получится,получится,получится,unknown,получится,wordfreq:ru,wordfreq_seeded;deterministically_filtered;needs_human_review
ru,v1,3,2030,2058,попытки,попытки,попытки,unknown,попытки,wordfreq:ru,wordfreq_seeded;deterministically_filtered;needs_human_review
ru,v1,3,2031,2059,привести,привести,привести,unknown,привести,wordfreq:ru,wordfreq_seeded;deterministically_filtered;needs_human_review
ru,v1,3,2032,2060,приходит,приходит,приходит,unknown,приходит,wordfreq:ru,wordfreq_seeded;deterministically_filtered;needs_human_review
ru,v1,3,2033,2061,продукты,продукты,продукты,unknown,продукты,wordfreq:ru,wordfreq_seeded;deterministically_filtered;needs_human_review
ru,v1,3,2034,2062,ред,ред,ред,unknown,ред,wordfreq:ru,wordfreq_seeded;deterministically_filtered;needs_human_review
ru,v1,3,2035,2063,редко,редко,редко,unknown,редко,wordfreq:ru,wordfreq_seeded;deterministically_filtered;needs_human_review
ru,v1,3,2036,2064,решить,решить,решить,unknown,решить,wordfreq:ru,wordfreq_seeded;deterministically_filtered;needs_human_review
ru,v1,3,2037,2065,сборник,сборник,сборник,unknown,сборник,wordfreq:ru,wordfreq_seeded;deterministically_filtered;needs_human_review
ru,v1,3,2038,2066,следующем,следующем,следующем,unknown,следующем,wordfreq:ru,wordfreq_seeded;deterministically_filtered;needs_human_review
ru,v1,3,2039,2067,снять,снять,снять,unknown,снять,wordfreq:ru,wordfreq_seeded;deterministically_filtered;needs_human_review
ru,v1,3,2040,2068,собрания,собрания,собрания,unknown,собрания,wordfreq:ru,wordfreq_seeded;deterministically_filtered;needs_human_review
ru,v1,3,2041,2069,советов,советов,советов,unknown,советов,wordfreq:ru,wordfreq_seeded;deterministically_filtered;needs_human_review
ru,v1,3,2042,2070,советских,советских,советских,unknown,советских,wordfreq:ru,wordfreq_seeded;deterministically_filtered;needs_human_review
ru,v1,3,2043,2071,современной,современной,современной,unknown,современной,wordfreq:ru,wordfreq_seeded;deterministically_filtered;needs_human_review
ru,v1,3,2044,2072,специалистов,специалистов,специалистов,unknown,специалистов,wordfreq:ru,wordfreq_seeded;deterministically_filtered;needs_human_review
ru,v1,3,2045,2073,спокойной,спокойной,спокойной,unknown,спокойной,wordfreq:ru,wordfreq_seeded;deterministically_filtered;needs_human_review
ru,v1,3,2046,2074,сср,сср,сср,unknown,сср,wordfreq:ru,wordfreq_seeded;deterministically_filtered;needs_human_review
ru,v1,3,2047,2075,тема,тема,тема,unknown,тема,wordfreq:ru,wordfreq_seeded;deterministically_filtered;needs_human_review
ru,v1,3,2048,2076,темы,темы,темы,unknown,темы,wordfreq:ru,wordfreq_seeded;deterministically_filtered;needs_human_review
ru,v1,3,2049,2077,традиции,традиции,традиции,unknown,традиции,wordfreq:ru,wordfreq_seeded;deterministically_filtered;needs_human_review
ru,v1,3,2050,2078,угодно,угодно,угодно,unknown,угодно,wordfreq:ru,wordfreq_seeded;deterministically_filtered;needs_human_review
ru,v1,3,2051,2079,упал,упал,упал,unknown,упал,wordfreq:ru,wordfreq_seeded;deterministically_filtered;needs_human_review
ru,v1,3,2052,2080,услуг,услуг,услуг,unknown,услуг,wordfreq:ru,wordfreq_seeded;deterministically_filtered;needs_human_review
ru,v1,3,2053,2081,устройство,устройство,устройство,unknown,устройство,wordfreq:ru,wordfreq_seeded;deterministically_filtered;needs_human_review
ru,v1,3,2054,2082,федерального,федерального,федерального,unknown,федерального,wordfreq:ru,wordfreq_seeded;deterministically_filtered;needs_human_review
ru,v1,3,2055,2083,фоне,фоне,фоне,unknown,фоне,wordfreq:ru,wordfreq_seeded;deterministically_filtered;needs_human_review
ru,v1,3,2056,2084,этапе,этапе,этапе,unknown,этапе,wordfreq:ru,wordfreq_seeded;deterministically_filtered;needs_human_review
ru,v1,3,2057,2085,автомобиль,автомобиль,автомобиль,unknown,автомобиль,wordfreq:ru,wordfreq_seeded;deterministically_filtered;needs_human_review
ru,v1,3,2058,2086,апреле,апреле,апреле,unknown,апреле,wordfreq:ru,wordfreq_seeded;deterministically_filtered;needs_human_review
ru,v1,3,2059,2087,брать,брать,брать,unknown,брать,wordfreq:ru,wordfreq_seeded;deterministically_filtered;needs_human_review
ru,v1,3,2060,2088,вызывает,вызывает,вызывает,unknown,вызывает,wordfreq:ru,wordfreq_seeded;deterministically_filtered;needs_human_review
ru,v1,3,2061,2089,выставка,выставка,выставка,unknown,выставка,wordfreq:ru,wordfreq_seeded;deterministically_filtered;needs_human_review
ru,v1,3,2062,2090,главная,главная,главная,unknown,главная,wordfreq:ru,wordfreq_seeded;deterministically_filtered;needs_human_review
ru,v1,3,2063,2091,городах,городах,городах,unknown,городах,wordfreq:ru,wordfreq_seeded;deterministically_filtered;needs_human_review
ru,v1,3,2064,2092,горы,горы,горы,unknown,горы,wordfreq:ru,wordfreq_seeded;deterministically_filtered;needs_human_review
ru,v1,3,2065,2093,делам,делам,делам,unknown,делам,wordfreq:ru,wordfreq_seeded;deterministically_filtered;needs_human_review
ru,v1,3,2066,2094,делаю,делаю,делаю,unknown,делаю,wordfreq:ru,wordfreq_seeded;deterministically_filtered;needs_human_review
ru,v1,3,2067,2095,зал,зал,зал,unknown,зал,wordfreq:ru,wordfreq_seeded;deterministically_filtered;needs_human_review
ru,v1,3,2068,2096,зимой,зимой,зимой,unknown,зимой,wordfreq:ru,wordfreq_seeded;deterministically_filtered;needs_human_review
ru,v1,3,2069,2097,изменений,изменений,изменений,unknown,изменений,wordfreq:ru,wordfreq_seeded;deterministically_filtered;needs_human_review
ru,v1,3,2070,2098,интернете,интернете,интернете,unknown,интернете,wordfreq:ru,wordfreq_seeded;deterministically_filtered;needs_human_review
ru,v1,3,2071,2099,каждая,каждая,каждая,unknown,каждая,wordfreq:ru,wordfreq_seeded;deterministically_filtered;needs_human_review
ru,v1,3,2072,2100,километров,километров,километров,unknown,километров,wordfreq:ru,wordfreq_seeded;deterministically_filtered;needs_human_review
ru,v1,3,2073,2101,концов,концов,концов,unknown,концов,wordfreq:ru,wordfreq_seeded;deterministically_filtered;needs_human_review
ru,v1,3,2074,2102,крыма,крыма,крыма,unknown,крыма,wordfreq:ru,wordfreq_seeded;deterministically_filtered;needs_human_review
ru,v1,3,2075,2103,лучшее,лучшее,лучшее,unknown,лучшее,wordfreq:ru,wordfreq_seeded;deterministically_filtered;needs_human_review
ru,v1,3,2076,2104,любишь,любишь,любишь,unknown,любишь,wordfreq:ru,wordfreq_seeded;deterministically_filtered;needs_human_review
ru,v1,3,2077,2105,мвд,мвд,мвд,unknown,мвд,wordfreq:ru,wordfreq_seeded;deterministically_filtered;needs_human_review
ru,v1,3,2078,2106,моем,моем,моем,unknown,моем,wordfreq:ru,wordfreq_seeded;deterministically_filtered;needs_human_review
ru,v1,3,2079,2107,народов,народов,народов,unknown,народов,wordfreq:ru,wordfreq_seeded;deterministically_filtered;needs_human_review
ru,v1,3,2080,2108,немедленно,немедленно,немедленно,unknown,немедленно,wordfreq:ru,wordfreq_seeded;deterministically_filtered;needs_human_review
ru,v1,3,2081,2109,ненавижу,ненавижу,ненавижу,unknown,ненавижу,wordfreq:ru,wordfreq_seeded;deterministically_filtered;needs_human_review
ru,v1,3,2082,2110,объем,объем,объем,unknown,объем,wordfreq:ru,wordfreq_seeded;deterministically_filtered;needs_human_review
ru,v1,3,2083,2111,окно,окно,окно,unknown,окно,wordfreq:ru,wordfreq_seeded;deterministically_filtered;needs_human_review
ru,v1,3,2084,2112,основании,основании,основании,unknown,основании,wordfreq:ru,wordfreq_seeded;deterministically_filtered;needs_human_review
ru,v1,3,2085,2113,оставить,оставить,оставить,unknown,оставить,wordfreq:ru,wordfreq_seeded;deterministically_filtered;needs_human_review
ru,v1,3,2086,2114,ответить,ответить,ответить,unknown,ответить,wordfreq:ru,wordfreq_seeded;deterministically_filtered;needs_human_review
ru,v1,3,2087,2115,отдельных,отдельных,отдельных,unknown,отдельных,wordfreq:ru,wordfreq_seeded;deterministically_filtered;needs_human_review
ru,v1,3,2088,2116,оценка,оценка,оценка,unknown,оценка,wordfreq:ru,wordfreq_seeded;deterministically_filtered;needs_human_review
ru,v1,3,2089,2117,пить,пить,пить,unknown,пить,wordfreq:ru,wordfreq_seeded;deterministically_filtered;needs_human_review
ru,v1,3,2090,2118,показывает,показывает,показывает,unknown,показывает,wordfreq:ru,wordfreq_seeded;deterministically_filtered;needs_human_review
ru,v1,3,2091,2119,понимать,понимать,понимать,unknown,понимать,wordfreq:ru,wordfreq_seeded;deterministically_filtered;needs_human_review
ru,v1,3,2092,2120,правил,правил,правил,unknown,правил,wordfreq:ru,wordfreq_seeded;deterministically_filtered;needs_human_review
ru,v1,3,2093,2121,предлагает,предлагает,предлагает,unknown,предлагает,wordfreq:ru,wordfreq_seeded;deterministically_filtered;needs_human_review
ru,v1,3,2094,2122,премии,премии,премии,unknown,премии,wordfreq:ru,wordfreq_seeded;deterministically_filtered;needs_human_review
ru,v1,3,2095,2123,приказ,приказ,приказ,unknown,приказ,wordfreq:ru,wordfreq_seeded;deterministically_filtered;needs_human_review
ru,v1,3,2096,2124,природы,природы,природы,unknown,природы,wordfreq:ru,wordfreq_seeded;deterministically_filtered;needs_human_review
ru,v1,3,2097,2125,процесса,процесса,процесса,unknown,процесса,wordfreq:ru,wordfreq_seeded;deterministically_filtered;needs_human_review
ru,v1,3,2098,2126,путем,путем,путем,unknown,путем,wordfreq:ru,wordfreq_seeded;deterministically_filtered;needs_human_review
ru,v1,3,2099,2127,работали,работали,работали,unknown,работали,wordfreq:ru,wordfreq_seeded;deterministically_filtered;needs_human_review
ru,v1,3,2100,2128,работой,работой,работой,unknown,работой,wordfreq:ru,wordfreq_seeded;deterministically_filtered;needs_human_review
ru,v1,3,2101,2129,развитию,развитию,развитию,unknown,развитию,wordfreq:ru,wordfreq_seeded;deterministically_filtered;needs_human_review
ru,v1,3,2102,2130,районов,районов,районов,unknown,районов,wordfreq:ru,wordfreq_seeded;deterministically_filtered;needs_human_review
ru,v1,3,2103,2131,реки,реки,реки,unknown,реки,wordfreq:ru,wordfreq_seeded;deterministically_filtered;needs_human_review
ru,v1,3,2104,2132,ресурсов,ресурсов,ресурсов,unknown,ресурсов,wordfreq:ru,wordfreq_seeded;deterministically_filtered;needs_human_review
ru,v1,3,2105,2133,решений,решений,решений,unknown,решений,wordfreq:ru,wordfreq_seeded;deterministically_filtered;needs_human_review
ru,v1,3,2106,2134,северной,северной,северной,unknown,северной,wordfreq:ru,wordfreq_seeded;deterministically_filtered;needs_human_review
ru,v1,3,2107,2135,словами,словами,словами,unknown,словами,wordfreq:ru,wordfreq_seeded;deterministically_filtered;needs_human_review
ru,v1,3,2108,2136,собственной,собственной,собственной,unknown,собственной,wordfreq:ru,wordfreq_seeded;deterministically_filtered;needs_human_review
ru,v1,3,2109,2137,сохранить,сохранить,сохранить,unknown,сохранить,wordfreq:ru,wordfreq_seeded;deterministically_filtered;needs_human_review
ru,v1,3,2110,2138,сочи,сочи,сочи,unknown,сочи,wordfreq:ru,wordfreq_seeded;deterministically_filtered;needs_human_review
ru,v1,3,2111,2139,спб,спб,спб,unknown,спб,wordfreq:ru,wordfreq_seeded;deterministically_filtered;needs_human_review
ru,v1,3,2112,2140,третьего,третьего,третьего,unknown,третьего,wordfreq:ru,wordfreq_seeded;deterministically_filtered;needs_human_review
ru,v1,3,2113,2141,удачи,удачи,удачи,unknown,удачи,wordfreq:ru,wordfreq_seeded;deterministically_filtered;needs_human_review
ru,v1,3,2114,2142,фестиваль,фестиваль,фестиваль,unknown,фестиваль,wordfreq:ru,wordfreq_seeded;deterministically_filtered;needs_human_review
ru,v1,3,2115,2143,xix,xix,xix,unknown,xix,wordfreq:ru,wordfreq_seeded;deterministically_filtered;needs_human_review
ru,v1,3,2116,2144,анализ,анализ,анализ,unknown,анализ,wordfreq:ru,wordfreq_seeded;deterministically_filtered;needs_human_review
ru,v1,3,2117,2145,английский,английский,английский,unknown,английский,wordfreq:ru,wordfreq_seeded;deterministically_filtered;needs_human_review
ru,v1,3,2118,2146,берегу,берегу,берегу,unknown,берегу,wordfreq:ru,wordfreq_seeded;deterministically_filtered;needs_human_review
ru,v1,3,2119,2147,бороться,бороться,бороться,unknown,бороться,wordfreq:ru,wordfreq_seeded;deterministically_filtered;needs_human_review
ru,v1,3,2120,2148,будете,будете,будете,unknown,будете,wordfreq:ru,wordfreq_seeded;deterministically_filtered;needs_human_review
ru,v1,3,2121,2149,будучи,будучи,будучи,unknown,будучи,wordfreq:ru,wordfreq_seeded;deterministically_filtered;needs_human_review
ru,v1,3,2122,2150,вашего,вашего,вашего,unknown,вашего,wordfreq:ru,wordfreq_seeded;deterministically_filtered;needs_human_review
ru,v1,3,2123,2151,вверх,вверх,вверх,unknown,вверх,wordfreq:ru,wordfreq_seeded;deterministically_filtered;needs_human_review
ru,v1,3,2124,2152,великого,великого,великого,unknown,великого,wordfreq:ru,wordfreq_seeded;deterministically_filtered;needs_human_review
ru,v1,3,2125,2153,весело,весело,весело,unknown,весело,wordfreq:ru,wordfreq_seeded;deterministically_filtered;needs_human_review
ru,v1,3,2126,2154,вниз,вниз,вниз,unknown,вниз,wordfreq:ru,wordfreq_seeded;deterministically_filtered;needs_human_review
ru,v1,3,2127,2155,воздух,воздух,воздух,unknown,воздух,wordfreq:ru,wordfreq_seeded;deterministically_filtered;needs_human_review
ru,v1,3,2128,2156,героев,героев,героев,unknown,героев,wordfreq:ru,wordfreq_seeded;deterministically_filtered;needs_human_review
ru,v1,3,2129,2157,давать,давать,давать,unknown,давать,wordfreq:ru,wordfreq_seeded;deterministically_filtered;needs_human_review
ru,v1,3,2130,2158,декабре,декабре,декабре,unknown,декабре,wordfreq:ru,wordfreq_seeded;deterministically_filtered;needs_human_review
ru,v1,3,2131,2159,западе,западе,западе,unknown,западе,wordfreq:ru,wordfreq_seeded;deterministically_filtered;needs_human_review
ru,v1,3,2132,2160,золотой,золотой,золотой,unknown,золотой,wordfreq:ru,wordfreq_seeded;deterministically_filtered;needs_human_review
ru,v1,3,2133,2161,канал,канал,канал,unknown,канал,wordfreq:ru,wordfreq_seeded;deterministically_filtered;needs_human_review
ru,v1,3,2134,2162,китае,китае,китае,unknown,китае,wordfreq:ru,wordfreq_seeded;deterministically_filtered;needs_human_review
ru,v1,3,2135,2163,концерт,концерт,концерт,unknown,концерт,wordfreq:ru,wordfreq_seeded;deterministically_filtered;needs_human_review
ru,v1,3,2136,2164,лицом,лицом,лицом,unknown,лицом,wordfreq:ru,wordfreq_seeded;deterministically_filtered;needs_human_review
ru,v1,3,2137,2165,любого,любого,любого,unknown,любого,wordfreq:ru,wordfreq_seeded;deterministically_filtered;needs_human_review
ru,v1,3,2138,2166,московский,московский,московский,unknown,московский,wordfreq:ru,wordfreq_seeded;deterministically_filtered;needs_human_review
ru,v1,3,2139,2167,музей,музей,музей,unknown,музей,wordfreq:ru,wordfreq_seeded;deterministically_filtered;needs_human_review
ru,v1,3,2140,2168,наличие,наличие,наличие,unknown,наличие,wordfreq:ru,wordfreq_seeded;deterministically_filtered;needs_human_review
ru,v1,3,2141,2169,находился,находился,находился,unknown,находился,wordfreq:ru,wordfreq_seeded;deterministically_filtered;needs_human_review
ru,v1,3,2142,2170,недостаточно,недостаточно,недостаточно,unknown,недостаточно,wordfreq:ru,wordfreq_seeded;deterministically_filtered;needs_human_review
ru,v1,3,2143,2171,округа,округа,округа,unknown,округа,wordfreq:ru,wordfreq_seeded;deterministically_filtered;needs_human_review
ru,v1,3,2144,2172,плане,плане,плане,unknown,плане,wordfreq:ru,wordfreq_seeded;deterministically_filtered;needs_human_review
ru,v1,3,2145,2173,повышение,повышение,повышение,unknown,повышение,wordfreq:ru,wordfreq_seeded;deterministically_filtered;needs_human_review
ru,v1,3,2146,2174,подписал,подписал,подписал,unknown,подписал,wordfreq:ru,wordfreq_seeded;deterministically_filtered;needs_human_review
ru,v1,3,2147,2175,подумал,подумал,подумал,unknown,подумал,wordfreq:ru,wordfreq_seeded;deterministically_filtered;needs_human_review
ru,v1,3,2148,2176,применение,применение,применение,unknown,применение,wordfreq:ru,wordfreq_seeded;deterministically_filtered;needs_human_review
ru,v1,3,2149,2177,процессе,процессе,процессе,unknown,процессе,wordfreq:ru,wordfreq_seeded;deterministically_filtered;needs_human_review
ru,v1,3,2150,2178,разница,разница,разница,unknown,разница,wordfreq:ru,wordfreq_seeded;deterministically_filtered;needs_human_review
ru,v1,3,2151,2179,региона,региона,региона,unknown,региона,wordfreq:ru,wordfreq_seeded;deterministically_filtered;needs_human_review
ru,v1,3,2152,2180,режима,режима,режима,unknown,режима,wordfreq:ru,wordfreq_seeded;deterministically_filtered;needs_human_review
ru,v1,3,2153,2181,республике,республике,республике,unknown,республике,wordfreq:ru,wordfreq_seeded;deterministically_filtered;needs_human_review
ru,v1,3,2154,2182,рынке,рынке,рынке,unknown,рынке,wordfreq:ru,wordfreq_seeded;deterministically_filtered;needs_human_review
ru,v1,3,2155,2183,самому,самому,самому,unknown,самому,wordfreq:ru,wordfreq_seeded;deterministically_filtered;needs_human_review
ru,v1,3,2156,2184,середине,середине,середине,unknown,середине,wordfreq:ru,wordfreq_seeded;deterministically_filtered;needs_human_review
ru,v1,3,2157,2185,скорости,скорости,скорости,unknown,скорости,wordfreq:ru,wordfreq_seeded;deterministically_filtered;needs_human_review
ru,v1,3,2158,2186,сообщил,сообщил,сообщил,unknown,сообщил,wordfreq:ru,wordfreq_seeded;deterministically_filtered;needs_human_review
ru,v1,3,2159,2187,стоят,стоят,стоят,unknown,стоят,wordfreq:ru,wordfreq_seeded;deterministically_filtered;needs_human_review
ru,v1,3,2160,2188,увеличить,увеличить,увеличить,unknown,увеличить,wordfreq:ru,wordfreq_seeded;deterministically_filtered;needs_human_review
ru,v1,3,2161,2189,устройства,устройства,устройства,unknown,устройства,wordfreq:ru,wordfreq_seeded;deterministically_filtered;needs_human_review
ru,v1,3,2162,2190,учитывая,учитывая,учитывая,unknown,учитывая,wordfreq:ru,wordfreq_seeded;deterministically_filtered;needs_human_review
ru,v1,3,2163,2191,чемпион,чемпион,чемпион,unknown,чемпион,wordfreq:ru,wordfreq_seeded;deterministically_filtered;needs_human_review
ru,v1,3,2164,2192,американский,американский,американский,unknown,американский,wordfreq:ru,wordfreq_seeded;deterministically_filtered;needs_human_review
ru,v1,3,2165,2193,ах,ах,ах,unknown,ах,wordfreq:ru,wordfreq_seeded;deterministically_filtered;needs_human_review
ru,v1,3,2166,2194,базы,базы,базы,unknown,базы,wordfreq:ru,wordfreq_seeded;deterministically_filtered;needs_human_review
ru,v1,3,2167,2195,буквально,буквально,буквально,unknown,буквально,wordfreq:ru,wordfreq_seeded;deterministically_filtered;needs_human_review
ru,v1,3,2168,2196,бюро,бюро,бюро,unknown,бюро,wordfreq:ru,wordfreq_seeded;deterministically_filtered;needs_human_review
ru,v1,3,2169,2197,вдоль,вдоль,вдоль,unknown,вдоль,wordfreq:ru,wordfreq_seeded;deterministically_filtered;needs_human_review
ru,v1,3,2170,2198,ворота,ворота,ворота,unknown,ворота,wordfreq:ru,wordfreq_seeded;deterministically_filtered;needs_human_review
ru,v1,3,2171,2199,выступил,выступил,выступил,unknown,выступил,wordfreq:ru,wordfreq_seeded;deterministically_filtered;needs_human_review
ru,v1,3,2172,2200,героя,героя,героя,unknown,героя,wordfreq:ru,wordfreq_seeded;deterministically_filtered;needs_human_review
ru,v1,3,2173,2201,говорила,говорила,говорила,unknown,говорила,wordfreq:ru,wordfreq_seeded;deterministically_filtered;needs_human_review
ru,v1,3,2174,2202,голоса,голоса,голоса,unknown,голоса,wordfreq:ru,wordfreq_seeded;deterministically_filtered;needs_human_review
ru,v1,3,2175,2203,грузии,грузии,грузии,unknown,грузии,wordfreq:ru,wordfreq_seeded;deterministically_filtered;needs_human_review
ru,v1,3,2176,2204,девять,девять,девять,unknown,девять,wordfreq:ru,wordfreq_seeded;deterministically_filtered;needs_human_review
ru,v1,3,2177,2205,дождь,дождь,дождь,unknown,дождь,wordfreq:ru,wordfreq_seeded;deterministically_filtered;needs_human_review
ru,v1,3,2178,2206,думаете,думаете,думаете,unknown,думаете,wordfreq:ru,wordfreq_seeded;deterministically_filtered;needs_human_review
ru,v1,3,2179,2207,думаешь,думаешь,думаешь,unknown,думаешь,wordfreq:ru,wordfreq_seeded;deterministically_filtered;needs_human_review
ru,v1,3,2180,2208,душе,душе,душе,unknown,душе,wordfreq:ru,wordfreq_seeded;deterministically_filtered;needs_human_review
ru,v1,3,2181,2209,елена,елена,елена,unknown,елена,wordfreq:ru,wordfreq_seeded;deterministically_filtered;needs_human_review
ru,v1,3,2182,2210,иди,иди,иди,unknown,иди,wordfreq:ru,wordfreq_seeded;deterministically_filtered;needs_human_review
ru,v1,3,2183,2211,исключением,исключением,исключением,unknown,исключением,wordfreq:ru,wordfreq_seeded;deterministically_filtered;needs_human_review
ru,v1,3,2184,2212,итоги,итоги,итоги,unknown,итоги,wordfreq:ru,wordfreq_seeded;deterministically_filtered;needs_human_review
ru,v1,3,2185,2213,каждому,каждому,каждому,unknown,каждому,wordfreq:ru,wordfreq_seeded;deterministically_filtered;needs_human_review
ru,v1,3,2186,2214,каждую,каждую,каждую,unknown,каждую,wordfreq:ru,wordfreq_seeded;deterministically_filtered;needs_human_review
ru,v1,3,2187,2215,конкурс,конкурс,конкурс,unknown,конкурс,wordfreq:ru,wordfreq_seeded;deterministically_filtered;needs_human_review
ru,v1,3,2188,2216,короля,короля,короля,unknown,короля,wordfreq:ru,wordfreq_seeded;deterministically_filtered;needs_human_review
ru,v1,3,2189,2217,машине,машине,машине,unknown,машине,wordfreq:ru,wordfreq_seeded;deterministically_filtered;needs_human_review
ru,v1,3,2190,2218,нато,нато,нато,unknown,нато,wordfreq:ru,wordfreq_seeded;deterministically_filtered;needs_human_review
ru,v1,3,2191,2219,началось,началось,началось,unknown,началось,wordfreq:ru,wordfreq_seeded;deterministically_filtered;needs_human_review
ru,v1,3,2192,2220,непосредственно,непосредственно,непосредственно,unknown,непосредственно,wordfreq:ru,wordfreq_seeded;deterministically_filtered;needs_human_review
ru,v1,3,2193,2221,обязанности,обязанности,обязанности,unknown,обязанности,wordfreq:ru,wordfreq_seeded;deterministically_filtered;needs_human_review
ru,v1,3,2194,2222,онлайн,онлайн,онлайн,unknown,онлайн,wordfreq:ru,wordfreq_seeded;deterministically_filtered;needs_human_review
ru,v1,3,2195,2223,основным,основным,основным,unknown,основным,wordfreq:ru,wordfreq_seeded;deterministically_filtered;needs_human_review
ru,v1,3,2196,2224,отвечает,отвечает,отвечает,unknown,отвечает,wordfreq:ru,wordfreq_seeded;deterministically_filtered;needs_human_review
ru,v1,3,2197,2225,отдел,отдел,отдел,unknown,отдел,wordfreq:ru,wordfreq_seeded;deterministically_filtered;needs_human_review
ru,v1,3,2198,2226,относятся,относятся,относятся,unknown,относятся,wordfreq:ru,wordfreq_seeded;deterministically_filtered;needs_human_review
ru,v1,3,2199,2227,отношению,отношению,отношению,unknown,отношению,wordfreq:ru,wordfreq_seeded;deterministically_filtered;needs_human_review
ru,v1,3,2200,2228,охраны,охраны,охраны,unknown,охраны,wordfreq:ru,wordfreq_seeded;deterministically_filtered;needs_human_review
ru,v1,3,2201,2229,памятник,памятник,памятник,unknown,памятник,wordfreq:ru,wordfreq_seeded;deterministically_filtered;needs_human_review
ru,v1,3,2202,2230,платить,платить,платить,unknown,платить,wordfreq:ru,wordfreq_seeded;deterministically_filtered;needs_human_review
ru,v1,3,2203,2231,понятия,понятия,понятия,unknown,понятия,wordfreq:ru,wordfreq_seeded;deterministically_filtered;needs_human_review
ru,v1,3,2204,2232,правду,правду,правду,unknown,правду,wordfreq:ru,wordfreq_seeded;deterministically_filtered;needs_human_review
ru,v1,3,2205,2233,прибыли,прибыли,прибыли,unknown,прибыли,wordfreq:ru,wordfreq_seeded;deterministically_filtered;needs_human_review
ru,v1,3,2206,2234,причиной,причиной,причиной,unknown,причиной,wordfreq:ru,wordfreq_seeded;deterministically_filtered;needs_human_review
ru,v1,3,2207,2235,проводить,проводить,проводить,unknown,проводить,wordfreq:ru,wordfreq_seeded;deterministically_filtered;needs_human_review
ru,v1,3,2208,2236,продолжает,продолжает,продолжает,unknown,продолжает,wordfreq:ru,wordfreq_seeded;deterministically_filtered;needs_human_review
ru,v1,3,2209,2237,процентов,процентов,процентов,unknown,процентов,wordfreq:ru,wordfreq_seeded;deterministically_filtered;needs_human_review
ru,v1,3,2210,2238,проще,проще,проще,unknown,проще,wordfreq:ru,wordfreq_seeded;deterministically_filtered;needs_human_review
ru,v1,3,2211,2239,пунктов,пунктов,пунктов,unknown,пунктов,wordfreq:ru,wordfreq_seeded;deterministically_filtered;needs_human_review
ru,v1,3,2212,2240,рабочий,рабочий,рабочий,unknown,рабочий,wordfreq:ru,wordfreq_seeded;deterministically_filtered;needs_human_review
ru,v1,3,2213,2241,рассказала,рассказала,рассказала,unknown,рассказала,wordfreq:ru,wordfreq_seeded;deterministically_filtered;needs_human_review
ru,v1,3,2214,2242,ремонт,ремонт,ремонт,unknown,ремонт,wordfreq:ru,wordfreq_seeded;deterministically_filtered;needs_human_review
ru,v1,3,2215,2243,речи,речи,речи,unknown,речи,wordfreq:ru,wordfreq_seeded;deterministically_filtered;needs_human_review
ru,v1,3,2216,2244,родился,родился,родился,unknown,родился,wordfreq:ru,wordfreq_seeded;deterministically_filtered;needs_human_review
ru,v1,3,2217,2245,рынка,рынка,рынка,unknown,рынка,wordfreq:ru,wordfreq_seeded;deterministically_filtered;needs_human_review
ru,v1,3,2218,2246,санкции,санкции,санкции,unknown,санкции,wordfreq:ru,wordfreq_seeded;deterministically_filtered;needs_human_review
ru,v1,3,2219,2247,смешно,смешно,смешно,unknown,смешно,wordfreq:ru,wordfreq_seeded;deterministically_filtered;needs_human_review
ru,v1,3,2220,2248,социально,социально,социально,unknown,социально,wordfreq:ru,wordfreq_seeded;deterministically_filtered;needs_human_review
ru,v1,3,2221,2249,стены,стены,стены,unknown,стены,wordfreq:ru,wordfreq_seeded;deterministically_filtered;needs_human_review
ru,v1,3,2222,2250,схема,схема,схема,unknown,схема,wordfreq:ru,wordfreq_seeded;deterministically_filtered;needs_human_review
ru,v1,3,2223,2251,узнал,узнал,узнал,unknown,узнал,wordfreq:ru,wordfreq_seeded;deterministically_filtered;needs_human_review
ru,v1,3,2224,2252,учетом,учетом,учетом,unknown,учетом,wordfreq:ru,wordfreq_seeded;deterministically_filtered;needs_human_review
ru,v1,3,2225,2253,фильме,фильме,фильме,unknown,фильме,wordfreq:ru,wordfreq_seeded;deterministically_filtered;needs_human_review
ru,v1,3,2226,2254,центральной,центральной,центральной,unknown,центральной,wordfreq:ru,wordfreq_seeded;deterministically_filtered;needs_human_review
ru,v1,3,2227,2255,цска,цска,цска,unknown,цска,wordfreq:ru,wordfreq_seeded;deterministically_filtered;needs_human_review
ru,v1,3,2228,2256,чисто,чисто,чисто,unknown,чисто,wordfreq:ru,wordfreq_seeded;deterministically_filtered;needs_human_review
ru,v1,3,2229,2257,августе,августе,августе,unknown,августе,wordfreq:ru,wordfreq_seeded;deterministically_filtered;needs_human_review
ru,v1,3,2230,2258,борьба,борьба,борьба,unknown,борьба,wordfreq:ru,wordfreq_seeded;deterministically_filtered;needs_human_review
ru,v1,3,2231,2259,бумаги,бумаги,бумаги,unknown,бумаги,wordfreq:ru,wordfreq_seeded;deterministically_filtered;needs_human_review
ru,v1,3,2232,2260,вес,вес,вес,unknown,вес,wordfreq:ru,wordfreq_seeded;deterministically_filtered;needs_human_review
ru,v1,3,2233,2261,водой,водой,водой,unknown,водой,wordfreq:ru,wordfreq_seeded;deterministically_filtered;needs_human_review
ru,v1,3,2234,2262,возраст,возраст,возраст,unknown,возраст,wordfreq:ru,wordfreq_seeded;deterministically_filtered;needs_human_review
ru,v1,3,2235,2263,гол,гол,гол,unknown,гол,wordfreq:ru,wordfreq_seeded;deterministically_filtered;needs_human_review
ru,v1,3,2236,2264,гражданской,гражданской,гражданской,unknown,гражданской,wordfreq:ru,wordfreq_seeded;deterministically_filtered;needs_human_review
ru,v1,3,2237,2265,девушку,девушку,девушку,unknown,девушку,wordfreq:ru,wordfreq_seeded;deterministically_filtered;needs_human_review
ru,v1,3,2238,2266,долг,долг,долг,unknown,долг,wordfreq:ru,wordfreq_seeded;deterministically_filtered;needs_human_review
ru,v1,3,2239,2267,естественно,естественно,естественно,unknown,естественно,wordfreq:ru,wordfreq_seeded;deterministically_filtered;needs_human_review
ru,v1,3,2240,2268,забыл,забыл,забыл,unknown,забыл,wordfreq:ru,wordfreq_seeded;deterministically_filtered;needs_human_review
ru,v1,3,2241,2269,игрок,игрок,игрок,unknown,игрок,wordfreq:ru,wordfreq_seeded;deterministically_filtered;needs_human_review
ru,v1,3,2242,2270,индии,индии,индии,unknown,индии,wordfreq:ru,wordfreq_seeded;deterministically_filtered;needs_human_review
ru,v1,3,2243,2271,итогам,итогам,итогам,unknown,итогам,wordfreq:ru,wordfreq_seeded;deterministically_filtered;needs_human_review
ru,v1,3,2244,2272,июне,июне,июне,unknown,июне,wordfreq:ru,wordfreq_seeded;deterministically_filtered;needs_human_review
ru,v1,3,2245,2273,йорке,йорке,йорке,unknown,йорке,wordfreq:ru,wordfreq_seeded;deterministically_filtered;needs_human_review
ru,v1,3,2246,2274,круг,круг,круг,unknown,круг,wordfreq:ru,wordfreq_seeded;deterministically_filtered;needs_human_review
ru,v1,3,2247,2275,любят,любят,любят,unknown,любят,wordfreq:ru,wordfreq_seeded;deterministically_filtered;needs_human_review
ru,v1,3,2248,2276,марте,марте,марте,unknown,марте,wordfreq:ru,wordfreq_seeded;deterministically_filtered;needs_human_review
ru,v1,3,2249,2277,мужик,мужик,мужик,unknown,мужик,wordfreq:ru,wordfreq_seeded;deterministically_filtered;needs_human_review
ru,v1,3,2250,2278,названием,названием,названием,unknown,названием,wordfreq:ru,wordfreq_seeded;deterministically_filtered;needs_human_review
ru,v1,3,2251,2279,направления,направления,направления,unknown,направления,wordfreq:ru,wordfreq_seeded;deterministically_filtered;needs_human_review
ru,v1,3,2252,2280,наука,наука,наука,unknown,наука,wordfreq:ru,wordfreq_seeded;deterministically_filtered;needs_human_review
ru,v1,3,2253,2281,недель,недель,недель,unknown,недель,wordfreq:ru,wordfreq_seeded;deterministically_filtered;needs_human_review
ru,v1,3,2254,2282,нечто,нечто,нечто,unknown,нечто,wordfreq:ru,wordfreq_seeded;deterministically_filtered;needs_human_review
ru,v1,3,2255,2283,огромное,огромное,огромное,unknown,огромное,wordfreq:ru,wordfreq_seeded;deterministically_filtered;needs_human_review
ru,v1,3,2256,2284,петра,петра,петра,unknown,петра,wordfreq:ru,wordfreq_seeded;deterministically_filtered;needs_human_review
ru,v1,3,2257,2285,плана,плана,плана,unknown,плана,wordfreq:ru,wordfreq_seeded;deterministically_filtered;needs_human_review
ru,v1,3,2258,2286,платье,платье,платье,unknown,платье,wordfreq:ru,wordfreq_seeded;deterministically_filtered;needs_human_review
ru,v1,3,2259,2287,поверхности,поверхности,поверхности,unknown,поверхности,wordfreq:ru,wordfreq_seeded;deterministically_filtered;needs_human_review
ru,v1,3,2260,2288,повышения,повышения,повышения,unknown,повышения,wordfreq:ru,wordfreq_seeded;deterministically_filtered;needs_human_review
ru,v1,3,2261,2289,пойдет,пойдет,пойдет,unknown,пойдет,wordfreq:ru,wordfreq_seeded;deterministically_filtered;needs_human_review
ru,v1,3,2262,2290,поколения,поколения,поколения,unknown,поколения,wordfreq:ru,wordfreq_seeded;deterministically_filtered;needs_human_review
ru,v1,3,2263,2291,положения,положения,положения,unknown,положения,wordfreq:ru,wordfreq_seeded;deterministically_filtered;needs_human_review
ru,v1,3,2264,2292,появится,появится,появится,unknown,появится,wordfreq:ru,wordfreq_seeded;deterministically_filtered;needs_human_review
ru,v1,3,2265,2293,регистрации,регистрации,регистрации,unknown,регистрации,wordfreq:ru,wordfreq_seeded;deterministically_filtered;needs_human_review
ru,v1,3,2266,2294,ситуацию,ситуацию,ситуацию,unknown,ситуацию,wordfreq:ru,wordfreq_seeded;deterministically_filtered;needs_human_review
ru,v1,3,2267,2295,скажи,скажи,скажи,unknown,скажи,wordfreq:ru,wordfreq_seeded;deterministically_filtered;needs_human_review
ru,v1,3,2268,2296,сказано,сказано,сказано,unknown,сказано,wordfreq:ru,wordfreq_seeded;deterministically_filtered;needs_human_review
ru,v1,3,2269,2297,смогла,смогла,смогла,unknown,смогла,wordfreq:ru,wordfreq_seeded;deterministically_filtered;needs_human_review
ru,v1,3,2270,2298,смысла,смысла,смысла,unknown,смысла,wordfreq:ru,wordfreq_seeded;deterministically_filtered;needs_human_review
ru,v1,3,2271,2299,состоялся,состоялся,состоялся,unknown,состоялся,wordfreq:ru,wordfreq_seeded;deterministically_filtered;needs_human_review
ru,v1,3,2272,2300,сотрудников,сотрудников,сотрудников,unknown,сотрудников,wordfreq:ru,wordfreq_seeded;deterministically_filtered;needs_human_review
ru,v1,3,2273,2301,старые,старые,старые,unknown,старые,wordfreq:ru,wordfreq_seeded;deterministically_filtered;needs_human_review
ru,v1,3,2274,2302,суть,суть,суть,unknown,суть,wordfreq:ru,wordfreq_seeded;deterministically_filtered;needs_human_review
ru,v1,3,2275,2303,счастье,счастье,счастье,unknown,счастье,wordfreq:ru,wordfreq_seeded;deterministically_filtered;needs_human_review
ru,v1,3,2276,2304,теория,теория,теория,unknown,теория,wordfreq:ru,wordfreq_seeded;deterministically_filtered;needs_human_review
ru,v1,3,2277,2305,тонн,тонн,тонн,unknown,тонн,wordfreq:ru,wordfreq_seeded;deterministically_filtered;needs_human_review
ru,v1,3,2278,2306,тур,тур,тур,unknown,тур,wordfreq:ru,wordfreq_seeded;deterministically_filtered;needs_human_review
ru,v1,3,2279,2307,ужин,ужин,ужин,unknown,ужин,wordfreq:ru,wordfreq_seeded;deterministically_filtered;needs_human_review
ru,v1,3,2280,2308,финал,финал,финал,unknown,финал,wordfreq:ru,wordfreq_seeded;deterministically_filtered;needs_human_review
ru,v1,3,2281,2309,фронта,фронта,фронта,unknown,фронта,wordfreq:ru,wordfreq_seeded;deterministically_filtered;needs_human_review
ru,v1,3,2282,2310,футболу,футболу,футболу,unknown,футболу,wordfreq:ru,wordfreq_seeded;deterministically_filtered;needs_human_review
ru,v1,3,2283,2311,цк,цк,цк,unknown,цк,wordfreq:ru,wordfreq_seeded;deterministically_filtered;needs_human_review
ru,v1,3,2284,2312,штаб,штаб,штаб,unknown,штаб,wordfreq:ru,wordfreq_seeded;deterministically_filtered;needs_human_review
ru,v1,3,2285,2313,n,n,n,unknown,n,wordfreq:ru,wordfreq_seeded;deterministically_filtered;needs_human_review
ru,v1,3,2286,2314,адвокат,адвокат,адвокат,unknown,адвокат,wordfreq:ru,wordfreq_seeded;deterministically_filtered;needs_human_review
ru,v1,3,2287,2315,боевых,боевых,боевых,unknown,боевых,wordfreq:ru,wordfreq_seeded;deterministically_filtered;needs_human_review
ru,v1,3,2288,2316,василий,василий,василий,unknown,василий,wordfreq:ru,wordfreq_seeded;deterministically_filtered;needs_human_review
ru,v1,3,2289,2317,военный,военный,военный,unknown,военный,wordfreq:ru,wordfreq_seeded;deterministically_filtered;needs_human_review
ru,v1,3,2290,2318,встречу,встречу,встречу,unknown,встречу,wordfreq:ru,wordfreq_seeded;deterministically_filtered;needs_human_review
ru,v1,3,2291,2319,делал,делал,делал,unknown,делал,wordfreq:ru,wordfreq_seeded;deterministically_filtered;needs_human_review
ru,v1,3,2292,2320,делом,делом,делом,unknown,делом,wordfreq:ru,wordfreq_seeded;deterministically_filtered;needs_human_review
ru,v1,3,2293,2321,доступ,доступ,доступ,unknown,доступ,wordfreq:ru,wordfreq_seeded;deterministically_filtered;needs_human_review
ru,v1,3,2294,2322,друзьями,друзьями,друзьями,unknown,друзьями,wordfreq:ru,wordfreq_seeded;deterministically_filtered;needs_human_review
ru,v1,3,2295,2323,душа,душа,душа,unknown,душа,wordfreq:ru,wordfreq_seeded;deterministically_filtered;needs_human_review
ru,v1,3,2296,2324,забыть,забыть,забыть,unknown,забыть,wordfreq:ru,wordfreq_seeded;deterministically_filtered;needs_human_review
ru,v1,3,2297,2325,игроки,игроки,игроки,unknown,игроки,wordfreq:ru,wordfreq_seeded;deterministically_filtered;needs_human_review
ru,v1,3,2298,2326,игроков,игроков,игроков,unknown,игроков,wordfreq:ru,wordfreq_seeded;deterministically_filtered;needs_human_review
ru,v1,3,2299,2327,иду,иду,иду,unknown,иду,wordfreq:ru,wordfreq_seeded;deterministically_filtered;needs_human_review
ru,v1,3,2300,2328,идёт,идёт,идёт,unknown,идёт,wordfreq:ru,wordfreq_seeded;deterministically_filtered;needs_human_review
ru,v1,3,2301,2329,карьеру,карьеру,карьеру,unknown,карьеру,wordfreq:ru,wordfreq_seeded;deterministically_filtered;needs_human_review
ru,v1,3,2302,2330,лечение,лечение,лечение,unknown,лечение,wordfreq:ru,wordfreq_seeded;deterministically_filtered;needs_human_review
ru,v1,3,2303,2331,находились,находились,находились,unknown,находились,wordfreq:ru,wordfreq_seeded;deterministically_filtered;needs_human_review
ru,v1,3,2304,2332,небо,небо,небо,unknown,небо,wordfreq:ru,wordfreq_seeded;deterministically_filtered;needs_human_review
ru,v1,3,2305,2333,николая,николая,николая,unknown,николая,wordfreq:ru,wordfreq_seeded;deterministically_filtered;needs_human_review
ru,v1,3,2306,2334,обеспечить,обеспечить,обеспечить,unknown,обеспечить,wordfreq:ru,wordfreq_seeded;deterministically_filtered;needs_human_review
ru,v1,3,2307,2335,общественных,общественных,общественных,unknown,общественных,wordfreq:ru,wordfreq_seeded;deterministically_filtered;needs_human_review
ru,v1,3,2308,2336,окончания,окончания,окончания,unknown,окончания,wordfreq:ru,wordfreq_seeded;deterministically_filtered;needs_human_review
ru,v1,3,2309,2337,операция,операция,операция,unknown,операция,wordfreq:ru,wordfreq_seeded;deterministically_filtered;needs_human_review
ru,v1,3,2310,2338,основания,основания,основания,unknown,основания,wordfreq:ru,wordfreq_seeded;deterministically_filtered;needs_human_review
ru,v1,3,2311,2339,оставил,оставил,оставил,unknown,оставил,wordfreq:ru,wordfreq_seeded;deterministically_filtered;needs_human_review
ru,v1,3,2312,2340,очередной,очередной,очередной,unknown,очередной,wordfreq:ru,wordfreq_seeded;deterministically_filtered;needs_human_review
ru,v1,3,2313,2341,парни,парни,парни,unknown,парни,wordfreq:ru,wordfreq_seeded;deterministically_filtered;needs_human_review
ru,v1,3,2314,2342,переговоры,переговоры,переговоры,unknown,переговоры,wordfreq:ru,wordfreq_seeded;deterministically_filtered;needs_human_review
ru,v1,3,2315,2343,посмотрите,посмотрите,посмотрите,unknown,посмотрите,wordfreq:ru,wordfreq_seeded;deterministically_filtered;needs_human_review
ru,v1,3,2316,2344,представитель,представитель,представитель,unknown,представитель,wordfreq:ru,wordfreq_seeded;deterministically_filtered;needs_human_review
ru,v1,3,2317,2345,прошлой,прошлой,прошлой,unknown,прошлой,wordfreq:ru,wordfreq_seeded;deterministically_filtered;needs_human_review
ru,v1,3,2318,2346,результатов,результатов,результатов,unknown,результатов,wordfreq:ru,wordfreq_seeded;deterministically_filtered;needs_human_review
ru,v1,3,2319,2347,решать,решать,решать,unknown,решать,wordfreq:ru,wordfreq_seeded;deterministically_filtered;needs_human_review
ru,v1,3,2320,2348,само,само,само,unknown,само,wordfreq:ru,wordfreq_seeded;deterministically_filtered;needs_human_review
ru,v1,3,2321,2349,сборную,сборную,сборную,unknown,сборную,wordfreq:ru,wordfreq_seeded;deterministically_filtered;needs_human_review
ru,v1,3,2322,2350,сибири,сибири,сибири,unknown,сибири,wordfreq:ru,wordfreq_seeded;deterministically_filtered;needs_human_review
ru,v1,3,2323,2351,скончался,скончался,скончался,unknown,скончался,wordfreq:ru,wordfreq_seeded;deterministically_filtered;needs_human_review
ru,v1,3,2324,2352,солнца,солнца,солнца,unknown,солнца,wordfreq:ru,wordfreq_seeded;deterministically_filtered;needs_human_review
ru,v1,3,2325,2353,сотни,сотни,сотни,unknown,сотни,wordfreq:ru,wordfreq_seeded;deterministically_filtered;needs_human_review
ru,v1,3,2326,2354,степень,степень,степень,unknown,степень,wordfreq:ru,wordfreq_seeded;deterministically_filtered;needs_human_review
ru,v1,3,2327,2355,топ,топ,топ,unknown,топ,wordfreq:ru,wordfreq_seeded;deterministically_filtered;needs_human_review
ru,v1,3,2328,2356,труд,труд,труд,unknown,труд,wordfreq:ru,wordfreq_seeded;deterministically_filtered;needs_human_review
ru,v1,3,2329,2357,турнир,турнир,турнир,unknown,турнир,wordfreq:ru,wordfreq_seeded;deterministically_filtered;needs_human_review
ru,v1,3,2330,2358,убить,убить,убить,unknown,убить,wordfreq:ru,wordfreq_seeded;deterministically_filtered;needs_human_review
ru,v1,3,2331,2359,украинских,украинских,украинских,unknown,украинских,wordfreq:ru,wordfreq_seeded;deterministically_filtered;needs_human_review
ru,v1,3,2332,2360,участием,участием,участием,unknown,участием,wordfreq:ru,wordfreq_seeded;deterministically_filtered;needs_human_review
ru,v1,3,2333,2361,цен,цен,цен,unknown,цен,wordfreq:ru,wordfreq_seeded;deterministically_filtered;needs_human_review
ru,v1,3,2334,2362,чемпионов,чемпионов,чемпионов,unknown,чемпионов,wordfreq:ru,wordfreq_seeded;deterministically_filtered;needs_human_review
ru,v1,3,2335,2363,экономических,экономических,экономических,unknown,экономических,wordfreq:ru,wordfreq_seeded;deterministically_filtered;needs_human_review
ru,v1,3,2336,2364,экс,экс,экс,unknown,экс,wordfreq:ru,wordfreq_seeded;deterministically_filtered;needs_human_review
ru,v1,3,2337,2365,iv,iv,iv,unknown,iv,wordfreq:ru,wordfreq_seeded;deterministically_filtered;needs_human_review
ru,v1,3,2338,2366,you,you,you,unknown,you,wordfreq:ru,wordfreq_seeded;deterministically_filtered;needs_human_review
ru,v1,3,2339,2367,автомобилей,автомобилей,автомобилей,unknown,автомобилей,wordfreq:ru,wordfreq_seeded;deterministically_filtered;needs_human_review
ru,v1,3,2340,2368,американского,американского,американского,unknown,американского,wordfreq:ru,wordfreq_seeded;deterministically_filtered;needs_human_review
ru,v1,3,2341,2369,американской,американской,американской,unknown,американской,wordfreq:ru,wordfreq_seeded;deterministically_filtered;needs_human_review
ru,v1,3,2342,2370,америки,америки,америки,unknown,америки,wordfreq:ru,wordfreq_seeded;deterministically_filtered;needs_human_review
ru,v1,3,2343,2371,аэропорт,аэропорт,аэропорт,unknown,аэропорт,wordfreq:ru,wordfreq_seeded;deterministically_filtered;needs_human_review
ru,v1,3,2344,2372,блин,блин,блин,unknown,блин,wordfreq:ru,wordfreq_seeded;deterministically_filtered;needs_human_review
ru,v1,3,2345,2373,богу,богу,богу,unknown,богу,wordfreq:ru,wordfreq_seeded;deterministically_filtered;needs_human_review
ru,v1,3,2346,2374,больницу,больницу,больницу,unknown,больницу,wordfreq:ru,wordfreq_seeded;deterministically_filtered;needs_human_review
ru,v1,3,2347,2375,борис,борис,борис,unknown,борис,wordfreq:ru,wordfreq_seeded;deterministically_filtered;needs_human_review
ru,v1,3,2348,2376,борьбу,борьбу,борьбу,unknown,борьбу,wordfreq:ru,wordfreq_seeded;deterministically_filtered;needs_human_review
ru,v1,3,2349,2377,бразилии,бразилии,бразилии,unknown,бразилии,wordfreq:ru,wordfreq_seeded;deterministically_filtered;needs_human_review
ru,v1,3,2350,2378,вещь,вещь,вещь,unknown,вещь,wordfreq:ru,wordfreq_seeded;deterministically_filtered;needs_human_review
ru,v1,3,2351,2379,внезапно,внезапно,внезапно,unknown,внезапно,wordfreq:ru,wordfreq_seeded;deterministically_filtered;needs_human_review
ru,v1,3,2352,2380,вопросу,вопросу,вопросу,unknown,вопросу,wordfreq:ru,wordfreq_seeded;deterministically_filtered;needs_human_review
ru,v1,3,2353,2381,воспоминания,воспоминания,воспоминания,unknown,воспоминания,wordfreq:ru,wordfreq_seeded;deterministically_filtered;needs_human_review
ru,v1,3,2354,2382,вошли,вошли,вошли,unknown,вошли,wordfreq:ru,wordfreq_seeded;deterministically_filtered;needs_human_review
ru,v1,3,2355,2383,впоследствии,впоследствии,впоследствии,unknown,впоследствии,wordfreq:ru,wordfreq_seeded;deterministically_filtered;needs_human_review
ru,v1,3,2356,2384,говорится,говорится,говорится,unknown,говорится,wordfreq:ru,wordfreq_seeded;deterministically_filtered;needs_human_review
ru,v1,3,2357,2385,задач,задач,задач,unknown,задач,wordfreq:ru,wordfreq_seeded;deterministically_filtered;needs_human_review
ru,v1,3,2358,2386,законы,законы,законы,unknown,законы,wordfreq:ru,wordfreq_seeded;deterministically_filtered;needs_human_review
ru,v1,3,2359,2387,играх,играх,играх,unknown,играх,wordfreq:ru,wordfreq_seeded;deterministically_filtered;needs_human_review
ru,v1,3,2360,2388,имела,имела,имела,unknown,имела,wordfreq:ru,wordfreq_seeded;deterministically_filtered;needs_human_review
ru,v1,3,2361,2389,интересы,интересы,интересы,unknown,интересы,wordfreq:ru,wordfreq_seeded;deterministically_filtered;needs_human_review
ru,v1,3,2362,2390,исследование,исследование,исследование,unknown,исследование,wordfreq:ru,wordfreq_seeded;deterministically_filtered;needs_human_review
ru,v1,3,2363,2391,источников,источников,источников,unknown,источников,wordfreq:ru,wordfreq_seeded;deterministically_filtered;needs_human_review
ru,v1,3,2364,2392,июле,июле,июле,unknown,июле,wordfreq:ru,wordfreq_seeded;deterministically_filtered;needs_human_review
ru,v1,3,2365,2393,каждое,каждое,каждое,unknown,каждое,wordfreq:ru,wordfreq_seeded;deterministically_filtered;needs_human_review
ru,v1,3,2366,2394,каждым,каждым,каждым,unknown,каждым,wordfreq:ru,wordfreq_seeded;deterministically_filtered;needs_human_review
ru,v1,3,2367,2395,камень,камень,камень,unknown,камень,wordfreq:ru,wordfreq_seeded;deterministically_filtered;needs_human_review
ru,v1,3,2368,2396,картина,картина,картина,unknown,картина,wordfreq:ru,wordfreq_seeded;deterministically_filtered;needs_human_review
ru,v1,3,2369,2397,кафе,кафе,кафе,unknown,кафе,wordfreq:ru,wordfreq_seeded;deterministically_filtered;needs_human_review
ru,v1,3,2370,2398,квартире,квартире,квартире,unknown,квартире,wordfreq:ru,wordfreq_seeded;deterministically_filtered;needs_human_review
ru,v1,3,2371,2399,клубе,клубе,клубе,unknown,клубе,wordfreq:ru,wordfreq_seeded;deterministically_filtered;needs_human_review
ru,v1,3,2372,2400,константин,константин,константин,unknown,константин,wordfreq:ru,wordfreq_seeded;deterministically_filtered;needs_human_review
ru,v1,3,2373,2401,купил,купил,купил,unknown,купил,wordfreq:ru,wordfreq_seeded;deterministically_filtered;needs_human_review
ru,v1,3,2374,2402,лежит,лежит,лежит,unknown,лежит,wordfreq:ru,wordfreq_seeded;deterministically_filtered;needs_human_review
ru,v1,3,2375,2403,лейтенант,лейтенант,лейтенант,unknown,лейтенант,wordfreq:ru,wordfreq_seeded;deterministically_filtered;needs_human_review
ru,v1,3,2376,2404,ми,ми,ми,unknown,ми,wordfreq:ru,wordfreq_seeded;deterministically_filtered;needs_human_review
ru,v1,3,2377,2405,мин,мин,мин,unknown,мин,wordfreq:ru,wordfreq_seeded;deterministically_filtered;needs_human_review
ru,v1,3,2378,2406,минимум,минимум,минимум,unknown,минимум,wordfreq:ru,wordfreq_seeded;deterministically_filtered;needs_human_review
ru,v1,3,2379,2407,наверняка,наверняка,наверняка,unknown,наверняка,wordfreq:ru,wordfreq_seeded;deterministically_filtered;needs_human_review
ru,v1,3,2380,2408,назначения,назначения,назначения,unknown,назначения,wordfreq:ru,wordfreq_seeded;deterministically_filtered;needs_human_review
ru,v1,3,2381,2409,напротив,напротив,напротив,unknown,напротив,wordfreq:ru,wordfreq_seeded;deterministically_filtered;needs_human_review
ru,v1,3,2382,2410,неоднократно,неоднократно,неоднократно,unknown,неоднократно,wordfreq:ru,wordfreq_seeded;deterministically_filtered;needs_human_review
ru,v1,3,2383,2411,номера,номера,номера,unknown,номера,wordfreq:ru,wordfreq_seeded;deterministically_filtered;needs_human_review
ru,v1,3,2384,2412,ольга,ольга,ольга,unknown,ольга,wordfreq:ru,wordfreq_seeded;deterministically_filtered;needs_human_review
ru,v1,3,2385,2413,открытие,открытие,открытие,unknown,открытие,wordfreq:ru,wordfreq_seeded;deterministically_filtered;needs_human_review
ru,v1,3,2386,2414,победил,победил,победил,unknown,победил,wordfreq:ru,wordfreq_seeded;deterministically_filtered;needs_human_review
ru,v1,3,2387,2415,поддержки,поддержки,поддержки,unknown,поддержки,wordfreq:ru,wordfreq_seeded;deterministically_filtered;needs_human_review
ru,v1,3,2388,2416,политические,политические,политические,unknown,политические,wordfreq:ru,wordfreq_seeded;deterministically_filtered;needs_human_review
ru,v1,3,2389,2417,пр,пр,пр,unknown,пр,wordfreq:ru,wordfreq_seeded;deterministically_filtered;needs_human_review
ru,v1,3,2390,2418,применения,применения,применения,unknown,применения,wordfreq:ru,wordfreq_seeded;deterministically_filtered;needs_human_review
ru,v1,3,2391,2419,принимает,принимает,принимает,unknown,принимает,wordfreq:ru,wordfreq_seeded;deterministically_filtered;needs_human_review
ru,v1,3,2392,2420,причине,причине,причине,unknown,причине,wordfreq:ru,wordfreq_seeded;deterministically_filtered;needs_human_review
ru,v1,3,2393,2421,продолжать,продолжать,продолжать,unknown,продолжать,wordfreq:ru,wordfreq_seeded;deterministically_filtered;needs_human_review
ru,v1,3,2394,2422,растений,растений,растений,unknown,растений,wordfreq:ru,wordfreq_seeded;deterministically_filtered;needs_human_review
ru,v1,3,2395,2423,рок,рок,рок,unknown,рок,wordfreq:ru,wordfreq_seeded;deterministically_filtered;needs_human_review
ru,v1,3,2396,2424,свободу,свободу,свободу,unknown,свободу,wordfreq:ru,wordfreq_seeded;deterministically_filtered;needs_human_review
ru,v1,3,2397,2425,связаны,связаны,связаны,unknown,связаны,wordfreq:ru,wordfreq_seeded;deterministically_filtered;needs_human_review
ru,v1,3,2398,2426,следующей,следующей,следующей,unknown,следующей,wordfreq:ru,wordfreq_seeded;deterministically_filtered;needs_human_review
ru,v1,3,2399,2427,случаев,случаев,случаев,unknown,случаев,wordfreq:ru,wordfreq_seeded;deterministically_filtered;needs_human_review
ru,v1,3,2400,2428,слушать,слушать,слушать,unknown,слушать,wordfreq:ru,wordfreq_seeded;deterministically_filtered;needs_human_review
ru,v1,3,2401,2429,соглашение,соглашение,соглашение,unknown,соглашение,wordfreq:ru,wordfreq_seeded;deterministically_filtered;needs_human_review
ru,v1,3,2402,2430,становятся,становятся,становятся,unknown,становятся,wordfreq:ru,wordfreq_seeded;deterministically_filtered;needs_human_review
ru,v1,3,2403,2431,территорию,территорию,территорию,unknown,территорию,wordfreq:ru,wordfreq_seeded;deterministically_filtered;needs_human_review
ru,v1,3,2404,2432,требуется,требуется,требуется,unknown,требуется,wordfreq:ru,wordfreq_seeded;deterministically_filtered;needs_human_review
ru,v1,3,2405,2433,трое,трое,трое,unknown,трое,wordfreq:ru,wordfreq_seeded;deterministically_filtered;needs_human_review
ru,v1,3,2406,2434,условий,условий,условий,unknown,условий,wordfreq:ru,wordfreq_seeded;deterministically_filtered;needs_human_review
ru,v1,3,2407,2435,феврале,феврале,феврале,unknown,феврале,wordfreq:ru,wordfreq_seeded;deterministically_filtered;needs_human_review
ru,v1,3,2408,2436,храм,храм,храм,unknown,храм,wordfreq:ru,wordfreq_seeded;deterministically_filtered;needs_human_review
ru,v1,3,2409,2437,целях,целях,целях,unknown,целях,wordfreq:ru,wordfreq_seeded;deterministically_filtered;needs_human_review
ru,v1,3,2410,2438,частей,частей,частей,unknown,частей,wordfreq:ru,wordfreq_seeded;deterministically_filtered;needs_human_review
ru,v1,3,2411,2439,частично,частично,частично,unknown,частично,wordfreq:ru,wordfreq_seeded;deterministically_filtered;needs_human_review
ru,v1,3,2412,2440,черный,черный,черный,unknown,черный,wordfreq:ru,wordfreq_seeded;deterministically_filtered;needs_human_review
ru,v1,3,2413,2441,широко,широко,широко,unknown,широко,wordfreq:ru,wordfreq_seeded;deterministically_filtered;needs_human_review
ru,v1,3,2414,2442,школ,школ,школ,unknown,школ,wordfreq:ru,wordfreq_seeded;deterministically_filtered;needs_human_review
ru,v1,3,2415,2444,боли,боли,боли,unknown,боли,wordfreq:ru,wordfreq_seeded;deterministically_filtered;needs_human_review
ru,v1,3,2416,2445,больнице,больнице,больнице,unknown,больнице,wordfreq:ru,wordfreq_seeded;deterministically_filtered;needs_human_review
ru,v1,3,2417,2446,большей,большей,большей,unknown,большей,wordfreq:ru,wordfreq_seeded;deterministically_filtered;needs_human_review
ru,v1,3,2418,2447,вера,вера,вера,unknown,вера,wordfreq:ru,wordfreq_seeded;deterministically_filtered;needs_human_review
ru,v1,3,2419,2448,верю,верю,верю,unknown,верю,wordfreq:ru,wordfreq_seeded;deterministically_filtered;needs_human_review
ru,v1,3,2420,2449,вечно,вечно,вечно,unknown,вечно,wordfreq:ru,wordfreq_seeded;deterministically_filtered;needs_human_review
ru,v1,3,2421,2450,вторую,вторую,вторую,unknown,вторую,wordfreq:ru,wordfreq_seeded;deterministically_filtered;needs_human_review
ru,v1,3,2422,2451,выступления,выступления,выступления,unknown,выступления,wordfreq:ru,wordfreq_seeded;deterministically_filtered;needs_human_review
ru,v1,3,2423,2452,голосов,голосов,голосов,unknown,голосов,wordfreq:ru,wordfreq_seeded;deterministically_filtered;needs_human_review
ru,v1,3,2424,2453,данной,данной,данной,unknown,данной,wordfreq:ru,wordfreq_seeded;deterministically_filtered;needs_human_review
ru,v1,3,2425,2454,данном,данном,данном,unknown,данном,wordfreq:ru,wordfreq_seeded;deterministically_filtered;needs_human_review
ru,v1,3,2426,2455,департамента,департамента,департамента,unknown,департамента,wordfreq:ru,wordfreq_seeded;deterministically_filtered;needs_human_review
ru,v1,3,2427,2456,женой,женой,женой,unknown,женой,wordfreq:ru,wordfreq_seeded;deterministically_filtered;needs_human_review
ru,v1,3,2428,2457,занимается,занимается,занимается,unknown,занимается,wordfreq:ru,wordfreq_seeded;deterministically_filtered;needs_human_review
ru,v1,3,2429,2458,запада,запада,запада,unknown,запада,wordfreq:ru,wordfreq_seeded;deterministically_filtered;needs_human_review
ru,v1,3,2430,2459,код,код,код,unknown,код,wordfreq:ru,wordfreq_seeded;deterministically_filtered;needs_human_review
ru,v1,3,2431,2460,команд,команд,команд,unknown,команд,wordfreq:ru,wordfreq_seeded;deterministically_filtered;needs_human_review
ru,v1,3,2432,2461,компаний,компаний,компаний,unknown,компаний,wordfreq:ru,wordfreq_seeded;deterministically_filtered;needs_human_review
ru,v1,3,2433,2462,милый,милый,милый,unknown,милый,wordfreq:ru,wordfreq_seeded;deterministically_filtered;needs_human_review
ru,v1,3,2434,2463,мини,мини,мини,unknown,мини,wordfreq:ru,wordfreq_seeded;deterministically_filtered;needs_human_review
ru,v1,3,2435,2464,музея,музея,музея,unknown,музея,wordfreq:ru,wordfreq_seeded;deterministically_filtered;needs_human_review
ru,v1,3,2436,2465,написано,написано,написано,unknown,написано,wordfreq:ru,wordfreq_seeded;deterministically_filtered;needs_human_review
ru,v1,3,2437,2466,начался,начался,начался,unknown,начался,wordfreq:ru,wordfreq_seeded;deterministically_filtered;needs_human_review
ru,v1,3,2438,2467,никуда,никуда,никуда,unknown,никуда,wordfreq:ru,wordfreq_seeded;deterministically_filtered;needs_human_review
ru,v1,3,2439,2468,объявил,объявил,объявил,unknown,объявил,wordfreq:ru,wordfreq_seeded;deterministically_filtered;needs_human_review
ru,v1,3,2440,2469,открыть,открыть,открыть,unknown,открыть,wordfreq:ru,wordfreq_seeded;deterministically_filtered;needs_human_review
ru,v1,3,2441,2470,оттуда,оттуда,оттуда,unknown,оттуда,wordfreq:ru,wordfreq_seeded;deterministically_filtered;needs_human_review
ru,v1,3,2442,2471,пары,пары,пары,unknown,пары,wordfreq:ru,wordfreq_seeded;deterministically_filtered;needs_human_review
ru,v1,3,2443,2472,петр,петр,петр,unknown,петр,wordfreq:ru,wordfreq_seeded;deterministically_filtered;needs_human_review
ru,v1,3,2444,2473,подходит,подходит,подходит,unknown,подходит,wordfreq:ru,wordfreq_seeded;deterministically_filtered;needs_human_review
ru,v1,3,2445,2474,полковник,полковник,полковник,unknown,полковник,wordfreq:ru,wordfreq_seeded;deterministically_filtered;needs_human_review
ru,v1,3,2446,2475,попросил,попросил,попросил,unknown,попросил,wordfreq:ru,wordfreq_seeded;deterministically_filtered;needs_human_review
ru,v1,3,2447,2476,порой,порой,порой,unknown,порой,wordfreq:ru,wordfreq_seeded;deterministically_filtered;needs_human_review
ru,v1,3,2448,2477,построить,построить,построить,unknown,построить,wordfreq:ru,wordfreq_seeded;deterministically_filtered;needs_human_review
ru,v1,3,2449,2478,потерял,потерял,потерял,unknown,потерял,wordfreq:ru,wordfreq_seeded;deterministically_filtered;needs_human_review
ru,v1,3,2450,2479,признать,признать,признать,unknown,признать,wordfreq:ru,wordfreq_seeded;deterministically_filtered;needs_human_review
ru,v1,3,2451,2480,простой,простой,простой,unknown,простой,wordfreq:ru,wordfreq_seeded;deterministically_filtered;needs_human_review
ru,v1,3,2452,2481,режиме,режиме,режиме,unknown,режиме,wordfreq:ru,wordfreq_seeded;deterministically_filtered;needs_human_review
ru,v1,3,2453,2482,сделано,сделано,сделано,unknown,сделано,wordfreq:ru,wordfreq_seeded;deterministically_filtered;needs_human_review
ru,v1,3,2454,2483,силами,силами,силами,unknown,силами,wordfreq:ru,wordfreq_seeded;deterministically_filtered;needs_human_review
ru,v1,3,2455,2484,собрание,собрание,собрание,unknown,собрание,wordfreq:ru,wordfreq_seeded;deterministically_filtered;needs_human_review
ru,v1,3,2456,2485,современных,современных,современных,unknown,современных,wordfreq:ru,wordfreq_seeded;deterministically_filtered;needs_human_review
ru,v1,3,2457,2486,соревнования,соревнования,соревнования,unknown,соревнования,wordfreq:ru,wordfreq_seeded;deterministically_filtered;needs_human_review
ru,v1,3,2458,2487,составил,составил,составил,unknown,составил,wordfreq:ru,wordfreq_seeded;deterministically_filtered;needs_human_review
ru,v1,3,2459,2488,сотрудники,сотрудники,сотрудники,unknown,сотрудники,wordfreq:ru,wordfreq_seeded;deterministically_filtered;needs_human_review
ru,v1,3,2460,2489,спросил,спросил,спросил,unknown,спросил,wordfreq:ru,wordfreq_seeded;deterministically_filtered;needs_human_review
ru,v1,3,2461,2490,средняя,средняя,средняя,unknown,средняя,wordfreq:ru,wordfreq_seeded;deterministically_filtered;needs_human_review
ru,v1,3,2462,2491,стиль,стиль,стиль,unknown,стиль,wordfreq:ru,wordfreq_seeded;deterministically_filtered;needs_human_review
ru,v1,3,2463,2492,стоимости,стоимости,стоимости,unknown,стоимости,wordfreq:ru,wordfreq_seeded;deterministically_filtered;needs_human_review
ru,v1,3,2464,2493,существенно,существенно,существенно,unknown,существенно,wordfreq:ru,wordfreq_seeded;deterministically_filtered;needs_human_review
ru,v1,3,2465,2494,существуют,существуют,существуют,unknown,существуют,wordfreq:ru,wordfreq_seeded;deterministically_filtered;needs_human_review
ru,v1,3,2466,2495,успеха,успеха,успеха,unknown,успеха,wordfreq:ru,wordfreq_seeded;deterministically_filtered;needs_human_review
ru,v1,3,2467,2496,фильмов,фильмов,фильмов,unknown,фильмов,wordfreq:ru,wordfreq_seeded;deterministically_filtered;needs_human_review
ru,v1,3,2468,2497,шести,шести,шести,unknown,шести,wordfreq:ru,wordfreq_seeded;deterministically_filtered;needs_human_review
ru,v1,3,2469,2498,эффект,эффект,эффект,unknown,эффект,wordfreq:ru,wordfreq_seeded;deterministically_filtered;needs_human_review
ru,v1,3,2470,2499,беларуси,беларуси,беларуси,unknown,беларуси,wordfreq:ru,wordfreq_seeded;deterministically_filtered;needs_human_review
ru,v1,3,2471,2500,беларусь,беларусь,беларусь,unknown,беларусь,wordfreq:ru,wordfreq_seeded;deterministically_filtered;needs_human_review
ru,v1,3,2472,2501,бизнеса,бизнеса,бизнеса,unknown,бизнеса,wordfreq:ru,wordfreq_seeded;deterministically_filtered;needs_human_review
ru,v1,3,2473,2502,близко,близко,близко,unknown,близко,wordfreq:ru,wordfreq_seeded;deterministically_filtered;needs_human_review
ru,v1,3,2474,2503,верно,верно,верно,unknown,верно,wordfreq:ru,wordfreq_seeded;deterministically_filtered;needs_human_review
ru,v1,3,2475,2504,выбрать,выбрать,выбрать,unknown,выбрать,wordfreq:ru,wordfreq_seeded;deterministically_filtered;needs_human_review
ru,v1,3,2476,2505,выиграть,выиграть,выиграть,unknown,выиграть,wordfreq:ru,wordfreq_seeded;deterministically_filtered;needs_human_review
ru,v1,3,2477,2506,высокий,высокий,высокий,unknown,высокий,wordfreq:ru,wordfreq_seeded;deterministically_filtered;needs_human_review
ru,v1,3,2478,2507,думает,думает,думает,unknown,думает,wordfreq:ru,wordfreq_seeded;deterministically_filtered;needs_human_review
ru,v1,3,2479,2508,компанию,компанию,компанию,unknown,компанию,wordfreq:ru,wordfreq_seeded;deterministically_filtered;needs_human_review
ru,v1,3,2480,2509,лиге,лиге,лиге,unknown,лиге,wordfreq:ru,wordfreq_seeded;deterministically_filtered;needs_human_review
ru,v1,3,2481,2510,лидер,лидер,лидер,unknown,лидер,wordfreq:ru,wordfreq_seeded;deterministically_filtered;needs_human_review
ru,v1,3,2482,2511,марк,марк,марк,unknown,марк,wordfreq:ru,wordfreq_seeded;deterministically_filtered;needs_human_review
ru,v1,3,2483,2512,материал,материал,материал,unknown,материал,wordfreq:ru,wordfreq_seeded;deterministically_filtered;needs_human_review
ru,v1,3,2484,2513,министерство,министерство,министерство,unknown,министерство,wordfreq:ru,wordfreq_seeded;deterministically_filtered;needs_human_review
ru,v1,3,2485,2514,молодец,молодец,молодец,unknown,молодец,wordfreq:ru,wordfreq_seeded;deterministically_filtered;needs_human_review
ru,v1,3,2486,2515,морской,морской,морской,unknown,морской,wordfreq:ru,wordfreq_seeded;deterministically_filtered;needs_human_review
ru,v1,3,2487,2516,написать,написать,написать,unknown,написать,wordfreq:ru,wordfreq_seeded;deterministically_filtered;needs_human_review
ru,v1,3,2488,2517,ничто,ничто,ничто,unknown,ничто,wordfreq:ru,wordfreq_seeded;deterministically_filtered;needs_human_review
ru,v1,3,2489,2518,оборудование,оборудование,оборудование,unknown,оборудование,wordfreq:ru,wordfreq_seeded;deterministically_filtered;needs_human_review
ru,v1,3,2490,2519,отдыха,отдыха,отдыха,unknown,отдыха,wordfreq:ru,wordfreq_seeded;deterministically_filtered;needs_human_review
ru,v1,3,2491,2520,отношениях,отношениях,отношениях,unknown,отношениях,wordfreq:ru,wordfreq_seeded;deterministically_filtered;needs_human_review
ru,v1,3,2492,2521,полное,полное,полное,unknown,полное,wordfreq:ru,wordfreq_seeded;deterministically_filtered;needs_human_review
ru,v1,3,2493,2522,половины,половины,половины,unknown,половины,wordfreq:ru,wordfreq_seeded;deterministically_filtered;needs_human_review
ru,v1,3,2494,2523,получит,получит,получит,unknown,получит,wordfreq:ru,wordfreq_seeded;deterministically_filtered;needs_human_review
ru,v1,3,2495,2524,пользоваться,пользоваться,пользоваться,unknown,пользоваться,wordfreq:ru,wordfreq_seeded;deterministically_filtered;needs_human_review
ru,v1,3,2496,2525,поражение,поражение,поражение,unknown,поражение,wordfreq:ru,wordfreq_seeded;deterministically_filtered;needs_human_review
ru,v1,3,2497,2526,правления,правления,правления,unknown,правления,wordfreq:ru,wordfreq_seeded;deterministically_filtered;needs_human_review
ru,v1,3,2498,2527,приняла,приняла,приняла,unknown,приняла,wordfreq:ru,wordfreq_seeded;deterministically_filtered;needs_human_review
ru,v1,3,2499,2528,проверить,проверить,проверить,unknown,проверить,wordfreq:ru,wordfreq_seeded;deterministically_filtered;needs_human_review
ru,v1,3,2500,2529,рассказать,рассказать,рассказать,unknown,рассказать,wordfreq:ru,wordfreq_seeded;deterministically_filtered;needs_human_review
ru,v1,3,2501,2530,расследование,расследование,расследование,unknown,расследование,wordfreq:ru,wordfreq_seeded;deterministically_filtered;needs_human_review
ru,v1,3,2502,2531,романа,романа,романа,unknown,романа,wordfreq:ru,wordfreq_seeded;deterministically_filtered;needs_human_review
ru,v1,3,2503,2532,сильный,сильный,сильный,unknown,сильный,wordfreq:ru,wordfreq_seeded;deterministically_filtered;needs_human_review
ru,v1,3,2504,2533,служба,служба,служба,unknown,служба,wordfreq:ru,wordfreq_seeded;deterministically_filtered;needs_human_review
ru,v1,3,2505,2534,совершил,совершил,совершил,unknown,совершил,wordfreq:ru,wordfreq_seeded;deterministically_filtered;needs_human_review
ru,v1,3,2506,2535,состоялась,состоялась,состоялась,unknown,состоялась,wordfreq:ru,wordfreq_seeded;deterministically_filtered;needs_human_review
ru,v1,3,2507,2536,состояния,состояния,состояния,unknown,состояния,wordfreq:ru,wordfreq_seeded;deterministically_filtered;needs_human_review
ru,v1,3,2508,2537,среднего,среднего,среднего,unknown,среднего,wordfreq:ru,wordfreq_seeded;deterministically_filtered;needs_human_review
ru,v1,3,2509,2538,среды,среды,среды,unknown,среды,wordfreq:ru,wordfreq_seeded;deterministically_filtered;needs_human_review
ru,v1,3,2510,2539,стадии,стадии,стадии,unknown,стадии,wordfreq:ru,wordfreq_seeded;deterministically_filtered;needs_human_review
ru,v1,3,2511,2540,субботу,субботу,субботу,unknown,субботу,wordfreq:ru,wordfreq_seeded;deterministically_filtered;needs_human_review
ru,v1,3,2512,2541,тв,тв,тв,unknown,тв,wordfreq:ru,wordfreq_seeded;deterministically_filtered;needs_human_review
ru,v1,3,2513,2542,твою,твою,твою,unknown,твою,wordfreq:ru,wordfreq_seeded;deterministically_filtered;needs_human_review
ru,v1,3,2514,2543,убийстве,убийстве,убийстве,unknown,убийстве,wordfreq:ru,wordfreq_seeded;deterministically_filtered;needs_human_review
ru,v1,3,2515,2544,успел,успел,успел,unknown,успел,wordfreq:ru,wordfreq_seeded;deterministically_filtered;needs_human_review
ru,v1,3,2516,2545,художник,художник,художник,unknown,художник,wordfreq:ru,wordfreq_seeded;deterministically_filtered;needs_human_review
ru,v1,3,2517,2547,автора,автора,автора,unknown,автора,wordfreq:ru,wordfreq_seeded;deterministically_filtered;needs_human_review
ru,v1,3,2518,2548,большинства,большинства,большинства,unknown,большинства,wordfreq:ru,wordfreq_seeded;deterministically_filtered;needs_human_review
ru,v1,3,2519,2549,вина,вина,вина,unknown,вина,wordfreq:ru,wordfreq_seeded;deterministically_filtered;needs_human_review
ru,v1,3,2520,2550,выходные,выходные,выходные,unknown,выходные,wordfreq:ru,wordfreq_seeded;deterministically_filtered;needs_human_review
ru,v1,3,2521,2551,границе,границе,границе,unknown,границе,wordfreq:ru,wordfreq_seeded;deterministically_filtered;needs_human_review
ru,v1,3,2522,2552,даст,даст,даст,unknown,даст,wordfreq:ru,wordfreq_seeded;deterministically_filtered;needs_human_review
ru,v1,3,2523,2553,дата,дата,дата,unknown,дата,wordfreq:ru,wordfreq_seeded;deterministically_filtered;needs_human_review
ru,v1,3,2524,2554,держать,держать,держать,unknown,держать,wordfreq:ru,wordfreq_seeded;deterministically_filtered;needs_human_review
ru,v1,3,2525,2555,детский,детский,детский,unknown,детский,wordfreq:ru,wordfreq_seeded;deterministically_filtered;needs_human_review
ru,v1,3,2526,2556,добро,добро,добро,unknown,добро,wordfreq:ru,wordfreq_seeded;deterministically_filtered;needs_human_review
ru,v1,3,2527,2557,думают,думают,думают,unknown,думают,wordfreq:ru,wordfreq_seeded;deterministically_filtered;needs_human_review
ru,v1,3,2528,2558,жду,жду,жду,unknown,жду,wordfreq:ru,wordfreq_seeded;deterministically_filtered;needs_human_review
ru,v1,3,2529,2559,звук,звук,звук,unknown,звук,wordfreq:ru,wordfreq_seeded;deterministically_filtered;needs_human_review
ru,v1,3,2530,2560,изначально,изначально,изначально,unknown,изначально,wordfreq:ru,wordfreq_seeded;deterministically_filtered;needs_human_review
ru,v1,3,2531,2561,камеры,камеры,камеры,unknown,камеры,wordfreq:ru,wordfreq_seeded;deterministically_filtered;needs_human_review
ru,v1,3,2532,2562,конкурса,конкурса,конкурса,unknown,конкурса,wordfreq:ru,wordfreq_seeded;deterministically_filtered;needs_human_review
ru,v1,3,2533,2563,культура,культура,культура,unknown,культура,wordfreq:ru,wordfreq_seeded;deterministically_filtered;needs_human_review
ru,v1,3,2534,2564,лес,лес,лес,unknown,лес,wordfreq:ru,wordfreq_seeded;deterministically_filtered;needs_human_review
ru,v1,3,2535,2565,метод,метод,метод,unknown,метод,wordfreq:ru,wordfreq_seeded;deterministically_filtered;needs_human_review
ru,v1,3,2536,2566,михаила,михаила,михаила,unknown,михаила,wordfreq:ru,wordfreq_seeded;deterministically_filtered;needs_human_review
ru,v1,3,2537,2567,начинают,начинают,начинают,unknown,начинают,wordfreq:ru,wordfreq_seeded;deterministically_filtered;needs_human_review
ru,v1,3,2538,2568,ноябре,ноябре,ноябре,unknown,ноябре,wordfreq:ru,wordfreq_seeded;deterministically_filtered;needs_human_review
ru,v1,3,2539,2569,обучение,обучение,обучение,unknown,обучение,wordfreq:ru,wordfreq_seeded;deterministically_filtered;needs_human_review
ru,v1,3,2540,2570,объекта,объекта,объекта,unknown,объекта,wordfreq:ru,wordfreq_seeded;deterministically_filtered;needs_human_review
ru,v1,3,2541,2571,парке,парке,парке,unknown,парке,wordfreq:ru,wordfreq_seeded;deterministically_filtered;needs_human_review
ru,v1,3,2542,2572,подготовке,подготовке,подготовке,unknown,подготовке,wordfreq:ru,wordfreq_seeded;deterministically_filtered;needs_human_review
ru,v1,3,2543,2573,половина,половина,половина,unknown,половина,wordfreq:ru,wordfreq_seeded;deterministically_filtered;needs_human_review
ru,v1,3,2544,2574,понимает,понимает,понимает,unknown,понимает,wordfreq:ru,wordfreq_seeded;deterministically_filtered;needs_human_review
ru,v1,3,2545,2575,поставил,поставил,поставил,unknown,поставил,wordfreq:ru,wordfreq_seeded;deterministically_filtered;needs_human_review
ru,v1,3,2546,2576,появляется,появляется,появляется,unknown,появляется,wordfreq:ru,wordfreq_seeded;deterministically_filtered;needs_human_review
ru,v1,3,2547,2577,практика,практика,практика,unknown,практика,wordfreq:ru,wordfreq_seeded;deterministically_filtered;needs_human_review
ru,v1,3,2548,2578,представлены,представлены,представлены,unknown,представлены,wordfreq:ru,wordfreq_seeded;deterministically_filtered;needs_human_review
ru,v1,3,2549,2579,преимущественно,преимущественно,преимущественно,unknown,преимущественно,wordfreq:ru,wordfreq_seeded;deterministically_filtered;needs_human_review
ru,v1,3,2550,2580,придет,придет,придет,unknown,придет,wordfreq:ru,wordfreq_seeded;deterministically_filtered;needs_human_review
ru,v1,3,2551,2581,прием,прием,прием,unknown,прием,wordfreq:ru,wordfreq_seeded;deterministically_filtered;needs_human_review
ru,v1,3,2552,2582,приехали,приехали,приехали,unknown,приехали,wordfreq:ru,wordfreq_seeded;deterministically_filtered;needs_human_review
ru,v1,3,2553,2583,пришло,пришло,пришло,unknown,пришло,wordfreq:ru,wordfreq_seeded;deterministically_filtered;needs_human_review
ru,v1,3,2554,2584,провел,провел,провел,unknown,провел,wordfreq:ru,wordfreq_seeded;deterministically_filtered;needs_human_review
ru,v1,3,2555,2585,провели,провели,провели,unknown,провели,wordfreq:ru,wordfreq_seeded;deterministically_filtered;needs_human_review
ru,v1,3,2556,2586,программ,программ,программ,unknown,программ,wordfreq:ru,wordfreq_seeded;deterministically_filtered;needs_human_review
ru,v1,3,2557,2587,продать,продать,продать,unknown,продать,wordfreq:ru,wordfreq_seeded;deterministically_filtered;needs_human_review
ru,v1,3,2558,2588,пытались,пытались,пытались,unknown,пытались,wordfreq:ru,wordfreq_seeded;deterministically_filtered;needs_human_review
ru,v1,3,2559,2589,разработки,разработки,разработки,unknown,разработки,wordfreq:ru,wordfreq_seeded;deterministically_filtered;needs_human_review
ru,v1,3,2560,2590,реально,реально,реально,unknown,реально,wordfreq:ru,wordfreq_seeded;deterministically_filtered;needs_human_review
ru,v1,3,2561,2591,связанные,связанные,связанные,unknown,связанные,wordfreq:ru,wordfreq_seeded;deterministically_filtered;needs_human_review
ru,v1,3,2562,2592,секс,секс,секс,unknown,секс,wordfreq:ru,wordfreq_seeded;deterministically_filtered;needs_human_review
ru,v1,3,2563,2593,семью,семью,семью,unknown,семью,wordfreq:ru,wordfreq_seeded;deterministically_filtered;needs_human_review
ru,v1,3,2564,2594,скажем,скажем,скажем,unknown,скажем,wordfreq:ru,wordfreq_seeded;deterministically_filtered;needs_human_review
ru,v1,3,2565,2595,слышал,слышал,слышал,unknown,слышал,wordfreq:ru,wordfreq_seeded;deterministically_filtered;needs_human_review
ru,v1,3,2566,2596,смогут,смогут,смогут,unknown,смогут,wordfreq:ru,wordfreq_seeded;deterministically_filtered;needs_human_review
ru,v1,3,2567,2597,списке,списке,списке,unknown,списке,wordfreq:ru,wordfreq_seeded;deterministically_filtered;needs_human_review
ru,v1,3,2568,2598,стиле,стиле,стиле,unknown,стиле,wordfreq:ru,wordfreq_seeded;deterministically_filtered;needs_human_review
ru,v1,3,2569,2599,теми,теми,теми,unknown,теми,wordfreq:ru,wordfreq_seeded;deterministically_filtered;needs_human_review
ru,v1,3,2570,2600,увеличения,увеличения,увеличения,unknown,увеличения,wordfreq:ru,wordfreq_seeded;deterministically_filtered;needs_human_review
ru,v1,3,2571,2601,украинского,украинского,украинского,unknown,украинского,wordfreq:ru,wordfreq_seeded;deterministically_filtered;needs_human_review
ru,v1,3,2572,2602,учитель,учитель,учитель,unknown,учитель,wordfreq:ru,wordfreq_seeded;deterministically_filtered;needs_human_review
ru,v1,3,2573,2603,учителя,учителя,учителя,unknown,учителя,wordfreq:ru,wordfreq_seeded;deterministically_filtered;needs_human_review
ru,v1,3,2574,2604,формирования,формирования,формирования,unknown,формирования,wordfreq:ru,wordfreq_seeded;deterministically_filtered;needs_human_review
ru,v1,3,2575,2605,чём,чём,чём,unknown,чём,wordfreq:ru,wordfreq_seeded;deterministically_filtered;needs_human_review
ru,v1,3,2576,2606,google,google,google,unknown,google,wordfreq:ru,wordfreq_seeded;deterministically_filtered;needs_human_review
ru,v1,3,2577,2607,ваших,ваших,ваших,unknown,ваших,wordfreq:ru,wordfreq_seeded;deterministically_filtered;needs_human_review
ru,v1,3,2578,2608,вклад,вклад,вклад,unknown,вклад,wordfreq:ru,wordfreq_seeded;deterministically_filtered;needs_human_review
ru,v1,3,2579,2609,вторых,вторых,вторых,unknown,вторых,wordfreq:ru,wordfreq_seeded;deterministically_filtered;needs_human_review
ru,v1,3,2580,2610,высшей,высшей,высшей,unknown,высшей,wordfreq:ru,wordfreq_seeded;deterministically_filtered;needs_human_review
ru,v1,3,2581,2611,га,га,га,unknown,га,wordfreq:ru,wordfreq_seeded;deterministically_filtered;needs_human_review
ru,v1,3,2582,2612,германия,германия,германия,unknown,германия,wordfreq:ru,wordfreq_seeded;deterministically_filtered;needs_human_review
ru,v1,3,2583,2613,действовать,действовать,действовать,unknown,действовать,wordfreq:ru,wordfreq_seeded;deterministically_filtered;needs_human_review
ru,v1,3,2584,2614,джеймс,джеймс,джеймс,unknown,джеймс,wordfreq:ru,wordfreq_seeded;deterministically_filtered;needs_human_review
ru,v1,3,2585,2615,доля,доля,доля,unknown,доля,wordfreq:ru,wordfreq_seeded;deterministically_filtered;needs_human_review
ru,v1,3,2586,2616,единственное,единственное,единственное,unknown,единственное,wordfreq:ru,wordfreq_seeded;deterministically_filtered;needs_human_review
ru,v1,3,2587,2617,ежегодно,ежегодно,ежегодно,unknown,ежегодно,wordfreq:ru,wordfreq_seeded;deterministically_filtered;needs_human_review
ru,v1,3,2588,2618,забил,забил,забил,unknown,забил,wordfreq:ru,wordfreq_seeded;deterministically_filtered;needs_human_review
ru,v1,3,2589,2619,известных,известных,известных,unknown,известных,wordfreq:ru,wordfreq_seeded;deterministically_filtered;needs_human_review
ru,v1,3,2590,2620,канала,канала,канала,unknown,канала,wordfreq:ru,wordfreq_seeded;deterministically_filtered;needs_human_review
ru,v1,3,2591,2621,киева,киева,киева,unknown,киева,wordfreq:ru,wordfreq_seeded;deterministically_filtered;needs_human_review
ru,v1,3,2592,2622,ла,ла,ла,unknown,ла,wordfreq:ru,wordfreq_seeded;deterministically_filtered;needs_human_review
ru,v1,3,2593,2623,лечения,лечения,лечения,unknown,лечения,wordfreq:ru,wordfreq_seeded;deterministically_filtered;needs_human_review
ru,v1,3,2594,2624,любил,любил,любил,unknown,любил,wordfreq:ru,wordfreq_seeded;deterministically_filtered;needs_human_review
ru,v1,3,2595,2625,любить,любить,любить,unknown,любить,wordfreq:ru,wordfreq_seeded;deterministically_filtered;needs_human_review
ru,v1,3,2596,2626,матчи,матчи,матчи,unknown,матчи,wordfreq:ru,wordfreq_seeded;deterministically_filtered;needs_human_review
ru,v1,3,2597,2627,мероприятий,мероприятий,мероприятий,unknown,мероприятий,wordfreq:ru,wordfreq_seeded;deterministically_filtered;needs_human_review
ru,v1,3,2598,2628,местные,местные,местные,unknown,местные,wordfreq:ru,wordfreq_seeded;deterministically_filtered;needs_human_review
ru,v1,3,2599,2629,народный,народный,народный,unknown,народный,wordfreq:ru,wordfreq_seeded;deterministically_filtered;needs_human_review
ru,v1,3,2600,2630,насчет,насчет,насчет,unknown,насчет,wordfreq:ru,wordfreq_seeded;deterministically_filtered;needs_human_review
ru,v1,3,2601,2631,неплохо,неплохо,неплохо,unknown,неплохо,wordfreq:ru,wordfreq_seeded;deterministically_filtered;needs_human_review
ru,v1,3,2602,2632,новому,новому,новому,unknown,новому,wordfreq:ru,wordfreq_seeded;deterministically_filtered;needs_human_review
ru,v1,3,2603,2633,обеспечение,обеспечение,обеспечение,unknown,обеспечение,wordfreq:ru,wordfreq_seeded;deterministically_filtered;needs_human_review
ru,v1,3,2604,2634,огня,огня,огня,unknown,огня,wordfreq:ru,wordfreq_seeded;deterministically_filtered;needs_human_review
ru,v1,3,2605,2635,оставаться,оставаться,оставаться,unknown,оставаться,wordfreq:ru,wordfreq_seeded;deterministically_filtered;needs_human_review
ru,v1,3,2606,2636,ответственности,ответственности,ответственности,unknown,ответственности,wordfreq:ru,wordfreq_seeded;deterministically_filtered;needs_human_review
ru,v1,3,2607,2637,отличный,отличный,отличный,unknown,отличный,wordfreq:ru,wordfreq_seeded;deterministically_filtered;needs_human_review
ru,v1,3,2608,2638,ощущение,ощущение,ощущение,unknown,ощущение,wordfreq:ru,wordfreq_seeded;deterministically_filtered;needs_human_review
ru,v1,3,2609,2639,писатель,писатель,писатель,unknown,писатель,wordfreq:ru,wordfreq_seeded;deterministically_filtered;needs_human_review
ru,v1,3,2610,2640,поведение,поведение,поведение,unknown,поведение,wordfreq:ru,wordfreq_seeded;deterministically_filtered;needs_human_review
ru,v1,3,2611,2641,подобные,подобные,подобные,unknown,подобные,wordfreq:ru,wordfreq_seeded;deterministically_filtered;needs_human_review
ru,v1,3,2612,2642,пункт,пункт,пункт,unknown,пункт,wordfreq:ru,wordfreq_seeded;deterministically_filtered;needs_human_review
ru,v1,3,2613,2643,работала,работала,работала,unknown,работала,wordfreq:ru,wordfreq_seeded;deterministically_filtered;needs_human_review
ru,v1,3,2614,2644,рекорд,рекорд,рекорд,unknown,рекорд,wordfreq:ru,wordfreq_seeded;deterministically_filtered;needs_human_review
ru,v1,3,2615,2645,реформы,реформы,реформы,unknown,реформы,wordfreq:ru,wordfreq_seeded;deterministically_filtered;needs_human_review
ru,v1,3,2616,2646,следующим,следующим,следующим,unknown,следующим,wordfreq:ru,wordfreq_seeded;deterministically_filtered;needs_human_review
ru,v1,3,2617,2647,сообщает,сообщает,сообщает,unknown,сообщает,wordfreq:ru,wordfreq_seeded;deterministically_filtered;needs_human_review
ru,v1,3,2618,2648,социалистического,социалистического,социалистического,unknown,социалистического,wordfreq:ru,wordfreq_seeded;deterministically_filtered;needs_human_review
ru,v1,3,2619,2649,спасти,спасти,спасти,unknown,спасти,wordfreq:ru,wordfreq_seeded;deterministically_filtered;needs_human_review
ru,v1,3,2620,2650,страх,страх,страх,unknown,страх,wordfreq:ru,wordfreq_seeded;deterministically_filtered;needs_human_review
ru,v1,3,2621,2651,уходит,уходит,уходит,unknown,уходит,wordfreq:ru,wordfreq_seeded;deterministically_filtered;needs_human_review
ru,v1,3,2622,2652,флота,флота,флота,unknown,флота,wordfreq:ru,wordfreq_seeded;deterministically_filtered;needs_human_review
ru,v1,3,2623,2653,o,o,o,unknown,o,wordfreq:ru,wordfreq_seeded;deterministically_filtered;needs_human_review
ru,v1,3,2624,2654,автомобиля,автомобиля,автомобиля,unknown,автомобиля,wordfreq:ru,wordfreq_seeded;deterministically_filtered;needs_human_review
ru,v1,3,2625,2655,американских,американских,американских,unknown,американских,wordfreq:ru,wordfreq_seeded;deterministically_filtered;needs_human_review
ru,v1,3,2626,2656,белые,белые,белые,unknown,белые,wordfreq:ru,wordfreq_seeded;deterministically_filtered;needs_human_review
ru,v1,3,2627,2657,братья,братья,братья,unknown,братья,wordfreq:ru,wordfreq_seeded;deterministically_filtered;needs_human_review
ru,v1,3,2628,2658,век,век,век,unknown,век,wordfreq:ru,wordfreq_seeded;deterministically_filtered;needs_human_review
ru,v1,3,2629,2659,водитель,водитель,водитель,unknown,водитель,wordfreq:ru,wordfreq_seeded;deterministically_filtered;needs_human_review
ru,v1,3,2630,2660,впечатление,впечатление,впечатление,unknown,впечатление,wordfreq:ru,wordfreq_seeded;deterministically_filtered;needs_human_review
ru,v1,3,2631,2661,данного,данного,данного,unknown,данного,wordfreq:ru,wordfreq_seeded;deterministically_filtered;needs_human_review
ru,v1,3,2632,2662,действует,действует,действует,unknown,действует,wordfreq:ru,wordfreq_seeded;deterministically_filtered;needs_human_review
ru,v1,3,2633,2663,добиться,добиться,добиться,unknown,добиться,wordfreq:ru,wordfreq_seeded;deterministically_filtered;needs_human_review
ru,v1,3,2634,2664,дэвид,дэвид,дэвид,unknown,дэвид,wordfreq:ru,wordfreq_seeded;deterministically_filtered;needs_human_review
ru,v1,3,2635,2665,единой,единой,единой,unknown,единой,wordfreq:ru,wordfreq_seeded;deterministically_filtered;needs_human_review
ru,v1,3,2636,2666,единственным,единственным,единственным,unknown,единственным,wordfreq:ru,wordfreq_seeded;deterministically_filtered;needs_human_review
ru,v1,3,2637,2667,жили,жили,жили,unknown,жили,wordfreq:ru,wordfreq_seeded;deterministically_filtered;needs_human_review
ru,v1,3,2638,2668,курсе,курсе,курсе,unknown,курсе,wordfreq:ru,wordfreq_seeded;deterministically_filtered;needs_human_review
ru,v1,3,2639,2669,личности,личности,личности,unknown,личности,wordfreq:ru,wordfreq_seeded;deterministically_filtered;needs_human_review
ru,v1,3,2640,2670,мероприятия,мероприятия,мероприятия,unknown,мероприятия,wordfreq:ru,wordfreq_seeded;deterministically_filtered;needs_human_review
ru,v1,3,2641,2671,молодые,молодые,молодые,unknown,молодые,wordfreq:ru,wordfreq_seeded;deterministically_filtered;needs_human_review
ru,v1,3,2642,2672,надежда,надежда,надежда,unknown,надежда,wordfreq:ru,wordfreq_seeded;deterministically_filtered;needs_human_review
ru,v1,3,2643,2673,надежды,надежды,надежды,unknown,надежды,wordfreq:ru,wordfreq_seeded;deterministically_filtered;needs_human_review
ru,v1,3,2644,2674,народных,народных,народных,unknown,народных,wordfreq:ru,wordfreq_seeded;deterministically_filtered;needs_human_review
ru,v1,3,2645,2675,наряду,наряду,наряду,unknown,наряду,wordfreq:ru,wordfreq_seeded;deterministically_filtered;needs_human_review
ru,v1,3,2646,2676,независимости,независимости,независимости,unknown,независимости,wordfreq:ru,wordfreq_seeded;deterministically_filtered;needs_human_review
ru,v1,3,2647,2677,новость,новость,новость,unknown,новость,wordfreq:ru,wordfreq_seeded;deterministically_filtered;needs_human_review
ru,v1,3,2648,2678,норм,норм,норм,unknown,норм,wordfreq:ru,wordfreq_seeded;deterministically_filtered;needs_human_review
ru,v1,3,2649,2679,общее,общее,общее,unknown,общее,wordfreq:ru,wordfreq_seeded;deterministically_filtered;needs_human_review
ru,v1,3,2650,2680,объекты,объекты,объекты,unknown,объекты,wordfreq:ru,wordfreq_seeded;deterministically_filtered;needs_human_review
ru,v1,3,2651,2681,огромный,огромный,огромный,unknown,огромный,wordfreq:ru,wordfreq_seeded;deterministically_filtered;needs_human_review
ru,v1,3,2652,2682,опасности,опасности,опасности,unknown,опасности,wordfreq:ru,wordfreq_seeded;deterministically_filtered;needs_human_review
ru,v1,3,2653,2683,операций,операций,операций,unknown,операций,wordfreq:ru,wordfreq_seeded;deterministically_filtered;needs_human_review
ru,v1,3,2654,2684,основная,основная,основная,unknown,основная,wordfreq:ru,wordfreq_seeded;deterministically_filtered;needs_human_review
ru,v1,3,2655,2685,осталась,осталась,осталась,unknown,осталась,wordfreq:ru,wordfreq_seeded;deterministically_filtered;needs_human_review
ru,v1,3,2656,2686,отделение,отделение,отделение,unknown,отделение,wordfreq:ru,wordfreq_seeded;deterministically_filtered;needs_human_review
ru,v1,3,2657,2687,отказаться,отказаться,отказаться,unknown,отказаться,wordfreq:ru,wordfreq_seeded;deterministically_filtered;needs_human_review
ru,v1,3,2658,2688,открытия,открытия,открытия,unknown,открытия,wordfreq:ru,wordfreq_seeded;deterministically_filtered;needs_human_review
ru,v1,3,2659,2689,планеты,планеты,планеты,unknown,планеты,wordfreq:ru,wordfreq_seeded;deterministically_filtered;needs_human_review
ru,v1,3,2660,2690,повезло,повезло,повезло,unknown,повезло,wordfreq:ru,wordfreq_seeded;deterministically_filtered;needs_human_review
ru,v1,3,2661,2691,подумать,подумать,подумать,unknown,подумать,wordfreq:ru,wordfreq_seeded;deterministically_filtered;needs_human_review
ru,v1,3,2662,2692,польши,польши,польши,unknown,польши,wordfreq:ru,wordfreq_seeded;deterministically_filtered;needs_human_review
ru,v1,3,2663,2693,помните,помните,помните,unknown,помните,wordfreq:ru,wordfreq_seeded;deterministically_filtered;needs_human_review
ru,v1,3,2664,2694,предприятие,предприятие,предприятие,unknown,предприятие,wordfreq:ru,wordfreq_seeded;deterministically_filtered;needs_human_review
ru,v1,3,2665,2695,противника,противника,противника,unknown,противника,wordfreq:ru,wordfreq_seeded;deterministically_filtered;needs_human_review
ru,v1,3,2666,2696,пункта,пункта,пункта,unknown,пункта,wordfreq:ru,wordfreq_seeded;deterministically_filtered;needs_human_review
ru,v1,3,2667,2697,развитии,развитии,развитии,unknown,развитии,wordfreq:ru,wordfreq_seeded;deterministically_filtered;needs_human_review
ru,v1,3,2668,2698,результатам,результатам,результатам,unknown,результатам,wordfreq:ru,wordfreq_seeded;deterministically_filtered;needs_human_review
ru,v1,3,2669,2699,рсфср,рсфср,рсфср,unknown,рсфср,wordfreq:ru,wordfreq_seeded;deterministically_filtered;needs_human_review
ru,v1,3,2670,2700,рубля,рубля,рубля,unknown,рубля,wordfreq:ru,wordfreq_seeded;deterministically_filtered;needs_human_review
ru,v1,3,2671,2701,руководства,руководства,руководства,unknown,руководства,wordfreq:ru,wordfreq_seeded;deterministically_filtered;needs_human_review
ru,v1,3,2672,2702,сделает,сделает,сделает,unknown,сделает,wordfreq:ru,wordfreq_seeded;deterministically_filtered;needs_human_review
ru,v1,3,2673,2703,секунд,секунд,секунд,unknown,секунд,wordfreq:ru,wordfreq_seeded;deterministically_filtered;needs_human_review
ru,v1,3,2674,2704,службе,службе,службе,unknown,службе,wordfreq:ru,wordfreq_seeded;deterministically_filtered;needs_human_review
ru,v1,3,2675,2705,сможете,сможете,сможете,unknown,сможете,wordfreq:ru,wordfreq_seeded;deterministically_filtered;needs_human_review
ru,v1,3,2676,2706,собрать,собрать,собрать,unknown,собрать,wordfreq:ru,wordfreq_seeded;deterministically_filtered;needs_human_review
ru,v1,3,2677,2707,современного,современного,современного,unknown,современного,wordfreq:ru,wordfreq_seeded;deterministically_filtered;needs_human_review
ru,v1,3,2678,2708,средний,средний,средний,unknown,средний,wordfreq:ru,wordfreq_seeded;deterministically_filtered;needs_human_review
ru,v1,3,2679,2709,структуры,структуры,структуры,unknown,структуры,wordfreq:ru,wordfreq_seeded;deterministically_filtered;needs_human_review
ru,v1,3,2680,2710,схемы,схемы,схемы,unknown,схемы,wordfreq:ru,wordfreq_seeded;deterministically_filtered;needs_human_review
ru,v1,3,2681,2711,сцене,сцене,сцене,unknown,сцене,wordfreq:ru,wordfreq_seeded;deterministically_filtered;needs_human_review
ru,v1,3,2682,2712,твое,твое,твое,unknown,твое,wordfreq:ru,wordfreq_seeded;deterministically_filtered;needs_human_review
ru,v1,3,2683,2713,увидела,увидела,увидела,unknown,увидела,wordfreq:ru,wordfreq_seeded;deterministically_filtered;needs_human_review
ru,v1,3,2684,2714,ужасно,ужасно,ужасно,unknown,ужасно,wordfreq:ru,wordfreq_seeded;deterministically_filtered;needs_human_review
ru,v1,3,2685,2715,чай,чай,чай,unknown,чай,wordfreq:ru,wordfreq_seeded;deterministically_filtered;needs_human_review
ru,v1,3,2686,2716,читал,читал,читал,unknown,читал,wordfreq:ru,wordfreq_seeded;deterministically_filtered;needs_human_review
ru,v1,3,2687,2717,apple,apple,apple,unknown,apple,wordfreq:ru,wordfreq_seeded;deterministically_filtered;needs_human_review
ru,v1,3,2688,2718,авторов,авторов,авторов,unknown,авторов,wordfreq:ru,wordfreq_seeded;deterministically_filtered;needs_human_review
ru,v1,3,2689,2719,анатолий,анатолий,анатолий,unknown,анатолий,wordfreq:ru,wordfreq_seeded;deterministically_filtered;needs_human_review
ru,v1,3,2690,2720,блок,блок,блок,unknown,блок,wordfreq:ru,wordfreq_seeded;deterministically_filtered;needs_human_review
ru,v1,3,2691,2721,видишь,видишь,видишь,unknown,видишь,wordfreq:ru,wordfreq_seeded;deterministically_filtered;needs_human_review
ru,v1,3,2692,2722,вовремя,вовремя,вовремя,unknown,вовремя,wordfreq:ru,wordfreq_seeded;deterministically_filtered;needs_human_review
ru,v1,3,2693,2723,высокие,высокие,высокие,unknown,высокие,wordfreq:ru,wordfreq_seeded;deterministically_filtered;needs_human_review
ru,v1,3,2694,2724,годом,годом,годом,unknown,годом,wordfreq:ru,wordfreq_seeded;deterministically_filtered;needs_human_review
ru,v1,3,2695,2725,жертв,жертв,жертв,unknown,жертв,wordfreq:ru,wordfreq_seeded;deterministically_filtered;needs_human_review
ru,v1,3,2696,2726,журналист,журналист,журналист,unknown,журналист,wordfreq:ru,wordfreq_seeded;deterministically_filtered;needs_human_review
ru,v1,3,2697,2727,занимался,занимался,занимался,unknown,занимался,wordfreq:ru,wordfreq_seeded;deterministically_filtered;needs_human_review
ru,v1,3,2698,2728,запах,запах,запах,unknown,запах,wordfreq:ru,wordfreq_seeded;deterministically_filtered;needs_human_review
ru,v1,3,2699,2729,звучит,звучит,звучит,unknown,звучит,wordfreq:ru,wordfreq_seeded;deterministically_filtered;needs_human_review
ru,v1,3,2700,2730,ким,ким,ким,unknown,ким,wordfreq:ru,wordfreq_seeded;deterministically_filtered;needs_human_review
ru,v1,3,2701,2731,командир,командир,командир,unknown,командир,wordfreq:ru,wordfreq_seeded;deterministically_filtered;needs_human_review
ru,v1,3,2702,2732,компанией,компанией,компанией,unknown,компанией,wordfreq:ru,wordfreq_seeded;deterministically_filtered;needs_human_review
ru,v1,3,2703,2733,курса,курса,курса,unknown,курса,wordfreq:ru,wordfreq_seeded;deterministically_filtered;needs_human_review
ru,v1,3,2704,2734,леса,леса,леса,unknown,леса,wordfreq:ru,wordfreq_seeded;deterministically_filtered;needs_human_review
ru,v1,3,2705,2735,медленно,медленно,медленно,unknown,медленно,wordfreq:ru,wordfreq_seeded;deterministically_filtered;needs_human_review
ru,v1,3,2706,2736,моменты,моменты,моменты,unknown,моменты,wordfreq:ru,wordfreq_seeded;deterministically_filtered;needs_human_review
ru,v1,3,2707,2737,ног,ног,ног,unknown,ног,wordfreq:ru,wordfreq_seeded;deterministically_filtered;needs_human_review
ru,v1,3,2708,2738,объект,объект,объект,unknown,объект,wordfreq:ru,wordfreq_seeded;deterministically_filtered;needs_human_review
ru,v1,3,2709,2739,определить,определить,определить,unknown,определить,wordfreq:ru,wordfreq_seeded;deterministically_filtered;needs_human_review
ru,v1,3,2710,2740,отвечать,отвечать,отвечать,unknown,отвечать,wordfreq:ru,wordfreq_seeded;deterministically_filtered;needs_human_review
ru,v1,3,2711,2741,отдать,отдать,отдать,unknown,отдать,wordfreq:ru,wordfreq_seeded;deterministically_filtered;needs_human_review
ru,v1,3,2712,2742,отличается,отличается,отличается,unknown,отличается,wordfreq:ru,wordfreq_seeded;deterministically_filtered;needs_human_review
ru,v1,3,2713,2743,отрасли,отрасли,отрасли,unknown,отрасли,wordfreq:ru,wordfreq_seeded;deterministically_filtered;needs_human_review
ru,v1,3,2714,2744,отставку,отставку,отставку,unknown,отставку,wordfreq:ru,wordfreq_seeded;deterministically_filtered;needs_human_review
ru,v1,3,2715,2745,передать,передать,передать,unknown,передать,wordfreq:ru,wordfreq_seeded;deterministically_filtered;needs_human_review
ru,v1,3,2716,2746,подготовка,подготовка,подготовка,unknown,подготовка,wordfreq:ru,wordfreq_seeded;deterministically_filtered;needs_human_review
ru,v1,3,2717,2747,поздравляю,поздравляю,поздравляю,unknown,поздравляю,wordfreq:ru,wordfreq_seeded;deterministically_filtered;needs_human_review
ru,v1,3,2718,2748,половине,половине,половине,unknown,половине,wordfreq:ru,wordfreq_seeded;deterministically_filtered;needs_human_review
ru,v1,3,2719,2749,половину,половину,половину,unknown,половину,wordfreq:ru,wordfreq_seeded;deterministically_filtered;needs_human_review
ru,v1,3,2720,2750,попытка,попытка,попытка,unknown,попытка,wordfreq:ru,wordfreq_seeded;deterministically_filtered;needs_human_review
ru,v1,3,2721,2751,рабочего,рабочего,рабочего,unknown,рабочего,wordfreq:ru,wordfreq_seeded;deterministically_filtered;needs_human_review
ru,v1,3,2722,2752,рабочей,рабочей,рабочей,unknown,рабочей,wordfreq:ru,wordfreq_seeded;deterministically_filtered;needs_human_review
ru,v1,3,2723,2753,разрешения,разрешения,разрешения,unknown,разрешения,wordfreq:ru,wordfreq_seeded;deterministically_filtered;needs_human_review
ru,v1,3,2724,2754,районах,районах,районах,unknown,районах,wordfreq:ru,wordfreq_seeded;deterministically_filtered;needs_human_review
ru,v1,3,2725,2755,рассказывает,рассказывает,рассказывает,unknown,рассказывает,wordfreq:ru,wordfreq_seeded;deterministically_filtered;needs_human_review
ru,v1,3,2726,2756,ровно,ровно,ровно,unknown,ровно,wordfreq:ru,wordfreq_seeded;deterministically_filtered;needs_human_review
ru,v1,3,2727,2757,сад,сад,сад,unknown,сад,wordfreq:ru,wordfreq_seeded;deterministically_filtered;needs_human_review
ru,v1,3,2728,2758,свобода,свобода,свобода,unknown,свобода,wordfreq:ru,wordfreq_seeded;deterministically_filtered;needs_human_review
ru,v1,3,2729,2759,соответствует,соответствует,соответствует,unknown,соответствует,wordfreq:ru,wordfreq_seeded;deterministically_filtered;needs_human_review
ru,v1,3,2730,2760,срочно,срочно,срочно,unknown,срочно,wordfreq:ru,wordfreq_seeded;deterministically_filtered;needs_human_review
ru,v1,3,2731,2761,столицы,столицы,столицы,unknown,столицы,wordfreq:ru,wordfreq_seeded;deterministically_filtered;needs_human_review
ru,v1,3,2732,2762,стр,стр,стр,unknown,стр,wordfreq:ru,wordfreq_seeded;deterministically_filtered;needs_human_review
ru,v1,3,2733,2763,строительстве,строительстве,строительстве,unknown,строительстве,wordfreq:ru,wordfreq_seeded;deterministically_filtered;needs_human_review
ru,v1,3,2734,2764,судья,судья,судья,unknown,судья,wordfreq:ru,wordfreq_seeded;deterministically_filtered;needs_human_review
ru,v1,3,2735,2765,сумму,сумму,сумму,unknown,сумму,wordfreq:ru,wordfreq_seeded;deterministically_filtered;needs_human_review
ru,v1,3,2736,2766,суток,суток,суток,unknown,суток,wordfreq:ru,wordfreq_seeded;deterministically_filtered;needs_human_review
ru,v1,3,2737,2767,телефону,телефону,телефону,unknown,телефону,wordfreq:ru,wordfreq_seeded;deterministically_filtered;needs_human_review
ru,v1,3,2738,2768,уверены,уверены,уверены,unknown,уверены,wordfreq:ru,wordfreq_seeded;deterministically_filtered;needs_human_review
ru,v1,3,2739,2769,украинские,украинские,украинские,unknown,украинские,wordfreq:ru,wordfreq_seeded;deterministically_filtered;needs_human_review
ru,v1,3,2740,2770,улицу,улицу,улицу,unknown,улицу,wordfreq:ru,wordfreq_seeded;deterministically_filtered;needs_human_review
ru,v1,3,2741,2771,установки,установки,установки,unknown,установки,wordfreq:ru,wordfreq_seeded;deterministically_filtered;needs_human_review
ru,v1,3,2742,2772,участке,участке,участке,unknown,участке,wordfreq:ru,wordfreq_seeded;deterministically_filtered;needs_human_review
ru,v1,3,2743,2773,учреждения,учреждения,учреждения,unknown,учреждения,wordfreq:ru,wordfreq_seeded;deterministically_filtered;needs_human_review
ru,v1,3,2744,2774,химии,химии,химии,unknown,химии,wordfreq:ru,wordfreq_seeded;deterministically_filtered;needs_human_review
ru,v1,3,2745,2775,четырех,четырех,четырех,unknown,четырех,wordfreq:ru,wordfreq_seeded;deterministically_filtered;needs_human_review
ru,v1,3,2746,2776,члена,члена,члена,unknown,члена,wordfreq:ru,wordfreq_seeded;deterministically_filtered;needs_human_review
ru,v1,3,2747,2777,by,by,by,unknown,by,wordfreq:ru,wordfreq_seeded;deterministically_filtered;needs_human_review
ru,v1,3,2748,2778,facebook,facebook,facebook,unknown,facebook,wordfreq:ru,wordfreq_seeded;deterministically_filtered;needs_human_review
ru,v1,3,2749,2779,no,no,no,unknown,no,wordfreq:ru,wordfreq_seeded;deterministically_filtered;needs_human_review
ru,v1,3,2750,2780,xx,xx,xx,unknown,xx,wordfreq:ru,wordfreq_seeded;deterministically_filtered;needs_human_review
ru,v1,3,2751,2781,автобус,автобус,автобус,unknown,автобус,wordfreq:ru,wordfreq_seeded;deterministically_filtered;needs_human_review
ru,v1,3,2752,2782,антон,антон,антон,unknown,антон,wordfreq:ru,wordfreq_seeded;deterministically_filtered;needs_human_review
ru,v1,3,2753,2783,бабушка,бабушка,бабушка,unknown,бабушка,wordfreq:ru,wordfreq_seeded;deterministically_filtered;needs_human_review
ru,v1,3,2754,2784,брак,брак,брак,unknown,брак,wordfreq:ru,wordfreq_seeded;deterministically_filtered;needs_human_review
ru,v1,3,2755,2785,вашу,вашу,вашу,unknown,вашу,wordfreq:ru,wordfreq_seeded;deterministically_filtered;needs_human_review
ru,v1,3,2756,2786,вспомнить,вспомнить,вспомнить,unknown,вспомнить,wordfreq:ru,wordfreq_seeded;deterministically_filtered;needs_human_review
ru,v1,3,2757,2787,встрече,встрече,встрече,unknown,встрече,wordfreq:ru,wordfreq_seeded;deterministically_filtered;needs_human_review
ru,v1,3,2758,2788,входят,входят,входят,unknown,входят,wordfreq:ru,wordfreq_seeded;deterministically_filtered;needs_human_review
ru,v1,3,2759,2789,гибели,гибели,гибели,unknown,гибели,wordfreq:ru,wordfreq_seeded;deterministically_filtered;needs_human_review
ru,v1,3,2760,2790,главные,главные,главные,unknown,главные,wordfreq:ru,wordfreq_seeded;deterministically_filtered;needs_human_review
ru,v1,3,2761,2791,гражданин,гражданин,гражданин,unknown,гражданин,wordfreq:ru,wordfreq_seeded;deterministically_filtered;needs_human_review
ru,v1,3,2762,2792,двоих,двоих,двоих,unknown,двоих,wordfreq:ru,wordfreq_seeded;deterministically_filtered;needs_human_review
ru,v1,3,2763,2793,ди,ди,ди,unknown,ди,wordfreq:ru,wordfreq_seeded;deterministically_filtered;needs_human_review
ru,v1,3,2764,2794,дух,дух,дух,unknown,дух,wordfreq:ru,wordfreq_seeded;deterministically_filtered;needs_human_review
ru,v1,3,2765,2795,зале,зале,зале,unknown,зале,wordfreq:ru,wordfreq_seeded;deterministically_filtered;needs_human_review
ru,v1,3,2766,2796,заранее,заранее,заранее,unknown,заранее,wordfreq:ru,wordfreq_seeded;deterministically_filtered;needs_human_review
ru,v1,3,2767,2797,защиту,защиту,защиту,unknown,защиту,wordfreq:ru,wordfreq_seeded;deterministically_filtered;needs_human_review
ru,v1,3,2768,2798,избавиться,избавиться,избавиться,unknown,избавиться,wordfreq:ru,wordfreq_seeded;deterministically_filtered;needs_human_review
ru,v1,3,2769,2799,именем,именем,именем,unknown,именем,wordfreq:ru,wordfreq_seeded;deterministically_filtered;needs_human_review
ru,v1,3,2770,2800,интересов,интересов,интересов,unknown,интересов,wordfreq:ru,wordfreq_seeded;deterministically_filtered;needs_human_review
ru,v1,3,2771,2801,использованием,использованием,использованием,unknown,использованием,wordfreq:ru,wordfreq_seeded;deterministically_filtered;needs_human_review
ru,v1,3,2772,2802,используется,используется,используется,unknown,используется,wordfreq:ru,wordfreq_seeded;deterministically_filtered;needs_human_review
ru,v1,3,2773,2803,используют,используют,используют,unknown,используют,wordfreq:ru,wordfreq_seeded;deterministically_filtered;needs_human_review
ru,v1,3,2774,2804,карта,карта,карта,unknown,карта,wordfreq:ru,wordfreq_seeded;deterministically_filtered;needs_human_review
ru,v1,3,2775,2805,конституции,конституции,конституции,unknown,конституции,wordfreq:ru,wordfreq_seeded;deterministically_filtered;needs_human_review
ru,v1,3,2776,2806,красная,красная,красная,unknown,красная,wordfreq:ru,wordfreq_seeded;deterministically_filtered;needs_human_review
ru,v1,3,2777,2807,кризис,кризис,кризис,unknown,кризис,wordfreq:ru,wordfreq_seeded;deterministically_filtered;needs_human_review
ru,v1,3,2778,2808,лесу,лесу,лесу,unknown,лесу,wordfreq:ru,wordfreq_seeded;deterministically_filtered;needs_human_review
ru,v1,3,2779,2809,литературе,литературе,литературе,unknown,литературе,wordfreq:ru,wordfreq_seeded;deterministically_filtered;needs_human_review
ru,v1,3,2780,2810,лос,лос,лос,unknown,лос,wordfreq:ru,wordfreq_seeded;deterministically_filtered;needs_human_review
ru,v1,3,2781,2811,любое,любое,любое,unknown,любое,wordfreq:ru,wordfreq_seeded;deterministically_filtered;needs_human_review
ru,v1,3,2782,2812,маленькая,маленькая,маленькая,unknown,маленькая,wordfreq:ru,wordfreq_seeded;deterministically_filtered;needs_human_review
ru,v1,3,2783,2813,мер,мер,мер,unknown,мер,wordfreq:ru,wordfreq_seeded;deterministically_filtered;needs_human_review
ru,v1,3,2784,2814,миллиона,миллиона,миллиона,unknown,миллиона,wordfreq:ru,wordfreq_seeded;deterministically_filtered;needs_human_review
ru,v1,3,2785,2815,мозг,мозг,мозг,unknown,мозг,wordfreq:ru,wordfreq_seeded;deterministically_filtered;needs_human_review
ru,v1,3,2786,2816,наверно,наверно,наверно,unknown,наверно,wordfreq:ru,wordfreq_seeded;deterministically_filtered;needs_human_review
ru,v1,3,2787,2817,наличии,наличии,наличии,unknown,наличии,wordfreq:ru,wordfreq_seeded;deterministically_filtered;needs_human_review
ru,v1,3,2788,2818,начались,начались,начались,unknown,начались,wordfreq:ru,wordfreq_seeded;deterministically_filtered;needs_human_review
ru,v1,3,2789,2819,основы,основы,основы,unknown,основы,wordfreq:ru,wordfreq_seeded;deterministically_filtered;needs_human_review
ru,v1,3,2790,2820,остальное,остальное,остальное,unknown,остальное,wordfreq:ru,wordfreq_seeded;deterministically_filtered;needs_human_review
ru,v1,3,2791,2821,отдельные,отдельные,отдельные,unknown,отдельные,wordfreq:ru,wordfreq_seeded;deterministically_filtered;needs_human_review
ru,v1,3,2792,2822,отмечает,отмечает,отмечает,unknown,отмечает,wordfreq:ru,wordfreq_seeded;deterministically_filtered;needs_human_review
ru,v1,3,2793,2823,погибших,погибших,погибших,unknown,погибших,wordfreq:ru,wordfreq_seeded;deterministically_filtered;needs_human_review
ru,v1,3,2794,2824,подобных,подобных,подобных,unknown,подобных,wordfreq:ru,wordfreq_seeded;deterministically_filtered;needs_human_review
ru,v1,3,2795,2825,поезд,поезд,поезд,unknown,поезд,wordfreq:ru,wordfreq_seeded;deterministically_filtered;needs_human_review
ru,v1,3,2796,2826,полном,полном,полном,unknown,полном,wordfreq:ru,wordfreq_seeded;deterministically_filtered;needs_human_review
ru,v1,3,2797,2827,получать,получать,получать,unknown,получать,wordfreq:ru,wordfreq_seeded;deterministically_filtered;needs_human_review
ru,v1,3,2798,2828,понравилось,понравилось,понравилось,unknown,понравилось,wordfreq:ru,wordfreq_seeded;deterministically_filtered;needs_human_review
ru,v1,3,2799,2829,попала,попала,попала,unknown,попала,wordfreq:ru,wordfreq_seeded;deterministically_filtered;needs_human_review
ru,v1,3,2800,2830,поэт,поэт,поэт,unknown,поэт,wordfreq:ru,wordfreq_seeded;deterministically_filtered;needs_human_review
ru,v1,3,2801,2831,привело,привело,привело,unknown,привело,wordfreq:ru,wordfreq_seeded;deterministically_filtered;needs_human_review
ru,v1,3,2802,2832,прости,прости,прости,unknown,прости,wordfreq:ru,wordfreq_seeded;deterministically_filtered;needs_human_review
ru,v1,3,2803,2833,пространство,пространство,пространство,unknown,пространство,wordfreq:ru,wordfreq_seeded;deterministically_filtered;needs_human_review
ru,v1,3,2804,2834,проходят,проходят,проходят,unknown,проходят,wordfreq:ru,wordfreq_seeded;deterministically_filtered;needs_human_review
ru,v1,3,2805,2835,разу,разу,разу,unknown,разу,wordfreq:ru,wordfreq_seeded;deterministically_filtered;needs_human_review
ru,v1,3,2806,2836,расходы,расходы,расходы,unknown,расходы,wordfreq:ru,wordfreq_seeded;deterministically_filtered;needs_human_review
ru,v1,3,2807,2837,реакция,реакция,реакция,unknown,реакция,wordfreq:ru,wordfreq_seeded;deterministically_filtered;needs_human_review
ru,v1,3,2808,2838,редактор,редактор,редактор,unknown,редактор,wordfreq:ru,wordfreq_seeded;deterministically_filtered;needs_human_review
ru,v1,3,2809,2839,результатом,результатом,результатом,unknown,результатом,wordfreq:ru,wordfreq_seeded;deterministically_filtered;needs_human_review
ru,v1,3,2810,2840,рейтинг,рейтинг,рейтинг,unknown,рейтинг,wordfreq:ru,wordfreq_seeded;deterministically_filtered;needs_human_review
ru,v1,3,2811,2841,россиян,россиян,россиян,unknown,россиян,wordfreq:ru,wordfreq_seeded;deterministically_filtered;needs_human_review
ru,v1,3,2812,2842,сергея,сергея,сергея,unknown,сергея,wordfreq:ru,wordfreq_seeded;deterministically_filtered;needs_human_review
ru,v1,3,2813,2843,слухи,слухи,слухи,unknown,слухи,wordfreq:ru,wordfreq_seeded;deterministically_filtered;needs_human_review
ru,v1,3,2814,2844,смотрит,смотрит,смотрит,unknown,смотрит,wordfreq:ru,wordfreq_seeded;deterministically_filtered;needs_human_review
ru,v1,3,2815,2845,смотрю,смотрю,смотрю,unknown,смотрю,wordfreq:ru,wordfreq_seeded;deterministically_filtered;needs_human_review
ru,v1,3,2816,2846,собственно,собственно,собственно,unknown,собственно,wordfreq:ru,wordfreq_seeded;deterministically_filtered;needs_human_review
ru,v1,3,2817,2847,собственности,собственности,собственности,unknown,собственности,wordfreq:ru,wordfreq_seeded;deterministically_filtered;needs_human_review
ru,v1,3,2818,2848,согласен,согласен,согласен,unknown,согласен,wordfreq:ru,wordfreq_seeded;deterministically_filtered;needs_human_review
ru,v1,3,2819,2849,сотрудничества,сотрудничества,сотрудничества,unknown,сотрудничества,wordfreq:ru,wordfreq_seeded;deterministically_filtered;needs_human_review
ru,v1,3,2820,2850,суде,суде,суде,unknown,суде,wordfreq:ru,wordfreq_seeded;deterministically_filtered;needs_human_review
ru,v1,3,2821,2851,техника,техника,техника,unknown,техника,wordfreq:ru,wordfreq_seeded;deterministically_filtered;needs_human_review
ru,v1,3,2822,2852,третьей,третьей,третьей,unknown,третьей,wordfreq:ru,wordfreq_seeded;deterministically_filtered;needs_human_review
ru,v1,3,2823,2853,тура,тура,тура,unknown,тура,wordfreq:ru,wordfreq_seeded;deterministically_filtered;needs_human_review
ru,v1,3,2824,2854,тюрьмы,тюрьмы,тюрьмы,unknown,тюрьмы,wordfreq:ru,wordfreq_seeded;deterministically_filtered;needs_human_review
ru,v1,3,2825,2855,университет,университет,университет,unknown,университет,wordfreq:ru,wordfreq_seeded;deterministically_filtered;needs_human_review
ru,v1,3,2826,2856,участка,участка,участка,unknown,участка,wordfreq:ru,wordfreq_seeded;deterministically_filtered;needs_human_review
ru,v1,3,2827,2857,учиться,учиться,учиться,unknown,учиться,wordfreq:ru,wordfreq_seeded;deterministically_filtered;needs_human_review
ru,v1,3,2828,2858,учреждений,учреждений,учреждений,unknown,учреждений,wordfreq:ru,wordfreq_seeded;deterministically_filtered;needs_human_review
ru,v1,3,2829,2859,финала,финала,финала,unknown,финала,wordfreq:ru,wordfreq_seeded;deterministically_filtered;needs_human_review
ru,v1,3,2830,2860,характеристики,характеристики,характеристики,unknown,характеристики,wordfreq:ru,wordfreq_seeded;deterministically_filtered;needs_human_review
ru,v1,3,2831,2861,цветы,цветы,цветы,unknown,цветы,wordfreq:ru,wordfreq_seeded;deterministically_filtered;needs_human_review
ru,v1,3,2832,2862,целей,целей,целей,unknown,целей,wordfreq:ru,wordfreq_seeded;deterministically_filtered;needs_human_review
ru,v1,3,2833,2863,центрального,центрального,центрального,unknown,центрального,wordfreq:ru,wordfreq_seeded;deterministically_filtered;needs_human_review
ru,v1,3,2834,2864,яйца,яйца,яйца,unknown,яйца,wordfreq:ru,wordfreq_seeded;deterministically_filtered;needs_human_review
ru,v1,3,2835,2865,якобы,якобы,якобы,unknown,якобы,wordfreq:ru,wordfreq_seeded;deterministically_filtered;needs_human_review
ru,v1,3,2836,2866,ад,ад,ад,unknown,ад,wordfreq:ru,wordfreq_seeded;deterministically_filtered;needs_human_review
ru,v1,3,2837,2867,армию,армию,армию,unknown,армию,wordfreq:ru,wordfreq_seeded;deterministically_filtered;needs_human_review
ru,v1,3,2838,2868,белого,белого,белого,unknown,белого,wordfreq:ru,wordfreq_seeded;deterministically_filtered;needs_human_review
ru,v1,3,2839,2869,белых,белых,белых,unknown,белых,wordfreq:ru,wordfreq_seeded;deterministically_filtered;needs_human_review
ru,v1,3,2840,2870,билеты,билеты,билеты,unknown,билеты,wordfreq:ru,wordfreq_seeded;deterministically_filtered;needs_human_review
ru,v1,3,2841,2871,большинстве,большинстве,большинстве,unknown,большинстве,wordfreq:ru,wordfreq_seeded;deterministically_filtered;needs_human_review
ru,v1,3,2842,2872,важное,важное,важное,unknown,важное,wordfreq:ru,wordfreq_seeded;deterministically_filtered;needs_human_review
ru,v1,3,2843,2873,взяла,взяла,взяла,unknown,взяла,wordfreq:ru,wordfreq_seeded;deterministically_filtered;needs_human_review
ru,v1,3,2844,2874,газете,газете,газете,unknown,газете,wordfreq:ru,wordfreq_seeded;deterministically_filtered;needs_human_review
ru,v1,3,2845,2875,городу,городу,городу,unknown,городу,wordfreq:ru,wordfreq_seeded;deterministically_filtered;needs_human_review
ru,v1,3,2846,2876,дворе,дворе,дворе,unknown,дворе,wordfreq:ru,wordfreq_seeded;deterministically_filtered;needs_human_review
ru,v1,3,2847,2877,делаешь,делаешь,делаешь,unknown,делаешь,wordfreq:ru,wordfreq_seeded;deterministically_filtered;needs_human_review
ru,v1,3,2848,2878,деревни,деревни,деревни,unknown,деревни,wordfreq:ru,wordfreq_seeded;deterministically_filtered;needs_human_review
ru,v1,3,2849,2879,десяти,десяти,десяти,unknown,десяти,wordfreq:ru,wordfreq_seeded;deterministically_filtered;needs_human_review
ru,v1,3,2850,2880,доказать,доказать,доказать,unknown,доказать,wordfreq:ru,wordfreq_seeded;deterministically_filtered;needs_human_review
ru,v1,3,2851,2881,дому,дому,дому,unknown,дому,wordfreq:ru,wordfreq_seeded;deterministically_filtered;needs_human_review
ru,v1,3,2852,2882,доход,доход,доход,unknown,доход,wordfreq:ru,wordfreq_seeded;deterministically_filtered;needs_human_review
ru,v1,3,2853,2883,европейской,европейской,европейской,unknown,европейской,wordfreq:ru,wordfreq_seeded;deterministically_filtered;needs_human_review
ru,v1,3,2854,2884,живой,живой,живой,unknown,живой,wordfreq:ru,wordfreq_seeded;deterministically_filtered;needs_human_review
ru,v1,3,2855,2885,заводе,заводе,заводе,unknown,заводе,wordfreq:ru,wordfreq_seeded;deterministically_filtered;needs_human_review
ru,v1,3,2856,2886,здании,здании,здании,unknown,здании,wordfreq:ru,wordfreq_seeded;deterministically_filtered;needs_human_review
ru,v1,3,2857,2887,зданий,зданий,зданий,unknown,зданий,wordfreq:ru,wordfreq_seeded;deterministically_filtered;needs_human_review
ru,v1,3,2858,2888,зря,зря,зря,unknown,зря,wordfreq:ru,wordfreq_seeded;deterministically_filtered;needs_human_review
ru,v1,3,2859,2889,капитала,капитала,капитала,unknown,капитала,wordfreq:ru,wordfreq_seeded;deterministically_filtered;needs_human_review
ru,v1,3,2860,2890,карт,карт,карт,unknown,карт,wordfreq:ru,wordfreq_seeded;deterministically_filtered;needs_human_review
ru,v1,3,2861,2891,красивая,красивая,красивая,unknown,красивая,wordfreq:ru,wordfreq_seeded;deterministically_filtered;needs_human_review
ru,v1,3,2862,2892,лаборатории,лаборатории,лаборатории,unknown,лаборатории,wordfreq:ru,wordfreq_seeded;deterministically_filtered;needs_human_review
ru,v1,3,2863,2893,лев,лев,лев,unknown,лев,wordfreq:ru,wordfreq_seeded;deterministically_filtered;needs_human_review
ru,v1,3,2864,2894,майкл,майкл,майкл,unknown,майкл,wordfreq:ru,wordfreq_seeded;deterministically_filtered;needs_human_review
ru,v1,3,2865,2895,максим,максим,максим,unknown,максим,wordfreq:ru,wordfreq_seeded;deterministically_filtered;needs_human_review
ru,v1,3,2866,2896,мамы,мамы,мамы,unknown,мамы,wordfreq:ru,wordfreq_seeded;deterministically_filtered;needs_human_review
ru,v1,3,2867,2897,медали,медали,медали,unknown,медали,wordfreq:ru,wordfreq_seeded;deterministically_filtered;needs_human_review
ru,v1,3,2868,2898,молодежи,молодежи,молодежи,unknown,молодежи,wordfreq:ru,wordfreq_seeded;deterministically_filtered;needs_human_review
ru,v1,3,2869,2899,мост,мост,мост,unknown,мост,wordfreq:ru,wordfreq_seeded;deterministically_filtered;needs_human_review
ru,v1,3,2870,2900,напоминает,напоминает,напоминает,unknown,напоминает,wordfreq:ru,wordfreq_seeded;deterministically_filtered;needs_human_review
ru,v1,3,2871,2901,национальный,национальный,национальный,unknown,национальный,wordfreq:ru,wordfreq_seeded;deterministically_filtered;needs_human_review
ru,v1,3,2872,2902,необходимость,необходимость,необходимость,unknown,необходимость,wordfreq:ru,wordfreq_seeded;deterministically_filtered;needs_human_review
ru,v1,3,2873,2903,обама,обама,обама,unknown,обама,wordfreq:ru,wordfreq_seeded;deterministically_filtered;needs_human_review
ru,v1,3,2874,2904,обмен,обмен,обмен,unknown,обмен,wordfreq:ru,wordfreq_seeded;deterministically_filtered;needs_human_review
ru,v1,3,2875,2905,обществе,обществе,обществе,unknown,обществе,wordfreq:ru,wordfreq_seeded;deterministically_filtered;needs_human_review
ru,v1,3,2876,2906,подруга,подруга,подруга,unknown,подруга,wordfreq:ru,wordfreq_seeded;deterministically_filtered;needs_human_review
ru,v1,3,2877,2907,политике,политике,политике,unknown,политике,wordfreq:ru,wordfreq_seeded;deterministically_filtered;needs_human_review
ru,v1,3,2878,2908,политического,политического,политического,unknown,политического,wordfreq:ru,wordfreq_seeded;deterministically_filtered;needs_human_review
ru,v1,3,2879,2909,полную,полную,полную,unknown,полную,wordfreq:ru,wordfreq_seeded;deterministically_filtered;needs_human_review
ru,v1,3,2880,2910,поняли,поняли,поняли,unknown,поняли,wordfreq:ru,wordfreq_seeded;deterministically_filtered;needs_human_review
ru,v1,3,2881,2911,поражения,поражения,поражения,unknown,поражения,wordfreq:ru,wordfreq_seeded;deterministically_filtered;needs_human_review
ru,v1,3,2882,2912,последним,последним,последним,unknown,последним,wordfreq:ru,wordfreq_seeded;deterministically_filtered;needs_human_review
ru,v1,3,2883,2913,посмотрел,посмотрел,посмотрел,unknown,посмотрел,wordfreq:ru,wordfreq_seeded;deterministically_filtered;needs_human_review
ru,v1,3,2884,2914,постановление,постановление,постановление,unknown,постановление,wordfreq:ru,wordfreq_seeded;deterministically_filtered;needs_human_review
ru,v1,3,2885,2915,поступил,поступил,поступил,unknown,поступил,wordfreq:ru,wordfreq_seeded;deterministically_filtered;needs_human_review
ru,v1,3,2886,2916,прийти,прийти,прийти,unknown,прийти,wordfreq:ru,wordfreq_seeded;deterministically_filtered;needs_human_review
ru,v1,3,2887,2917,приходилось,приходилось,приходилось,unknown,приходилось,wordfreq:ru,wordfreq_seeded;deterministically_filtered;needs_human_review
ru,v1,3,2888,2918,проекте,проекте,проекте,unknown,проекте,wordfreq:ru,wordfreq_seeded;deterministically_filtered;needs_human_review
ru,v1,3,2889,2919,простите,простите,простите,unknown,простите,wordfreq:ru,wordfreq_seeded;deterministically_filtered;needs_human_review
ru,v1,3,2890,2920,прошлое,прошлое,прошлое,unknown,прошлое,wordfreq:ru,wordfreq_seeded;deterministically_filtered;needs_human_review
ru,v1,3,2891,2921,пятницу,пятницу,пятницу,unknown,пятницу,wordfreq:ru,wordfreq_seeded;deterministically_filtered;needs_human_review
ru,v1,3,2892,2922,растет,растет,растет,unknown,растет,wordfreq:ru,wordfreq_seeded;deterministically_filtered;needs_human_review
ru,v1,3,2893,2923,решением,решением,решением,unknown,решением,wordfreq:ru,wordfreq_seeded;deterministically_filtered;needs_human_review
ru,v1,3,2894,2924,родной,родной,родной,unknown,родной,wordfreq:ru,wordfreq_seeded;deterministically_filtered;needs_human_review
ru,v1,3,2895,2925,самую,самую,самую,unknown,самую,wordfreq:ru,wordfreq_seeded;deterministically_filtered;needs_human_review
ru,v1,3,2896,2926,связанных,связанных,связанных,unknown,связанных,wordfreq:ru,wordfreq_seeded;deterministically_filtered;needs_human_review
ru,v1,3,2897,2927,сидит,сидит,сидит,unknown,сидит,wordfreq:ru,wordfreq_seeded;deterministically_filtered;needs_human_review
ru,v1,3,2898,2928,слегка,слегка,слегка,unknown,слегка,wordfreq:ru,wordfreq_seeded;deterministically_filtered;needs_human_review
ru,v1,3,2899,2929,смогу,смогу,смогу,unknown,смогу,wordfreq:ru,wordfreq_seeded;deterministically_filtered;needs_human_review
ru,v1,3,2900,2930,снег,снег,снег,unknown,снег,wordfreq:ru,wordfreq_seeded;deterministically_filtered;needs_human_review
ru,v1,3,2901,2931,согласился,согласился,согласился,unknown,согласился,wordfreq:ru,wordfreq_seeded;deterministically_filtered;needs_human_review
ru,v1,3,2902,2932,содержит,содержит,содержит,unknown,содержит,wordfreq:ru,wordfreq_seeded;deterministically_filtered;needs_human_review
ru,v1,3,2903,2933,спартак,спартак,спартак,unknown,спартак,wordfreq:ru,wordfreq_seeded;deterministically_filtered;needs_human_review
ru,v1,3,2904,2934,способен,способен,способен,unknown,способен,wordfreq:ru,wordfreq_seeded;deterministically_filtered;needs_human_review
ru,v1,3,2905,2935,су,су,су,unknown,су,wordfreq:ru,wordfreq_seeded;deterministically_filtered;needs_human_review
ru,v1,3,2906,2936,сути,сути,сути,unknown,сути,wordfreq:ru,wordfreq_seeded;deterministically_filtered;needs_human_review
ru,v1,3,2907,2937,творчества,творчества,творчества,unknown,творчества,wordfreq:ru,wordfreq_seeded;deterministically_filtered;needs_human_review
ru,v1,3,2908,2938,тел,тел,тел,unknown,тел,wordfreq:ru,wordfreq_seeded;deterministically_filtered;needs_human_review
ru,v1,3,2909,2939,технических,технических,технических,unknown,технических,wordfreq:ru,wordfreq_seeded;deterministically_filtered;needs_human_review
ru,v1,3,2910,2940,ти,ти,ти,unknown,ти,wordfreq:ru,wordfreq_seeded;deterministically_filtered;needs_human_review
ru,v1,3,2911,2941,умерла,умерла,умерла,unknown,умерла,wordfreq:ru,wordfreq_seeded;deterministically_filtered;needs_human_review
ru,v1,3,2912,2942,фирмы,фирмы,фирмы,unknown,фирмы,wordfreq:ru,wordfreq_seeded;deterministically_filtered;needs_human_review
ru,v1,3,2913,2943,штаба,штаба,штаба,unknown,штаба,wordfreq:ru,wordfreq_seeded;deterministically_filtered;needs_human_review
ru,v1,3,2914,2944,эпохи,эпохи,эпохи,unknown,эпохи,wordfreq:ru,wordfreq_seeded;deterministically_filtered;needs_human_review
ru,v1,3,2915,2945,h,h,h,unknown,h,wordfreq:ru,wordfreq_seeded;deterministically_filtered;needs_human_review
ru,v1,3,2916,2946,it,it,it,unknown,it,wordfreq:ru,wordfreq_seeded;deterministically_filtered;needs_human_review
ru,v1,3,2917,2947,америке,америке,америке,unknown,америке,wordfreq:ru,wordfreq_seeded;deterministically_filtered;needs_human_review
ru,v1,3,2918,2948,болгарии,болгарии,болгарии,unknown,болгарии,wordfreq:ru,wordfreq_seeded;deterministically_filtered;needs_human_review
ru,v1,3,2919,2949,важным,важным,важным,unknown,важным,wordfreq:ru,wordfreq_seeded;deterministically_filtered;needs_human_review
ru,v1,3,2920,2950,введение,введение,введение,unknown,введение,wordfreq:ru,wordfreq_seeded;deterministically_filtered;needs_human_review
ru,v1,3,2921,2951,ввиду,ввиду,ввиду,unknown,ввиду,wordfreq:ru,wordfreq_seeded;deterministically_filtered;needs_human_review
ru,v1,3,2922,2952,видим,видим,видим,unknown,видим,wordfreq:ru,wordfreq_seeded;deterministically_filtered;needs_human_review
ru,v1,3,2923,2953,воде,воде,воде,unknown,воде,wordfreq:ru,wordfreq_seeded;deterministically_filtered;needs_human_review
ru,v1,3,2924,2954,вопроса,вопроса,вопроса,unknown,вопроса,wordfreq:ru,wordfreq_seeded;deterministically_filtered;needs_human_review
ru,v1,3,2925,2955,вплоть,вплоть,вплоть,unknown,вплоть,wordfreq:ru,wordfreq_seeded;deterministically_filtered;needs_human_review
ru,v1,3,2926,2956,выбора,выбора,выбора,unknown,выбора,wordfreq:ru,wordfreq_seeded;deterministically_filtered;needs_human_review
ru,v1,3,2927,2957,выиграла,выиграла,выиграла,unknown,выиграла,wordfreq:ru,wordfreq_seeded;deterministically_filtered;needs_human_review
ru,v1,3,2928,2958,вынужден,вынужден,вынужден,unknown,вынужден,wordfreq:ru,wordfreq_seeded;deterministically_filtered;needs_human_review
ru,v1,3,2929,2959,вышло,вышло,вышло,unknown,вышло,wordfreq:ru,wordfreq_seeded;deterministically_filtered;needs_human_review
ru,v1,3,2930,2960,гонки,гонки,гонки,unknown,гонки,wordfreq:ru,wordfreq_seeded;deterministically_filtered;needs_human_review
ru,v1,3,2931,2961,границу,границу,границу,unknown,границу,wordfreq:ru,wordfreq_seeded;deterministically_filtered;needs_human_review
ru,v1,3,2932,2962,группой,группой,группой,unknown,группой,wordfreq:ru,wordfreq_seeded;deterministically_filtered;needs_human_review
ru,v1,3,2933,2963,губернатора,губернатора,губернатора,unknown,губернатора,wordfreq:ru,wordfreq_seeded;deterministically_filtered;needs_human_review
ru,v1,3,2934,2964,делали,делали,делали,unknown,делали,wordfreq:ru,wordfreq_seeded;deterministically_filtered;needs_human_review
ru,v1,3,2935,2965,деревне,деревне,деревне,unknown,деревне,wordfreq:ru,wordfreq_seeded;deterministically_filtered;needs_human_review
ru,v1,3,2936,2966,днр,днр,днр,unknown,днр,wordfreq:ru,wordfreq_seeded;deterministically_filtered;needs_human_review
ru,v1,3,2937,2967,известны,известны,известны,unknown,известны,wordfreq:ru,wordfreq_seeded;deterministically_filtered;needs_human_review
ru,v1,3,2938,2968,израиля,израиля,израиля,unknown,израиля,wordfreq:ru,wordfreq_seeded;deterministically_filtered;needs_human_review
ru,v1,3,2939,2969,использовали,использовали,использовали,unknown,использовали,wordfreq:ru,wordfreq_seeded;deterministically_filtered;needs_human_review
ru,v1,3,2940,2970,исторический,исторический,исторический,unknown,исторический,wordfreq:ru,wordfreq_seeded;deterministically_filtered;needs_human_review
ru,v1,3,2941,2971,йорк,йорк,йорк,unknown,йорк,wordfreq:ru,wordfreq_seeded;deterministically_filtered;needs_human_review
ru,v1,3,2942,2972,кампании,кампании,кампании,unknown,кампании,wordfreq:ru,wordfreq_seeded;deterministically_filtered;needs_human_review
ru,v1,3,2943,2973,классе,классе,классе,unknown,классе,wordfreq:ru,wordfreq_seeded;deterministically_filtered;needs_human_review
ru,v1,3,2944,2974,клиентов,клиентов,клиентов,unknown,клиентов,wordfreq:ru,wordfreq_seeded;deterministically_filtered;needs_human_review
ru,v1,3,2945,2975,князь,князь,князь,unknown,князь,wordfreq:ru,wordfreq_seeded;deterministically_filtered;needs_human_review
ru,v1,3,2946,2976,комиссия,комиссия,комиссия,unknown,комиссия,wordfreq:ru,wordfreq_seeded;deterministically_filtered;needs_human_review
ru,v1,3,2947,2977,корабля,корабля,корабля,unknown,корабля,wordfreq:ru,wordfreq_seeded;deterministically_filtered;needs_human_review
ru,v1,3,2948,2978,лето,лето,лето,unknown,лето,wordfreq:ru,wordfreq_seeded;deterministically_filtered;needs_human_review
ru,v1,3,2949,2979,мнения,мнения,мнения,unknown,мнения,wordfreq:ru,wordfreq_seeded;deterministically_filtered;needs_human_review
ru,v1,3,2950,2980,многом,многом,многом,unknown,многом,wordfreq:ru,wordfreq_seeded;deterministically_filtered;needs_human_review
ru,v1,3,2951,2981,набор,набор,набор,unknown,набор,wordfreq:ru,wordfreq_seeded;deterministically_filtered;needs_human_review
ru,v1,3,2952,2982,назвали,назвали,назвали,unknown,назвали,wordfreq:ru,wordfreq_seeded;deterministically_filtered;needs_human_review
ru,v1,3,2953,2983,назначен,назначен,назначен,unknown,назначен,wordfreq:ru,wordfreq_seeded;deterministically_filtered;needs_human_review
ru,v1,3,2954,2984,настоящему,настоящему,настоящему,unknown,настоящему,wordfreq:ru,wordfreq_seeded;deterministically_filtered;needs_human_review
ru,v1,3,2955,2985,национальных,национальных,национальных,unknown,национальных,wordfreq:ru,wordfreq_seeded;deterministically_filtered;needs_human_review
ru,v1,3,2956,2986,недалеко,недалеко,недалеко,unknown,недалеко,wordfreq:ru,wordfreq_seeded;deterministically_filtered;needs_human_review
ru,v1,3,2957,2987,обед,обед,обед,unknown,обед,wordfreq:ru,wordfreq_seeded;deterministically_filtered;needs_human_review
ru,v1,3,2958,2988,отчет,отчет,отчет,unknown,отчет,wordfreq:ru,wordfreq_seeded;deterministically_filtered;needs_human_review
ru,v1,3,2959,2989,партий,партий,партий,unknown,партий,wordfreq:ru,wordfreq_seeded;deterministically_filtered;needs_human_review
ru,v1,3,2960,2990,переход,переход,переход,unknown,переход,wordfreq:ru,wordfreq_seeded;deterministically_filtered;needs_human_review
ru,v1,3,2961,2991,поднять,поднять,поднять,unknown,поднять,wordfreq:ru,wordfreq_seeded;deterministically_filtered;needs_human_review
ru,v1,3,2962,2992,поезда,поезда,поезда,unknown,поезда,wordfreq:ru,wordfreq_seeded;deterministically_filtered;needs_human_review
ru,v1,3,2963,2993,политику,политику,политику,unknown,политику,wordfreq:ru,wordfreq_seeded;deterministically_filtered;needs_human_review
ru,v1,3,2964,2994,появилось,появилось,появилось,unknown,появилось,wordfreq:ru,wordfreq_seeded;deterministically_filtered;needs_human_review
ru,v1,3,2965,2995,пределах,пределах,пределах,unknown,пределах,wordfreq:ru,wordfreq_seeded;deterministically_filtered;needs_human_review
ru,v1,3,2966,2996,представление,представление,представление,unknown,представление,wordfreq:ru,wordfreq_seeded;deterministically_filtered;needs_human_review
ru,v1,3,2967,2997,прекрасный,прекрасный,прекрасный,unknown,прекрасный,wordfreq:ru,wordfreq_seeded;deterministically_filtered;needs_human_review
ru,v1,3,2968,2998,произведений,произведений,произведений,unknown,произведений,wordfreq:ru,wordfreq_seeded;deterministically_filtered;needs_human_review
ru,v1,3,2969,2999,просит,просит,просит,unknown,просит,wordfreq:ru,wordfreq_seeded;deterministically_filtered;needs_human_review
ru,v1,3,2970,3000,рыбы,рыбы,рыбы,unknown,рыбы,wordfreq:ru,wordfreq_seeded;deterministically_filtered;needs_human_review
ru,v1,3,2971,3001,самостоятельно,самостоятельно,самостоятельно,unknown,самостоятельно,wordfreq:ru,wordfreq_seeded;deterministically_filtered;needs_human_review
ru,v1,3,2972,3002,сериал,сериал,сериал,unknown,сериал,wordfreq:ru,wordfreq_seeded;deterministically_filtered;needs_human_review
ru,v1,3,2973,3003,серию,серию,серию,unknown,серию,wordfreq:ru,wordfreq_seeded;deterministically_filtered;needs_human_review
ru,v1,3,2974,3004,собеседник,собеседник,собеседник,unknown,собеседник,wordfreq:ru,wordfreq_seeded;deterministically_filtered;needs_human_review
ru,v1,3,2975,3005,соглашения,соглашения,соглашения,unknown,соглашения,wordfreq:ru,wordfreq_seeded;deterministically_filtered;needs_human_review
ru,v1,3,2976,3006,создал,создал,создал,unknown,создал,wordfreq:ru,wordfreq_seeded;deterministically_filtered;needs_human_review
ru,v1,3,2977,3007,статей,статей,статей,unknown,статей,wordfreq:ru,wordfreq_seeded;deterministically_filtered;needs_human_review
ru,v1,3,2978,3008,сторона,сторона,сторона,unknown,сторона,wordfreq:ru,wordfreq_seeded;deterministically_filtered;needs_human_review
ru,v1,3,2979,3009,судов,судов,судов,unknown,судов,wordfreq:ru,wordfreq_seeded;deterministically_filtered;needs_human_review
ru,v1,3,2980,3010,сумма,сумма,сумма,unknown,сумма,wordfreq:ru,wordfreq_seeded;deterministically_filtered;needs_human_review
ru,v1,3,2981,3011,технического,технического,технического,unknown,технического,wordfreq:ru,wordfreq_seeded;deterministically_filtered;needs_human_review
ru,v1,3,2982,3012,технологий,технологий,технологий,unknown,технологий,wordfreq:ru,wordfreq_seeded;deterministically_filtered;needs_human_review
ru,v1,3,2983,3013,удовольствием,удовольствием,удовольствием,unknown,удовольствием,wordfreq:ru,wordfreq_seeded;deterministically_filtered;needs_human_review
ru,v1,3,2984,3014,ушла,ушла,ушла,unknown,ушла,wordfreq:ru,wordfreq_seeded;deterministically_filtered;needs_human_review
ru,v1,3,2985,3015,аль,аль,аль,unknown,аль,wordfreq:ru,wordfreq_seeded;deterministically_filtered;needs_human_review
ru,v1,3,2986,3016,англ,англ,англ,unknown,англ,wordfreq:ru,wordfreq_seeded;deterministically_filtered;needs_human_review
ru,v1,3,2987,3017,бесплатно,бесплатно,бесплатно,unknown,бесплатно,wordfreq:ru,wordfreq_seeded;deterministically_filtered;needs_human_review
ru,v1,3,2988,3018,взрыв,взрыв,взрыв,unknown,взрыв,wordfreq:ru,wordfreq_seeded;deterministically_filtered;needs_human_review
ru,v1,3,2989,3019,включает,включает,включает,unknown,включает,wordfreq:ru,wordfreq_seeded;deterministically_filtered;needs_human_review
ru,v1,3,2990,3020,вкус,вкус,вкус,unknown,вкус,wordfreq:ru,wordfreq_seeded;deterministically_filtered;needs_human_review
ru,v1,3,2991,3021,внутренней,внутренней,внутренней,unknown,внутренней,wordfreq:ru,wordfreq_seeded;deterministically_filtered;needs_human_review
ru,v1,3,2992,3022,встречаются,встречаются,встречаются,unknown,встречаются,wordfreq:ru,wordfreq_seeded;deterministically_filtered;needs_human_review
ru,v1,3,2993,3023,вывод,вывод,вывод,unknown,вывод,wordfreq:ru,wordfreq_seeded;deterministically_filtered;needs_human_review
ru,v1,3,2994,3024,выставки,выставки,выставки,unknown,выставки,wordfreq:ru,wordfreq_seeded;deterministically_filtered;needs_human_review
ru,v1,3,2995,3025,греции,греции,греции,unknown,греции,wordfreq:ru,wordfreq_seeded;deterministically_filtered;needs_human_review
ru,v1,3,2996,3026,девушек,девушек,девушек,unknown,девушек,wordfreq:ru,wordfreq_seeded;deterministically_filtered;needs_human_review
ru,v1,3,2997,3027,дерево,дерево,дерево,unknown,дерево,wordfreq:ru,wordfreq_seeded;deterministically_filtered;needs_human_review
ru,v1,3,2998,3028,детали,детали,детали,unknown,детали,wordfreq:ru,wordfreq_seeded;deterministically_filtered;needs_human_review
ru,v1,3,2999,3029,европейских,европейских,европейских,unknown,европейских,wordfreq:ru,wordfreq_seeded;deterministically_filtered;needs_human_review
ru,v1,3,3000,3030,единственная,единственная,единственная,unknown,единственная,wordfreq:ru,wordfreq_seeded;deterministically_filtered;needs_human_review
