language,frequency_list_version,level,rank,source_rank,display_form,lemma,lemma_key,part_of_speech,definition_seed,source_provenance,curation_flags
nb,v1,1,1,1,i,i,i,unknown,i,wordfreq:nb,wordfreq_seeded;deterministically_filtered;structurally_curated
nb,v1,1,2,2,og,og,og,unknown,og,wordfreq:nb,wordfreq_seeded;deterministically_filtered;structurally_curated
nb,v1,1,3,3,er,er,er,unknown,er,wordfreq:nb,wordfreq_seeded;deterministically_filtered;structurally_curated
nb,v1,1,4,4,det,det,det,unknown,det,wordfreq:nb,wordfreq_seeded;deterministically_filtered;structurally_curated
nb,v1,1,5,5,å,å,å,unknown,å,wordfreq:nb,wordfreq_seeded;deterministically_filtered;structurally_curated
nb,v1,1,6,6,på,på,på,unknown,på,wordfreq:nb,wordfreq_seeded;deterministically_filtered;structurally_curated
nb,v1,1,7,7,som,som,som,unknown,som,wordfreq:nb,wordfreq_seeded;deterministically_filtered;structurally_curated
nb,v1,1,8,8,til,til,til,unknown,til,wordfreq:nb,wordfreq_seeded;deterministically_filtered;structurally_curated
nb,v1,1,9,9,en,en,en,unknown,en,wordfreq:nb,wordfreq_seeded;deterministically_filtered;structurally_curated
nb,v1,1,10,10,av,av,av,unknown,av,wordfreq:nb,wordfreq_seeded;deterministically_filtered;structurally_curated
nb,v1,1,11,11,for,for,for,unknown,for,wordfreq:nb,wordfreq_seeded;deterministically_filtered;structurally_curated
nb,v1,1,12,12,ikke,ikke,ikke,unknown,ikke,wordfreq:nb,wordfreq_seeded;deterministically_filtered;structurally_curated
nb,v1,1,13,13,med,med,med,unknown,med,wordfreq:nb,wordfreq_seeded;deterministically_filtered;structurally_curated
nb,v1,1,14,14,har,har,har,unknown,har,wordfreq:nb,wordfreq_seeded;deterministically_filtered;structurally_curated
nb,v1,1,15,15,jeg,jeg,jeg,unknown,jeg,wordfreq:nb,wordfreq_seeded;deterministically_filtered;structurally_curated
nb,v1,1,16,16,at,at,at,unknown,at,wordfreq:nb,wordfreq_seeded;deterministically_filtered;structurally_curated
nb,v1,1,17,17,de,de,de,unknown,de,wordfreq:nb,wordfreq_seeded;deterministically_filtered;structurally_curated
nb,v1,1,18,19,du,du,du,unknown,du,wordfreq:nb,wordfreq_seeded;deterministically_filtered;structurally_curated
nb,v1,1,19,20,om,om,om,unknown,om,wordfreq:nb,wordfreq_seeded;deterministically_filtered;structurally_curated
nb,v1,1,20,21,den,den,den,unknown,den,wordfreq:nb,wordfreq_seeded;deterministically_filtered;structurally_curated
nb,v1,1,21,22,så,så,så,unknown,så,wordfreq:nb,wordfreq_seeded;deterministically_filtered;structurally_curated
nb,v1,1,22,23,vi,vi,vi,unknown,vi,wordfreq:nb,wordfreq_seeded;deterministically_filtered;structurally_curated
nb,v1,1,23,24,fra,fra,fra,unknown,fra,wordfreq:nb,wordfreq_seeded;deterministically_filtered;structurally_curated
nb,v1,1,24,25,var,var,var,unknown,var,wordfreq:nb,wordfreq_seeded;deterministically_filtered;structurally_curated
nb,v1,1,25,26,kan,kan,kan,unknown,kan,wordfreq:nb,wordfreq_seeded;deterministically_filtered;structurally_curated
nb,v1,1,26,27,et,et,et,unknown,et,wordfreq:nb,wordfreq_seeded;deterministically_filtered;structurally_curated
nb,v1,1,27,28,men,men,men,unknown,men,wordfreq:nb,wordfreq_seeded;deterministically_filtered;structurally_curated
nb,v1,1,28,29,han,han,han,unknown,han,wordfreq:nb,wordfreq_seeded;deterministically_filtered;structurally_curated
nb,v1,1,29,30,seg,seg,seg,unknown,seg,wordfreq:nb,wordfreq_seeded;deterministically_filtered;structurally_curated
nb,v1,1,30,31,dette,dette,dette,unknown,dette,wordfreq:nb,wordfreq_seeded;deterministically_filtered;structurally_curated
nb,v1,1,31,32,noe,noe,noe,unknown,noe,wordfreq:nb,wordfreq_seeded;deterministically_filtered;structurally_curated
nb,v1,1,32,33,skal,skal,skal,unknown,skal,wordfreq:nb,wordfreq_seeded;deterministically_filtered;structurally_curated
nb,v1,1,33,34,noen,noen,noen,unknown,noen,wordfreq:nb,wordfreq_seeded;deterministically_filtered;structurally_curated
nb,v1,1,34,35,ble,ble,ble,unknown,ble,wordfreq:nb,wordfreq_seeded;deterministically_filtered;structurally_curated
nb,v1,1,35,36,vil,vil,vil,unknown,vil,wordfreq:nb,wordfreq_seeded;deterministically_filtered;structurally_curated
nb,v1,1,36,37,bare,bare,bare,unknown,bare,wordfreq:nb,wordfreq_seeded;deterministically_filtered;structurally_curated
nb,v1,1,37,38,også,også,også,unknown,også,wordfreq:nb,wordfreq_seeded;deterministically_filtered;structurally_curated
nb,v1,1,38,39,ut,ut,ut,unknown,ut,wordfreq:nb,wordfreq_seeded;deterministically_filtered;structurally_curated
nb,v1,1,39,41,da,da,da,unknown,da,wordfreq:nb,wordfreq_seeded;deterministically_filtered;structurally_curated
nb,v1,1,40,42,nå,nå,nå,unknown,nå,wordfreq:nb,wordfreq_seeded;deterministically_filtered;structurally_curated
nb,v1,1,41,43,hva,hva,hva,unknown,hva,wordfreq:nb,wordfreq_seeded;deterministically_filtered;structurally_curated
nb,v1,1,42,44,etter,etter,etter,unknown,etter,wordfreq:nb,wordfreq_seeded;deterministically_filtered;structurally_curated
nb,v1,1,43,45,eller,eller,eller,unknown,eller,wordfreq:nb,wordfreq_seeded;deterministically_filtered;structurally_curated
nb,v1,1,44,46,meg,meg,meg,unknown,meg,wordfreq:nb,wordfreq_seeded;deterministically_filtered;structurally_curated
nb,v1,1,45,47,være,være,være,unknown,være,wordfreq:nb,wordfreq_seeded;deterministically_filtered;structurally_curated
nb,v1,1,46,48,blir,blir,blir,unknown,blir,wordfreq:nb,wordfreq_seeded;deterministically_filtered;structurally_curated
nb,v1,1,47,49,hadde,hadde,hadde,unknown,hadde,wordfreq:nb,wordfreq_seeded;deterministically_filtered;structurally_curated
nb,v1,1,48,50,alle,alle,alle,unknown,alle,wordfreq:nb,wordfreq_seeded;deterministically_filtered;structurally_curated
nb,v1,1,49,51,når,når,når,unknown,når,wordfreq:nb,wordfreq_seeded;deterministically_filtered;structurally_curated
nb,v1,1,50,52,her,her,her,unknown,her,wordfreq:nb,wordfreq_seeded;deterministically_filtered;structurally_curated
nb,v1,1,51,53,må,må,må,unknown,må,wordfreq:nb,wordfreq_seeded;deterministically_filtered;structurally_curated
nb,v1,1,52,54,ha,ha,ha,unknown,ha,wordfreq:nb,wordfreq_seeded;deterministically_filtered;structurally_curated
nb,v1,1,53,55,deg,deg,deg,unknown,deg,wordfreq:nb,wordfreq_seeded;deterministically_filtered;structurally_curated
nb,v1,1,54,56,få,få,få,unknown,få,wordfreq:nb,wordfreq_seeded;deterministically_filtered;structurally_curated
nb,v1,1,55,57,man,man,man,unknown,man,wordfreq:nb,wordfreq_seeded;deterministically_filtered;structurally_curated
nb,v1,1,56,58,mer,mer,mer,unknown,mer,wordfreq:nb,wordfreq_seeded;deterministically_filtered;structurally_curated
nb,v1,1,57,59,opp,opp,opp,unknown,opp,wordfreq:nb,wordfreq_seeded;deterministically_filtered;structurally_curated
nb,v1,1,58,60,andre,andre,andre,unknown,andre,wordfreq:nb,wordfreq_seeded;deterministically_filtered;structurally_curated
nb,v1,1,59,61,gjør,gjør,gjør,unknown,gjør,wordfreq:nb,wordfreq_seeded;deterministically_filtered;structurally_curated
nb,v1,1,60,62,over,over,over,unknown,over,wordfreq:nb,wordfreq_seeded;deterministically_filtered;structurally_curated
nb,v1,1,61,63,litt,litt,litt,unknown,litt,wordfreq:nb,wordfreq_seeded;deterministically_filtered;structurally_curated
nb,v1,1,62,64,ved,ved,ved,unknown,ved,wordfreq:nb,wordfreq_seeded;deterministically_filtered;structurally_curated
nb,v1,1,63,65,vært,vært,vært,unknown,vært,wordfreq:nb,wordfreq_seeded;deterministically_filtered;structurally_curated
nb,v1,1,64,66,bli,bli,bli,unknown,bli,wordfreq:nb,wordfreq_seeded;deterministically_filtered;structurally_curated
nb,v1,1,65,67,får,får,får,unknown,får,wordfreq:nb,wordfreq_seeded;deterministically_filtered;structurally_curated
nb,v1,1,66,68,inn,inn,inn,unknown,inn,wordfreq:nb,wordfreq_seeded;deterministically_filtered;structurally_curated
nb,v1,1,67,69,denne,denne,denne,unknown,denne,wordfreq:nb,wordfreq_seeded;deterministically_filtered;structurally_curated
nb,v1,1,68,70,enn,enn,enn,unknown,enn,wordfreq:nb,wordfreq_seeded;deterministically_filtered;structurally_curated
nb,v1,1,69,71,år,år,år,unknown,år,wordfreq:nb,wordfreq_seeded;deterministically_filtered;structurally_curated
nb,v1,1,70,72,gjøre,gjøre,gjøre,unknown,gjøre,wordfreq:nb,wordfreq_seeded;deterministically_filtered;structurally_curated
nb,v1,1,71,73,hun,hun,hun,unknown,hun,wordfreq:nb,wordfreq_seeded;deterministically_filtered;structurally_curated
nb,v1,1,72,74,mye,mye,mye,unknown,mye,wordfreq:nb,wordfreq_seeded;deterministically_filtered;structurally_curated
nb,v1,1,73,75,der,der,der,unknown,der,wordfreq:nb,wordfreq_seeded;deterministically_filtered;structurally_curated
nb,v1,1,74,76,hvor,hvor,hvor,unknown,hvor,wordfreq:nb,wordfreq_seeded;deterministically_filtered;structurally_curated
nb,v1,1,75,77,norge,norge,norge,unknown,norge,wordfreq:nb,wordfreq_seeded;deterministically_filtered;structurally_curated
nb,v1,1,76,78,se,se,se,unknown,se,wordfreq:nb,wordfreq_seeded;deterministically_filtered;structurally_curated
nb,v1,1,77,79,igjen,igjen,igjen,unknown,igjen,wordfreq:nb,wordfreq_seeded;deterministically_filtered;structurally_curated
nb,v1,1,78,80,kommer,kommer,kommer,unknown,kommer,wordfreq:nb,wordfreq_seeded;deterministically_filtered;structurally_curated
nb,v1,1,79,81,mot,mot,mot,unknown,mot,wordfreq:nb,wordfreq_seeded;deterministically_filtered;structurally_curated
nb,v1,1,80,82,selv,selv,selv,unknown,selv,wordfreq:nb,wordfreq_seeded;deterministically_filtered;structurally_curated
nb,v1,1,81,84,hvis,hvis,hvis,unknown,hvis,wordfreq:nb,wordfreq_seeded;deterministically_filtered;structurally_curated
nb,v1,1,82,85,ta,ta,ta,unknown,ta,wordfreq:nb,wordfreq_seeded;deterministically_filtered;structurally_curated
nb,v1,1,83,86,to,to,to,unknown,to,wordfreq:nb,wordfreq_seeded;deterministically_filtered;structurally_curated
nb,v1,1,84,87,før,før,før,unknown,før,wordfreq:nb,wordfreq_seeded;deterministically_filtered;structurally_curated
nb,v1,1,85,89,fikk,fikk,fikk,unknown,fikk,wordfreq:nb,wordfreq_seeded;deterministically_filtered;structurally_curated
nb,v1,1,86,90,alt,alt,alt,unknown,alt,wordfreq:nb,wordfreq_seeded;deterministically_filtered;structurally_curated
nb,v1,1,87,91,flere,flere,flere,unknown,flere,wordfreq:nb,wordfreq_seeded;deterministically_filtered;structurally_curated
nb,v1,1,88,92,helt,helt,helt,unknown,helt,wordfreq:nb,wordfreq_seeded;deterministically_filtered;structurally_curated
nb,v1,1,89,93,ser,ser,ser,unknown,ser,wordfreq:nb,wordfreq_seeded;deterministically_filtered;structurally_curated
nb,v1,1,90,94,min,min,min,unknown,min,wordfreq:nb,wordfreq_seeded;deterministically_filtered;structurally_curated
nb,v1,1,91,95,oss,oss,oss,unknown,oss,wordfreq:nb,wordfreq_seeded;deterministically_filtered;structurally_curated
nb,v1,1,92,96,går,går,går,unknown,går,wordfreq:nb,wordfreq_seeded;deterministically_filtered;structurally_curated
nb,v1,1,93,97,vel,vel,vel,unknown,vel,wordfreq:nb,wordfreq_seeded;deterministically_filtered;structurally_curated
nb,v1,1,94,99,hvordan,hvordan,hvordan,unknown,hvordan,wordfreq:nb,wordfreq_seeded;deterministically_filtered;structurally_curated
nb,v1,1,95,100,jo,jo,jo,unknown,jo,wordfreq:nb,wordfreq_seeded;deterministically_filtered;structurally_curated
nb,v1,1,96,101,uten,uten,uten,unknown,uten,wordfreq:nb,wordfreq_seeded;deterministically_filtered;structurally_curated
nb,v1,1,97,102,ingen,ingen,ingen,unknown,ingen,wordfreq:nb,wordfreq_seeded;deterministically_filtered;structurally_curated
nb,v1,1,98,103,mange,mange,mange,unknown,mange,wordfreq:nb,wordfreq_seeded;deterministically_filtered;structurally_curated
nb,v1,1,99,104,dere,dere,dere,unknown,dere,wordfreq:nb,wordfreq_seeded;deterministically_filtered;structurally_curated
nb,v1,1,100,105,kunne,kunne,kunne,unknown,kunne,wordfreq:nb,wordfreq_seeded;deterministically_filtered;structurally_curated
nb,v1,1,101,106,siden,siden,siden,unknown,siden,wordfreq:nb,wordfreq_seeded;deterministically_filtered;structurally_curated
nb,v1,1,102,107,sin,sin,sin,unknown,sin,wordfreq:nb,wordfreq_seeded;deterministically_filtered;structurally_curated
nb,v1,1,103,108,tror,tror,tror,unknown,tror,wordfreq:nb,wordfreq_seeded;deterministically_filtered;structurally_curated
nb,v1,1,104,109,folk,folk,folk,unknown,folk,wordfreq:nb,wordfreq_seeded;deterministically_filtered;structurally_curated
nb,v1,1,105,110,nok,nok,nok,unknown,nok,wordfreq:nb,wordfreq_seeded;deterministically_filtered;structurally_curated
nb,v1,1,106,111,si,si,si,unknown,si,wordfreq:nb,wordfreq_seeded;deterministically_filtered;structurally_curated
nb,v1,1,107,112,sier,sier,sier,unknown,sier,wordfreq:nb,wordfreq_seeded;deterministically_filtered;structurally_curated
nb,v1,1,108,113,dag,dag,dag,unknown,dag,wordfreq:nb,wordfreq_seeded;deterministically_filtered;structurally_curated
nb,v1,1,109,114,norsk,norsk,norsk,unknown,norsk,wordfreq:nb,wordfreq_seeded;deterministically_filtered;structurally_curated
nb,v1,1,110,116,første,første,første,unknown,første,wordfreq:nb,wordfreq_seeded;deterministically_filtered;structurally_curated
nb,v1,1,111,117,god,god,god,unknown,god,wordfreq:nb,wordfreq_seeded;deterministically_filtered;structurally_curated
nb,v1,1,112,118,godt,godt,godt,unknown,godt,wordfreq:nb,wordfreq_seeded;deterministically_filtered;structurally_curated
nb,v1,1,113,119,hele,hele,hele,unknown,hele,wordfreq:nb,wordfreq_seeded;deterministically_filtered;structurally_curated
nb,v1,1,114,120,kanskje,kanskje,kanskje,unknown,kanskje,wordfreq:nb,wordfreq_seeded;deterministically_filtered;structurally_curated
nb,v1,1,115,121,dem,dem,dem,unknown,dem,wordfreq:nb,wordfreq_seeded;deterministically_filtered;structurally_curated
nb,v1,1,116,122,din,din,din,unknown,din,wordfreq:nb,wordfreq_seeded;deterministically_filtered;structurally_curated
nb,v1,1,117,123,gang,gang,gang,unknown,gang,wordfreq:nb,wordfreq_seeded;deterministically_filtered;structurally_curated
nb,v1,1,118,124,skulle,skulle,skulle,unknown,skulle,wordfreq:nb,wordfreq_seeded;deterministically_filtered;structurally_curated
nb,v1,1,119,125,slik,slik,slik,unknown,slik,wordfreq:nb,wordfreq_seeded;deterministically_filtered;structurally_curated
nb,v1,1,120,126,bra,bra,bra,unknown,bra,wordfreq:nb,wordfreq_seeded;deterministically_filtered;structurally_curated
nb,v1,1,121,127,norske,norske,norske,unknown,norske,wordfreq:nb,wordfreq_seeded;deterministically_filtered;structurally_curated
nb,v1,1,122,128,kom,kom,kom,unknown,kom,wordfreq:nb,wordfreq_seeded;deterministically_filtered;structurally_curated
nb,v1,1,123,129,samme,samme,samme,unknown,samme,wordfreq:nb,wordfreq_seeded;deterministically_filtered;structurally_curated
nb,v1,1,124,130,sammen,sammen,sammen,unknown,sammen,wordfreq:nb,wordfreq_seeded;deterministically_filtered;structurally_curated
nb,v1,1,125,131,under,under,under,unknown,under,wordfreq:nb,wordfreq_seeded;deterministically_filtered;structurally_curated
nb,v1,1,126,132,vet,vet,vet,unknown,vet,wordfreq:nb,wordfreq_seeded;deterministically_filtered;structurally_curated
nb,v1,1,127,133,annet,annet,annet,unknown,annet,wordfreq:nb,wordfreq_seeded;deterministically_filtered;structurally_curated
nb,v1,1,128,134,bedre,bedre,bedre,unknown,bedre,wordfreq:nb,wordfreq_seeded;deterministically_filtered;structurally_curated
nb,v1,1,129,135,disse,disse,disse,unknown,disse,wordfreq:nb,wordfreq_seeded;deterministically_filtered;structurally_curated
nb,v1,1,130,136,gå,gå,gå,unknown,gå,wordfreq:nb,wordfreq_seeded;deterministically_filtered;structurally_curated
nb,v1,1,131,137,aldri,aldri,aldri,unknown,aldri,wordfreq:nb,wordfreq_seeded;deterministically_filtered;structurally_curated
nb,v1,1,132,138,ja,ja,ja,unknown,ja,wordfreq:nb,wordfreq_seeded;deterministically_filtered;structurally_curated
nb,v1,1,133,139,tar,tar,tar,unknown,tar,wordfreq:nb,wordfreq_seeded;deterministically_filtered;structurally_curated
nb,v1,1,134,140,blitt,blitt,blitt,unknown,blitt,wordfreq:nb,wordfreq_seeded;deterministically_filtered;structurally_curated
nb,v1,1,135,141,oslo,oslo,oslo,unknown,oslo,wordfreq:nb,wordfreq_seeded;deterministically_filtered;structurally_curated
nb,v1,1,136,142,mellom,mellom,mellom,unknown,mellom,wordfreq:nb,wordfreq_seeded;deterministically_filtered;structurally_curated
nb,v1,1,137,143,ville,ville,ville,unknown,ville,wordfreq:nb,wordfreq_seeded;deterministically_filtered;structurally_curated
nb,v1,1,138,144,sett,sett,sett,unknown,sett,wordfreq:nb,wordfreq_seeded;deterministically_filtered;structurally_curated
nb,v1,1,139,145,tid,tid,tid,unknown,tid,wordfreq:nb,wordfreq_seeded;deterministically_filtered;structurally_curated
nb,v1,1,140,146,veldig,veldig,veldig,unknown,veldig,wordfreq:nb,wordfreq_seeded;deterministically_filtered;structurally_curated
nb,v1,1,141,147,nye,nye,nye,unknown,nye,wordfreq:nb,wordfreq_seeded;deterministically_filtered;structurally_curated
nb,v1,1,142,148,hvorfor,hvorfor,hvorfor,unknown,hvorfor,wordfreq:nb,wordfreq_seeded;deterministically_filtered;structurally_curated
nb,v1,1,143,149,rundt,rundt,rundt,unknown,rundt,wordfreq:nb,wordfreq_seeded;deterministically_filtered;structurally_curated
nb,v1,1,144,150,rett,rett,rett,unknown,rett,wordfreq:nb,wordfreq_seeded;deterministically_filtered;structurally_curated
nb,v1,1,145,151,trenger,trenger,trenger,unknown,trenger,wordfreq:nb,wordfreq_seeded;deterministically_filtered;structurally_curated
nb,v1,1,146,152,fordi,fordi,fordi,unknown,fordi,wordfreq:nb,wordfreq_seeded;deterministically_filtered;structurally_curated
nb,v1,1,147,153,gi,gi,gi,unknown,gi,wordfreq:nb,wordfreq_seeded;deterministically_filtered;structurally_curated
nb,v1,1,148,154,gikk,gikk,gikk,unknown,gikk,wordfreq:nb,wordfreq_seeded;deterministically_filtered;structurally_curated
nb,v1,1,149,155,hans,hans,hans,unknown,hans,wordfreq:nb,wordfreq_seeded;deterministically_filtered;structurally_curated
nb,v1,1,150,156,nei,nei,nei,unknown,nei,wordfreq:nb,wordfreq_seeded;deterministically_filtered;structurally_curated
nb,v1,1,151,157,ned,ned,ned,unknown,ned,wordfreq:nb,wordfreq_seeded;deterministically_filtered;structurally_curated
nb,v1,1,152,158,store,store,store,unknown,store,wordfreq:nb,wordfreq_seeded;deterministically_filtered;structurally_curated
nb,v1,1,153,159,ting,ting,ting,unknown,ting,wordfreq:nb,wordfreq_seeded;deterministically_filtered;structurally_curated
nb,v1,1,154,160,tre,tre,tre,unknown,tre,wordfreq:nb,wordfreq_seeded;deterministically_filtered;structurally_curated
nb,v1,1,155,161,mener,mener,mener,unknown,mener,wordfreq:nb,wordfreq_seeded;deterministically_filtered;structurally_curated
nb,v1,1,156,162,sine,sine,sine,unknown,sine,wordfreq:nb,wordfreq_seeded;deterministically_filtered;structurally_curated
nb,v1,1,157,164,del,del,del,unknown,del,wordfreq:nb,wordfreq_seeded;deterministically_filtered;structurally_curated
nb,v1,1,158,165,siste,siste,siste,unknown,siste,wordfreq:nb,wordfreq_seeded;deterministically_filtered;structurally_curated
nb,v1,1,159,166,bør,bør,bør,unknown,bør,wordfreq:nb,wordfreq_seeded;deterministically_filtered;structurally_curated
nb,v1,1,160,167,gir,gir,gir,unknown,gir,wordfreq:nb,wordfreq_seeded;deterministically_filtered;structurally_curated
nb,v1,1,161,168,gjennom,gjennom,gjennom,unknown,gjennom,wordfreq:nb,wordfreq_seeded;deterministically_filtered;structurally_curated
nb,v1,1,162,169,mest,mest,mest,unknown,mest,wordfreq:nb,wordfreq_seeded;deterministically_filtered;structurally_curated
nb,v1,1,163,170,alltid,alltid,alltid,unknown,alltid,wordfreq:nb,wordfreq_seeded;deterministically_filtered;structurally_curated
nb,v1,1,164,171,tilbake,tilbake,tilbake,unknown,tilbake,wordfreq:nb,wordfreq_seeded;deterministically_filtered;structurally_curated
nb,v1,1,165,173,like,like,like,unknown,like,wordfreq:nb,wordfreq_seeded;deterministically_filtered;structurally_curated
nb,v1,1,166,174,blant,blant,blant,unknown,blant,wordfreq:nb,wordfreq_seeded;deterministically_filtered;structurally_curated
nb,v1,1,167,175,både,både,både,unknown,både,wordfreq:nb,wordfreq_seeded;deterministically_filtered;structurally_curated
nb,v1,1,168,176,finnes,finnes,finnes,unknown,finnes,wordfreq:nb,wordfreq_seeded;deterministically_filtered;structurally_curated
nb,v1,1,169,177,stor,stor,stor,unknown,stor,wordfreq:nb,wordfreq_seeded;deterministically_filtered;structurally_curated
nb,v1,1,170,178,fått,fått,fått,unknown,fått,wordfreq:nb,wordfreq_seeded;deterministically_filtered;structurally_curated
nb,v1,1,171,179,tatt,tatt,tatt,unknown,tatt,wordfreq:nb,wordfreq_seeded;deterministically_filtered;structurally_curated
nb,v1,1,172,180,vår,vår,vår,unknown,vår,wordfreq:nb,wordfreq_seeded;deterministically_filtered;structurally_curated
nb,v1,1,173,181,barn,barn,barn,unknown,barn,wordfreq:nb,wordfreq_seeded;deterministically_filtered;structurally_curated
nb,v1,1,174,182,finne,finne,finne,unknown,finne,wordfreq:nb,wordfreq_seeded;deterministically_filtered;structurally_curated
nb,v1,1,175,183,gjort,gjort,gjort,unknown,gjort,wordfreq:nb,wordfreq_seeded;deterministically_filtered;structurally_curated
nb,v1,1,176,184,hos,hos,hos,unknown,hos,wordfreq:nb,wordfreq_seeded;deterministically_filtered;structurally_curated
nb,v1,1,177,185,komme,komme,komme,unknown,komme,wordfreq:nb,wordfreq_seeded;deterministically_filtered;structurally_curated
nb,v1,1,178,186,sitt,sitt,sitt,unknown,sitt,wordfreq:nb,wordfreq_seeded;deterministically_filtered;structurally_curated
nb,v1,1,179,187,burde,burde,burde,unknown,burde,wordfreq:nb,wordfreq_seeded;deterministically_filtered;structurally_curated
nb,v1,1,180,188,hver,hver,hver,unknown,hver,wordfreq:nb,wordfreq_seeded;deterministically_filtered;structurally_curated
nb,v1,1,181,189,la,la,la,unknown,la,wordfreq:nb,wordfreq_seeded;deterministically_filtered;structurally_curated
nb,v1,1,182,190,akkurat,akkurat,akkurat,unknown,akkurat,wordfreq:nb,wordfreq_seeded;deterministically_filtered;structurally_curated
nb,v1,1,183,191,beste,beste,beste,unknown,beste,wordfreq:nb,wordfreq_seeded;deterministically_filtered;structurally_curated
nb,v1,1,184,192,mens,mens,mens,unknown,mens,wordfreq:nb,wordfreq_seeded;deterministically_filtered;structurally_curated
nb,v1,1,185,193,deres,deres,deres,unknown,deres,wordfreq:nb,wordfreq_seeded;deterministically_filtered;structurally_curated
nb,v1,1,186,194,står,står,står,unknown,står,wordfreq:nb,wordfreq_seeded;deterministically_filtered;structurally_curated
nb,v1,1,187,195,takk,takk,takk,unknown,takk,wordfreq:nb,wordfreq_seeded;deterministically_filtered;structurally_curated
nb,v1,1,188,196,ønsker,ønsker,ønsker,unknown,ønsker,wordfreq:nb,wordfreq_seeded;deterministically_filtered;structurally_curated
nb,v1,1,189,197,lenge,lenge,lenge,unknown,lenge,wordfreq:nb,wordfreq_seeded;deterministically_filtered;structurally_curated
nb,v1,1,190,198,ny,ny,ny,unknown,ny,wordfreq:nb,wordfreq_seeded;deterministically_filtered;structurally_curated
nb,v1,1,191,199,bruke,bruke,bruke,unknown,bruke,wordfreq:nb,wordfreq_seeded;deterministically_filtered;structurally_curated
nb,v1,1,192,200,feil,feil,feil,unknown,feil,wordfreq:nb,wordfreq_seeded;deterministically_filtered;structurally_curated
nb,v1,1,193,201,gode,gode,gode,unknown,gode,wordfreq:nb,wordfreq_seeded;deterministically_filtered;structurally_curated
nb,v1,1,194,202,mitt,mitt,mitt,unknown,mitt,wordfreq:nb,wordfreq_seeded;deterministically_filtered;structurally_curated
nb,v1,1,195,203,mulig,mulig,mulig,unknown,mulig,wordfreq:nb,wordfreq_seeded;deterministically_filtered;structurally_curated
nb,v1,1,196,204,tidligere,tidligere,tidligere,unknown,tidligere,wordfreq:nb,wordfreq_seeded;deterministically_filtered;structurally_curated
nb,v1,1,197,205,liker,liker,liker,unknown,liker,wordfreq:nb,wordfreq_seeded;deterministically_filtered;structurally_curated
nb,v1,1,198,206,tok,tok,tok,unknown,tok,wordfreq:nb,wordfreq_seeded;deterministically_filtered;structurally_curated
nb,v1,1,199,207,viktig,viktig,viktig,unknown,viktig,wordfreq:nb,wordfreq_seeded;deterministically_filtered;structurally_curated
nb,v1,1,200,208,heller,heller,heller,unknown,heller,wordfreq:nb,wordfreq_seeded;deterministically_filtered;structurally_curated
nb,v1,1,201,209,hvem,hvem,hvem,unknown,hvem,wordfreq:nb,wordfreq_seeded;deterministically_filtered;structurally_curated
nb,v1,1,202,210,skjer,skjer,skjer,unknown,skjer,wordfreq:nb,wordfreq_seeded;deterministically_filtered;structurally_curated
nb,v1,1,203,211,bruker,bruker,bruker,unknown,bruker,wordfreq:nb,wordfreq_seeded;deterministically_filtered;structurally_curated
nb,v1,1,204,212,fortsatt,fortsatt,fortsatt,unknown,fortsatt,wordfreq:nb,wordfreq_seeded;deterministically_filtered;structurally_curated
nb,v1,1,205,213,først,først,først,unknown,først,wordfreq:nb,wordfreq_seeded;deterministically_filtered;structurally_curated
nb,v1,1,206,214,menn,menn,menn,unknown,menn,wordfreq:nb,wordfreq_seeded;deterministically_filtered;structurally_curated
nb,v1,1,207,215,verden,verden,verden,unknown,verden,wordfreq:nb,wordfreq_seeded;deterministically_filtered;structurally_curated
nb,v1,1,208,216,a,a,a,unknown,a,wordfreq:nb,wordfreq_seeded;deterministically_filtered;structurally_curated
nb,v1,1,209,217,faktisk,faktisk,faktisk,unknown,faktisk,wordfreq:nb,wordfreq_seeded;deterministically_filtered;structurally_curated
nb,v1,1,210,218,frem,frem,frem,unknown,frem,wordfreq:nb,wordfreq_seeded;deterministically_filtered;structurally_curated
nb,v1,1,211,219,mine,mine,mine,unknown,mine,wordfreq:nb,wordfreq_seeded;deterministically_filtered;structurally_curated
nb,v1,1,212,220,måtte,måtte,måtte,unknown,måtte,wordfreq:nb,wordfreq_seeded;deterministically_filtered;structurally_curated
nb,v1,1,213,221,virkelig,virkelig,virkelig,unknown,virkelig,wordfreq:nb,wordfreq_seeded;deterministically_filtered;structurally_curated
nb,v1,1,214,222,the,the,the,unknown,the,wordfreq:nb,wordfreq_seeded;deterministically_filtered;structurally_curated
nb,v1,1,215,223,ute,ute,ute,unknown,ute,wordfreq:nb,wordfreq_seeded;deterministically_filtered;structurally_curated
nb,v1,1,216,224,egentlig,egentlig,egentlig,unknown,egentlig,wordfreq:nb,wordfreq_seeded;deterministically_filtered;structurally_curated
nb,v1,1,217,225,grunn,grunn,grunn,unknown,grunn,wordfreq:nb,wordfreq_seeded;deterministically_filtered;structurally_curated
nb,v1,1,218,226,kvinner,kvinner,kvinner,unknown,kvinner,wordfreq:nb,wordfreq_seeded;deterministically_filtered;structurally_curated
nb,v1,1,219,227,mann,mann,mann,unknown,mann,wordfreq:nb,wordfreq_seeded;deterministically_filtered;structurally_curated
nb,v1,1,220,228,mindre,mindre,mindre,unknown,mindre,wordfreq:nb,wordfreq_seeded;deterministically_filtered;structurally_curated
nb,v1,1,221,229,ofte,ofte,ofte,unknown,ofte,wordfreq:nb,wordfreq_seeded;deterministically_filtered;structurally_curated
nb,v1,1,222,231,annen,annen,annen,unknown,annen,wordfreq:nb,wordfreq_seeded;deterministically_filtered;structurally_curated
nb,v1,1,223,232,derfor,derfor,derfor,unknown,derfor,wordfreq:nb,wordfreq_seeded;deterministically_filtered;structurally_curated
nb,v1,1,224,233,eneste,eneste,eneste,unknown,eneste,wordfreq:nb,wordfreq_seeded;deterministically_filtered;structurally_curated
nb,v1,1,225,234,ganger,ganger,ganger,unknown,ganger,wordfreq:nb,wordfreq_seeded;deterministically_filtered;structurally_curated
nb,v1,1,226,235,hatt,hatt,hatt,unknown,hatt,wordfreq:nb,wordfreq_seeded;deterministically_filtered;structurally_curated
nb,v1,1,227,236,livet,livet,livet,unknown,livet,wordfreq:nb,wordfreq_seeded;deterministically_filtered;structurally_curated
nb,v1,1,228,237,sånn,sånn,sånn,unknown,sånn,wordfreq:nb,wordfreq_seeded;deterministically_filtered;structurally_curated
nb,v1,1,229,238,tiden,tiden,tiden,unknown,tiden,wordfreq:nb,wordfreq_seeded;deterministically_filtered;structurally_curated
nb,v1,1,230,239,politiet,politiet,politiet,unknown,politiet,wordfreq:nb,wordfreq_seeded;deterministically_filtered;structurally_curated
nb,v1,1,231,240,egen,egen,egen,unknown,egen,wordfreq:nb,wordfreq_seeded;deterministically_filtered;structurally_curated
nb,v1,1,232,241,finner,finner,finner,unknown,finner,wordfreq:nb,wordfreq_seeded;deterministically_filtered;structurally_curated
nb,v1,1,233,242,kjent,kjent,kjent,unknown,kjent,wordfreq:nb,wordfreq_seeded;deterministically_filtered;structurally_curated
nb,v1,1,234,243,neste,neste,neste,unknown,neste,wordfreq:nb,wordfreq_seeded;deterministically_filtered;structurally_curated
nb,v1,1,235,244,nesten,nesten,nesten,unknown,nesten,wordfreq:nb,wordfreq_seeded;deterministically_filtered;structurally_curated
nb,v1,1,236,245,sa,sa,sa,unknown,sa,wordfreq:nb,wordfreq_seeded;deterministically_filtered;structurally_curated
nb,v1,1,237,246,ditt,ditt,ditt,unknown,ditt,wordfreq:nb,wordfreq_seeded;deterministically_filtered;structurally_curated
nb,v1,1,238,247,gjerne,gjerne,gjerne,unknown,gjerne,wordfreq:nb,wordfreq_seeded;deterministically_filtered;structurally_curated
nb,v1,1,239,248,kun,kun,kun,unknown,kun,wordfreq:nb,wordfreq_seeded;deterministically_filtered;structurally_curated
nb,v1,1,240,249,penger,penger,penger,unknown,penger,wordfreq:nb,wordfreq_seeded;deterministically_filtered;structurally_curated
nb,v1,1,241,250,plass,plass,plass,unknown,plass,wordfreq:nb,wordfreq_seeded;deterministically_filtered;structurally_curated
nb,v1,1,242,251,større,større,større,unknown,større,wordfreq:nb,wordfreq_seeded;deterministically_filtered;structurally_curated
nb,v1,1,243,252,viser,viser,viser,unknown,viser,wordfreq:nb,wordfreq_seeded;deterministically_filtered;structurally_curated
nb,v1,1,244,253,ham,ham,ham,unknown,ham,wordfreq:nb,wordfreq_seeded;deterministically_filtered;structurally_curated
nb,v1,1,245,254,holde,holde,holde,unknown,holde,wordfreq:nb,wordfreq_seeded;deterministically_filtered;structurally_curated
nb,v1,1,246,255,jobb,jobb,jobb,unknown,jobb,wordfreq:nb,wordfreq_seeded;deterministically_filtered;structurally_curated
nb,v1,1,247,256,kjøpe,kjøpe,kjøpe,unknown,kjøpe,wordfreq:nb,wordfreq_seeded;deterministically_filtered;structurally_curated
nb,v1,1,248,257,langt,langt,langt,unknown,langt,wordfreq:nb,wordfreq_seeded;deterministically_filtered;structurally_curated
nb,v1,1,249,258,ligger,ligger,ligger,unknown,ligger,wordfreq:nb,wordfreq_seeded;deterministically_filtered;structurally_curated
nb,v1,1,250,259,greit,greit,greit,unknown,greit,wordfreq:nb,wordfreq_seeded;deterministically_filtered;structurally_curated
nb,v1,1,251,260,laget,laget,laget,unknown,laget,wordfreq:nb,wordfreq_seeded;deterministically_filtered;structurally_curated
nb,v1,1,252,261,land,land,land,unknown,land,wordfreq:nb,wordfreq_seeded;deterministically_filtered;structurally_curated
nb,v1,1,253,262,våre,våre,våre,unknown,våre,wordfreq:nb,wordfreq_seeded;deterministically_filtered;structurally_curated
nb,v1,1,254,263,allerede,allerede,allerede,unknown,allerede,wordfreq:nb,wordfreq_seeded;deterministically_filtered;structurally_curated
nb,v1,1,255,264,betyr,betyr,betyr,unknown,betyr,wordfreq:nb,wordfreq_seeded;deterministically_filtered;structurally_curated
nb,v1,1,256,265,bruk,bruk,bruk,unknown,bruk,wordfreq:nb,wordfreq_seeded;deterministically_filtered;structurally_curated
nb,v1,1,257,266,liten,liten,liten,unknown,liten,wordfreq:nb,wordfreq_seeded;deterministically_filtered;structurally_curated
nb,v1,1,258,267,mennesker,mennesker,mennesker,unknown,mennesker,wordfreq:nb,wordfreq_seeded;deterministically_filtered;structurally_curated
nb,v1,1,259,268,satt,satt,satt,unknown,satt,wordfreq:nb,wordfreq_seeded;deterministically_filtered;structurally_curated
nb,v1,1,260,269,synes,synes,synes,unknown,synes,wordfreq:nb,wordfreq_seeded;deterministically_filtered;structurally_curated
nb,v1,1,261,270,vanskelig,vanskelig,vanskelig,unknown,vanskelig,wordfreq:nb,wordfreq_seeded;deterministically_filtered;structurally_curated
nb,v1,1,262,271,ett,ett,ett,unknown,ett,wordfreq:nb,wordfreq_seeded;deterministically_filtered;structurally_curated
nb,v1,1,263,272,prøver,prøver,prøver,unknown,prøver,wordfreq:nb,wordfreq_seeded;deterministically_filtered;structurally_curated
nb,v1,1,264,273,sikkert,sikkert,sikkert,unknown,sikkert,wordfreq:nb,wordfreq_seeded;deterministically_filtered;structurally_curated
nb,v1,1,265,274,vei,vei,vei,unknown,vei,wordfreq:nb,wordfreq_seeded;deterministically_filtered;structurally_curated
nb,v1,1,266,275,altså,altså,altså,unknown,altså,wordfreq:nb,wordfreq_seeded;deterministically_filtered;structurally_curated
nb,v1,1,267,276,ganske,ganske,ganske,unknown,ganske,wordfreq:nb,wordfreq_seeded;deterministically_filtered;structurally_curated
nb,v1,1,268,277,gjorde,gjorde,gjorde,unknown,gjorde,wordfreq:nb,wordfreq_seeded;deterministically_filtered;structurally_curated
nb,v1,1,269,278,videre,videre,videre,unknown,videre,wordfreq:nb,wordfreq_seeded;deterministically_filtered;structurally_curated
nb,v1,1,270,280,brukt,brukt,brukt,unknown,brukt,wordfreq:nb,wordfreq_seeded;deterministically_filtered;structurally_curated
nb,v1,1,271,281,dine,dine,dine,unknown,dine,wordfreq:nb,wordfreq_seeded;deterministically_filtered;structurally_curated
nb,v1,1,272,282,lite,lite,lite,unknown,lite,wordfreq:nb,wordfreq_seeded;deterministically_filtered;structurally_curated
nb,v1,1,273,283,norges,norges,norges,unknown,norges,wordfreq:nb,wordfreq_seeded;deterministically_filtered;structurally_curated
nb,v1,1,274,284,tro,tro,tro,unknown,tro,wordfreq:nb,wordfreq_seeded;deterministically_filtered;structurally_curated
nb,v1,1,275,285,usa,usa,usa,unknown,usa,wordfreq:nb,wordfreq_seeded;deterministically_filtered;structurally_curated
nb,v1,1,276,286,årene,årene,årene,unknown,årene,wordfreq:nb,wordfreq_seeded;deterministically_filtered;structurally_curated
nb,v1,1,277,287,begge,begge,begge,unknown,begge,wordfreq:nb,wordfreq_seeded;deterministically_filtered;structurally_curated
nb,v1,1,278,288,dager,dager,dager,unknown,dager,wordfreq:nb,wordfreq_seeded;deterministically_filtered;structurally_curated
nb,v1,1,279,289,fint,fint,fint,unknown,fint,wordfreq:nb,wordfreq_seeded;deterministically_filtered;structurally_curated
nb,v1,1,280,290,gjelder,gjelder,gjelder,unknown,gjelder,wordfreq:nb,wordfreq_seeded;deterministically_filtered;structurally_curated
nb,v1,1,281,291,landet,landet,landet,unknown,landet,wordfreq:nb,wordfreq_seeded;deterministically_filtered;structurally_curated
nb,v1,1,282,292,nytt,nytt,nytt,unknown,nytt,wordfreq:nb,wordfreq_seeded;deterministically_filtered;structurally_curated
nb,v1,1,283,293,stort,stort,stort,unknown,stort,wordfreq:nb,wordfreq_seeded;deterministically_filtered;structurally_curated
nb,v1,1,284,294,svært,svært,svært,unknown,svært,wordfreq:nb,wordfreq_seeded;deterministically_filtered;structurally_curated
nb,v1,1,285,295,uansett,uansett,uansett,unknown,uansett,wordfreq:nb,wordfreq_seeded;deterministically_filtered;structurally_curated
nb,v1,1,286,296,dårlig,dårlig,dårlig,unknown,dårlig,wordfreq:nb,wordfreq_seeded;deterministically_filtered;structurally_curated
nb,v1,1,287,297,enda,enda,enda,unknown,enda,wordfreq:nb,wordfreq_seeded;deterministically_filtered;structurally_curated
nb,v1,1,288,298,gamle,gamle,gamle,unknown,gamle,wordfreq:nb,wordfreq_seeded;deterministically_filtered;structurally_curated
nb,v1,1,289,299,hjelp,hjelp,hjelp,unknown,hjelp,wordfreq:nb,wordfreq_seeded;deterministically_filtered;structurally_curated
nb,v1,1,290,300,hjem,hjem,hjem,unknown,hjem,wordfreq:nb,wordfreq_seeded;deterministically_filtered;structurally_curated
nb,v1,1,291,301,hvert,hvert,hvert,unknown,hvert,wordfreq:nb,wordfreq_seeded;deterministically_filtered;structurally_curated
nb,v1,1,292,302,håper,håper,håper,unknown,håper,wordfreq:nb,wordfreq_seeded;deterministically_filtered;structurally_curated
nb,v1,1,293,303,kjenner,kjenner,kjenner,unknown,kjenner,wordfreq:nb,wordfreq_seeded;deterministically_filtered;structurally_curated
nb,v1,1,294,304,s,s,s,unknown,s,wordfreq:nb,wordfreq_seeded;deterministically_filtered;structurally_curated
nb,v1,1,295,305,død,død,død,unknown,død,wordfreq:nb,wordfreq_seeded;deterministically_filtered;structurally_curated
nb,v1,1,296,306,faen,faen,faen,unknown,faen,wordfreq:nb,wordfreq_seeded;deterministically_filtered;structurally_curated
nb,v1,1,297,307,fleste,fleste,fleste,unknown,fleste,wordfreq:nb,wordfreq_seeded;deterministically_filtered;structurally_curated
nb,v1,1,298,308,klarer,klarer,klarer,unknown,klarer,wordfreq:nb,wordfreq_seeded;deterministically_filtered;structurally_curated
nb,v1,1,299,309,liv,liv,liv,unknown,liv,wordfreq:nb,wordfreq_seeded;deterministically_filtered;structurally_curated
nb,v1,1,300,310,måte,måte,måte,unknown,måte,wordfreq:nb,wordfreq_seeded;deterministically_filtered;structurally_curated
nb,v1,1,301,311,saken,saken,saken,unknown,saken,wordfreq:nb,wordfreq_seeded;deterministically_filtered;structurally_curated
nb,v1,1,302,312,snakker,snakker,snakker,unknown,snakker,wordfreq:nb,wordfreq_seeded;deterministically_filtered;structurally_curated
nb,v1,1,303,313,sted,sted,sted,unknown,sted,wordfreq:nb,wordfreq_seeded;deterministically_filtered;structurally_curated
nb,v1,1,304,314,tillegg,tillegg,tillegg,unknown,tillegg,wordfreq:nb,wordfreq_seeded;deterministically_filtered;structurally_curated
nb,v1,1,305,315,dagen,dagen,dagen,unknown,dagen,wordfreq:nb,wordfreq_seeded;deterministically_filtered;structurally_curated
nb,v1,1,306,316,legge,legge,legge,unknown,legge,wordfreq:nb,wordfreq_seeded;deterministically_filtered;structurally_curated
nb,v1,1,307,317,slutt,slutt,slutt,unknown,slutt,wordfreq:nb,wordfreq_seeded;deterministically_filtered;structurally_curated
nb,v1,1,308,318,tv,tv,tv,unknown,tv,wordfreq:nb,wordfreq_seeded;deterministically_filtered;structurally_curated
nb,v1,1,309,319,bak,bak,bak,unknown,bak,wordfreq:nb,wordfreq_seeded;deterministically_filtered;structurally_curated
nb,v1,1,310,320,bort,bort,bort,unknown,bort,wordfreq:nb,wordfreq_seeded;deterministically_filtered;structurally_curated
nb,v1,1,311,321,ca,ca,ca,unknown,ca,wordfreq:nb,wordfreq_seeded;deterministically_filtered;structurally_curated
nb,v1,1,312,322,eksempel,eksempel,eksempel,unknown,eksempel,wordfreq:nb,wordfreq_seeded;deterministically_filtered;structurally_curated
nb,v1,1,313,323,fire,fire,fire,unknown,fire,wordfreq:nb,wordfreq_seeded;deterministically_filtered;structurally_curated
nb,v1,1,314,324,føler,føler,føler,unknown,føler,wordfreq:nb,wordfreq_seeded;deterministically_filtered;structurally_curated
nb,v1,1,315,325,kveld,kveld,kveld,unknown,kveld,wordfreq:nb,wordfreq_seeded;deterministically_filtered;structurally_curated
nb,v1,1,316,326,snakke,snakke,snakke,unknown,snakke,wordfreq:nb,wordfreq_seeded;deterministically_filtered;structurally_curated
nb,v1,1,317,328,ingenting,ingenting,ingenting,unknown,ingenting,wordfreq:nb,wordfreq_seeded;deterministically_filtered;structurally_curated
nb,v1,1,318,329,jenter,jenter,jenter,unknown,jenter,wordfreq:nb,wordfreq_seeded;deterministically_filtered;structurally_curated
nb,v1,1,319,330,klart,klart,klart,unknown,klart,wordfreq:nb,wordfreq_seeded;deterministically_filtered;structurally_curated
nb,v1,1,320,331,per,per,per,unknown,per,wordfreq:nb,wordfreq_seeded;deterministically_filtered;structurally_curated
nb,v1,1,321,332,senere,senere,senere,unknown,senere,wordfreq:nb,wordfreq_seeded;deterministically_filtered;structurally_curated
nb,v1,1,322,333,stedet,stedet,stedet,unknown,stedet,wordfreq:nb,wordfreq_seeded;deterministically_filtered;structurally_curated
nb,v1,1,323,335,all,all,all,unknown,all,wordfreq:nb,wordfreq_seeded;deterministically_filtered;structurally_curated
nb,v1,1,324,336,dersom,dersom,dersom,unknown,dersom,wordfreq:nb,wordfreq_seeded;deterministically_filtered;structurally_curated
nb,v1,1,325,337,høyre,høyre,høyre,unknown,høyre,wordfreq:nb,wordfreq_seeded;deterministically_filtered;structurally_curated
nb,v1,1,326,338,personer,personer,personer,unknown,personer,wordfreq:nb,wordfreq_seeded;deterministically_filtered;structurally_curated
nb,v1,1,327,339,riktig,riktig,riktig,unknown,riktig,wordfreq:nb,wordfreq_seeded;deterministically_filtered;structurally_curated
nb,v1,1,328,340,skjønner,skjønner,skjønner,unknown,skjønner,wordfreq:nb,wordfreq_seeded;deterministically_filtered;structurally_curated
nb,v1,1,329,341,brukes,brukes,brukes,unknown,brukes,wordfreq:nb,wordfreq_seeded;deterministically_filtered;structurally_curated
nb,v1,1,330,342,deler,deler,deler,unknown,deler,wordfreq:nb,wordfreq_seeded;deterministically_filtered;structurally_curated
nb,v1,1,331,343,e,e,e,unknown,e,wordfreq:nb,wordfreq_seeded;deterministically_filtered;structurally_curated
nb,v1,1,332,344,følge,følge,følge,unknown,følge,wordfreq:nb,wordfreq_seeded;deterministically_filtered;structurally_curated
nb,v1,1,333,345,gitt,gitt,gitt,unknown,gitt,wordfreq:nb,wordfreq_seeded;deterministically_filtered;structurally_curated
nb,v1,1,334,346,hennes,hennes,hennes,unknown,hennes,wordfreq:nb,wordfreq_seeded;deterministically_filtered;structurally_curated
nb,v1,1,335,347,lett,lett,lett,unknown,lett,wordfreq:nb,wordfreq_seeded;deterministically_filtered;structurally_curated
nb,v1,1,336,348,sette,sette,sette,unknown,sette,wordfreq:nb,wordfreq_seeded;deterministically_filtered;structurally_curated
nb,v1,1,337,349,spesielt,spesielt,spesielt,unknown,spesielt,wordfreq:nb,wordfreq_seeded;deterministically_filtered;structurally_curated
nb,v1,1,338,350,spørsmål,spørsmål,spørsmål,unknown,spørsmål,wordfreq:nb,wordfreq_seeded;deterministically_filtered;structurally_curated
nb,v1,1,339,351,største,største,største,unknown,største,wordfreq:nb,wordfreq_seeded;deterministically_filtered;structurally_curated
nb,v1,1,340,352,begynner,begynner,begynner,unknown,begynner,wordfreq:nb,wordfreq_seeded;deterministically_filtered;structurally_curated
nb,v1,1,341,353,gått,gått,gått,unknown,gått,wordfreq:nb,wordfreq_seeded;deterministically_filtered;structurally_curated
nb,v1,1,342,354,holder,holder,holder,unknown,holder,wordfreq:nb,wordfreq_seeded;deterministically_filtered;structurally_curated
nb,v1,1,343,355,høre,høre,høre,unknown,høre,wordfreq:nb,wordfreq_seeded;deterministically_filtered;structurally_curated
nb,v1,1,344,356,navn,navn,navn,unknown,navn,wordfreq:nb,wordfreq_seeded;deterministically_filtered;structurally_curated
nb,v1,1,345,357,prøve,prøve,prøve,unknown,prøve,wordfreq:nb,wordfreq_seeded;deterministically_filtered;structurally_curated
nb,v1,1,346,358,samtidig,samtidig,samtidig,unknown,samtidig,wordfreq:nb,wordfreq_seeded;deterministically_filtered;structurally_curated
nb,v1,1,347,359,bergen,bergen,bergen,unknown,bergen,wordfreq:nb,wordfreq_seeded;deterministically_filtered;structurally_curated
nb,v1,1,348,360,d,d,d,unknown,d,wordfreq:nb,wordfreq_seeded;deterministically_filtered;structurally_curated
nb,v1,1,349,361,fem,fem,fem,unknown,fem,wordfreq:nb,wordfreq_seeded;deterministically_filtered;structurally_curated
nb,v1,1,350,362,hjelpe,hjelpe,hjelpe,unknown,hjelpe,wordfreq:nb,wordfreq_seeded;deterministically_filtered;structurally_curated
nb,v1,1,351,363,jobber,jobber,jobber,unknown,jobber,wordfreq:nb,wordfreq_seeded;deterministically_filtered;structurally_curated
nb,v1,1,352,364,klar,klar,klar,unknown,klar,wordfreq:nb,wordfreq_seeded;deterministically_filtered;structurally_curated
nb,v1,1,353,365,mål,mål,mål,unknown,mål,wordfreq:nb,wordfreq_seeded;deterministically_filtered;structurally_curated
nb,v1,1,354,366,tenke,tenke,tenke,unknown,tenke,wordfreq:nb,wordfreq_seeded;deterministically_filtered;structurally_curated
nb,v1,1,355,367,tenker,tenker,tenker,unknown,tenker,wordfreq:nb,wordfreq_seeded;deterministically_filtered;structurally_curated
nb,v1,1,356,368,fort,fort,fort,unknown,fort,wordfreq:nb,wordfreq_seeded;deterministically_filtered;structurally_curated
nb,v1,1,357,369,m,m,m,unknown,m,wordfreq:nb,wordfreq_seeded;deterministically_filtered;structurally_curated
nb,v1,1,358,370,mat,mat,mat,unknown,mat,wordfreq:nb,wordfreq_seeded;deterministically_filtered;structurally_curated
nb,v1,1,359,371,side,side,side,unknown,side,wordfreq:nb,wordfreq_seeded;deterministically_filtered;structurally_curated
nb,v1,1,360,372,snart,snart,snart,unknown,snart,wordfreq:nb,wordfreq_seeded;deterministically_filtered;structurally_curated
nb,v1,1,361,373,venner,venner,venner,unknown,venner,wordfreq:nb,wordfreq_seeded;deterministically_filtered;structurally_curated
nb,v1,1,362,375,forhold,forhold,forhold,unknown,forhold,wordfreq:nb,wordfreq_seeded;deterministically_filtered;structurally_curated
nb,v1,1,363,376,funnet,funnet,funnet,unknown,funnet,wordfreq:nb,wordfreq_seeded;deterministically_filtered;structurally_curated
nb,v1,1,364,377,henne,henne,henne,unknown,henne,wordfreq:nb,wordfreq_seeded;deterministically_filtered;structurally_curated
nb,v1,1,365,378,lage,lage,lage,unknown,lage,wordfreq:nb,wordfreq_seeded;deterministically_filtered;structurally_curated
nb,v1,1,366,379,lang,lang,lang,unknown,lang,wordfreq:nb,wordfreq_seeded;deterministically_filtered;structurally_curated
nb,v1,1,367,380,lenger,lenger,lenger,unknown,lenger,wordfreq:nb,wordfreq_seeded;deterministically_filtered;structurally_curated
nb,v1,1,368,381,lese,lese,lese,unknown,lese,wordfreq:nb,wordfreq_seeded;deterministically_filtered;structurally_curated
nb,v1,1,369,382,ord,ord,ord,unknown,ord,wordfreq:nb,wordfreq_seeded;deterministically_filtered;structurally_curated
nb,v1,1,370,383,særlig,særlig,særlig,unknown,særlig,wordfreq:nb,wordfreq_seeded;deterministically_filtered;structurally_curated
nb,v1,1,371,384,utenfor,utenfor,utenfor,unknown,utenfor,wordfreq:nb,wordfreq_seeded;deterministically_filtered;structurally_curated
nb,v1,1,372,385,året,året,året,unknown,året,wordfreq:nb,wordfreq_seeded;deterministically_filtered;structurally_curated
nb,v1,1,373,386,best,best,best,unknown,best,wordfreq:nb,wordfreq_seeded;deterministically_filtered;structurally_curated
nb,v1,1,374,387,lag,lag,lag,unknown,lag,wordfreq:nb,wordfreq_seeded;deterministically_filtered;structurally_curated
nb,v1,1,375,388,millioner,millioner,millioner,unknown,millioner,wordfreq:nb,wordfreq_seeded;deterministically_filtered;structurally_curated
nb,v1,1,376,389,møte,møte,møte,unknown,møte,wordfreq:nb,wordfreq_seeded;deterministically_filtered;structurally_curated
nb,v1,1,377,390,nettopp,nettopp,nettopp,unknown,nettopp,wordfreq:nb,wordfreq_seeded;deterministically_filtered;structurally_curated
nb,v1,1,378,391,spiller,spiller,spiller,unknown,spiller,wordfreq:nb,wordfreq_seeded;deterministically_filtered;structurally_curated
nb,v1,1,379,392,veien,veien,veien,unknown,veien,wordfreq:nb,wordfreq_seeded;deterministically_filtered;structurally_curated
nb,v1,1,380,393,virker,virker,virker,unknown,virker,wordfreq:nb,wordfreq_seeded;deterministically_filtered;structurally_curated
nb,v1,1,381,394,én,én,én,unknown,én,wordfreq:nb,wordfreq_seeded;deterministically_filtered;structurally_curated
nb,v1,1,382,395,byen,byen,byen,unknown,byen,wordfreq:nb,wordfreq_seeded;deterministically_filtered;structurally_curated
nb,v1,1,383,396,dermed,dermed,dermed,unknown,dermed,wordfreq:nb,wordfreq_seeded;deterministically_filtered;structurally_curated
nb,v1,1,384,397,elsker,elsker,elsker,unknown,elsker,wordfreq:nb,wordfreq_seeded;deterministically_filtered;structurally_curated
nb,v1,1,385,398,forskjellige,forskjellige,forskjellige,unknown,forskjellige,wordfreq:nb,wordfreq_seeded;deterministically_filtered;structurally_curated
nb,v1,1,386,399,glad,glad,glad,unknown,glad,wordfreq:nb,wordfreq_seeded;deterministically_filtered;structurally_curated
nb,v1,1,387,400,høy,høy,høy,unknown,høy,wordfreq:nb,wordfreq_seeded;deterministically_filtered;structurally_curated
nb,v1,1,388,401,lov,lov,lov,unknown,lov,wordfreq:nb,wordfreq_seeded;deterministically_filtered;structurally_curated
nb,v1,1,389,402,sitter,sitter,sitter,unknown,sitter,wordfreq:nb,wordfreq_seeded;deterministically_filtered;structurally_curated
nb,v1,1,390,404,enig,enig,enig,unknown,enig,wordfreq:nb,wordfreq_seeded;deterministically_filtered;structurally_curated
nb,v1,1,391,405,fram,fram,fram,unknown,fram,wordfreq:nb,wordfreq_seeded;deterministically_filtered;structurally_curated
nb,v1,1,392,406,hjemme,hjemme,hjemme,unknown,hjemme,wordfreq:nb,wordfreq_seeded;deterministically_filtered;structurally_curated
nb,v1,1,393,407,timer,timer,timer,unknown,timer,wordfreq:nb,wordfreq_seeded;deterministically_filtered;structurally_curated
nb,v1,1,394,408,utrolig,utrolig,utrolig,unknown,utrolig,wordfreq:nb,wordfreq_seeded;deterministically_filtered;structurally_curated
nb,v1,1,395,409,vårt,vårt,vårt,unknown,vårt,wordfreq:nb,wordfreq_seeded;deterministically_filtered;structurally_curated
nb,v1,1,396,410,døde,døde,døde,unknown,døde,wordfreq:nb,wordfreq_seeded;deterministically_filtered;structurally_curated
nb,v1,1,397,411,hverandre,hverandre,hverandre,unknown,hverandre,wordfreq:nb,wordfreq_seeded;deterministically_filtered;structurally_curated
nb,v1,1,398,412,kort,kort,kort,unknown,kort,wordfreq:nb,wordfreq_seeded;deterministically_filtered;structurally_curated
nb,v1,1,399,413,leder,leder,leder,unknown,leder,wordfreq:nb,wordfreq_seeded;deterministically_filtered;structurally_curated
nb,v1,1,400,414,of,of,of,unknown,of,wordfreq:nb,wordfreq_seeded;deterministically_filtered;structurally_curated
nb,v1,1,401,415,samt,samt,samt,unknown,samt,wordfreq:nb,wordfreq_seeded;deterministically_filtered;structurally_curated
nb,v1,1,402,416,tallet,tallet,tallet,unknown,tallet,wordfreq:nb,wordfreq_seeded;deterministically_filtered;structurally_curated
nb,v1,1,403,417,vanlig,vanlig,vanlig,unknown,vanlig,wordfreq:nb,wordfreq_seeded;deterministically_filtered;structurally_curated
nb,v1,1,404,418,vant,vant,vant,unknown,vant,wordfreq:nb,wordfreq_seeded;deterministically_filtered;structurally_curated
nb,v1,1,405,419,vise,vise,vise,unknown,vise,wordfreq:nb,wordfreq_seeded;deterministically_filtered;structurally_curated
nb,v1,1,406,420,vite,vite,vite,unknown,vite,wordfreq:nb,wordfreq_seeded;deterministically_filtered;structurally_curated
nb,v1,1,407,421,ellers,ellers,ellers,unknown,ellers,wordfreq:nb,wordfreq_seeded;deterministically_filtered;structurally_curated
nb,v1,1,408,422,innen,innen,innen,unknown,innen,wordfreq:nb,wordfreq_seeded;deterministically_filtered;structurally_curated
nb,v1,1,409,423,likevel,likevel,likevel,unknown,likevel,wordfreq:nb,wordfreq_seeded;deterministically_filtered;structurally_curated
nb,v1,1,410,424,løpet,løpet,løpet,unknown,løpet,wordfreq:nb,wordfreq_seeded;deterministically_filtered;structurally_curated
nb,v1,1,411,425,sagt,sagt,sagt,unknown,sagt,wordfreq:nb,wordfreq_seeded;deterministically_filtered;structurally_curated
nb,v1,1,412,426,sverige,sverige,sverige,unknown,sverige,wordfreq:nb,wordfreq_seeded;deterministically_filtered;structurally_curated
nb,v1,1,413,427,kommet,kommet,kommet,unknown,kommet,wordfreq:nb,wordfreq_seeded;deterministically_filtered;structurally_curated
nb,v1,1,414,428,morgen,morgen,morgen,unknown,morgen,wordfreq:nb,wordfreq_seeded;deterministically_filtered;structurally_curated
nb,v1,1,415,429,skole,skole,skole,unknown,skole,wordfreq:nb,wordfreq_seeded;deterministically_filtered;structurally_curated
nb,v1,1,416,430,fant,fant,fant,unknown,fant,wordfreq:nb,wordfreq_seeded;deterministically_filtered;structurally_curated
nb,v1,1,417,431,legger,legger,legger,unknown,legger,wordfreq:nb,wordfreq_seeded;deterministically_filtered;structurally_curated
nb,v1,1,418,432,skolen,skolen,skolen,unknown,skolen,wordfreq:nb,wordfreq_seeded;deterministically_filtered;structurally_curated
nb,v1,1,419,433,støtte,støtte,støtte,unknown,støtte,wordfreq:nb,wordfreq_seeded;deterministically_filtered;structurally_curated
nb,v1,1,420,434,tidlig,tidlig,tidlig,unknown,tidlig,wordfreq:nb,wordfreq_seeded;deterministically_filtered;structurally_curated
nb,v1,1,421,435,unge,unge,unge,unknown,unge,wordfreq:nb,wordfreq_seeded;deterministically_filtered;structurally_curated
nb,v1,1,422,436,valg,valg,valg,unknown,valg,wordfreq:nb,wordfreq_seeded;deterministically_filtered;structurally_curated
nb,v1,1,423,437,dagens,dagens,dagens,unknown,dagens,wordfreq:nb,wordfreq_seeded;deterministically_filtered;structurally_curated
nb,v1,1,424,438,egne,egne,egne,unknown,egne,wordfreq:nb,wordfreq_seeded;deterministically_filtered;structurally_curated
nb,v1,1,425,439,enkelt,enkelt,enkelt,unknown,enkelt,wordfreq:nb,wordfreq_seeded;deterministically_filtered;structurally_curated
nb,v1,1,426,440,full,full,full,unknown,full,wordfreq:nb,wordfreq_seeded;deterministically_filtered;structurally_curated
nb,v1,1,427,441,kommune,kommune,kommune,unknown,kommune,wordfreq:nb,wordfreq_seeded;deterministically_filtered;structurally_curated
nb,v1,1,428,442,slike,slike,slike,unknown,slike,wordfreq:nb,wordfreq_seeded;deterministically_filtered;structurally_curated
nb,v1,1,429,443,bilder,bilder,bilder,unknown,bilder,wordfreq:nb,wordfreq_seeded;deterministically_filtered;structurally_curated
nb,v1,1,430,444,fall,fall,fall,unknown,fall,wordfreq:nb,wordfreq_seeded;deterministically_filtered;structurally_curated
nb,v1,1,431,445,fotball,fotball,fotball,unknown,fotball,wordfreq:nb,wordfreq_seeded;deterministically_filtered;structurally_curated
nb,v1,1,432,446,hei,hei,hei,unknown,hei,wordfreq:nb,wordfreq_seeded;deterministically_filtered;structurally_curated
nb,v1,1,433,447,nrk,nrk,nrk,unknown,nrk,wordfreq:nb,wordfreq_seeded;deterministically_filtered;structurally_curated
nb,v1,1,434,448,person,person,person,unknown,person,wordfreq:nb,wordfreq_seeded;deterministically_filtered;structurally_curated
nb,v1,1,435,449,setter,setter,setter,unknown,setter,wordfreq:nb,wordfreq_seeded;deterministically_filtered;structurally_curated
nb,v1,1,436,450,skriver,skriver,skriver,unknown,skriver,wordfreq:nb,wordfreq_seeded;deterministically_filtered;structurally_curated
nb,v1,1,437,451,stå,stå,stå,unknown,stå,wordfreq:nb,wordfreq_seeded;deterministically_filtered;structurally_curated
nb,v1,1,438,452,form,form,form,unknown,form,wordfreq:nb,wordfreq_seeded;deterministically_filtered;structurally_curated
nb,v1,1,439,453,helst,helst,helst,unknown,helst,wordfreq:nb,wordfreq_seeded;deterministically_filtered;structurally_curated
nb,v1,1,440,454,høyere,høyere,høyere,unknown,høyere,wordfreq:nb,wordfreq_seeded;deterministically_filtered;structurally_curated
nb,v1,1,441,455,jobbe,jobbe,jobbe,unknown,jobbe,wordfreq:nb,wordfreq_seeded;deterministically_filtered;structurally_curated
nb,v1,1,442,456,minst,minst,minst,unknown,minst,wordfreq:nb,wordfreq_seeded;deterministically_filtered;structurally_curated
nb,v1,1,443,457,nord,nord,nord,unknown,nord,wordfreq:nb,wordfreq_seeded;deterministically_filtered;structurally_curated
nb,v1,1,444,458,selvfølgelig,selvfølgelig,selvfølgelig,unknown,selvfølgelig,wordfreq:nb,wordfreq_seeded;deterministically_filtered;structurally_curated
nb,v1,1,445,459,begynte,begynte,begynte,unknown,begynte,wordfreq:nb,wordfreq_seeded;deterministically_filtered;structurally_curated
nb,v1,1,446,460,europa,europa,europa,unknown,europa,wordfreq:nb,wordfreq_seeded;deterministically_filtered;structurally_curated
nb,v1,1,447,461,ferdig,ferdig,ferdig,unknown,ferdig,wordfreq:nb,wordfreq_seeded;deterministically_filtered;structurally_curated
nb,v1,1,448,462,frp,frp,frp,unknown,frp,wordfreq:nb,wordfreq_seeded;deterministically_filtered;structurally_curated
nb,v1,1,449,463,hvilken,hvilken,hvilken,unknown,hvilken,wordfreq:nb,wordfreq_seeded;deterministically_filtered;structurally_curated
nb,v1,1,450,464,lagt,lagt,lagt,unknown,lagt,wordfreq:nb,wordfreq_seeded;deterministically_filtered;structurally_curated
nb,v1,1,451,465,lei,lei,lei,unknown,lei,wordfreq:nb,wordfreq_seeded;deterministically_filtered;structurally_curated
nb,v1,1,452,466,lære,lære,lære,unknown,lære,wordfreq:nb,wordfreq_seeded;deterministically_filtered;structurally_curated
nb,v1,1,453,467,minutter,minutter,minutter,unknown,minutter,wordfreq:nb,wordfreq_seeded;deterministically_filtered;structurally_curated
nb,v1,1,454,468,par,par,par,unknown,par,wordfreq:nb,wordfreq_seeded;deterministically_filtered;structurally_curated
nb,v1,1,455,469,politikk,politikk,politikk,unknown,politikk,wordfreq:nb,wordfreq_seeded;deterministically_filtered;structurally_curated
nb,v1,1,456,470,vær,vær,vær,unknown,vær,wordfreq:nb,wordfreq_seeded;deterministically_filtered;structurally_curated
nb,v1,1,457,471,familien,familien,familien,unknown,familien,wordfreq:nb,wordfreq_seeded;deterministically_filtered;structurally_curated
nb,v1,1,458,472,flott,flott,flott,unknown,flott,wordfreq:nb,wordfreq_seeded;deterministically_filtered;structurally_curated
nb,v1,1,459,473,følger,følger,følger,unknown,følger,wordfreq:nb,wordfreq_seeded;deterministically_filtered;structurally_curated
nb,v1,1,460,474,gammel,gammel,gammel,unknown,gammel,wordfreq:nb,wordfreq_seeded;deterministically_filtered;structurally_curated
nb,v1,1,461,475,regjeringen,regjeringen,regjeringen,unknown,regjeringen,wordfreq:nb,wordfreq_seeded;deterministically_filtered;structurally_curated
nb,v1,1,462,476,skrevet,skrevet,skrevet,unknown,skrevet,wordfreq:nb,wordfreq_seeded;deterministically_filtered;structurally_curated
nb,v1,1,463,477,små,små,små,unknown,små,wordfreq:nb,wordfreq_seeded;deterministically_filtered;structurally_curated
nb,v1,1,464,478,trodde,trodde,trodde,unknown,trodde,wordfreq:nb,wordfreq_seeded;deterministically_filtered;structurally_curated
nb,v1,1,465,479,ulike,ulike,ulike,unknown,ulike,wordfreq:nb,wordfreq_seeded;deterministically_filtered;structurally_curated
nb,v1,1,466,480,unna,unna,unna,unknown,unna,wordfreq:nb,wordfreq_seeded;deterministically_filtered;structurally_curated
nb,v1,1,467,481,bil,bil,bil,unknown,bil,wordfreq:nb,wordfreq_seeded;deterministically_filtered;structurally_curated
nb,v1,1,468,482,c,c,c,unknown,c,wordfreq:nb,wordfreq_seeded;deterministically_filtered;structurally_curated
nb,v1,1,469,483,dra,dra,dra,unknown,dra,wordfreq:nb,wordfreq_seeded;deterministically_filtered;structurally_curated
nb,v1,1,470,484,ga,ga,ga,unknown,ga,wordfreq:nb,wordfreq_seeded;deterministically_filtered;structurally_curated
nb,v1,1,471,485,handler,handler,handler,unknown,handler,wordfreq:nb,wordfreq_seeded;deterministically_filtered;structurally_curated
nb,v1,1,472,486,klare,klare,klare,unknown,klare,wordfreq:nb,wordfreq_seeded;deterministically_filtered;structurally_curated
nb,v1,1,473,487,kroner,kroner,kroner,unknown,kroner,wordfreq:nb,wordfreq_seeded;deterministically_filtered;structurally_curated
nb,v1,1,474,488,ok,ok,ok,unknown,ok,wordfreq:nb,wordfreq_seeded;deterministically_filtered;structurally_curated
nb,v1,1,475,489,spill,spill,spill,unknown,spill,wordfreq:nb,wordfreq_seeded;deterministically_filtered;structurally_curated
nb,v1,1,476,490,stille,stille,stille,unknown,stille,wordfreq:nb,wordfreq_seeded;deterministically_filtered;structurally_curated
nb,v1,1,477,491,ti,ti,ti,unknown,ti,wordfreq:nb,wordfreq_seeded;deterministically_filtered;structurally_curated
nb,v1,1,478,492,via,via,via,unknown,via,wordfreq:nb,wordfreq_seeded;deterministically_filtered;structurally_curated
nb,v1,1,479,493,alene,alene,alene,unknown,alene,wordfreq:nb,wordfreq_seeded;deterministically_filtered;structurally_curated
nb,v1,1,480,494,arbeid,arbeid,arbeid,unknown,arbeid,wordfreq:nb,wordfreq_seeded;deterministically_filtered;structurally_curated
nb,v1,1,481,495,eget,eget,eget,unknown,eget,wordfreq:nb,wordfreq_seeded;deterministically_filtered;structurally_curated
nb,v1,1,482,496,enkelte,enkelte,enkelte,unknown,enkelte,wordfreq:nb,wordfreq_seeded;deterministically_filtered;structurally_curated
nb,v1,1,483,497,hjelper,hjelper,hjelper,unknown,hjelper,wordfreq:nb,wordfreq_seeded;deterministically_filtered;structurally_curated
nb,v1,1,484,498,inne,inne,inne,unknown,inne,wordfreq:nb,wordfreq_seeded;deterministically_filtered;structurally_curated
nb,v1,1,485,499,problemer,problemer,problemer,unknown,problemer,wordfreq:nb,wordfreq_seeded;deterministically_filtered;structurally_curated
nb,v1,1,486,500,skrive,skrive,skrive,unknown,skrive,wordfreq:nb,wordfreq_seeded;deterministically_filtered;structurally_curated
nb,v1,1,487,501,åpne,åpne,åpne,unknown,åpne,wordfreq:nb,wordfreq_seeded;deterministically_filtered;structurally_curated
nb,v1,1,488,502,antall,antall,antall,unknown,antall,wordfreq:nb,wordfreq_seeded;deterministically_filtered;structurally_curated
nb,v1,1,489,503,foran,foran,foran,unknown,foran,wordfreq:nb,wordfreq_seeded;deterministically_filtered;structurally_curated
nb,v1,1,490,504,grad,grad,grad,unknown,grad,wordfreq:nb,wordfreq_seeded;deterministically_filtered;structurally_curated
nb,v1,1,491,505,husker,husker,husker,unknown,husker,wordfreq:nb,wordfreq_seeded;deterministically_filtered;structurally_curated
nb,v1,1,492,506,hører,hører,hører,unknown,hører,wordfreq:nb,wordfreq_seeded;deterministically_filtered;structurally_curated
nb,v1,1,493,507,jobben,jobben,jobben,unknown,jobben,wordfreq:nb,wordfreq_seeded;deterministically_filtered;structurally_curated
nb,v1,1,494,508,lever,lever,lever,unknown,lever,wordfreq:nb,wordfreq_seeded;deterministically_filtered;structurally_curated
nb,v1,1,495,509,navnet,navnet,navnet,unknown,navnet,wordfreq:nb,wordfreq_seeded;deterministically_filtered;structurally_curated
nb,v1,1,496,510,resten,resten,resten,unknown,resten,wordfreq:nb,wordfreq_seeded;deterministically_filtered;structurally_curated
nb,v1,1,497,511,spille,spille,spille,unknown,spille,wordfreq:nb,wordfreq_seeded;deterministically_filtered;structurally_curated
nb,v1,1,498,512,tur,tur,tur,unknown,tur,wordfreq:nb,wordfreq_seeded;deterministically_filtered;structurally_curated
nb,v1,1,499,513,uke,uke,uke,unknown,uke,wordfreq:nb,wordfreq_seeded;deterministically_filtered;structurally_curated
nb,v1,1,500,514,verdens,verdens,verdens,unknown,verdens,wordfreq:nb,wordfreq_seeded;deterministically_filtered;structurally_curated
nb,v1,1,501,515,basert,basert,basert,unknown,basert,wordfreq:nb,wordfreq_seeded;deterministically_filtered;structurally_curated
nb,v1,1,502,516,fast,fast,fast,unknown,fast,wordfreq:nb,wordfreq_seeded;deterministically_filtered;structurally_curated
nb,v1,1,503,517,holdt,holdt,holdt,unknown,holdt,wordfreq:nb,wordfreq_seeded;deterministically_filtered;structurally_curated
nb,v1,1,504,518,høyt,høyt,høyt,unknown,høyt,wordfreq:nb,wordfreq_seeded;deterministically_filtered;structurally_curated
nb,v1,1,505,519,kjøre,kjøre,kjøre,unknown,kjøre,wordfreq:nb,wordfreq_seeded;deterministically_filtered;structurally_curated
nb,v1,1,506,520,området,området,området,unknown,området,wordfreq:nb,wordfreq_seeded;deterministically_filtered;structurally_curated
nb,v1,1,507,521,rekke,rekke,rekke,unknown,rekke,wordfreq:nb,wordfreq_seeded;deterministically_filtered;structurally_curated
nb,v1,1,508,522,svar,svar,svar,unknown,svar,wordfreq:nb,wordfreq_seeded;deterministically_filtered;structurally_curated
nb,v1,1,509,523,ei,ei,ei,unknown,ei,wordfreq:nb,wordfreq_seeded;deterministically_filtered;structurally_curated
nb,v1,1,510,524,forstår,forstår,forstår,unknown,forstår,wordfreq:nb,wordfreq_seeded;deterministically_filtered;structurally_curated
nb,v1,1,511,525,født,født,født,unknown,født,wordfreq:nb,wordfreq_seeded;deterministically_filtered;structurally_curated
nb,v1,1,512,526,hodet,hodet,hodet,unknown,hodet,wordfreq:nb,wordfreq_seeded;deterministically_filtered;structurally_curated
nb,v1,1,513,527,in,in,in,unknown,in,wordfreq:nb,wordfreq_seeded;deterministically_filtered;structurally_curated
nb,v1,1,514,528,poeng,poeng,poeng,unknown,poeng,wordfreq:nb,wordfreq_seeded;deterministically_filtered;structurally_curated
nb,v1,1,515,529,skjedde,skjedde,skjedde,unknown,skjedde,wordfreq:nb,wordfreq_seeded;deterministically_filtered;structurally_curated
nb,v1,1,516,530,spør,spør,spør,unknown,spør,wordfreq:nb,wordfreq_seeded;deterministically_filtered;structurally_curated
nb,v1,1,517,531,vann,vann,vann,unknown,vann,wordfreq:nb,wordfreq_seeded;deterministically_filtered;structurally_curated
nb,v1,1,518,532,arbeidet,arbeidet,arbeidet,unknown,arbeidet,wordfreq:nb,wordfreq_seeded;deterministically_filtered;structurally_curated
nb,v1,1,519,533,bilde,bilde,bilde,unknown,bilde,wordfreq:nb,wordfreq_seeded;deterministically_filtered;structurally_curated
nb,v1,1,520,534,direkte,direkte,direkte,unknown,direkte,wordfreq:nb,wordfreq_seeded;deterministically_filtered;structurally_curated
nb,v1,1,521,535,fin,fin,fin,unknown,fin,wordfreq:nb,wordfreq_seeded;deterministically_filtered;structurally_curated
nb,v1,1,522,536,kjører,kjører,kjører,unknown,kjører,wordfreq:nb,wordfreq_seeded;deterministically_filtered;structurally_curated
nb,v1,1,523,537,kl,kl,kl,unknown,kl,wordfreq:nb,wordfreq_seeded;deterministically_filtered;structurally_curated
nb,v1,1,524,538,lyst,lyst,lyst,unknown,lyst,wordfreq:nb,wordfreq_seeded;deterministically_filtered;structurally_curated
nb,v1,1,525,539,p,p,p,unknown,p,wordfreq:nb,wordfreq_seeded;deterministically_filtered;structurally_curated
nb,v1,1,526,540,sak,sak,sak,unknown,sak,wordfreq:nb,wordfreq_seeded;deterministically_filtered;structurally_curated
nb,v1,1,527,541,slags,slags,slags,unknown,slags,wordfreq:nb,wordfreq_seeded;deterministically_filtered;structurally_curated
nb,v1,1,528,542,stemmer,stemmer,stemmer,unknown,stemmer,wordfreq:nb,wordfreq_seeded;deterministically_filtered;structurally_curated
nb,v1,1,529,543,tenk,tenk,tenk,unknown,tenk,wordfreq:nb,wordfreq_seeded;deterministically_filtered;structurally_curated
nb,v1,1,530,544,an,an,an,unknown,an,wordfreq:nb,wordfreq_seeded;deterministically_filtered;structurally_curated
nb,v1,1,531,545,ap,ap,ap,unknown,ap,wordfreq:nb,wordfreq_seeded;deterministically_filtered;structurally_curated
nb,v1,1,532,546,begynne,begynne,begynne,unknown,begynne,wordfreq:nb,wordfreq_seeded;deterministically_filtered;structurally_curated
nb,v1,1,533,547,bilen,bilen,bilen,unknown,bilen,wordfreq:nb,wordfreq_seeded;deterministically_filtered;structurally_curated
nb,v1,1,534,548,by,by,by,unknown,by,wordfreq:nb,wordfreq_seeded;deterministically_filtered;structurally_curated
nb,v1,1,535,549,kvinne,kvinne,kvinne,unknown,kvinne,wordfreq:nb,wordfreq_seeded;deterministically_filtered;structurally_curated
nb,v1,1,536,550,leve,leve,leve,unknown,leve,wordfreq:nb,wordfreq_seeded;deterministically_filtered;structurally_curated
nb,v1,1,537,551,spise,spise,spise,unknown,spise,wordfreq:nb,wordfreq_seeded;deterministically_filtered;structurally_curated
nb,v1,1,538,552,startet,startet,startet,unknown,startet,wordfreq:nb,wordfreq_seeded;deterministically_filtered;structurally_curated
nb,v1,1,539,553,barna,barna,barna,unknown,barna,wordfreq:nb,wordfreq_seeded;deterministically_filtered;structurally_curated
nb,v1,1,540,554,dessverre,dessverre,dessverre,unknown,dessverre,wordfreq:nb,wordfreq_seeded;deterministically_filtered;structurally_curated
nb,v1,1,541,555,høres,høres,høres,unknown,høres,wordfreq:nb,wordfreq_seeded;deterministically_filtered;structurally_curated
nb,v1,1,542,556,hørt,hørt,hørt,unknown,hørt,wordfreq:nb,wordfreq_seeded;deterministically_filtered;structurally_curated
nb,v1,1,543,557,jente,jente,jente,unknown,jente,wordfreq:nb,wordfreq_seeded;deterministically_filtered;structurally_curated
nb,v1,1,544,558,masse,masse,masse,unknown,masse,wordfreq:nb,wordfreq_seeded;deterministically_filtered;structurally_curated
nb,v1,1,545,559,seks,seks,seks,unknown,seks,wordfreq:nb,wordfreq_seeded;deterministically_filtered;structurally_curated
nb,v1,1,546,560,steder,steder,steder,unknown,steder,wordfreq:nb,wordfreq_seeded;deterministically_filtered;structurally_curated
nb,v1,1,547,561,syns,syns,syns,unknown,syns,wordfreq:nb,wordfreq_seeded;deterministically_filtered;structurally_curated
nb,v1,1,548,562,trondheim,trondheim,trondheim,unknown,trondheim,wordfreq:nb,wordfreq_seeded;deterministically_filtered;structurally_curated
nb,v1,1,549,564,and,and,and,unknown,and,wordfreq:nb,wordfreq_seeded;deterministically_filtered;structurally_curated
nb,v1,1,550,565,bor,bor,bor,unknown,bor,wordfreq:nb,wordfreq_seeded;deterministically_filtered;structurally_curated
nb,v1,1,551,566,driver,driver,driver,unknown,driver,wordfreq:nb,wordfreq_seeded;deterministically_filtered;structurally_curated
nb,v1,1,552,567,fantastisk,fantastisk,fantastisk,unknown,fantastisk,wordfreq:nb,wordfreq_seeded;deterministically_filtered;structurally_curated
nb,v1,1,553,568,forstå,forstå,forstå,unknown,forstå,wordfreq:nb,wordfreq_seeded;deterministically_filtered;structurally_curated
nb,v1,1,554,569,imot,imot,imot,unknown,imot,wordfreq:nb,wordfreq_seeded;deterministically_filtered;structurally_curated
nb,v1,1,555,570,is,is,is,unknown,is,wordfreq:nb,wordfreq_seeded;deterministically_filtered;structurally_curated
nb,v1,1,556,571,musikk,musikk,musikk,unknown,musikk,wordfreq:nb,wordfreq_seeded;deterministically_filtered;structurally_curated
nb,v1,1,557,572,pris,pris,pris,unknown,pris,wordfreq:nb,wordfreq_seeded;deterministically_filtered;structurally_curated
nb,v1,1,558,573,t,t,t,unknown,t,wordfreq:nb,wordfreq_seeded;deterministically_filtered;structurally_curated
nb,v1,1,559,574,venstre,venstre,venstre,unknown,venstre,wordfreq:nb,wordfreq_seeded;deterministically_filtered;structurally_curated
nb,v1,1,560,575,ønske,ønske,ønske,unknown,ønske,wordfreq:nb,wordfreq_seeded;deterministically_filtered;structurally_curated
nb,v1,1,561,576,ekstra,ekstra,ekstra,unknown,ekstra,wordfreq:nb,wordfreq_seeded;deterministically_filtered;structurally_curated
nb,v1,1,562,577,heter,heter,heter,unknown,heter,wordfreq:nb,wordfreq_seeded;deterministically_filtered;structurally_curated
nb,v1,1,563,578,informasjon,informasjon,informasjon,unknown,informasjon,wordfreq:nb,wordfreq_seeded;deterministically_filtered;structurally_curated
nb,v1,1,564,579,innenfor,innenfor,innenfor,unknown,innenfor,wordfreq:nb,wordfreq_seeded;deterministically_filtered;structurally_curated
nb,v1,1,565,580,kjente,kjente,kjente,unknown,kjente,wordfreq:nb,wordfreq_seeded;deterministically_filtered;structurally_curated
nb,v1,1,566,581,kultur,kultur,kultur,unknown,kultur,wordfreq:nb,wordfreq_seeded;deterministically_filtered;structurally_curated
nb,v1,1,567,582,mai,mai,mai,unknown,mai,wordfreq:nb,wordfreq_seeded;deterministically_filtered;structurally_curated
nb,v1,1,568,583,sant,sant,sant,unknown,sant,wordfreq:nb,wordfreq_seeded;deterministically_filtered;structurally_curated
nb,v1,1,569,584,selvsagt,selvsagt,selvsagt,unknown,selvsagt,wordfreq:nb,wordfreq_seeded;deterministically_filtered;structurally_curated
nb,v1,1,570,585,sende,sende,sende,unknown,sende,wordfreq:nb,wordfreq_seeded;deterministically_filtered;structurally_curated
nb,v1,1,571,586,tross,tross,tross,unknown,tross,wordfreq:nb,wordfreq_seeded;deterministically_filtered;structurally_curated
nb,v1,1,572,587,økt,økt,økt,unknown,økt,wordfreq:nb,wordfreq_seeded;deterministically_filtered;structurally_curated
nb,v1,1,573,588,deretter,deretter,deretter,unknown,deretter,wordfreq:nb,wordfreq_seeded;deterministically_filtered;structurally_curated
nb,v1,1,574,589,gratis,gratis,gratis,unknown,gratis,wordfreq:nb,wordfreq_seeded;deterministically_filtered;structurally_curated
nb,v1,1,575,590,gutter,gutter,gutter,unknown,gutter,wordfreq:nb,wordfreq_seeded;deterministically_filtered;structurally_curated
nb,v1,1,576,591,natt,natt,natt,unknown,natt,wordfreq:nb,wordfreq_seeded;deterministically_filtered;structurally_curated
nb,v1,1,577,592,politisk,politisk,politisk,unknown,politisk,wordfreq:nb,wordfreq_seeded;deterministically_filtered;structurally_curated
nb,v1,1,578,593,problem,problem,problem,unknown,problem,wordfreq:nb,wordfreq_seeded;deterministically_filtered;structurally_curated
nb,v1,1,579,594,rart,rart,rart,unknown,rart,wordfreq:nb,wordfreq_seeded;deterministically_filtered;structurally_curated
nb,v1,1,580,595,råd,råd,råd,unknown,råd,wordfreq:nb,wordfreq_seeded;deterministically_filtered;structurally_curated
nb,v1,1,581,596,skje,skje,skje,unknown,skje,wordfreq:nb,wordfreq_seeded;deterministically_filtered;structurally_curated
nb,v1,1,582,597,spennende,spennende,spennende,unknown,spennende,wordfreq:nb,wordfreq_seeded;deterministically_filtered;structurally_curated
nb,v1,1,583,598,stadig,stadig,stadig,unknown,stadig,wordfreq:nb,wordfreq_seeded;deterministically_filtered;structurally_curated
nb,v1,1,584,599,uker,uker,uker,unknown,uker,wordfreq:nb,wordfreq_seeded;deterministically_filtered;structurally_curated
nb,v1,1,585,600,viktigste,viktigste,viktigste,unknown,viktigste,wordfreq:nb,wordfreq_seeded;deterministically_filtered;structurally_curated
nb,v1,1,586,601,as,as,as,unknown,as,wordfreq:nb,wordfreq_seeded;deterministically_filtered;structurally_curated
nb,v1,1,587,602,betale,betale,betale,unknown,betale,wordfreq:nb,wordfreq_seeded;deterministically_filtered;structurally_curated
nb,v1,1,588,603,mulighet,mulighet,mulighet,unknown,mulighet,wordfreq:nb,wordfreq_seeded;deterministically_filtered;structurally_curated
nb,v1,1,589,604,pengene,pengene,pengene,unknown,pengene,wordfreq:nb,wordfreq_seeded;deterministically_filtered;structurally_curated
nb,v1,1,590,605,sist,sist,sist,unknown,sist,wordfreq:nb,wordfreq_seeded;deterministically_filtered;structurally_curated
nb,v1,1,591,606,tusen,tusen,tusen,unknown,tusen,wordfreq:nb,wordfreq_seeded;deterministically_filtered;structurally_curated
nb,v1,1,592,607,velge,velge,velge,unknown,velge,wordfreq:nb,wordfreq_seeded;deterministically_filtered;structurally_curated
nb,v1,1,593,608,ansvar,ansvar,ansvar,unknown,ansvar,wordfreq:nb,wordfreq_seeded;deterministically_filtered;structurally_curated
nb,v1,1,594,609,b,b,b,unknown,b,wordfreq:nb,wordfreq_seeded;deterministically_filtered;structurally_curated
nb,v1,1,595,610,bildet,bildet,bildet,unknown,bildet,wordfreq:nb,wordfreq_seeded;deterministically_filtered;structurally_curated
nb,v1,1,596,611,drept,drept,drept,unknown,drept,wordfreq:nb,wordfreq_seeded;deterministically_filtered;structurally_curated
nb,v1,1,597,612,familie,familie,familie,unknown,familie,wordfreq:nb,wordfreq_seeded;deterministically_filtered;structurally_curated
nb,v1,1,598,613,galt,galt,galt,unknown,galt,wordfreq:nb,wordfreq_seeded;deterministically_filtered;structurally_curated
nb,v1,1,599,614,historie,historie,historie,unknown,historie,wordfreq:nb,wordfreq_seeded;deterministically_filtered;structurally_curated
nb,v1,1,600,615,kontroll,kontroll,kontroll,unknown,kontroll,wordfreq:nb,wordfreq_seeded;deterministically_filtered;structurally_curated
nb,v1,1,601,616,krav,krav,krav,unknown,krav,wordfreq:nb,wordfreq_seeded;deterministically_filtered;structurally_curated
nb,v1,1,602,617,skikkelig,skikkelig,skikkelig,unknown,skikkelig,wordfreq:nb,wordfreq_seeded;deterministically_filtered;structurally_curated
nb,v1,1,603,618,sør,sør,sør,unknown,sør,wordfreq:nb,wordfreq_seeded;deterministically_filtered;structurally_curated
nb,v1,1,604,619,absolutt,absolutt,absolutt,unknown,absolutt,wordfreq:nb,wordfreq_seeded;deterministically_filtered;structurally_curated
nb,v1,1,605,620,brukte,brukte,brukte,unknown,brukte,wordfreq:nb,wordfreq_seeded;deterministically_filtered;structurally_curated
nb,v1,1,606,621,eldre,eldre,eldre,unknown,eldre,wordfreq:nb,wordfreq_seeded;deterministically_filtered;structurally_curated
nb,v1,1,607,622,f,f,f,unknown,f,wordfreq:nb,wordfreq_seeded;deterministically_filtered;structurally_curated
nb,v1,1,608,623,film,film,film,unknown,film,wordfreq:nb,wordfreq_seeded;deterministically_filtered;structurally_curated
nb,v1,1,609,624,kontakt,kontakt,kontakt,unknown,kontakt,wordfreq:nb,wordfreq_seeded;deterministically_filtered;structurally_curated
nb,v1,1,610,625,måten,måten,måten,unknown,måten,wordfreq:nb,wordfreq_seeded;deterministically_filtered;structurally_curated
nb,v1,1,611,626,sex,sex,sex,unknown,sex,wordfreq:nb,wordfreq_seeded;deterministically_filtered;structurally_curated
nb,v1,1,612,627,sikker,sikker,sikker,unknown,sikker,wordfreq:nb,wordfreq_seeded;deterministically_filtered;structurally_curated
nb,v1,1,613,628,kaller,kaller,kaller,unknown,kaller,wordfreq:nb,wordfreq_seeded;deterministically_filtered;structurally_curated
nb,v1,1,614,629,les,les,les,unknown,les,wordfreq:nb,wordfreq_seeded;deterministically_filtered;structurally_curated
nb,v1,1,615,630,måneder,måneder,måneder,unknown,måneder,wordfreq:nb,wordfreq_seeded;deterministically_filtered;structurally_curated
nb,v1,1,616,631,møter,møter,møter,unknown,møter,wordfreq:nb,wordfreq_seeded;deterministically_filtered;structurally_curated
nb,v1,1,617,632,pga,pga,pga,unknown,pga,wordfreq:nb,wordfreq_seeded;deterministically_filtered;structurally_curated
nb,v1,1,618,633,prosent,prosent,prosent,unknown,prosent,wordfreq:nb,wordfreq_seeded;deterministically_filtered;structurally_curated
nb,v1,1,619,634,søker,søker,søker,unknown,søker,wordfreq:nb,wordfreq_seeded;deterministically_filtered;structurally_curated
nb,v1,1,620,635,sønn,sønn,sønn,unknown,sønn,wordfreq:nb,wordfreq_seeded;deterministically_filtered;structurally_curated
nb,v1,1,621,636,ansatte,ansatte,ansatte,unknown,ansatte,wordfreq:nb,wordfreq_seeded;deterministically_filtered;structurally_curated
nb,v1,1,622,637,borte,borte,borte,unknown,borte,wordfreq:nb,wordfreq_seeded;deterministically_filtered;structurally_curated
nb,v1,1,623,638,bygge,bygge,bygge,unknown,bygge,wordfreq:nb,wordfreq_seeded;deterministically_filtered;structurally_curated
nb,v1,1,624,639,endelig,endelig,endelig,unknown,endelig,wordfreq:nb,wordfreq_seeded;deterministically_filtered;structurally_curated
nb,v1,1,625,640,far,far,far,unknown,far,wordfreq:nb,wordfreq_seeded;deterministically_filtered;structurally_curated
nb,v1,1,626,641,hvilke,hvilke,hvilke,unknown,hvilke,wordfreq:nb,wordfreq_seeded;deterministically_filtered;structurally_curated
nb,v1,1,627,642,ifølge,ifølge,ifølge,unknown,ifølge,wordfreq:nb,wordfreq_seeded;deterministically_filtered;structurally_curated
nb,v1,1,628,643,kamp,kamp,kamp,unknown,kamp,wordfreq:nb,wordfreq_seeded;deterministically_filtered;structurally_curated
nb,v1,1,629,644,lar,lar,lar,unknown,lar,wordfreq:nb,wordfreq_seeded;deterministically_filtered;structurally_curated
nb,v1,1,630,645,lille,lille,lille,unknown,lille,wordfreq:nb,wordfreq_seeded;deterministically_filtered;structurally_curated
nb,v1,1,631,646,opptatt,opptatt,opptatt,unknown,opptatt,wordfreq:nb,wordfreq_seeded;deterministically_filtered;structurally_curated
nb,v1,1,632,647,plutselig,plutselig,plutselig,unknown,plutselig,wordfreq:nb,wordfreq_seeded;deterministically_filtered;structurally_curated
nb,v1,1,633,648,sendt,sendt,sendt,unknown,sendt,wordfreq:nb,wordfreq_seeded;deterministically_filtered;structurally_curated
nb,v1,1,634,649,skjedd,skjedd,skjedd,unknown,skjedd,wordfreq:nb,wordfreq_seeded;deterministically_filtered;structurally_curated
nb,v1,1,635,650,slå,slå,slå,unknown,slå,wordfreq:nb,wordfreq_seeded;deterministically_filtered;structurally_curated
nb,v1,1,636,651,spillere,spillere,spillere,unknown,spillere,wordfreq:nb,wordfreq_seeded;deterministically_filtered;structurally_curated
nb,v1,1,637,652,stavanger,stavanger,stavanger,unknown,stavanger,wordfreq:nb,wordfreq_seeded;deterministically_filtered;structurally_curated
nb,v1,1,638,653,time,time,time,unknown,time,wordfreq:nb,wordfreq_seeded;deterministically_filtered;structurally_curated
nb,v1,1,639,654,valgt,valgt,valgt,unknown,valgt,wordfreq:nb,wordfreq_seeded;deterministically_filtered;structurally_curated
nb,v1,1,640,655,bryr,bryr,bryr,unknown,bryr,wordfreq:nb,wordfreq_seeded;deterministically_filtered;structurally_curated
nb,v1,1,641,656,fortsette,fortsette,fortsette,unknown,fortsette,wordfreq:nb,wordfreq_seeded;deterministically_filtered;structurally_curated
nb,v1,1,642,657,fri,fri,fri,unknown,fri,wordfreq:nb,wordfreq_seeded;deterministically_filtered;structurally_curated
nb,v1,1,643,658,gud,gud,gud,unknown,gud,wordfreq:nb,wordfreq_seeded;deterministically_filtered;structurally_curated
nb,v1,1,644,659,hyggelig,hyggelig,hyggelig,unknown,hyggelig,wordfreq:nb,wordfreq_seeded;deterministically_filtered;structurally_curated
nb,v1,1,645,660,interessant,interessant,interessant,unknown,interessant,wordfreq:nb,wordfreq_seeded;deterministically_filtered;structurally_curated
nb,v1,1,646,661,it,it,it,unknown,it,wordfreq:nb,wordfreq_seeded;deterministically_filtered;structurally_curated
nb,v1,1,647,662,kampen,kampen,kampen,unknown,kampen,wordfreq:nb,wordfreq_seeded;deterministically_filtered;structurally_curated
nb,v1,1,648,663,kr,kr,kr,unknown,kr,wordfreq:nb,wordfreq_seeded;deterministically_filtered;structurally_curated
nb,v1,1,649,664,lengre,lengre,lengre,unknown,lengre,wordfreq:nb,wordfreq_seeded;deterministically_filtered;structurally_curated
nb,v1,1,650,665,løp,løp,løp,unknown,løp,wordfreq:nb,wordfreq_seeded;deterministically_filtered;structurally_curated
nb,v1,1,651,666,mamma,mamma,mamma,unknown,mamma,wordfreq:nb,wordfreq_seeded;deterministically_filtered;structurally_curated
nb,v1,1,652,667,mannen,mannen,mannen,unknown,mannen,wordfreq:nb,wordfreq_seeded;deterministically_filtered;structurally_curated
nb,v1,1,653,668,new,new,new,unknown,new,wordfreq:nb,wordfreq_seeded;deterministically_filtered;structurally_curated
nb,v1,1,654,669,ol,ol,ol,unknown,ol,wordfreq:nb,wordfreq_seeded;deterministically_filtered;structurally_curated
nb,v1,1,655,670,politiske,politiske,politiske,unknown,politiske,wordfreq:nb,wordfreq_seeded;deterministically_filtered;structurally_curated
nb,v1,1,656,671,r,r,r,unknown,r,wordfreq:nb,wordfreq_seeded;deterministically_filtered;structurally_curated
nb,v1,1,657,672,reise,reise,reise,unknown,reise,wordfreq:nb,wordfreq_seeded;deterministically_filtered;structurally_curated
nb,v1,1,658,673,sentrum,sentrum,sentrum,unknown,sentrum,wordfreq:nb,wordfreq_seeded;deterministically_filtered;structurally_curated
nb,v1,1,659,674,sesongen,sesongen,sesongen,unknown,sesongen,wordfreq:nb,wordfreq_seeded;deterministically_filtered;structurally_curated
nb,v1,1,660,675,slikt,slikt,slikt,unknown,slikt,wordfreq:nb,wordfreq_seeded;deterministically_filtered;structurally_curated
nb,v1,1,661,676,sosiale,sosiale,sosiale,unknown,sosiale,wordfreq:nb,wordfreq_seeded;deterministically_filtered;structurally_curated
nb,v1,1,662,677,verre,verre,verre,unknown,verre,wordfreq:nb,wordfreq_seeded;deterministically_filtered;structurally_curated
nb,v1,1,663,678,x,x,x,unknown,x,wordfreq:nb,wordfreq_seeded;deterministically_filtered;structurally_curated
nb,v1,1,664,679,ene,ene,ene,unknown,ene,wordfreq:nb,wordfreq_seeded;deterministically_filtered;structurally_curated
nb,v1,1,665,680,hardt,hardt,hardt,unknown,hardt,wordfreq:nb,wordfreq_seeded;deterministically_filtered;structurally_curated
nb,v1,1,666,681,hus,hus,hus,unknown,hus,wordfreq:nb,wordfreq_seeded;deterministically_filtered;structurally_curated
nb,v1,1,667,682,john,john,john,unknown,john,wordfreq:nb,wordfreq_seeded;deterministically_filtered;structurally_curated
nb,v1,1,668,683,lurer,lurer,lurer,unknown,lurer,wordfreq:nb,wordfreq_seeded;deterministically_filtered;structurally_curated
nb,v1,1,669,684,meget,meget,meget,unknown,meget,wordfreq:nb,wordfreq_seeded;deterministically_filtered;structurally_curated
nb,v1,1,670,685,passer,passer,passer,unknown,passer,wordfreq:nb,wordfreq_seeded;deterministically_filtered;structurally_curated
nb,v1,1,671,686,rette,rette,rette,unknown,rette,wordfreq:nb,wordfreq_seeded;deterministically_filtered;structurally_curated
nb,v1,1,672,687,rom,rom,rom,unknown,rom,wordfreq:nb,wordfreq_seeded;deterministically_filtered;structurally_curated
nb,v1,1,673,688,sitte,sitte,sitte,unknown,sitte,wordfreq:nb,wordfreq_seeded;deterministically_filtered;structurally_curated
nb,v1,1,674,689,sjekke,sjekke,sjekke,unknown,sjekke,wordfreq:nb,wordfreq_seeded;deterministically_filtered;structurally_curated
nb,v1,1,675,690,skrev,skrev,skrev,unknown,skrev,wordfreq:nb,wordfreq_seeded;deterministically_filtered;structurally_curated
nb,v1,1,676,691,verdt,verdt,verdt,unknown,verdt,wordfreq:nb,wordfreq_seeded;deterministically_filtered;structurally_curated
nb,v1,1,677,692,forskning,forskning,forskning,unknown,forskning,wordfreq:nb,wordfreq_seeded;deterministically_filtered;structurally_curated
nb,v1,1,678,693,fremdeles,fremdeles,fremdeles,unknown,fremdeles,wordfreq:nb,wordfreq_seeded;deterministically_filtered;structurally_curated
nb,v1,1,679,694,gangen,gangen,gangen,unknown,gangen,wordfreq:nb,wordfreq_seeded;deterministically_filtered;structurally_curated
nb,v1,1,680,695,jobbet,jobbet,jobbet,unknown,jobbet,wordfreq:nb,wordfreq_seeded;deterministically_filtered;structurally_curated
nb,v1,1,681,696,kjære,kjære,kjære,unknown,kjære,wordfreq:nb,wordfreq_seeded;deterministically_filtered;structurally_curated
nb,v1,1,682,697,krever,krever,krever,unknown,krever,wordfreq:nb,wordfreq_seeded;deterministically_filtered;structurally_curated
nb,v1,1,683,698,offentlige,offentlige,offentlige,unknown,offentlige,wordfreq:nb,wordfreq_seeded;deterministically_filtered;structurally_curated
nb,v1,1,684,699,problemet,problemet,problemet,unknown,problemet,wordfreq:nb,wordfreq_seeded;deterministically_filtered;structurally_curated
nb,v1,1,685,700,redd,redd,redd,unknown,redd,wordfreq:nb,wordfreq_seeded;deterministically_filtered;structurally_curated
nb,v1,1,686,701,sterkt,sterkt,sterkt,unknown,sterkt,wordfreq:nb,wordfreq_seeded;deterministically_filtered;structurally_curated
nb,v1,1,687,702,stortinget,stortinget,stortinget,unknown,stortinget,wordfreq:nb,wordfreq_seeded;deterministically_filtered;structurally_curated
nb,v1,1,688,703,utdanning,utdanning,utdanning,unknown,utdanning,wordfreq:nb,wordfreq_seeded;deterministically_filtered;structurally_curated
nb,v1,1,689,704,velkommen,velkommen,velkommen,unknown,velkommen,wordfreq:nb,wordfreq_seeded;deterministically_filtered;structurally_curated
nb,v1,1,690,705,venter,venter,venter,unknown,venter,wordfreq:nb,wordfreq_seeded;deterministically_filtered;structurally_curated
nb,v1,1,691,706,engelsk,engelsk,engelsk,unknown,engelsk,wordfreq:nb,wordfreq_seeded;deterministically_filtered;structurally_curated
nb,v1,1,692,707,enten,enten,enten,unknown,enten,wordfreq:nb,wordfreq_seeded;deterministically_filtered;structurally_curated
nb,v1,1,693,708,helse,helse,helse,unknown,helse,wordfreq:nb,wordfreq_seeded;deterministically_filtered;structurally_curated
nb,v1,1,694,709,imidlertid,imidlertid,imidlertid,unknown,imidlertid,wordfreq:nb,wordfreq_seeded;deterministically_filtered;structurally_curated
nb,v1,1,695,710,lager,lager,lager,unknown,lager,wordfreq:nb,wordfreq_seeded;deterministically_filtered;structurally_curated
nb,v1,1,696,711,lykke,lykke,lykke,unknown,lykke,wordfreq:nb,wordfreq_seeded;deterministically_filtered;structurally_curated
nb,v1,1,697,712,mente,mente,mente,unknown,mente,wordfreq:nb,wordfreq_seeded;deterministically_filtered;structurally_curated
nb,v1,1,698,713,nr,nr,nr,unknown,nr,wordfreq:nb,wordfreq_seeded;deterministically_filtered;structurally_curated
nb,v1,1,699,714,nær,nær,nær,unknown,nær,wordfreq:nb,wordfreq_seeded;deterministically_filtered;structurally_curated
nb,v1,1,700,715,slett,slett,slett,unknown,slett,wordfreq:nb,wordfreq_seeded;deterministically_filtered;structurally_curated
nb,v1,1,701,716,snakk,snakk,snakk,unknown,snakk,wordfreq:nb,wordfreq_seeded;deterministically_filtered;structurally_curated
nb,v1,1,702,717,tenkt,tenkt,tenkt,unknown,tenkt,wordfreq:nb,wordfreq_seeded;deterministically_filtered;structurally_curated
nb,v1,1,703,718,totalt,totalt,totalt,unknown,totalt,wordfreq:nb,wordfreq_seeded;deterministically_filtered;structurally_curated
nb,v1,1,704,719,våpen,våpen,våpen,unknown,våpen,wordfreq:nb,wordfreq_seeded;deterministically_filtered;structurally_curated
nb,v1,1,705,720,åpnet,åpnet,åpnet,unknown,åpnet,wordfreq:nb,wordfreq_seeded;deterministically_filtered;structurally_curated
nb,v1,1,706,721,ønsket,ønsket,ønsket,unknown,ønsket,wordfreq:nb,wordfreq_seeded;deterministically_filtered;structurally_curated
nb,v1,1,707,722,danmark,danmark,danmark,unknown,danmark,wordfreq:nb,wordfreq_seeded;deterministically_filtered;structurally_curated
nb,v1,1,708,723,gjøres,gjøres,gjøres,unknown,gjøres,wordfreq:nb,wordfreq_seeded;deterministically_filtered;structurally_curated
nb,v1,1,709,724,h,h,h,unknown,h,wordfreq:nb,wordfreq_seeded;deterministically_filtered;structurally_curated
nb,v1,1,710,725,klarte,klarte,klarte,unknown,klarte,wordfreq:nb,wordfreq_seeded;deterministically_filtered;structurally_curated
nb,v1,1,711,726,live,live,live,unknown,live,wordfreq:nb,wordfreq_seeded;deterministically_filtered;structurally_curated
nb,v1,1,712,727,lærer,lærer,lærer,unknown,lærer,wordfreq:nb,wordfreq_seeded;deterministically_filtered;structurally_curated
nb,v1,1,713,728,offentlig,offentlig,offentlig,unknown,offentlig,wordfreq:nb,wordfreq_seeded;deterministically_filtered;structurally_curated
nb,v1,1,714,729,perfekt,perfekt,perfekt,unknown,perfekt,wordfreq:nb,wordfreq_seeded;deterministically_filtered;structurally_curated
nb,v1,1,715,730,slipper,slipper,slipper,unknown,slipper,wordfreq:nb,wordfreq_seeded;deterministically_filtered;structurally_curated
nb,v1,1,716,731,sto,sto,sto,unknown,sto,wordfreq:nb,wordfreq_seeded;deterministically_filtered;structurally_curated
nb,v1,1,717,732,v,v,v,unknown,v,wordfreq:nb,wordfreq_seeded;deterministically_filtered;structurally_curated
nb,v1,1,718,733,vekk,vekk,vekk,unknown,vekk,wordfreq:nb,wordfreq_seeded;deterministically_filtered;structurally_curated
nb,v1,1,719,734,eu,eu,eu,unknown,eu,wordfreq:nb,wordfreq_seeded;deterministically_filtered;structurally_curated
nb,v1,1,720,735,forrige,forrige,forrige,unknown,forrige,wordfreq:nb,wordfreq_seeded;deterministically_filtered;structurally_curated
nb,v1,1,721,736,forslag,forslag,forslag,unknown,forslag,wordfreq:nb,wordfreq_seeded;deterministically_filtered;structurally_curated
nb,v1,1,722,737,km,km,km,unknown,km,wordfreq:nb,wordfreq_seeded;deterministically_filtered;structurally_curated
nb,v1,1,723,738,l,l,l,unknown,l,wordfreq:nb,wordfreq_seeded;deterministically_filtered;structurally_curated
nb,v1,1,724,739,legg,legg,legg,unknown,legg,wordfreq:nb,wordfreq_seeded;deterministically_filtered;structurally_curated
nb,v1,1,725,740,lokale,lokale,lokale,unknown,lokale,wordfreq:nb,wordfreq_seeded;deterministically_filtered;structurally_curated
nb,v1,1,726,741,medlemmer,medlemmer,medlemmer,unknown,medlemmer,wordfreq:nb,wordfreq_seeded;deterministically_filtered;structurally_curated
nb,v1,1,727,742,områder,områder,områder,unknown,områder,wordfreq:nb,wordfreq_seeded;deterministically_filtered;structurally_curated
nb,v1,1,728,743,omtrent,omtrent,omtrent,unknown,omtrent,wordfreq:nb,wordfreq_seeded;deterministically_filtered;structurally_curated
nb,v1,1,729,744,velger,velger,velger,unknown,velger,wordfreq:nb,wordfreq_seeded;deterministically_filtered;structurally_curated
nb,v1,1,730,745,visst,visst,visst,unknown,visst,wordfreq:nb,wordfreq_seeded;deterministically_filtered;structurally_curated
nb,v1,1,731,746,vm,vm,vm,unknown,vm,wordfreq:nb,wordfreq_seeded;deterministically_filtered;structurally_curated
nb,v1,1,732,747,årets,årets,årets,unknown,årets,wordfreq:nb,wordfreq_seeded;deterministically_filtered;structurally_curated
nb,v1,1,733,748,be,be,be,unknown,be,wordfreq:nb,wordfreq_seeded;deterministically_filtered;structurally_curated
nb,v1,1,734,749,drikke,drikke,drikke,unknown,drikke,wordfreq:nb,wordfreq_seeded;deterministically_filtered;structurally_curated
nb,v1,1,735,750,dyr,dyr,dyr,unknown,dyr,wordfreq:nb,wordfreq_seeded;deterministically_filtered;structurally_curated
nb,v1,1,736,751,engang,engang,engang,unknown,engang,wordfreq:nb,wordfreq_seeded;deterministically_filtered;structurally_curated
nb,v1,1,737,753,foreldre,foreldre,foreldre,unknown,foreldre,wordfreq:nb,wordfreq_seeded;deterministically_filtered;structurally_curated
nb,v1,1,738,754,forteller,forteller,forteller,unknown,forteller,wordfreq:nb,wordfreq_seeded;deterministically_filtered;structurally_curated
nb,v1,1,739,755,nivå,nivå,nivå,unknown,nivå,wordfreq:nb,wordfreq_seeded;deterministically_filtered;structurally_curated
nb,v1,1,740,756,nordmenn,nordmenn,nordmenn,unknown,nordmenn,wordfreq:nb,wordfreq_seeded;deterministically_filtered;structurally_curated
nb,v1,1,741,757,prisen,prisen,prisen,unknown,prisen,wordfreq:nb,wordfreq_seeded;deterministically_filtered;structurally_curated
nb,v1,1,742,758,regjering,regjering,regjering,unknown,regjering,wordfreq:nb,wordfreq_seeded;deterministically_filtered;structurally_curated
nb,v1,1,743,759,selge,selge,selge,unknown,selge,wordfreq:nb,wordfreq_seeded;deterministically_filtered;structurally_curated
nb,v1,1,744,760,selskapet,selskapet,selskapet,unknown,selskapet,wordfreq:nb,wordfreq_seeded;deterministically_filtered;structurally_curated
nb,v1,1,745,761,slutte,slutte,slutte,unknown,slutte,wordfreq:nb,wordfreq_seeded;deterministically_filtered;structurally_curated
nb,v1,1,746,762,tredje,tredje,tredje,unknown,tredje,wordfreq:nb,wordfreq_seeded;deterministically_filtered;structurally_curated
nb,v1,1,747,763,type,type,type,unknown,type,wordfreq:nb,wordfreq_seeded;deterministically_filtered;structurally_curated
nb,v1,1,748,764,umulig,umulig,umulig,unknown,umulig,wordfreq:nb,wordfreq_seeded;deterministically_filtered;structurally_curated
nb,v1,1,749,765,vente,vente,vente,unknown,vente,wordfreq:nb,wordfreq_seeded;deterministically_filtered;structurally_curated
nb,v1,1,750,766,vis,vis,vis,unknown,vis,wordfreq:nb,wordfreq_seeded;deterministically_filtered;structurally_curated
nb,v1,1,751,767,viste,viste,viste,unknown,viste,wordfreq:nb,wordfreq_seeded;deterministically_filtered;structurally_curated
nb,v1,1,752,768,voksne,voksne,voksne,unknown,voksne,wordfreq:nb,wordfreq_seeded;deterministically_filtered;structurally_curated
nb,v1,1,753,769,bakgrunn,bakgrunn,bakgrunn,unknown,bakgrunn,wordfreq:nb,wordfreq_seeded;deterministically_filtered;structurally_curated
nb,v1,1,754,770,besøk,besøk,besøk,unknown,besøk,wordfreq:nb,wordfreq_seeded;deterministically_filtered;structurally_curated
nb,v1,1,755,771,dessuten,dessuten,dessuten,unknown,dessuten,wordfreq:nb,wordfreq_seeded;deterministically_filtered;structurally_curated
nb,v1,1,756,772,forbindelse,forbindelse,forbindelse,unknown,forbindelse,wordfreq:nb,wordfreq_seeded;deterministically_filtered;structurally_curated
nb,v1,1,757,773,fortelle,fortelle,fortelle,unknown,fortelle,wordfreq:nb,wordfreq_seeded;deterministically_filtered;structurally_curated
nb,v1,1,758,774,fungerer,fungerer,fungerer,unknown,fungerer,wordfreq:nb,wordfreq_seeded;deterministically_filtered;structurally_curated
nb,v1,1,759,775,fører,fører,fører,unknown,fører,wordfreq:nb,wordfreq_seeded;deterministically_filtered;structurally_curated
nb,v1,1,760,776,gøy,gøy,gøy,unknown,gøy,wordfreq:nb,wordfreq_seeded;deterministically_filtered;structurally_curated
nb,v1,1,761,777,historien,historien,historien,unknown,historien,wordfreq:nb,wordfreq_seeded;deterministically_filtered;structurally_curated
nb,v1,1,762,778,husk,husk,husk,unknown,husk,wordfreq:nb,wordfreq_seeded;deterministically_filtered;structurally_curated
nb,v1,1,763,779,hvite,hvite,hvite,unknown,hvite,wordfreq:nb,wordfreq_seeded;deterministically_filtered;structurally_curated
nb,v1,1,764,780,kjøper,kjøper,kjøper,unknown,kjøper,wordfreq:nb,wordfreq_seeded;deterministically_filtered;structurally_curated
nb,v1,1,765,781,midt,midt,midt,unknown,midt,wordfreq:nb,wordfreq_seeded;deterministically_filtered;structurally_curated
nb,v1,1,766,782,osv,osv,osv,unknown,osv,wordfreq:nb,wordfreq_seeded;deterministically_filtered;structurally_curated
nb,v1,1,767,783,russland,russland,russland,unknown,russland,wordfreq:nb,wordfreq_seeded;deterministically_filtered;structurally_curated
nb,v1,1,768,784,sider,sider,sider,unknown,sider,wordfreq:nb,wordfreq_seeded;deterministically_filtered;structurally_curated
nb,v1,1,769,785,skape,skape,skape,unknown,skape,wordfreq:nb,wordfreq_seeded;deterministically_filtered;structurally_curated
nb,v1,1,770,786,slutten,slutten,slutten,unknown,slutten,wordfreq:nb,wordfreq_seeded;deterministically_filtered;structurally_curated
nb,v1,1,771,787,staten,staten,staten,unknown,staten,wordfreq:nb,wordfreq_seeded;deterministically_filtered;structurally_curated
nb,v1,1,772,788,tak,tak,tak,unknown,tak,wordfreq:nb,wordfreq_seeded;deterministically_filtered;structurally_curated
nb,v1,1,773,789,tide,tide,tide,unknown,tide,wordfreq:nb,wordfreq_seeded;deterministically_filtered;structurally_curated
nb,v1,1,774,790,aller,aller,aller,unknown,aller,wordfreq:nb,wordfreq_seeded;deterministically_filtered;structurally_curated
nb,v1,1,775,791,april,april,april,unknown,april,wordfreq:nb,wordfreq_seeded;deterministically_filtered;structurally_curated
nb,v1,1,776,792,dele,dele,dele,unknown,dele,wordfreq:nb,wordfreq_seeded;deterministically_filtered;structurally_curated
nb,v1,1,777,793,drar,drar,drar,unknown,drar,wordfreq:nb,wordfreq_seeded;deterministically_filtered;structurally_curated
nb,v1,1,778,794,ekte,ekte,ekte,unknown,ekte,wordfreq:nb,wordfreq_seeded;deterministically_filtered;structurally_curated
nb,v1,1,779,795,fly,fly,fly,unknown,fly,wordfreq:nb,wordfreq_seeded;deterministically_filtered;structurally_curated
nb,v1,1,780,796,fortsetter,fortsetter,fortsetter,unknown,fortsetter,wordfreq:nb,wordfreq_seeded;deterministically_filtered;structurally_curated
nb,v1,1,781,797,gruppe,gruppe,gruppe,unknown,gruppe,wordfreq:nb,wordfreq_seeded;deterministically_filtered;structurally_curated
nb,v1,1,782,798,huset,huset,huset,unknown,huset,wordfreq:nb,wordfreq_seeded;deterministically_filtered;structurally_curated
nb,v1,1,783,799,kjøpt,kjøpt,kjøpt,unknown,kjøpt,wordfreq:nb,wordfreq_seeded;deterministically_filtered;structurally_curated
nb,v1,1,784,800,lettere,lettere,lettere,unknown,lettere,wordfreq:nb,wordfreq_seeded;deterministically_filtered;structurally_curated
nb,v1,1,785,801,mars,mars,mars,unknown,mars,wordfreq:nb,wordfreq_seeded;deterministically_filtered;structurally_curated
nb,v1,1,786,802,morsomt,morsomt,morsomt,unknown,morsomt,wordfreq:nb,wordfreq_seeded;deterministically_filtered;structurally_curated
nb,v1,1,787,803,sender,sender,sender,unknown,sender,wordfreq:nb,wordfreq_seeded;deterministically_filtered;structurally_curated
nb,v1,1,788,804,september,september,september,unknown,september,wordfreq:nb,wordfreq_seeded;deterministically_filtered;structurally_curated
nb,v1,1,789,805,spilte,spilte,spilte,unknown,spilte,wordfreq:nb,wordfreq_seeded;deterministically_filtered;structurally_curated
nb,v1,1,790,806,alvorlig,alvorlig,alvorlig,unknown,alvorlig,wordfreq:nb,wordfreq_seeded;deterministically_filtered;structurally_curated
nb,v1,1,791,807,behov,behov,behov,unknown,behov,wordfreq:nb,wordfreq_seeded;deterministically_filtered;structurally_curated
nb,v1,1,792,808,endret,endret,endret,unknown,endret,wordfreq:nb,wordfreq_seeded;deterministically_filtered;structurally_curated
nb,v1,1,793,809,ettersom,ettersom,ettersom,unknown,ettersom,wordfreq:nb,wordfreq_seeded;deterministically_filtered;structurally_curated
nb,v1,1,794,810,forsøk,forsøk,forsøk,unknown,forsøk,wordfreq:nb,wordfreq_seeded;deterministically_filtered;structurally_curated
nb,v1,1,795,811,kalt,kalt,kalt,unknown,kalt,wordfreq:nb,wordfreq_seeded;deterministically_filtered;structurally_curated
nb,v1,1,796,812,kamper,kamper,kamper,unknown,kamper,wordfreq:nb,wordfreq_seeded;deterministically_filtered;structurally_curated
nb,v1,1,797,813,krig,krig,krig,unknown,krig,wordfreq:nb,wordfreq_seeded;deterministically_filtered;structurally_curated
nb,v1,1,798,814,kroppen,kroppen,kroppen,unknown,kroppen,wordfreq:nb,wordfreq_seeded;deterministically_filtered;structurally_curated
nb,v1,1,799,815,meter,meter,meter,unknown,meter,wordfreq:nb,wordfreq_seeded;deterministically_filtered;structurally_curated
nb,v1,1,800,816,nett,nett,nett,unknown,nett,wordfreq:nb,wordfreq_seeded;deterministically_filtered;structurally_curated
nb,v1,1,801,817,no,no,no,unknown,no,wordfreq:nb,wordfreq_seeded;deterministically_filtered;structurally_curated
nb,v1,1,802,818,nyheter,nyheter,nyheter,unknown,nyheter,wordfreq:nb,wordfreq_seeded;deterministically_filtered;structurally_curated
nb,v1,1,803,819,ordet,ordet,ordet,unknown,ordet,wordfreq:nb,wordfreq_seeded;deterministically_filtered;structurally_curated
nb,v1,1,804,820,rolle,rolle,rolle,unknown,rolle,wordfreq:nb,wordfreq_seeded;deterministically_filtered;structurally_curated
nb,v1,1,805,821,saker,saker,saker,unknown,saker,wordfreq:nb,wordfreq_seeded;deterministically_filtered;structurally_curated
nb,v1,1,806,822,sommer,sommer,sommer,unknown,sommer,wordfreq:nb,wordfreq_seeded;deterministically_filtered;structurally_curated
nb,v1,1,807,823,starte,starte,starte,unknown,starte,wordfreq:nb,wordfreq_seeded;deterministically_filtered;structurally_curated
nb,v1,1,808,824,svart,svart,svart,unknown,svart,wordfreq:nb,wordfreq_seeded;deterministically_filtered;structurally_curated
nb,v1,1,809,825,synd,synd,synd,unknown,synd,wordfreq:nb,wordfreq_seeded;deterministically_filtered;structurally_curated
nb,v1,1,810,826,tips,tips,tips,unknown,tips,wordfreq:nb,wordfreq_seeded;deterministically_filtered;structurally_curated
nb,v1,1,811,827,amerikanske,amerikanske,amerikanske,unknown,amerikanske,wordfreq:nb,wordfreq_seeded;deterministically_filtered;structurally_curated
nb,v1,1,812,828,damer,damer,damer,unknown,damer,wordfreq:nb,wordfreq_seeded;deterministically_filtered;structurally_curated
nb,v1,1,813,829,fine,fine,fine,unknown,fine,wordfreq:nb,wordfreq_seeded;deterministically_filtered;structurally_curated
nb,v1,1,814,830,fokus,fokus,fokus,unknown,fokus,wordfreq:nb,wordfreq_seeded;deterministically_filtered;structurally_curated
nb,v1,1,815,831,gull,gull,gull,unknown,gull,wordfreq:nb,wordfreq_seeded;deterministically_filtered;structurally_curated
nb,v1,1,816,832,hater,hater,hater,unknown,hater,wordfreq:nb,wordfreq_seeded;deterministically_filtered;structurally_curated
nb,v1,1,817,833,moderne,moderne,moderne,unknown,moderne,wordfreq:nb,wordfreq_seeded;deterministically_filtered;structurally_curated
nb,v1,1,818,834,mor,mor,mor,unknown,mor,wordfreq:nb,wordfreq_seeded;deterministically_filtered;structurally_curated
nb,v1,1,819,835,personlig,personlig,personlig,unknown,personlig,wordfreq:nb,wordfreq_seeded;deterministically_filtered;structurally_curated
nb,v1,1,820,836,raskt,raskt,raskt,unknown,raskt,wordfreq:nb,wordfreq_seeded;deterministically_filtered;structurally_curated
nb,v1,1,821,837,slått,slått,slått,unknown,slått,wordfreq:nb,wordfreq_seeded;deterministically_filtered;structurally_curated
nb,v1,1,822,838,språk,språk,språk,unknown,språk,wordfreq:nb,wordfreq_seeded;deterministically_filtered;structurally_curated
nb,v1,1,823,839,sterk,sterk,sterk,unknown,sterk,wordfreq:nb,wordfreq_seeded;deterministically_filtered;structurally_curated
nb,v1,1,824,840,tyskland,tyskland,tyskland,unknown,tyskland,wordfreq:nb,wordfreq_seeded;deterministically_filtered;structurally_curated
nb,v1,1,825,841,unngå,unngå,unngå,unknown,unngå,wordfreq:nb,wordfreq_seeded;deterministically_filtered;structurally_curated
nb,v1,1,826,842,utvikling,utvikling,utvikling,unknown,utvikling,wordfreq:nb,wordfreq_seeded;deterministically_filtered;structurally_curated
nb,v1,1,827,843,vist,vist,vist,unknown,vist,wordfreq:nb,wordfreq_seeded;deterministically_filtered;structurally_curated
nb,v1,1,828,844,vold,vold,vold,unknown,vold,wordfreq:nb,wordfreq_seeded;deterministically_filtered;structurally_curated
nb,v1,1,829,845,vondt,vondt,vondt,unknown,vondt,wordfreq:nb,wordfreq_seeded;deterministically_filtered;structurally_curated
nb,v1,1,830,846,angrep,angrep,angrep,unknown,angrep,wordfreq:nb,wordfreq_seeded;deterministically_filtered;structurally_curated
nb,v1,1,831,847,ber,ber,ber,unknown,ber,wordfreq:nb,wordfreq_seeded;deterministically_filtered;structurally_curated
nb,v1,1,832,848,bok,bok,bok,unknown,bok,wordfreq:nb,wordfreq_seeded;deterministically_filtered;structurally_curated
nb,v1,1,833,849,bøker,bøker,bøker,unknown,bøker,wordfreq:nb,wordfreq_seeded;deterministically_filtered;structurally_curated
nb,v1,1,834,850,finn,finn,finn,unknown,finn,wordfreq:nb,wordfreq_seeded;deterministically_filtered;structurally_curated
nb,v1,1,835,851,føle,føle,føle,unknown,føle,wordfreq:nb,wordfreq_seeded;deterministically_filtered;structurally_curated
nb,v1,1,836,852,kina,kina,kina,unknown,kina,wordfreq:nb,wordfreq_seeded;deterministically_filtered;structurally_curated
nb,v1,1,837,853,krigen,krigen,krigen,unknown,krigen,wordfreq:nb,wordfreq_seeded;deterministically_filtered;structurally_curated
nb,v1,1,838,854,lys,lys,lys,unknown,lys,wordfreq:nb,wordfreq_seeded;deterministically_filtered;structurally_curated
nb,v1,1,839,855,medier,medier,medier,unknown,medier,wordfreq:nb,wordfreq_seeded;deterministically_filtered;structurally_curated
nb,v1,1,840,856,nødvendig,nødvendig,nødvendig,unknown,nødvendig,wordfreq:nb,wordfreq_seeded;deterministically_filtered;structurally_curated
nb,v1,1,841,857,prøvde,prøvde,prøvde,unknown,prøvde,wordfreq:nb,wordfreq_seeded;deterministically_filtered;structurally_curated
nb,v1,1,842,858,resultater,resultater,resultater,unknown,resultater,wordfreq:nb,wordfreq_seeded;deterministically_filtered;structurally_curated
nb,v1,1,843,859,slo,slo,slo,unknown,slo,wordfreq:nb,wordfreq_seeded;deterministically_filtered;structurally_curated
nb,v1,1,844,860,sånt,sånt,sånt,unknown,sånt,wordfreq:nb,wordfreq_seeded;deterministically_filtered;structurally_curated
nb,v1,1,845,861,utviklet,utviklet,utviklet,unknown,utviklet,wordfreq:nb,wordfreq_seeded;deterministically_filtered;structurally_curated
nb,v1,1,846,862,åpen,åpen,åpen,unknown,åpen,wordfreq:nb,wordfreq_seeded;deterministically_filtered;structurally_curated
nb,v1,1,847,863,åtte,åtte,åtte,unknown,åtte,wordfreq:nb,wordfreq_seeded;deterministically_filtered;structurally_curated
nb,v1,1,848,864,øke,øke,øke,unknown,øke,wordfreq:nb,wordfreq_seeded;deterministically_filtered;structurally_curated
nb,v1,1,849,865,øst,øst,øst,unknown,øst,wordfreq:nb,wordfreq_seeded;deterministically_filtered;structurally_curated
nb,v1,1,850,866,erfaring,erfaring,erfaring,unknown,erfaring,wordfreq:nb,wordfreq_seeded;deterministically_filtered;structurally_curated
nb,v1,1,851,867,fullt,fullt,fullt,unknown,fullt,wordfreq:nb,wordfreq_seeded;deterministically_filtered;structurally_curated
nb,v1,1,852,868,internasjonale,internasjonale,internasjonale,unknown,internasjonale,wordfreq:nb,wordfreq_seeded;deterministically_filtered;structurally_curated
nb,v1,1,853,869,kjøp,kjøp,kjøp,unknown,kjøp,wordfreq:nb,wordfreq_seeded;deterministically_filtered;structurally_curated
nb,v1,1,854,870,kommunen,kommunen,kommunen,unknown,kommunen,wordfreq:nb,wordfreq_seeded;deterministically_filtered;structurally_curated
nb,v1,1,855,871,lavere,lavere,lavere,unknown,lavere,wordfreq:nb,wordfreq_seeded;deterministically_filtered;structurally_curated
nb,v1,1,856,872,lest,lest,lest,unknown,lest,wordfreq:nb,wordfreq_seeded;deterministically_filtered;structurally_curated
nb,v1,1,857,873,lover,lover,lover,unknown,lover,wordfreq:nb,wordfreq_seeded;deterministically_filtered;structurally_curated
nb,v1,1,858,874,makt,makt,makt,unknown,makt,wordfreq:nb,wordfreq_seeded;deterministically_filtered;structurally_curated
nb,v1,1,859,875,media,media,media,unknown,media,wordfreq:nb,wordfreq_seeded;deterministically_filtered;structurally_curated
nb,v1,1,860,876,mistet,mistet,mistet,unknown,mistet,wordfreq:nb,wordfreq_seeded;deterministically_filtered;structurally_curated
nb,v1,1,861,877,o,o,o,unknown,o,wordfreq:nb,wordfreq_seeded;deterministically_filtered;structurally_curated
nb,v1,1,862,878,sjekk,sjekk,sjekk,unknown,sjekk,wordfreq:nb,wordfreq_seeded;deterministically_filtered;structurally_curated
nb,v1,1,863,879,stemme,stemme,stemme,unknown,stemme,wordfreq:nb,wordfreq_seeded;deterministically_filtered;structurally_curated
nb,v1,1,864,880,svarte,svarte,svarte,unknown,svarte,wordfreq:nb,wordfreq_seeded;deterministically_filtered;structurally_curated
nb,v1,1,865,881,u,u,u,unknown,u,wordfreq:nb,wordfreq_seeded;deterministically_filtered;structurally_curated
nb,v1,1,866,882,valget,valget,valget,unknown,valget,wordfreq:nb,wordfreq_seeded;deterministically_filtered;structurally_curated
nb,v1,1,867,883,vg,vg,vg,unknown,vg,wordfreq:nb,wordfreq_seeded;deterministically_filtered;structurally_curated
nb,v1,1,868,884,økonomi,økonomi,økonomi,unknown,økonomi,wordfreq:nb,wordfreq_seeded;deterministically_filtered;structurally_curated
nb,v1,1,869,885,artikkel,artikkel,artikkel,unknown,artikkel,wordfreq:nb,wordfreq_seeded;deterministically_filtered;structurally_curated
nb,v1,1,870,886,dro,dro,dro,unknown,dro,wordfreq:nb,wordfreq_seeded;deterministically_filtered;structurally_curated
nb,v1,1,871,887,følgende,følgende,følgende,unknown,følgende,wordfreq:nb,wordfreq_seeded;deterministically_filtered;structurally_curated
nb,v1,1,872,888,generelt,generelt,generelt,unknown,generelt,wordfreq:nb,wordfreq_seeded;deterministically_filtered;structurally_curated
nb,v1,1,873,889,huske,huske,huske,unknown,huske,wordfreq:nb,wordfreq_seeded;deterministically_filtered;structurally_curated
nb,v1,1,874,890,lange,lange,lange,unknown,lange,wordfreq:nb,wordfreq_seeded;deterministically_filtered;structurally_curated
nb,v1,1,875,891,leser,leser,leser,unknown,leser,wordfreq:nb,wordfreq_seeded;deterministically_filtered;structurally_curated
nb,v1,1,876,892,lik,lik,lik,unknown,lik,wordfreq:nb,wordfreq_seeded;deterministically_filtered;structurally_curated
nb,v1,1,877,893,pappa,pappa,pappa,unknown,pappa,wordfreq:nb,wordfreq_seeded;deterministically_filtered;structurally_curated
nb,v1,1,878,894,selve,selve,selve,unknown,selve,wordfreq:nb,wordfreq_seeded;deterministically_filtered;structurally_curated
nb,v1,1,879,895,slår,slår,slår,unknown,slår,wordfreq:nb,wordfreq_seeded;deterministically_filtered;structurally_curated
nb,v1,1,880,896,spiser,spiser,spiser,unknown,spiser,wordfreq:nb,wordfreq_seeded;deterministically_filtered;structurally_curated
nb,v1,1,881,897,tall,tall,tall,unknown,tall,wordfreq:nb,wordfreq_seeded;deterministically_filtered;structurally_curated
nb,v1,1,882,898,ungdom,ungdom,ungdom,unknown,ungdom,wordfreq:nb,wordfreq_seeded;deterministically_filtered;structurally_curated
nb,v1,1,883,899,valgte,valgte,valgte,unknown,valgte,wordfreq:nb,wordfreq_seeded;deterministically_filtered;structurally_curated
nb,v1,1,884,900,vare,vare,vare,unknown,vare,wordfreq:nb,wordfreq_seeded;deterministically_filtered;structurally_curated
nb,v1,1,885,901,viktige,viktige,viktige,unknown,viktige,wordfreq:nb,wordfreq_seeded;deterministically_filtered;structurally_curated
nb,v1,1,886,902,annerledes,annerledes,annerledes,unknown,annerledes,wordfreq:nb,wordfreq_seeded;deterministically_filtered;structurally_curated
nb,v1,1,887,903,august,august,august,unknown,august,wordfreq:nb,wordfreq_seeded;deterministically_filtered;structurally_curated
nb,v1,1,888,904,bo,bo,bo,unknown,bo,wordfreq:nb,wordfreq_seeded;deterministically_filtered;structurally_curated
nb,v1,1,889,905,endre,endre,endre,unknown,endre,wordfreq:nb,wordfreq_seeded;deterministically_filtered;structurally_curated
nb,v1,1,890,906,energi,energi,energi,unknown,energi,wordfreq:nb,wordfreq_seeded;deterministically_filtered;structurally_curated
nb,v1,1,891,907,farlig,farlig,farlig,unknown,farlig,wordfreq:nb,wordfreq_seeded;deterministically_filtered;structurally_curated
nb,v1,1,892,908,filmen,filmen,filmen,unknown,filmen,wordfreq:nb,wordfreq_seeded;deterministically_filtered;structurally_curated
nb,v1,1,893,909,fornøyd,fornøyd,fornøyd,unknown,fornøyd,wordfreq:nb,wordfreq_seeded;deterministically_filtered;structurally_curated
nb,v1,1,894,910,høsten,høsten,høsten,unknown,høsten,wordfreq:nb,wordfreq_seeded;deterministically_filtered;structurally_curated
nb,v1,1,895,911,ille,ille,ille,unknown,ille,wordfreq:nb,wordfreq_seeded;deterministically_filtered;structurally_curated
nb,v1,1,896,912,inkludert,inkludert,inkludert,unknown,inkludert,wordfreq:nb,wordfreq_seeded;deterministically_filtered;structurally_curated
nb,v1,1,897,913,jævla,jævla,jævla,unknown,jævla,wordfreq:nb,wordfreq_seeded;deterministically_filtered;structurally_curated
nb,v1,1,898,914,klær,klær,klær,unknown,klær,wordfreq:nb,wordfreq_seeded;deterministically_filtered;structurally_curated
nb,v1,1,899,915,lå,lå,lå,unknown,lå,wordfreq:nb,wordfreq_seeded;deterministically_filtered;structurally_curated
nb,v1,1,900,916,n,n,n,unknown,n,wordfreq:nb,wordfreq_seeded;deterministically_filtered;structurally_curated
nb,v1,1,901,917,oppdaget,oppdaget,oppdaget,unknown,oppdaget,wordfreq:nb,wordfreq_seeded;deterministically_filtered;structurally_curated
nb,v1,1,902,918,orden,orden,orden,unknown,orden,wordfreq:nb,wordfreq_seeded;deterministically_filtered;structurally_curated
nb,v1,1,903,919,samarbeid,samarbeid,samarbeid,unknown,samarbeid,wordfreq:nb,wordfreq_seeded;deterministically_filtered;structurally_curated
nb,v1,1,904,920,skade,skade,skade,unknown,skade,wordfreq:nb,wordfreq_seeded;deterministically_filtered;structurally_curated
nb,v1,1,905,921,snakket,snakket,snakket,unknown,snakket,wordfreq:nb,wordfreq_seeded;deterministically_filtered;structurally_curated
nb,v1,1,906,922,sommeren,sommeren,sommeren,unknown,sommeren,wordfreq:nb,wordfreq_seeded;deterministically_filtered;structurally_curated
nb,v1,1,907,923,starter,starter,starter,unknown,starter,wordfreq:nb,wordfreq_seeded;deterministically_filtered;structurally_curated
nb,v1,1,908,924,stund,stund,stund,unknown,stund,wordfreq:nb,wordfreq_seeded;deterministically_filtered;structurally_curated
nb,v1,1,909,925,veier,veier,veier,unknown,veier,wordfreq:nb,wordfreq_seeded;deterministically_filtered;structurally_curated
nb,v1,1,910,926,venn,venn,venn,unknown,venn,wordfreq:nb,wordfreq_seeded;deterministically_filtered;structurally_curated
nb,v1,1,911,927,alder,alder,alder,unknown,alder,wordfreq:nb,wordfreq_seeded;deterministically_filtered;structurally_curated
nb,v1,1,912,928,derimot,derimot,derimot,unknown,derimot,wordfreq:nb,wordfreq_seeded;deterministically_filtered;structurally_curated
nb,v1,1,913,929,dritt,dritt,dritt,unknown,dritt,wordfreq:nb,wordfreq_seeded;deterministically_filtered;structurally_curated
nb,v1,1,914,930,felles,felles,felles,unknown,felles,wordfreq:nb,wordfreq_seeded;deterministically_filtered;structurally_curated
nb,v1,1,915,931,flytte,flytte,flytte,unknown,flytte,wordfreq:nb,wordfreq_seeded;deterministically_filtered;structurally_curated
nb,v1,1,916,932,flyttet,flyttet,flyttet,unknown,flyttet,wordfreq:nb,wordfreq_seeded;deterministically_filtered;structurally_curated
nb,v1,1,917,933,føles,føles,føles,unknown,føles,wordfreq:nb,wordfreq_seeded;deterministically_filtered;structurally_curated
nb,v1,1,918,934,kjærlighet,kjærlighet,kjærlighet,unknown,kjærlighet,wordfreq:nb,wordfreq_seeded;deterministically_filtered;structurally_curated
nb,v1,1,919,935,mangler,mangler,mangler,unknown,mangler,wordfreq:nb,wordfreq_seeded;deterministically_filtered;structurally_curated
nb,v1,1,920,936,medlem,medlem,medlem,unknown,medlem,wordfreq:nb,wordfreq_seeded;deterministically_filtered;structurally_curated
nb,v1,1,921,937,mening,mening,mening,unknown,mening,wordfreq:nb,wordfreq_seeded;deterministically_filtered;structurally_curated
nb,v1,1,922,938,nummer,nummer,nummer,unknown,nummer,wordfreq:nb,wordfreq_seeded;deterministically_filtered;structurally_curated
nb,v1,1,923,939,partiet,partiet,partiet,unknown,partiet,wordfreq:nb,wordfreq_seeded;deterministically_filtered;structurally_curated
nb,v1,1,924,940,søke,søke,søke,unknown,søke,wordfreq:nb,wordfreq_seeded;deterministically_filtered;structurally_curated
nb,v1,1,925,941,tenkte,tenkte,tenkte,unknown,tenkte,wordfreq:nb,wordfreq_seeded;deterministically_filtered;structurally_curated
nb,v1,1,926,942,tilgjengelig,tilgjengelig,tilgjengelig,unknown,tilgjengelig,wordfreq:nb,wordfreq_seeded;deterministically_filtered;structurally_curated
nb,v1,1,927,943,tom,tom,tom,unknown,tom,wordfreq:nb,wordfreq_seeded;deterministically_filtered;structurally_curated
nb,v1,1,928,944,vinne,vinne,vinne,unknown,vinne,wordfreq:nb,wordfreq_seeded;deterministically_filtered;structurally_curated
nb,v1,1,929,945,ærlig,ærlig,ærlig,unknown,ærlig,wordfreq:nb,wordfreq_seeded;deterministically_filtered;structurally_curated
nb,v1,1,930,946,øker,øker,øker,unknown,øker,wordfreq:nb,wordfreq_seeded;deterministically_filtered;structurally_curated
nb,v1,1,931,947,avhengig,avhengig,avhengig,unknown,avhengig,wordfreq:nb,wordfreq_seeded;deterministically_filtered;structurally_curated
nb,v1,1,932,948,behandling,behandling,behandling,unknown,behandling,wordfreq:nb,wordfreq_seeded;deterministically_filtered;structurally_curated
nb,v1,1,933,949,biler,biler,biler,unknown,biler,wordfreq:nb,wordfreq_seeded;deterministically_filtered;structurally_curated
nb,v1,1,934,950,fare,fare,fare,unknown,fare,wordfreq:nb,wordfreq_seeded;deterministically_filtered;structurally_curated
nb,v1,1,935,951,fjor,fjor,fjor,unknown,fjor,wordfreq:nb,wordfreq_seeded;deterministically_filtered;structurally_curated
nb,v1,1,936,952,høye,høye,høye,unknown,høye,wordfreq:nb,wordfreq_seeded;deterministically_filtered;structurally_curated
nb,v1,1,937,953,januar,januar,januar,unknown,januar,wordfreq:nb,wordfreq_seeded;deterministically_filtered;structurally_curated
nb,v1,1,938,954,kjøpte,kjøpte,kjøpte,unknown,kjøpte,wordfreq:nb,wordfreq_seeded;deterministically_filtered;structurally_curated
nb,v1,1,939,955,klasse,klasse,klasse,unknown,klasse,wordfreq:nb,wordfreq_seeded;deterministically_filtered;structurally_curated
nb,v1,1,940,956,merke,merke,merke,unknown,merke,wordfreq:nb,wordfreq_seeded;deterministically_filtered;structurally_curated
nb,v1,1,941,957,meste,meste,meste,unknown,meste,wordfreq:nb,wordfreq_seeded;deterministically_filtered;structurally_curated
nb,v1,1,942,958,samfunnet,samfunnet,samfunnet,unknown,samfunnet,wordfreq:nb,wordfreq_seeded;deterministically_filtered;structurally_curated
nb,v1,1,943,959,satte,satte,satte,unknown,satte,wordfreq:nb,wordfreq_seeded;deterministically_filtered;structurally_curated
nb,v1,1,944,960,sesong,sesong,sesong,unknown,sesong,wordfreq:nb,wordfreq_seeded;deterministically_filtered;structurally_curated
nb,v1,1,945,961,situasjonen,situasjonen,situasjonen,unknown,situasjonen,wordfreq:nb,wordfreq_seeded;deterministically_filtered;structurally_curated
nb,v1,1,946,962,spørsmålet,spørsmålet,spørsmålet,unknown,spørsmålet,wordfreq:nb,wordfreq_seeded;deterministically_filtered;structurally_curated
nb,v1,1,947,963,stand,stand,stand,unknown,stand,wordfreq:nb,wordfreq_seeded;deterministically_filtered;structurally_curated
nb,v1,1,948,964,tilsvarende,tilsvarende,tilsvarende,unknown,tilsvarende,wordfreq:nb,wordfreq_seeded;deterministically_filtered;structurally_curated
nb,v1,1,949,965,verste,verste,verste,unknown,verste,wordfreq:nb,wordfreq_seeded;deterministically_filtered;structurally_curated
nb,v1,1,950,966,vinner,vinner,vinner,unknown,vinner,wordfreq:nb,wordfreq_seeded;deterministically_filtered;structurally_curated
nb,v1,1,951,967,visste,visste,visste,unknown,visste,wordfreq:nb,wordfreq_seeded;deterministically_filtered;structurally_curated
nb,v1,1,952,968,økonomisk,økonomisk,økonomisk,unknown,økonomisk,wordfreq:nb,wordfreq_seeded;deterministically_filtered;structurally_curated
nb,v1,1,953,970,befolkningen,befolkningen,befolkningen,unknown,befolkningen,wordfreq:nb,wordfreq_seeded;deterministically_filtered;structurally_curated
nb,v1,1,954,971,bygget,bygget,bygget,unknown,bygget,wordfreq:nb,wordfreq_seeded;deterministically_filtered;structurally_curated
nb,v1,1,955,972,eier,eier,eier,unknown,eier,wordfreq:nb,wordfreq_seeded;deterministically_filtered;structurally_curated
nb,v1,1,956,973,fengsel,fengsel,fengsel,unknown,fengsel,wordfreq:nb,wordfreq_seeded;deterministically_filtered;structurally_curated
nb,v1,1,957,974,foreldrene,foreldrene,foreldrene,unknown,foreldrene,wordfreq:nb,wordfreq_seeded;deterministically_filtered;structurally_curated
nb,v1,1,958,975,føre,føre,føre,unknown,føre,wordfreq:nb,wordfreq_seeded;deterministically_filtered;structurally_curated
nb,v1,1,959,976,gift,gift,gift,unknown,gift,wordfreq:nb,wordfreq_seeded;deterministically_filtered;structurally_curated
nb,v1,1,960,977,helvete,helvete,helvete,unknown,helvete,wordfreq:nb,wordfreq_seeded;deterministically_filtered;structurally_curated
nb,v1,1,961,978,inntil,inntil,inntil,unknown,inntil,wordfreq:nb,wordfreq_seeded;deterministically_filtered;structurally_curated
nb,v1,1,962,979,interesse,interesse,interesse,unknown,interesse,wordfreq:nb,wordfreq_seeded;deterministically_filtered;structurally_curated
nb,v1,1,963,980,nærheten,nærheten,nærheten,unknown,nærheten,wordfreq:nb,wordfreq_seeded;deterministically_filtered;structurally_curated
nb,v1,1,964,981,parti,parti,parti,unknown,parti,wordfreq:nb,wordfreq_seeded;deterministically_filtered;structurally_curated
nb,v1,1,965,982,praksis,praksis,praksis,unknown,praksis,wordfreq:nb,wordfreq_seeded;deterministically_filtered;structurally_curated
nb,v1,1,966,983,prøv,prøv,prøv,unknown,prøv,wordfreq:nb,wordfreq_seeded;deterministically_filtered;structurally_curated
nb,v1,1,967,984,rødt,rødt,rødt,unknown,rødt,wordfreq:nb,wordfreq_seeded;deterministically_filtered;structurally_curated
nb,v1,1,968,985,selger,selger,selger,unknown,selger,wordfreq:nb,wordfreq_seeded;deterministically_filtered;structurally_curated
nb,v1,1,969,986,skyld,skyld,skyld,unknown,skyld,wordfreq:nb,wordfreq_seeded;deterministically_filtered;structurally_curated
nb,v1,1,970,987,spilt,spilt,spilt,unknown,spilt,wordfreq:nb,wordfreq_seeded;deterministically_filtered;structurally_curated
nb,v1,1,971,988,spørre,spørre,spørre,unknown,spørre,wordfreq:nb,wordfreq_seeded;deterministically_filtered;structurally_curated
nb,v1,1,972,989,tromsø,tromsø,tromsø,unknown,tromsø,wordfreq:nb,wordfreq_seeded;deterministically_filtered;structurally_curated
nb,v1,1,973,990,tvil,tvil,tvil,unknown,tvil,wordfreq:nb,wordfreq_seeded;deterministically_filtered;structurally_curated
nb,v1,1,974,992,di,di,di,unknown,di,wordfreq:nb,wordfreq_seeded;deterministically_filtered;structurally_curated
nb,v1,1,975,993,gutt,gutt,gutt,unknown,gutt,wordfreq:nb,wordfreq_seeded;deterministically_filtered;structurally_curated
nb,v1,1,976,994,heldigvis,heldigvis,heldigvis,unknown,heldigvis,wordfreq:nb,wordfreq_seeded;deterministically_filtered;structurally_curated
nb,v1,1,977,995,hente,hente,hente,unknown,hente,wordfreq:nb,wordfreq_seeded;deterministically_filtered;structurally_curated
nb,v1,1,978,996,inneholder,inneholder,inneholder,unknown,inneholder,wordfreq:nb,wordfreq_seeded;deterministically_filtered;structurally_curated
nb,v1,1,979,997,knyttet,knyttet,knyttet,unknown,knyttet,wordfreq:nb,wordfreq_seeded;deterministically_filtered;structurally_curated
nb,v1,1,980,998,kunnskap,kunnskap,kunnskap,unknown,kunnskap,wordfreq:nb,wordfreq_seeded;deterministically_filtered;structurally_curated
nb,v1,1,981,999,liksom,liksom,liksom,unknown,liksom,wordfreq:nb,wordfreq_seeded;deterministically_filtered;structurally_curated
nb,v1,1,982,1000,møtte,møtte,møtte,unknown,møtte,wordfreq:nb,wordfreq_seeded;deterministically_filtered;structurally_curated
nb,v1,1,983,1001,naturlig,naturlig,naturlig,unknown,naturlig,wordfreq:nb,wordfreq_seeded;deterministically_filtered;structurally_curated
nb,v1,1,984,1002,oppe,oppe,oppe,unknown,oppe,wordfreq:nb,wordfreq_seeded;deterministically_filtered;structurally_curated
nb,v1,1,985,1003,post,post,post,unknown,post,wordfreq:nb,wordfreq_seeded;deterministically_filtered;structurally_curated
nb,v1,1,986,1004,private,private,private,unknown,private,wordfreq:nb,wordfreq_seeded;deterministically_filtered;structurally_curated
nb,v1,1,987,1005,relativt,relativt,relativt,unknown,relativt,wordfreq:nb,wordfreq_seeded;deterministically_filtered;structurally_curated
nb,v1,1,988,1006,retten,retten,retten,unknown,retten,wordfreq:nb,wordfreq_seeded;deterministically_filtered;structurally_curated
nb,v1,1,989,1007,seriøst,seriøst,seriøst,unknown,seriøst,wordfreq:nb,wordfreq_seeded;deterministically_filtered;structurally_curated
nb,v1,1,990,1008,slippe,slippe,slippe,unknown,slippe,wordfreq:nb,wordfreq_seeded;deterministically_filtered;structurally_curated
nb,v1,1,991,1009,styre,styre,styre,unknown,styre,wordfreq:nb,wordfreq_seeded;deterministically_filtered;structurally_curated
nb,v1,1,992,1010,utover,utover,utover,unknown,utover,wordfreq:nb,wordfreq_seeded;deterministically_filtered;structurally_curated
nb,v1,1,993,1011,vanlige,vanlige,vanlige,unknown,vanlige,wordfreq:nb,wordfreq_seeded;deterministically_filtered;structurally_curated
nb,v1,1,994,1012,betalt,betalt,betalt,unknown,betalt,wordfreq:nb,wordfreq_seeded;deterministically_filtered;structurally_curated
nb,v1,1,995,1013,forskjell,forskjell,forskjell,unknown,forskjell,wordfreq:nb,wordfreq_seeded;deterministically_filtered;structurally_curated
nb,v1,1,996,1014,juni,juni,juni,unknown,juni,wordfreq:nb,wordfreq_seeded;deterministically_filtered;structurally_curated
nb,v1,1,997,1015,kvelden,kvelden,kvelden,unknown,kvelden,wordfreq:nb,wordfreq_seeded;deterministically_filtered;structurally_curated
nb,v1,1,998,1016,likte,likte,likte,unknown,likte,wordfreq:nb,wordfreq_seeded;deterministically_filtered;structurally_curated
nb,v1,1,999,1017,muligheter,muligheter,muligheter,unknown,muligheter,wordfreq:nb,wordfreq_seeded;deterministically_filtered;structurally_curated
nb,v1,1,1000,1018,normalt,normalt,normalt,unknown,normalt,wordfreq:nb,wordfreq_seeded;deterministically_filtered;structurally_curated
nb,v1,2,1001,1019,nærmere,nærmere,nærmere,unknown,nærmere,wordfreq:nb,wordfreq_seeded;deterministically_filtered;structurally_curated
nb,v1,2,1002,1020,politi,politi,politi,unknown,politi,wordfreq:nb,wordfreq_seeded;deterministically_filtered;structurally_curated
nb,v1,2,1003,1021,pr,pr,pr,unknown,pr,wordfreq:nb,wordfreq_seeded;deterministically_filtered;structurally_curated
nb,v1,2,1004,1022,president,president,president,unknown,president,wordfreq:nb,wordfreq_seeded;deterministically_filtered;structurally_curated
nb,v1,2,1005,1023,resultat,resultat,resultat,unknown,resultat,wordfreq:nb,wordfreq_seeded;deterministically_filtered;structurally_curated
nb,v1,2,1006,1024,retning,retning,retning,unknown,retning,wordfreq:nb,wordfreq_seeded;deterministically_filtered;structurally_curated
nb,v1,2,1007,1025,støtter,støtter,støtter,unknown,støtter,wordfreq:nb,wordfreq_seeded;deterministically_filtered;structurally_curated
nb,v1,2,1008,1026,svare,svare,svare,unknown,svare,wordfreq:nb,wordfreq_seeded;deterministically_filtered;structurally_curated
nb,v1,2,1009,1027,you,you,you,unknown,you,wordfreq:nb,wordfreq_seeded;deterministically_filtered;structurally_curated
nb,v1,2,1010,1028,bestemt,bestemt,bestemt,unknown,bestemt,wordfreq:nb,wordfreq_seeded;deterministically_filtered;structurally_curated
nb,v1,2,1011,1029,består,består,består,unknown,består,wordfreq:nb,wordfreq_seeded;deterministically_filtered;structurally_curated
nb,v1,2,1012,1030,betydning,betydning,betydning,unknown,betydning,wordfreq:nb,wordfreq_seeded;deterministically_filtered;structurally_curated
nb,v1,2,1013,1031,dame,dame,dame,unknown,dame,wordfreq:nb,wordfreq_seeded;deterministically_filtered;structurally_curated
nb,v1,2,1014,1032,ennå,ennå,ennå,unknown,ennå,wordfreq:nb,wordfreq_seeded;deterministically_filtered;structurally_curated
nb,v1,2,1015,1033,etterpå,etterpå,etterpå,unknown,etterpå,wordfreq:nb,wordfreq_seeded;deterministically_filtered;structurally_curated
nb,v1,2,1016,1035,forbi,forbi,forbi,unknown,forbi,wordfreq:nb,wordfreq_seeded;deterministically_filtered;structurally_curated
nb,v1,2,1017,1036,forklare,forklare,forklare,unknown,forklare,wordfreq:nb,wordfreq_seeded;deterministically_filtered;structurally_curated
nb,v1,2,1018,1037,g,g,g,unknown,g,wordfreq:nb,wordfreq_seeded;deterministically_filtered;structurally_curated
nb,v1,2,1019,1038,interessert,interessert,interessert,unknown,interessert,wordfreq:nb,wordfreq_seeded;deterministically_filtered;structurally_curated
nb,v1,2,1020,1039,kjæreste,kjæreste,kjæreste,unknown,kjæreste,wordfreq:nb,wordfreq_seeded;deterministically_filtered;structurally_curated
nb,v1,2,1021,1040,klubben,klubben,klubben,unknown,klubben,wordfreq:nb,wordfreq_seeded;deterministically_filtered;structurally_curated
nb,v1,2,1022,1041,kraftig,kraftig,kraftig,unknown,kraftig,wordfreq:nb,wordfreq_seeded;deterministically_filtered;structurally_curated
nb,v1,2,1023,1042,lav,lav,lav,unknown,lav,wordfreq:nb,wordfreq_seeded;deterministically_filtered;structurally_curated
nb,v1,2,1024,1043,merkelig,merkelig,merkelig,unknown,merkelig,wordfreq:nb,wordfreq_seeded;deterministically_filtered;structurally_curated
nb,v1,2,1025,1044,on,on,on,unknown,on,wordfreq:nb,wordfreq_seeded;deterministically_filtered;structurally_curated
nb,v1,2,1026,1045,plan,plan,plan,unknown,plan,wordfreq:nb,wordfreq_seeded;deterministically_filtered;structurally_curated
nb,v1,2,1027,1046,politikere,politikere,politikere,unknown,politikere,wordfreq:nb,wordfreq_seeded;deterministically_filtered;structurally_curated
nb,v1,2,1028,1047,programmet,programmet,programmet,unknown,programmet,wordfreq:nb,wordfreq_seeded;deterministically_filtered;structurally_curated
nb,v1,2,1029,1048,salg,salg,salg,unknown,salg,wordfreq:nb,wordfreq_seeded;deterministically_filtered;structurally_curated
nb,v1,2,1030,1049,samlet,samlet,samlet,unknown,samlet,wordfreq:nb,wordfreq_seeded;deterministically_filtered;structurally_curated
nb,v1,2,1031,1050,sikre,sikre,sikre,unknown,sikre,wordfreq:nb,wordfreq_seeded;deterministically_filtered;structurally_curated
nb,v1,2,1032,1051,skaper,skaper,skaper,unknown,skaper,wordfreq:nb,wordfreq_seeded;deterministically_filtered;structurally_curated
nb,v1,2,1033,1052,stiller,stiller,stiller,unknown,stiller,wordfreq:nb,wordfreq_seeded;deterministically_filtered;structurally_curated
nb,v1,2,1034,1053,system,system,system,unknown,system,wordfreq:nb,wordfreq_seeded;deterministically_filtered;structurally_curated
nb,v1,2,1035,1054,tilfeller,tilfeller,tilfeller,unknown,tilfeller,wordfreq:nb,wordfreq_seeded;deterministically_filtered;structurally_curated
nb,v1,2,1036,1055,tiltak,tiltak,tiltak,unknown,tiltak,wordfreq:nb,wordfreq_seeded;deterministically_filtered;structurally_curated
nb,v1,2,1037,1056,anbefaler,anbefaler,anbefaler,unknown,anbefaler,wordfreq:nb,wordfreq_seeded;deterministically_filtered;structurally_curated
nb,v1,2,1038,1057,betydelig,betydelig,betydelig,unknown,betydelig,wordfreq:nb,wordfreq_seeded;deterministically_filtered;structurally_curated
nb,v1,2,1039,1058,bytte,bytte,bytte,unknown,bytte,wordfreq:nb,wordfreq_seeded;deterministically_filtered;structurally_curated
nb,v1,2,1040,1059,city,city,city,unknown,city,wordfreq:nb,wordfreq_seeded;deterministically_filtered;structurally_curated
nb,v1,2,1041,1060,data,data,data,unknown,data,wordfreq:nb,wordfreq_seeded;deterministically_filtered;structurally_curated
nb,v1,2,1042,1061,glede,glede,glede,unknown,glede,wordfreq:nb,wordfreq_seeded;deterministically_filtered;structurally_curated
nb,v1,2,1043,1062,grupper,grupper,grupper,unknown,grupper,wordfreq:nb,wordfreq_seeded;deterministically_filtered;structurally_curated
nb,v1,2,1044,1063,innlegg,innlegg,innlegg,unknown,innlegg,wordfreq:nb,wordfreq_seeded;deterministically_filtered;structurally_curated
nb,v1,2,1045,1064,innom,innom,innom,unknown,innom,wordfreq:nb,wordfreq_seeded;deterministically_filtered;structurally_curated
nb,v1,2,1046,1065,internett,internett,internett,unknown,internett,wordfreq:nb,wordfreq_seeded;deterministically_filtered;structurally_curated
nb,v1,2,1047,1066,jan,jan,jan,unknown,jan,wordfreq:nb,wordfreq_seeded;deterministically_filtered;structurally_curated
nb,v1,2,1048,1067,juli,juli,juli,unknown,juli,wordfreq:nb,wordfreq_seeded;deterministically_filtered;structurally_curated
nb,v1,2,1049,1068,kjæresten,kjæresten,kjæresten,unknown,kjæresten,wordfreq:nb,wordfreq_seeded;deterministically_filtered;structurally_curated
nb,v1,2,1050,1069,kvalitet,kvalitet,kvalitet,unknown,kvalitet,wordfreq:nb,wordfreq_seeded;deterministically_filtered;structurally_curated
nb,v1,2,1051,1070,mister,mister,mister,unknown,mister,wordfreq:nb,wordfreq_seeded;deterministically_filtered;structurally_curated
nb,v1,2,1052,1071,møtt,møtt,møtt,unknown,møtt,wordfreq:nb,wordfreq_seeded;deterministically_filtered;structurally_curated
nb,v1,2,1053,1072,redde,redde,redde,unknown,redde,wordfreq:nb,wordfreq_seeded;deterministically_filtered;structurally_curated
nb,v1,2,1054,1073,start,start,start,unknown,start,wordfreq:nb,wordfreq_seeded;deterministically_filtered;structurally_curated
nb,v1,2,1055,1074,systemet,systemet,systemet,unknown,systemet,wordfreq:nb,wordfreq_seeded;deterministically_filtered;structurally_curated
nb,v1,2,1056,1075,tap,tap,tap,unknown,tap,wordfreq:nb,wordfreq_seeded;deterministically_filtered;structurally_curated
nb,v1,2,1057,1076,trening,trening,trening,unknown,trening,wordfreq:nb,wordfreq_seeded;deterministically_filtered;structurally_curated
nb,v1,2,1058,1077,utgjør,utgjør,utgjør,unknown,utgjør,wordfreq:nb,wordfreq_seeded;deterministically_filtered;structurally_curated
nb,v1,2,1059,1078,utsatt,utsatt,utsatt,unknown,utsatt,wordfreq:nb,wordfreq_seeded;deterministically_filtered;structurally_curated
nb,v1,2,1060,1079,videregående,videregående,videregående,unknown,videregående,wordfreq:nb,wordfreq_seeded;deterministically_filtered;structurally_curated
nb,v1,2,1061,1080,åpner,åpner,åpner,unknown,åpner,wordfreq:nb,wordfreq_seeded;deterministically_filtered;structurally_curated
nb,v1,2,1062,1081,års,års,års,unknown,års,wordfreq:nb,wordfreq_seeded;deterministically_filtered;structurally_curated
nb,v1,2,1063,1082,avtale,avtale,avtale,unknown,avtale,wordfreq:nb,wordfreq_seeded;deterministically_filtered;structurally_curated
nb,v1,2,1064,1083,beklager,beklager,beklager,unknown,beklager,wordfreq:nb,wordfreq_seeded;deterministically_filtered;structurally_curated
nb,v1,2,1065,1084,falt,falt,falt,unknown,falt,wordfreq:nb,wordfreq_seeded;deterministically_filtered;structurally_curated
nb,v1,2,1066,1085,filmer,filmer,filmer,unknown,filmer,wordfreq:nb,wordfreq_seeded;deterministically_filtered;structurally_curated
nb,v1,2,1067,1086,fysisk,fysisk,fysisk,unknown,fysisk,wordfreq:nb,wordfreq_seeded;deterministically_filtered;structurally_curated
nb,v1,2,1068,1087,høyeste,høyeste,høyeste,unknown,høyeste,wordfreq:nb,wordfreq_seeded;deterministically_filtered;structurally_curated
nb,v1,2,1069,1088,jenta,jenta,jenta,unknown,jenta,wordfreq:nb,wordfreq_seeded;deterministically_filtered;structurally_curated
nb,v1,2,1070,1089,kjørte,kjørte,kjørte,unknown,kjørte,wordfreq:nb,wordfreq_seeded;deterministically_filtered;structurally_curated
nb,v1,2,1071,1090,le,le,le,unknown,le,wordfreq:nb,wordfreq_seeded;deterministically_filtered;structurally_curated
nb,v1,2,1072,1091,muligheten,muligheten,muligheten,unknown,muligheten,wordfreq:nb,wordfreq_seeded;deterministically_filtered;structurally_curated
nb,v1,2,1073,1092,måter,måter,måter,unknown,måter,wordfreq:nb,wordfreq_seeded;deterministically_filtered;structurally_curated
nb,v1,2,1074,1093,november,november,november,unknown,november,wordfreq:nb,wordfreq_seeded;deterministically_filtered;structurally_curated
nb,v1,2,1075,1094,rettigheter,rettigheter,rettigheter,unknown,rettigheter,wordfreq:nb,wordfreq_seeded;deterministically_filtered;structurally_curated
nb,v1,2,1076,1095,solgt,solgt,solgt,unknown,solgt,wordfreq:nb,wordfreq_seeded;deterministically_filtered;structurally_curated
nb,v1,2,1077,1096,styrke,styrke,styrke,unknown,styrke,wordfreq:nb,wordfreq_seeded;deterministically_filtered;structurally_curated
nb,v1,2,1078,1097,sv,sv,sv,unknown,sv,wordfreq:nb,wordfreq_seeded;deterministically_filtered;structurally_curated
nb,v1,2,1079,1098,tilgang,tilgang,tilgang,unknown,tilgang,wordfreq:nb,wordfreq_seeded;deterministically_filtered;structurally_curated
nb,v1,2,1080,1099,trist,trist,trist,unknown,trist,wordfreq:nb,wordfreq_seeded;deterministically_filtered;structurally_curated
nb,v1,2,1081,1100,ung,ung,ung,unknown,ung,wordfreq:nb,wordfreq_seeded;deterministically_filtered;structurally_curated
nb,v1,2,1082,1101,york,york,york,unknown,york,wordfreq:nb,wordfreq_seeded;deterministically_filtered;structurally_curated
nb,v1,2,1083,1102,økonomiske,økonomiske,økonomiske,unknown,økonomiske,wordfreq:nb,wordfreq_seeded;deterministically_filtered;structurally_curated
nb,v1,2,1084,1103,barnet,barnet,barnet,unknown,barnet,wordfreq:nb,wordfreq_seeded;deterministically_filtered;structurally_curated
nb,v1,2,1085,1104,bolig,bolig,bolig,unknown,bolig,wordfreq:nb,wordfreq_seeded;deterministically_filtered;structurally_curated
nb,v1,2,1086,1105,dør,dør,dør,unknown,dør,wordfreq:nb,wordfreq_seeded;deterministically_filtered;structurally_curated
nb,v1,2,1087,1106,ender,ender,ender,unknown,ender,wordfreq:nb,wordfreq_seeded;deterministically_filtered;structurally_curated
nb,v1,2,1088,1107,enhver,enhver,enhver,unknown,enhver,wordfreq:nb,wordfreq_seeded;deterministically_filtered;structurally_curated
nb,v1,2,1089,1108,etterhvert,etterhvert,etterhvert,unknown,etterhvert,wordfreq:nb,wordfreq_seeded;deterministically_filtered;structurally_curated
nb,v1,2,1090,1109,fjerne,fjerne,fjerne,unknown,fjerne,wordfreq:nb,wordfreq_seeded;deterministically_filtered;structurally_curated
nb,v1,2,1091,1110,fremtiden,fremtiden,fremtiden,unknown,fremtiden,wordfreq:nb,wordfreq_seeded;deterministically_filtered;structurally_curated
nb,v1,2,1092,1111,hold,hold,hold,unknown,hold,wordfreq:nb,wordfreq_seeded;deterministically_filtered;structurally_curated
nb,v1,2,1093,1112,hør,hør,hør,unknown,hør,wordfreq:nb,wordfreq_seeded;deterministically_filtered;structurally_curated
nb,v1,2,1094,1113,lørdag,lørdag,lørdag,unknown,lørdag,wordfreq:nb,wordfreq_seeded;deterministically_filtered;structurally_curated
nb,v1,2,1095,1114,løse,løse,løse,unknown,løse,wordfreq:nb,wordfreq_seeded;deterministically_filtered;structurally_curated
nb,v1,2,1096,1115,me,me,me,unknown,me,wordfreq:nb,wordfreq_seeded;deterministically_filtered;structurally_curated
nb,v1,2,1097,1116,miste,miste,miste,unknown,miste,wordfreq:nb,wordfreq_seeded;deterministically_filtered;structurally_curated
nb,v1,2,1098,1117,olje,olje,olje,unknown,olje,wordfreq:nb,wordfreq_seeded;deterministically_filtered;structurally_curated
nb,v1,2,1099,1118,periode,periode,periode,unknown,periode,wordfreq:nb,wordfreq_seeded;deterministically_filtered;structurally_curated
nb,v1,2,1100,1119,resultatet,resultatet,resultatet,unknown,resultatet,wordfreq:nb,wordfreq_seeded;deterministically_filtered;structurally_curated
nb,v1,2,1101,1120,sent,sent,sent,unknown,sent,wordfreq:nb,wordfreq_seeded;deterministically_filtered;structurally_curated
nb,v1,2,1102,1121,serien,serien,serien,unknown,serien,wordfreq:nb,wordfreq_seeded;deterministically_filtered;structurally_curated
nb,v1,2,1103,1122,spillet,spillet,spillet,unknown,spillet,wordfreq:nb,wordfreq_seeded;deterministically_filtered;structurally_curated
nb,v1,2,1104,1123,stilling,stilling,stilling,unknown,stilling,wordfreq:nb,wordfreq_seeded;deterministically_filtered;structurally_curated
nb,v1,2,1105,1124,stoppe,stoppe,stoppe,unknown,stoppe,wordfreq:nb,wordfreq_seeded;deterministically_filtered;structurally_curated
nb,v1,2,1106,1125,studenter,studenter,studenter,unknown,studenter,wordfreq:nb,wordfreq_seeded;deterministically_filtered;structurally_curated
nb,v1,2,1107,1126,syk,syk,syk,unknown,syk,wordfreq:nb,wordfreq_seeded;deterministically_filtered;structurally_curated
nb,v1,2,1108,1127,tekst,tekst,tekst,unknown,tekst,wordfreq:nb,wordfreq_seeded;deterministically_filtered;structurally_curated
nb,v1,2,1109,1128,tjeneste,tjeneste,tjeneste,unknown,tjeneste,wordfreq:nb,wordfreq_seeded;deterministically_filtered;structurally_curated
nb,v1,2,1110,1129,toppen,toppen,toppen,unknown,toppen,wordfreq:nb,wordfreq_seeded;deterministically_filtered;structurally_curated
nb,v1,2,1111,1130,trolig,trolig,trolig,unknown,trolig,wordfreq:nb,wordfreq_seeded;deterministically_filtered;structurally_curated
nb,v1,2,1112,1131,trøndelag,trøndelag,trøndelag,unknown,trøndelag,wordfreq:nb,wordfreq_seeded;deterministically_filtered;structurally_curated
nb,v1,2,1113,1132,utviklingen,utviklingen,utviklingen,unknown,utviklingen,wordfreq:nb,wordfreq_seeded;deterministically_filtered;structurally_curated
nb,v1,2,1114,1133,video,video,video,unknown,video,wordfreq:nb,wordfreq_seeded;deterministically_filtered;structurally_curated
nb,v1,2,1115,1134,begynt,begynt,begynt,unknown,begynt,wordfreq:nb,wordfreq_seeded;deterministically_filtered;structurally_curated
nb,v1,2,1116,1135,billig,billig,billig,unknown,billig,wordfreq:nb,wordfreq_seeded;deterministically_filtered;structurally_curated
nb,v1,2,1117,1136,debatten,debatten,debatten,unknown,debatten,wordfreq:nb,wordfreq_seeded;deterministically_filtered;structurally_curated
nb,v1,2,1118,1137,drive,drive,drive,unknown,drive,wordfreq:nb,wordfreq_seeded;deterministically_filtered;structurally_curated
nb,v1,2,1119,1138,faren,faren,faren,unknown,faren,wordfreq:nb,wordfreq_seeded;deterministically_filtered;structurally_curated
nb,v1,2,1120,1139,februar,februar,februar,unknown,februar,wordfreq:nb,wordfreq_seeded;deterministically_filtered;structurally_curated
nb,v1,2,1121,1140,flest,flest,flest,unknown,flest,wordfreq:nb,wordfreq_seeded;deterministically_filtered;structurally_curated
nb,v1,2,1122,1141,fullstendig,fullstendig,fullstendig,unknown,fullstendig,wordfreq:nb,wordfreq_seeded;deterministically_filtered;structurally_curated
nb,v1,2,1123,1142,gleder,gleder,gleder,unknown,gleder,wordfreq:nb,wordfreq_seeded;deterministically_filtered;structurally_curated
nb,v1,2,1124,1143,grunnlag,grunnlag,grunnlag,unknown,grunnlag,wordfreq:nb,wordfreq_seeded;deterministically_filtered;structurally_curated
nb,v1,2,1125,1144,hvilket,hvilket,hvilket,unknown,hvilket,wordfreq:nb,wordfreq_seeded;deterministically_filtered;structurally_curated
nb,v1,2,1126,1145,igjennom,igjennom,igjennom,unknown,igjennom,wordfreq:nb,wordfreq_seeded;deterministically_filtered;structurally_curated
nb,v1,2,1127,1146,jentene,jentene,jentene,unknown,jentene,wordfreq:nb,wordfreq_seeded;deterministically_filtered;structurally_curated
nb,v1,2,1128,1147,koster,koster,koster,unknown,koster,wordfreq:nb,wordfreq_seeded;deterministically_filtered;structurally_curated
nb,v1,2,1129,1148,krf,krf,krf,unknown,krf,wordfreq:nb,wordfreq_seeded;deterministically_filtered;structurally_curated
nb,v1,2,1130,1149,kristne,kristne,kristne,unknown,kristne,wordfreq:nb,wordfreq_seeded;deterministically_filtered;structurally_curated
nb,v1,2,1131,1150,kult,kult,kult,unknown,kult,wordfreq:nb,wordfreq_seeded;deterministically_filtered;structurally_curated
nb,v1,2,1132,1151,langs,langs,langs,unknown,langs,wordfreq:nb,wordfreq_seeded;deterministically_filtered;structurally_curated
nb,v1,2,1133,1152,ligge,ligge,ligge,unknown,ligge,wordfreq:nb,wordfreq_seeded;deterministically_filtered;structurally_curated
nb,v1,2,1134,1153,målet,målet,målet,unknown,målet,wordfreq:nb,wordfreq_seeded;deterministically_filtered;structurally_curated
nb,v1,2,1135,1154,nevnt,nevnt,nevnt,unknown,nevnt,wordfreq:nb,wordfreq_seeded;deterministically_filtered;structurally_curated
nb,v1,2,1136,1155,reiser,reiser,reiser,unknown,reiser,wordfreq:nb,wordfreq_seeded;deterministically_filtered;structurally_curated
nb,v1,2,1137,1156,selskap,selskap,selskap,unknown,selskap,wordfreq:nb,wordfreq_seeded;deterministically_filtered;structurally_curated
nb,v1,2,1138,1157,sove,sove,sove,unknown,sove,wordfreq:nb,wordfreq_seeded;deterministically_filtered;structurally_curated
nb,v1,2,1139,1158,svenske,svenske,svenske,unknown,svenske,wordfreq:nb,wordfreq_seeded;deterministically_filtered;structurally_curated
nb,v1,2,1140,1159,tilbud,tilbud,tilbud,unknown,tilbud,wordfreq:nb,wordfreq_seeded;deterministically_filtered;structurally_curated
nb,v1,2,1141,1160,trekke,trekke,trekke,unknown,trekke,wordfreq:nb,wordfreq_seeded;deterministically_filtered;structurally_curated
nb,v1,2,1142,1161,vanligvis,vanligvis,vanligvis,unknown,vanligvis,wordfreq:nb,wordfreq_seeded;deterministically_filtered;structurally_curated
nb,v1,2,1143,1162,vest,vest,vest,unknown,vest,wordfreq:nb,wordfreq_seeded;deterministically_filtered;structurally_curated
nb,v1,2,1144,1163,betaler,betaler,betaler,unknown,betaler,wordfreq:nb,wordfreq_seeded;deterministically_filtered;structurally_curated
nb,v1,2,1145,1164,bidra,bidra,bidra,unknown,bidra,wordfreq:nb,wordfreq_seeded;deterministically_filtered;structurally_curated
nb,v1,2,1146,1165,boken,boken,boken,unknown,boken,wordfreq:nb,wordfreq_seeded;deterministically_filtered;structurally_curated
nb,v1,2,1147,1166,butikken,butikken,butikken,unknown,butikken,wordfreq:nb,wordfreq_seeded;deterministically_filtered;structurally_curated
nb,v1,2,1148,1167,datter,datter,datter,unknown,datter,wordfreq:nb,wordfreq_seeded;deterministically_filtered;structurally_curated
nb,v1,2,1149,1168,desember,desember,desember,unknown,desember,wordfreq:nb,wordfreq_seeded;deterministically_filtered;structurally_curated
nb,v1,2,1150,1169,fortjener,fortjener,fortjener,unknown,fortjener,wordfreq:nb,wordfreq_seeded;deterministically_filtered;structurally_curated
nb,v1,2,1151,1170,fredag,fredag,fredag,unknown,fredag,wordfreq:nb,wordfreq_seeded;deterministically_filtered;structurally_curated
nb,v1,2,1152,1171,fyr,fyr,fyr,unknown,fyr,wordfreq:nb,wordfreq_seeded;deterministically_filtered;structurally_curated
nb,v1,2,1153,1172,grunnen,grunnen,grunnen,unknown,grunnen,wordfreq:nb,wordfreq_seeded;deterministically_filtered;structurally_curated
nb,v1,2,1154,1173,gruppen,gruppen,gruppen,unknown,gruppen,wordfreq:nb,wordfreq_seeded;deterministically_filtered;structurally_curated
nb,v1,2,1155,1174,herregud,herregud,herregud,unknown,herregud,wordfreq:nb,wordfreq_seeded;deterministically_filtered;structurally_curated
nb,v1,2,1156,1175,lurt,lurt,lurt,unknown,lurt,wordfreq:nb,wordfreq_seeded;deterministically_filtered;structurally_curated
nb,v1,2,1157,1176,oversikt,oversikt,oversikt,unknown,oversikt,wordfreq:nb,wordfreq_seeded;deterministically_filtered;structurally_curated
nb,v1,2,1158,1177,privat,privat,privat,unknown,privat,wordfreq:nb,wordfreq_seeded;deterministically_filtered;structurally_curated
nb,v1,2,1159,1178,prøvd,prøvd,prøvd,unknown,prøvd,wordfreq:nb,wordfreq_seeded;deterministically_filtered;structurally_curated
nb,v1,2,1160,1179,regel,regel,regel,unknown,regel,wordfreq:nb,wordfreq_seeded;deterministically_filtered;structurally_curated
nb,v1,2,1161,1180,skaffe,skaffe,skaffe,unknown,skaffe,wordfreq:nb,wordfreq_seeded;deterministically_filtered;structurally_curated
nb,v1,2,1162,1181,utlandet,utlandet,utlandet,unknown,utlandet,wordfreq:nb,wordfreq_seeded;deterministically_filtered;structurally_curated
nb,v1,2,1163,1182,åpenbart,åpenbart,åpenbart,unknown,åpenbart,wordfreq:nb,wordfreq_seeded;deterministically_filtered;structurally_curated
nb,v1,2,1164,1183,åpent,åpent,åpent,unknown,åpent,wordfreq:nb,wordfreq_seeded;deterministically_filtered;structurally_curated
nb,v1,2,1165,1184,ødelegge,ødelegge,ødelegge,unknown,ødelegge,wordfreq:nb,wordfreq_seeded;deterministically_filtered;structurally_curated
nb,v1,2,1166,1185,øl,øl,øl,unknown,øl,wordfreq:nb,wordfreq_seeded;deterministically_filtered;structurally_curated
nb,v1,2,1167,1186,øyne,øyne,øyne,unknown,øyne,wordfreq:nb,wordfreq_seeded;deterministically_filtered;structurally_curated
nb,v1,2,1168,1187,blå,blå,blå,unknown,blå,wordfreq:nb,wordfreq_seeded;deterministically_filtered;structurally_curated
nb,v1,2,1169,1188,dømt,dømt,dømt,unknown,dømt,wordfreq:nb,wordfreq_seeded;deterministically_filtered;structurally_curated
nb,v1,2,1170,1189,endringer,endringer,endringer,unknown,endringer,wordfreq:nb,wordfreq_seeded;deterministically_filtered;structurally_curated
nb,v1,2,1171,1190,enklere,enklere,enklere,unknown,enklere,wordfreq:nb,wordfreq_seeded;deterministically_filtered;structurally_curated
nb,v1,2,1172,1191,flyktninger,flyktninger,flyktninger,unknown,flyktninger,wordfreq:nb,wordfreq_seeded;deterministically_filtered;structurally_curated
nb,v1,2,1173,1193,greier,greier,greier,unknown,greier,wordfreq:nb,wordfreq_seeded;deterministically_filtered;structurally_curated
nb,v1,2,1174,1194,henger,henger,henger,unknown,henger,wordfreq:nb,wordfreq_seeded;deterministically_filtered;structurally_curated
nb,v1,2,1175,1195,innsats,innsats,innsats,unknown,innsats,wordfreq:nb,wordfreq_seeded;deterministically_filtered;structurally_curated
nb,v1,2,1176,1196,jul,jul,jul,unknown,jul,wordfreq:nb,wordfreq_seeded;deterministically_filtered;structurally_curated
nb,v1,2,1177,1197,jævlig,jævlig,jævlig,unknown,jævlig,wordfreq:nb,wordfreq_seeded;deterministically_filtered;structurally_curated
nb,v1,2,1178,1198,kalle,kalle,kalle,unknown,kalle,wordfreq:nb,wordfreq_seeded;deterministically_filtered;structurally_curated
nb,v1,2,1179,1199,kaste,kaste,kaste,unknown,kaste,wordfreq:nb,wordfreq_seeded;deterministically_filtered;structurally_curated
nb,v1,2,1180,1200,klokken,klokken,klokken,unknown,klokken,wordfreq:nb,wordfreq_seeded;deterministically_filtered;structurally_curated
nb,v1,2,1181,1201,kritikk,kritikk,kritikk,unknown,kritikk,wordfreq:nb,wordfreq_seeded;deterministically_filtered;structurally_curated
nb,v1,2,1182,1202,lignende,lignende,lignende,unknown,lignende,wordfreq:nb,wordfreq_seeded;deterministically_filtered;structurally_curated
nb,v1,2,1183,1203,menneske,menneske,menneske,unknown,menneske,wordfreq:nb,wordfreq_seeded;deterministically_filtered;structurally_curated
nb,v1,2,1184,1204,nede,nede,nede,unknown,nede,wordfreq:nb,wordfreq_seeded;deterministically_filtered;structurally_curated
nb,v1,2,1185,1205,oktober,oktober,oktober,unknown,oktober,wordfreq:nb,wordfreq_seeded;deterministically_filtered;structurally_curated
nb,v1,2,1186,1206,oppmerksomhet,oppmerksomhet,oppmerksomhet,unknown,oppmerksomhet,wordfreq:nb,wordfreq_seeded;deterministically_filtered;structurally_curated
nb,v1,2,1187,1207,perioden,perioden,perioden,unknown,perioden,wordfreq:nb,wordfreq_seeded;deterministically_filtered;structurally_curated
nb,v1,2,1188,1208,poenget,poenget,poenget,unknown,poenget,wordfreq:nb,wordfreq_seeded;deterministically_filtered;structurally_curated
nb,v1,2,1189,1209,rike,rike,rike,unknown,rike,wordfreq:nb,wordfreq_seeded;deterministically_filtered;structurally_curated
nb,v1,2,1190,1210,samfunn,samfunn,samfunn,unknown,samfunn,wordfreq:nb,wordfreq_seeded;deterministically_filtered;structurally_curated
nb,v1,2,1191,1211,sikkerhet,sikkerhet,sikkerhet,unknown,sikkerhet,wordfreq:nb,wordfreq_seeded;deterministically_filtered;structurally_curated
nb,v1,2,1192,1212,virke,virke,virke,unknown,virke,wordfreq:nb,wordfreq_seeded;deterministically_filtered;structurally_curated
nb,v1,2,1193,1213,ødelagt,ødelagt,ødelagt,unknown,ødelagt,wordfreq:nb,wordfreq_seeded;deterministically_filtered;structurally_curated
nb,v1,2,1194,1214,beskjed,beskjed,beskjed,unknown,beskjed,wordfreq:nb,wordfreq_seeded;deterministically_filtered;structurally_curated
nb,v1,2,1195,1215,delta,delta,delta,unknown,delta,wordfreq:nb,wordfreq_seeded;deterministically_filtered;structurally_curated
nb,v1,2,1196,1216,faller,faller,faller,unknown,faller,wordfreq:nb,wordfreq_seeded;deterministically_filtered;structurally_curated
nb,v1,2,1197,1217,fremst,fremst,fremst,unknown,fremst,wordfreq:nb,wordfreq_seeded;deterministically_filtered;structurally_curated
nb,v1,2,1198,1218,gratulerer,gratulerer,gratulerer,unknown,gratulerer,wordfreq:nb,wordfreq_seeded;deterministically_filtered;structurally_curated
nb,v1,2,1199,1219,hundre,hundre,hundre,unknown,hundre,wordfreq:nb,wordfreq_seeded;deterministically_filtered;structurally_curated
nb,v1,2,1200,1220,lært,lært,lært,unknown,lært,wordfreq:nb,wordfreq_seeded;deterministically_filtered;structurally_curated
nb,v1,2,1201,1221,nettet,nettet,nettet,unknown,nettet,wordfreq:nb,wordfreq_seeded;deterministically_filtered;structurally_curated
nb,v1,2,1202,1222,ni,ni,ni,unknown,ni,wordfreq:nb,wordfreq_seeded;deterministically_filtered;structurally_curated
nb,v1,2,1203,1223,ren,ren,ren,unknown,ren,wordfreq:nb,wordfreq_seeded;deterministically_filtered;structurally_curated
nb,v1,2,1204,1224,respekt,respekt,respekt,unknown,respekt,wordfreq:nb,wordfreq_seeded;deterministically_filtered;structurally_curated
nb,v1,2,1205,1225,rommet,rommet,rommet,unknown,rommet,wordfreq:nb,wordfreq_seeded;deterministically_filtered;structurally_curated
nb,v1,2,1206,1226,runde,runde,runde,unknown,runde,wordfreq:nb,wordfreq_seeded;deterministically_filtered;structurally_curated
nb,v1,2,1207,1227,røde,røde,røde,unknown,røde,wordfreq:nb,wordfreq_seeded;deterministically_filtered;structurally_curated
nb,v1,2,1208,1228,sang,sang,sang,unknown,sang,wordfreq:nb,wordfreq_seeded;deterministically_filtered;structurally_curated
nb,v1,2,1209,1229,seier,seier,seier,unknown,seier,wordfreq:nb,wordfreq_seeded;deterministically_filtered;structurally_curated
nb,v1,2,1210,1230,sjansen,sjansen,sjansen,unknown,sjansen,wordfreq:nb,wordfreq_seeded;deterministically_filtered;structurally_curated
nb,v1,2,1211,1231,skadet,skadet,skadet,unknown,skadet,wordfreq:nb,wordfreq_seeded;deterministically_filtered;structurally_curated
nb,v1,2,1212,1232,sykehus,sykehus,sykehus,unknown,sykehus,wordfreq:nb,wordfreq_seeded;deterministically_filtered;structurally_curated
nb,v1,2,1213,1233,syntes,syntes,syntes,unknown,syntes,wordfreq:nb,wordfreq_seeded;deterministically_filtered;structurally_curated
nb,v1,2,1214,1234,tydelig,tydelig,tydelig,unknown,tydelig,wordfreq:nb,wordfreq_seeded;deterministically_filtered;structurally_curated
nb,v1,2,1215,1235,uavhengig,uavhengig,uavhengig,unknown,uavhengig,wordfreq:nb,wordfreq_seeded;deterministically_filtered;structurally_curated
nb,v1,2,1216,1236,ukjent,ukjent,ukjent,unknown,ukjent,wordfreq:nb,wordfreq_seeded;deterministically_filtered;structurally_curated
nb,v1,2,1217,1237,vannet,vannet,vannet,unknown,vannet,wordfreq:nb,wordfreq_seeded;deterministically_filtered;structurally_curated
nb,v1,2,1218,1238,versjon,versjon,versjon,unknown,versjon,wordfreq:nb,wordfreq_seeded;deterministically_filtered;structurally_curated
nb,v1,2,1219,1239,altfor,altfor,altfor,unknown,altfor,wordfreq:nb,wordfreq_seeded;deterministically_filtered;structurally_curated
nb,v1,2,1220,1240,artikkelen,artikkelen,artikkelen,unknown,artikkelen,wordfreq:nb,wordfreq_seeded;deterministically_filtered;structurally_curated
nb,v1,2,1221,1241,delen,delen,delen,unknown,delen,wordfreq:nb,wordfreq_seeded;deterministically_filtered;structurally_curated
nb,v1,2,1222,1242,dumt,dumt,dumt,unknown,dumt,wordfreq:nb,wordfreq_seeded;deterministically_filtered;structurally_curated
nb,v1,2,1223,1243,hvit,hvit,hvit,unknown,hvit,wordfreq:nb,wordfreq_seeded;deterministically_filtered;structurally_curated
nb,v1,2,1224,1244,idag,idag,idag,unknown,idag,wordfreq:nb,wordfreq_seeded;deterministically_filtered;structurally_curated
nb,v1,2,1225,1245,kalles,kalles,kalles,unknown,kalles,wordfreq:nb,wordfreq_seeded;deterministically_filtered;structurally_curated
nb,v1,2,1226,1246,kjempe,kjempe,kjempe,unknown,kjempe,wordfreq:nb,wordfreq_seeded;deterministically_filtered;structurally_curated
nb,v1,2,1227,1247,klokka,klokka,klokka,unknown,klokka,wordfreq:nb,wordfreq_seeded;deterministically_filtered;structurally_curated
nb,v1,2,1228,1248,kommuner,kommuner,kommuner,unknown,kommuner,wordfreq:nb,wordfreq_seeded;deterministically_filtered;structurally_curated
nb,v1,2,1229,1249,martin,martin,martin,unknown,martin,wordfreq:nb,wordfreq_seeded;deterministically_filtered;structurally_curated
nb,v1,2,1230,1250,minner,minner,minner,unknown,minner,wordfreq:nb,wordfreq_seeded;deterministically_filtered;structurally_curated
nb,v1,2,1231,1251,redusere,redusere,redusere,unknown,redusere,wordfreq:nb,wordfreq_seeded;deterministically_filtered;structurally_curated
nb,v1,2,1232,1252,regnet,regnet,regnet,unknown,regnet,wordfreq:nb,wordfreq_seeded;deterministically_filtered;structurally_curated
nb,v1,2,1233,1253,sliter,sliter,sliter,unknown,sliter,wordfreq:nb,wordfreq_seeded;deterministically_filtered;structurally_curated
nb,v1,2,1234,1254,sport,sport,sport,unknown,sport,wordfreq:nb,wordfreq_seeded;deterministically_filtered;structurally_curated
nb,v1,2,1235,1255,søndag,søndag,søndag,unknown,søndag,wordfreq:nb,wordfreq_seeded;deterministically_filtered;structurally_curated
nb,v1,2,1236,1256,tanker,tanker,tanker,unknown,tanker,wordfreq:nb,wordfreq_seeded;deterministically_filtered;structurally_curated
nb,v1,2,1237,1257,teknologi,teknologi,teknologi,unknown,teknologi,wordfreq:nb,wordfreq_seeded;deterministically_filtered;structurally_curated
nb,v1,2,1238,1258,topp,topp,topp,unknown,topp,wordfreq:nb,wordfreq_seeded;deterministically_filtered;structurally_curated
nb,v1,2,1239,1259,trekker,trekker,trekker,unknown,trekker,wordfreq:nb,wordfreq_seeded;deterministically_filtered;structurally_curated
nb,v1,2,1240,1260,vekt,vekt,vekt,unknown,vekt,wordfreq:nb,wordfreq_seeded;deterministically_filtered;structurally_curated
nb,v1,2,1241,1261,arbeider,arbeider,arbeider,unknown,arbeider,wordfreq:nb,wordfreq_seeded;deterministically_filtered;structurally_curated
nb,v1,2,1242,1262,bortsett,bortsett,bortsett,unknown,bortsett,wordfreq:nb,wordfreq_seeded;deterministically_filtered;structurally_curated
nb,v1,2,1243,1263,dagbladet,dagbladet,dagbladet,unknown,dagbladet,wordfreq:nb,wordfreq_seeded;deterministically_filtered;structurally_curated
nb,v1,2,1244,1264,debatt,debatt,debatt,unknown,debatt,wordfreq:nb,wordfreq_seeded;deterministically_filtered;structurally_curated
nb,v1,2,1245,1265,deilig,deilig,deilig,unknown,deilig,wordfreq:nb,wordfreq_seeded;deterministically_filtered;structurally_curated
nb,v1,2,1246,1266,england,england,england,unknown,england,wordfreq:nb,wordfreq_seeded;deterministically_filtered;structurally_curated
nb,v1,2,1247,1267,fred,fred,fred,unknown,fred,wordfreq:nb,wordfreq_seeded;deterministically_filtered;structurally_curated
nb,v1,2,1248,1268,innbyggere,innbyggere,innbyggere,unknown,innbyggere,wordfreq:nb,wordfreq_seeded;deterministically_filtered;structurally_curated
nb,v1,2,1249,1269,jesus,jesus,jesus,unknown,jesus,wordfreq:nb,wordfreq_seeded;deterministically_filtered;structurally_curated
nb,v1,2,1250,1270,markedet,markedet,markedet,unknown,markedet,wordfreq:nb,wordfreq_seeded;deterministically_filtered;structurally_curated
nb,v1,2,1251,1271,minste,minste,minste,unknown,minste,wordfreq:nb,wordfreq_seeded;deterministically_filtered;structurally_curated
nb,v1,2,1252,1272,nasjonale,nasjonale,nasjonale,unknown,nasjonale,wordfreq:nb,wordfreq_seeded;deterministically_filtered;structurally_curated
nb,v1,2,1253,1273,område,område,område,unknown,område,wordfreq:nb,wordfreq_seeded;deterministically_filtered;structurally_curated
nb,v1,2,1254,1274,passe,passe,passe,unknown,passe,wordfreq:nb,wordfreq_seeded;deterministically_filtered;structurally_curated
nb,v1,2,1255,1275,regler,regler,regler,unknown,regler,wordfreq:nb,wordfreq_seeded;deterministically_filtered;structurally_curated
nb,v1,2,1256,1276,sjanse,sjanse,sjanse,unknown,sjanse,wordfreq:nb,wordfreq_seeded;deterministically_filtered;structurally_curated
nb,v1,2,1257,1277,tider,tider,tider,unknown,tider,wordfreq:nb,wordfreq_seeded;deterministically_filtered;structurally_curated
nb,v1,2,1258,1278,tingene,tingene,tingene,unknown,tingene,wordfreq:nb,wordfreq_seeded;deterministically_filtered;structurally_curated
nb,v1,2,1259,1279,varer,varer,varer,unknown,varer,wordfreq:nb,wordfreq_seeded;deterministically_filtered;structurally_curated
nb,v1,2,1260,1280,artikler,artikler,artikler,unknown,artikler,wordfreq:nb,wordfreq_seeded;deterministically_filtered;structurally_curated
nb,v1,2,1261,1281,begynnelsen,begynnelsen,begynnelsen,unknown,begynnelsen,wordfreq:nb,wordfreq_seeded;deterministically_filtered;structurally_curated
nb,v1,2,1262,1282,effekt,effekt,effekt,unknown,effekt,wordfreq:nb,wordfreq_seeded;deterministically_filtered;structurally_curated
nb,v1,2,1263,1283,eksempler,eksempler,eksempler,unknown,eksempler,wordfreq:nb,wordfreq_seeded;deterministically_filtered;structurally_curated
nb,v1,2,1264,1284,endte,endte,endte,unknown,endte,wordfreq:nb,wordfreq_seeded;deterministically_filtered;structurally_curated
nb,v1,2,1265,1285,folket,folket,folket,unknown,folket,wordfreq:nb,wordfreq_seeded;deterministically_filtered;structurally_curated
nb,v1,2,1266,1286,fremover,fremover,fremover,unknown,fremover,wordfreq:nb,wordfreq_seeded;deterministically_filtered;structurally_curated
nb,v1,2,1267,1287,gjennomført,gjennomført,gjennomført,unknown,gjennomført,wordfreq:nb,wordfreq_seeded;deterministically_filtered;structurally_curated
nb,v1,2,1268,1288,hensyn,hensyn,hensyn,unknown,hensyn,wordfreq:nb,wordfreq_seeded;deterministically_filtered;structurally_curated
nb,v1,2,1269,1289,hentet,hentet,hentet,unknown,hentet,wordfreq:nb,wordfreq_seeded;deterministically_filtered;structurally_curated
nb,v1,2,1270,1290,k,k,k,unknown,k,wordfreq:nb,wordfreq_seeded;deterministically_filtered;structurally_curated
nb,v1,2,1271,1291,kilder,kilder,kilder,unknown,kilder,wordfreq:nb,wordfreq_seeded;deterministically_filtered;structurally_curated
nb,v1,2,1272,1292,kjønn,kjønn,kjønn,unknown,kjønn,wordfreq:nb,wordfreq_seeded;deterministically_filtered;structurally_curated
nb,v1,2,1273,1293,klassen,klassen,klassen,unknown,klassen,wordfreq:nb,wordfreq_seeded;deterministically_filtered;structurally_curated
nb,v1,2,1274,1294,ledelse,ledelse,ledelse,unknown,ledelse,wordfreq:nb,wordfreq_seeded;deterministically_filtered;structurally_curated
nb,v1,2,1275,1295,likt,likt,likt,unknown,likt,wordfreq:nb,wordfreq_seeded;deterministically_filtered;structurally_curated
nb,v1,2,1276,1296,milliarder,milliarder,milliarder,unknown,milliarder,wordfreq:nb,wordfreq_seeded;deterministically_filtered;structurally_curated
nb,v1,2,1277,1297,måned,måned,måned,unknown,måned,wordfreq:nb,wordfreq_seeded;deterministically_filtered;structurally_curated
nb,v1,2,1278,1298,radio,radio,radio,unknown,radio,wordfreq:nb,wordfreq_seeded;deterministically_filtered;structurally_curated
nb,v1,2,1279,1299,sjelden,sjelden,sjelden,unknown,sjelden,wordfreq:nb,wordfreq_seeded;deterministically_filtered;structurally_curated
nb,v1,2,1280,1300,ski,ski,ski,unknown,ski,wordfreq:nb,wordfreq_seeded;deterministically_filtered;structurally_curated
nb,v1,2,1281,1301,sluttet,sluttet,sluttet,unknown,sluttet,wordfreq:nb,wordfreq_seeded;deterministically_filtered;structurally_curated
nb,v1,2,1282,1302,ytterligere,ytterligere,ytterligere,unknown,ytterligere,wordfreq:nb,wordfreq_seeded;deterministically_filtered;structurally_curated
nb,v1,2,1283,1303,avtalen,avtalen,avtalen,unknown,avtalen,wordfreq:nb,wordfreq_seeded;deterministically_filtered;structurally_curated
nb,v1,2,1284,1304,david,david,david,unknown,david,wordfreq:nb,wordfreq_seeded;deterministically_filtered;structurally_curated
nb,v1,2,1285,1305,dårlige,dårlige,dårlige,unknown,dårlige,wordfreq:nb,wordfreq_seeded;deterministically_filtered;structurally_curated
nb,v1,2,1286,1306,fest,fest,fest,unknown,fest,wordfreq:nb,wordfreq_seeded;deterministically_filtered;structurally_curated
nb,v1,2,1287,1307,følelser,følelser,følelser,unknown,følelser,wordfreq:nb,wordfreq_seeded;deterministically_filtered;structurally_curated
nb,v1,2,1288,1308,glemt,glemt,glemt,unknown,glemt,wordfreq:nb,wordfreq_seeded;deterministically_filtered;structurally_curated
nb,v1,2,1289,1309,hånd,hånd,hånd,unknown,hånd,wordfreq:nb,wordfreq_seeded;deterministically_filtered;structurally_curated
nb,v1,2,1290,1310,league,league,league,unknown,league,wordfreq:nb,wordfreq_seeded;deterministically_filtered;structurally_curated
nb,v1,2,1291,1311,lønn,lønn,lønn,unknown,lønn,wordfreq:nb,wordfreq_seeded;deterministically_filtered;structurally_curated
nb,v1,2,1292,1312,neppe,neppe,neppe,unknown,neppe,wordfreq:nb,wordfreq_seeded;deterministically_filtered;structurally_curated
nb,v1,2,1293,1313,norway,norway,norway,unknown,norway,wordfreq:nb,wordfreq_seeded;deterministically_filtered;structurally_curated
nb,v1,2,1294,1314,opplevd,opplevd,opplevd,unknown,opplevd,wordfreq:nb,wordfreq_seeded;deterministically_filtered;structurally_curated
nb,v1,2,1295,1315,ordentlig,ordentlig,ordentlig,unknown,ordentlig,wordfreq:nb,wordfreq_seeded;deterministically_filtered;structurally_curated
nb,v1,2,1296,1316,organisasjoner,organisasjoner,organisasjoner,unknown,organisasjoner,wordfreq:nb,wordfreq_seeded;deterministically_filtered;structurally_curated
nb,v1,2,1297,1317,peter,peter,peter,unknown,peter,wordfreq:nb,wordfreq_seeded;deterministically_filtered;structurally_curated
nb,v1,2,1298,1318,priser,priser,priser,unknown,priser,wordfreq:nb,wordfreq_seeded;deterministically_filtered;structurally_curated
nb,v1,2,1299,1319,professor,professor,professor,unknown,professor,wordfreq:nb,wordfreq_seeded;deterministically_filtered;structurally_curated
nb,v1,2,1300,1320,sammenheng,sammenheng,sammenheng,unknown,sammenheng,wordfreq:nb,wordfreq_seeded;deterministically_filtered;structurally_curated
nb,v1,2,1301,1321,sendte,sendte,sendte,unknown,sendte,wordfreq:nb,wordfreq_seeded;deterministically_filtered;structurally_curated
nb,v1,2,1302,1322,skatt,skatt,skatt,unknown,skatt,wordfreq:nb,wordfreq_seeded;deterministically_filtered;structurally_curated
nb,v1,2,1303,1323,slutter,slutter,slutter,unknown,slutter,wordfreq:nb,wordfreq_seeded;deterministically_filtered;structurally_curated
nb,v1,2,1304,1324,snill,snill,snill,unknown,snill,wordfreq:nb,wordfreq_seeded;deterministically_filtered;structurally_curated
nb,v1,2,1305,1325,st,st,st,unknown,st,wordfreq:nb,wordfreq_seeded;deterministically_filtered;structurally_curated
nb,v1,2,1306,1326,tjener,tjener,tjener,unknown,tjener,wordfreq:nb,wordfreq_seeded;deterministically_filtered;structurally_curated
nb,v1,2,1307,1327,tjenester,tjenester,tjenester,unknown,tjenester,wordfreq:nb,wordfreq_seeded;deterministically_filtered;structurally_curated
nb,v1,2,1308,1328,ytre,ytre,ytre,unknown,ytre,wordfreq:nb,wordfreq_seeded;deterministically_filtered;structurally_curated
nb,v1,2,1309,1329,banen,banen,banen,unknown,banen,wordfreq:nb,wordfreq_seeded;deterministically_filtered;structurally_curated
nb,v1,2,1310,1330,bildene,bildene,bildene,unknown,bildene,wordfreq:nb,wordfreq_seeded;deterministically_filtered;structurally_curated
nb,v1,2,1311,1332,bodde,bodde,bodde,unknown,bodde,wordfreq:nb,wordfreq_seeded;deterministically_filtered;structurally_curated
nb,v1,2,1312,1333,dø,dø,dø,unknown,dø,wordfreq:nb,wordfreq_seeded;deterministically_filtered;structurally_curated
nb,v1,2,1313,1334,elever,elever,elever,unknown,elever,wordfreq:nb,wordfreq_seeded;deterministically_filtered;structurally_curated
nb,v1,2,1314,1335,enige,enige,enige,unknown,enige,wordfreq:nb,wordfreq_seeded;deterministically_filtered;structurally_curated
nb,v1,2,1315,1336,flink,flink,flink,unknown,flink,wordfreq:nb,wordfreq_seeded;deterministically_filtered;structurally_curated
nb,v1,2,1316,1337,forresten,forresten,forresten,unknown,forresten,wordfreq:nb,wordfreq_seeded;deterministically_filtered;structurally_curated
nb,v1,2,1317,1338,hel,hel,hel,unknown,hel,wordfreq:nb,wordfreq_seeded;deterministically_filtered;structurally_curated
nb,v1,2,1318,1339,håp,håp,håp,unknown,håp,wordfreq:nb,wordfreq_seeded;deterministically_filtered;structurally_curated
nb,v1,2,1319,1340,kastet,kastet,kastet,unknown,kastet,wordfreq:nb,wordfreq_seeded;deterministically_filtered;structurally_curated
nb,v1,2,1320,1341,kirken,kirken,kirken,unknown,kirken,wordfreq:nb,wordfreq_seeded;deterministically_filtered;structurally_curated
nb,v1,2,1321,1342,kongen,kongen,kongen,unknown,kongen,wordfreq:nb,wordfreq_seeded;deterministically_filtered;structurally_curated
nb,v1,2,1322,1343,kraft,kraft,kraft,unknown,kraft,wordfreq:nb,wordfreq_seeded;deterministically_filtered;structurally_curated
nb,v1,2,1323,1344,kunst,kunst,kunst,unknown,kunst,wordfreq:nb,wordfreq_seeded;deterministically_filtered;structurally_curated
nb,v1,2,1324,1345,leste,leste,leste,unknown,leste,wordfreq:nb,wordfreq_seeded;deterministically_filtered;structurally_curated
nb,v1,2,1325,1346,nasjonal,nasjonal,nasjonal,unknown,nasjonal,wordfreq:nb,wordfreq_seeded;deterministically_filtered;structurally_curated
nb,v1,2,1326,1347,natten,natten,natten,unknown,natten,wordfreq:nb,wordfreq_seeded;deterministically_filtered;structurally_curated
nb,v1,2,1327,1348,noensinne,noensinne,noensinne,unknown,noensinne,wordfreq:nb,wordfreq_seeded;deterministically_filtered;structurally_curated
nb,v1,2,1328,1349,positivt,positivt,positivt,unknown,positivt,wordfreq:nb,wordfreq_seeded;deterministically_filtered;structurally_curated
nb,v1,2,1329,1350,produksjon,produksjon,produksjon,unknown,produksjon,wordfreq:nb,wordfreq_seeded;deterministically_filtered;structurally_curated
nb,v1,2,1330,1351,rolig,rolig,rolig,unknown,rolig,wordfreq:nb,wordfreq_seeded;deterministically_filtered;structurally_curated
nb,v1,2,1331,1352,selskaper,selskaper,selskaper,unknown,selskaper,wordfreq:nb,wordfreq_seeded;deterministically_filtered;structurally_curated
nb,v1,2,1332,1353,sjef,sjef,sjef,unknown,sjef,wordfreq:nb,wordfreq_seeded;deterministically_filtered;structurally_curated
nb,v1,2,1333,1354,spor,spor,spor,unknown,spor,wordfreq:nb,wordfreq_seeded;deterministically_filtered;structurally_curated
nb,v1,2,1334,1355,status,status,status,unknown,status,wordfreq:nb,wordfreq_seeded;deterministically_filtered;structurally_curated
nb,v1,2,1335,1356,stolt,stolt,stolt,unknown,stolt,wordfreq:nb,wordfreq_seeded;deterministically_filtered;structurally_curated
nb,v1,2,1336,1357,tanke,tanke,tanke,unknown,tanke,wordfreq:nb,wordfreq_seeded;deterministically_filtered;structurally_curated
nb,v1,2,1337,1358,tema,tema,tema,unknown,tema,wordfreq:nb,wordfreq_seeded;deterministically_filtered;structurally_curated
nb,v1,2,1338,1359,trener,trener,trener,unknown,trener,wordfreq:nb,wordfreq_seeded;deterministically_filtered;structurally_curated
nb,v1,2,1339,1361,trykk,trykk,trykk,unknown,trykk,wordfreq:nb,wordfreq_seeded;deterministically_filtered;structurally_curated
nb,v1,2,1340,1362,uken,uken,uken,unknown,uken,wordfreq:nb,wordfreq_seeded;deterministically_filtered;structurally_curated
nb,v1,2,1341,1363,øynene,øynene,øynene,unknown,øynene,wordfreq:nb,wordfreq_seeded;deterministically_filtered;structurally_curated
nb,v1,2,1342,1364,aktiv,aktiv,aktiv,unknown,aktiv,wordfreq:nb,wordfreq_seeded;deterministically_filtered;structurally_curated
nb,v1,2,1343,1365,automatisk,automatisk,automatisk,unknown,automatisk,wordfreq:nb,wordfreq_seeded;deterministically_filtered;structurally_curated
nb,v1,2,1344,1366,bank,bank,bank,unknown,bank,wordfreq:nb,wordfreq_seeded;deterministically_filtered;structurally_curated
nb,v1,2,1345,1367,bevis,bevis,bevis,unknown,bevis,wordfreq:nb,wordfreq_seeded;deterministically_filtered;structurally_curated
nb,v1,2,1346,1368,dog,dog,dog,unknown,dog,wordfreq:nb,wordfreq_seeded;deterministically_filtered;structurally_curated
nb,v1,2,1347,1369,forsøker,forsøker,forsøker,unknown,forsøker,wordfreq:nb,wordfreq_seeded;deterministically_filtered;structurally_curated
nb,v1,2,1348,1370,frihet,frihet,frihet,unknown,frihet,wordfreq:nb,wordfreq_seeded;deterministically_filtered;structurally_curated
nb,v1,2,1349,1371,fritt,fritt,fritt,unknown,fritt,wordfreq:nb,wordfreq_seeded;deterministically_filtered;structurally_curated
nb,v1,2,1350,1372,gate,gate,gate,unknown,gate,wordfreq:nb,wordfreq_seeded;deterministically_filtered;structurally_curated
nb,v1,2,1351,1373,grunnleggende,grunnleggende,grunnleggende,unknown,grunnleggende,wordfreq:nb,wordfreq_seeded;deterministically_filtered;structurally_curated
nb,v1,2,1352,1374,hevder,hevder,hevder,unknown,hevder,wordfreq:nb,wordfreq_seeded;deterministically_filtered;structurally_curated
nb,v1,2,1353,1375,hjertet,hjertet,hjertet,unknown,hjertet,wordfreq:nb,wordfreq_seeded;deterministically_filtered;structurally_curated
nb,v1,2,1354,1376,internasjonal,internasjonal,internasjonal,unknown,internasjonal,wordfreq:nb,wordfreq_seeded;deterministically_filtered;structurally_curated
nb,v1,2,1355,1377,israel,israel,israel,unknown,israel,wordfreq:nb,wordfreq_seeded;deterministically_filtered;structurally_curated
nb,v1,2,1356,1378,kjør,kjør,kjør,unknown,kjør,wordfreq:nb,wordfreq_seeded;deterministically_filtered;structurally_curated
nb,v1,2,1357,1379,london,london,london,unknown,london,wordfreq:nb,wordfreq_seeded;deterministically_filtered;structurally_curated
nb,v1,2,1358,1380,loven,loven,loven,unknown,loven,wordfreq:nb,wordfreq_seeded;deterministically_filtered;structurally_curated
nb,v1,2,1359,1381,løsning,løsning,løsning,unknown,løsning,wordfreq:nb,wordfreq_seeded;deterministically_filtered;structurally_curated
nb,v1,2,1360,1382,manglende,manglende,manglende,unknown,manglende,wordfreq:nb,wordfreq_seeded;deterministically_filtered;structurally_curated
nb,v1,2,1361,1383,null,null,null,unknown,null,wordfreq:nb,wordfreq_seeded;deterministically_filtered;structurally_curated
nb,v1,2,1362,1384,personen,personen,personen,unknown,personen,wordfreq:nb,wordfreq_seeded;deterministically_filtered;structurally_curated
nb,v1,2,1363,1385,personlige,personlige,personlige,unknown,personlige,wordfreq:nb,wordfreq_seeded;deterministically_filtered;structurally_curated
nb,v1,2,1364,1386,prosjektet,prosjektet,prosjektet,unknown,prosjektet,wordfreq:nb,wordfreq_seeded;deterministically_filtered;structurally_curated
nb,v1,2,1365,1387,situasjon,situasjon,situasjon,unknown,situasjon,wordfreq:nb,wordfreq_seeded;deterministically_filtered;structurally_curated
nb,v1,2,1366,1388,skoler,skoler,skoler,unknown,skoler,wordfreq:nb,wordfreq_seeded;deterministically_filtered;structurally_curated
nb,v1,2,1367,1389,svarer,svarer,svarer,unknown,svarer,wordfreq:nb,wordfreq_seeded;deterministically_filtered;structurally_curated
nb,v1,2,1368,1390,svensk,svensk,svensk,unknown,svensk,wordfreq:nb,wordfreq_seeded;deterministically_filtered;structurally_curated
nb,v1,2,1369,1391,typen,typen,typen,unknown,typen,wordfreq:nb,wordfreq_seeded;deterministically_filtered;structurally_curated
nb,v1,2,1370,1392,uttrykk,uttrykk,uttrykk,unknown,uttrykk,wordfreq:nb,wordfreq_seeded;deterministically_filtered;structurally_curated
nb,v1,2,1371,1393,utvalg,utvalg,utvalg,unknown,utvalg,wordfreq:nb,wordfreq_seeded;deterministically_filtered;structurally_curated
nb,v1,2,1372,1394,alternativ,alternativ,alternativ,unknown,alternativ,wordfreq:nb,wordfreq_seeded;deterministically_filtered;structurally_curated
nb,v1,2,1373,1395,bakken,bakken,bakken,unknown,bakken,wordfreq:nb,wordfreq_seeded;deterministically_filtered;structurally_curated
nb,v1,2,1374,1396,bedrifter,bedrifter,bedrifter,unknown,bedrifter,wordfreq:nb,wordfreq_seeded;deterministically_filtered;structurally_curated
nb,v1,2,1375,1397,brann,brann,brann,unknown,brann,wordfreq:nb,wordfreq_seeded;deterministically_filtered;structurally_curated
nb,v1,2,1376,1398,bror,bror,bror,unknown,bror,wordfreq:nb,wordfreq_seeded;deterministically_filtered;structurally_curated
nb,v1,2,1377,1399,diskutere,diskutere,diskutere,unknown,diskutere,wordfreq:nb,wordfreq_seeded;deterministically_filtered;structurally_curated
nb,v1,2,1378,1400,etc,etc,etc,unknown,etc,wordfreq:nb,wordfreq_seeded;deterministically_filtered;structurally_curated
nb,v1,2,1379,1401,haha,haha,haha,unknown,haha,wordfreq:nb,wordfreq_seeded;deterministically_filtered;structurally_curated
nb,v1,2,1380,1402,handle,handle,handle,unknown,handle,wordfreq:nb,wordfreq_seeded;deterministically_filtered;structurally_curated
nb,v1,2,1381,1403,havet,havet,havet,unknown,havet,wordfreq:nb,wordfreq_seeded;deterministically_filtered;structurally_curated
nb,v1,2,1382,1404,hit,hit,hit,unknown,hit,wordfreq:nb,wordfreq_seeded;deterministically_filtered;structurally_curated
nb,v1,2,1383,1405,kjenne,kjenne,kjenne,unknown,kjenne,wordfreq:nb,wordfreq_seeded;deterministically_filtered;structurally_curated
nb,v1,2,1384,1406,lege,lege,lege,unknown,lege,wordfreq:nb,wordfreq_seeded;deterministically_filtered;structurally_curated
nb,v1,2,1385,1407,mi,mi,mi,unknown,mi,wordfreq:nb,wordfreq_seeded;deterministically_filtered;structurally_curated
nb,v1,2,1386,1408,pleier,pleier,pleier,unknown,pleier,wordfreq:nb,wordfreq_seeded;deterministically_filtered;structurally_curated
nb,v1,2,1387,1409,program,program,program,unknown,program,wordfreq:nb,wordfreq_seeded;deterministically_filtered;structurally_curated
nb,v1,2,1388,1410,regner,regner,regner,unknown,regner,wordfreq:nb,wordfreq_seeded;deterministically_filtered;structurally_curated
nb,v1,2,1389,1411,ressurser,ressurser,ressurser,unknown,ressurser,wordfreq:nb,wordfreq_seeded;deterministically_filtered;structurally_curated
nb,v1,2,1390,1412,skader,skader,skader,unknown,skader,wordfreq:nb,wordfreq_seeded;deterministically_filtered;structurally_curated
nb,v1,2,1391,1413,statens,statens,statens,unknown,statens,wordfreq:nb,wordfreq_seeded;deterministically_filtered;structurally_curated
nb,v1,2,1392,1414,sterke,sterke,sterke,unknown,sterke,wordfreq:nb,wordfreq_seeded;deterministically_filtered;structurally_curated
nb,v1,2,1393,1415,studier,studier,studier,unknown,studier,wordfreq:nb,wordfreq_seeded;deterministically_filtered;structurally_curated
nb,v1,2,1394,1416,thomas,thomas,thomas,unknown,thomas,wordfreq:nb,wordfreq_seeded;deterministically_filtered;structurally_curated
nb,v1,2,1395,1417,trygt,trygt,trygt,unknown,trygt,wordfreq:nb,wordfreq_seeded;deterministically_filtered;structurally_curated
nb,v1,2,1396,1418,typisk,typisk,typisk,unknown,typisk,wordfreq:nb,wordfreq_seeded;deterministically_filtered;structurally_curated
nb,v1,2,1397,1419,united,united,united,unknown,united,wordfreq:nb,wordfreq_seeded;deterministically_filtered;structurally_curated
nb,v1,2,1398,1420,unntak,unntak,unntak,unknown,unntak,wordfreq:nb,wordfreq_seeded;deterministically_filtered;structurally_curated
nb,v1,2,1399,1421,usikker,usikker,usikker,unknown,usikker,wordfreq:nb,wordfreq_seeded;deterministically_filtered;structurally_curated
nb,v1,2,1400,1422,verdi,verdi,verdi,unknown,verdi,wordfreq:nb,wordfreq_seeded;deterministically_filtered;structurally_curated
nb,v1,2,1401,1423,vilje,vilje,vilje,unknown,vilje,wordfreq:nb,wordfreq_seeded;deterministically_filtered;structurally_curated
nb,v1,2,1402,1424,afrika,afrika,afrika,unknown,afrika,wordfreq:nb,wordfreq_seeded;deterministically_filtered;structurally_curated
nb,v1,2,1403,1425,aftenposten,aftenposten,aftenposten,unknown,aftenposten,wordfreq:nb,wordfreq_seeded;deterministically_filtered;structurally_curated
nb,v1,2,1404,1426,ansatt,ansatt,ansatt,unknown,ansatt,wordfreq:nb,wordfreq_seeded;deterministically_filtered;structurally_curated
nb,v1,2,1405,1427,beskytte,beskytte,beskytte,unknown,beskytte,wordfreq:nb,wordfreq_seeded;deterministically_filtered;structurally_curated
nb,v1,2,1406,1428,daglig,daglig,daglig,unknown,daglig,wordfreq:nb,wordfreq_seeded;deterministically_filtered;structurally_curated
nb,v1,2,1407,1429,el,el,el,unknown,el,wordfreq:nb,wordfreq_seeded;deterministically_filtered;structurally_curated
nb,v1,2,1408,1430,etablert,etablert,etablert,unknown,etablert,wordfreq:nb,wordfreq_seeded;deterministically_filtered;structurally_curated
nb,v1,2,1409,1431,frankrike,frankrike,frankrike,unknown,frankrike,wordfreq:nb,wordfreq_seeded;deterministically_filtered;structurally_curated
nb,v1,2,1410,1432,følte,følte,følte,unknown,følte,wordfreq:nb,wordfreq_seeded;deterministically_filtered;structurally_curated
nb,v1,2,1411,1433,grensen,grensen,grensen,unknown,grensen,wordfreq:nb,wordfreq_seeded;deterministically_filtered;structurally_curated
nb,v1,2,1412,1434,linje,linje,linje,unknown,linje,wordfreq:nb,wordfreq_seeded;deterministically_filtered;structurally_curated
nb,v1,2,1413,1435,møtes,møtes,møtes,unknown,møtes,wordfreq:nb,wordfreq_seeded;deterministically_filtered;structurally_curated
nb,v1,2,1414,1436,nydelig,nydelig,nydelig,unknown,nydelig,wordfreq:nb,wordfreq_seeded;deterministically_filtered;structurally_curated
nb,v1,2,1415,1437,nærmest,nærmest,nærmest,unknown,nærmest,wordfreq:nb,wordfreq_seeded;deterministically_filtered;structurally_curated
nb,v1,2,1416,1438,oppdatert,oppdatert,oppdatert,unknown,oppdatert,wordfreq:nb,wordfreq_seeded;deterministically_filtered;structurally_curated
nb,v1,2,1417,1439,oppdrag,oppdrag,oppdrag,unknown,oppdrag,wordfreq:nb,wordfreq_seeded;deterministically_filtered;structurally_curated
nb,v1,2,1418,1440,opplever,opplever,opplever,unknown,opplever,wordfreq:nb,wordfreq_seeded;deterministically_filtered;structurally_curated
nb,v1,2,1419,1441,overfor,overfor,overfor,unknown,overfor,wordfreq:nb,wordfreq_seeded;deterministically_filtered;structurally_curated
nb,v1,2,1420,1442,prosjekt,prosjekt,prosjekt,unknown,prosjekt,wordfreq:nb,wordfreq_seeded;deterministically_filtered;structurally_curated
nb,v1,2,1421,1443,ryggen,ryggen,ryggen,unknown,ryggen,wordfreq:nb,wordfreq_seeded;deterministically_filtered;structurally_curated
nb,v1,2,1422,1444,sannsynligvis,sannsynligvis,sannsynligvis,unknown,sannsynligvis,wordfreq:nb,wordfreq_seeded;deterministically_filtered;structurally_curated
nb,v1,2,1423,1445,spania,spania,spania,unknown,spania,wordfreq:nb,wordfreq_seeded;deterministically_filtered;structurally_curated
nb,v1,2,1424,1446,starten,starten,starten,unknown,starten,wordfreq:nb,wordfreq_seeded;deterministically_filtered;structurally_curated
nb,v1,2,1425,1447,stoppet,stoppet,stoppet,unknown,stoppet,wordfreq:nb,wordfreq_seeded;deterministically_filtered;structurally_curated
nb,v1,2,1426,1448,tjene,tjene,tjene,unknown,tjene,wordfreq:nb,wordfreq_seeded;deterministically_filtered;structurally_curated
nb,v1,2,1427,1449,trygg,trygg,trygg,unknown,trygg,wordfreq:nb,wordfreq_seeded;deterministically_filtered;structurally_curated
nb,v1,2,1428,1450,antar,antar,antar,unknown,antar,wordfreq:nb,wordfreq_seeded;deterministically_filtered;structurally_curated
nb,v1,2,1429,1451,ba,ba,ba,unknown,ba,wordfreq:nb,wordfreq_seeded;deterministically_filtered;structurally_curated
nb,v1,2,1430,1452,bestemmer,bestemmer,bestemmer,unknown,bestemmer,wordfreq:nb,wordfreq_seeded;deterministically_filtered;structurally_curated
nb,v1,2,1431,1453,bodø,bodø,bodø,unknown,bodø,wordfreq:nb,wordfreq_seeded;deterministically_filtered;structurally_curated
nb,v1,2,1432,1454,delt,delt,delt,unknown,delt,wordfreq:nb,wordfreq_seeded;deterministically_filtered;structurally_curated
nb,v1,2,1433,1455,dr,dr,dr,unknown,dr,wordfreq:nb,wordfreq_seeded;deterministically_filtered;structurally_curated
nb,v1,2,1434,1456,greia,greia,greia,unknown,greia,wordfreq:nb,wordfreq_seeded;deterministically_filtered;structurally_curated
nb,v1,2,1435,1457,grenser,grenser,grenser,unknown,grenser,wordfreq:nb,wordfreq_seeded;deterministically_filtered;structurally_curated
nb,v1,2,1436,1458,hjerte,hjerte,hjerte,unknown,hjerte,wordfreq:nb,wordfreq_seeded;deterministically_filtered;structurally_curated
nb,v1,2,1437,1459,kaffe,kaffe,kaffe,unknown,kaffe,wordfreq:nb,wordfreq_seeded;deterministically_filtered;structurally_curated
nb,v1,2,1438,1460,kirke,kirke,kirke,unknown,kirke,wordfreq:nb,wordfreq_seeded;deterministically_filtered;structurally_curated
nb,v1,2,1439,1461,kjørt,kjørt,kjørt,unknown,kjørt,wordfreq:nb,wordfreq_seeded;deterministically_filtered;structurally_curated
nb,v1,2,1440,1462,konkurranse,konkurranse,konkurranse,unknown,konkurranse,wordfreq:nb,wordfreq_seeded;deterministically_filtered;structurally_curated
nb,v1,2,1441,1463,kritisk,kritisk,kritisk,unknown,kritisk,wordfreq:nb,wordfreq_seeded;deterministically_filtered;structurally_curated
nb,v1,2,1442,1464,leter,leter,leter,unknown,leter,wordfreq:nb,wordfreq_seeded;deterministically_filtered;structurally_curated
nb,v1,2,1443,1465,løpe,løpe,løpe,unknown,løpe,wordfreq:nb,wordfreq_seeded;deterministically_filtered;structurally_curated
nb,v1,2,1444,1466,mandag,mandag,mandag,unknown,mandag,wordfreq:nb,wordfreq_seeded;deterministically_filtered;structurally_curated
nb,v1,2,1445,1467,michael,michael,michael,unknown,michael,wordfreq:nb,wordfreq_seeded;deterministically_filtered;structurally_curated
nb,v1,2,1446,1468,miljø,miljø,miljø,unknown,miljø,wordfreq:nb,wordfreq_seeded;deterministically_filtered;structurally_curated
nb,v1,2,1447,1469,mm,mm,mm,unknown,mm,wordfreq:nb,wordfreq_seeded;deterministically_filtered;structurally_curated
nb,v1,2,1448,1470,moro,moro,moro,unknown,moro,wordfreq:nb,wordfreq_seeded;deterministically_filtered;structurally_curated
nb,v1,2,1449,1471,motsetning,motsetning,motsetning,unknown,motsetning,wordfreq:nb,wordfreq_seeded;deterministically_filtered;structurally_curated
nb,v1,2,1450,1472,my,my,my,unknown,my,wordfreq:nb,wordfreq_seeded;deterministically_filtered;structurally_curated
nb,v1,2,1451,1473,nav,nav,nav,unknown,nav,wordfreq:nb,wordfreq_seeded;deterministically_filtered;structurally_curated
nb,v1,2,1452,1474,nekter,nekter,nekter,unknown,nekter,wordfreq:nb,wordfreq_seeded;deterministically_filtered;structurally_curated
nb,v1,2,1453,1475,nøyaktig,nøyaktig,nøyaktig,unknown,nøyaktig,wordfreq:nb,wordfreq_seeded;deterministically_filtered;structurally_curated
nb,v1,2,1454,1476,redusert,redusert,redusert,unknown,redusert,wordfreq:nb,wordfreq_seeded;deterministically_filtered;structurally_curated
nb,v1,2,1455,1477,reglene,reglene,reglene,unknown,reglene,wordfreq:nb,wordfreq_seeded;deterministically_filtered;structurally_curated
nb,v1,2,1456,1478,sjefen,sjefen,sjefen,unknown,sjefen,wordfreq:nb,wordfreq_seeded;deterministically_filtered;structurally_curated
nb,v1,2,1457,1479,sosial,sosial,sosial,unknown,sosial,wordfreq:nb,wordfreq_seeded;deterministically_filtered;structurally_curated
nb,v1,2,1458,1480,stod,stod,stod,unknown,stod,wordfreq:nb,wordfreq_seeded;deterministically_filtered;structurally_curated
nb,v1,2,1459,1481,sånne,sånne,sånne,unknown,sånne,wordfreq:nb,wordfreq_seeded;deterministically_filtered;structurally_curated
nb,v1,2,1460,1482,tegn,tegn,tegn,unknown,tegn,wordfreq:nb,wordfreq_seeded;deterministically_filtered;structurally_curated
nb,v1,2,1461,1483,telefon,telefon,telefon,unknown,telefon,wordfreq:nb,wordfreq_seeded;deterministically_filtered;structurally_curated
nb,v1,2,1462,1484,telefonen,telefonen,telefonen,unknown,telefonen,wordfreq:nb,wordfreq_seeded;deterministically_filtered;structurally_curated
nb,v1,2,1463,1485,ulovlig,ulovlig,ulovlig,unknown,ulovlig,wordfreq:nb,wordfreq_seeded;deterministically_filtered;structurally_curated
nb,v1,2,1464,1486,utenlandske,utenlandske,utenlandske,unknown,utenlandske,wordfreq:nb,wordfreq_seeded;deterministically_filtered;structurally_curated
nb,v1,2,1465,1487,ansvarlig,ansvarlig,ansvarlig,unknown,ansvarlig,wordfreq:nb,wordfreq_seeded;deterministically_filtered;structurally_curated
nb,v1,2,1466,1488,bestemte,bestemte,bestemte,unknown,bestemte,wordfreq:nb,wordfreq_seeded;deterministically_filtered;structurally_curated
nb,v1,2,1467,1489,bidrar,bidrar,bidrar,unknown,bidrar,wordfreq:nb,wordfreq_seeded;deterministically_filtered;structurally_curated
nb,v1,2,1468,1490,brev,brev,brev,unknown,brev,wordfreq:nb,wordfreq_seeded;deterministically_filtered;structurally_curated
nb,v1,2,1469,1491,bygger,bygger,bygger,unknown,bygger,wordfreq:nb,wordfreq_seeded;deterministically_filtered;structurally_curated
nb,v1,2,1470,1492,dato,dato,dato,unknown,dato,wordfreq:nb,wordfreq_seeded;deterministically_filtered;structurally_curated
nb,v1,2,1471,1493,fordel,fordel,fordel,unknown,fordel,wordfreq:nb,wordfreq_seeded;deterministically_filtered;structurally_curated
nb,v1,2,1472,1494,foregår,foregår,foregår,unknown,foregår,wordfreq:nb,wordfreq_seeded;deterministically_filtered;structurally_curated
nb,v1,2,1473,1495,forsiktig,forsiktig,forsiktig,unknown,forsiktig,wordfreq:nb,wordfreq_seeded;deterministically_filtered;structurally_curated
nb,v1,2,1474,1496,funker,funker,funker,unknown,funker,wordfreq:nb,wordfreq_seeded;deterministically_filtered;structurally_curated
nb,v1,2,1475,1497,grunner,grunner,grunner,unknown,grunner,wordfreq:nb,wordfreq_seeded;deterministically_filtered;structurally_curated
nb,v1,2,1476,1498,kjøtt,kjøtt,kjøtt,unknown,kjøtt,wordfreq:nb,wordfreq_seeded;deterministically_filtered;structurally_curated
nb,v1,2,1477,1499,levere,levere,levere,unknown,levere,wordfreq:nb,wordfreq_seeded;deterministically_filtered;structurally_curated
nb,v1,2,1478,1500,løsninger,løsninger,løsninger,unknown,løsninger,wordfreq:nb,wordfreq_seeded;deterministically_filtered;structurally_curated
nb,v1,2,1479,1501,middag,middag,middag,unknown,middag,wordfreq:nb,wordfreq_seeded;deterministically_filtered;structurally_curated
nb,v1,2,1480,1502,nødt,nødt,nødt,unknown,nødt,wordfreq:nb,wordfreq_seeded;deterministically_filtered;structurally_curated
nb,v1,2,1481,1503,rent,rent,rent,unknown,rent,wordfreq:nb,wordfreq_seeded;deterministically_filtered;structurally_curated
nb,v1,2,1482,1504,serie,serie,serie,unknown,serie,wordfreq:nb,wordfreq_seeded;deterministically_filtered;structurally_curated
nb,v1,2,1483,1505,skip,skip,skip,unknown,skip,wordfreq:nb,wordfreq_seeded;deterministically_filtered;structurally_curated
nb,v1,2,1484,1506,smart,smart,smart,unknown,smart,wordfreq:nb,wordfreq_seeded;deterministically_filtered;structurally_curated
nb,v1,2,1485,1507,svaret,svaret,svaret,unknown,svaret,wordfreq:nb,wordfreq_seeded;deterministically_filtered;structurally_curated
nb,v1,2,1486,1508,talt,talt,talt,unknown,talt,wordfreq:nb,wordfreq_seeded;deterministically_filtered;structurally_curated
nb,v1,2,1487,1509,tanken,tanken,tanken,unknown,tanken,wordfreq:nb,wordfreq_seeded;deterministically_filtered;structurally_curated
nb,v1,2,1488,1510,tilfelle,tilfelle,tilfelle,unknown,tilfelle,wordfreq:nb,wordfreq_seeded;deterministically_filtered;structurally_curated
nb,v1,2,1489,1511,typer,typer,typer,unknown,typer,wordfreq:nb,wordfreq_seeded;deterministically_filtered;structurally_curated
nb,v1,2,1490,1512,utvikle,utvikle,utvikle,unknown,utvikle,wordfreq:nb,wordfreq_seeded;deterministically_filtered;structurally_curated
nb,v1,2,1491,1513,vedkommende,vedkommende,vedkommende,unknown,vedkommende,wordfreq:nb,wordfreq_seeded;deterministically_filtered;structurally_curated
nb,v1,2,1492,1514,verken,verken,verken,unknown,verken,wordfreq:nb,wordfreq_seeded;deterministically_filtered;structurally_curated
nb,v1,2,1493,1515,with,with,with,unknown,with,wordfreq:nb,wordfreq_seeded;deterministically_filtered;structurally_curated
nb,v1,2,1494,1516,begrepet,begrepet,begrepet,unknown,begrepet,wordfreq:nb,wordfreq_seeded;deterministically_filtered;structurally_curated
nb,v1,2,1495,1517,beina,beina,beina,unknown,beina,wordfreq:nb,wordfreq_seeded;deterministically_filtered;structurally_curated
nb,v1,2,1496,1518,butikk,butikk,butikk,unknown,butikk,wordfreq:nb,wordfreq_seeded;deterministically_filtered;structurally_curated
nb,v1,2,1497,1519,dit,dit,dit,unknown,dit,wordfreq:nb,wordfreq_seeded;deterministically_filtered;structurally_curated
nb,v1,2,1498,1520,europeiske,europeiske,europeiske,unknown,europeiske,wordfreq:nb,wordfreq_seeded;deterministically_filtered;structurally_curated
nb,v1,2,1499,1521,forskjellen,forskjellen,forskjellen,unknown,forskjellen,wordfreq:nb,wordfreq_seeded;deterministically_filtered;structurally_curated
nb,v1,2,1500,1522,følg,følg,følg,unknown,følg,wordfreq:nb,wordfreq_seeded;deterministically_filtered;structurally_curated
nb,v1,2,1501,1523,gidder,gidder,gidder,unknown,gidder,wordfreq:nb,wordfreq_seeded;deterministically_filtered;structurally_curated
nb,v1,2,1502,1524,gutta,gutta,gutta,unknown,gutta,wordfreq:nb,wordfreq_seeded;deterministically_filtered;structurally_curated
nb,v1,2,1503,1525,halvparten,halvparten,halvparten,unknown,halvparten,wordfreq:nb,wordfreq_seeded;deterministically_filtered;structurally_curated
nb,v1,2,1504,1526,hår,hår,hår,unknown,hår,wordfreq:nb,wordfreq_seeded;deterministically_filtered;structurally_curated
nb,v1,2,1505,1527,hørte,hørte,hørte,unknown,hørte,wordfreq:nb,wordfreq_seeded;deterministically_filtered;structurally_curated
nb,v1,2,1506,1528,landets,landets,landets,unknown,landets,wordfreq:nb,wordfreq_seeded;deterministically_filtered;structurally_curated
nb,v1,2,1507,1529,ledere,ledere,ledere,unknown,ledere,wordfreq:nb,wordfreq_seeded;deterministically_filtered;structurally_curated
nb,v1,2,1508,1530,listen,listen,listen,unknown,listen,wordfreq:nb,wordfreq_seeded;deterministically_filtered;structurally_curated
nb,v1,2,1509,1531,ole,ole,ole,unknown,ole,wordfreq:nb,wordfreq_seeded;deterministically_filtered;structurally_curated
nb,v1,2,1510,1532,omfattende,omfattende,omfattende,unknown,omfattende,wordfreq:nb,wordfreq_seeded;deterministically_filtered;structurally_curated
nb,v1,2,1511,1533,overrasket,overrasket,overrasket,unknown,overrasket,wordfreq:nb,wordfreq_seeded;deterministically_filtered;structurally_curated
nb,v1,2,1512,1534,planer,planer,planer,unknown,planer,wordfreq:nb,wordfreq_seeded;deterministically_filtered;structurally_curated
nb,v1,2,1513,1535,posisjon,posisjon,posisjon,unknown,posisjon,wordfreq:nb,wordfreq_seeded;deterministically_filtered;structurally_curated
nb,v1,2,1514,1536,ring,ring,ring,unknown,ring,wordfreq:nb,wordfreq_seeded;deterministically_filtered;structurally_curated
nb,v1,2,1515,1537,sannheten,sannheten,sannheten,unknown,sannheten,wordfreq:nb,wordfreq_seeded;deterministically_filtered;structurally_curated
nb,v1,2,1516,1538,spesiell,spesiell,spesiell,unknown,spesiell,wordfreq:nb,wordfreq_seeded;deterministically_filtered;structurally_curated
nb,v1,2,1517,1539,spurte,spurte,spurte,unknown,spurte,wordfreq:nb,wordfreq_seeded;deterministically_filtered;structurally_curated
nb,v1,2,1518,1540,standard,standard,standard,unknown,standard,wordfreq:nb,wordfreq_seeded;deterministically_filtered;structurally_curated
nb,v1,2,1519,1541,statsminister,statsminister,statsminister,unknown,statsminister,wordfreq:nb,wordfreq_seeded;deterministically_filtered;structurally_curated
nb,v1,2,1520,1542,strøm,strøm,strøm,unknown,strøm,wordfreq:nb,wordfreq_seeded;deterministically_filtered;structurally_curated
nb,v1,2,1521,1543,syria,syria,syria,unknown,syria,wordfreq:nb,wordfreq_seeded;deterministically_filtered;structurally_curated
nb,v1,2,1522,1544,team,team,team,unknown,team,wordfreq:nb,wordfreq_seeded;deterministically_filtered;structurally_curated
nb,v1,2,1523,1545,vurdere,vurdere,vurdere,unknown,vurdere,wordfreq:nb,wordfreq_seeded;deterministically_filtered;structurally_curated
nb,v1,2,1524,1546,yngre,yngre,yngre,unknown,yngre,wordfreq:nb,wordfreq_seeded;deterministically_filtered;structurally_curated
nb,v1,2,1525,1547,akershus,akershus,akershus,unknown,akershus,wordfreq:nb,wordfreq_seeded;deterministically_filtered;structurally_curated
nb,v1,2,1526,1548,ansvaret,ansvaret,ansvaret,unknown,ansvaret,wordfreq:nb,wordfreq_seeded;deterministically_filtered;structurally_curated
nb,v1,2,1527,1549,dvs,dvs,dvs,unknown,dvs,wordfreq:nb,wordfreq_seeded;deterministically_filtered;structurally_curated
nb,v1,2,1528,1550,endring,endring,endring,unknown,endring,wordfreq:nb,wordfreq_seeded;deterministically_filtered;structurally_curated
nb,v1,2,1529,1551,enkel,enkel,enkel,unknown,enkel,wordfreq:nb,wordfreq_seeded;deterministically_filtered;structurally_curated
nb,v1,2,1530,1552,fisk,fisk,fisk,unknown,fisk,wordfreq:nb,wordfreq_seeded;deterministically_filtered;structurally_curated
nb,v1,2,1531,1553,flotte,flotte,flotte,unknown,flotte,wordfreq:nb,wordfreq_seeded;deterministically_filtered;structurally_curated
nb,v1,2,1532,1554,forholdet,forholdet,forholdet,unknown,forholdet,wordfreq:nb,wordfreq_seeded;deterministically_filtered;structurally_curated
nb,v1,2,1533,1555,forsvaret,forsvaret,forsvaret,unknown,forsvaret,wordfreq:nb,wordfreq_seeded;deterministically_filtered;structurally_curated
nb,v1,2,1534,1556,forøvrig,forøvrig,forøvrig,unknown,forøvrig,wordfreq:nb,wordfreq_seeded;deterministically_filtered;structurally_curated
nb,v1,2,1535,1557,fremme,fremme,fremme,unknown,fremme,wordfreq:nb,wordfreq_seeded;deterministically_filtered;structurally_curated
nb,v1,2,1536,1558,ført,ført,ført,unknown,ført,wordfreq:nb,wordfreq_seeded;deterministically_filtered;structurally_curated
nb,v1,2,1537,1559,godkjent,godkjent,godkjent,unknown,godkjent,wordfreq:nb,wordfreq_seeded;deterministically_filtered;structurally_curated
nb,v1,2,1538,1560,grunnet,grunnet,grunnet,unknown,grunnet,wordfreq:nb,wordfreq_seeded;deterministically_filtered;structurally_curated
nb,v1,2,1539,1561,hagen,hagen,hagen,unknown,hagen,wordfreq:nb,wordfreq_seeded;deterministically_filtered;structurally_curated
nb,v1,2,1540,1562,halv,halv,halv,unknown,halv,wordfreq:nb,wordfreq_seeded;deterministically_filtered;structurally_curated
nb,v1,2,1541,1563,hindre,hindre,hindre,unknown,hindre,wordfreq:nb,wordfreq_seeded;deterministically_filtered;structurally_curated
nb,v1,2,1542,1564,hund,hund,hund,unknown,hund,wordfreq:nb,wordfreq_seeded;deterministically_filtered;structurally_curated
nb,v1,2,1543,1565,innhold,innhold,innhold,unknown,innhold,wordfreq:nb,wordfreq_seeded;deterministically_filtered;structurally_curated
nb,v1,2,1544,1566,internasjonalt,internasjonalt,internasjonalt,unknown,internasjonalt,wordfreq:nb,wordfreq_seeded;deterministically_filtered;structurally_curated
nb,v1,2,1545,1567,jorden,jorden,jorden,unknown,jorden,wordfreq:nb,wordfreq_seeded;deterministically_filtered;structurally_curated
nb,v1,2,1546,1568,kvinnen,kvinnen,kvinnen,unknown,kvinnen,wordfreq:nb,wordfreq_seeded;deterministically_filtered;structurally_curated
nb,v1,2,1547,1569,lars,lars,lars,unknown,lars,wordfreq:nb,wordfreq_seeded;deterministically_filtered;structurally_curated
nb,v1,2,1548,1570,love,love,love,unknown,love,wordfreq:nb,wordfreq_seeded;deterministically_filtered;structurally_curated
nb,v1,2,1549,1571,løper,løper,løper,unknown,løper,wordfreq:nb,wordfreq_seeded;deterministically_filtered;structurally_curated
nb,v1,2,1550,1572,molde,molde,molde,unknown,molde,wordfreq:nb,wordfreq_seeded;deterministically_filtered;structurally_curated
nb,v1,2,1551,1573,muligens,muligens,muligens,unknown,muligens,wordfreq:nb,wordfreq_seeded;deterministically_filtered;structurally_curated
nb,v1,2,1552,1574,nylig,nylig,nylig,unknown,nylig,wordfreq:nb,wordfreq_seeded;deterministically_filtered;structurally_curated
nb,v1,2,1553,1575,paris,paris,paris,unknown,paris,wordfreq:nb,wordfreq_seeded;deterministically_filtered;structurally_curated
nb,v1,2,1554,1576,partier,partier,partier,unknown,partier,wordfreq:nb,wordfreq_seeded;deterministically_filtered;structurally_curated
nb,v1,2,1555,1577,pluss,pluss,pluss,unknown,pluss,wordfreq:nb,wordfreq_seeded;deterministically_filtered;structurally_curated
nb,v1,2,1556,1578,praktisk,praktisk,praktisk,unknown,praktisk,wordfreq:nb,wordfreq_seeded;deterministically_filtered;structurally_curated
nb,v1,2,1557,1579,psykisk,psykisk,psykisk,unknown,psykisk,wordfreq:nb,wordfreq_seeded;deterministically_filtered;structurally_curated
nb,v1,2,1558,1580,sannsynlig,sannsynlig,sannsynlig,unknown,sannsynlig,wordfreq:nb,wordfreq_seeded;deterministically_filtered;structurally_curated
nb,v1,2,1559,1581,sjekket,sjekket,sjekket,unknown,sjekket,wordfreq:nb,wordfreq_seeded;deterministically_filtered;structurally_curated
nb,v1,2,1560,1582,sterkere,sterkere,sterkere,unknown,sterkere,wordfreq:nb,wordfreq_seeded;deterministically_filtered;structurally_curated
nb,v1,2,1561,1583,stopper,stopper,stopper,unknown,stopper,wordfreq:nb,wordfreq_seeded;deterministically_filtered;structurally_curated
nb,v1,2,1562,1584,søk,søk,søk,unknown,søk,wordfreq:nb,wordfreq_seeded;deterministically_filtered;structurally_curated
nb,v1,2,1563,1585,teknisk,teknisk,teknisk,unknown,teknisk,wordfreq:nb,wordfreq_seeded;deterministically_filtered;structurally_curated
nb,v1,2,1564,1586,tydeligvis,tydeligvis,tydeligvis,unknown,tydeligvis,wordfreq:nb,wordfreq_seeded;deterministically_filtered;structurally_curated
nb,v1,2,1565,1587,uka,uka,uka,unknown,uka,wordfreq:nb,wordfreq_seeded;deterministically_filtered;structurally_curated
nb,v1,2,1566,1588,vennene,vennene,vennene,unknown,vennene,wordfreq:nb,wordfreq_seeded;deterministically_filtered;structurally_curated
nb,v1,2,1567,1589,økte,økte,økte,unknown,økte,wordfreq:nb,wordfreq_seeded;deterministically_filtered;structurally_curated
nb,v1,2,1568,1592,alvor,alvor,alvor,unknown,alvor,wordfreq:nb,wordfreq_seeded;deterministically_filtered;structurally_curated
nb,v1,2,1569,1593,amerikansk,amerikansk,amerikansk,unknown,amerikansk,wordfreq:nb,wordfreq_seeded;deterministically_filtered;structurally_curated
nb,v1,2,1570,1594,anne,anne,anne,unknown,anne,wordfreq:nb,wordfreq_seeded;deterministically_filtered;structurally_curated
nb,v1,2,1571,1595,beholde,beholde,beholde,unknown,beholde,wordfreq:nb,wordfreq_seeded;deterministically_filtered;structurally_curated
nb,v1,2,1572,1596,byer,byer,byer,unknown,byer,wordfreq:nb,wordfreq_seeded;deterministically_filtered;structurally_curated
nb,v1,2,1573,1597,båt,båt,båt,unknown,båt,wordfreq:nb,wordfreq_seeded;deterministically_filtered;structurally_curated
nb,v1,2,1574,1598,felt,felt,felt,unknown,felt,wordfreq:nb,wordfreq_seeded;deterministically_filtered;structurally_curated
nb,v1,2,1575,1599,forskere,forskere,forskere,unknown,forskere,wordfreq:nb,wordfreq_seeded;deterministically_filtered;structurally_curated
nb,v1,2,1576,1600,forståelse,forståelse,forståelse,unknown,forståelse,wordfreq:nb,wordfreq_seeded;deterministically_filtered;structurally_curated
nb,v1,2,1577,1601,forventer,forventer,forventer,unknown,forventer,wordfreq:nb,wordfreq_seeded;deterministically_filtered;structurally_curated
nb,v1,2,1578,1602,førte,førte,førte,unknown,førte,wordfreq:nb,wordfreq_seeded;deterministically_filtered;structurally_curated
nb,v1,2,1579,1603,grader,grader,grader,unknown,grader,wordfreq:nb,wordfreq_seeded;deterministically_filtered;structurally_curated
nb,v1,2,1580,1604,grei,grei,grei,unknown,grei,wordfreq:nb,wordfreq_seeded;deterministically_filtered;structurally_curated
nb,v1,2,1581,1605,heldig,heldig,heldig,unknown,heldig,wordfreq:nb,wordfreq_seeded;deterministically_filtered;structurally_curated
nb,v1,2,1582,1606,herlig,herlig,herlig,unknown,herlig,wordfreq:nb,wordfreq_seeded;deterministically_filtered;structurally_curated
nb,v1,2,1583,1607,håret,håret,håret,unknown,håret,wordfreq:nb,wordfreq_seeded;deterministically_filtered;structurally_curated
nb,v1,2,1584,1608,høyde,høyde,høyde,unknown,høyde,wordfreq:nb,wordfreq_seeded;deterministically_filtered;structurally_curated
nb,v1,2,1585,1609,knapt,knapt,knapt,unknown,knapt,wordfreq:nb,wordfreq_seeded;deterministically_filtered;structurally_curated
nb,v1,2,1586,1610,kompetanse,kompetanse,kompetanse,unknown,kompetanse,wordfreq:nb,wordfreq_seeded;deterministically_filtered;structurally_curated
nb,v1,2,1587,1611,lærere,lærere,lærere,unknown,lærere,wordfreq:nb,wordfreq_seeded;deterministically_filtered;structurally_curated
nb,v1,2,1588,1612,myndigheter,myndigheter,myndigheter,unknown,myndigheter,wordfreq:nb,wordfreq_seeded;deterministically_filtered;structurally_curated
nb,v1,2,1589,1613,nm,nm,nm,unknown,nm,wordfreq:nb,wordfreq_seeded;deterministically_filtered;structurally_curated
nb,v1,2,1590,1614,planen,planen,planen,unknown,planen,wordfreq:nb,wordfreq_seeded;deterministically_filtered;structurally_curated
nb,v1,2,1591,1615,positiv,positiv,positiv,unknown,positiv,wordfreq:nb,wordfreq_seeded;deterministically_filtered;structurally_curated
nb,v1,2,1592,1616,positive,positive,positive,unknown,positive,wordfreq:nb,wordfreq_seeded;deterministically_filtered;structurally_curated
nb,v1,2,1593,1617,press,press,press,unknown,press,wordfreq:nb,wordfreq_seeded;deterministically_filtered;structurally_curated
nb,v1,2,1594,1618,ro,ro,ro,unknown,ro,wordfreq:nb,wordfreq_seeded;deterministically_filtered;structurally_curated
nb,v1,2,1595,1619,savner,savner,savner,unknown,savner,wordfreq:nb,wordfreq_seeded;deterministically_filtered;structurally_curated
nb,v1,2,1596,1620,stein,stein,stein,unknown,stein,wordfreq:nb,wordfreq_seeded;deterministically_filtered;structurally_curated
nb,v1,2,1597,1621,sykdom,sykdom,sykdom,unknown,sykdom,wordfreq:nb,wordfreq_seeded;deterministically_filtered;structurally_curated
nb,v1,2,1598,1622,sørge,sørge,sørge,unknown,sørge,wordfreq:nb,wordfreq_seeded;deterministically_filtered;structurally_curated
nb,v1,2,1599,1623,tale,tale,tale,unknown,tale,wordfreq:nb,wordfreq_seeded;deterministically_filtered;structurally_curated
nb,v1,2,1600,1624,tett,tett,tett,unknown,tett,wordfreq:nb,wordfreq_seeded;deterministically_filtered;structurally_curated
nb,v1,2,1601,1625,tilhører,tilhører,tilhører,unknown,tilhører,wordfreq:nb,wordfreq_seeded;deterministically_filtered;structurally_curated
nb,v1,2,1602,1626,unnskyld,unnskyld,unnskyld,unknown,unnskyld,wordfreq:nb,wordfreq_seeded;deterministically_filtered;structurally_curated
nb,v1,2,1603,1627,utgangspunktet,utgangspunktet,utgangspunktet,unknown,utgangspunktet,wordfreq:nb,wordfreq_seeded;deterministically_filtered;structurally_curated
nb,v1,2,1604,1628,varme,varme,varme,unknown,varme,wordfreq:nb,wordfreq_seeded;deterministically_filtered;structurally_curated
nb,v1,2,1605,1629,ventet,ventet,ventet,unknown,ventet,wordfreq:nb,wordfreq_seeded;deterministically_filtered;structurally_curated
nb,v1,2,1606,1630,beskriver,beskriver,beskriver,unknown,beskriver,wordfreq:nb,wordfreq_seeded;deterministically_filtered;structurally_curated
nb,v1,2,1607,1631,bjørn,bjørn,bjørn,unknown,bjørn,wordfreq:nb,wordfreq_seeded;deterministically_filtered;structurally_curated
nb,v1,2,1608,1632,boka,boka,boka,unknown,boka,wordfreq:nb,wordfreq_seeded;deterministically_filtered;structurally_curated
nb,v1,2,1609,1633,drammen,drammen,drammen,unknown,drammen,wordfreq:nb,wordfreq_seeded;deterministically_filtered;structurally_curated
nb,v1,2,1610,1634,drepe,drepe,drepe,unknown,drepe,wordfreq:nb,wordfreq_seeded;deterministically_filtered;structurally_curated
nb,v1,2,1611,1635,erik,erik,erik,unknown,erik,wordfreq:nb,wordfreq_seeded;deterministically_filtered;structurally_curated
nb,v1,2,1612,1636,ferie,ferie,ferie,unknown,ferie,wordfreq:nb,wordfreq_seeded;deterministically_filtered;structurally_curated
nb,v1,2,1613,1637,flertall,flertall,flertall,unknown,flertall,wordfreq:nb,wordfreq_seeded;deterministically_filtered;structurally_curated
nb,v1,2,1614,1638,foreslår,foreslår,foreslår,unknown,foreslår,wordfreq:nb,wordfreq_seeded;deterministically_filtered;structurally_curated
nb,v1,2,1615,1639,forferdelig,forferdelig,forferdelig,unknown,forferdelig,wordfreq:nb,wordfreq_seeded;deterministically_filtered;structurally_curated
nb,v1,2,1616,1640,forklarer,forklarer,forklarer,unknown,forklarer,wordfreq:nb,wordfreq_seeded;deterministically_filtered;structurally_curated
nb,v1,2,1617,1641,forsvinner,forsvinner,forsvinner,unknown,forsvinner,wordfreq:nb,wordfreq_seeded;deterministically_filtered;structurally_curated
nb,v1,2,1618,1642,guds,guds,guds,unknown,guds,wordfreq:nb,wordfreq_seeded;deterministically_filtered;structurally_curated
nb,v1,2,1619,1643,james,james,james,unknown,james,wordfreq:nb,wordfreq_seeded;deterministically_filtered;structurally_curated
nb,v1,2,1620,1644,kaptein,kaptein,kaptein,unknown,kaptein,wordfreq:nb,wordfreq_seeded;deterministically_filtered;structurally_curated
nb,v1,2,1621,1645,kone,kone,kone,unknown,kone,wordfreq:nb,wordfreq_seeded;deterministically_filtered;structurally_curated
nb,v1,2,1622,1646,kristiansand,kristiansand,kristiansand,unknown,kristiansand,wordfreq:nb,wordfreq_seeded;deterministically_filtered;structurally_curated
nb,v1,2,1623,1647,legges,legges,legges,unknown,legges,wordfreq:nb,wordfreq_seeded;deterministically_filtered;structurally_curated
nb,v1,2,1624,1648,lot,lot,lot,unknown,lot,wordfreq:nb,wordfreq_seeded;deterministically_filtered;structurally_curated
nb,v1,2,1625,1649,lure,lure,lure,unknown,lure,wordfreq:nb,wordfreq_seeded;deterministically_filtered;structurally_curated
nb,v1,2,1626,1650,maria,maria,maria,unknown,maria,wordfreq:nb,wordfreq_seeded;deterministically_filtered;structurally_curated
nb,v1,2,1627,1651,rimelig,rimelig,rimelig,unknown,rimelig,wordfreq:nb,wordfreq_seeded;deterministically_filtered;structurally_curated
nb,v1,2,1628,1652,russiske,russiske,russiske,unknown,russiske,wordfreq:nb,wordfreq_seeded;deterministically_filtered;structurally_curated
nb,v1,2,1629,1653,rød,rød,rød,unknown,rød,wordfreq:nb,wordfreq_seeded;deterministically_filtered;structurally_curated
nb,v1,2,1630,1654,sentrale,sentrale,sentrale,unknown,sentrale,wordfreq:nb,wordfreq_seeded;deterministically_filtered;structurally_curated
nb,v1,2,1631,1655,soldater,soldater,soldater,unknown,soldater,wordfreq:nb,wordfreq_seeded;deterministically_filtered;structurally_curated
nb,v1,2,1632,1656,stil,stil,stil,unknown,stil,wordfreq:nb,wordfreq_seeded;deterministically_filtered;structurally_curated
nb,v1,2,1633,1657,tapt,tapt,tapt,unknown,tapt,wordfreq:nb,wordfreq_seeded;deterministically_filtered;structurally_curated
nb,v1,2,1634,1658,tull,tull,tull,unknown,tull,wordfreq:nb,wordfreq_seeded;deterministically_filtered;structurally_curated
nb,v1,2,1635,1659,utført,utført,utført,unknown,utført,wordfreq:nb,wordfreq_seeded;deterministically_filtered;structurally_curated
nb,v1,2,1636,1660,vestlige,vestlige,vestlige,unknown,vestlige,wordfreq:nb,wordfreq_seeded;deterministically_filtered;structurally_curated
nb,v1,2,1637,1661,andres,andres,andres,unknown,andres,wordfreq:nb,wordfreq_seeded;deterministically_filtered;structurally_curated
nb,v1,2,1638,1662,bruken,bruken,bruken,unknown,bruken,wordfreq:nb,wordfreq_seeded;deterministically_filtered;structurally_curated
nb,v1,2,1639,1663,cm,cm,cm,unknown,cm,wordfreq:nb,wordfreq_seeded;deterministically_filtered;structurally_curated
nb,v1,2,1640,1664,dagene,dagene,dagene,unknown,dagene,wordfreq:nb,wordfreq_seeded;deterministically_filtered;structurally_curated
nb,v1,2,1641,1665,delvis,delvis,delvis,unknown,delvis,wordfreq:nb,wordfreq_seeded;deterministically_filtered;structurally_curated
nb,v1,2,1642,1666,eg,eg,eg,unknown,eg,wordfreq:nb,wordfreq_seeded;deterministically_filtered;structurally_curated
nb,v1,2,1643,1667,eventuelt,eventuelt,eventuelt,unknown,eventuelt,wordfreq:nb,wordfreq_seeded;deterministically_filtered;structurally_curated
nb,v1,2,1644,1668,finnmark,finnmark,finnmark,unknown,finnmark,wordfreq:nb,wordfreq_seeded;deterministically_filtered;structurally_curated
nb,v1,2,1645,1669,forskjellig,forskjellig,forskjellig,unknown,forskjellig,wordfreq:nb,wordfreq_seeded;deterministically_filtered;structurally_curated
nb,v1,2,1646,1670,forventet,forventet,forventet,unknown,forventet,wordfreq:nb,wordfreq_seeded;deterministically_filtered;structurally_curated
nb,v1,2,1647,1671,frisk,frisk,frisk,unknown,frisk,wordfreq:nb,wordfreq_seeded;deterministically_filtered;structurally_curated
nb,v1,2,1648,1672,glemme,glemme,glemme,unknown,glemme,wordfreq:nb,wordfreq_seeded;deterministically_filtered;structurally_curated
nb,v1,2,1649,1673,greie,greie,greie,unknown,greie,wordfreq:nb,wordfreq_seeded;deterministically_filtered;structurally_curated
nb,v1,2,1650,1674,grønne,grønne,grønne,unknown,grønne,wordfreq:nb,wordfreq_seeded;deterministically_filtered;structurally_curated
nb,v1,2,1651,1675,harry,harry,harry,unknown,harry,wordfreq:nb,wordfreq_seeded;deterministically_filtered;structurally_curated
nb,v1,2,1652,1676,historisk,historisk,historisk,unknown,historisk,wordfreq:nb,wordfreq_seeded;deterministically_filtered;structurally_curated
nb,v1,2,1653,1677,håpe,håpe,håpe,unknown,håpe,wordfreq:nb,wordfreq_seeded;deterministically_filtered;structurally_curated
nb,v1,2,1654,1678,ifra,ifra,ifra,unknown,ifra,wordfreq:nb,wordfreq_seeded;deterministically_filtered;structurally_curated
nb,v1,2,1655,1679,involvert,involvert,involvert,unknown,involvert,wordfreq:nb,wordfreq_seeded;deterministically_filtered;structurally_curated
nb,v1,2,1656,1680,jensen,jensen,jensen,unknown,jensen,wordfreq:nb,wordfreq_seeded;deterministically_filtered;structurally_curated
nb,v1,2,1657,1681,kommentar,kommentar,kommentar,unknown,kommentar,wordfreq:nb,wordfreq_seeded;deterministically_filtered;structurally_curated
nb,v1,2,1658,1682,liste,liste,liste,unknown,liste,wordfreq:nb,wordfreq_seeded;deterministically_filtered;structurally_curated
nb,v1,2,1659,1683,lykkes,lykkes,lykkes,unknown,lykkes,wordfreq:nb,wordfreq_seeded;deterministically_filtered;structurally_curated
nb,v1,2,1660,1684,maten,maten,maten,unknown,maten,wordfreq:nb,wordfreq_seeded;deterministically_filtered;structurally_curated
nb,v1,2,1661,1685,melde,melde,melde,unknown,melde,wordfreq:nb,wordfreq_seeded;deterministically_filtered;structurally_curated
nb,v1,2,1662,1686,myndighetene,myndighetene,myndighetene,unknown,myndighetene,wordfreq:nb,wordfreq_seeded;deterministically_filtered;structurally_curated
nb,v1,2,1663,1687,relevant,relevant,relevant,unknown,relevant,wordfreq:nb,wordfreq_seeded;deterministically_filtered;structurally_curated
nb,v1,2,1664,1688,send,send,send,unknown,send,wordfreq:nb,wordfreq_seeded;deterministically_filtered;structurally_curated
nb,v1,2,1665,1689,skapt,skapt,skapt,unknown,skapt,wordfreq:nb,wordfreq_seeded;deterministically_filtered;structurally_curated
nb,v1,2,1666,1690,skiller,skiller,skiller,unknown,skiller,wordfreq:nb,wordfreq_seeded;deterministically_filtered;structurally_curated
nb,v1,2,1667,1691,skipet,skipet,skipet,unknown,skipet,wordfreq:nb,wordfreq_seeded;deterministically_filtered;structurally_curated
nb,v1,2,1668,1692,slag,slag,slag,unknown,slag,wordfreq:nb,wordfreq_seeded;deterministically_filtered;structurally_curated
nb,v1,2,1669,1693,såpass,såpass,såpass,unknown,såpass,wordfreq:nb,wordfreq_seeded;deterministically_filtered;structurally_curated
nb,v1,2,1670,1694,tilbyr,tilbyr,tilbyr,unknown,tilbyr,wordfreq:nb,wordfreq_seeded;deterministically_filtered;structurally_curated
nb,v1,2,1671,1695,trene,trene,trene,unknown,trene,wordfreq:nb,wordfreq_seeded;deterministically_filtered;structurally_curated
nb,v1,2,1672,1696,trengs,trengs,trengs,unknown,trengs,wordfreq:nb,wordfreq_seeded;deterministically_filtered;structurally_curated
nb,v1,2,1673,1697,verdier,verdier,verdier,unknown,verdier,wordfreq:nb,wordfreq_seeded;deterministically_filtered;structurally_curated
nb,v1,2,1674,1698,vokser,vokser,vokser,unknown,vokser,wordfreq:nb,wordfreq_seeded;deterministically_filtered;structurally_curated
nb,v1,2,1675,1699,amerika,amerika,amerika,unknown,amerika,wordfreq:nb,wordfreq_seeded;deterministically_filtered;structurally_curated
nb,v1,2,1676,1700,andel,andel,andel,unknown,andel,wordfreq:nb,wordfreq_seeded;deterministically_filtered;structurally_curated
nb,v1,2,1677,1701,antallet,antallet,antallet,unknown,antallet,wordfreq:nb,wordfreq_seeded;deterministically_filtered;structurally_curated
nb,v1,2,1678,1702,begrenset,begrenset,begrenset,unknown,begrenset,wordfreq:nb,wordfreq_seeded;deterministically_filtered;structurally_curated
nb,v1,2,1679,1703,brudd,brudd,brudd,unknown,brudd,wordfreq:nb,wordfreq_seeded;deterministically_filtered;structurally_curated
nb,v1,2,1680,1704,brukere,brukere,brukere,unknown,brukere,wordfreq:nb,wordfreq_seeded;deterministically_filtered;structurally_curated
nb,v1,2,1681,1705,bry,bry,bry,unknown,bry,wordfreq:nb,wordfreq_seeded;deterministically_filtered;structurally_curated
nb,v1,2,1682,1706,drift,drift,drift,unknown,drift,wordfreq:nb,wordfreq_seeded;deterministically_filtered;structurally_curated
nb,v1,2,1683,1707,fakta,fakta,fakta,unknown,fakta,wordfreq:nb,wordfreq_seeded;deterministically_filtered;structurally_curated
nb,v1,2,1684,1708,frykt,frykt,frykt,unknown,frykt,wordfreq:nb,wordfreq_seeded;deterministically_filtered;structurally_curated
nb,v1,2,1685,1709,fulle,fulle,fulle,unknown,fulle,wordfreq:nb,wordfreq_seeded;deterministically_filtered;structurally_curated
nb,v1,2,1686,1710,george,george,george,unknown,george,wordfreq:nb,wordfreq_seeded;deterministically_filtered;structurally_curated
nb,v1,2,1687,1711,gjeng,gjeng,gjeng,unknown,gjeng,wordfreq:nb,wordfreq_seeded;deterministically_filtered;structurally_curated
nb,v1,2,1688,1712,hovedsak,hovedsak,hovedsak,unknown,hovedsak,wordfreq:nb,wordfreq_seeded;deterministically_filtered;structurally_curated
nb,v1,2,1689,1713,klima,klima,klima,unknown,klima,wordfreq:nb,wordfreq_seeded;deterministically_filtered;structurally_curated
nb,v1,2,1690,1714,kurs,kurs,kurs,unknown,kurs,wordfreq:nb,wordfreq_seeded;deterministically_filtered;structurally_curated
nb,v1,2,1691,1715,kvinnelige,kvinnelige,kvinnelige,unknown,kvinnelige,wordfreq:nb,wordfreq_seeded;deterministically_filtered;structurally_curated
nb,v1,2,1692,1716,ledelsen,ledelsen,ledelsen,unknown,ledelsen,wordfreq:nb,wordfreq_seeded;deterministically_filtered;structurally_curated
nb,v1,2,1693,1717,menneskene,menneskene,menneskene,unknown,menneskene,wordfreq:nb,wordfreq_seeded;deterministically_filtered;structurally_curated
nb,v1,2,1694,1718,nemlig,nemlig,nemlig,unknown,nemlig,wordfreq:nb,wordfreq_seeded;deterministically_filtered;structurally_curated
nb,v1,2,1695,1719,olsen,olsen,olsen,unknown,olsen,wordfreq:nb,wordfreq_seeded;deterministically_filtered;structurally_curated
nb,v1,2,1696,1720,omkring,omkring,omkring,unknown,omkring,wordfreq:nb,wordfreq_seeded;deterministically_filtered;structurally_curated
nb,v1,2,1697,1721,populære,populære,populære,unknown,populære,wordfreq:nb,wordfreq_seeded;deterministically_filtered;structurally_curated
nb,v1,2,1698,1722,produkter,produkter,produkter,unknown,produkter,wordfreq:nb,wordfreq_seeded;deterministically_filtered;structurally_curated
nb,v1,2,1699,1723,sju,sju,sju,unknown,sju,wordfreq:nb,wordfreq_seeded;deterministically_filtered;structurally_curated
nb,v1,2,1700,1724,sykt,sykt,sykt,unknown,sykt,wordfreq:nb,wordfreq_seeded;deterministically_filtered;structurally_curated
nb,v1,2,1701,1725,sønnen,sønnen,sønnen,unknown,sønnen,wordfreq:nb,wordfreq_seeded;deterministically_filtered;structurally_curated
nb,v1,2,1702,1726,tapte,tapte,tapte,unknown,tapte,wordfreq:nb,wordfreq_seeded;deterministically_filtered;structurally_curated
nb,v1,2,1703,1727,universitetet,universitetet,universitetet,unknown,universitetet,wordfreq:nb,wordfreq_seeded;deterministically_filtered;structurally_curated
nb,v1,2,1704,1728,utenom,utenom,utenom,unknown,utenom,wordfreq:nb,wordfreq_seeded;deterministically_filtered;structurally_curated
nb,v1,2,1705,1729,vanskeligere,vanskeligere,vanskeligere,unknown,vanskeligere,wordfreq:nb,wordfreq_seeded;deterministically_filtered;structurally_curated
nb,v1,2,1706,1730,viss,viss,viss,unknown,viss,wordfreq:nb,wordfreq_seeded;deterministically_filtered;structurally_curated
nb,v1,2,1707,1731,øya,øya,øya,unknown,øya,wordfreq:nb,wordfreq_seeded;deterministically_filtered;structurally_curated
nb,v1,2,1708,1732,øyeblikk,øyeblikk,øyeblikk,unknown,øyeblikk,wordfreq:nb,wordfreq_seeded;deterministically_filtered;structurally_curated
nb,v1,2,1709,1733,alkohol,alkohol,alkohol,unknown,alkohol,wordfreq:nb,wordfreq_seeded;deterministically_filtered;structurally_curated
nb,v1,2,1710,1734,ansiktet,ansiktet,ansiktet,unknown,ansiktet,wordfreq:nb,wordfreq_seeded;deterministically_filtered;structurally_curated
nb,v1,2,1711,1735,båten,båten,båten,unknown,båten,wordfreq:nb,wordfreq_seeded;deterministically_filtered;structurally_curated
nb,v1,2,1712,1736,do,do,do,unknown,do,wordfreq:nb,wordfreq_seeded;deterministically_filtered;structurally_curated
nb,v1,2,1713,1737,dukker,dukker,dukker,unknown,dukker,wordfreq:nb,wordfreq_seeded;deterministically_filtered;structurally_curated
nb,v1,2,1714,1738,fag,fag,fag,unknown,fag,wordfreq:nb,wordfreq_seeded;deterministically_filtered;structurally_curated
nb,v1,2,1715,1739,fart,fart,fart,unknown,fart,wordfreq:nb,wordfreq_seeded;deterministically_filtered;structurally_curated
nb,v1,2,1716,1740,former,former,former,unknown,former,wordfreq:nb,wordfreq_seeded;deterministically_filtered;structurally_curated
nb,v1,2,1717,1741,gjennomføre,gjennomføre,gjennomføre,unknown,gjennomføre,wordfreq:nb,wordfreq_seeded;deterministically_filtered;structurally_curated
nb,v1,2,1718,1743,hunden,hunden,hunden,unknown,hunden,wordfreq:nb,wordfreq_seeded;deterministically_filtered;structurally_curated
nb,v1,2,1719,1744,kjedelig,kjedelig,kjedelig,unknown,kjedelig,wordfreq:nb,wordfreq_seeded;deterministically_filtered;structurally_curated
nb,v1,2,1720,1745,medisin,medisin,medisin,unknown,medisin,wordfreq:nb,wordfreq_seeded;deterministically_filtered;structurally_curated
nb,v1,2,1721,1746,merker,merker,merker,unknown,merker,wordfreq:nb,wordfreq_seeded;deterministically_filtered;structurally_curated
nb,v1,2,1722,1747,midten,midten,midten,unknown,midten,wordfreq:nb,wordfreq_seeded;deterministically_filtered;structurally_curated
nb,v1,2,1723,1748,mill,mill,mill,unknown,mill,wordfreq:nb,wordfreq_seeded;deterministically_filtered;structurally_curated
nb,v1,2,1724,1749,nevnte,nevnte,nevnte,unknown,nevnte,wordfreq:nb,wordfreq_seeded;deterministically_filtered;structurally_curated
nb,v1,2,1725,1750,omgang,omgang,omgang,unknown,omgang,wordfreq:nb,wordfreq_seeded;deterministically_filtered;structurally_curated
nb,v1,2,1726,1751,paul,paul,paul,unknown,paul,wordfreq:nb,wordfreq_seeded;deterministically_filtered;structurally_curated
nb,v1,2,1727,1752,pc,pc,pc,unknown,pc,wordfreq:nb,wordfreq_seeded;deterministically_filtered;structurally_curated
nb,v1,2,1728,1753,planlagt,planlagt,planlagt,unknown,planlagt,wordfreq:nb,wordfreq_seeded;deterministically_filtered;structurally_curated
nb,v1,2,1729,1754,publikum,publikum,publikum,unknown,publikum,wordfreq:nb,wordfreq_seeded;deterministically_filtered;structurally_curated
nb,v1,2,1730,1755,publisert,publisert,publisert,unknown,publisert,wordfreq:nb,wordfreq_seeded;deterministically_filtered;structurally_curated
nb,v1,2,1731,1756,religion,religion,religion,unknown,religion,wordfreq:nb,wordfreq_seeded;deterministically_filtered;structurally_curated
nb,v1,2,1732,1757,representerer,representerer,representerer,unknown,representerer,wordfreq:nb,wordfreq_seeded;deterministically_filtered;structurally_curated
nb,v1,2,1733,1758,sp,sp,sp,unknown,sp,wordfreq:nb,wordfreq_seeded;deterministically_filtered;structurally_curated
nb,v1,2,1734,1759,tas,tas,tas,unknown,tas,wordfreq:nb,wordfreq_seeded;deterministically_filtered;structurally_curated
nb,v1,2,1735,1760,torsdag,torsdag,torsdag,unknown,torsdag,wordfreq:nb,wordfreq_seeded;deterministically_filtered;structurally_curated
nb,v1,2,1736,1761,tyske,tyske,tyske,unknown,tyske,wordfreq:nb,wordfreq_seeded;deterministically_filtered;structurally_curated
nb,v1,2,1737,1762,vekst,vekst,vekst,unknown,vekst,wordfreq:nb,wordfreq_seeded;deterministically_filtered;structurally_curated
nb,v1,2,1738,1763,vent,vent,vent,unknown,vent,wordfreq:nb,wordfreq_seeded;deterministically_filtered;structurally_curated
nb,v1,2,1739,1764,vesentlig,vesentlig,vesentlig,unknown,vesentlig,wordfreq:nb,wordfreq_seeded;deterministically_filtered;structurally_curated
nb,v1,2,1740,1765,viktigere,viktigere,viktigere,unknown,viktigere,wordfreq:nb,wordfreq_seeded;deterministically_filtered;structurally_curated
nb,v1,2,1741,1766,våren,våren,våren,unknown,våren,wordfreq:nb,wordfreq_seeded;deterministically_filtered;structurally_curated
nb,v1,2,1742,1767,årlig,årlig,årlig,unknown,årlig,wordfreq:nb,wordfreq_seeded;deterministically_filtered;structurally_curated
nb,v1,2,1743,1768,økende,økende,økende,unknown,økende,wordfreq:nb,wordfreq_seeded;deterministically_filtered;structurally_curated
nb,v1,2,1744,1769,al,al,al,unknown,al,wordfreq:nb,wordfreq_seeded;deterministically_filtered;structurally_curated
nb,v1,2,1745,1770,avdeling,avdeling,avdeling,unknown,avdeling,wordfreq:nb,wordfreq_seeded;deterministically_filtered;structurally_curated
nb,v1,2,1746,1771,avsluttet,avsluttet,avsluttet,unknown,avsluttet,wordfreq:nb,wordfreq_seeded;deterministically_filtered;structurally_curated
nb,v1,2,1747,1772,bar,bar,bar,unknown,bar,wordfreq:nb,wordfreq_seeded;deterministically_filtered;structurally_curated
nb,v1,2,1748,1773,befolkning,befolkning,befolkning,unknown,befolkning,wordfreq:nb,wordfreq_seeded;deterministically_filtered;structurally_curated
nb,v1,2,1749,1774,byttet,byttet,byttet,unknown,byttet,wordfreq:nb,wordfreq_seeded;deterministically_filtered;structurally_curated
nb,v1,2,1750,1775,cup,cup,cup,unknown,cup,wordfreq:nb,wordfreq_seeded;deterministically_filtered;structurally_curated
nb,v1,2,1751,1776,dekker,dekker,dekker,unknown,dekker,wordfreq:nb,wordfreq_seeded;deterministically_filtered;structurally_curated
nb,v1,2,1752,1777,eiendom,eiendom,eiendom,unknown,eiendom,wordfreq:nb,wordfreq_seeded;deterministically_filtered;structurally_curated
nb,v1,2,1753,1778,fantastiske,fantastiske,fantastiske,unknown,fantastiske,wordfreq:nb,wordfreq_seeded;deterministically_filtered;structurally_curated
nb,v1,2,1754,1779,forbudt,forbudt,forbudt,unknown,forbudt,wordfreq:nb,wordfreq_seeded;deterministically_filtered;structurally_curated
nb,v1,2,1755,1780,fortalte,fortalte,fortalte,unknown,fortalte,wordfreq:nb,wordfreq_seeded;deterministically_filtered;structurally_curated
nb,v1,2,1756,1781,fulgte,fulgte,fulgte,unknown,fulgte,wordfreq:nb,wordfreq_seeded;deterministically_filtered;structurally_curated
nb,v1,2,1757,1782,giftet,giftet,giftet,unknown,giftet,wordfreq:nb,wordfreq_seeded;deterministically_filtered;structurally_curated
nb,v1,2,1758,1783,inkluderer,inkluderer,inkluderer,unknown,inkluderer,wordfreq:nb,wordfreq_seeded;deterministically_filtered;structurally_curated
nb,v1,2,1759,1784,j,j,j,unknown,j,wordfreq:nb,wordfreq_seeded;deterministically_filtered;structurally_curated
nb,v1,2,1760,1785,jens,jens,jens,unknown,jens,wordfreq:nb,wordfreq_seeded;deterministically_filtered;structurally_curated
nb,v1,2,1761,1786,konsekvenser,konsekvenser,konsekvenser,unknown,konsekvenser,wordfreq:nb,wordfreq_seeded;deterministically_filtered;structurally_curated
nb,v1,2,1762,1787,leke,leke,leke,unknown,leke,wordfreq:nb,wordfreq_seeded;deterministically_filtered;structurally_curated
nb,v1,2,1763,1788,levende,levende,levende,unknown,levende,wordfreq:nb,wordfreq_seeded;deterministically_filtered;structurally_curated
nb,v1,2,1764,1789,levert,levert,levert,unknown,levert,wordfreq:nb,wordfreq_seeded;deterministically_filtered;structurally_curated
nb,v1,2,1765,1790,max,max,max,unknown,max,wordfreq:nb,wordfreq_seeded;deterministically_filtered;structurally_curated
nb,v1,2,1766,1791,melding,melding,melding,unknown,melding,wordfreq:nb,wordfreq_seeded;deterministically_filtered;structurally_curated
nb,v1,2,1767,1792,moren,moren,moren,unknown,moren,wordfreq:nb,wordfreq_seeded;deterministically_filtered;structurally_curated
nb,v1,2,1768,1793,musikken,musikken,musikken,unknown,musikken,wordfreq:nb,wordfreq_seeded;deterministically_filtered;structurally_curated
nb,v1,2,1769,1794,opprettet,opprettet,opprettet,unknown,opprettet,wordfreq:nb,wordfreq_seeded;deterministically_filtered;structurally_curated
nb,v1,2,1770,1795,pass,pass,pass,unknown,pass,wordfreq:nb,wordfreq_seeded;deterministically_filtered;structurally_curated
nb,v1,2,1771,1796,pent,pent,pent,unknown,pent,wordfreq:nb,wordfreq_seeded;deterministically_filtered;structurally_curated
nb,v1,2,1772,1797,plassen,plassen,plassen,unknown,plassen,wordfreq:nb,wordfreq_seeded;deterministically_filtered;structurally_curated
nb,v1,2,1773,1798,posten,posten,posten,unknown,posten,wordfreq:nb,wordfreq_seeded;deterministically_filtered;structurally_curated
nb,v1,2,1774,1799,raskere,raskere,raskere,unknown,raskere,wordfreq:nb,wordfreq_seeded;deterministically_filtered;structurally_curated
nb,v1,2,1775,1800,reddet,reddet,reddet,unknown,reddet,wordfreq:nb,wordfreq_seeded;deterministically_filtered;structurally_curated
nb,v1,2,1776,1801,ringe,ringe,ringe,unknown,ringe,wordfreq:nb,wordfreq_seeded;deterministically_filtered;structurally_curated
nb,v1,2,1777,1802,sjekker,sjekker,sjekker,unknown,sjekker,wordfreq:nb,wordfreq_seeded;deterministically_filtered;structurally_curated
nb,v1,2,1778,1803,spare,spare,spare,unknown,spare,wordfreq:nb,wordfreq_seeded;deterministically_filtered;structurally_curated
nb,v1,2,1779,1804,stole,stole,stole,unknown,stole,wordfreq:nb,wordfreq_seeded;deterministically_filtered;structurally_curated
nb,v1,2,1780,1805,syn,syn,syn,unknown,syn,wordfreq:nb,wordfreq_seeded;deterministically_filtered;structurally_curated
nb,v1,2,1781,1806,søt,søt,søt,unknown,søt,wordfreq:nb,wordfreq_seeded;deterministically_filtered;structurally_curated
nb,v1,2,1782,1807,taper,taper,taper,unknown,taper,wordfreq:nb,wordfreq_seeded;deterministically_filtered;structurally_curated
nb,v1,2,1783,1808,trafikk,trafikk,trafikk,unknown,trafikk,wordfreq:nb,wordfreq_seeded;deterministically_filtered;structurally_curated
nb,v1,2,1784,1809,tyrkia,tyrkia,tyrkia,unknown,tyrkia,wordfreq:nb,wordfreq_seeded;deterministically_filtered;structurally_curated
nb,v1,2,1785,1810,utdannelse,utdannelse,utdannelse,unknown,utdannelse,wordfreq:nb,wordfreq_seeded;deterministically_filtered;structurally_curated
nb,v1,2,1786,1811,virket,virket,virket,unknown,virket,wordfreq:nb,wordfreq_seeded;deterministically_filtered;structurally_curated
nb,v1,2,1787,1812,visse,visse,visse,unknown,visse,wordfreq:nb,wordfreq_seeded;deterministically_filtered;structurally_curated
nb,v1,2,1788,1813,youtube,youtube,youtube,unknown,youtube,wordfreq:nb,wordfreq_seeded;deterministically_filtered;structurally_curated
nb,v1,2,1789,1814,ødelegger,ødelegger,ødelegger,unknown,ødelegger,wordfreq:nb,wordfreq_seeded;deterministically_filtered;structurally_curated
nb,v1,2,1790,1815,økning,økning,økning,unknown,økning,wordfreq:nb,wordfreq_seeded;deterministically_filtered;structurally_curated
nb,v1,2,1791,1816,øvrig,øvrig,øvrig,unknown,øvrig,wordfreq:nb,wordfreq_seeded;deterministically_filtered;structurally_curated
nb,v1,2,1792,1817,angrepet,angrepet,angrepet,unknown,angrepet,wordfreq:nb,wordfreq_seeded;deterministically_filtered;structurally_curated
nb,v1,2,1793,1818,aviser,aviser,aviser,unknown,aviser,wordfreq:nb,wordfreq_seeded;deterministically_filtered;structurally_curated
nb,v1,2,1794,1819,bestemme,bestemme,bestemme,unknown,bestemme,wordfreq:nb,wordfreq_seeded;deterministically_filtered;structurally_curated
nb,v1,2,1795,1820,bussen,bussen,bussen,unknown,bussen,wordfreq:nb,wordfreq_seeded;deterministically_filtered;structurally_curated
nb,v1,2,1796,1821,butikker,butikker,butikker,unknown,butikker,wordfreq:nb,wordfreq_seeded;deterministically_filtered;structurally_curated
nb,v1,2,1797,1822,danske,danske,danske,unknown,danske,wordfreq:nb,wordfreq_seeded;deterministically_filtered;structurally_curated
nb,v1,2,1798,1823,dekket,dekket,dekket,unknown,dekket,wordfreq:nb,wordfreq_seeded;deterministically_filtered;structurally_curated
nb,v1,2,1799,1824,eks,eks,eks,unknown,eks,wordfreq:nb,wordfreq_seeded;deterministically_filtered;structurally_curated
nb,v1,2,1800,1825,ende,ende,ende,unknown,ende,wordfreq:nb,wordfreq_seeded;deterministically_filtered;structurally_curated
nb,v1,2,1801,1826,evne,evne,evne,unknown,evne,wordfreq:nb,wordfreq_seeded;deterministically_filtered;structurally_curated
nb,v1,2,1802,1827,ferd,ferd,ferd,unknown,ferd,wordfreq:nb,wordfreq_seeded;deterministically_filtered;structurally_curated
nb,v1,2,1803,1828,fortalt,fortalt,fortalt,unknown,fortalt,wordfreq:nb,wordfreq_seeded;deterministically_filtered;structurally_curated
nb,v1,2,1804,1829,frank,frank,frank,unknown,frank,wordfreq:nb,wordfreq_seeded;deterministically_filtered;structurally_curated
nb,v1,2,1805,1830,grep,grep,grep,unknown,grep,wordfreq:nb,wordfreq_seeded;deterministically_filtered;structurally_curated
nb,v1,2,1806,1831,helgen,helgen,helgen,unknown,helgen,wordfreq:nb,wordfreq_seeded;deterministically_filtered;structurally_curated
nb,v1,2,1807,1832,henge,henge,henge,unknown,henge,wordfreq:nb,wordfreq_seeded;deterministically_filtered;structurally_curated
nb,v1,2,1808,1833,henhold,henhold,henhold,unknown,henhold,wordfreq:nb,wordfreq_seeded;deterministically_filtered;structurally_curated
nb,v1,2,1809,1834,hull,hull,hull,unknown,hull,wordfreq:nb,wordfreq_seeded;deterministically_filtered;structurally_curated
nb,v1,2,1810,1835,indre,indre,indre,unknown,indre,wordfreq:nb,wordfreq_seeded;deterministically_filtered;structurally_curated
nb,v1,2,1811,1836,jepp,jepp,jepp,unknown,jepp,wordfreq:nb,wordfreq_seeded;deterministically_filtered;structurally_curated
nb,v1,2,1812,1837,konge,konge,konge,unknown,konge,wordfreq:nb,wordfreq_seeded;deterministically_filtered;structurally_curated
nb,v1,2,1813,1838,kunder,kunder,kunder,unknown,kunder,wordfreq:nb,wordfreq_seeded;deterministically_filtered;structurally_curated
nb,v1,2,1814,1839,legen,legen,legen,unknown,legen,wordfreq:nb,wordfreq_seeded;deterministically_filtered;structurally_curated
nb,v1,2,1815,1840,løs,løs,løs,unknown,løs,wordfreq:nb,wordfreq_seeded;deterministically_filtered;structurally_curated
nb,v1,2,1816,1841,midler,midler,midler,unknown,midler,wordfreq:nb,wordfreq_seeded;deterministically_filtered;structurally_curated
nb,v1,2,1817,1842,million,million,million,unknown,million,wordfreq:nb,wordfreq_seeded;deterministically_filtered;structurally_curated
nb,v1,2,1818,1843,mottatt,mottatt,mottatt,unknown,mottatt,wordfreq:nb,wordfreq_seeded;deterministically_filtered;structurally_curated
nb,v1,2,1819,1844,oppgave,oppgave,oppgave,unknown,oppgave,wordfreq:nb,wordfreq_seeded;deterministically_filtered;structurally_curated
nb,v1,2,1820,1845,organisasjon,organisasjon,organisasjon,unknown,organisasjon,wordfreq:nb,wordfreq_seeded;deterministically_filtered;structurally_curated
nb,v1,2,1821,1846,produsert,produsert,produsert,unknown,produsert,wordfreq:nb,wordfreq_seeded;deterministically_filtered;structurally_curated
nb,v1,2,1822,1847,rapporten,rapporten,rapporten,unknown,rapporten,wordfreq:nb,wordfreq_seeded;deterministically_filtered;structurally_curated
nb,v1,2,1823,1848,risiko,risiko,risiko,unknown,risiko,wordfreq:nb,wordfreq_seeded;deterministically_filtered;structurally_curated
nb,v1,2,1824,1849,sies,sies,sies,unknown,sies,wordfreq:nb,wordfreq_seeded;deterministically_filtered;structurally_curated
nb,v1,2,1825,1850,slapp,slapp,slapp,unknown,slapp,wordfreq:nb,wordfreq_seeded;deterministically_filtered;structurally_curated
nb,v1,2,1826,1851,super,super,super,unknown,super,wordfreq:nb,wordfreq_seeded;deterministically_filtered;structurally_curated
nb,v1,2,1827,1852,teksten,teksten,teksten,unknown,teksten,wordfreq:nb,wordfreq_seeded;deterministically_filtered;structurally_curated
nb,v1,2,1828,1853,tillit,tillit,tillit,unknown,tillit,wordfreq:nb,wordfreq_seeded;deterministically_filtered;structurally_curated
nb,v1,2,1829,1854,troms,troms,troms,unknown,troms,wordfreq:nb,wordfreq_seeded;deterministically_filtered;structurally_curated
nb,v1,2,1830,1855,tysk,tysk,tysk,unknown,tysk,wordfreq:nb,wordfreq_seeded;deterministically_filtered;structurally_curated
nb,v1,2,1831,1856,ungene,ungene,ungene,unknown,ungene,wordfreq:nb,wordfreq_seeded;deterministically_filtered;structurally_curated
nb,v1,2,1832,1857,up,up,up,unknown,up,wordfreq:nb,wordfreq_seeded;deterministically_filtered;structurally_curated
nb,v1,2,1833,1858,vakre,vakre,vakre,unknown,vakre,wordfreq:nb,wordfreq_seeded;deterministically_filtered;structurally_curated
nb,v1,2,1834,1859,vedtatt,vedtatt,vedtatt,unknown,vedtatt,wordfreq:nb,wordfreq_seeded;deterministically_filtered;structurally_curated
nb,v1,2,1835,1860,arbeide,arbeide,arbeide,unknown,arbeide,wordfreq:nb,wordfreq_seeded;deterministically_filtered;structurally_curated
nb,v1,2,1836,1861,bad,bad,bad,unknown,bad,wordfreq:nb,wordfreq_seeded;deterministically_filtered;structurally_curated
nb,v1,2,1837,1862,bord,bord,bord,unknown,bord,wordfreq:nb,wordfreq_seeded;deterministically_filtered;structurally_curated
nb,v1,2,1838,1863,carl,carl,carl,unknown,carl,wordfreq:nb,wordfreq_seeded;deterministically_filtered;structurally_curated
nb,v1,2,1839,1864,dollar,dollar,dollar,unknown,dollar,wordfreq:nb,wordfreq_seeded;deterministically_filtered;structurally_curated
nb,v1,2,1840,1865,drap,drap,drap,unknown,drap,wordfreq:nb,wordfreq_seeded;deterministically_filtered;structurally_curated
nb,v1,2,1841,1866,drevet,drevet,drevet,unknown,drevet,wordfreq:nb,wordfreq_seeded;deterministically_filtered;structurally_curated
nb,v1,2,1842,1867,ekstremt,ekstremt,ekstremt,unknown,ekstremt,wordfreq:nb,wordfreq_seeded;deterministically_filtered;structurally_curated
nb,v1,2,1843,1868,fjernet,fjernet,fjernet,unknown,fjernet,wordfreq:nb,wordfreq_seeded;deterministically_filtered;structurally_curated
nb,v1,2,1844,1869,forsvar,forsvar,forsvar,unknown,forsvar,wordfreq:nb,wordfreq_seeded;deterministically_filtered;structurally_curated
nb,v1,2,1845,1870,forsøke,forsøke,forsøke,unknown,forsøke,wordfreq:nb,wordfreq_seeded;deterministically_filtered;structurally_curated
nb,v1,2,1846,1871,forsøkt,forsøkt,forsøkt,unknown,forsøkt,wordfreq:nb,wordfreq_seeded;deterministically_filtered;structurally_curated
nb,v1,2,1847,1872,fyren,fyren,fyren,unknown,fyren,wordfreq:nb,wordfreq_seeded;deterministically_filtered;structurally_curated
nb,v1,2,1848,1873,færre,færre,færre,unknown,færre,wordfreq:nb,wordfreq_seeded;deterministically_filtered;structurally_curated
nb,v1,2,1849,1874,gave,gave,gave,unknown,gave,wordfreq:nb,wordfreq_seeded;deterministically_filtered;structurally_curated
nb,v1,2,1850,1875,glemte,glemte,glemte,unknown,glemte,wordfreq:nb,wordfreq_seeded;deterministically_filtered;structurally_curated
nb,v1,2,1851,1876,høst,høst,høst,unknown,høst,wordfreq:nb,wordfreq_seeded;deterministically_filtered;structurally_curated
nb,v1,2,1852,1877,innebærer,innebærer,innebærer,unknown,innebærer,wordfreq:nb,wordfreq_seeded;deterministically_filtered;structurally_curated
nb,v1,2,1853,1878,landene,landene,landene,unknown,landene,wordfreq:nb,wordfreq_seeded;deterministically_filtered;structurally_curated
nb,v1,2,1854,1879,morsom,morsom,morsom,unknown,morsom,wordfreq:nb,wordfreq_seeded;deterministically_filtered;structurally_curated
nb,v1,2,1855,1880,nektet,nektet,nektet,unknown,nektet,wordfreq:nb,wordfreq_seeded;deterministically_filtered;structurally_curated
nb,v1,2,1856,1881,nærmeste,nærmeste,nærmeste,unknown,nærmeste,wordfreq:nb,wordfreq_seeded;deterministically_filtered;structurally_curated
nb,v1,2,1857,1882,oftest,oftest,oftest,unknown,oftest,wordfreq:nb,wordfreq_seeded;deterministically_filtered;structurally_curated
nb,v1,2,1858,1883,oppnå,oppnå,oppnå,unknown,oppnå,wordfreq:nb,wordfreq_seeded;deterministically_filtered;structurally_curated
nb,v1,2,1859,1884,overgrep,overgrep,overgrep,unknown,overgrep,wordfreq:nb,wordfreq_seeded;deterministically_filtered;structurally_curated
nb,v1,2,1860,1885,punkt,punkt,punkt,unknown,punkt,wordfreq:nb,wordfreq_seeded;deterministically_filtered;structurally_curated
nb,v1,2,1861,1886,rapport,rapport,rapport,unknown,rapport,wordfreq:nb,wordfreq_seeded;deterministically_filtered;structurally_curated
nb,v1,2,1862,1887,ringer,ringer,ringer,unknown,ringer,wordfreq:nb,wordfreq_seeded;deterministically_filtered;structurally_curated
nb,v1,2,1863,1888,sko,sko,sko,unknown,sko,wordfreq:nb,wordfreq_seeded;deterministically_filtered;structurally_curated
nb,v1,2,1864,1889,skyldes,skyldes,skyldes,unknown,skyldes,wordfreq:nb,wordfreq_seeded;deterministically_filtered;structurally_curated
nb,v1,2,1865,1890,snu,snu,snu,unknown,snu,wordfreq:nb,wordfreq_seeded;deterministically_filtered;structurally_curated
nb,v1,2,1866,1891,statistikk,statistikk,statistikk,unknown,statistikk,wordfreq:nb,wordfreq_seeded;deterministically_filtered;structurally_curated
nb,v1,2,1867,1892,styret,styret,styret,unknown,styret,wordfreq:nb,wordfreq_seeded;deterministically_filtered;structurally_curated
nb,v1,2,1868,1893,størrelse,størrelse,størrelse,unknown,størrelse,wordfreq:nb,wordfreq_seeded;deterministically_filtered;structurally_curated
nb,v1,2,1869,1894,syke,syke,syke,unknown,syke,wordfreq:nb,wordfreq_seeded;deterministically_filtered;structurally_curated
nb,v1,2,1870,1895,syv,syv,syv,unknown,syv,wordfreq:nb,wordfreq_seeded;deterministically_filtered;structurally_curated
nb,v1,2,1871,1896,såkalte,såkalte,såkalte,unknown,såkalte,wordfreq:nb,wordfreq_seeded;deterministically_filtered;structurally_curated
nb,v1,2,1872,1897,trekk,trekk,trekk,unknown,trekk,wordfreq:nb,wordfreq_seeded;deterministically_filtered;structurally_curated
nb,v1,2,1873,1898,voksen,voksen,voksen,unknown,voksen,wordfreq:nb,wordfreq_seeded;deterministically_filtered;structurally_curated
nb,v1,2,1874,1899,årsaken,årsaken,årsaken,unknown,årsaken,wordfreq:nb,wordfreq_seeded;deterministically_filtered;structurally_curated
nb,v1,2,1875,1900,aktivt,aktivt,aktivt,unknown,aktivt,wordfreq:nb,wordfreq_seeded;deterministically_filtered;structurally_curated
nb,v1,2,1876,1901,avgjørende,avgjørende,avgjørende,unknown,avgjørende,wordfreq:nb,wordfreq_seeded;deterministically_filtered;structurally_curated
nb,v1,2,1877,1902,avstand,avstand,avstand,unknown,avstand,wordfreq:nb,wordfreq_seeded;deterministically_filtered;structurally_curated
nb,v1,2,1878,1903,bedt,bedt,bedt,unknown,bedt,wordfreq:nb,wordfreq_seeded;deterministically_filtered;structurally_curated
nb,v1,2,1879,1904,bryter,bryter,bryter,unknown,bryter,wordfreq:nb,wordfreq_seeded;deterministically_filtered;structurally_curated
nb,v1,2,1880,1905,dum,dum,dum,unknown,dum,wordfreq:nb,wordfreq_seeded;deterministically_filtered;structurally_curated
nb,v1,2,1881,1906,fjell,fjell,fjell,unknown,fjell,wordfreq:nb,wordfreq_seeded;deterministically_filtered;structurally_curated
nb,v1,2,1882,1907,fn,fn,fn,unknown,fn,wordfreq:nb,wordfreq_seeded;deterministically_filtered;structurally_curated
nb,v1,2,1883,1908,folkens,folkens,folkens,unknown,folkens,wordfreq:nb,wordfreq_seeded;deterministically_filtered;structurally_curated
nb,v1,2,1884,1909,fungere,fungere,fungere,unknown,fungere,wordfreq:nb,wordfreq_seeded;deterministically_filtered;structurally_curated
nb,v1,2,1885,1910,følelse,følelse,følelse,unknown,følelse,wordfreq:nb,wordfreq_seeded;deterministically_filtered;structurally_curated
nb,v1,2,1886,1911,gutten,gutten,gutten,unknown,gutten,wordfreq:nb,wordfreq_seeded;deterministically_filtered;structurally_curated
nb,v1,2,1887,1912,guttene,guttene,guttene,unknown,guttene,wordfreq:nb,wordfreq_seeded;deterministically_filtered;structurally_curated
nb,v1,2,1888,1913,håpet,håpet,håpet,unknown,håpet,wordfreq:nb,wordfreq_seeded;deterministically_filtered;structurally_curated
nb,v1,2,1889,1914,innholdet,innholdet,innholdet,unknown,innholdet,wordfreq:nb,wordfreq_seeded;deterministically_filtered;structurally_curated
nb,v1,2,1890,1915,italia,italia,italia,unknown,italia,wordfreq:nb,wordfreq_seeded;deterministically_filtered;structurally_curated
nb,v1,2,1891,1916,kilde,kilde,kilde,unknown,kilde,wordfreq:nb,wordfreq_seeded;deterministically_filtered;structurally_curated
nb,v1,2,1892,1917,kommentarer,kommentarer,kommentarer,unknown,kommentarer,wordfreq:nb,wordfreq_seeded;deterministically_filtered;structurally_curated
nb,v1,2,1893,1918,kommunene,kommunene,kommunene,unknown,kommunene,wordfreq:nb,wordfreq_seeded;deterministically_filtered;structurally_curated
nb,v1,2,1894,1919,leker,leker,leker,unknown,leker,wordfreq:nb,wordfreq_seeded;deterministically_filtered;structurally_curated
nb,v1,2,1895,1920,lokalt,lokalt,lokalt,unknown,lokalt,wordfreq:nb,wordfreq_seeded;deterministically_filtered;structurally_curated
nb,v1,2,1896,1921,meninger,meninger,meninger,unknown,meninger,wordfreq:nb,wordfreq_seeded;deterministically_filtered;structurally_curated
nb,v1,2,1897,1922,minne,minne,minne,unknown,minne,wordfreq:nb,wordfreq_seeded;deterministically_filtered;structurally_curated
nb,v1,2,1898,1923,motstand,motstand,motstand,unknown,motstand,wordfreq:nb,wordfreq_seeded;deterministically_filtered;structurally_curated
nb,v1,2,1899,1924,nærmer,nærmer,nærmer,unknown,nærmer,wordfreq:nb,wordfreq_seeded;deterministically_filtered;structurally_curated
nb,v1,2,1900,1925,opphold,opphold,opphold,unknown,opphold,wordfreq:nb,wordfreq_seeded;deterministically_filtered;structurally_curated
nb,v1,2,1901,1926,politiker,politiker,politiker,unknown,politiker,wordfreq:nb,wordfreq_seeded;deterministically_filtered;structurally_curated
nb,v1,2,1902,1927,rask,rask,rask,unknown,rask,wordfreq:nb,wordfreq_seeded;deterministically_filtered;structurally_curated
nb,v1,2,1903,1928,savnet,savnet,savnet,unknown,savnet,wordfreq:nb,wordfreq_seeded;deterministically_filtered;structurally_curated
nb,v1,2,1904,1929,situasjoner,situasjoner,situasjoner,unknown,situasjoner,wordfreq:nb,wordfreq_seeded;deterministically_filtered;structurally_curated
nb,v1,2,1905,1930,skjønne,skjønne,skjønne,unknown,skjønne,wordfreq:nb,wordfreq_seeded;deterministically_filtered;structurally_curated
nb,v1,2,1906,1931,skutt,skutt,skutt,unknown,skutt,wordfreq:nb,wordfreq_seeded;deterministically_filtered;structurally_curated
nb,v1,2,1907,1932,spurt,spurt,spurt,unknown,spurt,wordfreq:nb,wordfreq_seeded;deterministically_filtered;structurally_curated
nb,v1,2,1908,1933,te,te,te,unknown,te,wordfreq:nb,wordfreq_seeded;deterministically_filtered;structurally_curated
nb,v1,2,1909,1934,tidspunkt,tidspunkt,tidspunkt,unknown,tidspunkt,wordfreq:nb,wordfreq_seeded;deterministically_filtered;structurally_curated
nb,v1,2,1910,1935,transport,transport,transport,unknown,transport,wordfreq:nb,wordfreq_seeded;deterministically_filtered;structurally_curated
nb,v1,2,1911,1936,turen,turen,turen,unknown,turen,wordfreq:nb,wordfreq_seeded;deterministically_filtered;structurally_curated
nb,v1,2,1912,1937,tør,tør,tør,unknown,tør,wordfreq:nb,wordfreq_seeded;deterministically_filtered;structurally_curated
nb,v1,2,1913,1938,utstyr,utstyr,utstyr,unknown,utstyr,wordfreq:nb,wordfreq_seeded;deterministically_filtered;structurally_curated
nb,v1,2,1914,1939,vinter,vinter,vinter,unknown,vinter,wordfreq:nb,wordfreq_seeded;deterministically_filtered;structurally_curated
nb,v1,2,1915,1940,virkeligheten,virkeligheten,virkeligheten,unknown,virkeligheten,wordfreq:nb,wordfreq_seeded;deterministically_filtered;structurally_curated
nb,v1,2,1916,1941,vurderer,vurderer,vurderer,unknown,vurderer,wordfreq:nb,wordfreq_seeded;deterministically_filtered;structurally_curated
nb,v1,2,1917,1942,agder,agder,agder,unknown,agder,wordfreq:nb,wordfreq_seeded;deterministically_filtered;structurally_curated
nb,v1,2,1918,1943,arbeiderpartiet,arbeiderpartiet,arbeiderpartiet,unknown,arbeiderpartiet,wordfreq:nb,wordfreq_seeded;deterministically_filtered;structurally_curated
nb,v1,2,1919,1944,art,art,art,unknown,art,wordfreq:nb,wordfreq_seeded;deterministically_filtered;structurally_curated
nb,v1,2,1920,1945,bekymret,bekymret,bekymret,unknown,bekymret,wordfreq:nb,wordfreq_seeded;deterministically_filtered;structurally_curated
nb,v1,2,1921,1946,dekke,dekke,dekke,unknown,dekke,wordfreq:nb,wordfreq_seeded;deterministically_filtered;structurally_curated
nb,v1,2,1922,1947,egg,egg,egg,unknown,egg,wordfreq:nb,wordfreq_seeded;deterministically_filtered;structurally_curated
nb,v1,2,1923,1948,elevene,elevene,elevene,unknown,elevene,wordfreq:nb,wordfreq_seeded;deterministically_filtered;structurally_curated
nb,v1,2,1924,1949,farge,farge,farge,unknown,farge,wordfreq:nb,wordfreq_seeded;deterministically_filtered;structurally_curated
nb,v1,2,1925,1950,flytter,flytter,flytter,unknown,flytter,wordfreq:nb,wordfreq_seeded;deterministically_filtered;structurally_curated
nb,v1,2,1926,1951,forlot,forlot,forlot,unknown,forlot,wordfreq:nb,wordfreq_seeded;deterministically_filtered;structurally_curated
nb,v1,2,1927,1952,formål,formål,formål,unknown,formål,wordfreq:nb,wordfreq_seeded;deterministically_filtered;structurally_curated
nb,v1,2,1928,1953,glipp,glipp,glipp,unknown,glipp,wordfreq:nb,wordfreq_seeded;deterministically_filtered;structurally_curated
nb,v1,2,1929,1954,grønn,grønn,grønn,unknown,grønn,wordfreq:nb,wordfreq_seeded;deterministically_filtered;structurally_curated
nb,v1,2,1930,1955,hard,hard,hard,unknown,hard,wordfreq:nb,wordfreq_seeded;deterministically_filtered;structurally_curated
nb,v1,2,1931,1956,het,het,het,unknown,het,wordfreq:nb,wordfreq_seeded;deterministically_filtered;structurally_curated
nb,v1,2,1932,1957,hotell,hotell,hotell,unknown,hotell,wordfreq:nb,wordfreq_seeded;deterministically_filtered;structurally_curated
nb,v1,2,1933,1958,info,info,info,unknown,info,wordfreq:nb,wordfreq_seeded;deterministically_filtered;structurally_curated
nb,v1,2,1934,1959,innført,innført,innført,unknown,innført,wordfreq:nb,wordfreq_seeded;deterministically_filtered;structurally_curated
nb,v1,2,1935,1960,kalte,kalte,kalte,unknown,kalte,wordfreq:nb,wordfreq_seeded;deterministically_filtered;structurally_curated
nb,v1,2,1936,1961,kampene,kampene,kampene,unknown,kampene,wordfreq:nb,wordfreq_seeded;deterministically_filtered;structurally_curated
nb,v1,2,1937,1962,kjeft,kjeft,kjeft,unknown,kjeft,wordfreq:nb,wordfreq_seeded;deterministically_filtered;structurally_curated
nb,v1,2,1938,1963,klager,klager,klager,unknown,klager,wordfreq:nb,wordfreq_seeded;deterministically_filtered;structurally_curated
nb,v1,2,1939,1964,kong,kong,kong,unknown,kong,wordfreq:nb,wordfreq_seeded;deterministically_filtered;structurally_curated
nb,v1,2,1940,1965,ledd,ledd,ledd,unknown,ledd,wordfreq:nb,wordfreq_seeded;deterministically_filtered;structurally_curated
nb,v1,2,1941,1966,lete,lete,lete,unknown,lete,wordfreq:nb,wordfreq_seeded;deterministically_filtered;structurally_curated
nb,v1,2,1942,1967,leverer,leverer,leverer,unknown,leverer,wordfreq:nb,wordfreq_seeded;deterministically_filtered;structurally_curated
nb,v1,2,1943,1968,lyd,lyd,lyd,unknown,lyd,wordfreq:nb,wordfreq_seeded;deterministically_filtered;structurally_curated
nb,v1,2,1944,1969,mangel,mangel,mangel,unknown,mangel,wordfreq:nb,wordfreq_seeded;deterministically_filtered;structurally_curated
nb,v1,2,1945,1970,odd,odd,odd,unknown,odd,wordfreq:nb,wordfreq_seeded;deterministically_filtered;structurally_curated
nb,v1,2,1946,1971,oppgaver,oppgaver,oppgaver,unknown,oppgaver,wordfreq:nb,wordfreq_seeded;deterministically_filtered;structurally_curated
nb,v1,2,1947,1972,opprinnelig,opprinnelig,opprinnelig,unknown,opprinnelig,wordfreq:nb,wordfreq_seeded;deterministically_filtered;structurally_curated
nb,v1,2,1948,1973,prate,prate,prate,unknown,prate,wordfreq:nb,wordfreq_seeded;deterministically_filtered;structurally_curated
nb,v1,2,1949,1974,påvirke,påvirke,påvirke,unknown,påvirke,wordfreq:nb,wordfreq_seeded;deterministically_filtered;structurally_curated
nb,v1,2,1950,1975,reiste,reiste,reiste,unknown,reiste,wordfreq:nb,wordfreq_seeded;deterministically_filtered;structurally_curated
nb,v1,2,1951,1976,samarbeidet,samarbeidet,samarbeidet,unknown,samarbeidet,wordfreq:nb,wordfreq_seeded;deterministically_filtered;structurally_curated
nb,v1,2,1952,1977,sekunder,sekunder,sekunder,unknown,sekunder,wordfreq:nb,wordfreq_seeded;deterministically_filtered;structurally_curated
nb,v1,2,1953,1978,skyte,skyte,skyte,unknown,skyte,wordfreq:nb,wordfreq_seeded;deterministically_filtered;structurally_curated
nb,v1,2,1954,1979,suksess,suksess,suksess,unknown,suksess,wordfreq:nb,wordfreq_seeded;deterministically_filtered;structurally_curated
nb,v1,2,1955,1980,toget,toget,toget,unknown,toget,wordfreq:nb,wordfreq_seeded;deterministically_filtered;structurally_curated
nb,v1,2,1956,1981,utseende,utseende,utseende,unknown,utseende,wordfreq:nb,wordfreq_seeded;deterministically_filtered;structurally_curated
nb,v1,2,1957,1983,østfold,østfold,østfold,unknown,østfold,wordfreq:nb,wordfreq_seeded;deterministically_filtered;structurally_curated
nb,v1,2,1958,1984,arne,arne,arne,unknown,arne,wordfreq:nb,wordfreq_seeded;deterministically_filtered;structurally_curated
nb,v1,2,1959,1985,arrestert,arrestert,arrestert,unknown,arrestert,wordfreq:nb,wordfreq_seeded;deterministically_filtered;structurally_curated
nb,v1,2,1960,1986,bryte,bryte,bryte,unknown,bryte,wordfreq:nb,wordfreq_seeded;deterministically_filtered;structurally_curated
nb,v1,2,1961,1987,bygd,bygd,bygd,unknown,bygd,wordfreq:nb,wordfreq_seeded;deterministically_filtered;structurally_curated
nb,v1,2,1962,1988,bygg,bygg,bygg,unknown,bygg,wordfreq:nb,wordfreq_seeded;deterministically_filtered;structurally_curated
nb,v1,2,1963,1989,deltok,deltok,deltok,unknown,deltok,wordfreq:nb,wordfreq_seeded;deterministically_filtered;structurally_curated
nb,v1,2,1964,1990,digital,digital,digital,unknown,digital,wordfreq:nb,wordfreq_seeded;deterministically_filtered;structurally_curated
nb,v1,2,1965,1991,divisjon,divisjon,divisjon,unknown,divisjon,wordfreq:nb,wordfreq_seeded;deterministically_filtered;structurally_curated
nb,v1,2,1966,1992,dommer,dommer,dommer,unknown,dommer,wordfreq:nb,wordfreq_seeded;deterministically_filtered;structurally_curated
nb,v1,2,1967,1993,dårligere,dårligere,dårligere,unknown,dårligere,wordfreq:nb,wordfreq_seeded;deterministically_filtered;structurally_curated
nb,v1,2,1968,1994,døra,døra,døra,unknown,døra,wordfreq:nb,wordfreq_seeded;deterministically_filtered;structurally_curated
nb,v1,2,1969,1995,episode,episode,episode,unknown,episode,wordfreq:nb,wordfreq_seeded;deterministically_filtered;structurally_curated
nb,v1,2,1970,1996,erna,erna,erna,unknown,erna,wordfreq:nb,wordfreq_seeded;deterministically_filtered;structurally_curated
nb,v1,2,1971,1997,fjellet,fjellet,fjellet,unknown,fjellet,wordfreq:nb,wordfreq_seeded;deterministically_filtered;structurally_curated
nb,v1,2,1972,1998,flyet,flyet,flyet,unknown,flyet,wordfreq:nb,wordfreq_seeded;deterministically_filtered;structurally_curated
nb,v1,2,1973,1999,foreløpig,foreløpig,foreløpig,unknown,foreløpig,wordfreq:nb,wordfreq_seeded;deterministically_filtered;structurally_curated
nb,v1,2,1974,2000,forsvare,forsvare,forsvare,unknown,forsvare,wordfreq:nb,wordfreq_seeded;deterministically_filtered;structurally_curated
nb,v1,2,1975,2001,general,general,general,unknown,general,wordfreq:nb,wordfreq_seeded;deterministically_filtered;structurally_curated
nb,v1,2,1976,2002,gjengen,gjengen,gjengen,unknown,gjengen,wordfreq:nb,wordfreq_seeded;deterministically_filtered;structurally_curated
nb,v1,2,1977,2003,handlet,handlet,handlet,unknown,handlet,wordfreq:nb,wordfreq_seeded;deterministically_filtered;structurally_curated
nb,v1,2,1978,2004,inni,inni,inni,unknown,inni,wordfreq:nb,wordfreq_seeded;deterministically_filtered;structurally_curated
nb,v1,2,1979,2005,interesser,interesser,interesser,unknown,interesser,wordfreq:nb,wordfreq_seeded;deterministically_filtered;structurally_curated
nb,v1,2,1980,2006,jord,jord,jord,unknown,jord,wordfreq:nb,wordfreq_seeded;deterministically_filtered;structurally_curated
nb,v1,2,1981,2007,kreve,kreve,kreve,unknown,kreve,wordfreq:nb,wordfreq_seeded;deterministically_filtered;structurally_curated
nb,v1,2,1982,2008,ledet,ledet,ledet,unknown,ledet,wordfreq:nb,wordfreq_seeded;deterministically_filtered;structurally_curated
nb,v1,2,1983,2009,merket,merket,merket,unknown,merket,wordfreq:nb,wordfreq_seeded;deterministically_filtered;structurally_curated
nb,v1,2,1984,2010,midlertidig,midlertidig,midlertidig,unknown,midlertidig,wordfreq:nb,wordfreq_seeded;deterministically_filtered;structurally_curated
nb,v1,2,1985,2011,nordland,nordland,nordland,unknown,nordland,wordfreq:nb,wordfreq_seeded;deterministically_filtered;structurally_curated
nb,v1,2,1986,2012,olav,olav,olav,unknown,olav,wordfreq:nb,wordfreq_seeded;deterministically_filtered;structurally_curated
nb,v1,2,1987,2013,onsdag,onsdag,onsdag,unknown,onsdag,wordfreq:nb,wordfreq_seeded;deterministically_filtered;structurally_curated
nb,v1,2,1988,2014,organisasjonen,organisasjonen,organisasjonen,unknown,organisasjonen,wordfreq:nb,wordfreq_seeded;deterministically_filtered;structurally_curated
nb,v1,2,1989,2015,plasser,plasser,plasser,unknown,plasser,wordfreq:nb,wordfreq_seeded;deterministically_filtered;structurally_curated
nb,v1,2,1990,2016,politikken,politikken,politikken,unknown,politikken,wordfreq:nb,wordfreq_seeded;deterministically_filtered;structurally_curated
nb,v1,2,1991,2017,registrert,registrert,registrert,unknown,registrert,wordfreq:nb,wordfreq_seeded;deterministically_filtered;structurally_curated
nb,v1,2,1992,2018,religiøse,religiøse,religiøse,unknown,religiøse,wordfreq:nb,wordfreq_seeded;deterministically_filtered;structurally_curated
nb,v1,2,1993,2019,samle,samle,samle,unknown,samle,wordfreq:nb,wordfreq_seeded;deterministically_filtered;structurally_curated
nb,v1,2,1994,2020,sangen,sangen,sangen,unknown,sangen,wordfreq:nb,wordfreq_seeded;deterministically_filtered;structurally_curated
nb,v1,2,1995,2021,skille,skille,skille,unknown,skille,wordfreq:nb,wordfreq_seeded;deterministically_filtered;structurally_curated
nb,v1,2,1996,2022,stasjon,stasjon,stasjon,unknown,stasjon,wordfreq:nb,wordfreq_seeded;deterministically_filtered;structurally_curated
nb,v1,2,1997,2023,stengt,stengt,stengt,unknown,stengt,wordfreq:nb,wordfreq_seeded;deterministically_filtered;structurally_curated
nb,v1,2,1998,2024,straks,straks,straks,unknown,straks,wordfreq:nb,wordfreq_seeded;deterministically_filtered;structurally_curated
nb,v1,2,1999,2025,student,student,student,unknown,student,wordfreq:nb,wordfreq_seeded;deterministically_filtered;structurally_curated
nb,v1,2,2000,2026,tallene,tallene,tallene,unknown,tallene,wordfreq:nb,wordfreq_seeded;deterministically_filtered;structurally_curated
nb,v1,3,2001,2027,tirsdag,tirsdag,tirsdag,unknown,tirsdag,wordfreq:nb,wordfreq_seeded;deterministically_filtered;structurally_curated
nb,v1,3,2002,2028,treffe,treffe,treffe,unknown,treffe,wordfreq:nb,wordfreq_seeded;deterministically_filtered;structurally_curated
nb,v1,3,2003,2029,truet,truet,truet,unknown,truet,wordfreq:nb,wordfreq_seeded;deterministically_filtered;structurally_curated
nb,v1,3,2004,2030,tvunget,tvunget,tvunget,unknown,tvunget,wordfreq:nb,wordfreq_seeded;deterministically_filtered;structurally_curated
nb,v1,3,2005,2031,øvrige,øvrige,øvrige,unknown,øvrige,wordfreq:nb,wordfreq_seeded;deterministically_filtered;structurally_curated
nb,v1,3,2006,2033,aner,aner,aner,unknown,aner,wordfreq:nb,wordfreq_seeded;deterministically_filtered;structurally_curated
nb,v1,3,2007,2034,are,are,are,unknown,are,wordfreq:nb,wordfreq_seeded;deterministically_filtered;structurally_curated
nb,v1,3,2008,2035,behandlet,behandlet,behandlet,unknown,behandlet,wordfreq:nb,wordfreq_seeded;deterministically_filtered;structurally_curated
nb,v1,3,2009,2036,bordet,bordet,bordet,unknown,bordet,wordfreq:nb,wordfreq_seeded;deterministically_filtered;structurally_curated
nb,v1,3,2010,2037,buss,buss,buss,unknown,buss,wordfreq:nb,wordfreq_seeded;deterministically_filtered;structurally_curated
nb,v1,3,2011,2038,bærer,bærer,bærer,unknown,bærer,wordfreq:nb,wordfreq_seeded;deterministically_filtered;structurally_curated
nb,v1,3,2012,2039,diskusjon,diskusjon,diskusjon,unknown,diskusjon,wordfreq:nb,wordfreq_seeded;deterministically_filtered;structurally_curated
nb,v1,3,2013,2040,diverse,diverse,diverse,unknown,diverse,wordfreq:nb,wordfreq_seeded;deterministically_filtered;structurally_curated
nb,v1,3,2014,2041,drikker,drikker,drikker,unknown,drikker,wordfreq:nb,wordfreq_seeded;deterministically_filtered;structurally_curated
nb,v1,3,2015,2042,drømmer,drømmer,drømmer,unknown,drømmer,wordfreq:nb,wordfreq_seeded;deterministically_filtered;structurally_curated
nb,v1,3,2016,2043,dypt,dypt,dypt,unknown,dypt,wordfreq:nb,wordfreq_seeded;deterministically_filtered;structurally_curated
nb,v1,3,2017,2044,enkle,enkle,enkle,unknown,enkle,wordfreq:nb,wordfreq_seeded;deterministically_filtered;structurally_curated
nb,v1,3,2018,2045,fett,fett,fett,unknown,fett,wordfreq:nb,wordfreq_seeded;deterministically_filtered;structurally_curated
nb,v1,3,2019,2046,fjerde,fjerde,fjerde,unknown,fjerde,wordfreq:nb,wordfreq_seeded;deterministically_filtered;structurally_curated
nb,v1,3,2020,2047,forskjeller,forskjeller,forskjeller,unknown,forskjeller,wordfreq:nb,wordfreq_seeded;deterministically_filtered;structurally_curated
nb,v1,3,2021,2048,forsøkte,forsøkte,forsøkte,unknown,forsøkte,wordfreq:nb,wordfreq_seeded;deterministically_filtered;structurally_curated
nb,v1,3,2022,2049,fredrikstad,fredrikstad,fredrikstad,unknown,fredrikstad,wordfreq:nb,wordfreq_seeded;deterministically_filtered;structurally_curated
nb,v1,3,2023,2050,fulgt,fulgt,fulgt,unknown,fulgt,wordfreq:nb,wordfreq_seeded;deterministically_filtered;structurally_curated
nb,v1,3,2024,2051,fylle,fylle,fylle,unknown,fylle,wordfreq:nb,wordfreq_seeded;deterministically_filtered;structurally_curated
nb,v1,3,2025,2052,glass,glass,glass,unknown,glass,wordfreq:nb,wordfreq_seeded;deterministically_filtered;structurally_curated
nb,v1,3,2026,2053,glemmer,glemmer,glemmer,unknown,glemmer,wordfreq:nb,wordfreq_seeded;deterministically_filtered;structurally_curated
nb,v1,3,2027,2054,hendelser,hendelser,hendelser,unknown,hendelser,wordfreq:nb,wordfreq_seeded;deterministically_filtered;structurally_curated
nb,v1,3,2028,2055,hjernen,hjernen,hjernen,unknown,hjernen,wordfreq:nb,wordfreq_seeded;deterministically_filtered;structurally_curated
nb,v1,3,2029,2056,inntrykk,inntrykk,inntrykk,unknown,inntrykk,wordfreq:nb,wordfreq_seeded;deterministically_filtered;structurally_curated
nb,v1,3,2030,2057,istedenfor,istedenfor,istedenfor,unknown,istedenfor,wordfreq:nb,wordfreq_seeded;deterministically_filtered;structurally_curated
nb,v1,3,2031,2058,kart,kart,kart,unknown,kart,wordfreq:nb,wordfreq_seeded;deterministically_filtered;structurally_curated
nb,v1,3,2032,2059,kg,kg,kg,unknown,kg,wordfreq:nb,wordfreq_seeded;deterministically_filtered;structurally_curated
nb,v1,3,2033,2060,knut,knut,knut,unknown,knut,wordfreq:nb,wordfreq_seeded;deterministically_filtered;structurally_curated
nb,v1,3,2034,2061,leilighet,leilighet,leilighet,unknown,leilighet,wordfreq:nb,wordfreq_seeded;deterministically_filtered;structurally_curated
nb,v1,3,2035,2062,listhaug,listhaug,listhaug,unknown,listhaug,wordfreq:nb,wordfreq_seeded;deterministically_filtered;structurally_curated
nb,v1,3,2036,2063,lukter,lukter,lukter,unknown,lukter,wordfreq:nb,wordfreq_seeded;deterministically_filtered;structurally_curated
nb,v1,3,2037,2064,lån,lån,lån,unknown,lån,wordfreq:nb,wordfreq_seeded;deterministically_filtered;structurally_curated
nb,v1,3,2038,2065,måneden,måneden,måneden,unknown,måneden,wordfreq:nb,wordfreq_seeded;deterministically_filtered;structurally_curated
nb,v1,3,2039,2066,natur,natur,natur,unknown,natur,wordfreq:nb,wordfreq_seeded;deterministically_filtered;structurally_curated
nb,v1,3,2040,2067,nåværende,nåværende,nåværende,unknown,nåværende,wordfreq:nb,wordfreq_seeded;deterministically_filtered;structurally_curated
nb,v1,3,2041,2068,one,one,one,unknown,one,wordfreq:nb,wordfreq_seeded;deterministically_filtered;structurally_curated
nb,v1,3,2042,2069,overleve,overleve,overleve,unknown,overleve,wordfreq:nb,wordfreq_seeded;deterministically_filtered;structurally_curated
nb,v1,3,2043,2070,pakke,pakke,pakke,unknown,pakke,wordfreq:nb,wordfreq_seeded;deterministically_filtered;structurally_curated
nb,v1,3,2044,2071,pause,pause,pause,unknown,pause,wordfreq:nb,wordfreq_seeded;deterministically_filtered;structurally_curated
nb,v1,3,2045,2072,pen,pen,pen,unknown,pen,wordfreq:nb,wordfreq_seeded;deterministically_filtered;structurally_curated
nb,v1,3,2046,2073,plassert,plassert,plassert,unknown,plassert,wordfreq:nb,wordfreq_seeded;deterministically_filtered;structurally_curated
nb,v1,3,2047,2074,presset,presset,presset,unknown,presset,wordfreq:nb,wordfreq_seeded;deterministically_filtered;structurally_curated
nb,v1,3,2048,2075,scenen,scenen,scenen,unknown,scenen,wordfreq:nb,wordfreq_seeded;deterministically_filtered;structurally_curated
nb,v1,3,2049,2076,skogen,skogen,skogen,unknown,skogen,wordfreq:nb,wordfreq_seeded;deterministically_filtered;structurally_curated
nb,v1,3,2050,2077,taket,taket,taket,unknown,taket,wordfreq:nb,wordfreq_seeded;deterministically_filtered;structurally_curated
nb,v1,3,2051,2078,takke,takke,takke,unknown,takke,wordfreq:nb,wordfreq_seeded;deterministically_filtered;structurally_curated
nb,v1,3,2052,2079,takket,takket,takket,unknown,takket,wordfreq:nb,wordfreq_seeded;deterministically_filtered;structurally_curated
nb,v1,3,2053,2080,tape,tape,tape,unknown,tape,wordfreq:nb,wordfreq_seeded;deterministically_filtered;structurally_curated
nb,v1,3,2054,2081,tittelen,tittelen,tittelen,unknown,tittelen,wordfreq:nb,wordfreq_seeded;deterministically_filtered;structurally_curated
nb,v1,3,2055,2082,tja,tja,tja,unknown,tja,wordfreq:nb,wordfreq_seeded;deterministically_filtered;structurally_curated
nb,v1,3,2056,2083,umiddelbart,umiddelbart,umiddelbart,unknown,umiddelbart,wordfreq:nb,wordfreq_seeded;deterministically_filtered;structurally_curated
nb,v1,3,2057,2084,utgangspunkt,utgangspunkt,utgangspunkt,unknown,utgangspunkt,wordfreq:nb,wordfreq_seeded;deterministically_filtered;structurally_curated
nb,v1,3,2058,2085,utgave,utgave,utgave,unknown,utgave,wordfreq:nb,wordfreq_seeded;deterministically_filtered;structurally_curated
nb,v1,3,2059,2086,advokat,advokat,advokat,unknown,advokat,wordfreq:nb,wordfreq_seeded;deterministically_filtered;structurally_curated
nb,v1,3,2060,2087,anna,anna,anna,unknown,anna,wordfreq:nb,wordfreq_seeded;deterministically_filtered;structurally_curated
nb,v1,3,2061,2088,ballen,ballen,ballen,unknown,ballen,wordfreq:nb,wordfreq_seeded;deterministically_filtered;structurally_curated
nb,v1,3,2062,2089,befinner,befinner,befinner,unknown,befinner,wordfreq:nb,wordfreq_seeded;deterministically_filtered;structurally_curated
nb,v1,3,2063,2090,ben,ben,ben,unknown,ben,wordfreq:nb,wordfreq_seeded;deterministically_filtered;structurally_curated
nb,v1,3,2064,2091,bidrag,bidrag,bidrag,unknown,bidrag,wordfreq:nb,wordfreq_seeded;deterministically_filtered;structurally_curated
nb,v1,3,2065,2092,co,co,co,unknown,co,wordfreq:nb,wordfreq_seeded;deterministically_filtered;structurally_curated
nb,v1,3,2066,2093,ekteskap,ekteskap,ekteskap,unknown,ekteskap,wordfreq:nb,wordfreq_seeded;deterministically_filtered;structurally_curated
nb,v1,3,2067,2094,feltet,feltet,feltet,unknown,feltet,wordfreq:nb,wordfreq_seeded;deterministically_filtered;structurally_curated
nb,v1,3,2068,2095,finland,finland,finland,unknown,finland,wordfreq:nb,wordfreq_seeded;deterministically_filtered;structurally_curated
nb,v1,3,2069,2096,foretrekker,foretrekker,foretrekker,unknown,foretrekker,wordfreq:nb,wordfreq_seeded;deterministically_filtered;structurally_curated
nb,v1,3,2070,2097,fryktelig,fryktelig,fryktelig,unknown,fryktelig,wordfreq:nb,wordfreq_seeded;deterministically_filtered;structurally_curated
nb,v1,3,2071,2098,glem,glem,glem,unknown,glem,wordfreq:nb,wordfreq_seeded;deterministically_filtered;structurally_curated
nb,v1,3,2072,2099,handling,handling,handling,unknown,handling,wordfreq:nb,wordfreq_seeded;deterministically_filtered;structurally_curated
nb,v1,3,2073,2100,hender,hender,hender,unknown,hender,wordfreq:nb,wordfreq_seeded;deterministically_filtered;structurally_curated
nb,v1,3,2074,2101,idé,idé,idé,unknown,idé,wordfreq:nb,wordfreq_seeded;deterministically_filtered;structurally_curated
nb,v1,3,2075,2102,johansen,johansen,johansen,unknown,johansen,wordfreq:nb,wordfreq_seeded;deterministically_filtered;structurally_curated
nb,v1,3,2076,2103,kapasitet,kapasitet,kapasitet,unknown,kapasitet,wordfreq:nb,wordfreq_seeded;deterministically_filtered;structurally_curated
nb,v1,3,2077,2104,kilometer,kilometer,kilometer,unknown,kilometer,wordfreq:nb,wordfreq_seeded;deterministically_filtered;structurally_curated
nb,v1,3,2078,2105,klage,klage,klage,unknown,klage,wordfreq:nb,wordfreq_seeded;deterministically_filtered;structurally_curated
nb,v1,3,2079,2106,korte,korte,korte,unknown,korte,wordfreq:nb,wordfreq_seeded;deterministically_filtered;structurally_curated
nb,v1,3,2080,2107,landslaget,landslaget,landslaget,unknown,landslaget,wordfreq:nb,wordfreq_seeded;deterministically_filtered;structurally_curated
nb,v1,3,2081,2108,lo,lo,lo,unknown,lo,wordfreq:nb,wordfreq_seeded;deterministically_filtered;structurally_curated
nb,v1,3,2082,2109,mengder,mengder,mengder,unknown,mengder,wordfreq:nb,wordfreq_seeded;deterministically_filtered;structurally_curated
nb,v1,3,2083,2110,ment,ment,ment,unknown,ment,wordfreq:nb,wordfreq_seeded;deterministically_filtered;structurally_curated
nb,v1,3,2084,2111,minutt,minutt,minutt,unknown,minutt,wordfreq:nb,wordfreq_seeded;deterministically_filtered;structurally_curated
nb,v1,3,2085,2112,naturen,naturen,naturen,unknown,naturen,wordfreq:nb,wordfreq_seeded;deterministically_filtered;structurally_curated
nb,v1,3,2086,2113,norwegian,norwegian,norwegian,unknown,norwegian,wordfreq:nb,wordfreq_seeded;deterministically_filtered;structurally_curated
nb,v1,3,2087,2114,or,or,or,unknown,or,wordfreq:nb,wordfreq_seeded;deterministically_filtered;structurally_curated
nb,v1,3,2088,2115,ovenfor,ovenfor,ovenfor,unknown,ovenfor,wordfreq:nb,wordfreq_seeded;deterministically_filtered;structurally_curated
nb,v1,3,2089,2116,petter,petter,petter,unknown,petter,wordfreq:nb,wordfreq_seeded;deterministically_filtered;structurally_curated
nb,v1,3,2090,2117,rene,rene,rene,unknown,rene,wordfreq:nb,wordfreq_seeded;deterministically_filtered;structurally_curated
nb,v1,3,2091,2118,skjønt,skjønt,skjønt,unknown,skjønt,wordfreq:nb,wordfreq_seeded;deterministically_filtered;structurally_curated
nb,v1,3,2092,2119,smak,smak,smak,unknown,smak,wordfreq:nb,wordfreq_seeded;deterministically_filtered;structurally_curated
nb,v1,3,2093,2120,snø,snø,snø,unknown,snø,wordfreq:nb,wordfreq_seeded;deterministically_filtered;structurally_curated
nb,v1,3,2094,2121,solberg,solberg,solberg,unknown,solberg,wordfreq:nb,wordfreq_seeded;deterministically_filtered;structurally_curated
nb,v1,3,2095,2122,språket,språket,språket,unknown,språket,wordfreq:nb,wordfreq_seeded;deterministically_filtered;structurally_curated
nb,v1,3,2096,2123,stillinger,stillinger,stillinger,unknown,stillinger,wordfreq:nb,wordfreq_seeded;deterministically_filtered;structurally_curated
nb,v1,3,2097,2124,this,this,this,unknown,this,wordfreq:nb,wordfreq_seeded;deterministically_filtered;structurally_curated
nb,v1,3,2098,2125,uenig,uenig,uenig,unknown,uenig,wordfreq:nb,wordfreq_seeded;deterministically_filtered;structurally_curated
nb,v1,3,2099,2126,vinteren,vinteren,vinteren,unknown,vinteren,wordfreq:nb,wordfreq_seeded;deterministically_filtered;structurally_curated
nb,v1,3,2100,2127,virksomhet,virksomhet,virksomhet,unknown,virksomhet,wordfreq:nb,wordfreq_seeded;deterministically_filtered;structurally_curated
nb,v1,3,2101,2128,allikevel,allikevel,allikevel,unknown,allikevel,wordfreq:nb,wordfreq_seeded;deterministically_filtered;structurally_curated
nb,v1,3,2102,2129,bekreftet,bekreftet,bekreftet,unknown,bekreftet,wordfreq:nb,wordfreq_seeded;deterministically_filtered;structurally_curated
nb,v1,3,2103,2130,benyttet,benyttet,benyttet,unknown,benyttet,wordfreq:nb,wordfreq_seeded;deterministically_filtered;structurally_curated
nb,v1,3,2104,2131,christian,christian,christian,unknown,christian,wordfreq:nb,wordfreq_seeded;deterministically_filtered;structurally_curated
nb,v1,3,2105,2132,daniel,daniel,daniel,unknown,daniel,wordfreq:nb,wordfreq_seeded;deterministically_filtered;structurally_curated
nb,v1,3,2106,2133,finalen,finalen,finalen,unknown,finalen,wordfreq:nb,wordfreq_seeded;deterministically_filtered;structurally_curated
nb,v1,3,2107,2134,forbud,forbud,forbud,unknown,forbud,wordfreq:nb,wordfreq_seeded;deterministically_filtered;structurally_curated
nb,v1,3,2108,2135,fy,fy,fy,unknown,fy,wordfreq:nb,wordfreq_seeded;deterministically_filtered;structurally_curated
nb,v1,3,2109,2136,følelsen,følelsen,følelsen,unknown,følelsen,wordfreq:nb,wordfreq_seeded;deterministically_filtered;structurally_curated
nb,v1,3,2110,2137,generasjon,generasjon,generasjon,unknown,generasjon,wordfreq:nb,wordfreq_seeded;deterministically_filtered;structurally_curated
nb,v1,3,2111,2138,glade,glade,glade,unknown,glade,wordfreq:nb,wordfreq_seeded;deterministically_filtered;structurally_curated
nb,v1,3,2112,2139,hotel,hotel,hotel,unknown,hotel,wordfreq:nb,wordfreq_seeded;deterministically_filtered;structurally_curated
nb,v1,3,2113,2140,journalister,journalister,journalister,unknown,journalister,wordfreq:nb,wordfreq_seeded;deterministically_filtered;structurally_curated
nb,v1,3,2114,2141,jøder,jøder,jøder,unknown,jøder,wordfreq:nb,wordfreq_seeded;deterministically_filtered;structurally_curated
nb,v1,3,2115,2142,latterlig,latterlig,latterlig,unknown,latterlig,wordfreq:nb,wordfreq_seeded;deterministically_filtered;structurally_curated
nb,v1,3,2116,2143,leger,leger,leger,unknown,leger,wordfreq:nb,wordfreq_seeded;deterministically_filtered;structurally_curated
nb,v1,3,2117,2144,mobilen,mobilen,mobilen,unknown,mobilen,wordfreq:nb,wordfreq_seeded;deterministically_filtered;structurally_curated
nb,v1,3,2118,2145,mørke,mørke,mørke,unknown,mørke,wordfreq:nb,wordfreq_seeded;deterministically_filtered;structurally_curated
nb,v1,3,2119,2146,normal,normal,normal,unknown,normal,wordfreq:nb,wordfreq_seeded;deterministically_filtered;structurally_curated
nb,v1,3,2120,2147,not,not,not,unknown,not,wordfreq:nb,wordfreq_seeded;deterministically_filtered;structurally_curated
nb,v1,3,2121,2148,oppleve,oppleve,oppleve,unknown,oppleve,wordfreq:nb,wordfreq_seeded;deterministically_filtered;structurally_curated
nb,v1,3,2122,2149,overalt,overalt,overalt,unknown,overalt,wordfreq:nb,wordfreq_seeded;deterministically_filtered;structurally_curated
nb,v1,3,2123,2150,prosjekter,prosjekter,prosjekter,unknown,prosjekter,wordfreq:nb,wordfreq_seeded;deterministically_filtered;structurally_curated
nb,v1,3,2124,2151,regnes,regnes,regnes,unknown,regnes,wordfreq:nb,wordfreq_seeded;deterministically_filtered;structurally_curated
nb,v1,3,2125,2152,sakene,sakene,sakene,unknown,sakene,wordfreq:nb,wordfreq_seeded;deterministically_filtered;structurally_curated
nb,v1,3,2126,2153,san,san,san,unknown,san,wordfreq:nb,wordfreq_seeded;deterministically_filtered;structurally_curated
nb,v1,3,2127,2154,sentralt,sentralt,sentralt,unknown,sentralt,wordfreq:nb,wordfreq_seeded;deterministically_filtered;structurally_curated
nb,v1,3,2128,2155,sikret,sikret,sikret,unknown,sikret,wordfreq:nb,wordfreq_seeded;deterministically_filtered;structurally_curated
nb,v1,3,2129,2156,spesielle,spesielle,spesielle,unknown,spesielle,wordfreq:nb,wordfreq_seeded;deterministically_filtered;structurally_curated
nb,v1,3,2130,2157,sykehuset,sykehuset,sykehuset,unknown,sykehuset,wordfreq:nb,wordfreq_seeded;deterministically_filtered;structurally_curated
nb,v1,3,2131,2158,tillatelse,tillatelse,tillatelse,unknown,tillatelse,wordfreq:nb,wordfreq_seeded;deterministically_filtered;structurally_curated
nb,v1,3,2132,2159,tog,tog,tog,unknown,tog,wordfreq:nb,wordfreq_seeded;deterministically_filtered;structurally_curated
nb,v1,3,2133,2160,trengte,trengte,trengte,unknown,trengte,wordfreq:nb,wordfreq_seeded;deterministically_filtered;structurally_curated
nb,v1,3,2134,2161,unødvendig,unødvendig,unødvendig,unknown,unødvendig,wordfreq:nb,wordfreq_seeded;deterministically_filtered;structurally_curated
nb,v1,3,2135,2162,varmt,varmt,varmt,unknown,varmt,wordfreq:nb,wordfreq_seeded;deterministically_filtered;structurally_curated
nb,v1,3,2136,2163,verdenskrig,verdenskrig,verdenskrig,unknown,verdenskrig,wordfreq:nb,wordfreq_seeded;deterministically_filtered;structurally_curated
nb,v1,3,2137,2164,videoen,videoen,videoen,unknown,videoen,wordfreq:nb,wordfreq_seeded;deterministically_filtered;structurally_curated
nb,v1,3,2138,2165,vin,vin,vin,unknown,vin,wordfreq:nb,wordfreq_seeded;deterministically_filtered;structurally_curated
nb,v1,3,2139,2166,vunnet,vunnet,vunnet,unknown,vunnet,wordfreq:nb,wordfreq_seeded;deterministically_filtered;structurally_curated
nb,v1,3,2140,2167,aktive,aktive,aktive,unknown,aktive,wordfreq:nb,wordfreq_seeded;deterministically_filtered;structurally_curated
nb,v1,3,2141,2168,aktivitet,aktivitet,aktivitet,unknown,aktivitet,wordfreq:nb,wordfreq_seeded;deterministically_filtered;structurally_curated
nb,v1,3,2142,2169,benytte,benytte,benytte,unknown,benytte,wordfreq:nb,wordfreq_seeded;deterministically_filtered;structurally_curated
nb,v1,3,2143,2170,boliger,boliger,boliger,unknown,boliger,wordfreq:nb,wordfreq_seeded;deterministically_filtered;structurally_curated
nb,v1,3,2144,2171,dans,dans,dans,unknown,dans,wordfreq:nb,wordfreq_seeded;deterministically_filtered;structurally_curated
nb,v1,3,2145,2172,definitivt,definitivt,definitivt,unknown,definitivt,wordfreq:nb,wordfreq_seeded;deterministically_filtered;structurally_curated
nb,v1,3,2146,2173,dumme,dumme,dumme,unknown,dumme,wordfreq:nb,wordfreq_seeded;deterministically_filtered;structurally_curated
nb,v1,3,2147,2174,frivillig,frivillig,frivillig,unknown,frivillig,wordfreq:nb,wordfreq_seeded;deterministically_filtered;structurally_curated
nb,v1,3,2148,2175,hamar,hamar,hamar,unknown,hamar,wordfreq:nb,wordfreq_seeded;deterministically_filtered;structurally_curated
nb,v1,3,2149,2176,harald,harald,harald,unknown,harald,wordfreq:nb,wordfreq_seeded;deterministically_filtered;structurally_curated
nb,v1,3,2150,2177,innlegget,innlegget,innlegget,unknown,innlegget,wordfreq:nb,wordfreq_seeded;deterministically_filtered;structurally_curated
nb,v1,3,2151,2178,intervju,intervju,intervju,unknown,intervju,wordfreq:nb,wordfreq_seeded;deterministically_filtered;structurally_curated
nb,v1,3,2152,2179,islam,islam,islam,unknown,islam,wordfreq:nb,wordfreq_seeded;deterministically_filtered;structurally_curated
nb,v1,3,2153,2180,kaldt,kaldt,kaldt,unknown,kaldt,wordfreq:nb,wordfreq_seeded;deterministically_filtered;structurally_curated
nb,v1,3,2154,2181,karakter,karakter,karakter,unknown,karakter,wordfreq:nb,wordfreq_seeded;deterministically_filtered;structurally_curated
nb,v1,3,2155,2182,luft,luft,luft,unknown,luft,wordfreq:nb,wordfreq_seeded;deterministically_filtered;structurally_curated
nb,v1,3,2156,2183,mark,mark,mark,unknown,mark,wordfreq:nb,wordfreq_seeded;deterministically_filtered;structurally_curated
nb,v1,3,2157,2184,melder,melder,melder,unknown,melder,wordfreq:nb,wordfreq_seeded;deterministically_filtered;structurally_curated
nb,v1,3,2158,2185,mobil,mobil,mobil,unknown,mobil,wordfreq:nb,wordfreq_seeded;deterministically_filtered;structurally_curated
nb,v1,3,2159,2186,modell,modell,modell,unknown,modell,wordfreq:nb,wordfreq_seeded;deterministically_filtered;structurally_curated
nb,v1,3,2160,2187,natta,natta,natta,unknown,natta,wordfreq:nb,wordfreq_seeded;deterministically_filtered;structurally_curated
nb,v1,3,2161,2188,nevne,nevne,nevne,unknown,nevne,wordfreq:nb,wordfreq_seeded;deterministically_filtered;structurally_curated
nb,v1,3,2162,2189,nevner,nevner,nevner,unknown,nevner,wordfreq:nb,wordfreq_seeded;deterministically_filtered;structurally_curated
nb,v1,3,2163,2190,områdene,områdene,områdene,unknown,områdene,wordfreq:nb,wordfreq_seeded;deterministically_filtered;structurally_curated
nb,v1,3,2164,2191,online,online,online,unknown,online,wordfreq:nb,wordfreq_seeded;deterministically_filtered;structurally_curated
nb,v1,3,2165,2192,populært,populært,populært,unknown,populært,wordfreq:nb,wordfreq_seeded;deterministically_filtered;structurally_curated
nb,v1,3,2166,2193,produsere,produsere,produsere,unknown,produsere,wordfreq:nb,wordfreq_seeded;deterministically_filtered;structurally_curated
nb,v1,3,2167,2194,samtlige,samtlige,samtlige,unknown,samtlige,wordfreq:nb,wordfreq_seeded;deterministically_filtered;structurally_curated
nb,v1,3,2168,2195,show,show,show,unknown,show,wordfreq:nb,wordfreq_seeded;deterministically_filtered;structurally_curated
nb,v1,3,2169,2196,sint,sint,sint,unknown,sint,wordfreq:nb,wordfreq_seeded;deterministically_filtered;structurally_curated
nb,v1,3,2170,2197,sistnevnte,sistnevnte,sistnevnte,unknown,sistnevnte,wordfreq:nb,wordfreq_seeded;deterministically_filtered;structurally_curated
nb,v1,3,2171,2198,stakkars,stakkars,stakkars,unknown,stakkars,wordfreq:nb,wordfreq_seeded;deterministically_filtered;structurally_curated
nb,v1,3,2172,2199,stopp,stopp,stopp,unknown,stopp,wordfreq:nb,wordfreq_seeded;deterministically_filtered;structurally_curated
nb,v1,3,2173,2200,storbritannia,storbritannia,storbritannia,unknown,storbritannia,wordfreq:nb,wordfreq_seeded;deterministically_filtered;structurally_curated
nb,v1,3,2174,2201,styrer,styrer,styrer,unknown,styrer,wordfreq:nb,wordfreq_seeded;deterministically_filtered;structurally_curated
nb,v1,3,2175,2202,størst,størst,størst,unknown,størst,wordfreq:nb,wordfreq_seeded;deterministically_filtered;structurally_curated
nb,v1,3,2176,2203,tankene,tankene,tankene,unknown,tankene,wordfreq:nb,wordfreq_seeded;deterministically_filtered;structurally_curated
nb,v1,3,2177,2204,utfordringer,utfordringer,utfordringer,unknown,utfordringer,wordfreq:nb,wordfreq_seeded;deterministically_filtered;structurally_curated
nb,v1,3,2178,2205,utslipp,utslipp,utslipp,unknown,utslipp,wordfreq:nb,wordfreq_seeded;deterministically_filtered;structurally_curated
nb,v1,3,2179,2206,utvikler,utvikler,utvikler,unknown,utvikler,wordfreq:nb,wordfreq_seeded;deterministically_filtered;structurally_curated
nb,v1,3,2180,2207,vidt,vidt,vidt,unknown,vidt,wordfreq:nb,wordfreq_seeded;deterministically_filtered;structurally_curated
nb,v1,3,2181,2208,villig,villig,villig,unknown,villig,wordfreq:nb,wordfreq_seeded;deterministically_filtered;structurally_curated
nb,v1,3,2182,2209,vokste,vokste,vokste,unknown,vokste,wordfreq:nb,wordfreq_seeded;deterministically_filtered;structurally_curated
nb,v1,3,2183,2210,åh,åh,åh,unknown,åh,wordfreq:nb,wordfreq_seeded;deterministically_filtered;structurally_curated
nb,v1,3,2184,2211,øyeblikket,øyeblikket,øyeblikket,unknown,øyeblikket,wordfreq:nb,wordfreq_seeded;deterministically_filtered;structurally_curated
nb,v1,3,2185,2212,alvorlige,alvorlige,alvorlige,unknown,alvorlige,wordfreq:nb,wordfreq_seeded;deterministically_filtered;structurally_curated
nb,v1,3,2186,2213,bære,bære,bære,unknown,bære,wordfreq:nb,wordfreq_seeded;deterministically_filtered;structurally_curated
nb,v1,3,2187,2214,bøkene,bøkene,bøkene,unknown,bøkene,wordfreq:nb,wordfreq_seeded;deterministically_filtered;structurally_curated
nb,v1,3,2188,2215,eksamen,eksamen,eksamen,unknown,eksamen,wordfreq:nb,wordfreq_seeded;deterministically_filtered;structurally_curated
nb,v1,3,2189,2216,forelsket,forelsket,forelsket,unknown,forelsket,wordfreq:nb,wordfreq_seeded;deterministically_filtered;structurally_curated
nb,v1,3,2190,2217,forlate,forlate,forlate,unknown,forlate,wordfreq:nb,wordfreq_seeded;deterministically_filtered;structurally_curated
nb,v1,3,2191,2218,forslaget,forslaget,forslaget,unknown,forslaget,wordfreq:nb,wordfreq_seeded;deterministically_filtered;structurally_curated
nb,v1,3,2192,2219,gata,gata,gata,unknown,gata,wordfreq:nb,wordfreq_seeded;deterministically_filtered;structurally_curated
nb,v1,3,2193,2220,hansen,hansen,hansen,unknown,hansen,wordfreq:nb,wordfreq_seeded;deterministically_filtered;structurally_curated
nb,v1,3,2194,2221,havner,havner,havner,unknown,havner,wordfreq:nb,wordfreq_seeded;deterministically_filtered;structurally_curated
nb,v1,3,2195,2222,havnet,havnet,havnet,unknown,havnet,wordfreq:nb,wordfreq_seeded;deterministically_filtered;structurally_curated
nb,v1,3,2196,2223,helg,helg,helg,unknown,helg,wordfreq:nb,wordfreq_seeded;deterministically_filtered;structurally_curated
nb,v1,3,2197,2224,jon,jon,jon,unknown,jon,wordfreq:nb,wordfreq_seeded;deterministically_filtered;structurally_curated
nb,v1,3,2198,2225,konto,konto,konto,unknown,konto,wordfreq:nb,wordfreq_seeded;deterministically_filtered;structurally_curated
nb,v1,3,2199,2226,lavt,lavt,lavt,unknown,lavt,wordfreq:nb,wordfreq_seeded;deterministically_filtered;structurally_curated
nb,v1,3,2200,2227,lista,lista,lista,unknown,lista,wordfreq:nb,wordfreq_seeded;deterministically_filtered;structurally_curated
nb,v1,3,2201,2228,løsningen,løsningen,løsningen,unknown,løsningen,wordfreq:nb,wordfreq_seeded;deterministically_filtered;structurally_curated
nb,v1,3,2202,2229,mere,mere,mere,unknown,mere,wordfreq:nb,wordfreq_seeded;deterministically_filtered;structurally_curated
nb,v1,3,2203,2230,negative,negative,negative,unknown,negative,wordfreq:nb,wordfreq_seeded;deterministically_filtered;structurally_curated
nb,v1,3,2204,2231,oppgitt,oppgitt,oppgitt,unknown,oppgitt,wordfreq:nb,wordfreq_seeded;deterministically_filtered;structurally_curated
nb,v1,3,2205,2232,opptil,opptil,opptil,unknown,opptil,wordfreq:nb,wordfreq_seeded;deterministically_filtered;structurally_curated
nb,v1,3,2206,2233,overraskende,overraskende,overraskende,unknown,overraskende,wordfreq:nb,wordfreq_seeded;deterministically_filtered;structurally_curated
nb,v1,3,2207,2234,profil,profil,profil,unknown,profil,wordfreq:nb,wordfreq_seeded;deterministically_filtered;structurally_curated
nb,v1,3,2208,2235,prosessen,prosessen,prosessen,unknown,prosessen,wordfreq:nb,wordfreq_seeded;deterministically_filtered;structurally_curated
nb,v1,3,2209,2236,red,red,red,unknown,red,wordfreq:nb,wordfreq_seeded;deterministically_filtered;structurally_curated
nb,v1,3,2210,2237,rettet,rettet,rettet,unknown,rettet,wordfreq:nb,wordfreq_seeded;deterministically_filtered;structurally_curated
nb,v1,3,2211,2238,sakte,sakte,sakte,unknown,sakte,wordfreq:nb,wordfreq_seeded;deterministically_filtered;structurally_curated
nb,v1,3,2212,2239,sammenlignet,sammenlignet,sammenlignet,unknown,sammenlignet,wordfreq:nb,wordfreq_seeded;deterministically_filtered;structurally_curated
nb,v1,3,2213,2240,skam,skam,skam,unknown,skam,wordfreq:nb,wordfreq_seeded;deterministically_filtered;structurally_curated
nb,v1,3,2214,2241,solen,solen,solen,unknown,solen,wordfreq:nb,wordfreq_seeded;deterministically_filtered;structurally_curated
nb,v1,3,2215,2242,spre,spre,spre,unknown,spre,wordfreq:nb,wordfreq_seeded;deterministically_filtered;structurally_curated
nb,v1,3,2216,2243,stat,stat,stat,unknown,stat,wordfreq:nb,wordfreq_seeded;deterministically_filtered;structurally_curated
nb,v1,3,2217,2244,steg,steg,steg,unknown,steg,wordfreq:nb,wordfreq_seeded;deterministically_filtered;structurally_curated
nb,v1,3,2218,2245,studere,studere,studere,unknown,studere,wordfreq:nb,wordfreq_seeded;deterministically_filtered;structurally_curated
nb,v1,3,2219,2246,stått,stått,stått,unknown,stått,wordfreq:nb,wordfreq_seeded;deterministically_filtered;structurally_curated
nb,v1,3,2220,2247,tipper,tipper,tipper,unknown,tipper,wordfreq:nb,wordfreq_seeded;deterministically_filtered;structurally_curated
nb,v1,3,2221,2248,vegne,vegne,vegne,unknown,vegne,wordfreq:nb,wordfreq_seeded;deterministically_filtered;structurally_curated
nb,v1,3,2222,2249,åring,åring,åring,unknown,åring,wordfreq:nb,wordfreq_seeded;deterministically_filtered;structurally_curated
nb,v1,3,2223,2250,artig,artig,artig,unknown,artig,wordfreq:nb,wordfreq_seeded;deterministically_filtered;structurally_curated
nb,v1,3,2224,2251,bety,bety,bety,unknown,bety,wordfreq:nb,wordfreq_seeded;deterministically_filtered;structurally_curated
nb,v1,3,2225,2252,bærum,bærum,bærum,unknown,bærum,wordfreq:nb,wordfreq_seeded;deterministically_filtered;structurally_curated
nb,v1,3,2226,2253,dratt,dratt,dratt,unknown,dratt,wordfreq:nb,wordfreq_seeded;deterministically_filtered;structurally_curated
nb,v1,3,2227,2254,dreper,dreper,dreper,unknown,dreper,wordfreq:nb,wordfreq_seeded;deterministically_filtered;structurally_curated
nb,v1,3,2228,2255,drepte,drepte,drepte,unknown,drepte,wordfreq:nb,wordfreq_seeded;deterministically_filtered;structurally_curated
nb,v1,3,2229,2256,evt,evt,evt,unknown,evt,wordfreq:nb,wordfreq_seeded;deterministically_filtered;structurally_curated
nb,v1,3,2230,2257,fange,fange,fange,unknown,fange,wordfreq:nb,wordfreq_seeded;deterministically_filtered;structurally_curated
nb,v1,3,2231,2258,flinke,flinke,flinke,unknown,flinke,wordfreq:nb,wordfreq_seeded;deterministically_filtered;structurally_curated
nb,v1,3,2232,2259,fransk,fransk,fransk,unknown,fransk,wordfreq:nb,wordfreq_seeded;deterministically_filtered;structurally_curated
nb,v1,3,2233,2260,fremfor,fremfor,fremfor,unknown,fremfor,wordfreq:nb,wordfreq_seeded;deterministically_filtered;structurally_curated
nb,v1,3,2234,2261,go,go,go,unknown,go,wordfreq:nb,wordfreq_seeded;deterministically_filtered;structurally_curated
nb,v1,3,2235,2262,hode,hode,hode,unknown,hode,wordfreq:nb,wordfreq_seeded;deterministically_filtered;structurally_curated
nb,v1,3,2236,2263,hotellet,hotellet,hotellet,unknown,hotellet,wordfreq:nb,wordfreq_seeded;deterministically_filtered;structurally_curated
nb,v1,3,2237,2264,india,india,india,unknown,india,wordfreq:nb,wordfreq_seeded;deterministically_filtered;structurally_curated
nb,v1,3,2238,2265,iran,iran,iran,unknown,iran,wordfreq:nb,wordfreq_seeded;deterministically_filtered;structurally_curated
nb,v1,3,2239,2266,kreft,kreft,kreft,unknown,kreft,wordfreq:nb,wordfreq_seeded;deterministically_filtered;structurally_curated
nb,v1,3,2240,2267,kropp,kropp,kropp,unknown,kropp,wordfreq:nb,wordfreq_seeded;deterministically_filtered;structurally_curated
nb,v1,3,2241,2268,kutte,kutte,kutte,unknown,kutte,wordfreq:nb,wordfreq_seeded;deterministically_filtered;structurally_curated
nb,v1,3,2242,2269,kvinnene,kvinnene,kvinnene,unknown,kvinnene,wordfreq:nb,wordfreq_seeded;deterministically_filtered;structurally_curated
nb,v1,3,2243,2270,leie,leie,leie,unknown,leie,wordfreq:nb,wordfreq_seeded;deterministically_filtered;structurally_curated
nb,v1,3,2244,2271,lokal,lokal,lokal,unknown,lokal,wordfreq:nb,wordfreq_seeded;deterministically_filtered;structurally_curated
nb,v1,3,2245,2272,lovlig,lovlig,lovlig,unknown,lovlig,wordfreq:nb,wordfreq_seeded;deterministically_filtered;structurally_curated
nb,v1,3,2246,2273,løst,løst,løst,unknown,løst,wordfreq:nb,wordfreq_seeded;deterministically_filtered;structurally_curated
nb,v1,3,2247,2274,mulige,mulige,mulige,unknown,mulige,wordfreq:nb,wordfreq_seeded;deterministically_filtered;structurally_curated
nb,v1,3,2248,2275,næringsliv,næringsliv,næringsliv,unknown,næringsliv,wordfreq:nb,wordfreq_seeded;deterministically_filtered;structurally_curated
nb,v1,3,2249,2276,omfatter,omfatter,omfatter,unknown,omfatter,wordfreq:nb,wordfreq_seeded;deterministically_filtered;structurally_curated
nb,v1,3,2250,2277,preget,preget,preget,unknown,preget,wordfreq:nb,wordfreq_seeded;deterministically_filtered;structurally_curated
nb,v1,3,2251,2278,robert,robert,robert,unknown,robert,wordfreq:nb,wordfreq_seeded;deterministically_filtered;structurally_curated
nb,v1,3,2252,2279,russisk,russisk,russisk,unknown,russisk,wordfreq:nb,wordfreq_seeded;deterministically_filtered;structurally_curated
nb,v1,3,2253,2280,service,service,service,unknown,service,wordfreq:nb,wordfreq_seeded;deterministically_filtered;structurally_curated
nb,v1,3,2254,2281,solgte,solgte,solgte,unknown,solgte,wordfreq:nb,wordfreq_seeded;deterministically_filtered;structurally_curated
nb,v1,3,2255,2282,stadion,stadion,stadion,unknown,stadion,wordfreq:nb,wordfreq_seeded;deterministically_filtered;structurally_curated
nb,v1,3,2256,2283,tilby,tilby,tilby,unknown,tilby,wordfreq:nb,wordfreq_seeded;deterministically_filtered;structurally_curated
nb,v1,3,2257,2284,tradisjonelle,tradisjonelle,tradisjonelle,unknown,tradisjonelle,wordfreq:nb,wordfreq_seeded;deterministically_filtered;structurally_curated
nb,v1,3,2258,2285,unnskyldning,unnskyldning,unnskyldning,unknown,unnskyldning,wordfreq:nb,wordfreq_seeded;deterministically_filtered;structurally_curated
nb,v1,3,2259,2286,vakkert,vakkert,vakkert,unknown,vakkert,wordfreq:nb,wordfreq_seeded;deterministically_filtered;structurally_curated
nb,v1,3,2260,2287,varm,varm,varm,unknown,varm,wordfreq:nb,wordfreq_seeded;deterministically_filtered;structurally_curated
nb,v1,3,2261,2288,veggen,veggen,veggen,unknown,veggen,wordfreq:nb,wordfreq_seeded;deterministically_filtered;structurally_curated
nb,v1,3,2262,2289,vestfold,vestfold,vestfold,unknown,vestfold,wordfreq:nb,wordfreq_seeded;deterministically_filtered;structurally_curated
nb,v1,3,2263,2290,vurdert,vurdert,vurdert,unknown,vurdert,wordfreq:nb,wordfreq_seeded;deterministically_filtered;structurally_curated
nb,v1,3,2264,2291,anbefale,anbefale,anbefale,unknown,anbefale,wordfreq:nb,wordfreq_seeded;deterministically_filtered;structurally_curated
nb,v1,3,2265,2292,anders,anders,anders,unknown,anders,wordfreq:nb,wordfreq_seeded;deterministically_filtered;structurally_curated
nb,v1,3,2266,2293,avisen,avisen,avisen,unknown,avisen,wordfreq:nb,wordfreq_seeded;deterministically_filtered;structurally_curated
nb,v1,3,2267,2294,behøver,behøver,behøver,unknown,behøver,wordfreq:nb,wordfreq_seeded;deterministically_filtered;structurally_curated
nb,v1,3,2268,2295,benyttes,benyttes,benyttes,unknown,benyttes,wordfreq:nb,wordfreq_seeded;deterministically_filtered;structurally_curated
nb,v1,3,2269,2296,beskrivelse,beskrivelse,beskrivelse,unknown,beskrivelse,wordfreq:nb,wordfreq_seeded;deterministically_filtered;structurally_curated
nb,v1,3,2270,2297,beskyttelse,beskyttelse,beskyttelse,unknown,beskyttelse,wordfreq:nb,wordfreq_seeded;deterministically_filtered;structurally_curated
nb,v1,3,2271,2298,demokrati,demokrati,demokrati,unknown,demokrati,wordfreq:nb,wordfreq_seeded;deterministically_filtered;structurally_curated
nb,v1,3,2272,2299,design,design,design,unknown,design,wordfreq:nb,wordfreq_seeded;deterministically_filtered;structurally_curated
nb,v1,3,2273,2300,direktør,direktør,direktør,unknown,direktør,wordfreq:nb,wordfreq_seeded;deterministically_filtered;structurally_curated
nb,v1,3,2274,2301,dreier,dreier,dreier,unknown,dreier,wordfreq:nb,wordfreq_seeded;deterministically_filtered;structurally_curated
nb,v1,3,2275,2302,drøm,drøm,drøm,unknown,drøm,wordfreq:nb,wordfreq_seeded;deterministically_filtered;structurally_curated
nb,v1,3,2276,2303,engelske,engelske,engelske,unknown,engelske,wordfreq:nb,wordfreq_seeded;deterministically_filtered;structurally_curated
nb,v1,3,2277,2304,falske,falske,falske,unknown,falske,wordfreq:nb,wordfreq_seeded;deterministically_filtered;structurally_curated
nb,v1,3,2278,2305,forstått,forstått,forstått,unknown,forstått,wordfreq:nb,wordfreq_seeded;deterministically_filtered;structurally_curated
nb,v1,3,2279,2306,herre,herre,herre,unknown,herre,wordfreq:nb,wordfreq_seeded;deterministically_filtered;structurally_curated
nb,v1,3,2280,2307,hovedsakelig,hovedsakelig,hovedsakelig,unknown,hovedsakelig,wordfreq:nb,wordfreq_seeded;deterministically_filtered;structurally_curated
nb,v1,3,2281,2308,hvitt,hvitt,hvitt,unknown,hvitt,wordfreq:nb,wordfreq_seeded;deterministically_filtered;structurally_curated
nb,v1,3,2282,2309,ihvertfall,ihvertfall,ihvertfall,unknown,ihvertfall,wordfreq:nb,wordfreq_seeded;deterministically_filtered;structurally_curated
nb,v1,3,2283,2310,imponerende,imponerende,imponerende,unknown,imponerende,wordfreq:nb,wordfreq_seeded;deterministically_filtered;structurally_curated
nb,v1,3,2284,2311,industri,industri,industri,unknown,industri,wordfreq:nb,wordfreq_seeded;deterministically_filtered;structurally_curated
nb,v1,3,2285,2312,klassisk,klassisk,klassisk,unknown,klassisk,wordfreq:nb,wordfreq_seeded;deterministically_filtered;structurally_curated
nb,v1,3,2286,2313,lette,lette,lette,unknown,lette,wordfreq:nb,wordfreq_seeded;deterministically_filtered;structurally_curated
nb,v1,3,2287,2314,ligner,ligner,ligner,unknown,ligner,wordfreq:nb,wordfreq_seeded;deterministically_filtered;structurally_curated
nb,v1,3,2288,2315,lunsj,lunsj,lunsj,unknown,lunsj,wordfreq:nb,wordfreq_seeded;deterministically_filtered;structurally_curated
nb,v1,3,2289,2316,lykkelig,lykkelig,lykkelig,unknown,lykkelig,wordfreq:nb,wordfreq_seeded;deterministically_filtered;structurally_curated
nb,v1,3,2290,2317,lærte,lærte,lærte,unknown,lærte,wordfreq:nb,wordfreq_seeded;deterministically_filtered;structurally_curated
nb,v1,3,2291,2318,makten,makten,makten,unknown,makten,wordfreq:nb,wordfreq_seeded;deterministically_filtered;structurally_curated
nb,v1,3,2292,2319,møtet,møtet,møtet,unknown,møtet,wordfreq:nb,wordfreq_seeded;deterministically_filtered;structurally_curated
nb,v1,3,2293,2320,nettsider,nettsider,nettsider,unknown,nettsider,wordfreq:nb,wordfreq_seeded;deterministically_filtered;structurally_curated
nb,v1,3,2294,2321,ntnu,ntnu,ntnu,unknown,ntnu,wordfreq:nb,wordfreq_seeded;deterministically_filtered;structurally_curated
nb,v1,3,2295,2322,nødvendigvis,nødvendigvis,nødvendigvis,unknown,nødvendigvis,wordfreq:nb,wordfreq_seeded;deterministically_filtered;structurally_curated
nb,v1,3,2296,2323,opplevelse,opplevelse,opplevelse,unknown,opplevelse,wordfreq:nb,wordfreq_seeded;deterministically_filtered;structurally_curated
nb,v1,3,2297,2324,produksjonen,produksjonen,produksjonen,unknown,produksjonen,wordfreq:nb,wordfreq_seeded;deterministically_filtered;structurally_curated
nb,v1,3,2298,2325,påvirket,påvirket,påvirket,unknown,påvirket,wordfreq:nb,wordfreq_seeded;deterministically_filtered;structurally_curated
nb,v1,3,2299,2326,rad,rad,rad,unknown,rad,wordfreq:nb,wordfreq_seeded;deterministically_filtered;structurally_curated
nb,v1,3,2300,2327,real,real,real,unknown,real,wordfreq:nb,wordfreq_seeded;deterministically_filtered;structurally_curated
nb,v1,3,2301,2328,riktige,riktige,riktige,unknown,riktige,wordfreq:nb,wordfreq_seeded;deterministically_filtered;structurally_curated
nb,v1,3,2302,2329,selvmord,selvmord,selvmord,unknown,selvmord,wordfreq:nb,wordfreq_seeded;deterministically_filtered;structurally_curated
nb,v1,3,2303,2330,skifte,skifte,skifte,unknown,skifte,wordfreq:nb,wordfreq_seeded;deterministically_filtered;structurally_curated
nb,v1,3,2304,2331,spillerne,spillerne,spillerne,unknown,spillerne,wordfreq:nb,wordfreq_seeded;deterministically_filtered;structurally_curated
nb,v1,3,2305,2332,stilt,stilt,stilt,unknown,stilt,wordfreq:nb,wordfreq_seeded;deterministically_filtered;structurally_curated
nb,v1,3,2306,2333,sur,sur,sur,unknown,sur,wordfreq:nb,wordfreq_seeded;deterministically_filtered;structurally_curated
nb,v1,3,2307,2334,søster,søster,søster,unknown,søster,wordfreq:nb,wordfreq_seeded;deterministically_filtered;structurally_curated
nb,v1,3,2308,2335,temaet,temaet,temaet,unknown,temaet,wordfreq:nb,wordfreq_seeded;deterministically_filtered;structurally_curated
nb,v1,3,2309,2336,treffer,treffer,treffer,unknown,treffer,wordfreq:nb,wordfreq_seeded;deterministically_filtered;structurally_curated
nb,v1,3,2310,2337,tungt,tungt,tungt,unknown,tungt,wordfreq:nb,wordfreq_seeded;deterministically_filtered;structurally_curated
nb,v1,3,2311,2338,usas,usas,usas,unknown,usas,wordfreq:nb,wordfreq_seeded;deterministically_filtered;structurally_curated
nb,v1,3,2312,2339,vakker,vakker,vakker,unknown,vakker,wordfreq:nb,wordfreq_seeded;deterministically_filtered;structurally_curated
nb,v1,3,2313,2340,vanskelige,vanskelige,vanskelige,unknown,vanskelige,wordfreq:nb,wordfreq_seeded;deterministically_filtered;structurally_curated
nb,v1,3,2314,2341,vs,vs,vs,unknown,vs,wordfreq:nb,wordfreq_seeded;deterministically_filtered;structurally_curated
nb,v1,3,2315,2342,anledning,anledning,anledning,unknown,anledning,wordfreq:nb,wordfreq_seeded;deterministically_filtered;structurally_curated
nb,v1,3,2316,2343,arbeidsplasser,arbeidsplasser,arbeidsplasser,unknown,arbeidsplasser,wordfreq:nb,wordfreq_seeded;deterministically_filtered;structurally_curated
nb,v1,3,2317,2344,banken,banken,banken,unknown,banken,wordfreq:nb,wordfreq_seeded;deterministically_filtered;structurally_curated
nb,v1,3,2318,2345,benytter,benytter,benytter,unknown,benytter,wordfreq:nb,wordfreq_seeded;deterministically_filtered;structurally_curated
nb,v1,3,2319,2346,black,black,black,unknown,black,wordfreq:nb,wordfreq_seeded;deterministically_filtered;structurally_curated
nb,v1,3,2320,2347,dens,dens,dens,unknown,dens,wordfreq:nb,wordfreq_seeded;deterministically_filtered;structurally_curated
nb,v1,3,2321,2348,derfra,derfra,derfra,unknown,derfra,wordfreq:nb,wordfreq_seeded;deterministically_filtered;structurally_curated
nb,v1,3,2322,2349,drev,drev,drev,unknown,drev,wordfreq:nb,wordfreq_seeded;deterministically_filtered;structurally_curated
nb,v1,3,2323,2350,effekten,effekten,effekten,unknown,effekten,wordfreq:nb,wordfreq_seeded;deterministically_filtered;structurally_curated
nb,v1,3,2324,2351,effektiv,effektiv,effektiv,unknown,effektiv,wordfreq:nb,wordfreq_seeded;deterministically_filtered;structurally_curated
nb,v1,3,2325,2352,endrer,endrer,endrer,unknown,endrer,wordfreq:nb,wordfreq_seeded;deterministically_filtered;structurally_curated
nb,v1,3,2326,2353,familier,familier,familier,unknown,familier,wordfreq:nb,wordfreq_seeded;deterministically_filtered;structurally_curated
nb,v1,3,2327,2354,forsvant,forsvant,forsvant,unknown,forsvant,wordfreq:nb,wordfreq_seeded;deterministically_filtered;structurally_curated
nb,v1,3,2328,2355,forvente,forvente,forvente,unknown,forvente,wordfreq:nb,wordfreq_seeded;deterministically_filtered;structurally_curated
nb,v1,3,2329,2356,fredrik,fredrik,fredrik,unknown,fredrik,wordfreq:nb,wordfreq_seeded;deterministically_filtered;structurally_curated
nb,v1,3,2330,2357,gass,gass,gass,unknown,gass,wordfreq:nb,wordfreq_seeded;deterministically_filtered;structurally_curated
nb,v1,3,2331,2358,gav,gav,gav,unknown,gav,wordfreq:nb,wordfreq_seeded;deterministically_filtered;structurally_curated
nb,v1,3,2332,2359,generell,generell,generell,unknown,generell,wordfreq:nb,wordfreq_seeded;deterministically_filtered;structurally_curated
nb,v1,3,2333,2360,hallo,hallo,hallo,unknown,hallo,wordfreq:nb,wordfreq_seeded;deterministically_filtered;structurally_curated
nb,v1,3,2334,2361,handel,handel,handel,unknown,handel,wordfreq:nb,wordfreq_seeded;deterministically_filtered;structurally_curated
nb,v1,3,2335,2362,haugesund,haugesund,haugesund,unknown,haugesund,wordfreq:nb,wordfreq_seeded;deterministically_filtered;structurally_curated
nb,v1,3,2336,2363,hitler,hitler,hitler,unknown,hitler,wordfreq:nb,wordfreq_seeded;deterministically_filtered;structurally_curated
nb,v1,3,2337,2364,informasjonen,informasjonen,informasjonen,unknown,informasjonen,wordfreq:nb,wordfreq_seeded;deterministically_filtered;structurally_curated
nb,v1,3,2338,2365,innrømme,innrømme,innrømme,unknown,innrømme,wordfreq:nb,wordfreq_seeded;deterministically_filtered;structurally_curated
nb,v1,3,2339,2366,kaster,kaster,kaster,unknown,kaster,wordfreq:nb,wordfreq_seeded;deterministically_filtered;structurally_curated
nb,v1,3,2340,2367,kjøkkenet,kjøkkenet,kjøkkenet,unknown,kjøkkenet,wordfreq:nb,wordfreq_seeded;deterministically_filtered;structurally_curated
nb,v1,3,2341,2368,kvitt,kvitt,kvitt,unknown,kvitt,wordfreq:nb,wordfreq_seeded;deterministically_filtered;structurally_curated
nb,v1,3,2342,2369,lagene,lagene,lagene,unknown,lagene,wordfreq:nb,wordfreq_seeded;deterministically_filtered;structurally_curated
nb,v1,3,2343,2370,lave,lave,lave,unknown,lave,wordfreq:nb,wordfreq_seeded;deterministically_filtered;structurally_curated
nb,v1,3,2344,2371,lillehammer,lillehammer,lillehammer,unknown,lillehammer,wordfreq:nb,wordfreq_seeded;deterministically_filtered;structurally_curated
nb,v1,3,2345,2372,lyset,lyset,lyset,unknown,lyset,wordfreq:nb,wordfreq_seeded;deterministically_filtered;structurally_curated
nb,v1,3,2346,2373,miljøet,miljøet,miljøet,unknown,miljøet,wordfreq:nb,wordfreq_seeded;deterministically_filtered;structurally_curated
nb,v1,3,2347,2374,modellen,modellen,modellen,unknown,modellen,wordfreq:nb,wordfreq_seeded;deterministically_filtered;structurally_curated
nb,v1,3,2348,2375,morgenen,morgenen,morgenen,unknown,morgenen,wordfreq:nb,wordfreq_seeded;deterministically_filtered;structurally_curated
nb,v1,3,2349,2376,nært,nært,nært,unknown,nært,wordfreq:nb,wordfreq_seeded;deterministically_filtered;structurally_curated
nb,v1,3,2350,2377,ordene,ordene,ordene,unknown,ordene,wordfreq:nb,wordfreq_seeded;deterministically_filtered;structurally_curated
nb,v1,3,2351,2378,organisert,organisert,organisert,unknown,organisert,wordfreq:nb,wordfreq_seeded;deterministically_filtered;structurally_curated
nb,v1,3,2352,2379,regne,regne,regne,unknown,regne,wordfreq:nb,wordfreq_seeded;deterministically_filtered;structurally_curated
nb,v1,3,2353,2380,rik,rik,rik,unknown,rik,wordfreq:nb,wordfreq_seeded;deterministically_filtered;structurally_curated
nb,v1,3,2354,2381,scoret,scoret,scoret,unknown,scoret,wordfreq:nb,wordfreq_seeded;deterministically_filtered;structurally_curated
nb,v1,3,2355,2382,sees,sees,sees,unknown,sees,wordfreq:nb,wordfreq_seeded;deterministically_filtered;structurally_curated
nb,v1,3,2356,2383,skremmende,skremmende,skremmende,unknown,skremmende,wordfreq:nb,wordfreq_seeded;deterministically_filtered;structurally_curated
nb,v1,3,2357,2384,solid,solid,solid,unknown,solid,wordfreq:nb,wordfreq_seeded;deterministically_filtered;structurally_curated
nb,v1,3,2358,2385,strengt,strengt,strengt,unknown,strengt,wordfreq:nb,wordfreq_seeded;deterministically_filtered;structurally_curated
nb,v1,3,2359,2386,tekniske,tekniske,tekniske,unknown,tekniske,wordfreq:nb,wordfreq_seeded;deterministically_filtered;structurally_curated
nb,v1,3,2360,2387,tilfeldig,tilfeldig,tilfeldig,unknown,tilfeldig,wordfreq:nb,wordfreq_seeded;deterministically_filtered;structurally_curated
nb,v1,3,2361,2388,tilstand,tilstand,tilstand,unknown,tilstand,wordfreq:nb,wordfreq_seeded;deterministically_filtered;structurally_curated
nb,v1,3,2362,2389,trygge,trygge,trygge,unknown,trygge,wordfreq:nb,wordfreq_seeded;deterministically_filtered;structurally_curated
nb,v1,3,2363,2390,uvanlig,uvanlig,uvanlig,unknown,uvanlig,wordfreq:nb,wordfreq_seeded;deterministically_filtered;structurally_curated
nb,v1,3,2364,2391,viking,viking,viking,unknown,viking,wordfreq:nb,wordfreq_seeded;deterministically_filtered;structurally_curated
nb,v1,3,2365,2392,vill,vill,vill,unknown,vill,wordfreq:nb,wordfreq_seeded;deterministically_filtered;structurally_curated
nb,v1,3,2366,2393,analyse,analyse,analyse,unknown,analyse,wordfreq:nb,wordfreq_seeded;deterministically_filtered;structurally_curated
nb,v1,3,2367,2394,ansikt,ansikt,ansikt,unknown,ansikt,wordfreq:nb,wordfreq_seeded;deterministically_filtered;structurally_curated
nb,v1,3,2368,2395,anti,anti,anti,unknown,anti,wordfreq:nb,wordfreq_seeded;deterministically_filtered;structurally_curated
nb,v1,3,2369,2397,bedrift,bedrift,bedrift,unknown,bedrift,wordfreq:nb,wordfreq_seeded;deterministically_filtered;structurally_curated
nb,v1,3,2370,2398,bevisst,bevisst,bevisst,unknown,bevisst,wordfreq:nb,wordfreq_seeded;deterministically_filtered;structurally_curated
nb,v1,3,2371,2399,big,big,big,unknown,big,wordfreq:nb,wordfreq_seeded;deterministically_filtered;structurally_curated
nb,v1,3,2372,2400,dobbelt,dobbelt,dobbelt,unknown,dobbelt,wordfreq:nb,wordfreq_seeded;deterministically_filtered;structurally_curated
nb,v1,3,2373,2401,driter,driter,driter,unknown,driter,wordfreq:nb,wordfreq_seeded;deterministically_filtered;structurally_curated
nb,v1,3,2374,2402,døden,døden,døden,unknown,døden,wordfreq:nb,wordfreq_seeded;deterministically_filtered;structurally_curated
nb,v1,3,2375,2403,enorme,enorme,enorme,unknown,enorme,wordfreq:nb,wordfreq_seeded;deterministically_filtered;structurally_curated
nb,v1,3,2376,2404,evig,evig,evig,unknown,evig,wordfreq:nb,wordfreq_seeded;deterministically_filtered;structurally_curated
nb,v1,3,2377,2405,fikse,fikse,fikse,unknown,fikse,wordfreq:nb,wordfreq_seeded;deterministically_filtered;structurally_curated
nb,v1,3,2378,2406,flyplassen,flyplassen,flyplassen,unknown,flyplassen,wordfreq:nb,wordfreq_seeded;deterministically_filtered;structurally_curated
nb,v1,3,2379,2407,fornuftig,fornuftig,fornuftig,unknown,fornuftig,wordfreq:nb,wordfreq_seeded;deterministically_filtered;structurally_curated
nb,v1,3,2380,2408,humor,humor,humor,unknown,humor,wordfreq:nb,wordfreq_seeded;deterministically_filtered;structurally_curated
nb,v1,3,2381,2409,hunder,hunder,hunder,unknown,hunder,wordfreq:nb,wordfreq_seeded;deterministically_filtered;structurally_curated
nb,v1,3,2382,2410,håndtere,håndtere,håndtere,unknown,håndtere,wordfreq:nb,wordfreq_seeded;deterministically_filtered;structurally_curated
nb,v1,3,2383,2411,ideer,ideer,ideer,unknown,ideer,wordfreq:nb,wordfreq_seeded;deterministically_filtered;structurally_curated
nb,v1,3,2384,2412,idiot,idiot,idiot,unknown,idiot,wordfreq:nb,wordfreq_seeded;deterministically_filtered;structurally_curated
nb,v1,3,2385,2413,initiativ,initiativ,initiativ,unknown,initiativ,wordfreq:nb,wordfreq_seeded;deterministically_filtered;structurally_curated
nb,v1,3,2386,2414,inspirert,inspirert,inspirert,unknown,inspirert,wordfreq:nb,wordfreq_seeded;deterministically_filtered;structurally_curated
nb,v1,3,2387,2415,jakt,jakt,jakt,unknown,jakt,wordfreq:nb,wordfreq_seeded;deterministically_filtered;structurally_curated
nb,v1,3,2388,2416,japan,japan,japan,unknown,japan,wordfreq:nb,wordfreq_seeded;deterministically_filtered;structurally_curated
nb,v1,3,2389,2417,klubb,klubb,klubb,unknown,klubb,wordfreq:nb,wordfreq_seeded;deterministically_filtered;structurally_curated
nb,v1,3,2390,2418,ledende,ledende,ledende,unknown,ledende,wordfreq:nb,wordfreq_seeded;deterministically_filtered;structurally_curated
nb,v1,3,2391,2419,likestilling,likestilling,likestilling,unknown,likestilling,wordfreq:nb,wordfreq_seeded;deterministically_filtered;structurally_curated
nb,v1,3,2392,2420,magnus,magnus,magnus,unknown,magnus,wordfreq:nb,wordfreq_seeded;deterministically_filtered;structurally_curated
nb,v1,3,2393,2421,motsatt,motsatt,motsatt,unknown,motsatt,wordfreq:nb,wordfreq_seeded;deterministically_filtered;structurally_curated
nb,v1,3,2394,2422,nytte,nytte,nytte,unknown,nytte,wordfreq:nb,wordfreq_seeded;deterministically_filtered;structurally_curated
nb,v1,3,2395,2423,nøye,nøye,nøye,unknown,nøye,wordfreq:nb,wordfreq_seeded;deterministically_filtered;structurally_curated
nb,v1,3,2396,2424,opprinnelige,opprinnelige,opprinnelige,unknown,opprinnelige,wordfreq:nb,wordfreq_seeded;deterministically_filtered;structurally_curated
nb,v1,3,2397,2425,oppstår,oppstår,oppstår,unknown,oppstår,wordfreq:nb,wordfreq_seeded;deterministically_filtered;structurally_curated
nb,v1,3,2398,2426,pasienter,pasienter,pasienter,unknown,pasienter,wordfreq:nb,wordfreq_seeded;deterministically_filtered;structurally_curated
nb,v1,3,2399,2427,påvirker,påvirker,påvirker,unknown,påvirker,wordfreq:nb,wordfreq_seeded;deterministically_filtered;structurally_curated
nb,v1,3,2400,2428,sentral,sentral,sentral,unknown,sentral,wordfreq:nb,wordfreq_seeded;deterministically_filtered;structurally_curated
nb,v1,3,2401,2429,settes,settes,settes,unknown,settes,wordfreq:nb,wordfreq_seeded;deterministically_filtered;structurally_curated
nb,v1,3,2402,2430,sexy,sexy,sexy,unknown,sexy,wordfreq:nb,wordfreq_seeded;deterministically_filtered;structurally_curated
nb,v1,3,2403,2431,sikt,sikt,sikt,unknown,sikt,wordfreq:nb,wordfreq_seeded;deterministically_filtered;structurally_curated
nb,v1,3,2404,2432,skjønte,skjønte,skjønte,unknown,skjønte,wordfreq:nb,wordfreq_seeded;deterministically_filtered;structurally_curated
nb,v1,3,2405,2433,spiste,spiste,spiste,unknown,spiste,wordfreq:nb,wordfreq_seeded;deterministically_filtered;structurally_curated
nb,v1,3,2406,2434,stikke,stikke,stikke,unknown,stikke,wordfreq:nb,wordfreq_seeded;deterministically_filtered;structurally_curated
nb,v1,3,2407,2435,støttet,støttet,støttet,unknown,støttet,wordfreq:nb,wordfreq_seeded;deterministically_filtered;structurally_curated
nb,v1,3,2408,2436,sukker,sukker,sukker,unknown,sukker,wordfreq:nb,wordfreq_seeded;deterministically_filtered;structurally_curated
nb,v1,3,2409,2437,test,test,test,unknown,test,wordfreq:nb,wordfreq_seeded;deterministically_filtered;structurally_curated
nb,v1,3,2410,2438,that,that,that,unknown,that,wordfreq:nb,wordfreq_seeded;deterministically_filtered;structurally_curated
nb,v1,3,2411,2439,tiår,tiår,tiår,unknown,tiår,wordfreq:nb,wordfreq_seeded;deterministically_filtered;structurally_curated
nb,v1,3,2412,2440,tolv,tolv,tolv,unknown,tolv,wordfreq:nb,wordfreq_seeded;deterministically_filtered;structurally_curated
nb,v1,3,2413,2441,tonn,tonn,tonn,unknown,tonn,wordfreq:nb,wordfreq_seeded;deterministically_filtered;structurally_curated
nb,v1,3,2414,2442,trodd,trodd,trodd,unknown,trodd,wordfreq:nb,wordfreq_seeded;deterministically_filtered;structurally_curated
nb,v1,3,2415,2443,tåler,tåler,tåler,unknown,tåler,wordfreq:nb,wordfreq_seeded;deterministically_filtered;structurally_curated
nb,v1,3,2416,2444,utføre,utføre,utføre,unknown,utføre,wordfreq:nb,wordfreq_seeded;deterministically_filtered;structurally_curated
nb,v1,3,2417,2445,virkelige,virkelige,virkelige,unknown,virkelige,wordfreq:nb,wordfreq_seeded;deterministically_filtered;structurally_curated
nb,v1,3,2418,2446,ålesund,ålesund,ålesund,unknown,ålesund,wordfreq:nb,wordfreq_seeded;deterministically_filtered;structurally_curated
nb,v1,3,2419,2447,aksjer,aksjer,aksjer,unknown,aksjer,wordfreq:nb,wordfreq_seeded;deterministically_filtered;structurally_curated
nb,v1,3,2420,2448,blomster,blomster,blomster,unknown,blomster,wordfreq:nb,wordfreq_seeded;deterministically_filtered;structurally_curated
nb,v1,3,2421,2449,dukket,dukket,dukket,unknown,dukket,wordfreq:nb,wordfreq_seeded;deterministically_filtered;structurally_curated
nb,v1,3,2422,2450,ettermiddag,ettermiddag,ettermiddag,unknown,ettermiddag,wordfreq:nb,wordfreq_seeded;deterministically_filtered;structurally_curated
nb,v1,3,2423,2451,fantes,fantes,fantes,unknown,fantes,wordfreq:nb,wordfreq_seeded;deterministically_filtered;structurally_curated
nb,v1,3,2424,2452,fordeler,fordeler,fordeler,unknown,fordeler,wordfreq:nb,wordfreq_seeded;deterministically_filtered;structurally_curated
nb,v1,3,2425,2453,hvertfall,hvertfall,hvertfall,unknown,hvertfall,wordfreq:nb,wordfreq_seeded;deterministically_filtered;structurally_curated
nb,v1,3,2426,2454,island,island,island,unknown,island,wordfreq:nb,wordfreq_seeded;deterministically_filtered;structurally_curated
nb,v1,3,2427,2455,konkurransen,konkurransen,konkurransen,unknown,konkurransen,wordfreq:nb,wordfreq_seeded;deterministically_filtered;structurally_curated
nb,v1,3,2428,2456,kristen,kristen,kristen,unknown,kristen,wordfreq:nb,wordfreq_seeded;deterministically_filtered;structurally_curated
nb,v1,3,2429,2457,nevnes,nevnes,nevnes,unknown,nevnes,wordfreq:nb,wordfreq_seeded;deterministically_filtered;structurally_curated
nb,v1,3,2430,2458,partiene,partiene,partiene,unknown,partiene,wordfreq:nb,wordfreq_seeded;deterministically_filtered;structurally_curated
nb,v1,3,2431,2459,passet,passet,passet,unknown,passet,wordfreq:nb,wordfreq_seeded;deterministically_filtered;structurally_curated
nb,v1,3,2432,2460,representanter,representanter,representanter,unknown,representanter,wordfreq:nb,wordfreq_seeded;deterministically_filtered;structurally_curated
nb,v1,3,2433,2461,rosenborg,rosenborg,rosenborg,unknown,rosenborg,wordfreq:nb,wordfreq_seeded;deterministically_filtered;structurally_curated
nb,v1,3,2434,2462,samtale,samtale,samtale,unknown,samtale,wordfreq:nb,wordfreq_seeded;deterministically_filtered;structurally_curated
nb,v1,3,2435,2463,skru,skru,skru,unknown,skru,wordfreq:nb,wordfreq_seeded;deterministically_filtered;structurally_curated
nb,v1,3,2436,2464,smaker,smaker,smaker,unknown,smaker,wordfreq:nb,wordfreq_seeded;deterministically_filtered;structurally_curated
nb,v1,3,2437,2465,sosialt,sosialt,sosialt,unknown,sosialt,wordfreq:nb,wordfreq_seeded;deterministically_filtered;structurally_curated
nb,v1,3,2438,2466,stikk,stikk,stikk,unknown,stikk,wordfreq:nb,wordfreq_seeded;deterministically_filtered;structurally_curated
nb,v1,3,2439,2467,søkte,søkte,søkte,unknown,søkte,wordfreq:nb,wordfreq_seeded;deterministically_filtered;structurally_curated
nb,v1,3,2440,2468,søte,søte,søte,unknown,søte,wordfreq:nb,wordfreq_seeded;deterministically_filtered;structurally_curated
nb,v1,3,2441,2469,tradisjon,tradisjon,tradisjon,unknown,tradisjon,wordfreq:nb,wordfreq_seeded;deterministically_filtered;structurally_curated
nb,v1,3,2442,2470,traff,traff,traff,unknown,traff,wordfreq:nb,wordfreq_seeded;deterministically_filtered;structurally_curated
nb,v1,3,2443,2471,trafikken,trafikken,trafikken,unknown,trafikken,wordfreq:nb,wordfreq_seeded;deterministically_filtered;structurally_curated
nb,v1,3,2444,2472,trond,trond,trond,unknown,trond,wordfreq:nb,wordfreq_seeded;deterministically_filtered;structurally_curated
nb,v1,3,2445,2473,tønsberg,tønsberg,tønsberg,unknown,tønsberg,wordfreq:nb,wordfreq_seeded;deterministically_filtered;structurally_curated
nb,v1,3,2446,2474,undersøkelse,undersøkelse,undersøkelse,unknown,undersøkelse,wordfreq:nb,wordfreq_seeded;deterministically_filtered;structurally_curated
nb,v1,3,2447,2475,ungdommer,ungdommer,ungdommer,unknown,ungdommer,wordfreq:nb,wordfreq_seeded;deterministically_filtered;structurally_curated
nb,v1,3,2448,2476,vgs,vgs,vgs,unknown,vgs,wordfreq:nb,wordfreq_seeded;deterministically_filtered;structurally_curated
nb,v1,3,2449,2477,vurdering,vurdering,vurdering,unknown,vurdering,wordfreq:nb,wordfreq_seeded;deterministically_filtered;structurally_curated
nb,v1,3,2450,2478,avis,avis,avis,unknown,avis,wordfreq:nb,wordfreq_seeded;deterministically_filtered;structurally_curated
nb,v1,3,2451,2479,barnehage,barnehage,barnehage,unknown,barnehage,wordfreq:nb,wordfreq_seeded;deterministically_filtered;structurally_curated
nb,v1,3,2452,2480,besøke,besøke,besøke,unknown,besøke,wordfreq:nb,wordfreq_seeded;deterministically_filtered;structurally_curated
nb,v1,3,2453,2481,billigere,billigere,billigere,unknown,billigere,wordfreq:nb,wordfreq_seeded;deterministically_filtered;structurally_curated
nb,v1,3,2454,2482,bredt,bredt,bredt,unknown,bredt,wordfreq:nb,wordfreq_seeded;deterministically_filtered;structurally_curated
nb,v1,3,2455,2483,byene,byene,byene,unknown,byene,wordfreq:nb,wordfreq_seeded;deterministically_filtered;structurally_curated
nb,v1,3,2456,2484,drit,drit,drit,unknown,drit,wordfreq:nb,wordfreq_seeded;deterministically_filtered;structurally_curated
nb,v1,3,2457,2485,em,em,em,unknown,em,wordfreq:nb,wordfreq_seeded;deterministically_filtered;structurally_curated
nb,v1,3,2458,2486,enheter,enheter,enheter,unknown,enheter,wordfreq:nb,wordfreq_seeded;deterministically_filtered;structurally_curated
nb,v1,3,2459,2487,eventyr,eventyr,eventyr,unknown,eventyr,wordfreq:nb,wordfreq_seeded;deterministically_filtered;structurally_curated
nb,v1,3,2460,2488,falle,falle,falle,unknown,falle,wordfreq:nb,wordfreq_seeded;deterministically_filtered;structurally_curated
nb,v1,3,2461,2489,forfatter,forfatter,forfatter,unknown,forfatter,wordfreq:nb,wordfreq_seeded;deterministically_filtered;structurally_curated
nb,v1,3,2462,2490,gifte,gifte,gifte,unknown,gifte,wordfreq:nb,wordfreq_seeded;deterministically_filtered;structurally_curated
nb,v1,3,2463,2491,hedmark,hedmark,hedmark,unknown,hedmark,wordfreq:nb,wordfreq_seeded;deterministically_filtered;structurally_curated
nb,v1,3,2464,2492,hellige,hellige,hellige,unknown,hellige,wordfreq:nb,wordfreq_seeded;deterministically_filtered;structurally_curated
nb,v1,3,2465,2493,hjalp,hjalp,hjalp,unknown,hjalp,wordfreq:nb,wordfreq_seeded;deterministically_filtered;structurally_curated
nb,v1,3,2466,2494,hæren,hæren,hæren,unknown,hæren,wordfreq:nb,wordfreq_seeded;deterministically_filtered;structurally_curated
nb,v1,3,2467,2495,jevnt,jevnt,jevnt,unknown,jevnt,wordfreq:nb,wordfreq_seeded;deterministically_filtered;structurally_curated
nb,v1,3,2468,2496,johan,johan,johan,unknown,johan,wordfreq:nb,wordfreq_seeded;deterministically_filtered;structurally_curated
nb,v1,3,2469,2497,karriere,karriere,karriere,unknown,karriere,wordfreq:nb,wordfreq_seeded;deterministically_filtered;structurally_curated
nb,v1,3,2470,2498,koselig,koselig,koselig,unknown,koselig,wordfreq:nb,wordfreq_seeded;deterministically_filtered;structurally_curated
nb,v1,3,2471,2499,kule,kule,kule,unknown,kule,wordfreq:nb,wordfreq_seeded;deterministically_filtered;structurally_curated
nb,v1,3,2472,2500,late,late,late,unknown,late,wordfreq:nb,wordfreq_seeded;deterministically_filtered;structurally_curated
nb,v1,3,2473,2501,løgn,løgn,løgn,unknown,løgn,wordfreq:nb,wordfreq_seeded;deterministically_filtered;structurally_curated
nb,v1,3,2474,2502,marie,marie,marie,unknown,marie,wordfreq:nb,wordfreq_seeded;deterministically_filtered;structurally_curated
nb,v1,3,2475,2503,medisinsk,medisinsk,medisinsk,unknown,medisinsk,wordfreq:nb,wordfreq_seeded;deterministically_filtered;structurally_curated
nb,v1,3,2476,2504,naturligvis,naturligvis,naturligvis,unknown,naturligvis,wordfreq:nb,wordfreq_seeded;deterministically_filtered;structurally_curated
nb,v1,3,2477,2505,nedover,nedover,nedover,unknown,nedover,wordfreq:nb,wordfreq_seeded;deterministically_filtered;structurally_curated
nb,v1,3,2478,2506,nettverk,nettverk,nettverk,unknown,nettverk,wordfreq:nb,wordfreq_seeded;deterministically_filtered;structurally_curated
nb,v1,3,2479,2507,nyttig,nyttig,nyttig,unknown,nyttig,wordfreq:nb,wordfreq_seeded;deterministically_filtered;structurally_curated
nb,v1,3,2480,2508,nære,nære,nære,unknown,nære,wordfreq:nb,wordfreq_seeded;deterministically_filtered;structurally_curated
nb,v1,3,2481,2509,produkt,produkt,produkt,unknown,produkt,wordfreq:nb,wordfreq_seeded;deterministically_filtered;structurally_curated
nb,v1,3,2482,2510,sandnes,sandnes,sandnes,unknown,sandnes,wordfreq:nb,wordfreq_seeded;deterministically_filtered;structurally_curated
nb,v1,3,2483,2511,skilt,skilt,skilt,unknown,skilt,wordfreq:nb,wordfreq_seeded;deterministically_filtered;structurally_curated
nb,v1,3,2484,2512,sol,sol,sol,unknown,sol,wordfreq:nb,wordfreq_seeded;deterministically_filtered;structurally_curated
nb,v1,3,2485,2513,statlige,statlige,statlige,unknown,statlige,wordfreq:nb,wordfreq_seeded;deterministically_filtered;structurally_curated
nb,v1,3,2486,2514,strømmen,strømmen,strømmen,unknown,strømmen,wordfreq:nb,wordfreq_seeded;deterministically_filtered;structurally_curated
nb,v1,3,2487,2515,styrker,styrker,styrker,unknown,styrker,wordfreq:nb,wordfreq_seeded;deterministically_filtered;structurally_curated
nb,v1,3,2488,2516,syklister,syklister,syklister,unknown,syklister,wordfreq:nb,wordfreq_seeded;deterministically_filtered;structurally_curated
nb,v1,3,2489,2517,tekster,tekster,tekster,unknown,tekster,wordfreq:nb,wordfreq_seeded;deterministically_filtered;structurally_curated
nb,v1,3,2490,2518,tusenvis,tusenvis,tusenvis,unknown,tusenvis,wordfreq:nb,wordfreq_seeded;deterministically_filtered;structurally_curated
nb,v1,3,2491,2519,unger,unger,unger,unknown,unger,wordfreq:nb,wordfreq_seeded;deterministically_filtered;structurally_curated
nb,v1,3,2492,2520,unntatt,unntatt,unntatt,unknown,unntatt,wordfreq:nb,wordfreq_seeded;deterministically_filtered;structurally_curated
nb,v1,3,2493,2521,utmerket,utmerket,utmerket,unknown,utmerket,wordfreq:nb,wordfreq_seeded;deterministically_filtered;structurally_curated
nb,v1,3,2494,2522,antagelig,antagelig,antagelig,unknown,antagelig,wordfreq:nb,wordfreq_seeded;deterministically_filtered;structurally_curated
nb,v1,3,2495,2523,arendal,arendal,arendal,unknown,arendal,wordfreq:nb,wordfreq_seeded;deterministically_filtered;structurally_curated
nb,v1,3,2496,2524,australia,australia,australia,unknown,australia,wordfreq:nb,wordfreq_seeded;deterministically_filtered;structurally_curated
nb,v1,3,2497,2525,banker,banker,banker,unknown,banker,wordfreq:nb,wordfreq_seeded;deterministically_filtered;structurally_curated
nb,v1,3,2498,2526,beskrevet,beskrevet,beskrevet,unknown,beskrevet,wordfreq:nb,wordfreq_seeded;deterministically_filtered;structurally_curated
nb,v1,3,2499,2527,date,date,date,unknown,date,wordfreq:nb,wordfreq_seeded;deterministically_filtered;structurally_curated
nb,v1,3,2500,2528,fattige,fattige,fattige,unknown,fattige,wordfreq:nb,wordfreq_seeded;deterministically_filtered;structurally_curated
nb,v1,3,2501,2529,flyr,flyr,flyr,unknown,flyr,wordfreq:nb,wordfreq_seeded;deterministically_filtered;structurally_curated
nb,v1,3,2502,2530,forklaring,forklaring,forklaring,unknown,forklaring,wordfreq:nb,wordfreq_seeded;deterministically_filtered;structurally_curated
nb,v1,3,2503,2531,fortsatte,fortsatte,fortsatte,unknown,fortsatte,wordfreq:nb,wordfreq_seeded;deterministically_filtered;structurally_curated
nb,v1,3,2504,2532,gis,gis,gis,unknown,gis,wordfreq:nb,wordfreq_seeded;deterministically_filtered;structurally_curated
nb,v1,3,2505,2533,henrik,henrik,henrik,unknown,henrik,wordfreq:nb,wordfreq_seeded;deterministically_filtered;structurally_curated
nb,v1,3,2506,2534,henter,henter,henter,unknown,henter,wordfreq:nb,wordfreq_seeded;deterministically_filtered;structurally_curated
nb,v1,3,2507,2535,historiske,historiske,historiske,unknown,historiske,wordfreq:nb,wordfreq_seeded;deterministically_filtered;structurally_curated
nb,v1,3,2508,2536,hverdagen,hverdagen,hverdagen,unknown,hverdagen,wordfreq:nb,wordfreq_seeded;deterministically_filtered;structurally_curated
nb,v1,3,2509,2537,innflytelse,innflytelse,innflytelse,unknown,innflytelse,wordfreq:nb,wordfreq_seeded;deterministically_filtered;structurally_curated
nb,v1,3,2510,2538,istedet,istedet,istedet,unknown,istedet,wordfreq:nb,wordfreq_seeded;deterministically_filtered;structurally_curated
nb,v1,3,2511,2539,jack,jack,jack,unknown,jack,wordfreq:nb,wordfreq_seeded;deterministically_filtered;structurally_curated
nb,v1,3,2512,2540,kjempet,kjempet,kjempet,unknown,kjempet,wordfreq:nb,wordfreq_seeded;deterministically_filtered;structurally_curated
nb,v1,3,2513,2541,kommunikasjon,kommunikasjon,kommunikasjon,unknown,kommunikasjon,wordfreq:nb,wordfreq_seeded;deterministically_filtered;structurally_curated
nb,v1,3,2514,2542,lagde,lagde,lagde,unknown,lagde,wordfreq:nb,wordfreq_seeded;deterministically_filtered;structurally_curated
nb,v1,3,2515,2543,lede,lede,lede,unknown,lede,wordfreq:nb,wordfreq_seeded;deterministically_filtered;structurally_curated
nb,v1,3,2516,2544,ler,ler,ler,unknown,ler,wordfreq:nb,wordfreq_seeded;deterministically_filtered;structurally_curated
nb,v1,3,2517,2545,likhet,likhet,likhet,unknown,likhet,wordfreq:nb,wordfreq_seeded;deterministically_filtered;structurally_curated
nb,v1,3,2518,2546,løfte,løfte,løfte,unknown,løfte,wordfreq:nb,wordfreq_seeded;deterministically_filtered;structurally_curated
nb,v1,3,2519,2547,mr,mr,mr,unknown,mr,wordfreq:nb,wordfreq_seeded;deterministically_filtered;structurally_curated
nb,v1,3,2520,2548,møttes,møttes,møttes,unknown,møttes,wordfreq:nb,wordfreq_seeded;deterministically_filtered;structurally_curated
nb,v1,3,2521,2549,orker,orker,orker,unknown,orker,wordfreq:nb,wordfreq_seeded;deterministically_filtered;structurally_curated
nb,v1,3,2522,2550,partner,partner,partner,unknown,partner,wordfreq:nb,wordfreq_seeded;deterministically_filtered;structurally_curated
nb,v1,3,2523,2551,planlegger,planlegger,planlegger,unknown,planlegger,wordfreq:nb,wordfreq_seeded;deterministically_filtered;structurally_curated
nb,v1,3,2524,2552,presse,presse,presse,unknown,presse,wordfreq:nb,wordfreq_seeded;deterministically_filtered;structurally_curated
nb,v1,3,2525,2553,roger,roger,roger,unknown,roger,wordfreq:nb,wordfreq_seeded;deterministically_filtered;structurally_curated
nb,v1,3,2526,2554,rosa,rosa,rosa,unknown,rosa,wordfreq:nb,wordfreq_seeded;deterministically_filtered;structurally_curated
nb,v1,3,2527,2555,salt,salt,salt,unknown,salt,wordfreq:nb,wordfreq_seeded;deterministically_filtered;structurally_curated
nb,v1,3,2528,2556,samtalen,samtalen,samtalen,unknown,samtalen,wordfreq:nb,wordfreq_seeded;deterministically_filtered;structurally_curated
nb,v1,3,2529,2557,satse,satse,satse,unknown,satse,wordfreq:nb,wordfreq_seeded;deterministically_filtered;structurally_curated
nb,v1,3,2530,2558,spilles,spilles,spilles,unknown,spilles,wordfreq:nb,wordfreq_seeded;deterministically_filtered;structurally_curated
nb,v1,3,2531,2559,spist,spist,spist,unknown,spist,wordfreq:nb,wordfreq_seeded;deterministically_filtered;structurally_curated
nb,v1,3,2532,2560,stjålet,stjålet,stjålet,unknown,stjålet,wordfreq:nb,wordfreq_seeded;deterministically_filtered;structurally_curated
nb,v1,3,2533,2561,stoler,stoler,stoler,unknown,stoler,wordfreq:nb,wordfreq_seeded;deterministically_filtered;structurally_curated
nb,v1,3,2534,2562,straff,straff,straff,unknown,straff,wordfreq:nb,wordfreq_seeded;deterministically_filtered;structurally_curated
nb,v1,3,2535,2563,studie,studie,studie,unknown,studie,wordfreq:nb,wordfreq_seeded;deterministically_filtered;structurally_curated
nb,v1,3,2536,2564,stående,stående,stående,unknown,stående,wordfreq:nb,wordfreq_seeded;deterministically_filtered;structurally_curated
nb,v1,3,2537,2565,tida,tida,tida,unknown,tida,wordfreq:nb,wordfreq_seeded;deterministically_filtered;structurally_curated
nb,v1,3,2538,2566,timen,timen,timen,unknown,timen,wordfreq:nb,wordfreq_seeded;deterministically_filtered;structurally_curated
nb,v1,3,2539,2567,trakk,trakk,trakk,unknown,trakk,wordfreq:nb,wordfreq_seeded;deterministically_filtered;structurally_curated
nb,v1,3,2540,2568,vinduet,vinduet,vinduet,unknown,vinduet,wordfreq:nb,wordfreq_seeded;deterministically_filtered;structurally_curated
nb,v1,3,2541,2569,vises,vises,vises,unknown,vises,wordfreq:nb,wordfreq_seeded;deterministically_filtered;structurally_curated
nb,v1,3,2542,2570,bakgrunnen,bakgrunnen,bakgrunnen,unknown,bakgrunnen,wordfreq:nb,wordfreq_seeded;deterministically_filtered;structurally_curated
nb,v1,3,2543,2571,behandle,behandle,behandle,unknown,behandle,wordfreq:nb,wordfreq_seeded;deterministically_filtered;structurally_curated
nb,v1,3,2544,2572,berg,berg,berg,unknown,berg,wordfreq:nb,wordfreq_seeded;deterministically_filtered;structurally_curated
nb,v1,3,2545,2573,bygges,bygges,bygges,unknown,bygges,wordfreq:nb,wordfreq_seeded;deterministically_filtered;structurally_curated
nb,v1,3,2546,2574,effektivt,effektivt,effektivt,unknown,effektivt,wordfreq:nb,wordfreq_seeded;deterministically_filtered;structurally_curated
nb,v1,3,2547,2575,eksisterer,eksisterer,eksisterer,unknown,eksisterer,wordfreq:nb,wordfreq_seeded;deterministically_filtered;structurally_curated
nb,v1,3,2548,2576,engasjement,engasjement,engasjement,unknown,engasjement,wordfreq:nb,wordfreq_seeded;deterministically_filtered;structurally_curated
nb,v1,3,2549,2577,fanget,fanget,fanget,unknown,fanget,wordfreq:nb,wordfreq_seeded;deterministically_filtered;structurally_curated
nb,v1,3,2550,2578,fysiske,fysiske,fysiske,unknown,fysiske,wordfreq:nb,wordfreq_seeded;deterministically_filtered;structurally_curated
nb,v1,3,2551,2579,gammelt,gammelt,gammelt,unknown,gammelt,wordfreq:nb,wordfreq_seeded;deterministically_filtered;structurally_curated
nb,v1,3,2552,2580,grunnlaget,grunnlaget,grunnlaget,unknown,grunnlaget,wordfreq:nb,wordfreq_seeded;deterministically_filtered;structurally_curated
nb,v1,3,2553,2581,halve,halve,halve,unknown,halve,wordfreq:nb,wordfreq_seeded;deterministically_filtered;structurally_curated
nb,v1,3,2554,2582,handlinger,handlinger,handlinger,unknown,handlinger,wordfreq:nb,wordfreq_seeded;deterministically_filtered;structurally_curated
nb,v1,3,2555,2583,henry,henry,henry,unknown,henry,wordfreq:nb,wordfreq_seeded;deterministically_filtered;structurally_curated
nb,v1,3,2556,2584,herrer,herrer,herrer,unknown,herrer,wordfreq:nb,wordfreq_seeded;deterministically_filtered;structurally_curated
nb,v1,3,2557,2585,high,high,high,unknown,high,wordfreq:nb,wordfreq_seeded;deterministically_filtered;structurally_curated
nb,v1,3,2558,2586,jonas,jonas,jonas,unknown,jonas,wordfreq:nb,wordfreq_seeded;deterministically_filtered;structurally_curated
nb,v1,3,2559,2587,kontor,kontor,kontor,unknown,kontor,wordfreq:nb,wordfreq_seeded;deterministically_filtered;structurally_curated
nb,v1,3,2560,2588,kontrollere,kontrollere,kontrollere,unknown,kontrollere,wordfreq:nb,wordfreq_seeded;deterministically_filtered;structurally_curated
nb,v1,3,2561,2589,kåret,kåret,kåret,unknown,kåret,wordfreq:nb,wordfreq_seeded;deterministically_filtered;structurally_curated
nb,v1,3,2562,2590,manchester,manchester,manchester,unknown,manchester,wordfreq:nb,wordfreq_seeded;deterministically_filtered;structurally_curated
nb,v1,3,2563,2591,materiale,materiale,materiale,unknown,materiale,wordfreq:nb,wordfreq_seeded;deterministically_filtered;structurally_curated
nb,v1,3,2564,2592,mengde,mengde,mengde,unknown,mengde,wordfreq:nb,wordfreq_seeded;deterministically_filtered;structurally_curated
nb,v1,3,2565,2593,nettsted,nettsted,nettsted,unknown,nettsted,wordfreq:nb,wordfreq_seeded;deterministically_filtered;structurally_curated
nb,v1,3,2566,2594,opprettholde,opprettholde,opprettholde,unknown,opprettholde,wordfreq:nb,wordfreq_seeded;deterministically_filtered;structurally_curated
nb,v1,3,2567,2595,pedersen,pedersen,pedersen,unknown,pedersen,wordfreq:nb,wordfreq_seeded;deterministically_filtered;structurally_curated
nb,v1,3,2568,2596,problemene,problemene,problemene,unknown,problemene,wordfreq:nb,wordfreq_seeded;deterministically_filtered;structurally_curated
nb,v1,3,2569,2597,reagerer,reagerer,reagerer,unknown,reagerer,wordfreq:nb,wordfreq_seeded;deterministically_filtered;structurally_curated
nb,v1,3,2570,2598,rekker,rekker,rekker,unknown,rekker,wordfreq:nb,wordfreq_seeded;deterministically_filtered;structurally_curated
nb,v1,3,2571,2599,sarpsborg,sarpsborg,sarpsborg,unknown,sarpsborg,wordfreq:nb,wordfreq_seeded;deterministically_filtered;structurally_curated
nb,v1,3,2572,2600,selges,selges,selges,unknown,selges,wordfreq:nb,wordfreq_seeded;deterministically_filtered;structurally_curated
nb,v1,3,2573,2601,serier,serier,serier,unknown,serier,wordfreq:nb,wordfreq_seeded;deterministically_filtered;structurally_curated
nb,v1,3,2574,2602,sidene,sidene,sidene,unknown,sidene,wordfreq:nb,wordfreq_seeded;deterministically_filtered;structurally_curated
nb,v1,3,2575,2603,sivile,sivile,sivile,unknown,sivile,wordfreq:nb,wordfreq_seeded;deterministically_filtered;structurally_curated
nb,v1,3,2576,2604,skjule,skjule,skjule,unknown,skjule,wordfreq:nb,wordfreq_seeded;deterministically_filtered;structurally_curated
nb,v1,3,2577,2605,skuffet,skuffet,skuffet,unknown,skuffet,wordfreq:nb,wordfreq_seeded;deterministically_filtered;structurally_curated
nb,v1,3,2578,2606,stemte,stemte,stemte,unknown,stemte,wordfreq:nb,wordfreq_seeded;deterministically_filtered;structurally_curated
nb,v1,3,2579,2607,stilte,stilte,stilte,unknown,stilte,wordfreq:nb,wordfreq_seeded;deterministically_filtered;structurally_curated
nb,v1,3,2580,2608,strålende,strålende,strålende,unknown,strålende,wordfreq:nb,wordfreq_seeded;deterministically_filtered;structurally_curated
nb,v1,3,2581,2609,sykkel,sykkel,sykkel,unknown,sykkel,wordfreq:nb,wordfreq_seeded;deterministically_filtered;structurally_curated
nb,v1,3,2582,2610,teori,teori,teori,unknown,teori,wordfreq:nb,wordfreq_seeded;deterministically_filtered;structurally_curated
nb,v1,3,2583,2611,trukket,trukket,trukket,unknown,trukket,wordfreq:nb,wordfreq_seeded;deterministically_filtered;structurally_curated
nb,v1,3,2584,2612,tråd,tråd,tråd,unknown,tråd,wordfreq:nb,wordfreq_seeded;deterministically_filtered;structurally_curated
nb,v1,3,2585,2613,tvang,tvang,tvang,unknown,tvang,wordfreq:nb,wordfreq_seeded;deterministically_filtered;structurally_curated
nb,v1,3,2586,2614,tyder,tyder,tyder,unknown,tyder,wordfreq:nb,wordfreq_seeded;deterministically_filtered;structurally_curated
nb,v1,3,2587,2615,utvidet,utvidet,utvidet,unknown,utvidet,wordfreq:nb,wordfreq_seeded;deterministically_filtered;structurally_curated
nb,v1,3,2588,2616,vind,vind,vind,unknown,vind,wordfreq:nb,wordfreq_seeded;deterministically_filtered;structurally_curated
nb,v1,3,2589,2617,vokse,vokse,vokse,unknown,vokse,wordfreq:nb,wordfreq_seeded;deterministically_filtered;structurally_curated
nb,v1,3,2590,2618,ære,ære,ære,unknown,ære,wordfreq:nb,wordfreq_seeded;deterministically_filtered;structurally_curated
nb,v1,3,2591,2619,afghanistan,afghanistan,afghanistan,unknown,afghanistan,wordfreq:nb,wordfreq_seeded;deterministically_filtered;structurally_curated
nb,v1,3,2592,2620,ann,ann,ann,unknown,ann,wordfreq:nb,wordfreq_seeded;deterministically_filtered;structurally_curated
nb,v1,3,2593,2621,asia,asia,asia,unknown,asia,wordfreq:nb,wordfreq_seeded;deterministically_filtered;structurally_curated
nb,v1,3,2594,2622,baby,baby,baby,unknown,baby,wordfreq:nb,wordfreq_seeded;deterministically_filtered;structurally_curated
nb,v1,3,2595,2623,bane,bane,bane,unknown,bane,wordfreq:nb,wordfreq_seeded;deterministically_filtered;structurally_curated
nb,v1,3,2596,2624,byens,byens,byens,unknown,byens,wordfreq:nb,wordfreq_seeded;deterministically_filtered;structurally_curated
nb,v1,3,2597,2625,dama,dama,dama,unknown,dama,wordfreq:nb,wordfreq_seeded;deterministically_filtered;structurally_curated
nb,v1,3,2598,2626,elske,elske,elske,unknown,elske,wordfreq:nb,wordfreq_seeded;deterministically_filtered;structurally_curated
nb,v1,3,2599,2627,forlatt,forlatt,forlatt,unknown,forlatt,wordfreq:nb,wordfreq_seeded;deterministically_filtered;structurally_curated
nb,v1,3,2600,2628,formen,formen,formen,unknown,formen,wordfreq:nb,wordfreq_seeded;deterministically_filtered;structurally_curated
nb,v1,3,2601,2629,foto,foto,foto,unknown,foto,wordfreq:nb,wordfreq_seeded;deterministically_filtered;structurally_curated
nb,v1,3,2602,2630,fremstår,fremstår,fremstår,unknown,fremstår,wordfreq:nb,wordfreq_seeded;deterministically_filtered;structurally_curated
nb,v1,3,2603,2631,frie,frie,frie,unknown,frie,wordfreq:nb,wordfreq_seeded;deterministically_filtered;structurally_curated
nb,v1,3,2604,2632,garantert,garantert,garantert,unknown,garantert,wordfreq:nb,wordfreq_seeded;deterministically_filtered;structurally_curated
nb,v1,3,2605,2633,global,global,global,unknown,global,wordfreq:nb,wordfreq_seeded;deterministically_filtered;structurally_curated
nb,v1,3,2606,2634,gravid,gravid,gravid,unknown,gravid,wordfreq:nb,wordfreq_seeded;deterministically_filtered;structurally_curated
nb,v1,3,2607,2635,gården,gården,gården,unknown,gården,wordfreq:nb,wordfreq_seeded;deterministically_filtered;structurally_curated
nb,v1,3,2608,2636,historier,historier,historier,unknown,historier,wordfreq:nb,wordfreq_seeded;deterministically_filtered;structurally_curated
nb,v1,3,2609,2637,idrett,idrett,idrett,unknown,idrett,wordfreq:nb,wordfreq_seeded;deterministically_filtered;structurally_curated
nb,v1,3,2610,2638,inspirasjon,inspirasjon,inspirasjon,unknown,inspirasjon,wordfreq:nb,wordfreq_seeded;deterministically_filtered;structurally_curated
nb,v1,3,2611,2639,journalist,journalist,journalist,unknown,journalist,wordfreq:nb,wordfreq_seeded;deterministically_filtered;structurally_curated
nb,v1,3,2612,2640,kim,kim,kim,unknown,kim,wordfreq:nb,wordfreq_seeded;deterministically_filtered;structurally_curated
nb,v1,3,2613,2641,klubber,klubber,klubber,unknown,klubber,wordfreq:nb,wordfreq_seeded;deterministically_filtered;structurally_curated
nb,v1,3,2614,2642,kommende,kommende,kommende,unknown,kommende,wordfreq:nb,wordfreq_seeded;deterministically_filtered;structurally_curated
nb,v1,3,2615,2643,kontrakt,kontrakt,kontrakt,unknown,kontrakt,wordfreq:nb,wordfreq_seeded;deterministically_filtered;structurally_curated
nb,v1,3,2616,2644,kors,kors,kors,unknown,kors,wordfreq:nb,wordfreq_seeded;deterministically_filtered;structurally_curated
nb,v1,3,2617,2645,lengst,lengst,lengst,unknown,lengst,wordfreq:nb,wordfreq_seeded;deterministically_filtered;structurally_curated
nb,v1,3,2618,2646,medlemmene,medlemmene,medlemmene,unknown,medlemmene,wordfreq:nb,wordfreq_seeded;deterministically_filtered;structurally_curated
nb,v1,3,2619,2647,mennene,mennene,mennene,unknown,mennene,wordfreq:nb,wordfreq_seeded;deterministically_filtered;structurally_curated
nb,v1,3,2620,2648,motor,motor,motor,unknown,motor,wordfreq:nb,wordfreq_seeded;deterministically_filtered;structurally_curated
nb,v1,3,2621,2649,nest,nest,nest,unknown,nest,wordfreq:nb,wordfreq_seeded;deterministically_filtered;structurally_curated
nb,v1,3,2622,2650,nokså,nokså,nokså,unknown,nokså,wordfreq:nb,wordfreq_seeded;deterministically_filtered;structurally_curated
nb,v1,3,2623,2651,oppfører,oppfører,oppfører,unknown,oppfører,wordfreq:nb,wordfreq_seeded;deterministically_filtered;structurally_curated
nb,v1,3,2624,2652,oscar,oscar,oscar,unknown,oscar,wordfreq:nb,wordfreq_seeded;deterministically_filtered;structurally_curated
nb,v1,3,2625,2653,park,park,park,unknown,park,wordfreq:nb,wordfreq_seeded;deterministically_filtered;structurally_curated
nb,v1,3,2626,2654,perioder,perioder,perioder,unknown,perioder,wordfreq:nb,wordfreq_seeded;deterministically_filtered;structurally_curated
nb,v1,3,2627,2655,pro,pro,pro,unknown,pro,wordfreq:nb,wordfreq_seeded;deterministically_filtered;structurally_curated
nb,v1,3,2628,2656,reist,reist,reist,unknown,reist,wordfreq:nb,wordfreq_seeded;deterministically_filtered;structurally_curated
nb,v1,3,2629,2657,ringte,ringte,ringte,unknown,ringte,wordfreq:nb,wordfreq_seeded;deterministically_filtered;structurally_curated
nb,v1,3,2630,2658,sandefjord,sandefjord,sandefjord,unknown,sandefjord,wordfreq:nb,wordfreq_seeded;deterministically_filtered;structurally_curated
nb,v1,3,2631,2659,senter,senter,senter,unknown,senter,wordfreq:nb,wordfreq_seeded;deterministically_filtered;structurally_curated
nb,v1,3,2632,2660,ses,ses,ses,unknown,ses,wordfreq:nb,wordfreq_seeded;deterministically_filtered;structurally_curated
nb,v1,3,2633,2661,skapte,skapte,skapte,unknown,skapte,wordfreq:nb,wordfreq_seeded;deterministically_filtered;structurally_curated
nb,v1,3,2634,2662,skjermen,skjermen,skjermen,unknown,skjermen,wordfreq:nb,wordfreq_seeded;deterministically_filtered;structurally_curated
nb,v1,3,2635,2663,skudd,skudd,skudd,unknown,skudd,wordfreq:nb,wordfreq_seeded;deterministically_filtered;structurally_curated
nb,v1,3,2636,2664,sola,sola,sola,unknown,sola,wordfreq:nb,wordfreq_seeded;deterministically_filtered;structurally_curated
nb,v1,3,2637,2665,svak,svak,svak,unknown,svak,wordfreq:nb,wordfreq_seeded;deterministically_filtered;structurally_curated
nb,v1,3,2638,2666,sveits,sveits,sveits,unknown,sveits,wordfreq:nb,wordfreq_seeded;deterministically_filtered;structurally_curated
nb,v1,3,2639,2667,teller,teller,teller,unknown,teller,wordfreq:nb,wordfreq_seeded;deterministically_filtered;structurally_curated
nb,v1,3,2640,2668,tenner,tenner,tenner,unknown,tenner,wordfreq:nb,wordfreq_seeded;deterministically_filtered;structurally_curated
nb,v1,3,2641,2669,terje,terje,terje,unknown,terje,wordfreq:nb,wordfreq_seeded;deterministically_filtered;structurally_curated
nb,v1,3,2642,2670,tilknytning,tilknytning,tilknytning,unknown,tilknytning,wordfreq:nb,wordfreq_seeded;deterministically_filtered;structurally_curated
nb,v1,3,2643,2671,tvers,tvers,tvers,unknown,tvers,wordfreq:nb,wordfreq_seeded;deterministically_filtered;structurally_curated
nb,v1,3,2644,2672,tøff,tøff,tøff,unknown,tøff,wordfreq:nb,wordfreq_seeded;deterministically_filtered;structurally_curated
nb,v1,3,2645,2673,undersøkelser,undersøkelser,undersøkelser,unknown,undersøkelser,wordfreq:nb,wordfreq_seeded;deterministically_filtered;structurally_curated
nb,v1,3,2646,2674,våkne,våkne,våkne,unknown,våkne,wordfreq:nb,wordfreq_seeded;deterministically_filtered;structurally_curated
nb,v1,3,2647,2675,alexander,alexander,alexander,unknown,alexander,wordfreq:nb,wordfreq_seeded;deterministically_filtered;structurally_curated
nb,v1,3,2648,2676,andersen,andersen,andersen,unknown,andersen,wordfreq:nb,wordfreq_seeded;deterministically_filtered;structurally_curated
nb,v1,3,2649,2677,asker,asker,asker,unknown,asker,wordfreq:nb,wordfreq_seeded;deterministically_filtered;structurally_curated
nb,v1,3,2650,2678,begrep,begrep,begrep,unknown,begrep,wordfreq:nb,wordfreq_seeded;deterministically_filtered;structurally_curated
nb,v1,3,2651,2679,behandler,behandler,behandler,unknown,behandler,wordfreq:nb,wordfreq_seeded;deterministically_filtered;structurally_curated
nb,v1,3,2652,2680,blod,blod,blod,unknown,blod,wordfreq:nb,wordfreq_seeded;deterministically_filtered;structurally_curated
nb,v1,3,2653,2681,brenne,brenne,brenne,unknown,brenne,wordfreq:nb,wordfreq_seeded;deterministically_filtered;structurally_curated
nb,v1,3,2654,2682,britiske,britiske,britiske,unknown,britiske,wordfreq:nb,wordfreq_seeded;deterministically_filtered;structurally_curated
nb,v1,3,2655,2683,brutt,brutt,brutt,unknown,brutt,wordfreq:nb,wordfreq_seeded;deterministically_filtered;structurally_curated
nb,v1,3,2656,2684,brøt,brøt,brøt,unknown,brøt,wordfreq:nb,wordfreq_seeded;deterministically_filtered;structurally_curated
nb,v1,3,2657,2686,dansk,dansk,dansk,unknown,dansk,wordfreq:nb,wordfreq_seeded;deterministically_filtered;structurally_curated
nb,v1,3,2658,2687,dekning,dekning,dekning,unknown,dekning,wordfreq:nb,wordfreq_seeded;deterministically_filtered;structurally_curated
nb,v1,3,2659,2688,deltar,deltar,deltar,unknown,deltar,wordfreq:nb,wordfreq_seeded;deterministically_filtered;structurally_curated
nb,v1,3,2660,2689,diskusjonen,diskusjonen,diskusjonen,unknown,diskusjonen,wordfreq:nb,wordfreq_seeded;deterministically_filtered;structurally_curated
nb,v1,3,2661,2690,etablerte,etablerte,etablerte,unknown,etablerte,wordfreq:nb,wordfreq_seeded;deterministically_filtered;structurally_curated
nb,v1,3,2662,2691,faktum,faktum,faktum,unknown,faktum,wordfreq:nb,wordfreq_seeded;deterministically_filtered;structurally_curated
nb,v1,3,2663,2692,forberedt,forberedt,forberedt,unknown,forberedt,wordfreq:nb,wordfreq_seeded;deterministically_filtered;structurally_curated
nb,v1,3,2664,2693,forsvinne,forsvinne,forsvinne,unknown,forsvinne,wordfreq:nb,wordfreq_seeded;deterministically_filtered;structurally_curated
nb,v1,3,2665,2694,franske,franske,franske,unknown,franske,wordfreq:nb,wordfreq_seeded;deterministically_filtered;structurally_curated
nb,v1,3,2666,2695,from,from,from,unknown,from,wordfreq:nb,wordfreq_seeded;deterministically_filtered;structurally_curated
nb,v1,3,2667,2696,grande,grande,grande,unknown,grande,wordfreq:nb,wordfreq_seeded;deterministically_filtered;structurally_curated
nb,v1,3,2668,2697,hehe,hehe,hehe,unknown,hehe,wordfreq:nb,wordfreq_seeded;deterministically_filtered;structurally_curated
nb,v1,3,2669,2698,hemmelig,hemmelig,hemmelig,unknown,hemmelig,wordfreq:nb,wordfreq_seeded;deterministically_filtered;structurally_curated
nb,v1,3,2670,2699,hensikt,hensikt,hensikt,unknown,hensikt,wordfreq:nb,wordfreq_seeded;deterministically_filtered;structurally_curated
nb,v1,3,2671,2700,himmelen,himmelen,himmelen,unknown,himmelen,wordfreq:nb,wordfreq_seeded;deterministically_filtered;structurally_curated
nb,v1,3,2672,2701,holdes,holdes,holdes,unknown,holdes,wordfreq:nb,wordfreq_seeded;deterministically_filtered;structurally_curated
nb,v1,3,2673,2702,hoppe,hoppe,hoppe,unknown,hoppe,wordfreq:nb,wordfreq_seeded;deterministically_filtered;structurally_curated
nb,v1,3,2674,2703,ideen,ideen,ideen,unknown,ideen,wordfreq:nb,wordfreq_seeded;deterministically_filtered;structurally_curated
nb,v1,3,2675,2704,innovasjon,innovasjon,innovasjon,unknown,innovasjon,wordfreq:nb,wordfreq_seeded;deterministically_filtered;structurally_curated
nb,v1,3,2676,2705,interessante,interessante,interessante,unknown,interessante,wordfreq:nb,wordfreq_seeded;deterministically_filtered;structurally_curated
nb,v1,3,2677,2706,joda,joda,joda,unknown,joda,wordfreq:nb,wordfreq_seeded;deterministically_filtered;structurally_curated
nb,v1,3,2678,2707,kjemper,kjemper,kjemper,unknown,kjemper,wordfreq:nb,wordfreq_seeded;deterministically_filtered;structurally_curated
nb,v1,3,2679,2708,kle,kle,kle,unknown,kle,wordfreq:nb,wordfreq_seeded;deterministically_filtered;structurally_curated
nb,v1,3,2680,2709,krefter,krefter,krefter,unknown,krefter,wordfreq:nb,wordfreq_seeded;deterministically_filtered;structurally_curated
nb,v1,3,2681,2710,last,last,last,unknown,last,wordfreq:nb,wordfreq_seeded;deterministically_filtered;structurally_curated
nb,v1,3,2682,2711,læring,læring,læring,unknown,læring,wordfreq:nb,wordfreq_seeded;deterministically_filtered;structurally_curated
nb,v1,3,2683,2712,mannlige,mannlige,mannlige,unknown,mannlige,wordfreq:nb,wordfreq_seeded;deterministically_filtered;structurally_curated
nb,v1,3,2684,2713,matematikk,matematikk,matematikk,unknown,matematikk,wordfreq:nb,wordfreq_seeded;deterministically_filtered;structurally_curated
nb,v1,3,2685,2714,meldinger,meldinger,meldinger,unknown,meldinger,wordfreq:nb,wordfreq_seeded;deterministically_filtered;structurally_curated
nb,v1,3,2686,2715,mexico,mexico,mexico,unknown,mexico,wordfreq:nb,wordfreq_seeded;deterministically_filtered;structurally_curated
nb,v1,3,2687,2716,mnd,mnd,mnd,unknown,mnd,wordfreq:nb,wordfreq_seeded;deterministically_filtered;structurally_curated
nb,v1,3,2688,2717,motivasjon,motivasjon,motivasjon,unknown,motivasjon,wordfreq:nb,wordfreq_seeded;deterministically_filtered;structurally_curated
nb,v1,3,2689,2718,munnen,munnen,munnen,unknown,munnen,wordfreq:nb,wordfreq_seeded;deterministically_filtered;structurally_curated
nb,v1,3,2690,2719,narkotika,narkotika,narkotika,unknown,narkotika,wordfreq:nb,wordfreq_seeded;deterministically_filtered;structurally_curated
nb,v1,3,2691,2720,naturlige,naturlige,naturlige,unknown,naturlige,wordfreq:nb,wordfreq_seeded;deterministically_filtered;structurally_curated
nb,v1,3,2692,2721,nettside,nettside,nettside,unknown,nettside,wordfreq:nb,wordfreq_seeded;deterministically_filtered;structurally_curated
nb,v1,3,2693,2722,polen,polen,polen,unknown,polen,wordfreq:nb,wordfreq_seeded;deterministically_filtered;structurally_curated
nb,v1,3,2694,2723,politiets,politiets,politiets,unknown,politiets,wordfreq:nb,wordfreq_seeded;deterministically_filtered;structurally_curated
nb,v1,3,2695,2724,primært,primært,primært,unknown,primært,wordfreq:nb,wordfreq_seeded;deterministically_filtered;structurally_curated
nb,v1,3,2696,2725,psykiske,psykiske,psykiske,unknown,psykiske,wordfreq:nb,wordfreq_seeded;deterministically_filtered;structurally_curated
nb,v1,3,2697,2726,rogaland,rogaland,rogaland,unknown,rogaland,wordfreq:nb,wordfreq_seeded;deterministically_filtered;structurally_curated
nb,v1,3,2698,2727,sort,sort,sort,unknown,sort,wordfreq:nb,wordfreq_seeded;deterministically_filtered;structurally_curated
nb,v1,3,2699,2728,stolte,stolte,stolte,unknown,stolte,wordfreq:nb,wordfreq_seeded;deterministically_filtered;structurally_curated
nb,v1,3,2700,2729,straffe,straffe,straffe,unknown,straffe,wordfreq:nb,wordfreq_seeded;deterministically_filtered;structurally_curated
nb,v1,3,2701,2730,stykke,stykke,stykke,unknown,stykke,wordfreq:nb,wordfreq_seeded;deterministically_filtered;structurally_curated
nb,v1,3,2702,2731,takker,takker,takker,unknown,takker,wordfreq:nb,wordfreq_seeded;deterministically_filtered;structurally_curated
nb,v1,3,2703,2732,totale,totale,totale,unknown,totale,wordfreq:nb,wordfreq_seeded;deterministically_filtered;structurally_curated
nb,v1,3,2704,2733,venstresiden,venstresiden,venstresiden,unknown,venstresiden,wordfreq:nb,wordfreq_seeded;deterministically_filtered;structurally_curated
nb,v1,3,2705,2734,verktøy,verktøy,verktøy,unknown,verktøy,wordfreq:nb,wordfreq_seeded;deterministically_filtered;structurally_curated
nb,v1,3,2706,2735,årsak,årsak,årsak,unknown,årsak,wordfreq:nb,wordfreq_seeded;deterministically_filtered;structurally_curated
nb,v1,3,2707,2736,aktører,aktører,aktører,unknown,aktører,wordfreq:nb,wordfreq_seeded;deterministically_filtered;structurally_curated
nb,v1,3,2708,2737,angående,angående,angående,unknown,angående,wordfreq:nb,wordfreq_seeded;deterministically_filtered;structurally_curated
nb,v1,3,2709,2738,beskrive,beskrive,beskrive,unknown,beskrive,wordfreq:nb,wordfreq_seeded;deterministically_filtered;structurally_curated
nb,v1,3,2710,2739,bestille,bestille,bestille,unknown,bestille,wordfreq:nb,wordfreq_seeded;deterministically_filtered;structurally_curated
nb,v1,3,2711,2740,bill,bill,bill,unknown,bill,wordfreq:nb,wordfreq_seeded;deterministically_filtered;structurally_curated
nb,v1,3,2712,2741,bla,bla,bla,unknown,bla,wordfreq:nb,wordfreq_seeded;deterministically_filtered;structurally_curated
nb,v1,3,2713,2742,bodd,bodd,bodd,unknown,bodd,wordfreq:nb,wordfreq_seeded;deterministically_filtered;structurally_curated
nb,v1,3,2714,2743,bygningen,bygningen,bygningen,unknown,bygningen,wordfreq:nb,wordfreq_seeded;deterministically_filtered;structurally_curated
nb,v1,3,2715,2744,canada,canada,canada,unknown,canada,wordfreq:nb,wordfreq_seeded;deterministically_filtered;structurally_curated
nb,v1,3,2716,2745,deltakere,deltakere,deltakere,unknown,deltakere,wordfreq:nb,wordfreq_seeded;deterministically_filtered;structurally_curated
nb,v1,3,2717,2746,døren,døren,døren,unknown,døren,wordfreq:nb,wordfreq_seeded;deterministically_filtered;structurally_curated
nb,v1,3,2718,2748,eid,eid,eid,unknown,eid,wordfreq:nb,wordfreq_seeded;deterministically_filtered;structurally_curated
nb,v1,3,2719,2749,eksempelvis,eksempelvis,eksempelvis,unknown,eksempelvis,wordfreq:nb,wordfreq_seeded;deterministically_filtered;structurally_curated
nb,v1,3,2720,2750,enorm,enorm,enorm,unknown,enorm,wordfreq:nb,wordfreq_seeded;deterministically_filtered;structurally_curated
nb,v1,3,2721,2751,erfaringer,erfaringer,erfaringer,unknown,erfaringer,wordfreq:nb,wordfreq_seeded;deterministically_filtered;structurally_curated
nb,v1,3,2722,2752,feire,feire,feire,unknown,feire,wordfreq:nb,wordfreq_seeded;deterministically_filtered;structurally_curated
nb,v1,3,2723,2753,forandre,forandre,forandre,unknown,forandre,wordfreq:nb,wordfreq_seeded;deterministically_filtered;structurally_curated
nb,v1,3,2724,2754,forbanna,forbanna,forbanna,unknown,forbanna,wordfreq:nb,wordfreq_seeded;deterministically_filtered;structurally_curated
nb,v1,3,2725,2755,fordelt,fordelt,fordelt,unknown,fordelt,wordfreq:nb,wordfreq_seeded;deterministically_filtered;structurally_curated
nb,v1,3,2726,2756,forhåpentligvis,forhåpentligvis,forhåpentligvis,unknown,forhåpentligvis,wordfreq:nb,wordfreq_seeded;deterministically_filtered;structurally_curated
nb,v1,3,2727,2757,frivillige,frivillige,frivillige,unknown,frivillige,wordfreq:nb,wordfreq_seeded;deterministically_filtered;structurally_curated
nb,v1,3,2728,2758,gjennomsnittlig,gjennomsnittlig,gjennomsnittlig,unknown,gjennomsnittlig,wordfreq:nb,wordfreq_seeded;deterministically_filtered;structurally_curated
nb,v1,3,2729,2759,gjester,gjester,gjester,unknown,gjester,wordfreq:nb,wordfreq_seeded;deterministically_filtered;structurally_curated
nb,v1,3,2730,2760,gule,gule,gule,unknown,gule,wordfreq:nb,wordfreq_seeded;deterministically_filtered;structurally_curated
nb,v1,3,2731,2761,hjulpet,hjulpet,hjulpet,unknown,hjulpet,wordfreq:nb,wordfreq_seeded;deterministically_filtered;structurally_curated
nb,v1,3,2732,2762,institutt,institutt,institutt,unknown,institutt,wordfreq:nb,wordfreq_seeded;deterministically_filtered;structurally_curated
nb,v1,3,2733,2763,intet,intet,intet,unknown,intet,wordfreq:nb,wordfreq_seeded;deterministically_filtered;structurally_curated
nb,v1,3,2734,2764,jones,jones,jones,unknown,jones,wordfreq:nb,wordfreq_seeded;deterministically_filtered;structurally_curated
nb,v1,3,2735,2765,kjøretøy,kjøretøy,kjøretøy,unknown,kjøretøy,wordfreq:nb,wordfreq_seeded;deterministically_filtered;structurally_curated
nb,v1,3,2736,2766,kona,kona,kona,unknown,kona,wordfreq:nb,wordfreq_seeded;deterministically_filtered;structurally_curated
nb,v1,3,2737,2767,kortere,kortere,kortere,unknown,kortere,wordfreq:nb,wordfreq_seeded;deterministically_filtered;structurally_curated
nb,v1,3,2738,2768,kunde,kunde,kunde,unknown,kunde,wordfreq:nb,wordfreq_seeded;deterministically_filtered;structurally_curated
nb,v1,3,2739,2769,levde,levde,levde,unknown,levde,wordfreq:nb,wordfreq_seeded;deterministically_filtered;structurally_curated
nb,v1,3,2740,2770,link,link,link,unknown,link,wordfreq:nb,wordfreq_seeded;deterministically_filtered;structurally_curated
nb,v1,3,2741,2771,markedsføring,markedsføring,markedsføring,unknown,markedsføring,wordfreq:nb,wordfreq_seeded;deterministically_filtered;structurally_curated
nb,v1,3,2742,2772,melk,melk,melk,unknown,melk,wordfreq:nb,wordfreq_seeded;deterministically_filtered;structurally_curated
nb,v1,3,2743,2773,mil,mil,mil,unknown,mil,wordfreq:nb,wordfreq_seeded;deterministically_filtered;structurally_curated
nb,v1,3,2744,2774,militære,militære,militære,unknown,militære,wordfreq:nb,wordfreq_seeded;deterministically_filtered;structurally_curated
nb,v1,3,2745,2775,morten,morten,morten,unknown,morten,wordfreq:nb,wordfreq_seeded;deterministically_filtered;structurally_curated
nb,v1,3,2746,2776,moss,moss,moss,unknown,moss,wordfreq:nb,wordfreq_seeded;deterministically_filtered;structurally_curated
nb,v1,3,2747,2777,nato,nato,nato,unknown,nato,wordfreq:nb,wordfreq_seeded;deterministically_filtered;structurally_curated
nb,v1,3,2748,2778,nordiske,nordiske,nordiske,unknown,nordiske,wordfreq:nb,wordfreq_seeded;deterministically_filtered;structurally_curated
nb,v1,3,2749,2779,oh,oh,oh,unknown,oh,wordfreq:nb,wordfreq_seeded;deterministically_filtered;structurally_curated
nb,v1,3,2750,2780,operasjon,operasjon,operasjon,unknown,operasjon,wordfreq:nb,wordfreq_seeded;deterministically_filtered;structurally_curated
nb,v1,3,2751,2781,oppi,oppi,oppi,unknown,oppi,wordfreq:nb,wordfreq_seeded;deterministically_filtered;structurally_curated
nb,v1,3,2752,2782,opplæring,opplæring,opplæring,unknown,opplæring,wordfreq:nb,wordfreq_seeded;deterministically_filtered;structurally_curated
nb,v1,3,2753,2783,ordfører,ordfører,ordfører,unknown,ordfører,wordfreq:nb,wordfreq_seeded;deterministically_filtered;structurally_curated
nb,v1,3,2754,2784,peker,peker,peker,unknown,peker,wordfreq:nb,wordfreq_seeded;deterministically_filtered;structurally_curated
nb,v1,3,2755,2785,perfekte,perfekte,perfekte,unknown,perfekte,wordfreq:nb,wordfreq_seeded;deterministically_filtered;structurally_curated
nb,v1,3,2756,2786,perspektiv,perspektiv,perspektiv,unknown,perspektiv,wordfreq:nb,wordfreq_seeded;deterministically_filtered;structurally_curated
nb,v1,3,2757,2787,premier,premier,premier,unknown,premier,wordfreq:nb,wordfreq_seeded;deterministically_filtered;structurally_curated
nb,v1,3,2758,2788,regjeringens,regjeringens,regjeringens,unknown,regjeringens,wordfreq:nb,wordfreq_seeded;deterministically_filtered;structurally_curated
nb,v1,3,2759,2789,ræva,ræva,ræva,unknown,ræva,wordfreq:nb,wordfreq_seeded;deterministically_filtered;structurally_curated
nb,v1,3,2760,2790,sendes,sendes,sendes,unknown,sendes,wordfreq:nb,wordfreq_seeded;deterministically_filtered;structurally_curated
nb,v1,3,2761,2791,sjøen,sjøen,sjøen,unknown,sjøen,wordfreq:nb,wordfreq_seeded;deterministically_filtered;structurally_curated
nb,v1,3,2762,2792,skriv,skriv,skriv,unknown,skriv,wordfreq:nb,wordfreq_seeded;deterministically_filtered;structurally_curated
nb,v1,3,2763,2793,studio,studio,studio,unknown,studio,wordfreq:nb,wordfreq_seeded;deterministically_filtered;structurally_curated
nb,v1,3,2764,2794,teste,teste,teste,unknown,teste,wordfreq:nb,wordfreq_seeded;deterministically_filtered;structurally_curated
nb,v1,3,2765,2795,tore,tore,tore,unknown,tore,wordfreq:nb,wordfreq_seeded;deterministically_filtered;structurally_curated
nb,v1,3,2766,2796,trussel,trussel,trussel,unknown,trussel,wordfreq:nb,wordfreq_seeded;deterministically_filtered;structurally_curated
nb,v1,3,2767,2797,tviler,tviler,tviler,unknown,tviler,wordfreq:nb,wordfreq_seeded;deterministically_filtered;structurally_curated
nb,v1,3,2768,2798,varierer,varierer,varierer,unknown,varierer,wordfreq:nb,wordfreq_seeded;deterministically_filtered;structurally_curated
nb,v1,3,2769,2799,y,y,y,unknown,y,wordfreq:nb,wordfreq_seeded;deterministically_filtered;structurally_curated
nb,v1,3,2770,2800,øverste,øverste,øverste,unknown,øverste,wordfreq:nb,wordfreq_seeded;deterministically_filtered;structurally_curated
nb,v1,3,2771,2802,anlegget,anlegget,anlegget,unknown,anlegget,wordfreq:nb,wordfreq_seeded;deterministically_filtered;structurally_curated
nb,v1,3,2772,2803,appen,appen,appen,unknown,appen,wordfreq:nb,wordfreq_seeded;deterministically_filtered;structurally_curated
nb,v1,3,2773,2804,arena,arena,arena,unknown,arena,wordfreq:nb,wordfreq_seeded;deterministically_filtered;structurally_curated
nb,v1,3,2774,2805,avgjøre,avgjøre,avgjøre,unknown,avgjøre,wordfreq:nb,wordfreq_seeded;deterministically_filtered;structurally_curated
nb,v1,3,2775,2806,betalte,betalte,betalte,unknown,betalte,wordfreq:nb,wordfreq_seeded;deterministically_filtered;structurally_curated
nb,v1,3,2776,2807,bevegelse,bevegelse,bevegelse,unknown,bevegelse,wordfreq:nb,wordfreq_seeded;deterministically_filtered;structurally_curated
nb,v1,3,2777,2808,beveger,beveger,beveger,unknown,beveger,wordfreq:nb,wordfreq_seeded;deterministically_filtered;structurally_curated
nb,v1,3,2778,2809,blåser,blåser,blåser,unknown,blåser,wordfreq:nb,wordfreq_seeded;deterministically_filtered;structurally_curated
nb,v1,3,2779,2810,brenner,brenner,brenner,unknown,brenner,wordfreq:nb,wordfreq_seeded;deterministically_filtered;structurally_curated
nb,v1,3,2780,2811,brødrene,brødrene,brødrene,unknown,brødrene,wordfreq:nb,wordfreq_seeded;deterministically_filtered;structurally_curated
nb,v1,3,2781,2812,buskerud,buskerud,buskerud,unknown,buskerud,wordfreq:nb,wordfreq_seeded;deterministically_filtered;structurally_curated
nb,v1,3,2782,2813,bygda,bygda,bygda,unknown,bygda,wordfreq:nb,wordfreq_seeded;deterministically_filtered;structurally_curated
nb,v1,3,2783,2814,chris,chris,chris,unknown,chris,wordfreq:nb,wordfreq_seeded;deterministically_filtered;structurally_curated
nb,v1,3,2784,2815,college,college,college,unknown,college,wordfreq:nb,wordfreq_seeded;deterministically_filtered;structurally_curated
nb,v1,3,2785,2816,detaljer,detaljer,detaljer,unknown,detaljer,wordfreq:nb,wordfreq_seeded;deterministically_filtered;structurally_curated
nb,v1,3,2786,2817,eldste,eldste,eldste,unknown,eldste,wordfreq:nb,wordfreq_seeded;deterministically_filtered;structurally_curated
nb,v1,3,2787,2818,elendig,elendig,elendig,unknown,elendig,wordfreq:nb,wordfreq_seeded;deterministically_filtered;structurally_curated
nb,v1,3,2788,2819,enhet,enhet,enhet,unknown,enhet,wordfreq:nb,wordfreq_seeded;deterministically_filtered;structurally_curated
nb,v1,3,2789,2820,evner,evner,evner,unknown,evner,wordfreq:nb,wordfreq_seeded;deterministically_filtered;structurally_curated
nb,v1,3,2790,2821,farlige,farlige,farlige,unknown,farlige,wordfreq:nb,wordfreq_seeded;deterministically_filtered;structurally_curated
nb,v1,3,2791,2822,fyller,fyller,fyller,unknown,fyller,wordfreq:nb,wordfreq_seeded;deterministically_filtered;structurally_curated
nb,v1,3,2792,2823,fylt,fylt,fylt,unknown,fylt,wordfreq:nb,wordfreq_seeded;deterministically_filtered;structurally_curated
nb,v1,3,2793,2824,hat,hat,hat,unknown,hat,wordfreq:nb,wordfreq_seeded;deterministically_filtered;structurally_curated
nb,v1,3,2794,2825,ii,ii,ii,unknown,ii,wordfreq:nb,wordfreq_seeded;deterministically_filtered;structurally_curated
nb,v1,3,2795,2826,innvandrere,innvandrere,innvandrere,unknown,innvandrere,wordfreq:nb,wordfreq_seeded;deterministically_filtered;structurally_curated
nb,v1,3,2796,2827,intervjuet,intervjuet,intervjuet,unknown,intervjuet,wordfreq:nb,wordfreq_seeded;deterministically_filtered;structurally_curated
nb,v1,3,2797,2828,kombinasjon,kombinasjon,kombinasjon,unknown,kombinasjon,wordfreq:nb,wordfreq_seeded;deterministically_filtered;structurally_curated
nb,v1,3,2798,2829,kompis,kompis,kompis,unknown,kompis,wordfreq:nb,wordfreq_seeded;deterministically_filtered;structurally_curated
nb,v1,3,2799,2830,komplisert,komplisert,komplisert,unknown,komplisert,wordfreq:nb,wordfreq_seeded;deterministically_filtered;structurally_curated
nb,v1,3,2800,2831,kriminelle,kriminelle,kriminelle,unknown,kriminelle,wordfreq:nb,wordfreq_seeded;deterministically_filtered;structurally_curated
nb,v1,3,2801,2832,kvinners,kvinners,kvinners,unknown,kvinners,wordfreq:nb,wordfreq_seeded;deterministically_filtered;structurally_curated
nb,v1,3,2802,2833,magen,magen,magen,unknown,magen,wordfreq:nb,wordfreq_seeded;deterministically_filtered;structurally_curated
nb,v1,3,2803,2834,meningen,meningen,meningen,unknown,meningen,wordfreq:nb,wordfreq_seeded;deterministically_filtered;structurally_curated
nb,v1,3,2804,2835,metode,metode,metode,unknown,metode,wordfreq:nb,wordfreq_seeded;deterministically_filtered;structurally_curated
nb,v1,3,2805,2836,metoder,metoder,metoder,unknown,metoder,wordfreq:nb,wordfreq_seeded;deterministically_filtered;structurally_curated
nb,v1,3,2806,2837,nasjonalt,nasjonalt,nasjonalt,unknown,nasjonalt,wordfreq:nb,wordfreq_seeded;deterministically_filtered;structurally_curated
nb,v1,3,2807,2838,nivået,nivået,nivået,unknown,nivået,wordfreq:nb,wordfreq_seeded;deterministically_filtered;structurally_curated
nb,v1,3,2808,2839,offisielle,offisielle,offisielle,unknown,offisielle,wordfreq:nb,wordfreq_seeded;deterministically_filtered;structurally_curated
nb,v1,3,2809,2840,omtale,omtale,omtale,unknown,omtale,wordfreq:nb,wordfreq_seeded;deterministically_filtered;structurally_curated
nb,v1,3,2810,2841,prinsippet,prinsippet,prinsippet,unknown,prinsippet,wordfreq:nb,wordfreq_seeded;deterministically_filtered;structurally_curated
nb,v1,3,2811,2842,risikoen,risikoen,risikoen,unknown,risikoen,wordfreq:nb,wordfreq_seeded;deterministically_filtered;structurally_curated
nb,v1,3,2812,2843,rydde,rydde,rydde,unknown,rydde,wordfreq:nb,wordfreq_seeded;deterministically_filtered;structurally_curated
nb,v1,3,2813,2844,samtaler,samtaler,samtaler,unknown,samtaler,wordfreq:nb,wordfreq_seeded;deterministically_filtered;structurally_curated
nb,v1,3,2814,2845,skog,skog,skog,unknown,skog,wordfreq:nb,wordfreq_seeded;deterministically_filtered;structurally_curated
nb,v1,3,2815,2846,sms,sms,sms,unknown,sms,wordfreq:nb,wordfreq_seeded;deterministically_filtered;structurally_curated
nb,v1,3,2816,2847,stoff,stoff,stoff,unknown,stoff,wordfreq:nb,wordfreq_seeded;deterministically_filtered;structurally_curated
nb,v1,3,2817,2848,street,street,street,unknown,street,wordfreq:nb,wordfreq_seeded;deterministically_filtered;structurally_curated
nb,v1,3,2818,2849,stress,stress,stress,unknown,stress,wordfreq:nb,wordfreq_seeded;deterministically_filtered;structurally_curated
nb,v1,3,2819,2850,såkalt,såkalt,såkalt,unknown,såkalt,wordfreq:nb,wordfreq_seeded;deterministically_filtered;structurally_curated
nb,v1,3,2820,2851,telemark,telemark,telemark,unknown,telemark,wordfreq:nb,wordfreq_seeded;deterministically_filtered;structurally_curated
nb,v1,3,2821,2852,tilbudet,tilbudet,tilbudet,unknown,tilbudet,wordfreq:nb,wordfreq_seeded;deterministically_filtered;structurally_curated
nb,v1,3,2822,2853,tilstrekkelig,tilstrekkelig,tilstrekkelig,unknown,tilstrekkelig,wordfreq:nb,wordfreq_seeded;deterministically_filtered;structurally_curated
nb,v1,3,2823,2854,vennen,vennen,vennen,unknown,vennen,wordfreq:nb,wordfreq_seeded;deterministically_filtered;structurally_curated
nb,v1,3,2824,2855,we,we,we,unknown,we,wordfreq:nb,wordfreq_seeded;deterministically_filtered;structurally_curated
nb,v1,3,2825,2856,what,what,what,unknown,what,wordfreq:nb,wordfreq_seeded;deterministically_filtered;structurally_curated
nb,v1,3,2826,2858,alderen,alderen,alderen,unknown,alderen,wordfreq:nb,wordfreq_seeded;deterministically_filtered;structurally_curated
nb,v1,3,2827,2859,anbefales,anbefales,anbefales,unknown,anbefales,wordfreq:nb,wordfreq_seeded;deterministically_filtered;structurally_curated
nb,v1,3,2828,2860,anlegg,anlegg,anlegg,unknown,anlegg,wordfreq:nb,wordfreq_seeded;deterministically_filtered;structurally_curated
nb,v1,3,2829,2861,bred,bred,bred,unknown,bred,wordfreq:nb,wordfreq_seeded;deterministically_filtered;structurally_curated
nb,v1,3,2830,2862,bønder,bønder,bønder,unknown,bønder,wordfreq:nb,wordfreq_seeded;deterministically_filtered;structurally_curated
nb,v1,3,2831,2863,egenskaper,egenskaper,egenskaper,unknown,egenskaper,wordfreq:nb,wordfreq_seeded;deterministically_filtered;structurally_curated
nb,v1,3,2832,2864,eksisterende,eksisterende,eksisterende,unknown,eksisterende,wordfreq:nb,wordfreq_seeded;deterministically_filtered;structurally_curated
nb,v1,3,2833,2865,erstatning,erstatning,erstatning,unknown,erstatning,wordfreq:nb,wordfreq_seeded;deterministically_filtered;structurally_curated
nb,v1,3,2834,2866,fan,fan,fan,unknown,fan,wordfreq:nb,wordfreq_seeded;deterministically_filtered;structurally_curated
nb,v1,3,2835,2867,faste,faste,faste,unknown,faste,wordfreq:nb,wordfreq_seeded;deterministically_filtered;structurally_curated
nb,v1,3,2836,2868,favoritt,favoritt,favoritt,unknown,favoritt,wordfreq:nb,wordfreq_seeded;deterministically_filtered;structurally_curated
nb,v1,3,2837,2869,firmaet,firmaet,firmaet,unknown,firmaet,wordfreq:nb,wordfreq_seeded;deterministically_filtered;structurally_curated
nb,v1,3,2838,2870,fns,fns,fns,unknown,fns,wordfreq:nb,wordfreq_seeded;deterministically_filtered;structurally_curated
nb,v1,3,2839,2871,folkene,folkene,folkene,unknown,folkene,wordfreq:nb,wordfreq_seeded;deterministically_filtered;structurally_curated
nb,v1,3,2840,2872,fremmede,fremmede,fremmede,unknown,fremmede,wordfreq:nb,wordfreq_seeded;deterministically_filtered;structurally_curated
nb,v1,3,2841,2873,frykter,frykter,frykter,unknown,frykter,wordfreq:nb,wordfreq_seeded;deterministically_filtered;structurally_curated
nb,v1,3,2842,2874,grå,grå,grå,unknown,grå,wordfreq:nb,wordfreq_seeded;deterministically_filtered;structurally_curated
nb,v1,3,2843,2875,gunnar,gunnar,gunnar,unknown,gunnar,wordfreq:nb,wordfreq_seeded;deterministically_filtered;structurally_curated
nb,v1,3,2844,2876,halvt,halvt,halvt,unknown,halvt,wordfreq:nb,wordfreq_seeded;deterministically_filtered;structurally_curated
nb,v1,3,2845,2877,harde,harde,harde,unknown,harde,wordfreq:nb,wordfreq_seeded;deterministically_filtered;structurally_curated
nb,v1,3,2846,2878,hopp,hopp,hopp,unknown,hopp,wordfreq:nb,wordfreq_seeded;deterministically_filtered;structurally_curated
nb,v1,3,2847,2880,hær,hær,hær,unknown,hær,wordfreq:nb,wordfreq_seeded;deterministically_filtered;structurally_curated
nb,v1,3,2848,2881,junior,junior,junior,unknown,junior,wordfreq:nb,wordfreq_seeded;deterministically_filtered;structurally_curated
nb,v1,3,2849,2882,juridisk,juridisk,juridisk,unknown,juridisk,wordfreq:nb,wordfreq_seeded;deterministically_filtered;structurally_curated
nb,v1,3,2850,2883,lederen,lederen,lederen,unknown,lederen,wordfreq:nb,wordfreq_seeded;deterministically_filtered;structurally_curated
nb,v1,3,2851,2884,leiligheten,leiligheten,leiligheten,unknown,leiligheten,wordfreq:nb,wordfreq_seeded;deterministically_filtered;structurally_curated
nb,v1,3,2852,2885,luften,luften,luften,unknown,luften,wordfreq:nb,wordfreq_seeded;deterministically_filtered;structurally_curated
nb,v1,3,2853,2886,lurte,lurte,lurte,unknown,lurte,wordfreq:nb,wordfreq_seeded;deterministically_filtered;structurally_curated
nb,v1,3,2854,2887,lyden,lyden,lyden,unknown,lyden,wordfreq:nb,wordfreq_seeded;deterministically_filtered;structurally_curated
nb,v1,3,2855,2888,mdg,mdg,mdg,unknown,mdg,wordfreq:nb,wordfreq_seeded;deterministically_filtered;structurally_curated
nb,v1,3,2856,2889,mottar,mottar,mottar,unknown,mottar,wordfreq:nb,wordfreq_seeded;deterministically_filtered;structurally_curated
nb,v1,3,2857,2890,mørkt,mørkt,mørkt,unknown,mørkt,wordfreq:nb,wordfreq_seeded;deterministically_filtered;structurally_curated
nb,v1,3,2858,2891,nyere,nyere,nyere,unknown,nyere,wordfreq:nb,wordfreq_seeded;deterministically_filtered;structurally_curated
nb,v1,3,2859,2892,nyhetene,nyhetene,nyhetene,unknown,nyhetene,wordfreq:nb,wordfreq_seeded;deterministically_filtered;structurally_curated
nb,v1,3,2860,2893,offer,offer,offer,unknown,offer,wordfreq:nb,wordfreq_seeded;deterministically_filtered;structurally_curated
nb,v1,3,2861,2894,offisielt,offisielt,offisielt,unknown,offisielt,wordfreq:nb,wordfreq_seeded;deterministically_filtered;structurally_curated
nb,v1,3,2862,2895,plast,plast,plast,unknown,plast,wordfreq:nb,wordfreq_seeded;deterministically_filtered;structurally_curated
nb,v1,3,2863,2896,pressen,pressen,pressen,unknown,pressen,wordfreq:nb,wordfreq_seeded;deterministically_filtered;structurally_curated
nb,v1,3,2864,2897,produserer,produserer,produserer,unknown,produserer,wordfreq:nb,wordfreq_seeded;deterministically_filtered;structurally_curated
nb,v1,3,2865,2898,pupper,pupper,pupper,unknown,pupper,wordfreq:nb,wordfreq_seeded;deterministically_filtered;structurally_curated
nb,v1,3,2866,2899,reaksjon,reaksjon,reaksjon,unknown,reaksjon,wordfreq:nb,wordfreq_seeded;deterministically_filtered;structurally_curated
nb,v1,3,2867,2900,reaksjoner,reaksjoner,reaksjoner,unknown,reaksjoner,wordfreq:nb,wordfreq_seeded;deterministically_filtered;structurally_curated
nb,v1,3,2868,2901,resultatene,resultatene,resultatene,unknown,resultatene,wordfreq:nb,wordfreq_seeded;deterministically_filtered;structurally_curated
nb,v1,3,2869,2902,richard,richard,richard,unknown,richard,wordfreq:nb,wordfreq_seeded;deterministically_filtered;structurally_curated
nb,v1,3,2870,2903,rollen,rollen,rollen,unknown,rollen,wordfreq:nb,wordfreq_seeded;deterministically_filtered;structurally_curated
nb,v1,3,2871,2904,røyk,røyk,røyk,unknown,røyk,wordfreq:nb,wordfreq_seeded;deterministically_filtered;structurally_curated
nb,v1,3,2872,2905,sanger,sanger,sanger,unknown,sanger,wordfreq:nb,wordfreq_seeded;deterministically_filtered;structurally_curated
nb,v1,3,2873,2906,seieren,seieren,seieren,unknown,seieren,wordfreq:nb,wordfreq_seeded;deterministically_filtered;structurally_curated
nb,v1,3,2874,2907,seksuell,seksuell,seksuell,unknown,seksuell,wordfreq:nb,wordfreq_seeded;deterministically_filtered;structurally_curated
nb,v1,3,2875,2908,singel,singel,singel,unknown,singel,wordfreq:nb,wordfreq_seeded;deterministically_filtered;structurally_curated
nb,v1,3,2876,2909,stemmen,stemmen,stemmen,unknown,stemmen,wordfreq:nb,wordfreq_seeded;deterministically_filtered;structurally_curated
nb,v1,3,2877,2910,stillingen,stillingen,stillingen,unknown,stillingen,wordfreq:nb,wordfreq_seeded;deterministically_filtered;structurally_curated
nb,v1,3,2878,2911,synger,synger,synger,unknown,synger,wordfreq:nb,wordfreq_seeded;deterministically_filtered;structurally_curated
nb,v1,3,2879,2912,total,total,total,unknown,total,wordfreq:nb,wordfreq_seeded;deterministically_filtered;structurally_curated
nb,v1,3,2880,2913,trykke,trykke,trykke,unknown,trykke,wordfreq:nb,wordfreq_seeded;deterministically_filtered;structurally_curated
nb,v1,3,2881,2914,tøft,tøft,tøft,unknown,tøft,wordfreq:nb,wordfreq_seeded;deterministically_filtered;structurally_curated
nb,v1,3,2882,2915,utøvere,utøvere,utøvere,unknown,utøvere,wordfreq:nb,wordfreq_seeded;deterministically_filtered;structurally_curated
nb,v1,3,2883,2916,versjonen,versjonen,versjonen,unknown,versjonen,wordfreq:nb,wordfreq_seeded;deterministically_filtered;structurally_curated
nb,v1,3,2884,2917,bandet,bandet,bandet,unknown,bandet,wordfreq:nb,wordfreq_seeded;deterministically_filtered;structurally_curated
nb,v1,3,2885,2918,barcelona,barcelona,barcelona,unknown,barcelona,wordfreq:nb,wordfreq_seeded;deterministically_filtered;structurally_curated
nb,v1,3,2886,2919,behovet,behovet,behovet,unknown,behovet,wordfreq:nb,wordfreq_seeded;deterministically_filtered;structurally_curated
nb,v1,3,2887,2920,berlin,berlin,berlin,unknown,berlin,wordfreq:nb,wordfreq_seeded;deterministically_filtered;structurally_curated
nb,v1,3,2888,2921,besøkte,besøkte,besøkte,unknown,besøkte,wordfreq:nb,wordfreq_seeded;deterministically_filtered;structurally_curated
nb,v1,3,2889,2922,california,california,california,unknown,california,wordfreq:nb,wordfreq_seeded;deterministically_filtered;structurally_curated
nb,v1,3,2890,2923,datteren,datteren,datteren,unknown,datteren,wordfreq:nb,wordfreq_seeded;deterministically_filtered;structurally_curated
nb,v1,3,2891,2924,etnisk,etnisk,etnisk,unknown,etnisk,wordfreq:nb,wordfreq_seeded;deterministically_filtered;structurally_curated
nb,v1,3,2892,2925,falsk,falsk,falsk,unknown,falsk,wordfreq:nb,wordfreq_seeded;deterministically_filtered;structurally_curated
nb,v1,3,2893,2926,farger,farger,farger,unknown,farger,wordfreq:nb,wordfreq_seeded;deterministically_filtered;structurally_curated
nb,v1,3,2894,2927,feks,feks,feks,unknown,feks,wordfreq:nb,wordfreq_seeded;deterministically_filtered;structurally_curated
nb,v1,3,2895,2928,filmene,filmene,filmene,unknown,filmene,wordfreq:nb,wordfreq_seeded;deterministically_filtered;structurally_curated
nb,v1,3,2896,2929,fingrene,fingrene,fingrene,unknown,fingrene,wordfreq:nb,wordfreq_seeded;deterministically_filtered;structurally_curated
nb,v1,3,2897,2930,fiske,fiske,fiske,unknown,fiske,wordfreq:nb,wordfreq_seeded;deterministically_filtered;structurally_curated
nb,v1,3,2898,2931,flykte,flykte,flykte,unknown,flykte,wordfreq:nb,wordfreq_seeded;deterministically_filtered;structurally_curated
nb,v1,3,2899,2932,forfatteren,forfatteren,forfatteren,unknown,forfatteren,wordfreq:nb,wordfreq_seeded;deterministically_filtered;structurally_curated
nb,v1,3,2900,2933,gal,gal,gal,unknown,gal,wordfreq:nb,wordfreq_seeded;deterministically_filtered;structurally_curated
nb,v1,3,2901,2934,gaten,gaten,gaten,unknown,gaten,wordfreq:nb,wordfreq_seeded;deterministically_filtered;structurally_curated
nb,v1,3,2902,2935,gradvis,gradvis,gradvis,unknown,gradvis,wordfreq:nb,wordfreq_seeded;deterministically_filtered;structurally_curated
nb,v1,3,2903,2936,grundig,grundig,grundig,unknown,grundig,wordfreq:nb,wordfreq_seeded;deterministically_filtered;structurally_curated
nb,v1,3,2904,2937,grønt,grønt,grønt,unknown,grønt,wordfreq:nb,wordfreq_seeded;deterministically_filtered;structurally_curated
nb,v1,3,2905,2938,halsen,halsen,halsen,unknown,halsen,wordfreq:nb,wordfreq_seeded;deterministically_filtered;structurally_curated
nb,v1,3,2906,2939,hendene,hendene,hendene,unknown,hendene,wordfreq:nb,wordfreq_seeded;deterministically_filtered;structurally_curated
nb,v1,3,2907,2940,hot,hot,hot,unknown,hot,wordfreq:nb,wordfreq_seeded;deterministically_filtered;structurally_curated
nb,v1,3,2908,2941,høyest,høyest,høyest,unknown,høyest,wordfreq:nb,wordfreq_seeded;deterministically_filtered;structurally_curated
nb,v1,3,2909,2942,irak,irak,irak,unknown,irak,wordfreq:nb,wordfreq_seeded;deterministically_filtered;structurally_curated
nb,v1,3,2910,2943,karen,karen,karen,unknown,karen,wordfreq:nb,wordfreq_seeded;deterministically_filtered;structurally_curated
nb,v1,3,2911,2944,konkret,konkret,konkret,unknown,konkret,wordfreq:nb,wordfreq_seeded;deterministically_filtered;structurally_curated
nb,v1,3,2912,2945,kontoret,kontoret,kontoret,unknown,kontoret,wordfreq:nb,wordfreq_seeded;deterministically_filtered;structurally_curated
nb,v1,3,2913,2946,korea,korea,korea,unknown,korea,wordfreq:nb,wordfreq_seeded;deterministically_filtered;structurally_curated
nb,v1,3,2914,2947,larvik,larvik,larvik,unknown,larvik,wordfreq:nb,wordfreq_seeded;deterministically_filtered;structurally_curated
nb,v1,3,2915,2948,lillestrøm,lillestrøm,lillestrøm,unknown,lillestrøm,wordfreq:nb,wordfreq_seeded;deterministically_filtered;structurally_curated
nb,v1,3,2916,2949,lukket,lukket,lukket,unknown,lukket,wordfreq:nb,wordfreq_seeded;deterministically_filtered;structurally_curated
nb,v1,3,2917,2950,meldt,meldt,meldt,unknown,meldt,wordfreq:nb,wordfreq_seeded;deterministically_filtered;structurally_curated
nb,v1,3,2918,2951,mester,mester,mester,unknown,mester,wordfreq:nb,wordfreq_seeded;deterministically_filtered;structurally_curated
nb,v1,3,2919,2952,more,more,more,unknown,more,wordfreq:nb,wordfreq_seeded;deterministically_filtered;structurally_curated
nb,v1,3,2920,2953,muslimer,muslimer,muslimer,unknown,muslimer,wordfreq:nb,wordfreq_seeded;deterministically_filtered;structurally_curated
nb,v1,3,2921,2954,nettsiden,nettsiden,nettsiden,unknown,nettsiden,wordfreq:nb,wordfreq_seeded;deterministically_filtered;structurally_curated
nb,v1,3,2922,2955,nina,nina,nina,unknown,nina,wordfreq:nb,wordfreq_seeded;deterministically_filtered;structurally_curated
nb,v1,3,2923,2956,omtalt,omtalt,omtalt,unknown,omtalt,wordfreq:nb,wordfreq_seeded;deterministically_filtered;structurally_curated
nb,v1,3,2924,2957,oppførsel,oppførsel,oppførsel,unknown,oppførsel,wordfreq:nb,wordfreq_seeded;deterministically_filtered;structurally_curated
nb,v1,3,2925,2958,opplysninger,opplysninger,opplysninger,unknown,opplysninger,wordfreq:nb,wordfreq_seeded;deterministically_filtered;structurally_curated
nb,v1,3,2926,2959,oppover,oppover,oppover,unknown,oppover,wordfreq:nb,wordfreq_seeded;deterministically_filtered;structurally_curated
nb,v1,3,2927,2960,rasisme,rasisme,rasisme,unknown,rasisme,wordfreq:nb,wordfreq_seeded;deterministically_filtered;structurally_curated
nb,v1,3,2928,2961,samarbeide,samarbeide,samarbeide,unknown,samarbeide,wordfreq:nb,wordfreq_seeded;deterministically_filtered;structurally_curated
nb,v1,3,2929,2962,samler,samler,samler,unknown,samler,wordfreq:nb,wordfreq_seeded;deterministically_filtered;structurally_curated
nb,v1,3,2930,2963,senga,senga,senga,unknown,senga,wordfreq:nb,wordfreq_seeded;deterministically_filtered;structurally_curated
nb,v1,3,2931,2964,sluppet,sluppet,sluppet,unknown,sluppet,wordfreq:nb,wordfreq_seeded;deterministically_filtered;structurally_curated
nb,v1,3,2932,2965,so,so,so,unknown,so,wordfreq:nb,wordfreq_seeded;deterministically_filtered;structurally_curated
nb,v1,3,2933,2966,stikker,stikker,stikker,unknown,stikker,wordfreq:nb,wordfreq_seeded;deterministically_filtered;structurally_curated
nb,v1,3,2934,2967,svalbard,svalbard,svalbard,unknown,svalbard,wordfreq:nb,wordfreq_seeded;deterministically_filtered;structurally_curated
nb,v1,3,2935,2968,synge,synge,synge,unknown,synge,wordfreq:nb,wordfreq_seeded;deterministically_filtered;structurally_curated
nb,v1,3,2936,2969,sølv,sølv,sølv,unknown,sølv,wordfreq:nb,wordfreq_seeded;deterministically_filtered;structurally_curated
nb,v1,3,2937,2970,tildelt,tildelt,tildelt,unknown,tildelt,wordfreq:nb,wordfreq_seeded;deterministically_filtered;structurally_curated
nb,v1,3,2938,2971,titt,titt,titt,unknown,titt,wordfreq:nb,wordfreq_seeded;deterministically_filtered;structurally_curated
nb,v1,3,2939,2972,tittel,tittel,tittel,unknown,tittel,wordfreq:nb,wordfreq_seeded;deterministically_filtered;structurally_curated
nb,v1,3,2940,2974,twitter,twitter,twitter,unknown,twitter,wordfreq:nb,wordfreq_seeded;deterministically_filtered;structurally_curated
nb,v1,3,2941,2975,utdannet,utdannet,utdannet,unknown,utdannet,wordfreq:nb,wordfreq_seeded;deterministically_filtered;structurally_curated
nb,v1,3,2942,2976,utgitt,utgitt,utgitt,unknown,utgitt,wordfreq:nb,wordfreq_seeded;deterministically_filtered;structurally_curated
nb,v1,3,2943,2977,vits,vits,vits,unknown,vits,wordfreq:nb,wordfreq_seeded;deterministically_filtered;structurally_curated
nb,v1,3,2944,2978,washington,washington,washington,unknown,washington,wordfreq:nb,wordfreq_seeded;deterministically_filtered;structurally_curated
nb,v1,3,2945,2979,will,will,will,unknown,will,wordfreq:nb,wordfreq_seeded;deterministically_filtered;structurally_curated
nb,v1,3,2946,2980,æ,æ,æ,unknown,æ,wordfreq:nb,wordfreq_seeded;deterministically_filtered;structurally_curated
nb,v1,3,2947,2981,alternative,alternative,alternative,unknown,alternative,wordfreq:nb,wordfreq_seeded;deterministically_filtered;structurally_curated
nb,v1,3,2948,2982,angripe,angripe,angripe,unknown,angripe,wordfreq:nb,wordfreq_seeded;deterministically_filtered;structurally_curated
nb,v1,3,2949,2983,bevise,bevise,bevise,unknown,bevise,wordfreq:nb,wordfreq_seeded;deterministically_filtered;structurally_curated
nb,v1,3,2950,2984,bibelen,bibelen,bibelen,unknown,bibelen,wordfreq:nb,wordfreq_seeded;deterministically_filtered;structurally_curated
nb,v1,3,2951,2985,blogg,blogg,blogg,unknown,blogg,wordfreq:nb,wordfreq_seeded;deterministically_filtered;structurally_curated
nb,v1,3,2952,2986,brasil,brasil,brasil,unknown,brasil,wordfreq:nb,wordfreq_seeded;deterministically_filtered;structurally_curated
nb,v1,3,2953,2987,brun,brun,brun,unknown,brun,wordfreq:nb,wordfreq_seeded;deterministically_filtered;structurally_curated
nb,v1,3,2954,2988,engasjert,engasjert,engasjert,unknown,engasjert,wordfreq:nb,wordfreq_seeded;deterministically_filtered;structurally_curated
nb,v1,3,2955,2989,forsker,forsker,forsker,unknown,forsker,wordfreq:nb,wordfreq_seeded;deterministically_filtered;structurally_curated
nb,v1,3,2956,2990,frokost,frokost,frokost,unknown,frokost,wordfreq:nb,wordfreq_seeded;deterministically_filtered;structurally_curated
nb,v1,3,2957,2991,funn,funn,funn,unknown,funn,wordfreq:nb,wordfreq_seeded;deterministically_filtered;structurally_curated
nb,v1,3,2958,2992,good,good,good,unknown,good,wordfreq:nb,wordfreq_seeded;deterministically_filtered;structurally_curated
nb,v1,3,2959,2993,hen,hen,hen,unknown,hen,wordfreq:nb,wordfreq_seeded;deterministically_filtered;structurally_curated
nb,v1,3,2960,2994,house,house,house,unknown,house,wordfreq:nb,wordfreq_seeded;deterministically_filtered;structurally_curated
nb,v1,3,2961,2995,inntekter,inntekter,inntekter,unknown,inntekter,wordfreq:nb,wordfreq_seeded;deterministically_filtered;structurally_curated
nb,v1,3,2962,2996,jorda,jorda,jorda,unknown,jorda,wordfreq:nb,wordfreq_seeded;deterministically_filtered;structurally_curated
nb,v1,3,2963,2997,kari,kari,kari,unknown,kari,wordfreq:nb,wordfreq_seeded;deterministically_filtered;structurally_curated
nb,v1,3,2964,2998,karl,karl,karl,unknown,karl,wordfreq:nb,wordfreq_seeded;deterministically_filtered;structurally_curated
nb,v1,3,2965,2999,komplett,komplett,komplett,unknown,komplett,wordfreq:nb,wordfreq_seeded;deterministically_filtered;structurally_curated
nb,v1,3,2966,3000,konkrete,konkrete,konkrete,unknown,konkrete,wordfreq:nb,wordfreq_seeded;deterministically_filtered;structurally_curated
nb,v1,3,2967,3001,konstant,konstant,konstant,unknown,konstant,wordfreq:nb,wordfreq_seeded;deterministically_filtered;structurally_curated
nb,v1,3,2968,3002,koste,koste,koste,unknown,koste,wordfreq:nb,wordfreq_seeded;deterministically_filtered;structurally_curated
nb,v1,3,2969,3003,kreves,kreves,kreves,unknown,kreves,wordfreq:nb,wordfreq_seeded;deterministically_filtered;structurally_curated
nb,v1,3,2970,3004,kristian,kristian,kristian,unknown,kristian,wordfreq:nb,wordfreq_seeded;deterministically_filtered;structurally_curated
nb,v1,3,2971,3005,kritiske,kritiske,kritiske,unknown,kritiske,wordfreq:nb,wordfreq_seeded;deterministically_filtered;structurally_curated
nb,v1,3,2972,3006,kul,kul,kul,unknown,kul,wordfreq:nb,wordfreq_seeded;deterministically_filtered;structurally_curated
nb,v1,3,2973,3007,larsen,larsen,larsen,unknown,larsen,wordfreq:nb,wordfreq_seeded;deterministically_filtered;structurally_curated
nb,v1,3,2974,3008,latt,latt,latt,unknown,latt,wordfreq:nb,wordfreq_seeded;deterministically_filtered;structurally_curated
nb,v1,3,2975,3009,lol,lol,lol,unknown,lol,wordfreq:nb,wordfreq_seeded;deterministically_filtered;structurally_curated
nb,v1,3,2976,3010,lyve,lyve,lyve,unknown,lyve,wordfreq:nb,wordfreq_seeded;deterministically_filtered;structurally_curated
nb,v1,3,2977,3011,mary,mary,mary,unknown,mary,wordfreq:nb,wordfreq_seeded;deterministically_filtered;structurally_curated
nb,v1,3,2978,3012,medfører,medfører,medfører,unknown,medfører,wordfreq:nb,wordfreq_seeded;deterministically_filtered;structurally_curated
nb,v1,3,2979,3013,måle,måle,måle,unknown,måle,wordfreq:nb,wordfreq_seeded;deterministically_filtered;structurally_curated
nb,v1,3,2980,3014,naken,naken,naken,unknown,naken,wordfreq:nb,wordfreq_seeded;deterministically_filtered;structurally_curated
nb,v1,3,2981,3015,nasjon,nasjon,nasjon,unknown,nasjon,wordfreq:nb,wordfreq_seeded;deterministically_filtered;structurally_curated
nb,v1,3,2982,3016,news,news,news,unknown,news,wordfreq:nb,wordfreq_seeded;deterministically_filtered;structurally_curated
nb,v1,3,2983,3017,oppfordrer,oppfordrer,oppfordrer,unknown,oppfordrer,wordfreq:nb,wordfreq_seeded;deterministically_filtered;structurally_curated
nb,v1,3,2984,3018,reklame,reklame,reklame,unknown,reklame,wordfreq:nb,wordfreq_seeded;deterministically_filtered;structurally_curated
nb,v1,3,2985,3019,relatert,relatert,relatert,unknown,relatert,wordfreq:nb,wordfreq_seeded;deterministically_filtered;structurally_curated
nb,v1,3,2986,3020,satser,satser,satser,unknown,satser,wordfreq:nb,wordfreq_seeded;deterministically_filtered;structurally_curated
nb,v1,3,2987,3021,skien,skien,skien,unknown,skien,wordfreq:nb,wordfreq_seeded;deterministically_filtered;structurally_curated
nb,v1,3,2988,3022,skiftet,skiftet,skiftet,unknown,skiftet,wordfreq:nb,wordfreq_seeded;deterministically_filtered;structurally_curated
nb,v1,3,2989,3023,skjult,skjult,skjult,unknown,skjult,wordfreq:nb,wordfreq_seeded;deterministically_filtered;structurally_curated
nb,v1,3,2990,3024,smil,smil,smil,unknown,smil,wordfreq:nb,wordfreq_seeded;deterministically_filtered;structurally_curated
nb,v1,3,2991,3025,stede,stede,stede,unknown,stede,wordfreq:nb,wordfreq_seeded;deterministically_filtered;structurally_curated
nb,v1,3,2992,3026,strid,strid,strid,unknown,strid,wordfreq:nb,wordfreq_seeded;deterministically_filtered;structurally_curated
nb,v1,3,2993,3027,sulten,sulten,sulten,unknown,sulten,wordfreq:nb,wordfreq_seeded;deterministically_filtered;structurally_curated
nb,v1,3,2994,3028,systematisk,systematisk,systematisk,unknown,systematisk,wordfreq:nb,wordfreq_seeded;deterministically_filtered;structurally_curated
nb,v1,3,2995,3029,søvn,søvn,søvn,unknown,søvn,wordfreq:nb,wordfreq_seeded;deterministically_filtered;structurally_curated
nb,v1,3,2996,3030,tjenesten,tjenesten,tjenesten,unknown,tjenesten,wordfreq:nb,wordfreq_seeded;deterministically_filtered;structurally_curated
nb,v1,3,2997,3031,trives,trives,trives,unknown,trives,wordfreq:nb,wordfreq_seeded;deterministically_filtered;structurally_curated
nb,v1,3,2998,3032,tryggere,tryggere,tryggere,unknown,tryggere,wordfreq:nb,wordfreq_seeded;deterministically_filtered;structurally_curated
nb,v1,3,2999,3033,undersøke,undersøke,undersøke,unknown,undersøke,wordfreq:nb,wordfreq_seeded;deterministically_filtered;structurally_curated
nb,v1,3,3000,3034,underveis,underveis,underveis,unknown,underveis,wordfreq:nb,wordfreq_seeded;deterministically_filtered;structurally_curated
