language,frequency_list_version,level,rank,source_rank,display_form,lemma,lemma_key,part_of_speech,definition_seed,source_provenance,curation_flags
ro,v1,1,1,1,de,de,de,unknown,de,wordfreq:ro,wordfreq_seeded;deterministically_filtered;structurally_curated
ro,v1,1,2,2,în,în,în,unknown,în,wordfreq:ro,wordfreq_seeded;deterministically_filtered;structurally_curated
ro,v1,1,3,3,și,și,și,unknown,și,wordfreq:ro,wordfreq_seeded;deterministically_filtered;structurally_curated
ro,v1,1,4,4,a,a,a,unknown,a,wordfreq:ro,wordfreq_seeded;deterministically_filtered;structurally_curated
ro,v1,1,5,5,la,la,la,unknown,la,wordfreq:ro,wordfreq_seeded;deterministically_filtered;structurally_curated
ro,v1,1,6,6,să,să,să,unknown,să,wordfreq:ro,wordfreq_seeded;deterministically_filtered;structurally_curated
ro,v1,1,7,7,din,din,din,unknown,din,wordfreq:ro,wordfreq_seeded;deterministically_filtered;structurally_curated
ro,v1,1,8,8,o,o,o,unknown,o,wordfreq:ro,wordfreq_seeded;deterministically_filtered;structurally_curated
ro,v1,1,9,9,pe,pe,pe,unknown,pe,wordfreq:ro,wordfreq_seeded;deterministically_filtered;structurally_curated
ro,v1,1,10,10,cu,cu,cu,unknown,cu,wordfreq:ro,wordfreq_seeded;deterministically_filtered;structurally_curated
ro,v1,1,11,11,nu,nu,nu,unknown,nu,wordfreq:ro,wordfreq_seeded;deterministically_filtered;structurally_curated
ro,v1,1,12,12,mai,mai,mai,unknown,mai,wordfreq:ro,wordfreq_seeded;deterministically_filtered;structurally_curated
ro,v1,1,13,13,un,un,un,unknown,un,wordfreq:ro,wordfreq_seeded;deterministically_filtered;structurally_curated
ro,v1,1,14,15,este,este,este,unknown,este,wordfreq:ro,wordfreq_seeded;deterministically_filtered;structurally_curated
ro,v1,1,15,16,că,că,că,unknown,că,wordfreq:ro,wordfreq_seeded;deterministically_filtered;structurally_curated
ro,v1,1,16,17,care,care,care,unknown,care,wordfreq:ro,wordfreq_seeded;deterministically_filtered;structurally_curated
ro,v1,1,17,18,pentru,pentru,pentru,unknown,pentru,wordfreq:ro,wordfreq_seeded;deterministically_filtered;structurally_curated
ro,v1,1,18,20,se,se,se,unknown,se,wordfreq:ro,wordfreq_seeded;deterministically_filtered;structurally_curated
ro,v1,1,19,21,au,au,au,unknown,au,wordfreq:ro,wordfreq_seeded;deterministically_filtered;structurally_curated
ro,v1,1,20,22,ce,ce,ce,unknown,ce,wordfreq:ro,wordfreq_seeded;deterministically_filtered;structurally_curated
ro,v1,1,21,23,fost,fost,fost,unknown,fost,wordfreq:ro,wordfreq_seeded;deterministically_filtered;structurally_curated
ro,v1,1,22,24,ca,ca,ca,unknown,ca,wordfreq:ro,wordfreq_seeded;deterministically_filtered;structurally_curated
ro,v1,1,23,25,al,al,al,unknown,al,wordfreq:ro,wordfreq_seeded;deterministically_filtered;structurally_curated
ro,v1,1,24,26,am,am,am,unknown,am,wordfreq:ro,wordfreq_seeded;deterministically_filtered;structurally_curated
ro,v1,1,25,27,sunt,sunt,sunt,unknown,sunt,wordfreq:ro,wordfreq_seeded;deterministically_filtered;structurally_curated
ro,v1,1,26,28,fi,fi,fi,unknown,fi,wordfreq:ro,wordfreq_seeded;deterministically_filtered;structurally_curated
ro,v1,1,27,29,si,si,si,unknown,si,wordfreq:ro,wordfreq_seeded;deterministically_filtered;structurally_curated
ro,v1,1,28,30,va,va,va,unknown,va,wordfreq:ro,wordfreq_seeded;deterministically_filtered;structurally_curated
ro,v1,1,29,31,s,s,s,unknown,s,wordfreq:ro,wordfreq_seeded;deterministically_filtered;structurally_curated
ro,v1,1,30,32,lui,lui,lui,unknown,lui,wordfreq:ro,wordfreq_seeded;deterministically_filtered;structurally_curated
ro,v1,1,31,33,dar,dar,dar,unknown,dar,wordfreq:ro,wordfreq_seeded;deterministically_filtered;structurally_curated
ro,v1,1,32,35,sau,sau,sau,unknown,sau,wordfreq:ro,wordfreq_seeded;deterministically_filtered;structurally_curated
ro,v1,1,33,36,e,e,e,unknown,e,wordfreq:ro,wordfreq_seeded;deterministically_filtered;structurally_curated
ro,v1,1,34,37,sa,sa,sa,unknown,sa,wordfreq:ro,wordfreq_seeded;deterministically_filtered;structurally_curated
ro,v1,1,35,38,dacă,dacă,dacă,unknown,dacă,wordfreq:ro,wordfreq_seeded;deterministically_filtered;structurally_curated
ro,v1,1,36,39,după,după,după,unknown,după,wordfreq:ro,wordfreq_seeded;deterministically_filtered;structurally_curated
ro,v1,1,37,40,i,i,i,unknown,i,wordfreq:ro,wordfreq_seeded;deterministically_filtered;structurally_curated
ro,v1,1,38,41,ne,ne,ne,unknown,ne,wordfreq:ro,wordfreq_seeded;deterministically_filtered;structurally_curated
ro,v1,1,39,42,ar,ar,ar,unknown,ar,wordfreq:ro,wordfreq_seeded;deterministically_filtered;structurally_curated
ro,v1,1,40,43,le,le,le,unknown,le,wordfreq:ro,wordfreq_seeded;deterministically_filtered;structurally_curated
ro,v1,1,41,44,poate,poate,poate,unknown,poate,wordfreq:ro,wordfreq_seeded;deterministically_filtered;structurally_curated
ro,v1,1,42,45,prin,prin,prin,unknown,prin,wordfreq:ro,wordfreq_seeded;deterministically_filtered;structurally_curated
ro,v1,1,43,46,cum,cum,cum,unknown,cum,wordfreq:ro,wordfreq_seeded;deterministically_filtered;structurally_curated
ro,v1,1,44,47,când,când,când,unknown,când,wordfreq:ro,wordfreq_seeded;deterministically_filtered;structurally_curated
ro,v1,1,45,48,ale,ale,ale,unknown,ale,wordfreq:ro,wordfreq_seeded;deterministically_filtered;structurally_curated
ro,v1,1,46,49,in,in,in,unknown,in,wordfreq:ro,wordfreq_seeded;deterministically_filtered;structurally_curated
ro,v1,1,47,50,despre,despre,despre,unknown,despre,wordfreq:ro,wordfreq_seeded;deterministically_filtered;structurally_curated
ro,v1,1,48,51,era,era,era,unknown,era,wordfreq:ro,wordfreq_seeded;deterministically_filtered;structurally_curated
ro,v1,1,49,52,iar,iar,iar,unknown,iar,wordfreq:ro,wordfreq_seeded;deterministically_filtered;structurally_curated
ro,v1,1,50,53,mult,mult,mult,unknown,mult,wordfreq:ro,wordfreq_seeded;deterministically_filtered;structurally_curated
ro,v1,1,51,54,are,are,are,unknown,are,wordfreq:ro,wordfreq_seeded;deterministically_filtered;structurally_curated
ro,v1,1,52,55,l,l,l,unknown,l,wordfreq:ro,wordfreq_seeded;deterministically_filtered;structurally_curated
ro,v1,1,53,56,ai,ai,ai,unknown,ai,wordfreq:ro,wordfreq_seeded;deterministically_filtered;structurally_curated
ro,v1,1,54,57,cel,cel,cel,unknown,cel,wordfreq:ro,wordfreq_seeded;deterministically_filtered;structurally_curated
ro,v1,1,55,58,mare,mare,mare,unknown,mare,wordfreq:ro,wordfreq_seeded;deterministically_filtered;structurally_curated
ro,v1,1,56,59,trebuie,trebuie,trebuie,unknown,trebuie,wordfreq:ro,wordfreq_seeded;deterministically_filtered;structurally_curated
ro,v1,1,57,60,ani,ani,ani,unknown,ani,wordfreq:ro,wordfreq_seeded;deterministically_filtered;structurally_curated
ro,v1,1,58,61,cele,cele,cele,unknown,cele,wordfreq:ro,wordfreq_seeded;deterministically_filtered;structurally_curated
ro,v1,1,59,62,doar,doar,doar,unknown,doar,wordfreq:ro,wordfreq_seeded;deterministically_filtered;structurally_curated
ro,v1,1,60,63,foarte,foarte,foarte,unknown,foarte,wordfreq:ro,wordfreq_seeded;deterministically_filtered;structurally_curated
ro,v1,1,61,64,noi,noi,noi,unknown,noi,wordfreq:ro,wordfreq_seeded;deterministically_filtered;structurally_curated
ro,v1,1,62,65,el,el,el,unknown,el,wordfreq:ro,wordfreq_seeded;deterministically_filtered;structurally_curated
ro,v1,1,63,66,fie,fie,fie,unknown,fie,wordfreq:ro,wordfreq_seeded;deterministically_filtered;structurally_curated
ro,v1,1,64,67,ei,ei,ei,unknown,ei,wordfreq:ro,wordfreq_seeded;deterministically_filtered;structurally_curated
ro,v1,1,65,68,n,n,n,unknown,n,wordfreq:ro,wordfreq_seeded;deterministically_filtered;structurally_curated
ro,v1,1,66,70,dintre,dintre,dintre,unknown,dintre,wordfreq:ro,wordfreq_seeded;deterministically_filtered;structurally_curated
ro,v1,1,67,71,te,te,te,unknown,te,wordfreq:ro,wordfreq_seeded;deterministically_filtered;structurally_curated
ro,v1,1,68,72,timp,timp,timp,unknown,timp,wordfreq:ro,wordfreq_seeded;deterministically_filtered;structurally_curated
ro,v1,1,69,73,tot,tot,tot,unknown,tot,wordfreq:ro,wordfreq_seeded;deterministically_filtered;structurally_curated
ro,v1,1,70,74,până,până,până,unknown,până,wordfreq:ro,wordfreq_seeded;deterministically_filtered;structurally_curated
ro,v1,1,71,75,face,face,face,unknown,face,wordfreq:ro,wordfreq_seeded;deterministically_filtered;structurally_curated
ro,v1,1,72,76,într,într,într,unknown,într,wordfreq:ro,wordfreq_seeded;deterministically_filtered;structurally_curated
ro,v1,1,73,77,pot,pot,pot,unknown,pot,wordfreq:ro,wordfreq_seeded;deterministically_filtered;structurally_curated
ro,v1,1,74,78,chiar,chiar,chiar,unknown,chiar,wordfreq:ro,wordfreq_seeded;deterministically_filtered;structurally_curated
ro,v1,1,75,79,românia,românia,românia,unknown,românia,wordfreq:ro,wordfreq_seeded;deterministically_filtered;structurally_curated
ro,v1,1,76,80,vă,vă,vă,unknown,vă,wordfreq:ro,wordfreq_seeded;deterministically_filtered;structurally_curated
ro,v1,1,77,81,toate,toate,toate,unknown,toate,wordfreq:ro,wordfreq_seeded;deterministically_filtered;structurally_curated
ro,v1,1,78,82,vor,vor,vor,unknown,vor,wordfreq:ro,wordfreq_seeded;deterministically_filtered;structurally_curated
ro,v1,1,79,84,așa,așa,așa,unknown,așa,wordfreq:ro,wordfreq_seeded;deterministically_filtered;structurally_curated
ro,v1,1,80,85,acest,acest,acest,unknown,acest,wordfreq:ro,wordfreq_seeded;deterministically_filtered;structurally_curated
ro,v1,1,81,86,bine,bine,bine,unknown,bine,wordfreq:ro,wordfreq_seeded;deterministically_filtered;structurally_curated
ro,v1,1,82,87,mi,mi,mi,unknown,mi,wordfreq:ro,wordfreq_seeded;deterministically_filtered;structurally_curated
ro,v1,1,83,88,acum,acum,acum,unknown,acum,wordfreq:ro,wordfreq_seeded;deterministically_filtered;structurally_curated
ro,v1,1,84,89,nici,nici,nici,unknown,nici,wordfreq:ro,wordfreq_seeded;deterministically_filtered;structurally_curated
ro,v1,1,85,90,către,către,către,unknown,către,wordfreq:ro,wordfreq_seeded;deterministically_filtered;structurally_curated
ro,v1,1,86,91,două,două,două,unknown,două,wordfreq:ro,wordfreq_seeded;deterministically_filtered;structurally_curated
ro,v1,1,87,92,atunci,atunci,atunci,unknown,atunci,wordfreq:ro,wordfreq_seeded;deterministically_filtered;structurally_curated
ro,v1,1,88,93,unui,unui,unui,unknown,unui,wordfreq:ro,wordfreq_seeded;deterministically_filtered;structurally_curated
ro,v1,1,89,94,avea,avea,avea,unknown,avea,wordfreq:ro,wordfreq_seeded;deterministically_filtered;structurally_curated
ro,v1,1,90,95,cât,cât,cât,unknown,cât,wordfreq:ro,wordfreq_seeded;deterministically_filtered;structurally_curated
ro,v1,1,91,96,mă,mă,mă,unknown,mă,wordfreq:ro,wordfreq_seeded;deterministically_filtered;structurally_curated
ro,v1,1,92,98,unde,unde,unde,unknown,unde,wordfreq:ro,wordfreq_seeded;deterministically_filtered;structurally_curated
ro,v1,1,93,99,cea,cea,cea,unknown,cea,wordfreq:ro,wordfreq_seeded;deterministically_filtered;structurally_curated
ro,v1,1,94,100,eu,eu,eu,unknown,eu,wordfreq:ro,wordfreq_seeded;deterministically_filtered;structurally_curated
ro,v1,1,95,101,unei,unei,unei,unknown,unei,wordfreq:ro,wordfreq_seeded;deterministically_filtered;structurally_curated
ro,v1,1,96,102,fără,fără,fără,unknown,fără,wordfreq:ro,wordfreq_seeded;deterministically_filtered;structurally_curated
ro,v1,1,97,103,fiind,fiind,fiind,unknown,fiind,wordfreq:ro,wordfreq_seeded;deterministically_filtered;structurally_curated
ro,v1,1,98,104,între,între,între,unknown,între,wordfreq:ro,wordfreq_seeded;deterministically_filtered;structurally_curated
ro,v1,1,99,105,această,această,această,unknown,această,wordfreq:ro,wordfreq_seeded;deterministically_filtered;structurally_curated
ro,v1,1,100,106,multe,multe,multe,unknown,multe,wordfreq:ro,wordfreq_seeded;deterministically_filtered;structurally_curated
ro,v1,1,101,107,parte,parte,parte,unknown,parte,wordfreq:ro,wordfreq_seeded;deterministically_filtered;structurally_curated
ro,v1,1,102,108,anul,anul,anul,unknown,anul,wordfreq:ro,wordfreq_seeded;deterministically_filtered;structurally_curated
ro,v1,1,103,109,îi,îi,îi,unknown,îi,wordfreq:ro,wordfreq_seeded;deterministically_filtered;structurally_curated
ro,v1,1,104,110,asta,asta,asta,unknown,asta,wordfreq:ro,wordfreq_seeded;deterministically_filtered;structurally_curated
ro,v1,1,105,111,ceea,ceea,ceea,unknown,ceea,wordfreq:ro,wordfreq_seeded;deterministically_filtered;structurally_curated
ro,v1,1,106,112,putea,putea,putea,unknown,putea,wordfreq:ro,wordfreq_seeded;deterministically_filtered;structurally_curated
ro,v1,1,107,113,alte,alte,alte,unknown,alte,wordfreq:ro,wordfreq_seeded;deterministically_filtered;structurally_curated
ro,v1,1,108,114,decât,decât,decât,unknown,decât,wordfreq:ro,wordfreq_seeded;deterministically_filtered;structurally_curated
ro,v1,1,109,115,avut,avut,avut,unknown,avut,wordfreq:ro,wordfreq_seeded;deterministically_filtered;structurally_curated
ro,v1,1,110,116,lor,lor,lor,unknown,lor,wordfreq:ro,wordfreq_seeded;deterministically_filtered;structurally_curated
ro,v1,1,111,117,vezi,vezi,vezi,unknown,vezi,wordfreq:ro,wordfreq_seeded;deterministically_filtered;structurally_curated
ro,v1,1,112,118,îl,îl,îl,unknown,îl,wordfreq:ro,wordfreq_seeded;deterministically_filtered;structurally_curated
ro,v1,1,113,119,făcut,făcut,făcut,unknown,făcut,wordfreq:ro,wordfreq_seeded;deterministically_filtered;structurally_curated
ro,v1,1,114,120,loc,loc,loc,unknown,loc,wordfreq:ro,wordfreq_seeded;deterministically_filtered;structurally_curated
ro,v1,1,115,121,atât,atât,atât,unknown,atât,wordfreq:ro,wordfreq_seeded;deterministically_filtered;structurally_curated
ro,v1,1,116,122,d,d,d,unknown,d,wordfreq:ro,wordfreq_seeded;deterministically_filtered;structurally_curated
ro,v1,1,117,123,unul,unul,unul,unknown,unul,wordfreq:ro,wordfreq_seeded;deterministically_filtered;structurally_curated
ro,v1,1,118,124,sub,sub,sub,unknown,sub,wordfreq:ro,wordfreq_seeded;deterministically_filtered;structurally_curated
ro,v1,1,119,125,aici,aici,aici,unknown,aici,wordfreq:ro,wordfreq_seeded;deterministically_filtered;structurally_curated
ro,v1,1,120,126,m,m,m,unknown,m,wordfreq:ro,wordfreq_seeded;deterministically_filtered;structurally_curated
ro,v1,1,121,127,astfel,astfel,astfel,unknown,astfel,wordfreq:ro,wordfreq_seeded;deterministically_filtered;structurally_curated
ro,v1,1,122,128,zi,zi,zi,unknown,zi,wordfreq:ro,wordfreq_seeded;deterministically_filtered;structurally_curated
ro,v1,1,123,129,lucru,lucru,lucru,unknown,lucru,wordfreq:ro,wordfreq_seeded;deterministically_filtered;structurally_curated
ro,v1,1,124,132,ea,ea,ea,unknown,ea,wordfreq:ro,wordfreq_seeded;deterministically_filtered;structurally_curated
ro,v1,1,125,133,prima,prima,prima,unknown,prima,wordfreq:ro,wordfreq_seeded;deterministically_filtered;structurally_curated
ro,v1,1,126,134,trei,trei,trei,unknown,trei,wordfreq:ro,wordfreq_seeded;deterministically_filtered;structurally_curated
ro,v1,1,127,135,orice,orice,orice,unknown,orice,wordfreq:ro,wordfreq_seeded;deterministically_filtered;structurally_curated
ro,v1,1,128,136,precum,precum,precum,unknown,precum,wordfreq:ro,wordfreq_seeded;deterministically_filtered;structurally_curated
ro,v1,1,129,137,spre,spre,spre,unknown,spre,wordfreq:ro,wordfreq_seeded;deterministically_filtered;structurally_curated
ro,v1,1,130,138,timpul,timpul,timpul,unknown,timpul,wordfreq:ro,wordfreq_seeded;deterministically_filtered;structurally_curated
ro,v1,1,131,139,asemenea,asemenea,asemenea,unknown,asemenea,wordfreq:ro,wordfreq_seeded;deterministically_filtered;structurally_curated
ro,v1,1,132,140,ceva,ceva,ceva,unknown,ceva,wordfreq:ro,wordfreq_seeded;deterministically_filtered;structurally_curated
ro,v1,1,133,141,fiecare,fiecare,fiecare,unknown,fiecare,wordfreq:ro,wordfreq_seeded;deterministically_filtered;structurally_curated
ro,v1,1,134,142,peste,peste,peste,unknown,peste,wordfreq:ro,wordfreq_seeded;deterministically_filtered;structurally_curated
ro,v1,1,135,143,puțin,puțin,puțin,unknown,puțin,wordfreq:ro,wordfreq_seeded;deterministically_filtered;structurally_curated
ro,v1,1,136,144,spune,spune,spune,unknown,spune,wordfreq:ro,wordfreq_seeded;deterministically_filtered;structurally_curated
ro,v1,1,137,145,numele,numele,numele,unknown,numele,wordfreq:ro,wordfreq_seeded;deterministically_filtered;structurally_curated
ro,v1,1,138,146,apoi,apoi,apoi,unknown,apoi,wordfreq:ro,wordfreq_seeded;deterministically_filtered;structurally_curated
ro,v1,1,139,147,cei,cei,cei,unknown,cei,wordfreq:ro,wordfreq_seeded;deterministically_filtered;structurally_curated
ro,v1,1,140,148,nou,nou,nou,unknown,nou,wordfreq:ro,wordfreq_seeded;deterministically_filtered;structurally_curated
ro,v1,1,141,149,fel,fel,fel,unknown,fel,wordfreq:ro,wordfreq_seeded;deterministically_filtered;structurally_curated
ro,v1,1,142,150,bucurești,bucurești,bucurești,unknown,bucurești,wordfreq:ro,wordfreq_seeded;deterministically_filtered;structurally_curated
ro,v1,1,143,151,oameni,oameni,oameni,unknown,oameni,wordfreq:ro,wordfreq_seeded;deterministically_filtered;structurally_curated
ro,v1,1,144,152,fac,fac,fac,unknown,fac,wordfreq:ro,wordfreq_seeded;deterministically_filtered;structurally_curated
ro,v1,1,145,153,primul,primul,primul,unknown,primul,wordfreq:ro,wordfreq_seeded;deterministically_filtered;structurally_curated
ro,v1,1,146,154,încă,încă,încă,unknown,încă,wordfreq:ro,wordfreq_seeded;deterministically_filtered;structurally_curated
ro,v1,1,147,155,spus,spus,spus,unknown,spus,wordfreq:ro,wordfreq_seeded;deterministically_filtered;structurally_curated
ro,v1,1,148,156,unor,unor,unor,unknown,unor,wordfreq:ro,wordfreq_seeded;deterministically_filtered;structurally_curated
ro,v1,1,149,157,partea,partea,partea,unknown,partea,wordfreq:ro,wordfreq_seeded;deterministically_filtered;structurally_curated
ro,v1,1,150,158,acesta,acesta,acesta,unknown,acesta,wordfreq:ro,wordfreq_seeded;deterministically_filtered;structurally_curated
ro,v1,1,151,159,perioada,perioada,perioada,unknown,perioada,wordfreq:ro,wordfreq_seeded;deterministically_filtered;structurally_curated
ro,v1,1,152,161,câteva,câteva,câteva,unknown,câteva,wordfreq:ro,wordfreq_seeded;deterministically_filtered;structurally_curated
ro,v1,1,153,162,dat,dat,dat,unknown,dat,wordfreq:ro,wordfreq_seeded;deterministically_filtered;structurally_curated
ro,v1,1,154,163,nevoie,nevoie,nevoie,unknown,nevoie,wordfreq:ro,wordfreq_seeded;deterministically_filtered;structurally_curated
ro,v1,1,155,164,numai,numai,numai,unknown,numai,wordfreq:ro,wordfreq_seeded;deterministically_filtered;structurally_curated
ro,v1,1,156,165,una,una,una,unknown,una,wordfreq:ro,wordfreq_seeded;deterministically_filtered;structurally_curated
ro,v1,1,157,166,viața,viața,viața,unknown,viața,wordfreq:ro,wordfreq_seeded;deterministically_filtered;structurally_curated
ro,v1,1,158,167,aproape,aproape,aproape,unknown,aproape,wordfreq:ro,wordfreq_seeded;deterministically_filtered;structurally_curated
ro,v1,1,159,168,cadrul,cadrul,cadrul,unknown,cadrul,wordfreq:ro,wordfreq_seeded;deterministically_filtered;structurally_curated
ro,v1,1,160,169,an,an,an,unknown,an,wordfreq:ro,wordfreq_seeded;deterministically_filtered;structurally_curated
ro,v1,1,161,170,asupra,asupra,asupra,unknown,asupra,wordfreq:ro,wordfreq_seeded;deterministically_filtered;structurally_curated
ro,v1,1,162,171,există,există,există,unknown,există,wordfreq:ro,wordfreq_seeded;deterministically_filtered;structurally_curated
ro,v1,1,163,172,locul,locul,locul,unknown,locul,wordfreq:ro,wordfreq_seeded;deterministically_filtered;structurally_curated
ro,v1,1,164,173,stat,stat,stat,unknown,stat,wordfreq:ro,wordfreq_seeded;deterministically_filtered;structurally_curated
ro,v1,1,165,174,înainte,înainte,înainte,unknown,înainte,wordfreq:ro,wordfreq_seeded;deterministically_filtered;structurally_curated
ro,v1,1,166,175,aceasta,aceasta,aceasta,unknown,aceasta,wordfreq:ro,wordfreq_seeded;deterministically_filtered;structurally_curated
ro,v1,1,167,176,avem,avem,avem,unknown,avem,wordfreq:ro,wordfreq_seeded;deterministically_filtered;structurally_curated
ro,v1,1,168,177,doi,doi,doi,unknown,doi,wordfreq:ro,wordfreq_seeded;deterministically_filtered;structurally_curated
ro,v1,1,169,178,prea,prea,prea,unknown,prea,wordfreq:ro,wordfreq_seeded;deterministically_filtered;structurally_curated
ro,v1,1,170,179,româniei,româniei,româniei,unknown,româniei,wordfreq:ro,wordfreq_seeded;deterministically_filtered;structurally_curated
ro,v1,1,171,180,sale,sale,sale,unknown,sale,wordfreq:ro,wordfreq_seeded;deterministically_filtered;structurally_curated
ro,v1,1,172,181,său,său,său,unknown,său,wordfreq:ro,wordfreq_seeded;deterministically_filtered;structurally_curated
ro,v1,1,173,182,început,început,început,unknown,început,wordfreq:ro,wordfreq_seeded;deterministically_filtered;structurally_curated
ro,v1,1,174,183,își,își,își,unknown,își,wordfreq:ro,wordfreq_seeded;deterministically_filtered;structurally_curated
ro,v1,1,175,184,bun,bun,bun,unknown,bun,wordfreq:ro,wordfreq_seeded;deterministically_filtered;structurally_curated
ro,v1,1,176,185,mari,mari,mari,unknown,mari,wordfreq:ro,wordfreq_seeded;deterministically_filtered;structurally_curated
ro,v1,1,177,186,mea,mea,mea,unknown,mea,wordfreq:ro,wordfreq_seeded;deterministically_filtered;structurally_curated
ro,v1,1,178,187,ori,ori,ori,unknown,ori,wordfreq:ro,wordfreq_seeded;deterministically_filtered;structurally_curated
ro,v1,1,179,188,toți,toți,toți,unknown,toți,wordfreq:ro,wordfreq_seeded;deterministically_filtered;structurally_curated
ro,v1,1,180,189,voi,voi,voi,unknown,voi,wordfreq:ro,wordfreq_seeded;deterministically_filtered;structurally_curated
ro,v1,1,181,190,însă,însă,însă,unknown,însă,wordfreq:ro,wordfreq_seeded;deterministically_filtered;structurally_curated
ro,v1,1,182,191,ți,ți,ți,unknown,ți,wordfreq:ro,wordfreq_seeded;deterministically_filtered;structurally_curated
ro,v1,1,183,192,aceste,aceste,aceste,unknown,aceste,wordfreq:ro,wordfreq_seeded;deterministically_filtered;structurally_curated
ro,v1,1,184,193,acolo,acolo,acolo,unknown,acolo,wordfreq:ro,wordfreq_seeded;deterministically_filtered;structurally_curated
ro,v1,1,185,194,mine,mine,mine,unknown,mine,wordfreq:ro,wordfreq_seeded;deterministically_filtered;structurally_curated
ro,v1,1,186,195,nr,nr,nr,unknown,nr,wordfreq:ro,wordfreq_seeded;deterministically_filtered;structurally_curated
ro,v1,1,187,196,îmi,îmi,îmi,unknown,îmi,wordfreq:ro,wordfreq_seeded;deterministically_filtered;structurally_curated
ro,v1,1,188,197,da,da,da,unknown,da,wordfreq:ro,wordfreq_seeded;deterministically_filtered;structurally_curated
ro,v1,1,189,198,lumea,lumea,lumea,unknown,lumea,wordfreq:ro,wordfreq_seeded;deterministically_filtered;structurally_curated
ro,v1,1,190,199,acestea,acestea,acestea,unknown,acestea,wordfreq:ro,wordfreq_seeded;deterministically_filtered;structurally_curated
ro,v1,1,191,200,cred,cred,cred,unknown,cred,wordfreq:ro,wordfreq_seeded;deterministically_filtered;structurally_curated
ro,v1,1,192,201,nostru,nostru,nostru,unknown,nostru,wordfreq:ro,wordfreq_seeded;deterministically_filtered;structurally_curated
ro,v1,1,193,202,trecut,trecut,trecut,unknown,trecut,wordfreq:ro,wordfreq_seeded;deterministically_filtered;structurally_curated
ro,v1,1,194,203,viață,viață,viață,unknown,viață,wordfreq:ro,wordfreq_seeded;deterministically_filtered;structurally_curated
ro,v1,1,195,204,zile,zile,zile,unknown,zile,wordfreq:ro,wordfreq_seeded;deterministically_filtered;structurally_curated
ro,v1,1,196,205,îți,îți,îți,unknown,îți,wordfreq:ro,wordfreq_seeded;deterministically_filtered;structurally_curated
ro,v1,1,197,206,bună,bună,bună,unknown,bună,wordfreq:ro,wordfreq_seeded;deterministically_filtered;structurally_curated
ro,v1,1,198,207,dată,dată,dată,unknown,dată,wordfreq:ro,wordfreq_seeded;deterministically_filtered;structurally_curated
ro,v1,1,199,208,față,față,față,unknown,față,wordfreq:ro,wordfreq_seeded;deterministically_filtered;structurally_curated
ro,v1,1,200,209,național,național,național,unknown,național,wordfreq:ro,wordfreq_seeded;deterministically_filtered;structurally_curated
ro,v1,1,201,211,ales,ales,ales,unknown,ales,wordfreq:ro,wordfreq_seeded;deterministically_filtered;structurally_curated
ro,v1,1,202,212,deja,deja,deja,unknown,deja,wordfreq:ro,wordfreq_seeded;deterministically_filtered;structurally_curated
ro,v1,1,203,213,drept,drept,drept,unknown,drept,wordfreq:ro,wordfreq_seeded;deterministically_filtered;structurally_curated
ro,v1,1,204,214,noastră,noastră,noastră,unknown,noastră,wordfreq:ro,wordfreq_seeded;deterministically_filtered;structurally_curated
ro,v1,1,205,215,împreună,împreună,împreună,unknown,împreună,wordfreq:ro,wordfreq_seeded;deterministically_filtered;structurally_curated
ro,v1,1,206,216,ajuns,ajuns,ajuns,unknown,ajuns,wordfreq:ro,wordfreq_seeded;deterministically_filtered;structurally_curated
ro,v1,1,207,217,meu,meu,meu,unknown,meu,wordfreq:ro,wordfreq_seeded;deterministically_filtered;structurally_curated
ro,v1,1,208,218,moldova,moldova,moldova,unknown,moldova,wordfreq:ro,wordfreq_seeded;deterministically_filtered;structurally_curated
ro,v1,1,209,219,oamenii,oamenii,oamenii,unknown,oamenii,wordfreq:ro,wordfreq_seeded;deterministically_filtered;structurally_curated
ro,v1,1,210,220,trebui,trebui,trebui,unknown,trebui,wordfreq:ro,wordfreq_seeded;deterministically_filtered;structurally_curated
ro,v1,1,211,221,vom,vom,vom,unknown,vom,wordfreq:ro,wordfreq_seeded;deterministically_filtered;structurally_curated
ro,v1,1,212,222,ziua,ziua,ziua,unknown,ziua,wordfreq:ro,wordfreq_seeded;deterministically_filtered;structurally_curated
ro,v1,1,213,223,data,data,data,unknown,data,wordfreq:ro,wordfreq_seeded;deterministically_filtered;structurally_curated
ro,v1,1,214,224,mod,mod,mod,unknown,mod,wordfreq:ro,wordfreq_seeded;deterministically_filtered;structurally_curated
ro,v1,1,215,225,toată,toată,toată,unknown,toată,wordfreq:ro,wordfreq_seeded;deterministically_filtered;structurally_curated
ro,v1,1,216,226,târziu,târziu,târziu,unknown,târziu,wordfreq:ro,wordfreq_seeded;deterministically_filtered;structurally_curated
ro,v1,1,217,227,vedere,vedere,vedere,unknown,vedere,wordfreq:ro,wordfreq_seeded;deterministically_filtered;structurally_curated
ro,v1,1,218,228,copii,copii,copii,unknown,copii,wordfreq:ro,wordfreq_seeded;deterministically_filtered;structurally_curated
ro,v1,1,219,229,nimic,nimic,nimic,unknown,nimic,wordfreq:ro,wordfreq_seeded;deterministically_filtered;structurally_curated
ro,v1,1,220,231,deși,deși,deși,unknown,deși,wordfreq:ro,wordfreq_seeded;deterministically_filtered;structurally_curated
ro,v1,1,221,232,poți,poți,poți,unknown,poți,wordfreq:ro,wordfreq_seeded;deterministically_filtered;structurally_curated
ro,v1,1,222,233,ul,ul,ul,unknown,ul,wordfreq:ro,wordfreq_seeded;deterministically_filtered;structurally_curated
ro,v1,1,223,234,casa,casa,casa,unknown,casa,wordfreq:ro,wordfreq_seeded;deterministically_filtered;structurally_curated
ro,v1,1,224,235,celor,celor,celor,unknown,celor,wordfreq:ro,wordfreq_seeded;deterministically_filtered;structurally_curated
ro,v1,1,225,236,dumnezeu,dumnezeu,dumnezeu,unknown,dumnezeu,wordfreq:ro,wordfreq_seeded;deterministically_filtered;structurally_curated
ro,v1,1,226,237,general,general,general,unknown,general,wordfreq:ro,wordfreq_seeded;deterministically_filtered;structurally_curated
ro,v1,1,227,238,urma,urma,urma,unknown,urma,wordfreq:ro,wordfreq_seeded;deterministically_filtered;structurally_curated
ro,v1,1,228,239,conform,conform,conform,unknown,conform,wordfreq:ro,wordfreq_seeded;deterministically_filtered;structurally_curated
ro,v1,1,229,240,erau,erau,erau,unknown,erau,wordfreq:ro,wordfreq_seeded;deterministically_filtered;structurally_curated
ro,v1,1,230,241,același,același,același,unknown,același,wordfreq:ro,wordfreq_seeded;deterministically_filtered;structurally_curated
ro,v1,1,231,242,pare,pare,pare,unknown,pare,wordfreq:ro,wordfreq_seeded;deterministically_filtered;structurally_curated
ro,v1,1,232,243,bani,bani,bani,unknown,bani,wordfreq:ro,wordfreq_seeded;deterministically_filtered;structurally_curated
ro,v1,1,233,244,c,c,c,unknown,c,wordfreq:ro,wordfreq_seeded;deterministically_filtered;structurally_curated
ro,v1,1,234,245,doua,doua,doua,unknown,doua,wordfreq:ro,wordfreq_seeded;deterministically_filtered;structurally_curated
ro,v1,1,235,246,facă,facă,facă,unknown,facă,wordfreq:ro,wordfreq_seeded;deterministically_filtered;structurally_curated
ro,v1,1,236,247,suntem,suntem,suntem,unknown,suntem,wordfreq:ro,wordfreq_seeded;deterministically_filtered;structurally_curated
ro,v1,1,237,248,totul,totul,totul,unknown,totul,wordfreq:ro,wordfreq_seeded;deterministically_filtered;structurally_curated
ro,v1,1,238,249,cine,cine,cine,unknown,cine,wordfreq:ro,wordfreq_seeded;deterministically_filtered;structurally_curated
ro,v1,1,239,250,milioane,milioane,milioane,unknown,milioane,wordfreq:ro,wordfreq_seeded;deterministically_filtered;structurally_curated
ro,v1,1,240,251,noiembrie,noiembrie,noiembrie,unknown,noiembrie,wordfreq:ro,wordfreq_seeded;deterministically_filtered;structurally_curated
ro,v1,1,241,252,printre,printre,printre,unknown,printre,wordfreq:ro,wordfreq_seeded;deterministically_filtered;structurally_curated
ro,v1,1,242,253,v,v,v,unknown,v,wordfreq:ro,wordfreq_seeded;deterministically_filtered;structurally_curated
ro,v1,1,243,254,împotriva,împotriva,împotriva,unknown,împotriva,wordfreq:ro,wordfreq_seeded;deterministically_filtered;structurally_curated
ro,v1,1,244,256,aceea,aceea,aceea,unknown,aceea,wordfreq:ro,wordfreq_seeded;deterministically_filtered;structurally_curated
ro,v1,1,245,257,apă,apă,apă,unknown,apă,wordfreq:ro,wordfreq_seeded;deterministically_filtered;structurally_curated
ro,v1,1,246,258,fapt,fapt,fapt,unknown,fapt,wordfreq:ro,wordfreq_seeded;deterministically_filtered;structurally_curated
ro,v1,1,247,259,luat,luat,luat,unknown,luat,wordfreq:ro,wordfreq_seeded;deterministically_filtered;structurally_curated
ro,v1,1,248,260,noastre,noastre,noastre,unknown,noastre,wordfreq:ro,wordfreq_seeded;deterministically_filtered;structurally_curated
ro,v1,1,249,261,om,om,om,unknown,om,wordfreq:ro,wordfreq_seeded;deterministically_filtered;structurally_curated
ro,v1,1,250,262,unele,unele,unele,unknown,unele,wordfreq:ro,wordfreq_seeded;deterministically_filtered;structurally_curated
ro,v1,1,251,263,știu,știu,știu,unknown,știu,wordfreq:ro,wordfreq_seeded;deterministically_filtered;structurally_curated
ro,v1,1,252,265,bune,bune,bune,unknown,bune,wordfreq:ro,wordfreq_seeded;deterministically_filtered;structurally_curated
ro,v1,1,253,266,decembrie,decembrie,decembrie,unknown,decembrie,wordfreq:ro,wordfreq_seeded;deterministically_filtered;structurally_curated
ro,v1,1,254,267,octombrie,octombrie,octombrie,unknown,octombrie,wordfreq:ro,wordfreq_seeded;deterministically_filtered;structurally_curated
ro,v1,1,255,268,putem,putem,putem,unknown,putem,wordfreq:ro,wordfreq_seeded;deterministically_filtered;structurally_curated
ro,v1,1,256,269,tine,tine,tine,unknown,tine,wordfreq:ro,wordfreq_seeded;deterministically_filtered;structurally_curated
ro,v1,1,257,270,venit,venit,venit,unknown,venit,wordfreq:ro,wordfreq_seeded;deterministically_filtered;structurally_curated
ro,v1,1,258,271,află,află,află,unknown,află,wordfreq:ro,wordfreq_seeded;deterministically_filtered;structurally_curated
ro,v1,1,259,272,anului,anului,anului,unknown,anului,wordfreq:ro,wordfreq_seeded;deterministically_filtered;structurally_curated
ro,v1,1,260,273,cauza,cauza,cauza,unknown,cauza,wordfreq:ro,wordfreq_seeded;deterministically_filtered;structurally_curated
ro,v1,1,261,274,daca,daca,daca,unknown,daca,wordfreq:ro,wordfreq_seeded;deterministically_filtered;structurally_curated
ro,v1,1,262,275,moment,moment,moment,unknown,moment,wordfreq:ro,wordfreq_seeded;deterministically_filtered;structurally_curated
ro,v1,1,263,276,persoane,persoane,persoane,unknown,persoane,wordfreq:ro,wordfreq_seeded;deterministically_filtered;structurally_curated
ro,v1,1,264,277,septembrie,septembrie,septembrie,unknown,septembrie,wordfreq:ro,wordfreq_seeded;deterministically_filtered;structurally_curated
ro,v1,1,265,278,special,special,special,unknown,special,wordfreq:ro,wordfreq_seeded;deterministically_filtered;structurally_curated
ro,v1,1,266,279,spun,spun,spun,unknown,spun,wordfreq:ro,wordfreq_seeded;deterministically_filtered;structurally_curated
ro,v1,1,267,280,tu,tu,tu,unknown,tu,wordfreq:ro,wordfreq_seeded;deterministically_filtered;structurally_curated
ro,v1,1,268,281,urmă,urmă,urmă,unknown,urmă,wordfreq:ro,wordfreq_seeded;deterministically_filtered;structurally_curated
ro,v1,1,269,282,patru,patru,patru,unknown,patru,wordfreq:ro,wordfreq_seeded;deterministically_filtered;structurally_curated
ro,v1,1,270,283,vorba,vorba,vorba,unknown,vorba,wordfreq:ro,wordfreq_seeded;deterministically_filtered;structurally_curated
ro,v1,1,271,285,arată,arată,arată,unknown,arată,wordfreq:ro,wordfreq_seeded;deterministically_filtered;structurally_curated
ro,v1,1,272,286,deoarece,deoarece,deoarece,unknown,deoarece,wordfreq:ro,wordfreq_seeded;deterministically_filtered;structurally_curated
ro,v1,1,273,287,duce,duce,duce,unknown,duce,wordfreq:ro,wordfreq_seeded;deterministically_filtered;structurally_curated
ro,v1,1,274,288,fața,fața,fața,unknown,fața,wordfreq:ro,wordfreq_seeded;deterministically_filtered;structurally_curated
ro,v1,1,275,289,iunie,iunie,iunie,unknown,iunie,wordfreq:ro,wordfreq_seeded;deterministically_filtered;structurally_curated
ro,v1,1,276,290,ore,ore,ore,unknown,ore,wordfreq:ro,wordfreq_seeded;deterministically_filtered;structurally_curated
ro,v1,1,277,291,cluj,cluj,cluj,unknown,cluj,wordfreq:ro,wordfreq_seeded;deterministically_filtered;structurally_curated
ro,v1,1,278,292,familia,familia,familia,unknown,familia,wordfreq:ro,wordfreq_seeded;deterministically_filtered;structurally_curated
ro,v1,1,279,293,jos,jos,jos,unknown,jos,wordfreq:ro,wordfreq_seeded;deterministically_filtered;structurally_curated
ro,v1,1,280,294,mulți,mulți,mulți,unknown,mulți,wordfreq:ro,wordfreq_seeded;deterministically_filtered;structurally_curated
ro,v1,1,281,295,numărul,numărul,numărul,unknown,numărul,wordfreq:ro,wordfreq_seeded;deterministically_filtered;structurally_curated
ro,v1,1,282,296,zona,zona,zona,unknown,zona,wordfreq:ro,wordfreq_seeded;deterministically_filtered;structurally_curated
ro,v1,1,283,297,înseamnă,înseamnă,înseamnă,unknown,înseamnă,wordfreq:ro,wordfreq_seeded;deterministically_filtered;structurally_curated
ro,v1,1,284,298,altă,altă,altă,unknown,altă,wordfreq:ro,wordfreq_seeded;deterministically_filtered;structurally_curated
ro,v1,1,285,299,baza,baza,baza,unknown,baza,wordfreq:ro,wordfreq_seeded;deterministically_filtered;structurally_curated
ro,v1,1,286,300,ele,ele,ele,unknown,ele,wordfreq:ro,wordfreq_seeded;deterministically_filtered;structurally_curated
ro,v1,1,287,301,exemplu,exemplu,exemplu,unknown,exemplu,wordfreq:ro,wordfreq_seeded;deterministically_filtered;structurally_curated
ro,v1,1,288,302,ii,ii,ii,unknown,ii,wordfreq:ro,wordfreq_seeded;deterministically_filtered;structurally_curated
ro,v1,1,289,303,lume,lume,lume,unknown,lume,wordfreq:ro,wordfreq_seeded;deterministically_filtered;structurally_curated
ro,v1,1,290,304,luni,luni,luni,unknown,luni,wordfreq:ro,wordfreq_seeded;deterministically_filtered;structurally_curated
ro,v1,1,291,305,lângă,lângă,lângă,unknown,lângă,wordfreq:ro,wordfreq_seeded;deterministically_filtered;structurally_curated
ro,v1,1,292,306,primit,primit,primit,unknown,primit,wordfreq:ro,wordfreq_seeded;deterministically_filtered;structurally_curated
ro,v1,1,293,307,site,site,site,unknown,site,wordfreq:ro,wordfreq_seeded;deterministically_filtered;structurally_curated
ro,v1,1,294,308,ta,ta,ta,unknown,ta,wordfreq:ro,wordfreq_seeded;deterministically_filtered;structurally_curated
ro,v1,1,295,309,vine,vine,vine,unknown,vine,wordfreq:ro,wordfreq_seeded;deterministically_filtered;structurally_curated
ro,v1,1,296,310,având,având,având,unknown,având,wordfreq:ro,wordfreq_seeded;deterministically_filtered;structurally_curated
ro,v1,1,297,311,deci,deci,deci,unknown,deci,wordfreq:ro,wordfreq_seeded;deterministically_filtered;structurally_curated
ro,v1,1,298,312,diferite,diferite,diferite,unknown,diferite,wordfreq:ro,wordfreq_seeded;deterministically_filtered;structurally_curated
ro,v1,1,299,313,puteți,puteți,puteți,unknown,puteți,wordfreq:ro,wordfreq_seeded;deterministically_filtered;structurally_curated
ro,v1,1,300,314,ușor,ușor,ușor,unknown,ușor,wordfreq:ro,wordfreq_seeded;deterministically_filtered;structurally_curated
ro,v1,1,301,315,etc,etc,etc,unknown,etc,wordfreq:ro,wordfreq_seeded;deterministically_filtered;structurally_curated
ro,v1,1,302,316,greu,greu,greu,unknown,greu,wordfreq:ro,wordfreq_seeded;deterministically_filtered;structurally_curated
ro,v1,1,303,317,martie,martie,martie,unknown,martie,wordfreq:ro,wordfreq_seeded;deterministically_filtered;structurally_curated
ro,v1,1,304,318,națională,națională,națională,unknown,națională,wordfreq:ro,wordfreq_seeded;deterministically_filtered;structurally_curated
ro,v1,1,305,319,niște,niște,niște,unknown,niște,wordfreq:ro,wordfreq_seeded;deterministically_filtered;structurally_curated
ro,v1,1,306,320,scris,scris,scris,unknown,scris,wordfreq:ro,wordfreq_seeded;deterministically_filtered;structurally_curated
ro,v1,1,307,321,sus,sus,sus,unknown,sus,wordfreq:ro,wordfreq_seeded;deterministically_filtered;structurally_curated
ro,v1,1,308,322,the,the,the,unknown,the,wordfreq:ro,wordfreq_seeded;deterministically_filtered;structurally_curated
ro,v1,1,309,323,tip,tip,tip,unknown,tip,wordfreq:ro,wordfreq_seeded;deterministically_filtered;structurally_curated
ro,v1,1,310,324,vei,vei,vei,unknown,vei,wordfreq:ro,wordfreq_seeded;deterministically_filtered;structurally_curated
ro,v1,1,311,325,vrea,vrea,vrea,unknown,vrea,wordfreq:ro,wordfreq_seeded;deterministically_filtered;structurally_curated
ro,v1,1,312,326,centrul,centrul,centrul,unknown,centrul,wordfreq:ro,wordfreq_seeded;deterministically_filtered;structurally_curated
ro,v1,1,313,327,iulie,iulie,iulie,unknown,iulie,wordfreq:ro,wordfreq_seeded;deterministically_filtered;structurally_curated
ro,v1,1,314,328,prezent,prezent,prezent,unknown,prezent,wordfreq:ro,wordfreq_seeded;deterministically_filtered;structurally_curated
ro,v1,1,315,329,probleme,probleme,probleme,unknown,probleme,wordfreq:ro,wordfreq_seeded;deterministically_filtered;structurally_curated
ro,v1,1,316,330,pune,pune,pune,unknown,pune,wordfreq:ro,wordfreq_seeded;deterministically_filtered;structurally_curated
ro,v1,1,317,331,pus,pus,pus,unknown,pus,wordfreq:ro,wordfreq_seeded;deterministically_filtered;structurally_curated
ro,v1,1,318,332,văzut,văzut,văzut,unknown,văzut,wordfreq:ro,wordfreq_seeded;deterministically_filtered;structurally_curated
ro,v1,1,319,333,adică,adică,adică,unknown,adică,wordfreq:ro,wordfreq_seeded;deterministically_filtered;structurally_curated
ro,v1,1,320,334,aș,aș,aș,unknown,aș,wordfreq:ro,wordfreq_seeded;deterministically_filtered;structurally_curated
ro,v1,1,321,335,ați,ați,ați,unknown,ați,wordfreq:ro,wordfreq_seeded;deterministically_filtered;structurally_curated
ro,v1,1,322,336,cazul,cazul,cazul,unknown,cazul,wordfreq:ro,wordfreq_seeded;deterministically_filtered;structurally_curated
ro,v1,1,323,337,câte,câte,câte,unknown,câte,wordfreq:ro,wordfreq_seeded;deterministically_filtered;structurally_curated
ro,v1,1,324,338,punct,punct,punct,unknown,punct,wordfreq:ro,wordfreq_seeded;deterministically_filtered;structurally_curated
ro,v1,1,325,339,români,români,români,unknown,români,wordfreq:ro,wordfreq_seeded;deterministically_filtered;structurally_curated
ro,v1,1,326,340,acasă,acasă,acasă,unknown,acasă,wordfreq:ro,wordfreq_seeded;deterministically_filtered;structurally_curated
ro,v1,1,327,341,august,august,august,unknown,august,wordfreq:ro,wordfreq_seeded;deterministically_filtered;structurally_curated
ro,v1,1,328,342,date,date,date,unknown,date,wordfreq:ro,wordfreq_seeded;deterministically_filtered;structurally_curated
ro,v1,1,329,343,ești,ești,ești,unknown,ești,wordfreq:ro,wordfreq_seeded;deterministically_filtered;structurally_curated
ro,v1,1,330,344,reprezintă,reprezintă,reprezintă,unknown,reprezintă,wordfreq:ro,wordfreq_seeded;deterministically_filtered;structurally_curated
ro,v1,1,331,345,azi,azi,azi,unknown,azi,wordfreq:ro,wordfreq_seeded;deterministically_filtered;structurally_curated
ro,v1,1,332,346,caz,caz,caz,unknown,caz,wordfreq:ro,wordfreq_seeded;deterministically_filtered;structurally_curated
ro,v1,1,333,347,dintr,dintr,dintr,unknown,dintr,wordfreq:ro,wordfreq_seeded;deterministically_filtered;structurally_curated
ro,v1,1,334,348,europa,europa,europa,unknown,europa,wordfreq:ro,wordfreq_seeded;deterministically_filtered;structurally_curated
ro,v1,1,335,349,ia,ia,ia,unknown,ia,wordfreq:ro,wordfreq_seeded;deterministically_filtered;structurally_curated
ro,v1,1,336,350,ianuarie,ianuarie,ianuarie,unknown,ianuarie,wordfreq:ro,wordfreq_seeded;deterministically_filtered;structurally_curated
ro,v1,1,337,351,important,important,important,unknown,important,wordfreq:ro,wordfreq_seeded;deterministically_filtered;structurally_curated
ro,v1,1,338,352,john,john,john,unknown,john,wordfreq:ro,wordfreq_seeded;deterministically_filtered;structurally_curated
ro,v1,1,339,353,lucruri,lucruri,lucruri,unknown,lucruri,wordfreq:ro,wordfreq_seeded;deterministically_filtered;structurally_curated
ro,v1,1,340,354,minute,minute,minute,unknown,minute,wordfreq:ro,wordfreq_seeded;deterministically_filtered;structurally_curated
ro,v1,1,341,355,perioadă,perioadă,perioadă,unknown,perioadă,wordfreq:ro,wordfreq_seeded;deterministically_filtered;structurally_curated
ro,v1,1,342,356,simplu,simplu,simplu,unknown,simplu,wordfreq:ro,wordfreq_seeded;deterministically_filtered;structurally_curated
ro,v1,1,343,358,faptul,faptul,faptul,unknown,faptul,wordfreq:ro,wordfreq_seeded;deterministically_filtered;structurally_curated
ro,v1,1,344,359,fiul,fiul,fiul,unknown,fiul,wordfreq:ro,wordfreq_seeded;deterministically_filtered;structurally_curated
ro,v1,1,345,360,limba,limba,limba,unknown,limba,wordfreq:ro,wordfreq_seeded;deterministically_filtered;structurally_curated
ro,v1,1,346,361,naționale,naționale,naționale,unknown,naționale,wordfreq:ro,wordfreq_seeded;deterministically_filtered;structurally_curated
ro,v1,1,347,362,nouă,nouă,nouă,unknown,nouă,wordfreq:ro,wordfreq_seeded;deterministically_filtered;structurally_curated
ro,v1,1,348,363,probabil,probabil,probabil,unknown,probabil,wordfreq:ro,wordfreq_seeded;deterministically_filtered;structurally_curated
ro,v1,1,349,364,alături,alături,alături,unknown,alături,wordfreq:ro,wordfreq_seeded;deterministically_filtered;structurally_curated
ro,v1,1,350,365,aprilie,aprilie,aprilie,unknown,aprilie,wordfreq:ro,wordfreq_seeded;deterministically_filtered;structurally_curated
ro,v1,1,351,366,departe,departe,departe,unknown,departe,wordfreq:ro,wordfreq_seeded;deterministically_filtered;structurally_curated
ro,v1,1,352,367,județul,județul,județul,unknown,județul,wordfreq:ro,wordfreq_seeded;deterministically_filtered;structurally_curated
ro,v1,1,353,368,mici,mici,mici,unknown,mici,wordfreq:ro,wordfreq_seeded;deterministically_filtered;structurally_curated
ro,v1,1,354,369,niciodată,niciodată,niciodată,unknown,niciodată,wordfreq:ro,wordfreq_seeded;deterministically_filtered;structurally_curated
ro,v1,1,355,370,oraș,oraș,oraș,unknown,oraș,wordfreq:ro,wordfreq_seeded;deterministically_filtered;structurally_curated
ro,v1,1,356,371,român,român,român,unknown,român,wordfreq:ro,wordfreq_seeded;deterministically_filtered;structurally_curated
ro,v1,1,357,372,cineva,cineva,cineva,unknown,cineva,wordfreq:ro,wordfreq_seeded;deterministically_filtered;structurally_curated
ro,v1,1,358,373,destul,destul,destul,unknown,destul,wordfreq:ro,wordfreq_seeded;deterministically_filtered;structurally_curated
ro,v1,1,359,374,ora,ora,ora,unknown,ora,wordfreq:ro,wordfreq_seeded;deterministically_filtered;structurally_curated
ro,v1,1,360,375,ajunge,ajunge,ajunge,unknown,ajunge,wordfreq:ro,wordfreq_seeded;deterministically_filtered;structurally_curated
ro,v1,1,361,376,cinci,cinci,cinci,unknown,cinci,wordfreq:ro,wordfreq_seeded;deterministically_filtered;structurally_curated
ro,v1,1,362,377,devenit,devenit,devenit,unknown,devenit,wordfreq:ro,wordfreq_seeded;deterministically_filtered;structurally_curated
ro,v1,1,363,378,echipa,echipa,echipa,unknown,echipa,wordfreq:ro,wordfreq_seeded;deterministically_filtered;structurally_curated
ro,v1,1,364,379,inclusiv,inclusiv,inclusiv,unknown,inclusiv,wordfreq:ro,wordfreq_seeded;deterministically_filtered;structurally_curated
ro,v1,1,365,380,mic,mic,mic,unknown,mic,wordfreq:ro,wordfreq_seeded;deterministically_filtered;structurally_curated
ro,v1,1,366,381,nimeni,nimeni,nimeni,unknown,nimeni,wordfreq:ro,wordfreq_seeded;deterministically_filtered;structurally_curated
ro,v1,1,367,382,română,română,română,unknown,română,wordfreq:ro,wordfreq_seeded;deterministically_filtered;structurally_curated
ro,v1,1,368,383,tău,tău,tău,unknown,tău,wordfreq:ro,wordfreq_seeded;deterministically_filtered;structurally_curated
ro,v1,1,369,384,ultima,ultima,ultima,unknown,ultima,wordfreq:ro,wordfreq_seeded;deterministically_filtered;structurally_curated
ro,v1,1,370,385,vedea,vedea,vedea,unknown,vedea,wordfreq:ro,wordfreq_seeded;deterministically_filtered;structurally_curated
ro,v1,1,371,386,acestei,acestei,acestei,unknown,acestei,wordfreq:ro,wordfreq_seeded;deterministically_filtered;structurally_curated
ro,v1,1,372,387,adevărat,adevărat,adevărat,unknown,adevărat,wordfreq:ro,wordfreq_seeded;deterministically_filtered;structurally_curated
ro,v1,1,373,388,aproximativ,aproximativ,aproximativ,unknown,aproximativ,wordfreq:ro,wordfreq_seeded;deterministically_filtered;structurally_curated
ro,v1,1,374,389,faci,faci,faci,unknown,faci,wordfreq:ro,wordfreq_seeded;deterministically_filtered;structurally_curated
ro,v1,1,375,390,funcție,funcție,funcție,unknown,funcție,wordfreq:ro,wordfreq_seeded;deterministically_filtered;structurally_curated
ro,v1,1,376,391,ioan,ioan,ioan,unknown,ioan,wordfreq:ro,wordfreq_seeded;deterministically_filtered;structurally_curated
ro,v1,1,377,392,marea,marea,marea,unknown,marea,wordfreq:ro,wordfreq_seeded;deterministically_filtered;structurally_curated
ro,v1,1,378,393,mihai,mihai,mihai,unknown,mihai,wordfreq:ro,wordfreq_seeded;deterministically_filtered;structurally_curated
ro,v1,1,379,394,nume,nume,nume,unknown,nume,wordfreq:ro,wordfreq_seeded;deterministically_filtered;structurally_curated
ro,v1,1,380,395,european,european,european,unknown,european,wordfreq:ro,wordfreq_seeded;deterministically_filtered;structurally_curated
ro,v1,1,381,396,murit,murit,murit,unknown,murit,wordfreq:ro,wordfreq_seeded;deterministically_filtered;structurally_curated
ro,v1,1,382,397,omul,omul,omul,unknown,omul,wordfreq:ro,wordfreq_seeded;deterministically_filtered;structurally_curated
ro,v1,1,383,398,tatăl,tatăl,tatăl,unknown,tatăl,wordfreq:ro,wordfreq_seeded;deterministically_filtered;structurally_curated
ro,v1,1,384,399,acestuia,acestuia,acestuia,unknown,acestuia,wordfreq:ro,wordfreq_seeded;deterministically_filtered;structurally_curated
ro,v1,1,385,400,alt,alt,alt,unknown,alt,wordfreq:ro,wordfreq_seeded;deterministically_filtered;structurally_curated
ro,v1,1,386,401,astăzi,astăzi,astăzi,unknown,astăzi,wordfreq:ro,wordfreq_seeded;deterministically_filtered;structurally_curated
ro,v1,1,387,402,biserica,biserica,biserica,unknown,biserica,wordfreq:ro,wordfreq_seeded;deterministically_filtered;structurally_curated
ro,v1,1,388,403,copiii,copiii,copiii,unknown,copiii,wordfreq:ro,wordfreq_seeded;deterministically_filtered;structurally_curated
ro,v1,1,389,404,cunoscut,cunoscut,cunoscut,unknown,cunoscut,wordfreq:ro,wordfreq_seeded;deterministically_filtered;structurally_curated
ro,v1,1,390,405,jurul,jurul,jurul,unknown,jurul,wordfreq:ro,wordfreq_seeded;deterministically_filtered;structurally_curated
ro,v1,1,391,406,urmare,urmare,urmare,unknown,urmare,wordfreq:ro,wordfreq_seeded;deterministically_filtered;structurally_curated
ro,v1,1,392,407,vreme,vreme,vreme,unknown,vreme,wordfreq:ro,wordfreq_seeded;deterministically_filtered;structurally_curated
ro,v1,1,393,408,începe,începe,începe,unknown,începe,wordfreq:ro,wordfreq_seeded;deterministically_filtered;structurally_curated
ro,v1,1,394,409,începând,începând,începând,unknown,începând,wordfreq:ro,wordfreq_seeded;deterministically_filtered;structurally_curated
ro,v1,1,395,410,domnul,domnul,domnul,unknown,domnul,wordfreq:ro,wordfreq_seeded;deterministically_filtered;structurally_curated
ro,v1,1,396,411,dvs,dvs,dvs,unknown,dvs,wordfreq:ro,wordfreq_seeded;deterministically_filtered;structurally_curated
ro,v1,1,397,412,joc,joc,joc,unknown,joc,wordfreq:ro,wordfreq_seeded;deterministically_filtered;structurally_curated
ro,v1,1,398,413,lucrurile,lucrurile,lucrurile,unknown,lucrurile,wordfreq:ro,wordfreq_seeded;deterministically_filtered;structurally_curated
ro,v1,1,399,414,mereu,mereu,mereu,unknown,mereu,wordfreq:ro,wordfreq_seeded;deterministically_filtered;structurally_curated
ro,v1,1,400,415,primele,primele,primele,unknown,primele,wordfreq:ro,wordfreq_seeded;deterministically_filtered;structurally_curated
ro,v1,1,401,416,știe,știe,știe,unknown,știe,wordfreq:ro,wordfreq_seeded;deterministically_filtered;structurally_curated
ro,v1,1,402,417,țară,țară,țară,unknown,țară,wordfreq:ro,wordfreq_seeded;deterministically_filtered;structurally_curated
ro,v1,1,403,418,activitatea,activitatea,activitatea,unknown,activitatea,wordfreq:ro,wordfreq_seeded;deterministically_filtered;structurally_curated
ro,v1,1,404,419,dă,dă,dă,unknown,dă,wordfreq:ro,wordfreq_seeded;deterministically_filtered;structurally_curated
ro,v1,1,405,420,familie,familie,familie,unknown,familie,wordfreq:ro,wordfreq_seeded;deterministically_filtered;structurally_curated
ro,v1,1,406,421,februarie,februarie,februarie,unknown,februarie,wordfreq:ro,wordfreq_seeded;deterministically_filtered;structurally_curated
ro,v1,1,407,422,singur,singur,singur,unknown,singur,wordfreq:ro,wordfreq_seeded;deterministically_filtered;structurally_curated
ro,v1,1,408,423,statului,statului,statului,unknown,statului,wordfreq:ro,wordfreq_seeded;deterministically_filtered;structurally_curated
ro,v1,1,409,424,țara,țara,țara,unknown,țara,wordfreq:ro,wordfreq_seeded;deterministically_filtered;structurally_curated
ro,v1,1,410,425,cam,cam,cam,unknown,cam,wordfreq:ro,wordfreq_seeded;deterministically_filtered;structurally_curated
ro,v1,1,411,426,facem,facem,facem,unknown,facem,wordfreq:ro,wordfreq_seeded;deterministically_filtered;structurally_curated
ro,v1,1,412,427,odată,odată,odată,unknown,odată,wordfreq:ro,wordfreq_seeded;deterministically_filtered;structurally_curated
ro,v1,1,413,428,oficial,oficial,oficial,unknown,oficial,wordfreq:ro,wordfreq_seeded;deterministically_filtered;structurally_curated
ro,v1,1,414,429,politică,politică,politică,unknown,politică,wordfreq:ro,wordfreq_seeded;deterministically_filtered;structurally_curated
ro,v1,1,415,430,privind,privind,privind,unknown,privind,wordfreq:ro,wordfreq_seeded;deterministically_filtered;structurally_curated
ro,v1,1,416,431,rămas,rămas,rămas,unknown,rămas,wordfreq:ro,wordfreq_seeded;deterministically_filtered;structurally_curated
ro,v1,1,417,432,rămâne,rămâne,rămâne,unknown,rămâne,wordfreq:ro,wordfreq_seeded;deterministically_filtered;structurally_curated
ro,v1,1,418,433,veți,veți,veți,unknown,veți,wordfreq:ro,wordfreq_seeded;deterministically_filtered;structurally_curated
ro,v1,1,419,434,cand,cand,cand,unknown,cand,wordfreq:ro,wordfreq_seeded;deterministically_filtered;structurally_curated
ro,v1,1,420,435,formă,formă,formă,unknown,formă,wordfreq:ro,wordfreq_seeded;deterministically_filtered;structurally_curated
ro,v1,1,421,436,mică,mică,mică,unknown,mică,wordfreq:ro,wordfreq_seeded;deterministically_filtered;structurally_curated
ro,v1,1,422,437,număr,număr,număr,unknown,număr,wordfreq:ro,wordfreq_seeded;deterministically_filtered;structurally_curated
ro,v1,1,423,438,sistemul,sistemul,sistemul,unknown,sistemul,wordfreq:ro,wordfreq_seeded;deterministically_filtered;structurally_curated
ro,v1,1,424,439,vechi,vechi,vechi,unknown,vechi,wordfreq:ro,wordfreq_seeded;deterministically_filtered;structurally_curated
ro,v1,1,425,440,zis,zis,zis,unknown,zis,wordfreq:ro,wordfreq_seeded;deterministically_filtered;structurally_curated
ro,v1,1,426,441,aveți,aveți,aveți,unknown,aveți,wordfreq:ro,wordfreq_seeded;deterministically_filtered;structurally_curated
ro,v1,1,427,442,b,b,b,unknown,b,wordfreq:ro,wordfreq_seeded;deterministically_filtered;structurally_curated
ro,v1,1,428,443,casă,casă,casă,unknown,casă,wordfreq:ro,wordfreq_seeded;deterministically_filtered;structurally_curated
ro,v1,1,429,444,copil,copil,copil,unknown,copil,wordfreq:ro,wordfreq_seeded;deterministically_filtered;structurally_curated
ro,v1,1,430,445,datorită,datorită,datorită,unknown,datorită,wordfreq:ro,wordfreq_seeded;deterministically_filtered;structurally_curated
ro,v1,1,431,446,dupa,dupa,dupa,unknown,dupa,wordfreq:ro,wordfreq_seeded;deterministically_filtered;structurally_curated
ro,v1,1,432,447,film,film,film,unknown,film,wordfreq:ro,wordfreq_seeded;deterministically_filtered;structurally_curated
ro,v1,1,433,448,iași,iași,iași,unknown,iași,wordfreq:ro,wordfreq_seeded;deterministically_filtered;structurally_curated
ro,v1,1,434,449,importante,importante,importante,unknown,importante,wordfreq:ro,wordfreq_seeded;deterministically_filtered;structurally_curated
ro,v1,1,435,450,nivel,nivel,nivel,unknown,nivel,wordfreq:ro,wordfreq_seeded;deterministically_filtered;structurally_curated
ro,v1,1,436,451,publicat,publicat,publicat,unknown,publicat,wordfreq:ro,wordfreq_seeded;deterministically_filtered;structurally_curated
ro,v1,1,437,452,putut,putut,putut,unknown,putut,wordfreq:ro,wordfreq_seeded;deterministically_filtered;structurally_curated
ro,v1,1,438,453,reușit,reușit,reușit,unknown,reușit,wordfreq:ro,wordfreq_seeded;deterministically_filtered;structurally_curated
ro,v1,1,439,454,sistem,sistem,sistem,unknown,sistem,wordfreq:ro,wordfreq_seeded;deterministically_filtered;structurally_curated
ro,v1,1,440,455,vin,vin,vin,unknown,vin,wordfreq:ro,wordfreq_seeded;deterministically_filtered;structurally_curated
ro,v1,1,441,456,aceeași,aceeași,aceeași,unknown,aceeași,wordfreq:ro,wordfreq_seeded;deterministically_filtered;structurally_curated
ro,v1,1,442,457,acestui,acestui,acestui,unknown,acestui,wordfreq:ro,wordfreq_seeded;deterministically_filtered;structurally_curated
ro,v1,1,443,458,acord,acord,acord,unknown,acord,wordfreq:ro,wordfreq_seeded;deterministically_filtered;structurally_curated
ro,v1,1,444,459,aflat,aflat,aflat,unknown,aflat,wordfreq:ro,wordfreq_seeded;deterministically_filtered;structurally_curated
ro,v1,1,445,460,ajuta,ajuta,ajuta,unknown,ajuta,wordfreq:ro,wordfreq_seeded;deterministically_filtered;structurally_curated
ro,v1,1,446,461,dau,dau,dau,unknown,dau,wordfreq:ro,wordfreq_seeded;deterministically_filtered;structurally_curated
ro,v1,1,447,462,ion,ion,ion,unknown,ion,wordfreq:ro,wordfreq_seeded;deterministically_filtered;structurally_curated
ro,v1,1,448,463,mele,mele,mele,unknown,mele,wordfreq:ro,wordfreq_seeded;deterministically_filtered;structurally_curated
ro,v1,1,449,464,nicolae,nicolae,nicolae,unknown,nicolae,wordfreq:ro,wordfreq_seeded;deterministically_filtered;structurally_curated
ro,v1,1,450,465,realizat,realizat,realizat,unknown,realizat,wordfreq:ro,wordfreq_seeded;deterministically_filtered;structurally_curated
ro,v1,1,451,466,tocmai,tocmai,tocmai,unknown,tocmai,wordfreq:ro,wordfreq_seeded;deterministically_filtered;structurally_curated
ro,v1,1,452,467,x,x,x,unknown,x,wordfreq:ro,wordfreq_seeded;deterministically_filtered;structurally_curated
ro,v1,1,453,468,țării,țării,țării,unknown,țării,wordfreq:ro,wordfreq_seeded;deterministically_filtered;structurally_curated
ro,v1,1,454,469,ci,ci,ci,unknown,ci,wordfreq:ro,wordfreq_seeded;deterministically_filtered;structurally_curated
ro,v1,1,455,470,exact,exact,exact,unknown,exact,wordfreq:ro,wordfreq_seeded;deterministically_filtered;structurally_curated
ro,v1,1,456,471,frumos,frumos,frumos,unknown,frumos,wordfreq:ro,wordfreq_seeded;deterministically_filtered;structurally_curated
ro,v1,1,457,472,guvernul,guvernul,guvernul,unknown,guvernul,wordfreq:ro,wordfreq_seeded;deterministically_filtered;structurally_curated
ro,v1,1,458,473,jumătate,jumătate,jumătate,unknown,jumătate,wordfreq:ro,wordfreq_seeded;deterministically_filtered;structurally_curated
ro,v1,1,459,474,lea,lea,lea,unknown,lea,wordfreq:ro,wordfreq_seeded;deterministically_filtered;structurally_curated
ro,v1,1,460,475,new,new,new,unknown,new,wordfreq:ro,wordfreq_seeded;deterministically_filtered;structurally_curated
ro,v1,1,461,476,persoană,persoană,persoană,unknown,persoană,wordfreq:ro,wordfreq_seeded;deterministically_filtered;structurally_curated
ro,v1,1,462,477,printr,printr,printr,unknown,printr,wordfreq:ro,wordfreq_seeded;deterministically_filtered;structurally_curated
ro,v1,1,463,478,române,române,române,unknown,române,wordfreq:ro,wordfreq_seeded;deterministically_filtered;structurally_curated
ro,v1,1,464,479,serie,serie,serie,unknown,serie,wordfreq:ro,wordfreq_seeded;deterministically_filtered;structurally_curated
ro,v1,1,465,480,siguranță,siguranță,siguranță,unknown,siguranță,wordfreq:ro,wordfreq_seeded;deterministically_filtered;structurally_curated
ro,v1,1,466,481,succes,succes,succes,unknown,succes,wordfreq:ro,wordfreq_seeded;deterministically_filtered;structurally_curated
ro,v1,1,467,482,totuși,totuși,totuși,unknown,totuși,wordfreq:ro,wordfreq_seeded;deterministically_filtered;structurally_curated
ro,v1,1,468,483,aduce,aduce,aduce,unknown,aduce,wordfreq:ro,wordfreq_seeded;deterministically_filtered;structurally_curated
ro,v1,1,469,484,doilea,doilea,doilea,unknown,doilea,wordfreq:ro,wordfreq_seeded;deterministically_filtered;structurally_curated
ro,v1,1,470,485,domeniul,domeniul,domeniul,unknown,domeniul,wordfreq:ro,wordfreq_seeded;deterministically_filtered;structurally_curated
ro,v1,1,471,486,europene,europene,europene,unknown,europene,wordfreq:ro,wordfreq_seeded;deterministically_filtered;structurally_curated
ro,v1,1,472,487,fata,fata,fata,unknown,fata,wordfreq:ro,wordfreq_seeded;deterministically_filtered;structurally_curated
ro,v1,1,473,488,folosit,folosit,folosit,unknown,folosit,wordfreq:ro,wordfreq_seeded;deterministically_filtered;structurally_curated
ro,v1,1,474,489,imediat,imediat,imediat,unknown,imediat,wordfreq:ro,wordfreq_seeded;deterministically_filtered;structurally_curated
ro,v1,1,475,490,internațional,internațional,internațional,unknown,internațional,wordfreq:ro,wordfreq_seeded;deterministically_filtered;structurally_curated
ro,v1,1,476,491,istoria,istoria,istoria,unknown,istoria,wordfreq:ro,wordfreq_seeded;deterministically_filtered;structurally_curated
ro,v1,1,477,492,local,local,local,unknown,local,wordfreq:ro,wordfreq_seeded;deterministically_filtered;structurally_curated
ro,v1,1,478,493,majoritatea,majoritatea,majoritatea,unknown,majoritatea,wordfreq:ro,wordfreq_seeded;deterministically_filtered;structurally_curated
ro,v1,1,479,494,mama,mama,mama,unknown,mama,wordfreq:ro,wordfreq_seeded;deterministically_filtered;structurally_curated
ro,v1,1,480,495,place,place,place,unknown,place,wordfreq:ro,wordfreq_seeded;deterministically_filtered;structurally_curated
ro,v1,1,481,496,posibil,posibil,posibil,unknown,posibil,wordfreq:ro,wordfreq_seeded;deterministically_filtered;structurally_curated
ro,v1,1,482,497,sua,sua,sua,unknown,sua,wordfreq:ro,wordfreq_seeded;deterministically_filtered;structurally_curated
ro,v1,1,483,498,ultimul,ultimul,ultimul,unknown,ultimul,wordfreq:ro,wordfreq_seeded;deterministically_filtered;structurally_curated
ro,v1,1,484,499,vreo,vreo,vreo,unknown,vreo,wordfreq:ro,wordfreq_seeded;deterministically_filtered;structurally_curated
ro,v1,1,485,500,altfel,altfel,altfel,unknown,altfel,wordfreq:ro,wordfreq_seeded;deterministically_filtered;structurally_curated
ro,v1,1,486,501,bază,bază,bază,unknown,bază,wordfreq:ro,wordfreq_seeded;deterministically_filtered;structurally_curated
ro,v1,1,487,502,cap,cap,cap,unknown,cap,wordfreq:ro,wordfreq_seeded;deterministically_filtered;structurally_curated
ro,v1,1,488,503,femeie,femeie,femeie,unknown,femeie,wordfreq:ro,wordfreq_seeded;deterministically_filtered;structurally_curated
ro,v1,1,489,504,momentul,momentul,momentul,unknown,momentul,wordfreq:ro,wordfreq_seeded;deterministically_filtered;structurally_curated
ro,v1,1,490,505,măcar,măcar,măcar,unknown,măcar,wordfreq:ro,wordfreq_seeded;deterministically_filtered;structurally_curated
ro,v1,1,491,506,p,p,p,unknown,p,wordfreq:ro,wordfreq_seeded;deterministically_filtered;structurally_curated
ro,v1,1,492,507,produs,produs,produs,unknown,produs,wordfreq:ro,wordfreq_seeded;deterministically_filtered;structurally_curated
ro,v1,1,493,508,rău,rău,rău,unknown,rău,wordfreq:ro,wordfreq_seeded;deterministically_filtered;structurally_curated
ro,v1,1,494,509,război,război,război,unknown,război,wordfreq:ro,wordfreq_seeded;deterministically_filtered;structurally_curated
ro,v1,1,495,510,vreau,vreau,vreau,unknown,vreau,wordfreq:ro,wordfreq_seeded;deterministically_filtered;structurally_curated
ro,v1,1,496,511,țări,țări,țări,unknown,țări,wordfreq:ro,wordfreq_seeded;deterministically_filtered;structurally_curated
ro,v1,1,497,512,anii,anii,anii,unknown,anii,wordfreq:ro,wordfreq_seeded;deterministically_filtered;structurally_curated
ro,v1,1,498,513,dus,dus,dus,unknown,dus,wordfreq:ro,wordfreq_seeded;deterministically_filtered;structurally_curated
ro,v1,1,499,514,fii,fii,fii,unknown,fii,wordfreq:ro,wordfreq_seeded;deterministically_filtered;structurally_curated
ro,v1,1,500,515,găsit,găsit,găsit,unknown,găsit,wordfreq:ro,wordfreq_seeded;deterministically_filtered;structurally_curated
ro,v1,1,501,516,moartea,moartea,moartea,unknown,moartea,wordfreq:ro,wordfreq_seeded;deterministically_filtered;structurally_curated
ro,v1,1,502,517,muncă,muncă,muncă,unknown,muncă,wordfreq:ro,wordfreq_seeded;deterministically_filtered;structurally_curated
ro,v1,1,503,518,noua,noua,noua,unknown,noua,wordfreq:ro,wordfreq_seeded;deterministically_filtered;structurally_curated
ro,v1,1,504,519,orașului,orașului,orașului,unknown,orașului,wordfreq:ro,wordfreq_seeded;deterministically_filtered;structurally_curated
ro,v1,1,505,520,problema,problema,problema,unknown,problema,wordfreq:ro,wordfreq_seeded;deterministically_filtered;structurally_curated
ro,v1,1,506,521,începutul,începutul,începutul,unknown,începutul,wordfreq:ro,wordfreq_seeded;deterministically_filtered;structurally_curated
ro,v1,1,507,523,acel,acel,acel,unknown,acel,wordfreq:ro,wordfreq_seeded;deterministically_filtered;structurally_curated
ro,v1,1,508,524,bisericii,bisericii,bisericii,unknown,bisericii,wordfreq:ro,wordfreq_seeded;deterministically_filtered;structurally_curated
ro,v1,1,509,525,cartea,cartea,cartea,unknown,cartea,wordfreq:ro,wordfreq_seeded;deterministically_filtered;structurally_curated
ro,v1,1,510,526,compania,compania,compania,unknown,compania,wordfreq:ro,wordfreq_seeded;deterministically_filtered;structurally_curated
ro,v1,1,511,527,declarat,declarat,declarat,unknown,declarat,wordfreq:ro,wordfreq_seeded;deterministically_filtered;structurally_curated
ro,v1,1,512,528,dr,dr,dr,unknown,dr,wordfreq:ro,wordfreq_seeded;deterministically_filtered;structurally_curated
ro,v1,1,513,529,genul,genul,genul,unknown,genul,wordfreq:ro,wordfreq_seeded;deterministically_filtered;structurally_curated
ro,v1,1,514,530,gheorghe,gheorghe,gheorghe,unknown,gheorghe,wordfreq:ro,wordfreq_seeded;deterministically_filtered;structurally_curated
ro,v1,1,515,531,intrat,intrat,intrat,unknown,intrat,wordfreq:ro,wordfreq_seeded;deterministically_filtered;structurally_curated
ro,v1,1,516,532,nord,nord,nord,unknown,nord,wordfreq:ro,wordfreq_seeded;deterministically_filtered;structurally_curated
ro,v1,1,517,533,președintele,președintele,președintele,unknown,președintele,wordfreq:ro,wordfreq_seeded;deterministically_filtered;structurally_curated
ro,v1,1,518,534,seama,seama,seama,unknown,seama,wordfreq:ro,wordfreq_seeded;deterministically_filtered;structurally_curated
ro,v1,1,519,535,sigur,sigur,sigur,unknown,sigur,wordfreq:ro,wordfreq_seeded;deterministically_filtered;structurally_curated
ro,v1,1,520,536,video,video,video,unknown,video,wordfreq:ro,wordfreq_seeded;deterministically_filtered;structurally_curated
ro,v1,1,521,537,vrei,vrei,vrei,unknown,vrei,wordfreq:ro,wordfreq_seeded;deterministically_filtered;structurally_curated
ro,v1,1,522,539,acea,acea,acea,unknown,acea,wordfreq:ro,wordfreq_seeded;deterministically_filtered;structurally_curated
ro,v1,1,523,540,adus,adus,adus,unknown,adus,wordfreq:ro,wordfreq_seeded;deterministically_filtered;structurally_curated
ro,v1,1,524,541,asa,asa,asa,unknown,asa,wordfreq:ro,wordfreq_seeded;deterministically_filtered;structurally_curated
ro,v1,1,525,542,banii,banii,banii,unknown,banii,wordfreq:ro,wordfreq_seeded;deterministically_filtered;structurally_curated
ro,v1,1,526,543,drumul,drumul,drumul,unknown,drumul,wordfreq:ro,wordfreq_seeded;deterministically_filtered;structurally_curated
ro,v1,1,527,544,forma,forma,forma,unknown,forma,wordfreq:ro,wordfreq_seeded;deterministically_filtered;structurally_curated
ro,v1,1,528,545,grup,grup,grup,unknown,grup,wordfreq:ro,wordfreq_seeded;deterministically_filtered;structurally_curated
ro,v1,1,529,546,mondial,mondial,mondial,unknown,mondial,wordfreq:ro,wordfreq_seeded;deterministically_filtered;structurally_curated
ro,v1,1,530,547,multă,multă,multă,unknown,multă,wordfreq:ro,wordfreq_seeded;deterministically_filtered;structurally_curated
ro,v1,1,531,548,respectiv,respectiv,respectiv,unknown,respectiv,wordfreq:ro,wordfreq_seeded;deterministically_filtered;structurally_curated
ro,v1,1,532,549,scurt,scurt,scurt,unknown,scurt,wordfreq:ro,wordfreq_seeded;deterministically_filtered;structurally_curated
ro,v1,1,533,550,tale,tale,tale,unknown,tale,wordfreq:ro,wordfreq_seeded;deterministically_filtered;structurally_curated
ro,v1,1,534,551,tuturor,tuturor,tuturor,unknown,tuturor,wordfreq:ro,wordfreq_seeded;deterministically_filtered;structurally_curated
ro,v1,1,535,552,tv,tv,tv,unknown,tv,wordfreq:ro,wordfreq_seeded;deterministically_filtered;structurally_curated
ro,v1,1,536,553,bărbat,bărbat,bărbat,unknown,bărbat,wordfreq:ro,wordfreq_seeded;deterministically_filtered;structurally_curated
ro,v1,1,537,554,istorie,istorie,istorie,unknown,istorie,wordfreq:ro,wordfreq_seeded;deterministically_filtered;structurally_curated
ro,v1,1,538,555,of,of,of,unknown,of,wordfreq:ro,wordfreq_seeded;deterministically_filtered;structurally_curated
ro,v1,1,539,556,orașul,orașul,orașul,unknown,orașul,wordfreq:ro,wordfreq_seeded;deterministically_filtered;structurally_curated
ro,v1,1,540,557,președinte,președinte,președinte,unknown,președinte,wordfreq:ro,wordfreq_seeded;deterministically_filtered;structurally_curated
ro,v1,1,541,558,românești,românești,românești,unknown,românești,wordfreq:ro,wordfreq_seeded;deterministically_filtered;structurally_curated
ro,v1,1,542,559,timișoara,timișoara,timișoara,unknown,timișoara,wordfreq:ro,wordfreq_seeded;deterministically_filtered;structurally_curated
ro,v1,1,543,560,uneori,uneori,uneori,unknown,uneori,wordfreq:ro,wordfreq_seeded;deterministically_filtered;structurally_curated
ro,v1,1,544,561,șase,șase,șase,unknown,șase,wordfreq:ro,wordfreq_seeded;deterministically_filtered;structurally_curated
ro,v1,1,545,562,afla,afla,afla,unknown,afla,wordfreq:ro,wordfreq_seeded;deterministically_filtered;structurally_curated
ro,v1,1,546,563,aibă,aibă,aibă,unknown,aibă,wordfreq:ro,wordfreq_seeded;deterministically_filtered;structurally_curated
ro,v1,1,547,564,direct,direct,direct,unknown,direct,wordfreq:ro,wordfreq_seeded;deterministically_filtered;structurally_curated
ro,v1,1,548,565,drum,drum,drum,unknown,drum,wordfreq:ro,wordfreq_seeded;deterministically_filtered;structurally_curated
ro,v1,1,549,566,il,il,il,unknown,il,wordfreq:ro,wordfreq_seeded;deterministically_filtered;structurally_curated
ro,v1,1,550,567,legătură,legătură,legătură,unknown,legătură,wordfreq:ro,wordfreq_seeded;deterministically_filtered;structurally_curated
ro,v1,1,551,568,liber,liber,liber,unknown,liber,wordfreq:ro,wordfreq_seeded;deterministically_filtered;structurally_curated
ro,v1,1,552,569,luptă,luptă,luptă,unknown,luptă,wordfreq:ro,wordfreq_seeded;deterministically_filtered;structurally_curated
ro,v1,1,553,570,merge,merge,merge,unknown,merge,wordfreq:ro,wordfreq_seeded;deterministically_filtered;structurally_curated
ro,v1,1,554,571,motiv,motiv,motiv,unknown,motiv,wordfreq:ro,wordfreq_seeded;deterministically_filtered;structurally_curated
ro,v1,1,555,572,republica,republica,republica,unknown,republica,wordfreq:ro,wordfreq_seeded;deterministically_filtered;structurally_curated
ro,v1,1,556,573,seara,seara,seara,unknown,seara,wordfreq:ro,wordfreq_seeded;deterministically_filtered;structurally_curated
ro,v1,1,557,574,sfârșitul,sfârșitul,sfârșitul,unknown,sfârșitul,wordfreq:ro,wordfreq_seeded;deterministically_filtered;structurally_curated
ro,v1,1,558,575,sud,sud,sud,unknown,sud,wordfreq:ro,wordfreq_seeded;deterministically_filtered;structurally_curated
ro,v1,1,559,576,văd,văd,văd,unknown,văd,wordfreq:ro,wordfreq_seeded;deterministically_filtered;structurally_curated
ro,v1,1,560,578,aceștia,aceștia,aceștia,unknown,aceștia,wordfreq:ro,wordfreq_seeded;deterministically_filtered;structurally_curated
ro,v1,1,561,579,clar,clar,clar,unknown,clar,wordfreq:ro,wordfreq_seeded;deterministically_filtered;structurally_curated
ro,v1,1,562,580,consiliul,consiliul,consiliul,unknown,consiliul,wordfreq:ro,wordfreq_seeded;deterministically_filtered;structurally_curated
ro,v1,1,563,581,locale,locale,locale,unknown,locale,wordfreq:ro,wordfreq_seeded;deterministically_filtered;structurally_curated
ro,v1,1,564,582,locuri,locuri,locuri,unknown,locuri,wordfreq:ro,wordfreq_seeded;deterministically_filtered;structurally_curated
ro,v1,1,565,583,ma,ma,ma,unknown,ma,wordfreq:ro,wordfreq_seeded;deterministically_filtered;structurally_curated
ro,v1,1,566,584,mediu,mediu,mediu,unknown,mediu,wordfreq:ro,wordfreq_seeded;deterministically_filtered;structurally_curated
ro,v1,1,567,585,membru,membru,membru,unknown,membru,wordfreq:ro,wordfreq_seeded;deterministically_filtered;structurally_curated
ro,v1,1,568,586,ochii,ochii,ochii,unknown,ochii,wordfreq:ro,wordfreq_seeded;deterministically_filtered;structurally_curated
ro,v1,1,569,587,pierdut,pierdut,pierdut,unknown,pierdut,wordfreq:ro,wordfreq_seeded;deterministically_filtered;structurally_curated
ro,v1,1,570,588,sex,sex,sex,unknown,sex,wordfreq:ro,wordfreq_seeded;deterministically_filtered;structurally_curated
ro,v1,1,571,589,tare,tare,tare,unknown,tare,wordfreq:ro,wordfreq_seeded;deterministically_filtered;structurally_curated
ro,v1,1,572,590,total,total,total,unknown,total,wordfreq:ro,wordfreq_seeded;deterministically_filtered;structurally_curated
ro,v1,1,573,591,ului,ului,ului,unknown,ului,wordfreq:ro,wordfreq_seeded;deterministically_filtered;structurally_curated
ro,v1,1,574,592,unii,unii,unii,unknown,unii,wordfreq:ro,wordfreq_seeded;deterministically_filtered;structurally_curated
ro,v1,1,575,593,vieții,vieții,vieții,unknown,vieții,wordfreq:ro,wordfreq_seeded;deterministically_filtered;structurally_curated
ro,v1,1,576,595,abia,abia,abia,unknown,abia,wordfreq:ro,wordfreq_seeded;deterministically_filtered;structurally_curated
ro,v1,1,577,596,ajutorul,ajutorul,ajutorul,unknown,ajutorul,wordfreq:ro,wordfreq_seeded;deterministically_filtered;structurally_curated
ro,v1,1,578,597,ajută,ajută,ajută,unknown,ajută,wordfreq:ro,wordfreq_seeded;deterministically_filtered;structurally_curated
ro,v1,1,579,598,celui,celui,celui,unknown,celui,wordfreq:ro,wordfreq_seeded;deterministically_filtered;structurally_curated
ro,v1,1,580,599,dea,dea,dea,unknown,dea,wordfreq:ro,wordfreq_seeded;deterministically_filtered;structurally_curated
ro,v1,1,581,600,du,du,du,unknown,du,wordfreq:ro,wordfreq_seeded;deterministically_filtered;structurally_curated
ro,v1,1,582,601,femei,femei,femei,unknown,femei,wordfreq:ro,wordfreq_seeded;deterministically_filtered;structurally_curated
ro,v1,1,583,602,ideea,ideea,ideea,unknown,ideea,wordfreq:ro,wordfreq_seeded;deterministically_filtered;structurally_curated
ro,v1,1,584,603,informații,informații,informații,unknown,informații,wordfreq:ro,wordfreq_seeded;deterministically_filtered;structurally_curated
ro,v1,1,585,604,politice,politice,politice,unknown,politice,wordfreq:ro,wordfreq_seeded;deterministically_filtered;structurally_curated
ro,v1,1,586,605,potrivit,potrivit,potrivit,unknown,potrivit,wordfreq:ro,wordfreq_seeded;deterministically_filtered;structurally_curated
ro,v1,1,587,606,săi,săi,săi,unknown,săi,wordfreq:ro,wordfreq_seeded;deterministically_filtered;structurally_curated
ro,v1,1,588,607,uri,uri,uri,unknown,uri,wordfreq:ro,wordfreq_seeded;deterministically_filtered;structurally_curated
ro,v1,1,589,608,următoarele,următoarele,următoarele,unknown,următoarele,wordfreq:ro,wordfreq_seeded;deterministically_filtered;structurally_curated
ro,v1,1,590,609,întotdeauna,întotdeauna,întotdeauna,unknown,întotdeauna,wordfreq:ro,wordfreq_seeded;deterministically_filtered;structurally_curated
ro,v1,1,591,610,întreaga,întreaga,întreaga,unknown,întreaga,wordfreq:ro,wordfreq_seeded;deterministically_filtered;structurally_curated
ro,v1,1,592,611,alexandru,alexandru,alexandru,unknown,alexandru,wordfreq:ro,wordfreq_seeded;deterministically_filtered;structurally_curated
ro,v1,1,593,612,apare,apare,apare,unknown,apare,wordfreq:ro,wordfreq_seeded;deterministically_filtered;structurally_curated
ro,v1,1,594,613,cărți,cărți,cărți,unknown,cărți,wordfreq:ro,wordfreq_seeded;deterministically_filtered;structurally_curated
ro,v1,1,595,614,diverse,diverse,diverse,unknown,diverse,wordfreq:ro,wordfreq_seeded;deterministically_filtered;structurally_curated
ro,v1,1,596,615,euro,euro,euro,unknown,euro,wordfreq:ro,wordfreq_seeded;deterministically_filtered;structurally_curated
ro,v1,1,597,616,felul,felul,felul,unknown,felul,wordfreq:ro,wordfreq_seeded;deterministically_filtered;structurally_curated
ro,v1,1,598,617,fiica,fiica,fiica,unknown,fiica,wordfreq:ro,wordfreq_seeded;deterministically_filtered;structurally_curated
ro,v1,1,599,618,germania,germania,germania,unknown,germania,wordfreq:ro,wordfreq_seeded;deterministically_filtered;structurally_curated
ro,v1,1,600,619,ieri,ieri,ieri,unknown,ieri,wordfreq:ro,wordfreq_seeded;deterministically_filtered;structurally_curated
ro,v1,1,601,620,km,km,km,unknown,km,wordfreq:ro,wordfreq_seeded;deterministically_filtered;structurally_curated
ro,v1,1,602,621,lista,lista,lista,unknown,lista,wordfreq:ro,wordfreq_seeded;deterministically_filtered;structurally_curated
ro,v1,1,603,622,nicio,nicio,nicio,unknown,nicio,wordfreq:ro,wordfreq_seeded;deterministically_filtered;structurally_curated
ro,v1,1,604,623,născut,născut,născut,unknown,născut,wordfreq:ro,wordfreq_seeded;deterministically_filtered;structurally_curated
ro,v1,1,605,624,plus,plus,plus,unknown,plus,wordfreq:ro,wordfreq_seeded;deterministically_filtered;structurally_curated
ro,v1,1,606,625,românesc,românesc,românesc,unknown,românesc,wordfreq:ro,wordfreq_seeded;deterministically_filtered;structurally_curated
ro,v1,1,607,626,scrie,scrie,scrie,unknown,scrie,wordfreq:ro,wordfreq_seeded;deterministically_filtered;structurally_curated
ro,v1,1,608,627,sfântul,sfântul,sfântul,unknown,sfântul,wordfreq:ro,wordfreq_seeded;deterministically_filtered;structurally_curated
ro,v1,1,609,628,statul,statul,statul,unknown,statul,wordfreq:ro,wordfreq_seeded;deterministically_filtered;structurally_curated
ro,v1,1,610,629,trece,trece,trece,unknown,trece,wordfreq:ro,wordfreq_seeded;deterministically_filtered;structurally_curated
ro,v1,1,611,630,încât,încât,încât,unknown,încât,wordfreq:ro,wordfreq_seeded;deterministically_filtered;structurally_curated
ro,v1,1,612,631,afara,afara,afara,unknown,afara,wordfreq:ro,wordfreq_seeded;deterministically_filtered;structurally_curated
ro,v1,1,613,632,afară,afară,afară,unknown,afară,wordfreq:ro,wordfreq_seeded;deterministically_filtered;structurally_curated
ro,v1,1,614,633,copilul,copilul,copilul,unknown,copilul,wordfreq:ro,wordfreq_seeded;deterministically_filtered;structurally_curated
ro,v1,1,615,634,devine,devine,devine,unknown,devine,wordfreq:ro,wordfreq_seeded;deterministically_filtered;structurally_curated
ro,v1,1,616,635,maria,maria,maria,unknown,maria,wordfreq:ro,wordfreq_seeded;deterministically_filtered;structurally_curated
ro,v1,1,617,636,michael,michael,michael,unknown,michael,wordfreq:ro,wordfreq_seeded;deterministically_filtered;structurally_curated
ro,v1,1,618,637,niciun,niciun,niciun,unknown,niciun,wordfreq:ro,wordfreq_seeded;deterministically_filtered;structurally_curated
ro,v1,1,619,638,noapte,noapte,noapte,unknown,noapte,wordfreq:ro,wordfreq_seeded;deterministically_filtered;structurally_curated
ro,v1,1,620,639,participat,participat,participat,unknown,participat,wordfreq:ro,wordfreq_seeded;deterministically_filtered;structurally_curated
ro,v1,1,621,640,pământ,pământ,pământ,unknown,pământ,wordfreq:ro,wordfreq_seeded;deterministically_filtered;structurally_curated
ro,v1,1,622,641,r,r,r,unknown,r,wordfreq:ro,wordfreq_seeded;deterministically_filtered;structurally_curated
ro,v1,1,623,642,rusia,rusia,rusia,unknown,rusia,wordfreq:ro,wordfreq_seeded;deterministically_filtered;structurally_curated
ro,v1,1,624,643,soția,soția,soția,unknown,soția,wordfreq:ro,wordfreq_seeded;deterministically_filtered;structurally_curated
ro,v1,1,625,644,studii,studii,studii,unknown,studii,wordfreq:ro,wordfreq_seeded;deterministically_filtered;structurally_curated
ro,v1,1,626,645,acestora,acestora,acestora,unknown,acestora,wordfreq:ro,wordfreq_seeded;deterministically_filtered;structurally_curated
ro,v1,1,627,646,aer,aer,aer,unknown,aer,wordfreq:ro,wordfreq_seeded;deterministically_filtered;structurally_curated
ro,v1,1,628,647,eram,eram,eram,unknown,eram,wordfreq:ro,wordfreq_seeded;deterministically_filtered;structurally_curated
ro,v1,1,629,648,exista,exista,exista,unknown,exista,wordfreq:ro,wordfreq_seeded;deterministically_filtered;structurally_curated
ro,v1,1,630,649,găsi,găsi,găsi,unknown,găsi,wordfreq:ro,wordfreq_seeded;deterministically_filtered;structurally_curated
ro,v1,1,631,650,inima,inima,inima,unknown,inima,wordfreq:ro,wordfreq_seeded;deterministically_filtered;structurally_curated
ro,v1,1,632,651,intr,intr,intr,unknown,intr,wordfreq:ro,wordfreq_seeded;deterministically_filtered;structurally_curated
ro,v1,1,633,652,metri,metri,metri,unknown,metri,wordfreq:ro,wordfreq_seeded;deterministically_filtered;structurally_curated
ro,v1,1,634,653,principal,principal,principal,unknown,principal,wordfreq:ro,wordfreq_seeded;deterministically_filtered;structurally_curated
ro,v1,1,635,654,publice,publice,publice,unknown,publice,wordfreq:ro,wordfreq_seeded;deterministically_filtered;structurally_curated
ro,v1,1,636,655,puternic,puternic,puternic,unknown,puternic,wordfreq:ro,wordfreq_seeded;deterministically_filtered;structurally_curated
ro,v1,1,637,656,scopul,scopul,scopul,unknown,scopul,wordfreq:ro,wordfreq_seeded;deterministically_filtered;structurally_curated
ro,v1,1,638,657,telefon,telefon,telefon,unknown,telefon,wordfreq:ro,wordfreq_seeded;deterministically_filtered;structurally_curated
ro,v1,1,639,658,totodată,totodată,totodată,unknown,totodată,wordfreq:ro,wordfreq_seeded;deterministically_filtered;structurally_curated
ro,v1,1,640,659,york,york,york,unknown,york,wordfreq:ro,wordfreq_seeded;deterministically_filtered;structurally_curated
ro,v1,1,641,660,întâmplă,întâmplă,întâmplă,unknown,întâmplă,wordfreq:ro,wordfreq_seeded;deterministically_filtered;structurally_curated
ro,v1,1,642,661,activitate,activitate,activitate,unknown,activitate,wordfreq:ro,wordfreq_seeded;deterministically_filtered;structurally_curated
ro,v1,1,643,662,ajutor,ajutor,ajutor,unknown,ajutor,wordfreq:ro,wordfreq_seeded;deterministically_filtered;structurally_curated
ro,v1,1,644,663,buna,buna,buna,unknown,buna,wordfreq:ro,wordfreq_seeded;deterministically_filtered;structurally_curated
ro,v1,1,645,664,chișinău,chișinău,chișinău,unknown,chișinău,wordfreq:ro,wordfreq_seeded;deterministically_filtered;structurally_curated
ro,v1,1,646,665,complet,complet,complet,unknown,complet,wordfreq:ro,wordfreq_seeded;deterministically_filtered;structurally_curated
ro,v1,1,647,666,cultural,cultural,cultural,unknown,cultural,wordfreq:ro,wordfreq_seeded;deterministically_filtered;structurally_curated
ro,v1,1,648,667,dezvoltarea,dezvoltarea,dezvoltarea,unknown,dezvoltarea,wordfreq:ro,wordfreq_seeded;deterministically_filtered;structurally_curated
ro,v1,1,649,668,director,director,director,unknown,director,wordfreq:ro,wordfreq_seeded;deterministically_filtered;structurally_curated
ro,v1,1,650,669,dreptul,dreptul,dreptul,unknown,dreptul,wordfreq:ro,wordfreq_seeded;deterministically_filtered;structurally_curated
ro,v1,1,651,670,dumneavoastră,dumneavoastră,dumneavoastră,unknown,dumneavoastră,wordfreq:ro,wordfreq_seeded;deterministically_filtered;structurally_curated
ro,v1,1,652,671,evenimente,evenimente,evenimente,unknown,evenimente,wordfreq:ro,wordfreq_seeded;deterministically_filtered;structurally_curated
ro,v1,1,653,672,internaționale,internaționale,internaționale,unknown,internaționale,wordfreq:ro,wordfreq_seeded;deterministically_filtered;structurally_curated
ro,v1,1,654,673,lua,lua,lua,unknown,lua,wordfreq:ro,wordfreq_seeded;deterministically_filtered;structurally_curated
ro,v1,1,655,674,perfect,perfect,perfect,unknown,perfect,wordfreq:ro,wordfreq_seeded;deterministically_filtered;structurally_curated
ro,v1,1,656,675,prezintă,prezintă,prezintă,unknown,prezintă,wordfreq:ro,wordfreq_seeded;deterministically_filtered;structurally_curated
ro,v1,1,657,676,pur,pur,pur,unknown,pur,wordfreq:ro,wordfreq_seeded;deterministically_filtered;structurally_curated
ro,v1,1,658,677,repede,repede,repede,unknown,repede,wordfreq:ro,wordfreq_seeded;deterministically_filtered;structurally_curated
ro,v1,1,659,678,schimb,schimb,schimb,unknown,schimb,wordfreq:ro,wordfreq_seeded;deterministically_filtered;structurally_curated
ro,v1,1,660,679,singură,singură,singură,unknown,singură,wordfreq:ro,wordfreq_seeded;deterministically_filtered;structurally_curated
ro,v1,1,661,680,universitatea,universitatea,universitatea,unknown,universitatea,wordfreq:ro,wordfreq_seeded;deterministically_filtered;structurally_curated
ro,v1,1,662,681,zonă,zonă,zonă,unknown,zonă,wordfreq:ro,wordfreq_seeded;deterministically_filtered;structurally_curated
ro,v1,1,663,682,întâlnire,întâlnire,întâlnire,unknown,întâlnire,wordfreq:ro,wordfreq_seeded;deterministically_filtered;structurally_curated
ro,v1,1,664,683,ține,ține,ține,unknown,ține,wordfreq:ro,wordfreq_seeded;deterministically_filtered;structurally_curated
ro,v1,1,665,684,acestor,acestor,acestor,unknown,acestor,wordfreq:ro,wordfreq_seeded;deterministically_filtered;structurally_curated
ro,v1,1,666,685,afaceri,afaceri,afaceri,unknown,afaceri,wordfreq:ro,wordfreq_seeded;deterministically_filtered;structurally_curated
ro,v1,1,667,686,anume,anume,anume,unknown,anume,wordfreq:ro,wordfreq_seeded;deterministically_filtered;structurally_curated
ro,v1,1,668,687,apărut,apărut,apărut,unknown,apărut,wordfreq:ro,wordfreq_seeded;deterministically_filtered;structurally_curated
ro,v1,1,669,688,brașov,brașov,brașov,unknown,brașov,wordfreq:ro,wordfreq_seeded;deterministically_filtered;structurally_curated
ro,v1,1,670,689,cale,cale,cale,unknown,cale,wordfreq:ro,wordfreq_seeded;deterministically_filtered;structurally_curated
ro,v1,1,671,690,dolari,dolari,dolari,unknown,dolari,wordfreq:ro,wordfreq_seeded;deterministically_filtered;structurally_curated
ro,v1,1,672,691,luna,luna,luna,unknown,luna,wordfreq:ro,wordfreq_seeded;deterministically_filtered;structurally_curated
ro,v1,1,673,692,naturale,naturale,naturale,unknown,naturale,wordfreq:ro,wordfreq_seeded;deterministically_filtered;structurally_curated
ro,v1,1,674,693,obicei,obicei,obicei,unknown,obicei,wordfreq:ro,wordfreq_seeded;deterministically_filtered;structurally_curated
ro,v1,1,675,694,plan,plan,plan,unknown,plan,wordfreq:ro,wordfreq_seeded;deterministically_filtered;structurally_curated
ro,v1,1,676,695,politic,politic,politic,unknown,politic,wordfreq:ro,wordfreq_seeded;deterministically_filtered;structurally_curated
ro,v1,1,677,696,privește,privește,privește,unknown,privește,wordfreq:ro,wordfreq_seeded;deterministically_filtered;structurally_curated
ro,v1,1,678,697,produse,produse,produse,unknown,produse,wordfreq:ro,wordfreq_seeded;deterministically_filtered;structurally_curated
ro,v1,1,679,698,puterea,puterea,puterea,unknown,puterea,wordfreq:ro,wordfreq_seeded;deterministically_filtered;structurally_curated
ro,v1,1,680,699,rolul,rolul,rolul,unknown,rolul,wordfreq:ro,wordfreq_seeded;deterministically_filtered;structurally_curated
ro,v1,1,681,700,statele,statele,statele,unknown,statele,wordfreq:ro,wordfreq_seeded;deterministically_filtered;structurally_curated
ro,v1,1,682,701,săptămâni,săptămâni,săptămâni,unknown,săptămâni,wordfreq:ro,wordfreq_seeded;deterministically_filtered;structurally_curated
ro,v1,1,683,702,unite,unite,unite,unknown,unite,wordfreq:ro,wordfreq_seeded;deterministically_filtered;structurally_curated
ro,v1,1,684,703,altele,altele,altele,unknown,altele,wordfreq:ro,wordfreq_seeded;deterministically_filtered;structurally_curated
ro,v1,1,685,704,andrei,andrei,andrei,unknown,andrei,wordfreq:ro,wordfreq_seeded;deterministically_filtered;structurally_curated
ro,v1,1,686,705,camera,camera,camera,unknown,camera,wordfreq:ro,wordfreq_seeded;deterministically_filtered;structurally_curated
ro,v1,1,687,706,carte,carte,carte,unknown,carte,wordfreq:ro,wordfreq_seeded;deterministically_filtered;structurally_curated
ro,v1,1,688,707,dan,dan,dan,unknown,dan,wordfreq:ro,wordfreq_seeded;deterministically_filtered;structurally_curated
ro,v1,1,689,708,david,david,david,unknown,david,wordfreq:ro,wordfreq_seeded;deterministically_filtered;structurally_curated
ro,v1,1,690,709,filme,filme,filme,unknown,filme,wordfreq:ro,wordfreq_seeded;deterministically_filtered;structurally_curated
ro,v1,1,691,710,final,final,final,unknown,final,wordfreq:ro,wordfreq_seeded;deterministically_filtered;structurally_curated
ro,v1,1,692,711,fratele,fratele,fratele,unknown,fratele,wordfreq:ro,wordfreq_seeded;deterministically_filtered;structurally_curated
ro,v1,1,693,712,george,george,george,unknown,george,wordfreq:ro,wordfreq_seeded;deterministically_filtered;structurally_curated
ro,v1,1,694,713,imagini,imagini,imagini,unknown,imagini,wordfreq:ro,wordfreq_seeded;deterministically_filtered;structurally_curated
ro,v1,1,695,714,povestea,povestea,povestea,unknown,povestea,wordfreq:ro,wordfreq_seeded;deterministically_filtered;structurally_curated
ro,v1,1,696,715,problemă,problemă,problemă,unknown,problemă,wordfreq:ro,wordfreq_seeded;deterministically_filtered;structurally_curated
ro,v1,1,697,716,publică,publică,publică,unknown,publică,wordfreq:ro,wordfreq_seeded;deterministically_filtered;structurally_curated
ro,v1,1,698,717,românească,românească,românească,unknown,românească,wordfreq:ro,wordfreq_seeded;deterministically_filtered;structurally_curated
ro,v1,1,699,718,social,social,social,unknown,social,wordfreq:ro,wordfreq_seeded;deterministically_filtered;structurally_curated
ro,v1,1,700,719,școala,școala,școala,unknown,școala,wordfreq:ro,wordfreq_seeded;deterministically_filtered;structurally_curated
ro,v1,1,701,720,apa,apa,apa,unknown,apa,wordfreq:ro,wordfreq_seeded;deterministically_filtered;structurally_curated
ro,v1,1,702,721,artă,artă,artă,unknown,artă,wordfreq:ro,wordfreq_seeded;deterministically_filtered;structurally_curated
ro,v1,1,703,722,calitate,calitate,calitate,unknown,calitate,wordfreq:ro,wordfreq_seeded;deterministically_filtered;structurally_curated
ro,v1,1,704,723,creat,creat,creat,unknown,creat,wordfreq:ro,wordfreq_seeded;deterministically_filtered;structurally_curated
ro,v1,1,705,724,curtea,curtea,curtea,unknown,curtea,wordfreq:ro,wordfreq_seeded;deterministically_filtered;structurally_curated
ro,v1,1,706,725,europeană,europeană,europeană,unknown,europeană,wordfreq:ro,wordfreq_seeded;deterministically_filtered;structurally_curated
ro,v1,1,707,726,funcția,funcția,funcția,unknown,funcția,wordfreq:ro,wordfreq_seeded;deterministically_filtered;structurally_curated
ro,v1,1,708,727,lansat,lansat,lansat,unknown,lansat,wordfreq:ro,wordfreq_seeded;deterministically_filtered;structurally_curated
ro,v1,1,709,728,lucrări,lucrări,lucrări,unknown,lucrări,wordfreq:ro,wordfreq_seeded;deterministically_filtered;structurally_curated
ro,v1,1,710,729,nivelul,nivelul,nivelul,unknown,nivelul,wordfreq:ro,wordfreq_seeded;deterministically_filtered;structurally_curated
ro,v1,1,711,730,noul,noul,noul,unknown,noul,wordfreq:ro,wordfreq_seeded;deterministically_filtered;structurally_curated
ro,v1,1,712,731,noștri,noștri,noștri,unknown,noștri,wordfreq:ro,wordfreq_seeded;deterministically_filtered;structurally_curated
ro,v1,1,713,732,oamenilor,oamenilor,oamenilor,unknown,oamenilor,wordfreq:ro,wordfreq_seeded;deterministically_filtered;structurally_curated
ro,v1,1,714,733,privire,privire,privire,unknown,privire,wordfreq:ro,wordfreq_seeded;deterministically_filtered;structurally_curated
ro,v1,1,715,734,public,public,public,unknown,public,wordfreq:ro,wordfreq_seeded;deterministically_filtered;structurally_curated
ro,v1,1,716,735,roman,roman,roman,unknown,roman,wordfreq:ro,wordfreq_seeded;deterministically_filtered;structurally_curated
ro,v1,1,717,736,ulterior,ulterior,ulterior,unknown,ulterior,wordfreq:ro,wordfreq_seeded;deterministically_filtered;structurally_curated
ro,v1,1,718,737,vii,vii,vii,unknown,vii,wordfreq:ro,wordfreq_seeded;deterministically_filtered;structurally_curated
ro,v1,1,719,738,școală,școală,școală,unknown,școală,wordfreq:ro,wordfreq_seeded;deterministically_filtered;structurally_curated
ro,v1,1,720,739,acela,acela,acela,unknown,acela,wordfreq:ro,wordfreq_seeded;deterministically_filtered;structurally_curated
ro,v1,1,721,740,alți,alți,alți,unknown,alți,wordfreq:ro,wordfreq_seeded;deterministically_filtered;structurally_curated
ro,v1,1,722,741,aur,aur,aur,unknown,aur,wordfreq:ro,wordfreq_seeded;deterministically_filtered;structurally_curated
ro,v1,1,723,742,centru,centru,centru,unknown,centru,wordfreq:ro,wordfreq_seeded;deterministically_filtered;structurally_curated
ro,v1,1,724,743,cer,cer,cer,unknown,cer,wordfreq:ro,wordfreq_seeded;deterministically_filtered;structurally_curated
ro,v1,1,725,744,cerut,cerut,cerut,unknown,cerut,wordfreq:ro,wordfreq_seeded;deterministically_filtered;structurally_curated
ro,v1,1,726,745,domnului,domnului,domnului,unknown,domnului,wordfreq:ro,wordfreq_seeded;deterministically_filtered;structurally_curated
ro,v1,1,727,746,familiei,familiei,familiei,unknown,familiei,wordfreq:ro,wordfreq_seeded;deterministically_filtered;structurally_curated
ro,v1,1,728,747,format,format,format,unknown,format,wordfreq:ro,wordfreq_seeded;deterministically_filtered;structurally_curated
ro,v1,1,729,748,lasă,lasă,lasă,unknown,lasă,wordfreq:ro,wordfreq_seeded;deterministically_filtered;structurally_curated
ro,v1,1,730,749,lungul,lungul,lungul,unknown,lungul,wordfreq:ro,wordfreq_seeded;deterministically_filtered;structurally_curated
ro,v1,1,731,750,membrii,membrii,membrii,unknown,membrii,wordfreq:ro,wordfreq_seeded;deterministically_filtered;structurally_curated
ro,v1,1,732,751,muzică,muzică,muzică,unknown,muzică,wordfreq:ro,wordfreq_seeded;deterministically_filtered;structurally_curated
ro,v1,1,733,752,personal,personal,personal,unknown,personal,wordfreq:ro,wordfreq_seeded;deterministically_filtered;structurally_curated
ro,v1,1,734,753,plecat,plecat,plecat,unknown,plecat,wordfreq:ro,wordfreq_seeded;deterministically_filtered;structurally_curated
ro,v1,1,735,754,rândul,rândul,rândul,unknown,rândul,wordfreq:ro,wordfreq_seeded;deterministically_filtered;structurally_curated
ro,v1,1,736,755,sociale,sociale,sociale,unknown,sociale,wordfreq:ro,wordfreq_seeded;deterministically_filtered;structurally_curated
ro,v1,1,737,756,sunteți,sunteți,sunteți,unknown,sunteți,wordfreq:ro,wordfreq_seeded;deterministically_filtered;structurally_curated
ro,v1,1,738,757,vasile,vasile,vasile,unknown,vasile,wordfreq:ro,wordfreq_seeded;deterministically_filtered;structurally_curated
ro,v1,1,739,758,acesteia,acesteia,acesteia,unknown,acesteia,wordfreq:ro,wordfreq_seeded;deterministically_filtered;structurally_curated
ro,v1,1,740,759,cat,cat,cat,unknown,cat,wordfreq:ro,wordfreq_seeded;deterministically_filtered;structurally_curated
ro,v1,1,741,760,consiliului,consiliului,consiliului,unknown,consiliului,wordfreq:ro,wordfreq_seeded;deterministically_filtered;structurally_curated
ro,v1,1,742,761,constantin,constantin,constantin,unknown,constantin,wordfreq:ro,wordfreq_seeded;deterministically_filtered;structurally_curated
ro,v1,1,743,762,continuă,continuă,continuă,unknown,continuă,wordfreq:ro,wordfreq_seeded;deterministically_filtered;structurally_curated
ro,v1,1,744,763,dreapta,dreapta,dreapta,unknown,dreapta,wordfreq:ro,wordfreq_seeded;deterministically_filtered;structurally_curated
ro,v1,1,745,764,facut,facut,facut,unknown,facut,wordfreq:ro,wordfreq_seeded;deterministically_filtered;structurally_curated
ro,v1,1,746,765,iată,iată,iată,unknown,iată,wordfreq:ro,wordfreq_seeded;deterministically_filtered;structurally_curated
ro,v1,1,747,766,lemn,lemn,lemn,unknown,lemn,wordfreq:ro,wordfreq_seeded;deterministically_filtered;structurally_curated
ro,v1,1,748,767,lucrat,lucrat,lucrat,unknown,lucrat,wordfreq:ro,wordfreq_seeded;deterministically_filtered;structurally_curated
ro,v1,1,749,768,numit,numit,numit,unknown,numit,wordfreq:ro,wordfreq_seeded;deterministically_filtered;structurally_curated
ro,v1,1,750,769,oră,oră,oră,unknown,oră,wordfreq:ro,wordfreq_seeded;deterministically_filtered;structurally_curated
ro,v1,1,751,770,pana,pana,pana,unknown,pana,wordfreq:ro,wordfreq_seeded;deterministically_filtered;structurally_curated
ro,v1,1,752,771,piața,piața,piața,unknown,piața,wordfreq:ro,wordfreq_seeded;deterministically_filtered;structurally_curated
ro,v1,1,753,772,părinții,părinții,părinții,unknown,părinții,wordfreq:ro,wordfreq_seeded;deterministically_filtered;structurally_curated
ro,v1,1,754,773,republicii,republicii,republicii,unknown,republicii,wordfreq:ro,wordfreq_seeded;deterministically_filtered;structurally_curated
ro,v1,1,755,774,seară,seară,seară,unknown,seară,wordfreq:ro,wordfreq_seeded;deterministically_filtered;structurally_curated
ro,v1,1,756,775,sediul,sediul,sediul,unknown,sediul,wordfreq:ro,wordfreq_seeded;deterministically_filtered;structurally_curated
ro,v1,1,757,776,suceava,suceava,suceava,unknown,suceava,wordfreq:ro,wordfreq_seeded;deterministically_filtered;structurally_curated
ro,v1,1,758,777,săptămână,săptămână,săptămână,unknown,săptămână,wordfreq:ro,wordfreq_seeded;deterministically_filtered;structurally_curated
ro,v1,1,759,778,uniunii,uniunii,uniunii,unknown,uniunii,wordfreq:ro,wordfreq_seeded;deterministically_filtered;structurally_curated
ro,v1,1,760,779,vedem,vedem,vedem,unknown,vedem,wordfreq:ro,wordfreq_seeded;deterministically_filtered;structurally_curated
ro,v1,1,761,780,șef,șef,șef,unknown,șef,wordfreq:ro,wordfreq_seeded;deterministically_filtered;structurally_curated
ro,v1,1,762,781,cere,cere,cere,unknown,cere,wordfreq:ro,wordfreq_seeded;deterministically_filtered;structurally_curated
ro,v1,1,763,782,câștigat,câștigat,câștigat,unknown,câștigat,wordfreq:ro,wordfreq_seeded;deterministically_filtered;structurally_curated
ro,v1,1,764,783,deloc,deloc,deloc,unknown,deloc,wordfreq:ro,wordfreq_seeded;deterministically_filtered;structurally_curated
ro,v1,1,765,784,ediție,ediție,ediție,unknown,ediție,wordfreq:ro,wordfreq_seeded;deterministically_filtered;structurally_curated
ro,v1,1,766,785,fotbal,fotbal,fotbal,unknown,fotbal,wordfreq:ro,wordfreq_seeded;deterministically_filtered;structurally_curated
ro,v1,1,767,786,lumii,lumii,lumii,unknown,lumii,wordfreq:ro,wordfreq_seeded;deterministically_filtered;structurally_curated
ro,v1,1,768,787,mașina,mașina,mașina,unknown,mașina,wordfreq:ro,wordfreq_seeded;deterministically_filtered;structurally_curated
ro,v1,1,769,788,mii,mii,mii,unknown,mii,wordfreq:ro,wordfreq_seeded;deterministically_filtered;structurally_curated
ro,v1,1,770,789,ministru,ministru,ministru,unknown,ministru,wordfreq:ro,wordfreq_seeded;deterministically_filtered;structurally_curated
ro,v1,1,771,790,munca,munca,munca,unknown,munca,wordfreq:ro,wordfreq_seeded;deterministically_filtered;structurally_curated
ro,v1,1,772,791,normal,normal,normal,unknown,normal,wordfreq:ro,wordfreq_seeded;deterministically_filtered;structurally_curated
ro,v1,1,773,792,obținut,obținut,obținut,unknown,obținut,wordfreq:ro,wordfreq_seeded;deterministically_filtered;structurally_curated
ro,v1,1,774,793,sibiu,sibiu,sibiu,unknown,sibiu,wordfreq:ro,wordfreq_seeded;deterministically_filtered;structurally_curated
ro,v1,1,775,794,singura,singura,singura,unknown,singura,wordfreq:ro,wordfreq_seeded;deterministically_filtered;structurally_curated
ro,v1,1,776,795,societății,societății,societății,unknown,societății,wordfreq:ro,wordfreq_seeded;deterministically_filtered;structurally_curated
ro,v1,1,777,796,trimis,trimis,trimis,unknown,trimis,wordfreq:ro,wordfreq_seeded;deterministically_filtered;structurally_curated
ro,v1,1,778,797,înțeles,înțeles,înțeles,unknown,înțeles,wordfreq:ro,wordfreq_seeded;deterministically_filtered;structurally_curated
ro,v1,1,779,798,acțiune,acțiune,acțiune,unknown,acțiune,wordfreq:ro,wordfreq_seeded;deterministically_filtered;structurally_curated
ro,v1,1,780,799,adevăr,adevăr,adevăr,unknown,adevăr,wordfreq:ro,wordfreq_seeded;deterministically_filtered;structurally_curated
ro,v1,1,781,800,adrian,adrian,adrian,unknown,adrian,wordfreq:ro,wordfreq_seeded;deterministically_filtered;structurally_curated
ro,v1,1,782,801,ambele,ambele,ambele,unknown,ambele,wordfreq:ro,wordfreq_seeded;deterministically_filtered;structurally_curated
ro,v1,1,783,802,caut,caut,caut,unknown,caut,wordfreq:ro,wordfreq_seeded;deterministically_filtered;structurally_curated
ro,v1,1,784,803,conține,conține,conține,unknown,conține,wordfreq:ro,wordfreq_seeded;deterministically_filtered;structurally_curated
ro,v1,1,785,804,descoperit,descoperit,descoperit,unknown,descoperit,wordfreq:ro,wordfreq_seeded;deterministically_filtered;structurally_curated
ro,v1,1,786,805,dragoste,dragoste,dragoste,unknown,dragoste,wordfreq:ro,wordfreq_seeded;deterministically_filtered;structurally_curated
ro,v1,1,787,806,mie,mie,mie,unknown,mie,wordfreq:ro,wordfreq_seeded;deterministically_filtered;structurally_curated
ro,v1,1,788,807,mircea,mircea,mircea,unknown,mircea,wordfreq:ro,wordfreq_seeded;deterministically_filtered;structurally_curated
ro,v1,1,789,808,măsură,măsură,măsură,unknown,măsură,wordfreq:ro,wordfreq_seeded;deterministically_filtered;structurally_curated
ro,v1,1,790,809,noaptea,noaptea,noaptea,unknown,noaptea,wordfreq:ro,wordfreq_seeded;deterministically_filtered;structurally_curated
ro,v1,1,791,810,parcă,parcă,parcă,unknown,parcă,wordfreq:ro,wordfreq_seeded;deterministically_filtered;structurally_curated
ro,v1,1,792,811,post,post,post,unknown,post,wordfreq:ro,wordfreq_seeded;deterministically_filtered;structurally_curated
ro,v1,1,793,812,prim,prim,prim,unknown,prim,wordfreq:ro,wordfreq_seeded;deterministically_filtered;structurally_curated
ro,v1,1,794,813,putere,putere,putere,unknown,putere,wordfreq:ro,wordfreq_seeded;deterministically_filtered;structurally_curated
ro,v1,1,795,814,putin,putin,putin,unknown,putin,wordfreq:ro,wordfreq_seeded;deterministically_filtered;structurally_curated
ro,v1,1,796,815,regele,regele,regele,unknown,regele,wordfreq:ro,wordfreq_seeded;deterministically_filtered;structurally_curated
ro,v1,1,797,816,stare,stare,stare,unknown,stare,wordfreq:ro,wordfreq_seeded;deterministically_filtered;structurally_curated
ro,v1,1,798,817,vârsta,vârsta,vârsta,unknown,vârsta,wordfreq:ro,wordfreq_seeded;deterministically_filtered;structurally_curated
ro,v1,1,799,818,ștefan,ștefan,ștefan,unknown,ștefan,wordfreq:ro,wordfreq_seeded;deterministically_filtered;structurally_curated
ro,v1,1,800,819,accident,accident,accident,unknown,accident,wordfreq:ro,wordfreq_seeded;deterministically_filtered;structurally_curated
ro,v1,1,801,820,american,american,american,unknown,american,wordfreq:ro,wordfreq_seeded;deterministically_filtered;structurally_curated
ro,v1,1,802,821,clasa,clasa,clasa,unknown,clasa,wordfreq:ro,wordfreq_seeded;deterministically_filtered;structurally_curated
ro,v1,1,803,822,curs,curs,curs,unknown,curs,wordfreq:ro,wordfreq_seeded;deterministically_filtered;structurally_curated
ro,v1,1,804,823,echipă,echipă,echipă,unknown,echipă,wordfreq:ro,wordfreq_seeded;deterministically_filtered;structurally_curated
ro,v1,1,805,824,fiindcă,fiindcă,fiindcă,unknown,fiindcă,wordfreq:ro,wordfreq_seeded;deterministically_filtered;structurally_curated
ro,v1,1,806,825,fiu,fiu,fiu,unknown,fiu,wordfreq:ro,wordfreq_seeded;deterministically_filtered;structurally_curated
ro,v1,1,807,826,guvernului,guvernului,guvernului,unknown,guvernului,wordfreq:ro,wordfreq_seeded;deterministically_filtered;structurally_curated
ro,v1,1,808,827,jocuri,jocuri,jocuri,unknown,jocuri,wordfreq:ro,wordfreq_seeded;deterministically_filtered;structurally_curated
ro,v1,1,809,828,legea,legea,legea,unknown,legea,wordfreq:ro,wordfreq_seeded;deterministically_filtered;structurally_curated
ro,v1,1,810,829,masă,masă,masă,unknown,masă,wordfreq:ro,wordfreq_seeded;deterministically_filtered;structurally_curated
ro,v1,1,811,830,mașină,mașină,mașină,unknown,mașină,wordfreq:ro,wordfreq_seeded;deterministically_filtered;structurally_curated
ro,v1,1,812,831,media,media,media,unknown,media,wordfreq:ro,wordfreq_seeded;deterministically_filtered;structurally_curated
ro,v1,1,813,832,mers,mers,mers,unknown,mers,wordfreq:ro,wordfreq_seeded;deterministically_filtered;structurally_curated
ro,v1,1,814,833,negru,negru,negru,unknown,negru,wordfreq:ro,wordfreq_seeded;deterministically_filtered;structurally_curated
ro,v1,1,815,834,permite,permite,permite,unknown,permite,wordfreq:ro,wordfreq_seeded;deterministically_filtered;structurally_curated
ro,v1,1,816,835,radu,radu,radu,unknown,radu,wordfreq:ro,wordfreq_seeded;deterministically_filtered;structurally_curated
ro,v1,1,817,836,rapid,rapid,rapid,unknown,rapid,wordfreq:ro,wordfreq_seeded;deterministically_filtered;structurally_curated
ro,v1,1,818,837,raport,raport,raport,unknown,raport,wordfreq:ro,wordfreq_seeded;deterministically_filtered;structurally_curated
ro,v1,1,819,838,spatele,spatele,spatele,unknown,spatele,wordfreq:ro,wordfreq_seeded;deterministically_filtered;structurally_curated
ro,v1,1,820,839,stabilit,stabilit,stabilit,unknown,stabilit,wordfreq:ro,wordfreq_seeded;deterministically_filtered;structurally_curated
ro,v1,1,821,840,strada,strada,strada,unknown,strada,wordfreq:ro,wordfreq_seeded;deterministically_filtered;structurally_curated
ro,v1,1,822,841,uniunea,uniunea,uniunea,unknown,uniunea,wordfreq:ro,wordfreq_seeded;deterministically_filtered;structurally_curated
ro,v1,1,823,842,încercat,încercat,încercat,unknown,încercat,wordfreq:ro,wordfreq_seeded;deterministically_filtered;structurally_curated
ro,v1,1,824,843,știi,știi,știi,unknown,știi,wordfreq:ro,wordfreq_seeded;deterministically_filtered;structurally_curated
ro,v1,1,825,844,anumite,anumite,anumite,unknown,anumite,wordfreq:ro,wordfreq_seeded;deterministically_filtered;structurally_curated
ro,v1,1,826,845,arad,arad,arad,unknown,arad,wordfreq:ro,wordfreq_seeded;deterministically_filtered;structurally_curated
ro,v1,1,827,846,atenție,atenție,atenție,unknown,atenție,wordfreq:ro,wordfreq_seeded;deterministically_filtered;structurally_curated
ro,v1,1,828,847,aveam,aveam,aveam,unknown,aveam,wordfreq:ro,wordfreq_seeded;deterministically_filtered;structurally_curated
ro,v1,1,829,848,aveau,aveau,aveau,unknown,aveau,wordfreq:ro,wordfreq_seeded;deterministically_filtered;structurally_curated
ro,v1,1,830,849,comuna,comuna,comuna,unknown,comuna,wordfreq:ro,wordfreq_seeded;deterministically_filtered;structurally_curated
ro,v1,1,831,850,conducerea,conducerea,conducerea,unknown,conducerea,wordfreq:ro,wordfreq_seeded;deterministically_filtered;structurally_curated
ro,v1,1,832,851,deschis,deschis,deschis,unknown,deschis,wordfreq:ro,wordfreq_seeded;deterministically_filtered;structurally_curated
ro,v1,1,833,852,doresc,doresc,doresc,unknown,doresc,wordfreq:ro,wordfreq_seeded;deterministically_filtered;structurally_curated
ro,v1,1,834,853,est,est,est,unknown,est,wordfreq:ro,wordfreq_seeded;deterministically_filtered;structurally_curated
ro,v1,1,835,854,faceți,faceți,faceți,unknown,faceți,wordfreq:ro,wordfreq_seeded;deterministically_filtered;structurally_curated
ro,v1,1,836,855,fara,fara,fara,unknown,fara,wordfreq:ro,wordfreq_seeded;deterministically_filtered;structurally_curated
ro,v1,1,837,856,lupta,lupta,lupta,unknown,lupta,wordfreq:ro,wordfreq_seeded;deterministically_filtered;structurally_curated
ro,v1,1,838,857,lăsat,lăsat,lăsat,unknown,lăsat,wordfreq:ro,wordfreq_seeded;deterministically_filtered;structurally_curated
ro,v1,1,839,858,mâna,mâna,mâna,unknown,mâna,wordfreq:ro,wordfreq_seeded;deterministically_filtered;structurally_curated
ro,v1,1,840,859,oferă,oferă,oferă,unknown,oferă,wordfreq:ro,wordfreq_seeded;deterministically_filtered;structurally_curated
ro,v1,1,841,860,online,online,online,unknown,online,wordfreq:ro,wordfreq_seeded;deterministically_filtered;structurally_curated
ro,v1,1,842,861,peter,peter,peter,unknown,peter,wordfreq:ro,wordfreq_seeded;deterministically_filtered;structurally_curated
ro,v1,1,843,862,restul,restul,restul,unknown,restul,wordfreq:ro,wordfreq_seeded;deterministically_filtered;structurally_curated
ro,v1,1,844,863,rând,rând,rând,unknown,rând,wordfreq:ro,wordfreq_seeded;deterministically_filtered;structurally_curated
ro,v1,1,845,864,spate,spate,spate,unknown,spate,wordfreq:ro,wordfreq_seeded;deterministically_filtered;structurally_curated
ro,v1,1,846,865,încredere,încredere,încredere,unknown,încredere,wordfreq:ro,wordfreq_seeded;deterministically_filtered;structurally_curated
ro,v1,1,847,867,alba,alba,alba,unknown,alba,wordfreq:ro,wordfreq_seeded;deterministically_filtered;structurally_curated
ro,v1,1,848,868,alta,alta,alta,unknown,alta,wordfreq:ro,wordfreq_seeded;deterministically_filtered;structurally_curated
ro,v1,1,849,869,anunțat,anunțat,anunțat,unknown,anunțat,wordfreq:ro,wordfreq_seeded;deterministically_filtered;structurally_curated
ro,v1,1,850,870,calea,calea,calea,unknown,calea,wordfreq:ro,wordfreq_seeded;deterministically_filtered;structurally_curated
ro,v1,1,851,871,dezvoltare,dezvoltare,dezvoltare,unknown,dezvoltare,wordfreq:ro,wordfreq_seeded;deterministically_filtered;structurally_curated
ro,v1,1,852,872,evident,evident,evident,unknown,evident,wordfreq:ro,wordfreq_seeded;deterministically_filtered;structurally_curated
ro,v1,1,853,873,fete,fete,fete,unknown,fete,wordfreq:ro,wordfreq_seeded;deterministically_filtered;structurally_curated
ro,v1,1,854,874,folosite,folosite,folosite,unknown,folosite,wordfreq:ro,wordfreq_seeded;deterministically_filtered;structurally_curated
ro,v1,1,855,875,lumina,lumina,lumina,unknown,lumina,wordfreq:ro,wordfreq_seeded;deterministically_filtered;structurally_curated
ro,v1,1,856,876,napoca,napoca,napoca,unknown,napoca,wordfreq:ro,wordfreq_seeded;deterministically_filtered;structurally_curated
ro,v1,1,857,877,poliție,poliție,poliție,unknown,poliție,wordfreq:ro,wordfreq_seeded;deterministically_filtered;structurally_curated
ro,v1,1,858,878,procesul,procesul,procesul,unknown,procesul,wordfreq:ro,wordfreq_seeded;deterministically_filtered;structurally_curated
ro,v1,1,859,879,ridicat,ridicat,ridicat,unknown,ridicat,wordfreq:ro,wordfreq_seeded;deterministically_filtered;structurally_curated
ro,v1,1,860,880,sf,sf,sf,unknown,sf,wordfreq:ro,wordfreq_seeded;deterministically_filtered;structurally_curated
ro,v1,1,861,881,simt,simt,simt,unknown,simt,wordfreq:ro,wordfreq_seeded;deterministically_filtered;structurally_curated
ro,v1,1,862,882,situația,situația,situația,unknown,situația,wordfreq:ro,wordfreq_seeded;deterministically_filtered;structurally_curated
ro,v1,1,863,883,titlul,titlul,titlul,unknown,titlul,wordfreq:ro,wordfreq_seeded;deterministically_filtered;structurally_curated
ro,v1,1,864,884,zece,zece,zece,unknown,zece,wordfreq:ro,wordfreq_seeded;deterministically_filtered;structurally_curated
ro,v1,1,865,885,încearcă,încearcă,încearcă,unknown,încearcă,wordfreq:ro,wordfreq_seeded;deterministically_filtered;structurally_curated
ro,v1,1,866,886,acele,acele,acele,unknown,acele,wordfreq:ro,wordfreq_seeded;deterministically_filtered;structurally_curated
ro,v1,1,867,887,art,art,art,unknown,art,wordfreq:ro,wordfreq_seeded;deterministically_filtered;structurally_curated
ro,v1,1,868,888,as,as,as,unknown,as,wordfreq:ro,wordfreq_seeded;deterministically_filtered;structurally_curated
ro,v1,1,869,889,biserică,biserică,biserică,unknown,biserică,wordfreq:ro,wordfreq_seeded;deterministically_filtered;structurally_curated
ro,v1,1,870,890,ceilalți,ceilalți,ceilalți,unknown,ceilalți,wordfreq:ro,wordfreq_seeded;deterministically_filtered;structurally_curated
ro,v1,1,871,891,celelalte,celelalte,celelalte,unknown,celelalte,wordfreq:ro,wordfreq_seeded;deterministically_filtered;structurally_curated
ro,v1,1,872,892,companii,companii,companii,unknown,companii,wordfreq:ro,wordfreq_seeded;deterministically_filtered;structurally_curated
ro,v1,1,873,893,control,control,control,unknown,control,wordfreq:ro,wordfreq_seeded;deterministically_filtered;structurally_curated
ro,v1,1,874,894,franța,franța,franța,unknown,franța,wordfreq:ro,wordfreq_seeded;deterministically_filtered;structurally_curated
ro,v1,1,875,895,g,g,g,unknown,g,wordfreq:ro,wordfreq_seeded;deterministically_filtered;structurally_curated
ro,v1,1,876,896,grupul,grupul,grupul,unknown,grupul,wordfreq:ro,wordfreq_seeded;deterministically_filtered;structurally_curated
ro,v1,1,877,897,importantă,importantă,importantă,unknown,importantă,wordfreq:ro,wordfreq_seeded;deterministically_filtered;structurally_curated
ro,v1,1,878,898,intre,intre,intre,unknown,intre,wordfreq:ro,wordfreq_seeded;deterministically_filtered;structurally_curated
ro,v1,1,879,899,italia,italia,italia,unknown,italia,wordfreq:ro,wordfreq_seeded;deterministically_filtered;structurally_curated
ro,v1,1,880,900,james,james,james,unknown,james,wordfreq:ro,wordfreq_seeded;deterministically_filtered;structurally_curated
ro,v1,1,881,901,poartă,poartă,poartă,unknown,poartă,wordfreq:ro,wordfreq_seeded;deterministically_filtered;structurally_curated
ro,v1,1,882,902,pun,pun,pun,unknown,pun,wordfreq:ro,wordfreq_seeded;deterministically_filtered;structurally_curated
ro,v1,1,883,903,puncte,puncte,puncte,unknown,puncte,wordfreq:ro,wordfreq_seeded;deterministically_filtered;structurally_curated
ro,v1,1,884,904,părți,părți,părți,unknown,părți,wordfreq:ro,wordfreq_seeded;deterministically_filtered;structurally_curated
ro,v1,1,885,905,semnat,semnat,semnat,unknown,semnat,wordfreq:ro,wordfreq_seeded;deterministically_filtered;structurally_curated
ro,v1,1,886,906,singurul,singurul,singurul,unknown,singurul,wordfreq:ro,wordfreq_seeded;deterministically_filtered;structurally_curated
ro,v1,1,887,907,stil,stil,stil,unknown,stil,wordfreq:ro,wordfreq_seeded;deterministically_filtered;structurally_curated
ro,v1,1,888,908,vară,vară,vară,unknown,vară,wordfreq:ro,wordfreq_seeded;deterministically_filtered;structurally_curated
ro,v1,1,889,909,viata,viata,viata,unknown,viata,wordfreq:ro,wordfreq_seeded;deterministically_filtered;structurally_curated
ro,v1,1,890,910,victor,victor,victor,unknown,victor,wordfreq:ro,wordfreq_seeded;deterministically_filtered;structurally_curated
ro,v1,1,891,911,vorbit,vorbit,vorbit,unknown,vorbit,wordfreq:ro,wordfreq_seeded;deterministically_filtered;structurally_curated
ro,v1,1,892,912,vremea,vremea,vremea,unknown,vremea,wordfreq:ro,wordfreq_seeded;deterministically_filtered;structurally_curated
ro,v1,1,893,913,vrut,vrut,vrut,unknown,vrut,wordfreq:ro,wordfreq_seeded;deterministically_filtered;structurally_curated
ro,v1,1,894,915,altor,altor,altor,unknown,altor,wordfreq:ro,wordfreq_seeded;deterministically_filtered;structurally_curated
ro,v1,1,895,916,autor,autor,autor,unknown,autor,wordfreq:ro,wordfreq_seeded;deterministically_filtered;structurally_curated
ro,v1,1,896,917,caută,caută,caută,unknown,caută,wordfreq:ro,wordfreq_seeded;deterministically_filtered;structurally_curated
ro,v1,1,897,918,circa,circa,circa,unknown,circa,wordfreq:ro,wordfreq_seeded;deterministically_filtered;structurally_curated
ro,v1,1,898,919,condus,condus,condus,unknown,condus,wordfreq:ro,wordfreq_seeded;deterministically_filtered;structurally_curated
ro,v1,1,899,920,consideră,consideră,consideră,unknown,consideră,wordfreq:ro,wordfreq_seeded;deterministically_filtered;structurally_curated
ro,v1,1,900,921,culoare,culoare,culoare,unknown,culoare,wordfreq:ro,wordfreq_seeded;deterministically_filtered;structurally_curated
ro,v1,1,901,922,cultură,cultură,cultură,unknown,cultură,wordfreq:ro,wordfreq_seeded;deterministically_filtered;structurally_curated
ro,v1,1,902,923,cuvânt,cuvânt,cuvânt,unknown,cuvânt,wordfreq:ro,wordfreq_seeded;deterministically_filtered;structurally_curated
ro,v1,1,903,924,economice,economice,economice,unknown,economice,wordfreq:ro,wordfreq_seeded;deterministically_filtered;structurally_curated
ro,v1,1,904,925,femeile,femeile,femeile,unknown,femeile,wordfreq:ro,wordfreq_seeded;deterministically_filtered;structurally_curated
ro,v1,1,905,926,folosi,folosi,folosi,unknown,folosi,wordfreq:ro,wordfreq_seeded;deterministically_filtered;structurally_curated
ro,v1,1,906,927,gata,gata,gata,unknown,gata,wordfreq:ro,wordfreq_seeded;deterministically_filtered;structurally_curated
ro,v1,1,907,928,grijă,grijă,grijă,unknown,grijă,wordfreq:ro,wordfreq_seeded;deterministically_filtered;structurally_curated
ro,v1,1,908,929,lucrările,lucrările,lucrările,unknown,lucrările,wordfreq:ro,wordfreq_seeded;deterministically_filtered;structurally_curated
ro,v1,1,909,930,meci,meci,meci,unknown,meci,wordfreq:ro,wordfreq_seeded;deterministically_filtered;structurally_curated
ro,v1,1,910,931,ministerul,ministerul,ministerul,unknown,ministerul,wordfreq:ro,wordfreq_seeded;deterministically_filtered;structurally_curated
ro,v1,1,911,932,mână,mână,mână,unknown,mână,wordfreq:ro,wordfreq_seeded;deterministically_filtered;structurally_curated
ro,v1,1,912,933,ocupat,ocupat,ocupat,unknown,ocupat,wordfreq:ro,wordfreq_seeded;deterministically_filtered;structurally_curated
ro,v1,1,913,934,rol,rol,rol,unknown,rol,wordfreq:ro,wordfreq_seeded;deterministically_filtered;structurally_curated
ro,v1,1,914,935,răspuns,răspuns,răspuns,unknown,răspuns,wordfreq:ro,wordfreq_seeded;deterministically_filtered;structurally_curated
ro,v1,1,915,936,societatea,societatea,societatea,unknown,societatea,wordfreq:ro,wordfreq_seeded;deterministically_filtered;structurally_curated
ro,v1,1,916,937,stau,stau,stau,unknown,stau,wordfreq:ro,wordfreq_seeded;deterministically_filtered;structurally_curated
ro,v1,1,917,938,web,web,web,unknown,web,wordfreq:ro,wordfreq_seeded;deterministically_filtered;structurally_curated
ro,v1,1,918,939,șapte,șapte,șapte,unknown,șapte,wordfreq:ro,wordfreq_seeded;deterministically_filtered;structurally_curated
ro,v1,1,919,940,alb,alb,alb,unknown,alb,wordfreq:ro,wordfreq_seeded;deterministically_filtered;structurally_curated
ro,v1,1,920,941,auzit,auzit,auzit,unknown,auzit,wordfreq:ro,wordfreq_seeded;deterministically_filtered;structurally_curated
ro,v1,1,921,942,așteaptă,așteaptă,așteaptă,unknown,așteaptă,wordfreq:ro,wordfreq_seeded;deterministically_filtered;structurally_curated
ro,v1,1,922,943,buni,buni,buni,unknown,buni,wordfreq:ro,wordfreq_seeded;deterministically_filtered;structurally_curated
ro,v1,1,923,944,citit,citit,citit,unknown,citit,wordfreq:ro,wordfreq_seeded;deterministically_filtered;structurally_curated
ro,v1,1,924,945,corect,corect,corect,unknown,corect,wordfreq:ro,wordfreq_seeded;deterministically_filtered;structurally_curated
ro,v1,1,925,946,crede,crede,crede,unknown,crede,wordfreq:ro,wordfreq_seeded;deterministically_filtered;structurally_curated
ro,v1,1,926,947,crescut,crescut,crescut,unknown,crescut,wordfreq:ro,wordfreq_seeded;deterministically_filtered;structurally_curated
ro,v1,1,927,948,cursul,cursul,cursul,unknown,cursul,wordfreq:ro,wordfreq_seeded;deterministically_filtered;structurally_curated
ro,v1,1,928,949,des,des,des,unknown,des,wordfreq:ro,wordfreq_seeded;deterministically_filtered;structurally_curated
ro,v1,1,929,950,desigur,desigur,desigur,unknown,desigur,wordfreq:ro,wordfreq_seeded;deterministically_filtered;structurally_curated
ro,v1,1,930,951,ediția,ediția,ediția,unknown,ediția,wordfreq:ro,wordfreq_seeded;deterministically_filtered;structurally_curated
ro,v1,1,931,952,foc,foc,foc,unknown,foc,wordfreq:ro,wordfreq_seeded;deterministically_filtered;structurally_curated
ro,v1,1,932,953,frumoasă,frumoasă,frumoasă,unknown,frumoasă,wordfreq:ro,wordfreq_seeded;deterministically_filtered;structurally_curated
ro,v1,1,933,954,generală,generală,generală,unknown,generală,wordfreq:ro,wordfreq_seeded;deterministically_filtered;structurally_curated
ro,v1,1,934,955,include,include,include,unknown,include,wordfreq:ro,wordfreq_seeded;deterministically_filtered;structurally_curated
ro,v1,1,935,956,intra,intra,intra,unknown,intra,wordfreq:ro,wordfreq_seeded;deterministically_filtered;structurally_curated
ro,v1,1,936,957,intră,intră,intră,unknown,intră,wordfreq:ro,wordfreq_seeded;deterministically_filtered;structurally_curated
ro,v1,1,937,958,mei,mei,mei,unknown,mei,wordfreq:ro,wordfreq_seeded;deterministically_filtered;structurally_curated
ro,v1,1,938,959,obține,obține,obține,unknown,obține,wordfreq:ro,wordfreq_seeded;deterministically_filtered;structurally_curated
ro,v1,1,939,960,plin,plin,plin,unknown,plin,wordfreq:ro,wordfreq_seeded;deterministically_filtered;structurally_curated
ro,v1,1,940,961,poveste,poveste,poveste,unknown,poveste,wordfreq:ro,wordfreq_seeded;deterministically_filtered;structurally_curated
ro,v1,1,941,962,sfârșit,sfârșit,sfârșit,unknown,sfârșit,wordfreq:ro,wordfreq_seeded;deterministically_filtered;structurally_curated
ro,v1,1,942,963,suficient,suficient,suficient,unknown,suficient,wordfreq:ro,wordfreq_seeded;deterministically_filtered;structurally_curated
ro,v1,1,943,964,susținut,susținut,susținut,unknown,susținut,wordfreq:ro,wordfreq_seeded;deterministically_filtered;structurally_curated
ro,v1,1,944,965,timpului,timpului,timpului,unknown,timpului,wordfreq:ro,wordfreq_seeded;deterministically_filtered;structurally_curated
ro,v1,1,945,966,urmat,urmat,urmat,unknown,urmat,wordfreq:ro,wordfreq_seeded;deterministically_filtered;structurally_curated
ro,v1,1,946,967,zice,zice,zice,unknown,zice,wordfreq:ro,wordfreq_seeded;deterministically_filtered;structurally_curated
ro,v1,1,947,968,zilei,zilei,zilei,unknown,zilei,wordfreq:ro,wordfreq_seeded;deterministically_filtered;structurally_curated
ro,v1,1,948,969,întâi,întâi,întâi,unknown,întâi,wordfreq:ro,wordfreq_seeded;deterministically_filtered;structurally_curated
ro,v1,1,949,970,șeful,șeful,șeful,unknown,șeful,wordfreq:ro,wordfreq_seeded;deterministically_filtered;structurally_curated
ro,v1,1,950,971,știm,știm,știm,unknown,știm,wordfreq:ro,wordfreq_seeded;deterministically_filtered;structurally_curated
ro,v1,1,951,972,absolut,absolut,absolut,unknown,absolut,wordfreq:ro,wordfreq_seeded;deterministically_filtered;structurally_curated
ro,v1,1,952,973,altceva,altceva,altceva,unknown,altceva,wordfreq:ro,wordfreq_seeded;deterministically_filtered;structurally_curated
ro,v1,1,953,974,and,and,and,unknown,and,wordfreq:ro,wordfreq_seeded;deterministically_filtered;structurally_curated
ro,v1,1,954,975,capul,capul,capul,unknown,capul,wordfreq:ro,wordfreq_seeded;deterministically_filtered;structurally_curated
ro,v1,1,955,976,cercetare,cercetare,cercetare,unknown,cercetare,wordfreq:ro,wordfreq_seeded;deterministically_filtered;structurally_curated
ro,v1,1,956,977,constanța,constanța,constanța,unknown,constanța,wordfreq:ro,wordfreq_seeded;deterministically_filtered;structurally_curated
ro,v1,1,957,978,curând,curând,curând,unknown,curând,wordfreq:ro,wordfreq_seeded;deterministically_filtered;structurally_curated
ro,v1,1,958,979,câțiva,câțiva,câțiva,unknown,câțiva,wordfreq:ro,wordfreq_seeded;deterministically_filtered;structurally_curated
ro,v1,1,959,980,elemente,elemente,elemente,unknown,elemente,wordfreq:ro,wordfreq_seeded;deterministically_filtered;structurally_curated
ro,v1,1,960,981,fim,fim,fim,unknown,fim,wordfreq:ro,wordfreq_seeded;deterministically_filtered;structurally_curated
ro,v1,1,961,982,internațională,internațională,internațională,unknown,internațională,wordfreq:ro,wordfreq_seeded;deterministically_filtered;structurally_curated
ro,v1,1,962,983,lucrează,lucrează,lucrează,unknown,lucrează,wordfreq:ro,wordfreq_seeded;deterministically_filtered;structurally_curated
ro,v1,1,963,984,lună,lună,lună,unknown,lună,wordfreq:ro,wordfreq_seeded;deterministically_filtered;structurally_curated
ro,v1,1,964,985,muzeul,muzeul,muzeul,unknown,muzeul,wordfreq:ro,wordfreq_seeded;deterministically_filtered;structurally_curated
ro,v1,1,965,986,numeroase,numeroase,numeroase,unknown,numeroase,wordfreq:ro,wordfreq_seeded;deterministically_filtered;structurally_curated
ro,v1,1,966,987,organizat,organizat,organizat,unknown,organizat,wordfreq:ro,wordfreq_seeded;deterministically_filtered;structurally_curated
ro,v1,1,967,988,plăcut,plăcut,plăcut,unknown,plăcut,wordfreq:ro,wordfreq_seeded;deterministically_filtered;structurally_curated
ro,v1,1,968,989,radio,radio,radio,unknown,radio,wordfreq:ro,wordfreq_seeded;deterministically_filtered;structurally_curated
ro,v1,1,969,990,sistemului,sistemului,sistemului,unknown,sistemului,wordfreq:ro,wordfreq_seeded;deterministically_filtered;structurally_curated
ro,v1,1,970,991,trebuia,trebuia,trebuia,unknown,trebuia,wordfreq:ro,wordfreq_seeded;deterministically_filtered;structurally_curated
ro,v1,1,971,992,urmează,urmează,urmează,unknown,urmează,wordfreq:ro,wordfreq_seeded;deterministically_filtered;structurally_curated
ro,v1,1,972,993,vede,vede,vede,unknown,vede,wordfreq:ro,wordfreq_seeded;deterministically_filtered;structurally_curated
ro,v1,1,973,994,întâmplat,întâmplat,întâmplat,unknown,întâmplat,wordfreq:ro,wordfreq_seeded;deterministically_filtered;structurally_curated
ro,v1,1,974,995,ăsta,ăsta,ăsta,unknown,ăsta,wordfreq:ro,wordfreq_seeded;deterministically_filtered;structurally_curated
ro,v1,1,975,996,acești,acești,acești,unknown,acești,wordfreq:ro,wordfreq_seeded;deterministically_filtered;structurally_curated
ro,v1,1,976,997,altul,altul,altul,unknown,altul,wordfreq:ro,wordfreq_seeded;deterministically_filtered;structurally_curated
ro,v1,1,977,998,continua,continua,continua,unknown,continua,wordfreq:ro,wordfreq_seeded;deterministically_filtered;structurally_curated
ro,v1,1,978,999,corpul,corpul,corpul,unknown,corpul,wordfreq:ro,wordfreq_seeded;deterministically_filtered;structurally_curated
ro,v1,1,979,1000,creșterea,creșterea,creșterea,unknown,creșterea,wordfreq:ro,wordfreq_seeded;deterministically_filtered;structurally_curated
ro,v1,1,980,1001,cuvinte,cuvinte,cuvinte,unknown,cuvinte,wordfreq:ro,wordfreq_seeded;deterministically_filtered;structurally_curated
ro,v1,1,981,1002,doamne,doamne,doamne,unknown,doamne,wordfreq:ro,wordfreq_seeded;deterministically_filtered;structurally_curated
ro,v1,1,982,1003,femeia,femeia,femeia,unknown,femeia,wordfreq:ro,wordfreq_seeded;deterministically_filtered;structurally_curated
ro,v1,1,983,1004,ieșit,ieșit,ieșit,unknown,ieșit,wordfreq:ro,wordfreq_seeded;deterministically_filtered;structurally_curated
ro,v1,1,984,1005,intermediul,intermediul,intermediul,unknown,intermediul,wordfreq:ro,wordfreq_seeded;deterministically_filtered;structurally_curated
ro,v1,1,985,1006,internet,internet,internet,unknown,internet,wordfreq:ro,wordfreq_seeded;deterministically_filtered;structurally_curated
ro,v1,1,986,1007,jur,jur,jur,unknown,jur,wordfreq:ro,wordfreq_seeded;deterministically_filtered;structurally_curated
ro,v1,1,987,1008,mijlocul,mijlocul,mijlocul,unknown,mijlocul,wordfreq:ro,wordfreq_seeded;deterministically_filtered;structurally_curated
ro,v1,1,988,1009,moarte,moarte,moarte,unknown,moarte,wordfreq:ro,wordfreq_seeded;deterministically_filtered;structurally_curated
ro,v1,1,989,1010,pace,pace,pace,unknown,pace,wordfreq:ro,wordfreq_seeded;deterministically_filtered;structurally_curated
ro,v1,1,990,1011,primi,primi,primi,unknown,primi,wordfreq:ro,wordfreq_seeded;deterministically_filtered;structurally_curated
ro,v1,1,991,1012,teatru,teatru,teatru,unknown,teatru,wordfreq:ro,wordfreq_seeded;deterministically_filtered;structurally_curated
ro,v1,1,992,1013,teritoriul,teritoriul,teritoriul,unknown,teritoriul,wordfreq:ro,wordfreq_seeded;deterministically_filtered;structurally_curated
ro,v1,1,993,1014,valoare,valoare,valoare,unknown,valoare,wordfreq:ro,wordfreq_seeded;deterministically_filtered;structurally_curated
ro,v1,1,994,1015,vorbim,vorbim,vorbim,unknown,vorbim,wordfreq:ro,wordfreq_seeded;deterministically_filtered;structurally_curated
ro,v1,1,995,1016,articole,articole,articole,unknown,articole,wordfreq:ro,wordfreq_seeded;deterministically_filtered;structurally_curated
ro,v1,1,996,1017,companie,companie,companie,unknown,companie,wordfreq:ro,wordfreq_seeded;deterministically_filtered;structurally_curated
ro,v1,1,997,1018,cuvântul,cuvântul,cuvântul,unknown,cuvântul,wordfreq:ro,wordfreq_seeded;deterministically_filtered;structurally_curated
ro,v1,1,998,1019,dimineață,dimineață,dimineață,unknown,dimineață,wordfreq:ro,wordfreq_seeded;deterministically_filtered;structurally_curated
ro,v1,1,999,1020,dna,dna,dna,unknown,dna,wordfreq:ro,wordfreq_seeded;deterministically_filtered;structurally_curated
ro,v1,1,1000,1021,echipei,echipei,echipei,unknown,echipei,wordfreq:ro,wordfreq_seeded;deterministically_filtered;structurally_curated
ro,v1,2,1001,1022,iau,iau,iau,unknown,iau,wordfreq:ro,wordfreq_seeded;deterministically_filtered;structurally_curated
ro,v1,2,1002,1023,joacă,joacă,joacă,unknown,joacă,wordfreq:ro,wordfreq_seeded;deterministically_filtered;structurally_curated
ro,v1,2,1003,1024,legate,legate,legate,unknown,legate,wordfreq:ro,wordfreq_seeded;deterministically_filtered;structurally_curated
ro,v1,2,1004,1025,masa,masa,masa,unknown,masa,wordfreq:ro,wordfreq_seeded;deterministically_filtered;structurally_curated
ro,v1,2,1005,1026,membri,membri,membri,unknown,membri,wordfreq:ro,wordfreq_seeded;deterministically_filtered;structurally_curated
ro,v1,2,1006,1027,minte,minte,minte,unknown,minte,wordfreq:ro,wordfreq_seeded;deterministically_filtered;structurally_curated
ro,v1,2,1007,1028,model,model,model,unknown,model,wordfreq:ro,wordfreq_seeded;deterministically_filtered;structurally_curated
ro,v1,2,1008,1029,ochi,ochi,ochi,unknown,ochi,wordfreq:ro,wordfreq_seeded;deterministically_filtered;structurally_curated
ro,v1,2,1009,1030,oricum,oricum,oricum,unknown,oricum,wordfreq:ro,wordfreq_seeded;deterministically_filtered;structurally_curated
ro,v1,2,1010,1031,partidului,partidului,partidului,unknown,partidului,wordfreq:ro,wordfreq_seeded;deterministically_filtered;structurally_curated
ro,v1,2,1011,1032,paul,paul,paul,unknown,paul,wordfreq:ro,wordfreq_seeded;deterministically_filtered;structurally_curated
ro,v1,2,1012,1033,prezența,prezența,prezența,unknown,prezența,wordfreq:ro,wordfreq_seeded;deterministically_filtered;structurally_curated
ro,v1,2,1013,1034,prieteni,prieteni,prieteni,unknown,prieteni,wordfreq:ro,wordfreq_seeded;deterministically_filtered;structurally_curated
ro,v1,2,1014,1035,primar,primar,primar,unknown,primar,wordfreq:ro,wordfreq_seeded;deterministically_filtered;structurally_curated
ro,v1,2,1015,1036,punctul,punctul,punctul,unknown,punctul,wordfreq:ro,wordfreq_seeded;deterministically_filtered;structurally_curated
ro,v1,2,1016,1037,serviciu,serviciu,serviciu,unknown,serviciu,wordfreq:ro,wordfreq_seeded;deterministically_filtered;structurally_curated
ro,v1,2,1017,1038,simți,simți,simți,unknown,simți,wordfreq:ro,wordfreq_seeded;deterministically_filtered;structurally_curated
ro,v1,2,1018,1039,totală,totală,totală,unknown,totală,wordfreq:ro,wordfreq_seeded;deterministically_filtered;structurally_curated
ro,v1,2,1019,1040,universității,universității,universității,unknown,universității,wordfreq:ro,wordfreq_seeded;deterministically_filtered;structurally_curated
ro,v1,2,1020,1041,adevărul,adevărul,adevărul,unknown,adevărul,wordfreq:ro,wordfreq_seeded;deterministically_filtered;structurally_curated
ro,v1,2,1021,1042,aflate,aflate,aflate,unknown,aflate,wordfreq:ro,wordfreq_seeded;deterministically_filtered;structurally_curated
ro,v1,2,1022,1043,anterior,anterior,anterior,unknown,anterior,wordfreq:ro,wordfreq_seeded;deterministically_filtered;structurally_curated
ro,v1,2,1023,1044,apar,apar,apar,unknown,apar,wordfreq:ro,wordfreq_seeded;deterministically_filtered;structurally_curated
ro,v1,2,1024,1045,daniel,daniel,daniel,unknown,daniel,wordfreq:ro,wordfreq_seeded;deterministically_filtered;structurally_curated
ro,v1,2,1025,1046,filmul,filmul,filmul,unknown,filmul,wordfreq:ro,wordfreq_seeded;deterministically_filtered;structurally_curated
ro,v1,2,1026,1047,funcționează,funcționează,funcționează,unknown,funcționează,wordfreq:ro,wordfreq_seeded;deterministically_filtered;structurally_curated
ro,v1,2,1027,1048,modul,modul,modul,unknown,modul,wordfreq:ro,wordfreq_seeded;deterministically_filtered;structurally_curated
ro,v1,2,1028,1049,oară,oară,oară,unknown,oară,wordfreq:ro,wordfreq_seeded;deterministically_filtered;structurally_curated
ro,v1,2,1029,1050,omului,omului,omului,unknown,omului,wordfreq:ro,wordfreq_seeded;deterministically_filtered;structurally_curated
ro,v1,2,1030,1051,proces,proces,proces,unknown,proces,wordfreq:ro,wordfreq_seeded;deterministically_filtered;structurally_curated
ro,v1,2,1031,1052,schimbat,schimbat,schimbat,unknown,schimbat,wordfreq:ro,wordfreq_seeded;deterministically_filtered;structurally_curated
ro,v1,2,1032,1053,sânge,sânge,sânge,unknown,sânge,wordfreq:ro,wordfreq_seeded;deterministically_filtered;structurally_curated
ro,v1,2,1033,1054,săptămâna,săptămâna,săptămâna,unknown,săptămâna,wordfreq:ro,wordfreq_seeded;deterministically_filtered;structurally_curated
ro,v1,2,1034,1055,viitor,viitor,viitor,unknown,viitor,wordfreq:ro,wordfreq_seeded;deterministically_filtered;structurally_curated
ro,v1,2,1035,1056,vină,vină,vină,unknown,vină,wordfreq:ro,wordfreq_seeded;deterministically_filtered;structurally_curated
ro,v1,2,1036,1057,zic,zic,zic,unknown,zic,wordfreq:ro,wordfreq_seeded;deterministically_filtered;structurally_curated
ro,v1,2,1037,1058,zone,zone,zone,unknown,zone,wordfreq:ro,wordfreq_seeded;deterministically_filtered;structurally_curated
ro,v1,2,1038,1059,adesea,adesea,adesea,unknown,adesea,wordfreq:ro,wordfreq_seeded;deterministically_filtered;structurally_curated
ro,v1,2,1039,1060,alegerile,alegerile,alegerile,unknown,alegerile,wordfreq:ro,wordfreq_seeded;deterministically_filtered;structurally_curated
ro,v1,2,1040,1061,america,america,america,unknown,america,wordfreq:ro,wordfreq_seeded;deterministically_filtered;structurally_curated
ro,v1,2,1041,1062,atac,atac,atac,unknown,atac,wordfreq:ro,wordfreq_seeded;deterministically_filtered;structurally_curated
ro,v1,2,1042,1063,ba,ba,ba,unknown,ba,wordfreq:ro,wordfreq_seeded;deterministically_filtered;structurally_curated
ro,v1,2,1043,1064,cm,cm,cm,unknown,cm,wordfreq:ro,wordfreq_seeded;deterministically_filtered;structurally_curated
ro,v1,2,1044,1065,decis,decis,decis,unknown,decis,wordfreq:ro,wordfreq_seeded;deterministically_filtered;structurally_curated
ro,v1,2,1045,1066,externe,externe,externe,unknown,externe,wordfreq:ro,wordfreq_seeded;deterministically_filtered;structurally_curated
ro,v1,2,1046,1067,folosesc,folosesc,folosesc,unknown,folosesc,wordfreq:ro,wordfreq_seeded;deterministically_filtered;structurally_curated
ro,v1,2,1047,1068,găsește,găsește,găsește,unknown,găsește,wordfreq:ro,wordfreq_seeded;deterministically_filtered;structurally_curated
ro,v1,2,1048,1069,henry,henry,henry,unknown,henry,wordfreq:ro,wordfreq_seeded;deterministically_filtered;structurally_curated
ro,v1,2,1049,1070,iii,iii,iii,unknown,iii,wordfreq:ro,wordfreq_seeded;deterministically_filtered;structurally_curated
ro,v1,2,1050,1071,interiorul,interiorul,interiorul,unknown,interiorul,wordfreq:ro,wordfreq_seeded;deterministically_filtered;structurally_curated
ro,v1,2,1051,1072,lunii,lunii,lunii,unknown,lunii,wordfreq:ro,wordfreq_seeded;deterministically_filtered;structurally_curated
ro,v1,2,1052,1073,materiale,materiale,materiale,unknown,materiale,wordfreq:ro,wordfreq_seeded;deterministically_filtered;structurally_curated
ro,v1,2,1053,1074,ministrul,ministrul,ministrul,unknown,ministrul,wordfreq:ro,wordfreq_seeded;deterministically_filtered;structurally_curated
ro,v1,2,1054,1075,muzica,muzica,muzica,unknown,muzica,wordfreq:ro,wordfreq_seeded;deterministically_filtered;structurally_curated
ro,v1,2,1055,1076,picioare,picioare,picioare,unknown,picioare,wordfreq:ro,wordfreq_seeded;deterministically_filtered;structurally_curated
ro,v1,2,1056,1077,prezentat,prezentat,prezentat,unknown,prezentat,wordfreq:ro,wordfreq_seeded;deterministically_filtered;structurally_curated
ro,v1,2,1057,1078,profesor,profesor,profesor,unknown,profesor,wordfreq:ro,wordfreq_seeded;deterministically_filtered;structurally_curated
ro,v1,2,1058,1079,proiectului,proiectului,proiectului,unknown,proiectului,wordfreq:ro,wordfreq_seeded;deterministically_filtered;structurally_curated
ro,v1,2,1059,1080,sens,sens,sens,unknown,sens,wordfreq:ro,wordfreq_seeded;deterministically_filtered;structurally_curated
ro,v1,2,1060,1081,spital,spital,spital,unknown,spital,wordfreq:ro,wordfreq_seeded;deterministically_filtered;structurally_curated
ro,v1,2,1061,1082,sport,sport,sport,unknown,sport,wordfreq:ro,wordfreq_seeded;deterministically_filtered;structurally_curated
ro,v1,2,1062,1083,surse,surse,surse,unknown,surse,wordfreq:ro,wordfreq_seeded;deterministically_filtered;structurally_curated
ro,v1,2,1063,1084,ultimele,ultimele,ultimele,unknown,ultimele,wordfreq:ro,wordfreq_seeded;deterministically_filtered;structurally_curated
ro,v1,2,1064,1085,veni,veni,veni,unknown,veni,wordfreq:ro,wordfreq_seeded;deterministically_filtered;structurally_curated
ro,v1,2,1065,1086,vest,vest,vest,unknown,vest,wordfreq:ro,wordfreq_seeded;deterministically_filtered;structurally_curated
ro,v1,2,1066,1087,întrebări,întrebări,întrebări,unknown,întrebări,wordfreq:ro,wordfreq_seeded;deterministically_filtered;structurally_curated
ro,v1,2,1067,1088,înțelege,înțelege,înțelege,unknown,înțelege,wordfreq:ro,wordfreq_seeded;deterministically_filtered;structurally_curated
ro,v1,2,1068,1089,ajung,ajung,ajung,unknown,ajung,wordfreq:ro,wordfreq_seeded;deterministically_filtered;structurally_curated
ro,v1,2,1069,1090,alții,alții,alții,unknown,alții,wordfreq:ro,wordfreq_seeded;deterministically_filtered;structurally_curated
ro,v1,2,1070,1091,culturale,culturale,culturale,unknown,culturale,wordfreq:ro,wordfreq_seeded;deterministically_filtered;structurally_curated
ro,v1,2,1071,1092,dimineața,dimineața,dimineața,unknown,dimineața,wordfreq:ro,wordfreq_seeded;deterministically_filtered;structurally_curated
ro,v1,2,1072,1093,dorit,dorit,dorit,unknown,dorit,wordfreq:ro,wordfreq_seeded;deterministically_filtered;structurally_curated
ro,v1,2,1073,1094,economică,economică,economică,unknown,economică,wordfreq:ro,wordfreq_seeded;deterministically_filtered;structurally_curated
ro,v1,2,1074,1095,energie,energie,energie,unknown,energie,wordfreq:ro,wordfreq_seeded;deterministically_filtered;structurally_curated
ro,v1,2,1075,1096,fizică,fizică,fizică,unknown,fizică,wordfreq:ro,wordfreq_seeded;deterministically_filtered;structurally_curated
ro,v1,2,1076,1097,hotel,hotel,hotel,unknown,hotel,wordfreq:ro,wordfreq_seeded;deterministically_filtered;structurally_curated
ro,v1,2,1077,1098,indiferent,indiferent,indiferent,unknown,indiferent,wordfreq:ro,wordfreq_seeded;deterministically_filtered;structurally_curated
ro,v1,2,1078,1099,mintea,mintea,mintea,unknown,mintea,wordfreq:ro,wordfreq_seeded;deterministically_filtered;structurally_curated
ro,v1,2,1079,1100,opt,opt,opt,unknown,opt,wordfreq:ro,wordfreq_seeded;deterministically_filtered;structurally_curated
ro,v1,2,1080,1101,pic,pic,pic,unknown,pic,wordfreq:ro,wordfreq_seeded;deterministically_filtered;structurally_curated
ro,v1,2,1081,1102,propria,propria,propria,unknown,propria,wordfreq:ro,wordfreq_seeded;deterministically_filtered;structurally_curated
ro,v1,2,1082,1103,real,real,real,unknown,real,wordfreq:ro,wordfreq_seeded;deterministically_filtered;structurally_curated
ro,v1,2,1083,1104,realizate,realizate,realizate,unknown,realizate,wordfreq:ro,wordfreq_seeded;deterministically_filtered;structurally_curated
ro,v1,2,1084,1105,rece,rece,rece,unknown,rece,wordfreq:ro,wordfreq_seeded;deterministically_filtered;structurally_curated
ro,v1,2,1085,1106,situat,situat,situat,unknown,situat,wordfreq:ro,wordfreq_seeded;deterministically_filtered;structurally_curated
ro,v1,2,1086,1107,stă,stă,stă,unknown,stă,wordfreq:ro,wordfreq_seeded;deterministically_filtered;structurally_curated
ro,v1,2,1087,1108,ti,ti,ti,unknown,ti,wordfreq:ro,wordfreq_seeded;deterministically_filtered;structurally_curated
ro,v1,2,1088,1109,top,top,top,unknown,top,wordfreq:ro,wordfreq_seeded;deterministically_filtered;structurally_curated
ro,v1,2,1089,1110,viitoare,viitoare,viitoare,unknown,viitoare,wordfreq:ro,wordfreq_seeded;deterministically_filtered;structurally_curated
ro,v1,2,1090,1111,vârstă,vârstă,vârstă,unknown,vârstă,wordfreq:ro,wordfreq_seeded;deterministically_filtered;structurally_curated
ro,v1,2,1091,1112,învățat,învățat,învățat,unknown,învățat,wordfreq:ro,wordfreq_seeded;deterministically_filtered;structurally_curated
ro,v1,2,1092,1113,astea,astea,astea,unknown,astea,wordfreq:ro,wordfreq_seeded;deterministically_filtered;structurally_curated
ro,v1,2,1093,1114,atat,atat,atat,unknown,atat,wordfreq:ro,wordfreq_seeded;deterministically_filtered;structurally_curated
ro,v1,2,1094,1115,considerat,considerat,considerat,unknown,considerat,wordfreq:ro,wordfreq_seeded;deterministically_filtered;structurally_curated
ro,v1,2,1095,1116,craiova,craiova,craiova,unknown,craiova,wordfreq:ro,wordfreq_seeded;deterministically_filtered;structurally_curated
ro,v1,2,1096,1117,culturii,culturii,culturii,unknown,culturii,wordfreq:ro,wordfreq_seeded;deterministically_filtered;structurally_curated
ro,v1,2,1097,1118,deasupra,deasupra,deasupra,unknown,deasupra,wordfreq:ro,wordfreq_seeded;deterministically_filtered;structurally_curated
ro,v1,2,1098,1119,deschide,deschide,deschide,unknown,deschide,wordfreq:ro,wordfreq_seeded;deterministically_filtered;structurally_curated
ro,v1,2,1099,1120,editura,editura,editura,unknown,editura,wordfreq:ro,wordfreq_seeded;deterministically_filtered;structurally_curated
ro,v1,2,1100,1121,europei,europei,europei,unknown,europei,wordfreq:ro,wordfreq_seeded;deterministically_filtered;structurally_curated
ro,v1,2,1101,1122,f,f,f,unknown,f,wordfreq:ro,wordfreq_seeded;deterministically_filtered;structurally_curated
ro,v1,2,1102,1123,fată,fată,fată,unknown,fată,wordfreq:ro,wordfreq_seeded;deterministically_filtered;structurally_curated
ro,v1,2,1103,1124,gen,gen,gen,unknown,gen,wordfreq:ro,wordfreq_seeded;deterministically_filtered;structurally_curated
ro,v1,2,1104,1125,istoric,istoric,istoric,unknown,istoric,wordfreq:ro,wordfreq_seeded;deterministically_filtered;structurally_curated
ro,v1,2,1105,1126,liga,liga,liga,unknown,liga,wordfreq:ro,wordfreq_seeded;deterministically_filtered;structurally_curated
ro,v1,2,1106,1127,lung,lung,lung,unknown,lung,wordfreq:ro,wordfreq_seeded;deterministically_filtered;structurally_curated
ro,v1,2,1107,1128,marii,marii,marii,unknown,marii,wordfreq:ro,wordfreq_seeded;deterministically_filtered;structurally_curated
ro,v1,2,1108,1129,merg,merg,merg,unknown,merg,wordfreq:ro,wordfreq_seeded;deterministically_filtered;structurally_curated
ro,v1,2,1109,1130,mesaj,mesaj,mesaj,unknown,mesaj,wordfreq:ro,wordfreq_seeded;deterministically_filtered;structurally_curated
ro,v1,2,1110,1131,multor,multor,multor,unknown,multor,wordfreq:ro,wordfreq_seeded;deterministically_filtered;structurally_curated
ro,v1,2,1111,1132,poziția,poziția,poziția,unknown,poziția,wordfreq:ro,wordfreq_seeded;deterministically_filtered;structurally_curated
ro,v1,2,1112,1133,premiul,premiul,premiul,unknown,premiul,wordfreq:ro,wordfreq_seeded;deterministically_filtered;structurally_curated
ro,v1,2,1113,1134,rog,rog,rog,unknown,rog,wordfreq:ro,wordfreq_seeded;deterministically_filtered;structurally_curated
ro,v1,2,1114,1135,sper,sper,sper,unknown,sper,wordfreq:ro,wordfreq_seeded;deterministically_filtered;structurally_curated
ro,v1,2,1115,1136,teren,teren,teren,unknown,teren,wordfreq:ro,wordfreq_seeded;deterministically_filtered;structurally_curated
ro,v1,2,1116,1137,termenul,termenul,termenul,unknown,termenul,wordfreq:ro,wordfreq_seeded;deterministically_filtered;structurally_curated
ro,v1,2,1117,1138,verde,verde,verde,unknown,verde,wordfreq:ro,wordfreq_seeded;deterministically_filtered;structurally_curated
ro,v1,2,1118,1139,vi,vi,vi,unknown,vi,wordfreq:ro,wordfreq_seeded;deterministically_filtered;structurally_curated
ro,v1,2,1119,1140,vorbește,vorbește,vorbește,unknown,vorbește,wordfreq:ro,wordfreq_seeded;deterministically_filtered;structurally_curated
ro,v1,2,1120,1141,înregistrat,înregistrat,înregistrat,unknown,înregistrat,wordfreq:ro,wordfreq_seeded;deterministically_filtered;structurally_curated
ro,v1,2,1121,1142,întors,întors,întors,unknown,întors,wordfreq:ro,wordfreq_seeded;deterministically_filtered;structurally_curated
ro,v1,2,1122,1143,întrebat,întrebat,întrebat,unknown,întrebat,wordfreq:ro,wordfreq_seeded;deterministically_filtered;structurally_curated
ro,v1,2,1123,1144,apariția,apariția,apariția,unknown,apariția,wordfreq:ro,wordfreq_seeded;deterministically_filtered;structurally_curated
ro,v1,2,1124,1145,articol,articol,articol,unknown,articol,wordfreq:ro,wordfreq_seeded;deterministically_filtered;structurally_curated
ro,v1,2,1125,1146,colaborare,colaborare,colaborare,unknown,colaborare,wordfreq:ro,wordfreq_seeded;deterministically_filtered;structurally_curated
ro,v1,2,1126,1147,companiei,companiei,companiei,unknown,companiei,wordfreq:ro,wordfreq_seeded;deterministically_filtered;structurally_curated
ro,v1,2,1127,1148,constituie,constituie,constituie,unknown,constituie,wordfreq:ro,wordfreq_seeded;deterministically_filtered;structurally_curated
ro,v1,2,1128,1149,controlul,controlul,controlul,unknown,controlul,wordfreq:ro,wordfreq_seeded;deterministically_filtered;structurally_curated
ro,v1,2,1129,1150,cuprinde,cuprinde,cuprinde,unknown,cuprinde,wordfreq:ro,wordfreq_seeded;deterministically_filtered;structurally_curated
ro,v1,2,1130,1151,deveni,deveni,deveni,unknown,deveni,wordfreq:ro,wordfreq_seeded;deterministically_filtered;structurally_curated
ro,v1,2,1131,1152,doctor,doctor,doctor,unknown,doctor,wordfreq:ro,wordfreq_seeded;deterministically_filtered;structurally_curated
ro,v1,2,1132,1153,galerie,galerie,galerie,unknown,galerie,wordfreq:ro,wordfreq_seeded;deterministically_filtered;structurally_curated
ro,v1,2,1133,1154,generale,generale,generale,unknown,generale,wordfreq:ro,wordfreq_seeded;deterministically_filtered;structurally_curated
ro,v1,2,1134,1155,interes,interes,interes,unknown,interes,wordfreq:ro,wordfreq_seeded;deterministically_filtered;structurally_curated
ro,v1,2,1135,1156,intrarea,intrarea,intrarea,unknown,intrarea,wordfreq:ro,wordfreq_seeded;deterministically_filtered;structurally_curated
ro,v1,2,1136,1157,județului,județului,județului,unknown,județului,wordfreq:ro,wordfreq_seeded;deterministically_filtered;structurally_curated
ro,v1,2,1137,1158,lungă,lungă,lungă,unknown,lungă,wordfreq:ro,wordfreq_seeded;deterministically_filtered;structurally_curated
ro,v1,2,1138,1159,medie,medie,medie,unknown,medie,wordfreq:ro,wordfreq_seeded;deterministically_filtered;structurally_curated
ro,v1,2,1139,1160,ordine,ordine,ordine,unknown,ordine,wordfreq:ro,wordfreq_seeded;deterministically_filtered;structurally_curated
ro,v1,2,1140,1161,pas,pas,pas,unknown,pas,wordfreq:ro,wordfreq_seeded;deterministically_filtered;structurally_curated
ro,v1,2,1141,1162,prietenii,prietenii,prietenii,unknown,prietenii,wordfreq:ro,wordfreq_seeded;deterministically_filtered;structurally_curated
ro,v1,2,1142,1163,producție,producție,producție,unknown,producție,wordfreq:ro,wordfreq_seeded;deterministically_filtered;structurally_curated
ro,v1,2,1143,1164,rege,rege,rege,unknown,rege,wordfreq:ro,wordfreq_seeded;deterministically_filtered;structurally_curated
ro,v1,2,1144,1165,rezultate,rezultate,rezultate,unknown,rezultate,wordfreq:ro,wordfreq_seeded;deterministically_filtered;structurally_curated
ro,v1,2,1145,1166,românilor,românilor,românilor,unknown,românilor,wordfreq:ro,wordfreq_seeded;deterministically_filtered;structurally_curated
ro,v1,2,1146,1167,spațiu,spațiu,spațiu,unknown,spațiu,wordfreq:ro,wordfreq_seeded;deterministically_filtered;structurally_curated
ro,v1,2,1147,1168,stânga,stânga,stânga,unknown,stânga,wordfreq:ro,wordfreq_seeded;deterministically_filtered;structurally_curated
ro,v1,2,1148,1169,suprafață,suprafață,suprafață,unknown,suprafață,wordfreq:ro,wordfreq_seeded;deterministically_filtered;structurally_curated
ro,v1,2,1149,1170,t,t,t,unknown,t,wordfreq:ro,wordfreq_seeded;deterministically_filtered;structurally_curated
ro,v1,2,1150,1171,transport,transport,transport,unknown,transport,wordfreq:ro,wordfreq_seeded;deterministically_filtered;structurally_curated
ro,v1,2,1151,1172,trebuit,trebuit,trebuit,unknown,trebuit,wordfreq:ro,wordfreq_seeded;deterministically_filtered;structurally_curated
ro,v1,2,1152,1173,umane,umane,umane,unknown,umane,wordfreq:ro,wordfreq_seeded;deterministically_filtered;structurally_curated
ro,v1,2,1153,1174,vorbesc,vorbesc,vorbesc,unknown,vorbesc,wordfreq:ro,wordfreq_seeded;deterministically_filtered;structurally_curated
ro,v1,2,1154,1175,țin,țin,țin,unknown,țin,wordfreq:ro,wordfreq_seeded;deterministically_filtered;structurally_curated
ro,v1,2,1155,1176,acordat,acordat,acordat,unknown,acordat,wordfreq:ro,wordfreq_seeded;deterministically_filtered;structurally_curated
ro,v1,2,1156,1177,animale,animale,animale,unknown,animale,wordfreq:ro,wordfreq_seeded;deterministically_filtered;structurally_curated
ro,v1,2,1157,1178,armata,armata,armata,unknown,armata,wordfreq:ro,wordfreq_seeded;deterministically_filtered;structurally_curated
ro,v1,2,1158,1179,casei,casei,casei,unknown,casei,wordfreq:ro,wordfreq_seeded;deterministically_filtered;structurally_curated
ro,v1,2,1159,1180,cazuri,cazuri,cazuri,unknown,cazuri,wordfreq:ro,wordfreq_seeded;deterministically_filtered;structurally_curated
ro,v1,2,1160,1181,celei,celei,celei,unknown,celei,wordfreq:ro,wordfreq_seeded;deterministically_filtered;structurally_curated
ro,v1,2,1161,1182,codul,codul,codul,unknown,codul,wordfreq:ro,wordfreq_seeded;deterministically_filtered;structurally_curated
ro,v1,2,1162,1183,conduce,conduce,conduce,unknown,conduce,wordfreq:ro,wordfreq_seeded;deterministically_filtered;structurally_curated
ro,v1,2,1163,1184,contra,contra,contra,unknown,contra,wordfreq:ro,wordfreq_seeded;deterministically_filtered;structurally_curated
ro,v1,2,1164,1185,doamna,doamna,doamna,unknown,doamna,wordfreq:ro,wordfreq_seeded;deterministically_filtered;structurally_curated
ro,v1,2,1165,1186,extrem,extrem,extrem,unknown,extrem,wordfreq:ro,wordfreq_seeded;deterministically_filtered;structurally_curated
ro,v1,2,1166,1187,fostul,fostul,fostul,unknown,fostul,wordfreq:ro,wordfreq_seeded;deterministically_filtered;structurally_curated
ro,v1,2,1167,1188,inițial,inițial,inițial,unknown,inițial,wordfreq:ro,wordfreq_seeded;deterministically_filtered;structurally_curated
ro,v1,2,1168,1189,jocul,jocul,jocul,unknown,jocul,wordfreq:ro,wordfreq_seeded;deterministically_filtered;structurally_curated
ro,v1,2,1169,1190,li,li,li,unknown,li,wordfreq:ro,wordfreq_seeded;deterministically_filtered;structurally_curated
ro,v1,2,1170,1191,localitatea,localitatea,localitatea,unknown,localitatea,wordfreq:ro,wordfreq_seeded;deterministically_filtered;structurally_curated
ro,v1,2,1171,1192,marele,marele,marele,unknown,marele,wordfreq:ro,wordfreq_seeded;deterministically_filtered;structurally_curated
ro,v1,2,1172,1193,ni,ni,ni,unknown,ni,wordfreq:ro,wordfreq_seeded;deterministically_filtered;structurally_curated
ro,v1,2,1173,1194,persoana,persoana,persoana,unknown,persoana,wordfreq:ro,wordfreq_seeded;deterministically_filtered;structurally_curated
ro,v1,2,1174,1195,plină,plină,plină,unknown,plină,wordfreq:ro,wordfreq_seeded;deterministically_filtered;structurally_curated
ro,v1,2,1175,1196,produce,produce,produce,unknown,produce,wordfreq:ro,wordfreq_seeded;deterministically_filtered;structurally_curated
ro,v1,2,1176,1197,proiect,proiect,proiect,unknown,proiect,wordfreq:ro,wordfreq_seeded;deterministically_filtered;structurally_curated
ro,v1,2,1177,1198,proiectul,proiectul,proiectul,unknown,proiectul,wordfreq:ro,wordfreq_seeded;deterministically_filtered;structurally_curated
ro,v1,2,1178,1199,pui,pui,pui,unknown,pui,wordfreq:ro,wordfreq_seeded;deterministically_filtered;structurally_curated
ro,v1,2,1179,1200,rezultat,rezultat,rezultat,unknown,rezultat,wordfreq:ro,wordfreq_seeded;deterministically_filtered;structurally_curated
ro,v1,2,1180,1201,satul,satul,satul,unknown,satul,wordfreq:ro,wordfreq_seeded;deterministically_filtered;structurally_curated
ro,v1,2,1181,1202,semn,semn,semn,unknown,semn,wordfreq:ro,wordfreq_seeded;deterministically_filtered;structurally_curated
ro,v1,2,1182,1203,socială,socială,socială,unknown,socială,wordfreq:ro,wordfreq_seeded;deterministically_filtered;structurally_curated
ro,v1,2,1183,1204,studiu,studiu,studiu,unknown,studiu,wordfreq:ro,wordfreq_seeded;deterministically_filtered;structurally_curated
ro,v1,2,1184,1205,sufletul,sufletul,sufletul,unknown,sufletul,wordfreq:ro,wordfreq_seeded;deterministically_filtered;structurally_curated
ro,v1,2,1185,1206,superior,superior,superior,unknown,superior,wordfreq:ro,wordfreq_seeded;deterministically_filtered;structurally_curated
ro,v1,2,1186,1207,termen,termen,termen,unknown,termen,wordfreq:ro,wordfreq_seeded;deterministically_filtered;structurally_curated
ro,v1,2,1187,1208,tipuri,tipuri,tipuri,unknown,tipuri,wordfreq:ro,wordfreq_seeded;deterministically_filtered;structurally_curated
ro,v1,2,1188,1209,treia,treia,treia,unknown,treia,wordfreq:ro,wordfreq_seeded;deterministically_filtered;structurally_curated
ro,v1,2,1189,1210,valea,valea,valea,unknown,valea,wordfreq:ro,wordfreq_seeded;deterministically_filtered;structurally_curated
ro,v1,2,1190,1211,veche,veche,veche,unknown,veche,wordfreq:ro,wordfreq_seeded;deterministically_filtered;structurally_curated
ro,v1,2,1191,1212,viitorul,viitorul,viitorul,unknown,viitorul,wordfreq:ro,wordfreq_seeded;deterministically_filtered;structurally_curated
ro,v1,2,1192,1213,încheiat,încheiat,încheiat,unknown,încheiat,wordfreq:ro,wordfreq_seeded;deterministically_filtered;structurally_curated
ro,v1,2,1193,1214,bărbați,bărbați,bărbați,unknown,bărbați,wordfreq:ro,wordfreq_seeded;deterministically_filtered;structurally_curated
ro,v1,2,1194,1215,condiții,condiții,condiții,unknown,condiții,wordfreq:ro,wordfreq_seeded;deterministically_filtered;structurally_curated
ro,v1,2,1195,1216,construit,construit,construit,unknown,construit,wordfreq:ro,wordfreq_seeded;deterministically_filtered;structurally_curated
ro,v1,2,1196,1217,corpului,corpului,corpului,unknown,corpului,wordfreq:ro,wordfreq_seeded;deterministically_filtered;structurally_curated
ro,v1,2,1197,1218,crăciun,crăciun,crăciun,unknown,crăciun,wordfreq:ro,wordfreq_seeded;deterministically_filtered;structurally_curated
ro,v1,2,1198,1219,dai,dai,dai,unknown,dai,wordfreq:ro,wordfreq_seeded;deterministically_filtered;structurally_curated
ro,v1,2,1199,1220,faptului,faptului,faptului,unknown,faptului,wordfreq:ro,wordfreq_seeded;deterministically_filtered;structurally_curated
ro,v1,2,1200,1221,frank,frank,frank,unknown,frank,wordfreq:ro,wordfreq_seeded;deterministically_filtered;structurally_curated
ro,v1,2,1201,1222,iti,iti,iti,unknown,iti,wordfreq:ro,wordfreq_seeded;deterministically_filtered;structurally_curated
ro,v1,2,1202,1223,jucat,jucat,jucat,unknown,jucat,wordfreq:ro,wordfreq_seeded;deterministically_filtered;structurally_curated
ro,v1,2,1203,1224,militare,militare,militare,unknown,militare,wordfreq:ro,wordfreq_seeded;deterministically_filtered;structurally_curated
ro,v1,2,1204,1225,oferit,oferit,oferit,unknown,oferit,wordfreq:ro,wordfreq_seeded;deterministically_filtered;structurally_curated
ro,v1,2,1205,1226,on,on,on,unknown,on,wordfreq:ro,wordfreq_seeded;deterministically_filtered;structurally_curated
ro,v1,2,1206,1227,paris,paris,paris,unknown,paris,wordfreq:ro,wordfreq_seeded;deterministically_filtered;structurally_curated
ro,v1,2,1207,1228,piese,piese,piese,unknown,piese,wordfreq:ro,wordfreq_seeded;deterministically_filtered;structurally_curated
ro,v1,2,1208,1229,planul,planul,planul,unknown,planul,wordfreq:ro,wordfreq_seeded;deterministically_filtered;structurally_curated
ro,v1,2,1209,1230,poporului,poporului,poporului,unknown,poporului,wordfreq:ro,wordfreq_seeded;deterministically_filtered;structurally_curated
ro,v1,2,1210,1231,poti,poti,poti,unknown,poti,wordfreq:ro,wordfreq_seeded;deterministically_filtered;structurally_curated
ro,v1,2,1211,1232,seria,seria,seria,unknown,seria,wordfreq:ro,wordfreq_seeded;deterministically_filtered;structurally_curated
ro,v1,2,1212,1233,sfântului,sfântului,sfântului,unknown,sfântului,wordfreq:ro,wordfreq_seeded;deterministically_filtered;structurally_curated
ro,v1,2,1213,1234,spunea,spunea,spunea,unknown,spunea,wordfreq:ro,wordfreq_seeded;deterministically_filtered;structurally_curated
ro,v1,2,1214,1235,susține,susține,susține,unknown,susține,wordfreq:ro,wordfreq_seeded;deterministically_filtered;structurally_curated
ro,v1,2,1215,1236,transilvania,transilvania,transilvania,unknown,transilvania,wordfreq:ro,wordfreq_seeded;deterministically_filtered;structurally_curated
ro,v1,2,1216,1237,u,u,u,unknown,u,wordfreq:ro,wordfreq_seeded;deterministically_filtered;structurally_curated
ro,v1,2,1217,1238,ungaria,ungaria,ungaria,unknown,ungaria,wordfreq:ro,wordfreq_seeded;deterministically_filtered;structurally_curated
ro,v1,2,1218,1239,utilizarea,utilizarea,utilizarea,unknown,utilizarea,wordfreq:ro,wordfreq_seeded;deterministically_filtered;structurally_curated
ro,v1,2,1219,1240,închisoare,închisoare,închisoare,unknown,închisoare,wordfreq:ro,wordfreq_seeded;deterministically_filtered;structurally_curated
ro,v1,2,1220,1241,țările,țările,țările,unknown,țările,wordfreq:ro,wordfreq_seeded;deterministically_filtered;structurally_curated
ro,v1,2,1221,1242,aia,aia,aia,unknown,aia,wordfreq:ro,wordfreq_seeded;deterministically_filtered;structurally_curated
ro,v1,2,1222,1243,alege,alege,alege,unknown,alege,wordfreq:ro,wordfreq_seeded;deterministically_filtered;structurally_curated
ro,v1,2,1223,1244,autoritățile,autoritățile,autoritățile,unknown,autoritățile,wordfreq:ro,wordfreq_seeded;deterministically_filtered;structurally_curated
ro,v1,2,1224,1245,așadar,așadar,așadar,unknown,așadar,wordfreq:ro,wordfreq_seeded;deterministically_filtered;structurally_curated
ro,v1,2,1225,1246,bogdan,bogdan,bogdan,unknown,bogdan,wordfreq:ro,wordfreq_seeded;deterministically_filtered;structurally_curated
ro,v1,2,1226,1247,cameră,cameră,cameră,unknown,cameră,wordfreq:ro,wordfreq_seeded;deterministically_filtered;structurally_curated
ro,v1,2,1227,1248,comun,comun,comun,unknown,comun,wordfreq:ro,wordfreq_seeded;deterministically_filtered;structurally_curated
ro,v1,2,1228,1249,creștere,creștere,creștere,unknown,creștere,wordfreq:ro,wordfreq_seeded;deterministically_filtered;structurally_curated
ro,v1,2,1229,1250,cumva,cumva,cumva,unknown,cumva,wordfreq:ro,wordfreq_seeded;deterministically_filtered;structurally_curated
ro,v1,2,1230,1251,căreia,căreia,căreia,unknown,căreia,wordfreq:ro,wordfreq_seeded;deterministically_filtered;structurally_curated
ro,v1,2,1231,1252,decat,decat,decat,unknown,decat,wordfreq:ro,wordfreq_seeded;deterministically_filtered;structurally_curated
ro,v1,2,1232,1253,dragostea,dragostea,dragostea,unknown,dragostea,wordfreq:ro,wordfreq_seeded;deterministically_filtered;structurally_curated
ro,v1,2,1233,1254,gândit,gândit,gândit,unknown,gândit,wordfreq:ro,wordfreq_seeded;deterministically_filtered;structurally_curated
ro,v1,2,1234,1255,imi,imi,imi,unknown,imi,wordfreq:ro,wordfreq_seeded;deterministically_filtered;structurally_curated
ro,v1,2,1235,1256,interior,interior,interior,unknown,interior,wordfreq:ro,wordfreq_seeded;deterministically_filtered;structurally_curated
ro,v1,2,1236,1257,interne,interne,interne,unknown,interne,wordfreq:ro,wordfreq_seeded;deterministically_filtered;structurally_curated
ro,v1,2,1237,1258,it,it,it,unknown,it,wordfreq:ro,wordfreq_seeded;deterministically_filtered;structurally_curated
ro,v1,2,1238,1259,merită,merită,merită,unknown,merită,wordfreq:ro,wordfreq_seeded;deterministically_filtered;structurally_curated
ro,v1,2,1239,1260,naștere,naștere,naștere,unknown,naștere,wordfreq:ro,wordfreq_seeded;deterministically_filtered;structurally_curated
ro,v1,2,1240,1261,pagina,pagina,pagina,unknown,pagina,wordfreq:ro,wordfreq_seeded;deterministically_filtered;structurally_curated
ro,v1,2,1241,1262,petru,petru,petru,unknown,petru,wordfreq:ro,wordfreq_seeded;deterministically_filtered;structurally_curated
ro,v1,2,1242,1263,schimba,schimba,schimba,unknown,schimba,wordfreq:ro,wordfreq_seeded;deterministically_filtered;structurally_curated
ro,v1,2,1243,1264,securitate,securitate,securitate,unknown,securitate,wordfreq:ro,wordfreq_seeded;deterministically_filtered;structurally_curated
ro,v1,2,1244,1265,servicii,servicii,servicii,unknown,servicii,wordfreq:ro,wordfreq_seeded;deterministically_filtered;structurally_curated
ro,v1,2,1245,1266,tatălui,tatălui,tatălui,unknown,tatălui,wordfreq:ro,wordfreq_seeded;deterministically_filtered;structurally_curated
ro,v1,2,1246,1267,tom,tom,tom,unknown,tom,wordfreq:ro,wordfreq_seeded;deterministically_filtered;structurally_curated
ro,v1,2,1247,1268,tânăr,tânăr,tânăr,unknown,tânăr,wordfreq:ro,wordfreq_seeded;deterministically_filtered;structurally_curated
ro,v1,2,1248,1269,vadă,vadă,vadă,unknown,vadă,wordfreq:ro,wordfreq_seeded;deterministically_filtered;structurally_curated
ro,v1,2,1249,1270,înapoi,înapoi,înapoi,unknown,înapoi,wordfreq:ro,wordfreq_seeded;deterministically_filtered;structurally_curated
ro,v1,2,1250,1271,întâlnit,întâlnit,întâlnit,unknown,întâlnit,wordfreq:ro,wordfreq_seeded;deterministically_filtered;structurally_curated
ro,v1,2,1251,1272,case,case,case,unknown,case,wordfreq:ro,wordfreq_seeded;deterministically_filtered;structurally_curated
ro,v1,2,1252,1273,central,central,central,unknown,central,wordfreq:ro,wordfreq_seeded;deterministically_filtered;structurally_curated
ro,v1,2,1253,1274,china,china,china,unknown,china,wordfreq:ro,wordfreq_seeded;deterministically_filtered;structurally_curated
ro,v1,2,1254,1275,ciuda,ciuda,ciuda,unknown,ciuda,wordfreq:ro,wordfreq_seeded;deterministically_filtered;structurally_curated
ro,v1,2,1255,1276,continuare,continuare,continuare,unknown,continuare,wordfreq:ro,wordfreq_seeded;deterministically_filtered;structurally_curated
ro,v1,2,1256,1277,crearea,crearea,crearea,unknown,crearea,wordfreq:ro,wordfreq_seeded;deterministically_filtered;structurally_curated
ro,v1,2,1257,1278,cărui,cărui,cărui,unknown,cărui,wordfreq:ro,wordfreq_seeded;deterministically_filtered;structurally_curated
ro,v1,2,1258,1279,căruia,căruia,căruia,unknown,căruia,wordfreq:ro,wordfreq_seeded;deterministically_filtered;structurally_curated
ro,v1,2,1259,1280,distanță,distanță,distanță,unknown,distanță,wordfreq:ro,wordfreq_seeded;deterministically_filtered;structurally_curated
ro,v1,2,1260,1281,folosind,folosind,folosind,unknown,folosind,wordfreq:ro,wordfreq_seeded;deterministically_filtered;structurally_curated
ro,v1,2,1261,1282,forme,forme,forme,unknown,forme,wordfreq:ro,wordfreq_seeded;deterministically_filtered;structurally_curated
ro,v1,2,1262,1283,ha,ha,ha,unknown,ha,wordfreq:ro,wordfreq_seeded;deterministically_filtered;structurally_curated
ro,v1,2,1263,1285,institutul,institutul,institutul,unknown,institutul,wordfreq:ro,wordfreq_seeded;deterministically_filtered;structurally_curated
ro,v1,2,1264,1286,jack,jack,jack,unknown,jack,wordfreq:ro,wordfreq_seeded;deterministically_filtered;structurally_curated
ro,v1,2,1265,1287,menționat,menționat,menționat,unknown,menționat,wordfreq:ro,wordfreq_seeded;deterministically_filtered;structurally_curated
ro,v1,2,1266,1288,mulțumesc,mulțumesc,mulțumesc,unknown,mulțumesc,wordfreq:ro,wordfreq_seeded;deterministically_filtered;structurally_curated
ro,v1,2,1267,1289,natural,natural,natural,unknown,natural,wordfreq:ro,wordfreq_seeded;deterministically_filtered;structurally_curated
ro,v1,2,1268,1290,neagră,neagră,neagră,unknown,neagră,wordfreq:ro,wordfreq_seeded;deterministically_filtered;structurally_curated
ro,v1,2,1269,1291,ordinul,ordinul,ordinul,unknown,ordinul,wordfreq:ro,wordfreq_seeded;deterministically_filtered;structurally_curated
ro,v1,2,1270,1292,par,par,par,unknown,par,wordfreq:ro,wordfreq_seeded;deterministically_filtered;structurally_curated
ro,v1,2,1271,1293,prins,prins,prins,unknown,prins,wordfreq:ro,wordfreq_seeded;deterministically_filtered;structurally_curated
ro,v1,2,1272,1294,războiul,războiul,războiul,unknown,războiul,wordfreq:ro,wordfreq_seeded;deterministically_filtered;structurally_curated
ro,v1,2,1273,1295,scos,scos,scos,unknown,scos,wordfreq:ro,wordfreq_seeded;deterministically_filtered;structurally_curated
ro,v1,2,1274,1296,state,state,state,unknown,state,wordfreq:ro,wordfreq_seeded;deterministically_filtered;structurally_curated
ro,v1,2,1275,1297,sînt,sînt,sînt,unknown,sînt,wordfreq:ro,wordfreq_seeded;deterministically_filtered;structurally_curated
ro,v1,2,1276,1298,undeva,undeva,undeva,unknown,undeva,wordfreq:ro,wordfreq_seeded;deterministically_filtered;structurally_curated
ro,v1,2,1277,1299,unități,unități,unități,unknown,unități,wordfreq:ro,wordfreq_seeded;deterministically_filtered;structurally_curated
ro,v1,2,1278,1300,vrem,vrem,vrem,unknown,vrem,wordfreq:ro,wordfreq_seeded;deterministically_filtered;structurally_curated
ro,v1,2,1279,1301,însuși,însuși,însuși,unknown,însuși,wordfreq:ro,wordfreq_seeded;deterministically_filtered;structurally_curated
ro,v1,2,1280,1302,acțiuni,acțiuni,acțiuni,unknown,acțiuni,wordfreq:ro,wordfreq_seeded;deterministically_filtered;structurally_curated
ro,v1,2,1281,1303,aduc,aduc,aduc,unknown,aduc,wordfreq:ro,wordfreq_seeded;deterministically_filtered;structurally_curated
ro,v1,2,1282,1304,atâta,atâta,atâta,unknown,atâta,wordfreq:ro,wordfreq_seeded;deterministically_filtered;structurally_curated
ro,v1,2,1283,1305,autorul,autorul,autorul,unknown,autorul,wordfreq:ro,wordfreq_seeded;deterministically_filtered;structurally_curated
ro,v1,2,1284,1306,corp,corp,corp,unknown,corp,wordfreq:ro,wordfreq_seeded;deterministically_filtered;structurally_curated
ro,v1,2,1285,1307,cunosc,cunosc,cunosc,unknown,cunosc,wordfreq:ro,wordfreq_seeded;deterministically_filtered;structurally_curated
ro,v1,2,1286,1308,documente,documente,documente,unknown,documente,wordfreq:ro,wordfreq_seeded;deterministically_filtered;structurally_curated
ro,v1,2,1287,1309,echipe,echipe,echipe,unknown,echipe,wordfreq:ro,wordfreq_seeded;deterministically_filtered;structurally_curated
ro,v1,2,1288,1310,elena,elena,elena,unknown,elena,wordfreq:ro,wordfreq_seeded;deterministically_filtered;structurally_curated
ro,v1,2,1289,1311,engleză,engleză,engleză,unknown,engleză,wordfreq:ro,wordfreq_seeded;deterministically_filtered;structurally_curated
ro,v1,2,1290,1312,festivalul,festivalul,festivalul,unknown,festivalul,wordfreq:ro,wordfreq_seeded;deterministically_filtered;structurally_curated
ro,v1,2,1291,1313,idee,idee,idee,unknown,idee,wordfreq:ro,wordfreq_seeded;deterministically_filtered;structurally_curated
ro,v1,2,1292,1314,industria,industria,industria,unknown,industria,wordfreq:ro,wordfreq_seeded;deterministically_filtered;structurally_curated
ro,v1,2,1293,1315,live,live,live,unknown,live,wordfreq:ro,wordfreq_seeded;deterministically_filtered;structurally_curated
ro,v1,2,1294,1316,medic,medic,medic,unknown,medic,wordfreq:ro,wordfreq_seeded;deterministically_filtered;structurally_curated
ro,v1,2,1295,1317,munte,munte,munte,unknown,munte,wordfreq:ro,wordfreq_seeded;deterministically_filtered;structurally_curated
ro,v1,2,1296,1318,oare,oare,oare,unknown,oare,wordfreq:ro,wordfreq_seeded;deterministically_filtered;structurally_curated
ro,v1,2,1297,1319,onoare,onoare,onoare,unknown,onoare,wordfreq:ro,wordfreq_seeded;deterministically_filtered;structurally_curated
ro,v1,2,1298,1320,postul,postul,postul,unknown,postul,wordfreq:ro,wordfreq_seeded;deterministically_filtered;structurally_curated
ro,v1,2,1299,1321,program,program,program,unknown,program,wordfreq:ro,wordfreq_seeded;deterministically_filtered;structurally_curated
ro,v1,2,1300,1322,propriu,propriu,propriu,unknown,propriu,wordfreq:ro,wordfreq_seeded;deterministically_filtered;structurally_curated
ro,v1,2,1301,1323,regina,regina,regina,unknown,regina,wordfreq:ro,wordfreq_seeded;deterministically_filtered;structurally_curated
ro,v1,2,1302,1324,regiunea,regiunea,regiunea,unknown,regiunea,wordfreq:ro,wordfreq_seeded;deterministically_filtered;structurally_curated
ro,v1,2,1303,1325,sala,sala,sala,unknown,sala,wordfreq:ro,wordfreq_seeded;deterministically_filtered;structurally_curated
ro,v1,2,1304,1326,scop,scop,scop,unknown,scop,wordfreq:ro,wordfreq_seeded;deterministically_filtered;structurally_curated
ro,v1,2,1305,1327,secolul,secolul,secolul,unknown,secolul,wordfreq:ro,wordfreq_seeded;deterministically_filtered;structurally_curated
ro,v1,2,1306,1328,sine,sine,sine,unknown,sine,wordfreq:ro,wordfreq_seeded;deterministically_filtered;structurally_curated
ro,v1,2,1307,1329,teatrul,teatrul,teatrul,unknown,teatrul,wordfreq:ro,wordfreq_seeded;deterministically_filtered;structurally_curated
ro,v1,2,1308,1330,ucis,ucis,ucis,unknown,ucis,wordfreq:ro,wordfreq_seeded;deterministically_filtered;structurally_curated
ro,v1,2,1309,1331,vara,vara,vara,unknown,vara,wordfreq:ro,wordfreq_seeded;deterministically_filtered;structurally_curated
ro,v1,2,1310,1332,vreun,vreun,vreun,unknown,vreun,wordfreq:ro,wordfreq_seeded;deterministically_filtered;structurally_curated
ro,v1,2,1311,1333,ținut,ținut,ținut,unknown,ținut,wordfreq:ro,wordfreq_seeded;deterministically_filtered;structurally_curated
ro,v1,2,1312,1334,anilor,anilor,anilor,unknown,anilor,wordfreq:ro,wordfreq_seeded;deterministically_filtered;structurally_curated
ro,v1,2,1313,1335,auto,auto,auto,unknown,auto,wordfreq:ro,wordfreq_seeded;deterministically_filtered;structurally_curated
ro,v1,2,1314,1336,centrală,centrală,centrală,unknown,centrală,wordfreq:ro,wordfreq_seeded;deterministically_filtered;structurally_curated
ro,v1,2,1315,1337,club,club,club,unknown,club,wordfreq:ro,wordfreq_seeded;deterministically_filtered;structurally_curated
ro,v1,2,1316,1338,cultura,cultura,cultura,unknown,cultura,wordfreq:ro,wordfreq_seeded;deterministically_filtered;structurally_curated
ro,v1,2,1317,1339,desfășurat,desfășurat,desfășurat,unknown,desfășurat,wordfreq:ro,wordfreq_seeded;deterministically_filtered;structurally_curated
ro,v1,2,1318,1340,direcția,direcția,direcția,unknown,direcția,wordfreq:ro,wordfreq_seeded;deterministically_filtered;structurally_curated
ro,v1,2,1319,1341,drepturile,drepturile,drepturile,unknown,drepturile,wordfreq:ro,wordfreq_seeded;deterministically_filtered;structurally_curated
ro,v1,2,1320,1342,existența,existența,existența,unknown,existența,wordfreq:ro,wordfreq_seeded;deterministically_filtered;structurally_curated
ro,v1,2,1321,1343,folosește,folosește,folosește,unknown,folosește,wordfreq:ro,wordfreq_seeded;deterministically_filtered;structurally_curated
ro,v1,2,1322,1344,gura,gura,gura,unknown,gura,wordfreq:ro,wordfreq_seeded;deterministically_filtered;structurally_curated
ro,v1,2,1323,1345,găsesc,găsesc,găsesc,unknown,găsesc,wordfreq:ro,wordfreq_seeded;deterministically_filtered;structurally_curated
ro,v1,2,1324,1346,material,material,material,unknown,material,wordfreq:ro,wordfreq_seeded;deterministically_filtered;structurally_curated
ro,v1,2,1325,1347,or,or,or,unknown,or,wordfreq:ro,wordfreq_seeded;deterministically_filtered;structurally_curated
ro,v1,2,1326,1348,parlamentul,parlamentul,parlamentul,unknown,parlamentul,wordfreq:ro,wordfreq_seeded;deterministically_filtered;structurally_curated
ro,v1,2,1327,1349,parlamentului,parlamentului,parlamentului,unknown,parlamentului,wordfreq:ro,wordfreq_seeded;deterministically_filtered;structurally_curated
ro,v1,2,1328,1350,partidul,partidul,partidul,unknown,partidul,wordfreq:ro,wordfreq_seeded;deterministically_filtered;structurally_curated
ro,v1,2,1329,1351,permis,permis,permis,unknown,permis,wordfreq:ro,wordfreq_seeded;deterministically_filtered;structurally_curated
ro,v1,2,1330,1352,petrecut,petrecut,petrecut,unknown,petrecut,wordfreq:ro,wordfreq_seeded;deterministically_filtered;structurally_curated
ro,v1,2,1331,1353,pierde,pierde,pierde,unknown,pierde,wordfreq:ro,wordfreq_seeded;deterministically_filtered;structurally_curated
ro,v1,2,1332,1354,politica,politica,politica,unknown,politica,wordfreq:ro,wordfreq_seeded;deterministically_filtered;structurally_curated
ro,v1,2,1333,1355,poliția,poliția,poliția,unknown,poliția,wordfreq:ro,wordfreq_seeded;deterministically_filtered;structurally_curated
ro,v1,2,1334,1356,popescu,popescu,popescu,unknown,popescu,wordfreq:ro,wordfreq_seeded;deterministically_filtered;structurally_curated
ro,v1,2,1335,1357,pregătit,pregătit,pregătit,unknown,pregătit,wordfreq:ro,wordfreq_seeded;deterministically_filtered;structurally_curated
ro,v1,2,1336,1358,roșu,roșu,roșu,unknown,roșu,wordfreq:ro,wordfreq_seeded;deterministically_filtered;structurally_curated
ro,v1,2,1337,1359,secolului,secolului,secolului,unknown,secolului,wordfreq:ro,wordfreq_seeded;deterministically_filtered;structurally_curated
ro,v1,2,1338,1360,sezonul,sezonul,sezonul,unknown,sezonul,wordfreq:ro,wordfreq_seeded;deterministically_filtered;structurally_curated
ro,v1,2,1339,1361,sora,sora,sora,unknown,sora,wordfreq:ro,wordfreq_seeded;deterministically_filtered;structurally_curated
ro,v1,2,1340,1362,trecută,trecută,trecută,unknown,trecută,wordfreq:ro,wordfreq_seeded;deterministically_filtered;structurally_curated
ro,v1,2,1341,1363,trimite,trimite,trimite,unknown,trimite,wordfreq:ro,wordfreq_seeded;deterministically_filtered;structurally_curated
ro,v1,2,1342,1364,ucraina,ucraina,ucraina,unknown,ucraina,wordfreq:ro,wordfreq_seeded;deterministically_filtered;structurally_curated
ro,v1,2,1343,1365,uitat,uitat,uitat,unknown,uitat,wordfreq:ro,wordfreq_seeded;deterministically_filtered;structurally_curated
ro,v1,2,1344,1366,valoarea,valoarea,valoarea,unknown,valoarea,wordfreq:ro,wordfreq_seeded;deterministically_filtered;structurally_curated
ro,v1,2,1345,1367,zilele,zilele,zilele,unknown,zilele,wordfreq:ro,wordfreq_seeded;deterministically_filtered;structurally_curated
ro,v1,2,1346,1368,zonele,zonele,zonele,unknown,zonele,wordfreq:ro,wordfreq_seeded;deterministically_filtered;structurally_curated
ro,v1,2,1347,1369,înalt,înalt,înalt,unknown,înalt,wordfreq:ro,wordfreq_seeded;deterministically_filtered;structurally_curated
ro,v1,2,1348,1370,știți,știți,știți,unknown,știți,wordfreq:ro,wordfreq_seeded;deterministically_filtered;structurally_curated
ro,v1,2,1349,1371,acțiunea,acțiunea,acțiunea,unknown,acțiunea,wordfreq:ro,wordfreq_seeded;deterministically_filtered;structurally_curated
ro,v1,2,1350,1372,administrația,administrația,administrația,unknown,administrația,wordfreq:ro,wordfreq_seeded;deterministically_filtered;structurally_curated
ro,v1,2,1351,1373,aminte,aminte,aminte,unknown,aminte,wordfreq:ro,wordfreq_seeded;deterministically_filtered;structurally_curated
ro,v1,2,1352,1374,britanie,britanie,britanie,unknown,britanie,wordfreq:ro,wordfreq_seeded;deterministically_filtered;structurally_curated
ro,v1,2,1353,1375,comune,comune,comune,unknown,comune,wordfreq:ro,wordfreq_seeded;deterministically_filtered;structurally_curated
ro,v1,2,1354,1376,comunei,comunei,comunei,unknown,comunei,wordfreq:ro,wordfreq_seeded;deterministically_filtered;structurally_curated
ro,v1,2,1355,1377,cunoscute,cunoscute,cunoscute,unknown,cunoscute,wordfreq:ro,wordfreq_seeded;deterministically_filtered;structurally_curated
ro,v1,2,1356,1378,căror,căror,căror,unknown,căror,wordfreq:ro,wordfreq_seeded;deterministically_filtered;structurally_curated
ro,v1,2,1357,1379,duc,duc,duc,unknown,duc,wordfreq:ro,wordfreq_seeded;deterministically_filtered;structurally_curated
ro,v1,2,1358,1380,economic,economic,economic,unknown,economic,wordfreq:ro,wordfreq_seeded;deterministically_filtered;structurally_curated
ro,v1,2,1359,1381,grupului,grupului,grupului,unknown,grupului,wordfreq:ro,wordfreq_seeded;deterministically_filtered;structurally_curated
ro,v1,2,1360,1382,guvern,guvern,guvern,unknown,guvern,wordfreq:ro,wordfreq_seeded;deterministically_filtered;structurally_curated
ro,v1,2,1361,1383,iubire,iubire,iubire,unknown,iubire,wordfreq:ro,wordfreq_seeded;deterministically_filtered;structurally_curated
ro,v1,2,1362,1384,iulia,iulia,iulia,unknown,iulia,wordfreq:ro,wordfreq_seeded;deterministically_filtered;structurally_curated
ro,v1,2,1363,1385,lei,lei,lei,unknown,lei,wordfreq:ro,wordfreq_seeded;deterministically_filtered;structurally_curated
ro,v1,2,1364,1386,mamă,mamă,mamă,unknown,mamă,wordfreq:ro,wordfreq_seeded;deterministically_filtered;structurally_curated
ro,v1,2,1365,1387,militar,militar,militar,unknown,militar,wordfreq:ro,wordfreq_seeded;deterministically_filtered;structurally_curated
ro,v1,2,1366,1388,mișcare,mișcare,mișcare,unknown,mișcare,wordfreq:ro,wordfreq_seeded;deterministically_filtered;structurally_curated
ro,v1,2,1367,1389,moldovei,moldovei,moldovei,unknown,moldovei,wordfreq:ro,wordfreq_seeded;deterministically_filtered;structurally_curated
ro,v1,2,1368,1390,motivul,motivul,motivul,unknown,motivul,wordfreq:ro,wordfreq_seeded;deterministically_filtered;structurally_curated
ro,v1,2,1369,1391,mâine,mâine,mâine,unknown,mâine,wordfreq:ro,wordfreq_seeded;deterministically_filtered;structurally_curated
ro,v1,2,1370,1392,ocupă,ocupă,ocupă,unknown,ocupă,wordfreq:ro,wordfreq_seeded;deterministically_filtered;structurally_curated
ro,v1,2,1371,1393,programul,programul,programul,unknown,programul,wordfreq:ro,wordfreq_seeded;deterministically_filtered;structurally_curated
ro,v1,2,1372,1394,părea,părea,părea,unknown,părea,wordfreq:ro,wordfreq_seeded;deterministically_filtered;structurally_curated
ro,v1,2,1373,1395,sezon,sezon,sezon,unknown,sezon,wordfreq:ro,wordfreq_seeded;deterministically_filtered;structurally_curated
ro,v1,2,1374,1396,spațiul,spațiul,spațiul,unknown,spațiul,wordfreq:ro,wordfreq_seeded;deterministically_filtered;structurally_curated
ro,v1,2,1375,1397,text,text,text,unknown,text,wordfreq:ro,wordfreq_seeded;deterministically_filtered;structurally_curated
ro,v1,2,1376,1398,to,to,to,unknown,to,wordfreq:ro,wordfreq_seeded;deterministically_filtered;structurally_curated
ro,v1,2,1377,1399,volumul,volumul,volumul,unknown,volumul,wordfreq:ro,wordfreq_seeded;deterministically_filtered;structurally_curated
ro,v1,2,1378,1400,vreodată,vreodată,vreodată,unknown,vreodată,wordfreq:ro,wordfreq_seeded;deterministically_filtered;structurally_curated
ro,v1,2,1379,1401,you,you,you,unknown,you,wordfreq:ro,wordfreq_seeded;deterministically_filtered;structurally_curated
ro,v1,2,1380,1402,ajungă,ajungă,ajungă,unknown,ajungă,wordfreq:ro,wordfreq_seeded;deterministically_filtered;structurally_curated
ro,v1,2,1381,1403,comerciale,comerciale,comerciale,unknown,comerciale,wordfreq:ro,wordfreq_seeded;deterministically_filtered;structurally_curated
ro,v1,2,1382,1404,cristian,cristian,cristian,unknown,cristian,wordfreq:ro,wordfreq_seeded;deterministically_filtered;structurally_curated
ro,v1,2,1383,1405,dori,dori,dori,unknown,dori,wordfreq:ro,wordfreq_seeded;deterministically_filtered;structurally_curated
ro,v1,2,1384,1406,doriți,doriți,doriți,unknown,doriți,wordfreq:ro,wordfreq_seeded;deterministically_filtered;structurally_curated
ro,v1,2,1385,1407,dreptate,dreptate,dreptate,unknown,dreptate,wordfreq:ro,wordfreq_seeded;deterministically_filtered;structurally_curated
ro,v1,2,1386,1408,eminescu,eminescu,eminescu,unknown,eminescu,wordfreq:ro,wordfreq_seeded;deterministically_filtered;structurally_curated
ro,v1,2,1387,1409,florin,florin,florin,unknown,florin,wordfreq:ro,wordfreq_seeded;deterministically_filtered;structurally_curated
ro,v1,2,1388,1410,făcute,făcute,făcute,unknown,făcute,wordfreq:ro,wordfreq_seeded;deterministically_filtered;structurally_curated
ro,v1,2,1389,1411,interesant,interesant,interesant,unknown,interesant,wordfreq:ro,wordfreq_seeded;deterministically_filtered;structurally_curated
ro,v1,2,1390,1412,modelul,modelul,modelul,unknown,modelul,wordfreq:ro,wordfreq_seeded;deterministically_filtered;structurally_curated
ro,v1,2,1391,1413,moderne,moderne,moderne,unknown,moderne,wordfreq:ro,wordfreq_seeded;deterministically_filtered;structurally_curated
ro,v1,2,1392,1414,multi,multi,multi,unknown,multi,wordfreq:ro,wordfreq_seeded;deterministically_filtered;structurally_curated
ro,v1,2,1393,1415,municipiul,municipiul,municipiul,unknown,municipiul,wordfreq:ro,wordfreq_seeded;deterministically_filtered;structurally_curated
ro,v1,2,1394,1416,non,non,non,unknown,non,wordfreq:ro,wordfreq_seeded;deterministically_filtered;structurally_curated
ro,v1,2,1395,1417,obiecte,obiecte,obiecte,unknown,obiecte,wordfreq:ro,wordfreq_seeded;deterministically_filtered;structurally_curated
ro,v1,2,1396,1418,populației,populației,populației,unknown,populației,wordfreq:ro,wordfreq_seeded;deterministically_filtered;structurally_curated
ro,v1,2,1397,1419,puternică,puternică,puternică,unknown,puternică,wordfreq:ro,wordfreq_seeded;deterministically_filtered;structurally_curated
ro,v1,2,1398,1420,părăsit,părăsit,părăsit,unknown,părăsit,wordfreq:ro,wordfreq_seeded;deterministically_filtered;structurally_curated
ro,v1,2,1399,1421,revista,revista,revista,unknown,revista,wordfreq:ro,wordfreq_seeded;deterministically_filtered;structurally_curated
ro,v1,2,1400,1422,răspunde,răspunde,răspunde,unknown,răspunde,wordfreq:ro,wordfreq_seeded;deterministically_filtered;structurally_curated
ro,v1,2,1401,1423,speciale,speciale,speciale,unknown,speciale,wordfreq:ro,wordfreq_seeded;deterministically_filtered;structurally_curated
ro,v1,2,1402,1424,stradă,stradă,stradă,unknown,stradă,wordfreq:ro,wordfreq_seeded;deterministically_filtered;structurally_curated
ro,v1,2,1403,1425,sã,sã,sã,unknown,sã,wordfreq:ro,wordfreq_seeded;deterministically_filtered;structurally_curated
ro,v1,2,1404,1426,tehnică,tehnică,tehnică,unknown,tehnică,wordfreq:ro,wordfreq_seeded;deterministically_filtered;structurally_curated
ro,v1,2,1405,1427,terminat,terminat,terminat,unknown,terminat,wordfreq:ro,wordfreq_seeded;deterministically_filtered;structurally_curated
ro,v1,2,1406,1428,titlu,titlu,titlu,unknown,titlu,wordfreq:ro,wordfreq_seeded;deterministically_filtered;structurally_curated
ro,v1,2,1407,1429,traian,traian,traian,unknown,traian,wordfreq:ro,wordfreq_seeded;deterministically_filtered;structurally_curated
ro,v1,2,1408,1430,trăiesc,trăiesc,trăiesc,unknown,trăiesc,wordfreq:ro,wordfreq_seeded;deterministically_filtered;structurally_curated
ro,v1,2,1409,1431,încep,încep,încep,unknown,încep,wordfreq:ro,wordfreq_seeded;deterministically_filtered;structurally_curated
ro,v1,2,1410,1432,școlii,școlii,școlii,unknown,școlii,wordfreq:ro,wordfreq_seeded;deterministically_filtered;structurally_curated
ro,v1,2,1411,1433,adresa,adresa,adresa,unknown,adresa,wordfreq:ro,wordfreq_seeded;deterministically_filtered;structurally_curated
ro,v1,2,1412,1434,campania,campania,campania,unknown,campania,wordfreq:ro,wordfreq_seeded;deterministically_filtered;structurally_curated
ro,v1,2,1413,1435,comună,comună,comună,unknown,comună,wordfreq:ro,wordfreq_seeded;deterministically_filtered;structurally_curated
ro,v1,2,1414,1436,condițiile,condițiile,condițiile,unknown,condițiile,wordfreq:ro,wordfreq_seeded;deterministically_filtered;structurally_curated
ro,v1,2,1415,1437,educație,educație,educație,unknown,educație,wordfreq:ro,wordfreq_seeded;deterministically_filtered;structurally_curated
ro,v1,2,1416,1438,frumoase,frumoase,frumoase,unknown,frumoase,wordfreq:ro,wordfreq_seeded;deterministically_filtered;structurally_curated
ro,v1,2,1417,1439,gol,gol,gol,unknown,gol,wordfreq:ro,wordfreq_seeded;deterministically_filtered;structurally_curated
ro,v1,2,1418,1440,lucrarea,lucrarea,lucrarea,unknown,lucrarea,wordfreq:ro,wordfreq_seeded;deterministically_filtered;structurally_curated
ro,v1,2,1419,1441,max,max,max,unknown,max,wordfreq:ro,wordfreq_seeded;deterministically_filtered;structurally_curated
ro,v1,2,1420,1442,mureș,mureș,mureș,unknown,mureș,wordfreq:ro,wordfreq_seeded;deterministically_filtered;structurally_curated
ro,v1,2,1421,1443,mutat,mutat,mutat,unknown,mutat,wordfreq:ro,wordfreq_seeded;deterministically_filtered;structurally_curated
ro,v1,2,1422,1444,numește,numește,numește,unknown,numește,wordfreq:ro,wordfreq_seeded;deterministically_filtered;structurally_curated
ro,v1,2,1423,1445,parcursul,parcursul,parcursul,unknown,parcursul,wordfreq:ro,wordfreq_seeded;deterministically_filtered;structurally_curated
ro,v1,2,1424,1446,partid,partid,partid,unknown,partid,wordfreq:ro,wordfreq_seeded;deterministically_filtered;structurally_curated
ro,v1,2,1425,1447,poezie,poezie,poezie,unknown,poezie,wordfreq:ro,wordfreq_seeded;deterministically_filtered;structurally_curated
ro,v1,2,1426,1448,pro,pro,pro,unknown,pro,wordfreq:ro,wordfreq_seeded;deterministically_filtered;structurally_curated
ro,v1,2,1427,1449,părinte,părinte,părinte,unknown,părinte,wordfreq:ro,wordfreq_seeded;deterministically_filtered;structurally_curated
ro,v1,2,1428,1450,richard,richard,richard,unknown,richard,wordfreq:ro,wordfreq_seeded;deterministically_filtered;structurally_curated
ro,v1,2,1429,1451,ridică,ridică,ridică,unknown,ridică,wordfreq:ro,wordfreq_seeded;deterministically_filtered;structurally_curated
ro,v1,2,1430,1452,sat,sat,sat,unknown,sat,wordfreq:ro,wordfreq_seeded;deterministically_filtered;structurally_curated
ro,v1,2,1431,1453,scenă,scenă,scenă,unknown,scenă,wordfreq:ro,wordfreq_seeded;deterministically_filtered;structurally_curated
ro,v1,2,1432,1454,serviciul,serviciul,serviciul,unknown,serviciul,wordfreq:ro,wordfreq_seeded;deterministically_filtered;structurally_curated
ro,v1,2,1433,1455,simțit,simțit,simțit,unknown,simțit,wordfreq:ro,wordfreq_seeded;deterministically_filtered;structurally_curated
ro,v1,2,1434,1456,spună,spună,spună,unknown,spună,wordfreq:ro,wordfreq_seeded;deterministically_filtered;structurally_curated
ro,v1,2,1435,1457,televiziune,televiziune,televiziune,unknown,televiziune,wordfreq:ro,wordfreq_seeded;deterministically_filtered;structurally_curated
ro,v1,2,1436,1458,ajute,ajute,ajute,unknown,ajute,wordfreq:ro,wordfreq_seeded;deterministically_filtered;structurally_curated
ro,v1,2,1437,1459,apei,apei,apei,unknown,apei,wordfreq:ro,wordfreq_seeded;deterministically_filtered;structurally_curated
ro,v1,2,1438,1460,asociația,asociația,asociația,unknown,asociația,wordfreq:ro,wordfreq_seeded;deterministically_filtered;structurally_curated
ro,v1,2,1439,1461,bacău,bacău,bacău,unknown,bacău,wordfreq:ro,wordfreq_seeded;deterministically_filtered;structurally_curated
ro,v1,2,1440,1462,cafea,cafea,cafea,unknown,cafea,wordfreq:ro,wordfreq_seeded;deterministically_filtered;structurally_curated
ro,v1,2,1441,1463,celălalt,celălalt,celălalt,unknown,celălalt,wordfreq:ro,wordfreq_seeded;deterministically_filtered;structurally_curated
ro,v1,2,1442,1464,charles,charles,charles,unknown,charles,wordfreq:ro,wordfreq_seeded;deterministically_filtered;structurally_curated
ro,v1,2,1443,1465,construcții,construcții,construcții,unknown,construcții,wordfreq:ro,wordfreq_seeded;deterministically_filtered;structurally_curated
ro,v1,2,1444,1466,datelor,datelor,datelor,unknown,datelor,wordfreq:ro,wordfreq_seeded;deterministically_filtered;structurally_curated
ro,v1,2,1445,1467,dimensiuni,dimensiuni,dimensiuni,unknown,dimensiuni,wordfreq:ro,wordfreq_seeded;deterministically_filtered;structurally_curated
ro,v1,2,1446,1468,dumitru,dumitru,dumitru,unknown,dumitru,wordfreq:ro,wordfreq_seeded;deterministically_filtered;structurally_curated
ro,v1,2,1447,1469,excepția,excepția,excepția,unknown,excepția,wordfreq:ro,wordfreq_seeded;deterministically_filtered;structurally_curated
ro,v1,2,1448,1470,facultatea,facultatea,facultatea,unknown,facultatea,wordfreq:ro,wordfreq_seeded;deterministically_filtered;structurally_curated
ro,v1,2,1449,1471,finală,finală,finală,unknown,finală,wordfreq:ro,wordfreq_seeded;deterministically_filtered;structurally_curated
ro,v1,2,1450,1472,folosirea,folosirea,folosirea,unknown,folosirea,wordfreq:ro,wordfreq_seeded;deterministically_filtered;structurally_curated
ro,v1,2,1451,1473,interviu,interviu,interviu,unknown,interviu,wordfreq:ro,wordfreq_seeded;deterministically_filtered;structurally_curated
ro,v1,2,1452,1474,legat,legat,legat,unknown,legat,wordfreq:ro,wordfreq_seeded;deterministically_filtered;structurally_curated
ro,v1,2,1453,1475,londra,londra,londra,unknown,londra,wordfreq:ro,wordfreq_seeded;deterministically_filtered;structurally_curated
ro,v1,2,1454,1476,lumină,lumină,lumină,unknown,lumină,wordfreq:ro,wordfreq_seeded;deterministically_filtered;structurally_curated
ro,v1,2,1455,1477,miliarde,miliarde,miliarde,unknown,miliarde,wordfreq:ro,wordfreq_seeded;deterministically_filtered;structurally_curated
ro,v1,2,1456,1478,municipiului,municipiului,municipiului,unknown,municipiului,wordfreq:ro,wordfreq_seeded;deterministically_filtered;structurally_curated
ro,v1,2,1457,1479,oferi,oferi,oferi,unknown,oferi,wordfreq:ro,wordfreq_seeded;deterministically_filtered;structurally_curated
ro,v1,2,1458,1480,orașe,orașe,orașe,unknown,orașe,wordfreq:ro,wordfreq_seeded;deterministically_filtered;structurally_curated
ro,v1,2,1459,1481,organizarea,organizarea,organizarea,unknown,organizarea,wordfreq:ro,wordfreq_seeded;deterministically_filtered;structurally_curated
ro,v1,2,1460,1482,pavel,pavel,pavel,unknown,pavel,wordfreq:ro,wordfreq_seeded;deterministically_filtered;structurally_curated
ro,v1,2,1461,1483,pericol,pericol,pericol,unknown,pericol,wordfreq:ro,wordfreq_seeded;deterministically_filtered;structurally_curated
ro,v1,2,1462,1484,primarul,primarul,primarul,unknown,primarul,wordfreq:ro,wordfreq_seeded;deterministically_filtered;structurally_curated
ro,v1,2,1463,1485,publicată,publicată,publicată,unknown,publicată,wordfreq:ro,wordfreq_seeded;deterministically_filtered;structurally_curated
ro,v1,2,1464,1486,realizarea,realizarea,realizarea,unknown,realizarea,wordfreq:ro,wordfreq_seeded;deterministically_filtered;structurally_curated
ro,v1,2,1465,1487,relații,relații,relații,unknown,relații,wordfreq:ro,wordfreq_seeded;deterministically_filtered;structurally_curated
ro,v1,2,1466,1488,sprijinul,sprijinul,sprijinul,unknown,sprijinul,wordfreq:ro,wordfreq_seeded;deterministically_filtered;structurally_curated
ro,v1,2,1467,1489,stilul,stilul,stilul,unknown,stilul,wordfreq:ro,wordfreq_seeded;deterministically_filtered;structurally_curated
ro,v1,2,1468,1490,tau,tau,tau,unknown,tau,wordfreq:ro,wordfreq_seeded;deterministically_filtered;structurally_curated
ro,v1,2,1469,1491,toții,toții,toții,unknown,toții,wordfreq:ro,wordfreq_seeded;deterministically_filtered;structurally_curated
ro,v1,2,1470,1492,înaltă,înaltă,înaltă,unknown,înaltă,wordfreq:ro,wordfreq_seeded;deterministically_filtered;structurally_curated
ro,v1,2,1471,1493,înțeleg,înțeleg,înțeleg,unknown,înțeleg,wordfreq:ro,wordfreq_seeded;deterministically_filtered;structurally_curated
ro,v1,2,1472,1494,activități,activități,activități,unknown,activități,wordfreq:ro,wordfreq_seeded;deterministically_filtered;structurally_curated
ro,v1,2,1473,1495,adevărată,adevărată,adevărată,unknown,adevărată,wordfreq:ro,wordfreq_seeded;deterministically_filtered;structurally_curated
ro,v1,2,1474,1496,albă,albă,albă,unknown,albă,wordfreq:ro,wordfreq_seeded;deterministically_filtered;structurally_curated
ro,v1,2,1475,1497,arme,arme,arme,unknown,arme,wordfreq:ro,wordfreq_seeded;deterministically_filtered;structurally_curated
ro,v1,2,1476,1498,arta,arta,arta,unknown,arta,wordfreq:ro,wordfreq_seeded;deterministically_filtered;structurally_curated
ro,v1,2,1477,1499,cont,cont,cont,unknown,cont,wordfreq:ro,wordfreq_seeded;deterministically_filtered;structurally_curated
ro,v1,2,1478,1500,devină,devină,devină,unknown,devină,wordfreq:ro,wordfreq_seeded;deterministically_filtered;structurally_curated
ro,v1,2,1479,1501,dincolo,dincolo,dincolo,unknown,dincolo,wordfreq:ro,wordfreq_seeded;deterministically_filtered;structurally_curated
ro,v1,2,1480,1502,evenimentul,evenimentul,evenimentul,unknown,evenimentul,wordfreq:ro,wordfreq_seeded;deterministically_filtered;structurally_curated
ro,v1,2,1481,1503,funcții,funcții,funcții,unknown,funcții,wordfreq:ro,wordfreq_seeded;deterministically_filtered;structurally_curated
ro,v1,2,1482,1504,făcea,făcea,făcea,unknown,făcea,wordfreq:ro,wordfreq_seeded;deterministically_filtered;structurally_curated
ro,v1,2,1483,1505,h,h,h,unknown,h,wordfreq:ro,wordfreq_seeded;deterministically_filtered;structurally_curated
ro,v1,2,1484,1506,istorice,istorice,istorice,unknown,istorice,wordfreq:ro,wordfreq_seeded;deterministically_filtered;structurally_curated
ro,v1,2,1485,1507,iubesc,iubesc,iubesc,unknown,iubesc,wordfreq:ro,wordfreq_seeded;deterministically_filtered;structurally_curated
ro,v1,2,1486,1508,liberă,liberă,liberă,unknown,liberă,wordfreq:ro,wordfreq_seeded;deterministically_filtered;structurally_curated
ro,v1,2,1487,1509,linia,linia,linia,unknown,linia,wordfreq:ro,wordfreq_seeded;deterministically_filtered;structurally_curated
ro,v1,2,1488,1510,lipsa,lipsa,lipsa,unknown,lipsa,wordfreq:ro,wordfreq_seeded;deterministically_filtered;structurally_curated
ro,v1,2,1489,1511,magazin,magazin,magazin,unknown,magazin,wordfreq:ro,wordfreq_seeded;deterministically_filtered;structurally_curated
ro,v1,2,1490,1512,motive,motive,motive,unknown,motive,wordfreq:ro,wordfreq_seeded;deterministically_filtered;structurally_curated
ro,v1,2,1491,1513,necesare,necesare,necesare,unknown,necesare,wordfreq:ro,wordfreq_seeded;deterministically_filtered;structurally_curated
ro,v1,2,1492,1514,noroc,noroc,noroc,unknown,noroc,wordfreq:ro,wordfreq_seeded;deterministically_filtered;structurally_curated
ro,v1,2,1493,1515,parcul,parcul,parcul,unknown,parcul,wordfreq:ro,wordfreq_seeded;deterministically_filtered;structurally_curated
ro,v1,2,1494,1516,scurtă,scurtă,scurtă,unknown,scurtă,wordfreq:ro,wordfreq_seeded;deterministically_filtered;structurally_curated
ro,v1,2,1495,1517,spania,spania,spania,unknown,spania,wordfreq:ro,wordfreq_seeded;deterministically_filtered;structurally_curated
ro,v1,2,1496,1518,super,super,super,unknown,super,wordfreq:ro,wordfreq_seeded;deterministically_filtered;structurally_curated
ro,v1,2,1497,1519,tipul,tipul,tipul,unknown,tipul,wordfreq:ro,wordfreq_seeded;deterministically_filtered;structurally_curated
ro,v1,2,1498,1520,treilea,treilea,treilea,unknown,treilea,wordfreq:ro,wordfreq_seeded;deterministically_filtered;structurally_curated
ro,v1,2,1499,1521,trăit,trăit,trăit,unknown,trăit,wordfreq:ro,wordfreq_seeded;deterministically_filtered;structurally_curated
ro,v1,2,1500,1522,tudor,tudor,tudor,unknown,tudor,wordfreq:ro,wordfreq_seeded;deterministically_filtered;structurally_curated
ro,v1,2,1501,1523,ultimii,ultimii,ultimii,unknown,ultimii,wordfreq:ro,wordfreq_seeded;deterministically_filtered;structurally_curated
ro,v1,2,1502,1524,următoarea,următoarea,următoarea,unknown,următoarea,wordfreq:ro,wordfreq_seeded;deterministically_filtered;structurally_curated
ro,v1,2,1503,1525,utilizat,utilizat,utilizat,unknown,utilizat,wordfreq:ro,wordfreq_seeded;deterministically_filtered;structurally_curated
ro,v1,2,1504,1526,vis,vis,vis,unknown,vis,wordfreq:ro,wordfreq_seeded;deterministically_filtered;structurally_curated
ro,v1,2,1505,1527,știință,știință,știință,unknown,știință,wordfreq:ro,wordfreq_seeded;deterministically_filtered;structurally_curated
ro,v1,2,1506,1528,acces,acces,acces,unknown,acces,wordfreq:ro,wordfreq_seeded;deterministically_filtered;structurally_curated
ro,v1,2,1507,1529,ana,ana,ana,unknown,ana,wordfreq:ro,wordfreq_seeded;deterministically_filtered;structurally_curated
ro,v1,2,1508,1530,carne,carne,carne,unknown,carne,wordfreq:ro,wordfreq_seeded;deterministically_filtered;structurally_curated
ro,v1,2,1509,1531,categoria,categoria,categoria,unknown,categoria,wordfreq:ro,wordfreq_seeded;deterministically_filtered;structurally_curated
ro,v1,2,1510,1532,crește,crește,crește,unknown,crește,wordfreq:ro,wordfreq_seeded;deterministically_filtered;structurally_curated
ro,v1,2,1511,1533,depinde,depinde,depinde,unknown,depinde,wordfreq:ro,wordfreq_seeded;deterministically_filtered;structurally_curated
ro,v1,2,1512,1534,deține,deține,deține,unknown,deține,wordfreq:ro,wordfreq_seeded;deterministically_filtered;structurally_curated
ro,v1,2,1513,1535,existat,existat,existat,unknown,existat,wordfreq:ro,wordfreq_seeded;deterministically_filtered;structurally_curated
ro,v1,2,1514,1536,fc,fc,fc,unknown,fc,wordfreq:ro,wordfreq_seeded;deterministically_filtered;structurally_curated
ro,v1,2,1515,1537,fusese,fusese,fusese,unknown,fusese,wordfreq:ro,wordfreq_seeded;deterministically_filtered;structurally_curated
ro,v1,2,1516,1538,iarnă,iarnă,iarnă,unknown,iarnă,wordfreq:ro,wordfreq_seeded;deterministically_filtered;structurally_curated
ro,v1,2,1517,1539,legătura,legătura,legătura,unknown,legătura,wordfreq:ro,wordfreq_seeded;deterministically_filtered;structurally_curated
ro,v1,2,1518,1540,limbă,limbă,limbă,unknown,limbă,wordfreq:ro,wordfreq_seeded;deterministically_filtered;structurally_curated
ro,v1,2,1519,1541,marcat,marcat,marcat,unknown,marcat,wordfreq:ro,wordfreq_seeded;deterministically_filtered;structurally_curated
ro,v1,2,1520,1542,mulțime,mulțime,mulțime,unknown,mulțime,wordfreq:ro,wordfreq_seeded;deterministically_filtered;structurally_curated
ro,v1,2,1521,1543,mâncare,mâncare,mâncare,unknown,mâncare,wordfreq:ro,wordfreq_seeded;deterministically_filtered;structurally_curated
ro,v1,2,1522,1544,ofițer,ofițer,ofițer,unknown,ofițer,wordfreq:ro,wordfreq_seeded;deterministically_filtered;structurally_curated
ro,v1,2,1523,1545,oradea,oradea,oradea,unknown,oradea,wordfreq:ro,wordfreq_seeded;deterministically_filtered;structurally_curated
ro,v1,2,1524,1546,palatul,palatul,palatul,unknown,palatul,wordfreq:ro,wordfreq_seeded;deterministically_filtered;structurally_curated
ro,v1,2,1525,1547,piață,piață,piață,unknown,piață,wordfreq:ro,wordfreq_seeded;deterministically_filtered;structurally_curated
ro,v1,2,1526,1548,populare,populare,populare,unknown,populare,wordfreq:ro,wordfreq_seeded;deterministically_filtered;structurally_curated
ro,v1,2,1527,1549,prieten,prieten,prieten,unknown,prieten,wordfreq:ro,wordfreq_seeded;deterministically_filtered;structurally_curated
ro,v1,2,1528,1550,san,san,san,unknown,san,wordfreq:ro,wordfreq_seeded;deterministically_filtered;structurally_curated
ro,v1,2,1529,1551,scoate,scoate,scoate,unknown,scoate,wordfreq:ro,wordfreq_seeded;deterministically_filtered;structurally_curated
ro,v1,2,1530,1552,specifice,specifice,specifice,unknown,specifice,wordfreq:ro,wordfreq_seeded;deterministically_filtered;structurally_curated
ro,v1,2,1531,1553,standard,standard,standard,unknown,standard,wordfreq:ro,wordfreq_seeded;deterministically_filtered;structurally_curated
ro,v1,2,1532,1554,statelor,statelor,statelor,unknown,statelor,wordfreq:ro,wordfreq_seeded;deterministically_filtered;structurally_curated
ro,v1,2,1533,1555,stiu,stiu,stiu,unknown,stiu,wordfreq:ro,wordfreq_seeded;deterministically_filtered;structurally_curated
ro,v1,2,1534,1556,suferit,suferit,suferit,unknown,suferit,wordfreq:ro,wordfreq_seeded;deterministically_filtered;structurally_curated
ro,v1,2,1535,1557,sursă,sursă,sursă,unknown,sursă,wordfreq:ro,wordfreq_seeded;deterministically_filtered;structurally_curated
ro,v1,2,1536,1558,sute,sute,sute,unknown,sute,wordfreq:ro,wordfreq_seeded;deterministically_filtered;structurally_curated
ro,v1,2,1537,1559,uite,uite,uite,unknown,uite,wordfreq:ro,wordfreq_seeded;deterministically_filtered;structurally_curated
ro,v1,2,1538,1560,următorul,următorul,următorul,unknown,următorul,wordfreq:ro,wordfreq_seeded;deterministically_filtered;structurally_curated
ro,v1,2,1539,1561,utilizate,utilizate,utilizate,unknown,utilizate,wordfreq:ro,wordfreq_seeded;deterministically_filtered;structurally_curated
ro,v1,2,1540,1562,voie,voie,voie,unknown,voie,wordfreq:ro,wordfreq_seeded;deterministically_filtered;structurally_curated
ro,v1,2,1541,1563,volum,volum,volum,unknown,volum,wordfreq:ro,wordfreq_seeded;deterministically_filtered;structurally_curated
ro,v1,2,1542,1564,încerca,încerca,încerca,unknown,încerca,wordfreq:ro,wordfreq_seeded;deterministically_filtered;structurally_curated
ro,v1,2,1543,1565,închis,închis,închis,unknown,închis,wordfreq:ro,wordfreq_seeded;deterministically_filtered;structurally_curated
ro,v1,2,1544,1566,școli,școli,școli,unknown,școli,wordfreq:ro,wordfreq_seeded;deterministically_filtered;structurally_curated
ro,v1,2,1545,1567,anual,anual,anual,unknown,anual,wordfreq:ro,wordfreq_seeded;deterministically_filtered;structurally_curated
ro,v1,2,1546,1568,arătat,arătat,arătat,unknown,arătat,wordfreq:ro,wordfreq_seeded;deterministically_filtered;structurally_curated
ro,v1,2,1547,1569,caracter,caracter,caracter,unknown,caracter,wordfreq:ro,wordfreq_seeded;deterministically_filtered;structurally_curated
ro,v1,2,1548,1570,contează,contează,contează,unknown,contează,wordfreq:ro,wordfreq_seeded;deterministically_filtered;structurally_curated
ro,v1,2,1549,1571,contract,contract,contract,unknown,contract,wordfreq:ro,wordfreq_seeded;deterministically_filtered;structurally_curated
ro,v1,2,1550,1572,eveniment,eveniment,eveniment,unknown,eveniment,wordfreq:ro,wordfreq_seeded;deterministically_filtered;structurally_curated
ro,v1,2,1551,1573,forță,forță,forță,unknown,forță,wordfreq:ro,wordfreq_seeded;deterministically_filtered;structurally_curated
ro,v1,2,1552,1574,galați,galați,galați,unknown,galați,wordfreq:ro,wordfreq_seeded;deterministically_filtered;structurally_curated
ro,v1,2,1553,1575,inca,inca,inca,unknown,inca,wordfreq:ro,wordfreq_seeded;deterministically_filtered;structurally_curated
ro,v1,2,1554,1576,iv,iv,iv,unknown,iv,wordfreq:ro,wordfreq_seeded;deterministically_filtered;structurally_curated
ro,v1,2,1555,1577,muncii,muncii,muncii,unknown,muncii,wordfreq:ro,wordfreq_seeded;deterministically_filtered;structurally_curated
ro,v1,2,1556,1578,mâinile,mâinile,mâinile,unknown,mâinile,wordfreq:ro,wordfreq_seeded;deterministically_filtered;structurally_curated
ro,v1,2,1557,1579,oricine,oricine,oricine,unknown,oricine,wordfreq:ro,wordfreq_seeded;deterministically_filtered;structurally_curated
ro,v1,2,1558,1580,origine,origine,origine,unknown,origine,wordfreq:ro,wordfreq_seeded;deterministically_filtered;structurally_curated
ro,v1,2,1559,1581,ortodoxă,ortodoxă,ortodoxă,unknown,ortodoxă,wordfreq:ro,wordfreq_seeded;deterministically_filtered;structurally_curated
ro,v1,2,1560,1582,răspunsul,răspunsul,răspunsul,unknown,răspunsul,wordfreq:ro,wordfreq_seeded;deterministically_filtered;structurally_curated
ro,v1,2,1561,1583,sensul,sensul,sensul,unknown,sensul,wordfreq:ro,wordfreq_seeded;deterministically_filtered;structurally_curated
ro,v1,2,1562,1584,sisteme,sisteme,sisteme,unknown,sisteme,wordfreq:ro,wordfreq_seeded;deterministically_filtered;structurally_curated
ro,v1,2,1563,1585,sta,sta,sta,unknown,sta,wordfreq:ro,wordfreq_seeded;deterministically_filtered;structurally_curated
ro,v1,2,1564,1586,telefonul,telefonul,telefonul,unknown,telefonul,wordfreq:ro,wordfreq_seeded;deterministically_filtered;structurally_curated
ro,v1,2,1565,1587,urgență,urgență,urgență,unknown,urgență,wordfreq:ro,wordfreq_seeded;deterministically_filtered;structurally_curated
ro,v1,2,1566,1588,înaintea,înaintea,înaintea,unknown,înaintea,wordfreq:ro,wordfreq_seeded;deterministically_filtered;structurally_curated
ro,v1,2,1567,1589,întrebare,întrebare,întrebare,unknown,întrebare,wordfreq:ro,wordfreq_seeded;deterministically_filtered;structurally_curated
ro,v1,2,1568,1590,administrativ,administrativ,administrativ,unknown,administrativ,wordfreq:ro,wordfreq_seeded;deterministically_filtered;structurally_curated
ro,v1,2,1569,1591,angajat,angajat,angajat,unknown,angajat,wordfreq:ro,wordfreq_seeded;deterministically_filtered;structurally_curated
ro,v1,2,1570,1592,armată,armată,armată,unknown,armată,wordfreq:ro,wordfreq_seeded;deterministically_filtered;structurally_curated
ro,v1,2,1571,1593,arăta,arăta,arăta,unknown,arăta,wordfreq:ro,wordfreq_seeded;deterministically_filtered;structurally_curated
ro,v1,2,1572,1594,birou,birou,birou,unknown,birou,wordfreq:ro,wordfreq_seeded;deterministically_filtered;structurally_curated
ro,v1,2,1573,1595,comanda,comanda,comanda,unknown,comanda,wordfreq:ro,wordfreq_seeded;deterministically_filtered;structurally_curated
ro,v1,2,1574,1596,comisia,comisia,comisia,unknown,comisia,wordfreq:ro,wordfreq_seeded;deterministically_filtered;structurally_curated
ro,v1,2,1575,1597,continuat,continuat,continuat,unknown,continuat,wordfreq:ro,wordfreq_seeded;deterministically_filtered;structurally_curated
ro,v1,2,1576,1598,cunoaște,cunoaște,cunoaște,unknown,cunoaște,wordfreq:ro,wordfreq_seeded;deterministically_filtered;structurally_curated
ro,v1,2,1577,1599,cunoscută,cunoscută,cunoscută,unknown,cunoscută,wordfreq:ro,wordfreq_seeded;deterministically_filtered;structurally_curated
ro,v1,2,1578,1600,devin,devin,devin,unknown,devin,wordfreq:ro,wordfreq_seeded;deterministically_filtered;structurally_curated
ro,v1,2,1579,1601,familii,familii,familii,unknown,familii,wordfreq:ro,wordfreq_seeded;deterministically_filtered;structurally_curated
ro,v1,2,1580,1602,juca,juca,juca,unknown,juca,wordfreq:ro,wordfreq_seeded;deterministically_filtered;structurally_curated
ro,v1,2,1581,1603,kg,kg,kg,unknown,kg,wordfreq:ro,wordfreq_seeded;deterministically_filtered;structurally_curated
ro,v1,2,1582,1604,lee,lee,lee,unknown,lee,wordfreq:ro,wordfreq_seeded;deterministically_filtered;structurally_curated
ro,v1,2,1583,1605,lege,lege,lege,unknown,lege,wordfreq:ro,wordfreq_seeded;deterministically_filtered;structurally_curated
ro,v1,2,1584,1606,listă,listă,listă,unknown,listă,wordfreq:ro,wordfreq_seeded;deterministically_filtered;structurally_curated
ro,v1,2,1585,1607,locală,locală,locală,unknown,locală,wordfreq:ro,wordfreq_seeded;deterministically_filtered;structurally_curated
ro,v1,2,1586,1608,maximă,maximă,maximă,unknown,maximă,wordfreq:ro,wordfreq_seeded;deterministically_filtered;structurally_curated
ro,v1,2,1587,1609,meciul,meciul,meciul,unknown,meciul,wordfreq:ro,wordfreq_seeded;deterministically_filtered;structurally_curated
ro,v1,2,1588,1610,mondială,mondială,mondială,unknown,mondială,wordfreq:ro,wordfreq_seeded;deterministically_filtered;structurally_curated
ro,v1,2,1589,1611,necesar,necesar,necesar,unknown,necesar,wordfreq:ro,wordfreq_seeded;deterministically_filtered;structurally_curated
ro,v1,2,1590,1612,observat,observat,observat,unknown,observat,wordfreq:ro,wordfreq_seeded;deterministically_filtered;structurally_curated
ro,v1,2,1591,1613,ocazia,ocazia,ocazia,unknown,ocazia,wordfreq:ro,wordfreq_seeded;deterministically_filtered;structurally_curated
ro,v1,2,1592,1614,ortodoxe,ortodoxe,ortodoxe,unknown,ortodoxe,wordfreq:ro,wordfreq_seeded;deterministically_filtered;structurally_curated
ro,v1,2,1593,1615,plac,plac,plac,unknown,plac,wordfreq:ro,wordfreq_seeded;deterministically_filtered;structurally_curated
ro,v1,2,1594,1616,posibilitatea,posibilitatea,posibilitatea,unknown,posibilitatea,wordfreq:ro,wordfreq_seeded;deterministically_filtered;structurally_curated
ro,v1,2,1595,1617,pună,pună,pună,unknown,pună,wordfreq:ro,wordfreq_seeded;deterministically_filtered;structurally_curated
ro,v1,2,1596,1618,relațiile,relațiile,relațiile,unknown,relațiile,wordfreq:ro,wordfreq_seeded;deterministically_filtered;structurally_curated
ro,v1,2,1597,1619,robert,robert,robert,unknown,robert,wordfreq:ro,wordfreq_seeded;deterministically_filtered;structurally_curated
ro,v1,2,1598,1620,rus,rus,rus,unknown,rus,wordfreq:ro,wordfreq_seeded;deterministically_filtered;structurally_curated
ro,v1,2,1599,1621,secret,secret,secret,unknown,secret,wordfreq:ro,wordfreq_seeded;deterministically_filtered;structurally_curated
ro,v1,2,1600,1622,starea,starea,starea,unknown,starea,wordfreq:ro,wordfreq_seeded;deterministically_filtered;structurally_curated
ro,v1,2,1601,1623,stea,stea,stea,unknown,stea,wordfreq:ro,wordfreq_seeded;deterministically_filtered;structurally_curated
ro,v1,2,1602,1624,structura,structura,structura,unknown,structura,wordfreq:ro,wordfreq_seeded;deterministically_filtered;structurally_curated
ro,v1,2,1603,1625,toti,toti,toti,unknown,toti,wordfreq:ro,wordfreq_seeded;deterministically_filtered;structurally_curated
ro,v1,2,1604,1626,acasa,acasa,acasa,unknown,acasa,wordfreq:ro,wordfreq_seeded;deterministically_filtered;structurally_curated
ro,v1,2,1605,1627,ajutat,ajutat,ajutat,unknown,ajutat,wordfreq:ro,wordfreq_seeded;deterministically_filtered;structurally_curated
ro,v1,2,1606,1628,baie,baie,baie,unknown,baie,wordfreq:ro,wordfreq_seeded;deterministically_filtered;structurally_curated
ro,v1,2,1607,1629,ben,ben,ben,unknown,ben,wordfreq:ro,wordfreq_seeded;deterministically_filtered;structurally_curated
ro,v1,2,1608,1630,biroul,biroul,biroul,unknown,biroul,wordfreq:ro,wordfreq_seeded;deterministically_filtered;structurally_curated
ro,v1,2,1609,1631,by,by,by,unknown,by,wordfreq:ro,wordfreq_seeded;deterministically_filtered;structurally_curated
ro,v1,2,1610,1632,cealaltă,cealaltă,cealaltă,unknown,cealaltă,wordfreq:ro,wordfreq_seeded;deterministically_filtered;structurally_curated
ro,v1,2,1611,1633,căsătorit,căsătorit,căsătorit,unknown,căsătorit,wordfreq:ro,wordfreq_seeded;deterministically_filtered;structurally_curated
ro,v1,2,1612,1634,dovedit,dovedit,dovedit,unknown,dovedit,wordfreq:ro,wordfreq_seeded;deterministically_filtered;structurally_curated
ro,v1,2,1613,1635,for,for,for,unknown,for,wordfreq:ro,wordfreq_seeded;deterministically_filtered;structurally_curated
ro,v1,2,1614,1636,imagine,imagine,imagine,unknown,imagine,wordfreq:ro,wordfreq_seeded;deterministically_filtered;structurally_curated
ro,v1,2,1615,1637,larg,larg,larg,unknown,larg,wordfreq:ro,wordfreq_seeded;deterministically_filtered;structurally_curated
ro,v1,2,1616,1638,linie,linie,linie,unknown,linie,wordfreq:ro,wordfreq_seeded;deterministically_filtered;structurally_curated
ro,v1,2,1617,1639,modern,modern,modern,unknown,modern,wordfreq:ro,wordfreq_seeded;deterministically_filtered;structurally_curated
ro,v1,2,1618,1640,natura,natura,natura,unknown,natura,wordfreq:ro,wordfreq_seeded;deterministically_filtered;structurally_curated
ro,v1,2,1619,1641,obiective,obiective,obiective,unknown,obiective,wordfreq:ro,wordfreq_seeded;deterministically_filtered;structurally_curated
ro,v1,2,1620,1642,opera,opera,opera,unknown,opera,wordfreq:ro,wordfreq_seeded;deterministically_filtered;structurally_curated
ro,v1,2,1621,1643,oprit,oprit,oprit,unknown,oprit,wordfreq:ro,wordfreq_seeded;deterministically_filtered;structurally_curated
ro,v1,2,1622,1644,pagini,pagini,pagini,unknown,pagini,wordfreq:ro,wordfreq_seeded;deterministically_filtered;structurally_curated
ro,v1,2,1623,1645,personală,personală,personală,unknown,personală,wordfreq:ro,wordfreq_seeded;deterministically_filtered;structurally_curated
ro,v1,2,1624,1646,poziție,poziție,poziție,unknown,poziție,wordfreq:ro,wordfreq_seeded;deterministically_filtered;structurally_curated
ro,v1,2,1625,1647,primii,primii,primii,unknown,primii,wordfreq:ro,wordfreq_seeded;deterministically_filtered;structurally_curated
ro,v1,2,1626,1648,realizată,realizată,realizată,unknown,realizată,wordfreq:ro,wordfreq_seeded;deterministically_filtered;structurally_curated
ro,v1,2,1627,1649,recunoscut,recunoscut,recunoscut,unknown,recunoscut,wordfreq:ro,wordfreq_seeded;deterministically_filtered;structurally_curated
ro,v1,2,1628,1650,regulă,regulă,regulă,unknown,regulă,wordfreq:ro,wordfreq_seeded;deterministically_filtered;structurally_curated
ro,v1,2,1629,1651,romania,romania,romania,unknown,romania,wordfreq:ro,wordfreq_seeded;deterministically_filtered;structurally_curated
ro,v1,2,1630,1652,rămân,rămân,rămân,unknown,rămân,wordfreq:ro,wordfreq_seeded;deterministically_filtered;structurally_curated
ro,v1,2,1631,1653,spectacol,spectacol,spectacol,unknown,spectacol,wordfreq:ro,wordfreq_seeded;deterministically_filtered;structurally_curated
ro,v1,2,1632,1654,unitate,unitate,unitate,unknown,unitate,wordfreq:ro,wordfreq_seeded;deterministically_filtered;structurally_curated
ro,v1,2,1633,1655,următoare,următoare,următoare,unknown,următoare,wordfreq:ro,wordfreq_seeded;deterministically_filtered;structurally_curated
ro,v1,2,1634,1657,act,act,act,unknown,act,wordfreq:ro,wordfreq_seeded;deterministically_filtered;structurally_curated
ro,v1,2,1635,1658,acțiunile,acțiunile,acțiunile,unknown,acțiunile,wordfreq:ro,wordfreq_seeded;deterministically_filtered;structurally_curated
ro,v1,2,1636,1659,afirmă,afirmă,afirmă,unknown,afirmă,wordfreq:ro,wordfreq_seeded;deterministically_filtered;structurally_curated
ro,v1,2,1637,1660,apropierea,apropierea,apropierea,unknown,apropierea,wordfreq:ro,wordfreq_seeded;deterministically_filtered;structurally_curated
ro,v1,2,1638,1661,așteptat,așteptat,așteptat,unknown,așteptat,wordfreq:ro,wordfreq_seeded;deterministically_filtered;structurally_curated
ro,v1,2,1639,1662,cod,cod,cod,unknown,cod,wordfreq:ro,wordfreq_seeded;deterministically_filtered;structurally_curated
ro,v1,2,1640,1663,comunitatea,comunitatea,comunitatea,unknown,comunitatea,wordfreq:ro,wordfreq_seeded;deterministically_filtered;structurally_curated
ro,v1,2,1641,1664,deosebit,deosebit,deosebit,unknown,deosebit,wordfreq:ro,wordfreq_seeded;deterministically_filtered;structurally_curated
ro,v1,2,1642,1665,efectuat,efectuat,efectuat,unknown,efectuat,wordfreq:ro,wordfreq_seeded;deterministically_filtered;structurally_curated
ro,v1,2,1643,1666,episodul,episodul,episodul,unknown,episodul,wordfreq:ro,wordfreq_seeded;deterministically_filtered;structurally_curated
ro,v1,2,1644,1667,făcută,făcută,făcută,unknown,făcută,wordfreq:ro,wordfreq_seeded;deterministically_filtered;structurally_curated
ro,v1,2,1645,1668,gabriel,gabriel,gabriel,unknown,gabriel,wordfreq:ro,wordfreq_seeded;deterministically_filtered;structurally_curated
ro,v1,2,1646,1669,instituții,instituții,instituții,unknown,instituții,wordfreq:ro,wordfreq_seeded;deterministically_filtered;structurally_curated
ro,v1,2,1647,1670,magazine,magazine,magazine,unknown,magazine,wordfreq:ro,wordfreq_seeded;deterministically_filtered;structurally_curated
ro,v1,2,1648,1671,marius,marius,marius,unknown,marius,wordfreq:ro,wordfreq_seeded;deterministically_filtered;structurally_curated
ro,v1,2,1649,1672,martin,martin,martin,unknown,martin,wordfreq:ro,wordfreq_seeded;deterministically_filtered;structurally_curated
ro,v1,2,1650,1673,matei,matei,matei,unknown,matei,wordfreq:ro,wordfreq_seeded;deterministically_filtered;structurally_curated
ro,v1,2,1651,1674,mediul,mediul,mediul,unknown,mediul,wordfreq:ro,wordfreq_seeded;deterministically_filtered;structurally_curated
ro,v1,2,1652,1675,ministerului,ministerului,ministerului,unknown,ministerului,wordfreq:ro,wordfreq_seeded;deterministically_filtered;structurally_curated
ro,v1,2,1653,1676,mm,mm,mm,unknown,mm,wordfreq:ro,wordfreq_seeded;deterministically_filtered;structurally_curated
ro,v1,2,1654,1677,oficială,oficială,oficială,unknown,oficială,wordfreq:ro,wordfreq_seeded;deterministically_filtered;structurally_curated
ro,v1,2,1655,1678,ordin,ordin,ordin,unknown,ordin,wordfreq:ro,wordfreq_seeded;deterministically_filtered;structurally_curated
ro,v1,2,1656,1679,pat,pat,pat,unknown,pat,wordfreq:ro,wordfreq_seeded;deterministically_filtered;structurally_curated
ro,v1,2,1657,1680,plante,plante,plante,unknown,plante,wordfreq:ro,wordfreq_seeded;deterministically_filtered;structurally_curated
ro,v1,2,1658,1681,practică,practică,practică,unknown,practică,wordfreq:ro,wordfreq_seeded;deterministically_filtered;structurally_curated
ro,v1,2,1659,1682,primesc,primesc,primesc,unknown,primesc,wordfreq:ro,wordfreq_seeded;deterministically_filtered;structurally_curated
ro,v1,2,1660,1683,problemele,problemele,problemele,unknown,problemele,wordfreq:ro,wordfreq_seeded;deterministically_filtered;structurally_curated
ro,v1,2,1661,1684,producția,producția,producția,unknown,producția,wordfreq:ro,wordfreq_seeded;deterministically_filtered;structurally_curated
ro,v1,2,1662,1685,protecție,protecție,protecție,unknown,protecție,wordfreq:ro,wordfreq_seeded;deterministically_filtered;structurally_curated
ro,v1,2,1663,1686,rugăm,rugăm,rugăm,unknown,rugăm,wordfreq:ro,wordfreq_seeded;deterministically_filtered;structurally_curated
ro,v1,2,1664,1687,schimbă,schimbă,schimbă,unknown,schimbă,wordfreq:ro,wordfreq_seeded;deterministically_filtered;structurally_curated
ro,v1,2,1665,1688,scrise,scrise,scrise,unknown,scrise,wordfreq:ro,wordfreq_seeded;deterministically_filtered;structurally_curated
ro,v1,2,1666,1689,scrisă,scrisă,scrisă,unknown,scrisă,wordfreq:ro,wordfreq_seeded;deterministically_filtered;structurally_curated
ro,v1,2,1667,1690,turcia,turcia,turcia,unknown,turcia,wordfreq:ro,wordfreq_seeded;deterministically_filtered;structurally_curated
ro,v1,2,1668,1691,vedeți,vedeți,vedeți,unknown,vedeți,wordfreq:ro,wordfreq_seeded;deterministically_filtered;structurally_curated
ro,v1,2,1669,1692,victoria,victoria,victoria,unknown,victoria,wordfreq:ro,wordfreq_seeded;deterministically_filtered;structurally_curated
ro,v1,2,1670,1693,vorbi,vorbi,vorbi,unknown,vorbi,wordfreq:ro,wordfreq_seeded;deterministically_filtered;structurally_curated
ro,v1,2,1671,1694,vândut,vândut,vândut,unknown,vândut,wordfreq:ro,wordfreq_seeded;deterministically_filtered;structurally_curated
ro,v1,2,1672,1695,walter,walter,walter,unknown,walter,wordfreq:ro,wordfreq_seeded;deterministically_filtered;structurally_curated
ro,v1,2,1673,1696,întrucât,întrucât,întrucât,unknown,întrucât,wordfreq:ro,wordfreq_seeded;deterministically_filtered;structurally_curated
ro,v1,2,1674,1697,activ,activ,activ,unknown,activ,wordfreq:ro,wordfreq_seeded;deterministically_filtered;structurally_curated
ro,v1,2,1675,1698,apel,apel,apel,unknown,apel,wordfreq:ro,wordfreq_seeded;deterministically_filtered;structurally_curated
ro,v1,2,1676,1699,apropiat,apropiat,apropiat,unknown,apropiat,wordfreq:ro,wordfreq_seeded;deterministically_filtered;structurally_curated
ro,v1,2,1677,1700,atacat,atacat,atacat,unknown,atacat,wordfreq:ro,wordfreq_seeded;deterministically_filtered;structurally_curated
ro,v1,2,1678,1701,centrale,centrale,centrale,unknown,centrale,wordfreq:ro,wordfreq_seeded;deterministically_filtered;structurally_curated
ro,v1,2,1679,1702,concursul,concursul,concursul,unknown,concursul,wordfreq:ro,wordfreq_seeded;deterministically_filtered;structurally_curated
ro,v1,2,1680,1703,contact,contact,contact,unknown,contact,wordfreq:ro,wordfreq_seeded;deterministically_filtered;structurally_curated
ro,v1,2,1681,1704,convins,convins,convins,unknown,convins,wordfreq:ro,wordfreq_seeded;deterministically_filtered;structurally_curated
ro,v1,2,1682,1705,crezut,crezut,crezut,unknown,crezut,wordfreq:ro,wordfreq_seeded;deterministically_filtered;structurally_curated
ro,v1,2,1683,1706,călătorie,călătorie,călătorie,unknown,călătorie,wordfreq:ro,wordfreq_seeded;deterministically_filtered;structurally_curated
ro,v1,2,1684,1707,cărei,cărei,cărei,unknown,cărei,wordfreq:ro,wordfreq_seeded;deterministically_filtered;structurally_curated
ro,v1,2,1685,1708,căzut,căzut,căzut,unknown,căzut,wordfreq:ro,wordfreq_seeded;deterministically_filtered;structurally_curated
ro,v1,2,1686,1709,dans,dans,dans,unknown,dans,wordfreq:ro,wordfreq_seeded;deterministically_filtered;structurally_curated
ro,v1,2,1687,1710,devreme,devreme,devreme,unknown,devreme,wordfreq:ro,wordfreq_seeded;deterministically_filtered;structurally_curated
ro,v1,2,1688,1711,dezvoltat,dezvoltat,dezvoltat,unknown,dezvoltat,wordfreq:ro,wordfreq_seeded;deterministically_filtered;structurally_curated
ro,v1,2,1689,1712,domeniu,domeniu,domeniu,unknown,domeniu,wordfreq:ro,wordfreq_seeded;deterministically_filtered;structurally_curated
ro,v1,2,1690,1713,durere,durere,durere,unknown,durere,wordfreq:ro,wordfreq_seeded;deterministically_filtered;structurally_curated
ro,v1,2,1691,1714,exterior,exterior,exterior,unknown,exterior,wordfreq:ro,wordfreq_seeded;deterministically_filtered;structurally_curated
ro,v1,2,1692,1715,german,german,german,unknown,german,wordfreq:ro,wordfreq_seeded;deterministically_filtered;structurally_curated
ro,v1,2,1693,1716,gradul,gradul,gradul,unknown,gradul,wordfreq:ro,wordfreq_seeded;deterministically_filtered;structurally_curated
ro,v1,2,1694,1717,gândesc,gândesc,gândesc,unknown,gândesc,wordfreq:ro,wordfreq_seeded;deterministically_filtered;structurally_curated
ro,v1,2,1695,1718,israel,israel,israel,unknown,israel,wordfreq:ro,wordfreq_seeded;deterministically_filtered;structurally_curated
ro,v1,2,1696,1719,jocurile,jocurile,jocurile,unknown,jocurile,wordfreq:ro,wordfreq_seeded;deterministically_filtered;structurally_curated
ro,v1,2,1697,1720,lansarea,lansarea,lansarea,unknown,lansarea,wordfreq:ro,wordfreq_seeded;deterministically_filtered;structurally_curated
ro,v1,2,1698,1721,largă,largă,largă,unknown,largă,wordfreq:ro,wordfreq_seeded;deterministically_filtered;structurally_curated
ro,v1,2,1699,1722,legii,legii,legii,unknown,legii,wordfreq:ro,wordfreq_seeded;deterministically_filtered;structurally_curated
ro,v1,2,1700,1723,marginea,marginea,marginea,unknown,marginea,wordfreq:ro,wordfreq_seeded;deterministically_filtered;structurally_curated
ro,v1,2,1701,1724,meargă,meargă,meargă,unknown,meargă,wordfreq:ro,wordfreq_seeded;deterministically_filtered;structurally_curated
ro,v1,2,1702,1725,naturală,naturală,naturală,unknown,naturală,wordfreq:ro,wordfreq_seeded;deterministically_filtered;structurally_curated
ro,v1,2,1703,1726,piatra,piatra,piatra,unknown,piatra,wordfreq:ro,wordfreq_seeded;deterministically_filtered;structurally_curated
ro,v1,2,1704,1727,populația,populația,populația,unknown,populația,wordfreq:ro,wordfreq_seeded;deterministically_filtered;structurally_curated
ro,v1,2,1705,1728,port,port,port,unknown,port,wordfreq:ro,wordfreq_seeded;deterministically_filtered;structurally_curated
ro,v1,2,1706,1729,premii,premii,premii,unknown,premii,wordfreq:ro,wordfreq_seeded;deterministically_filtered;structurally_curated
ro,v1,2,1707,1730,publicate,publicate,publicate,unknown,publicate,wordfreq:ro,wordfreq_seeded;deterministically_filtered;structurally_curated
ro,v1,2,1708,1731,puternice,puternice,puternice,unknown,puternice,wordfreq:ro,wordfreq_seeded;deterministically_filtered;structurally_curated
ro,v1,2,1709,1732,scriu,scriu,scriu,unknown,scriu,wordfreq:ro,wordfreq_seeded;deterministically_filtered;structurally_curated
ro,v1,2,1710,1733,serios,serios,serios,unknown,serios,wordfreq:ro,wordfreq_seeded;deterministically_filtered;structurally_curated
ro,v1,2,1711,1734,suprafața,suprafața,suprafața,unknown,suprafața,wordfreq:ro,wordfreq_seeded;deterministically_filtered;structurally_curated
ro,v1,2,1712,1735,treaba,treaba,treaba,unknown,treaba,wordfreq:ro,wordfreq_seeded;deterministically_filtered;structurally_curated
ro,v1,2,1713,1736,târgu,târgu,târgu,unknown,târgu,wordfreq:ro,wordfreq_seeded;deterministically_filtered;structurally_curated
ro,v1,2,1714,1737,unitatea,unitatea,unitatea,unknown,unitatea,wordfreq:ro,wordfreq_seeded;deterministically_filtered;structurally_curated
ro,v1,2,1715,1738,vlad,vlad,vlad,unknown,vlad,wordfreq:ro,wordfreq_seeded;deterministically_filtered;structurally_curated
ro,v1,2,1716,1739,asociației,asociației,asociației,unknown,asociației,wordfreq:ro,wordfreq_seeded;deterministically_filtered;structurally_curated
ro,v1,2,1717,1740,biblioteca,biblioteca,biblioteca,unknown,biblioteca,wordfreq:ro,wordfreq_seeded;deterministically_filtered;structurally_curated
ro,v1,2,1718,1741,bulgaria,bulgaria,bulgaria,unknown,bulgaria,wordfreq:ro,wordfreq_seeded;deterministically_filtered;structurally_curated
ro,v1,2,1719,1742,capitala,capitala,capitala,unknown,capitala,wordfreq:ro,wordfreq_seeded;deterministically_filtered;structurally_curated
ro,v1,2,1720,1743,clubul,clubul,clubul,unknown,clubul,wordfreq:ro,wordfreq_seeded;deterministically_filtered;structurally_curated
ro,v1,2,1721,1744,colegiul,colegiul,colegiul,unknown,colegiul,wordfreq:ro,wordfreq_seeded;deterministically_filtered;structurally_curated
ro,v1,2,1722,1745,condamnat,condamnat,condamnat,unknown,condamnat,wordfreq:ro,wordfreq_seeded;deterministically_filtered;structurally_curated
ro,v1,2,1723,1746,cumpărat,cumpărat,cumpărat,unknown,cumpărat,wordfreq:ro,wordfreq_seeded;deterministically_filtered;structurally_curated
ro,v1,2,1724,1747,curent,curent,curent,unknown,curent,wordfreq:ro,wordfreq_seeded;deterministically_filtered;structurally_curated
ro,v1,2,1725,1748,cuvintele,cuvintele,cuvintele,unknown,cuvintele,wordfreq:ro,wordfreq_seeded;deterministically_filtered;structurally_curated
ro,v1,2,1726,1749,deschisă,deschisă,deschisă,unknown,deschisă,wordfreq:ro,wordfreq_seeded;deterministically_filtered;structurally_curated
ro,v1,2,1727,1750,don,don,don,unknown,don,wordfreq:ro,wordfreq_seeded;deterministically_filtered;structurally_curated
ro,v1,2,1728,1751,economie,economie,economie,unknown,economie,wordfreq:ro,wordfreq_seeded;deterministically_filtered;structurally_curated
ro,v1,2,1729,1752,evoluția,evoluția,evoluția,unknown,evoluția,wordfreq:ro,wordfreq_seeded;deterministically_filtered;structurally_curated
ro,v1,2,1730,1753,formarea,formarea,formarea,unknown,formarea,wordfreq:ro,wordfreq_seeded;deterministically_filtered;structurally_curated
ro,v1,2,1731,1754,haine,haine,haine,unknown,haine,wordfreq:ro,wordfreq_seeded;deterministically_filtered;structurally_curated
ro,v1,2,1732,1755,harry,harry,harry,unknown,harry,wordfreq:ro,wordfreq_seeded;deterministically_filtered;structurally_curated
ro,v1,2,1733,1756,ilie,ilie,ilie,unknown,ilie,wordfreq:ro,wordfreq_seeded;deterministically_filtered;structurally_curated
ro,v1,2,1734,1757,inimă,inimă,inimă,unknown,inimă,wordfreq:ro,wordfreq_seeded;deterministically_filtered;structurally_curated
ro,v1,2,1735,1758,jucători,jucători,jucători,unknown,jucători,wordfreq:ro,wordfreq_seeded;deterministically_filtered;structurally_curated
ro,v1,2,1736,1759,mark,mark,mark,unknown,mark,wordfreq:ro,wordfreq_seeded;deterministically_filtered;structurally_curated
ro,v1,2,1737,1760,mary,mary,mary,unknown,mary,wordfreq:ro,wordfreq_seeded;deterministically_filtered;structurally_curated
ro,v1,2,1738,1761,medicină,medicină,medicină,unknown,medicină,wordfreq:ro,wordfreq_seeded;deterministically_filtered;structurally_curated
ro,v1,2,1739,1762,mihail,mihail,mihail,unknown,mihail,wordfreq:ro,wordfreq_seeded;deterministically_filtered;structurally_curated
ro,v1,2,1740,1763,morții,morții,morții,unknown,morții,wordfreq:ro,wordfreq_seeded;deterministically_filtered;structurally_curated
ro,v1,2,1741,1764,natură,natură,natură,unknown,natură,wordfreq:ro,wordfreq_seeded;deterministically_filtered;structurally_curated
ro,v1,2,1742,1765,obiect,obiect,obiect,unknown,obiect,wordfreq:ro,wordfreq_seeded;deterministically_filtered;structurally_curated
ro,v1,2,1743,1766,oricare,oricare,oricare,unknown,oricare,wordfreq:ro,wordfreq_seeded;deterministically_filtered;structurally_curated
ro,v1,2,1744,1767,participă,participă,participă,unknown,participă,wordfreq:ro,wordfreq_seeded;deterministically_filtered;structurally_curated
ro,v1,2,1745,1768,plătit,plătit,plătit,unknown,plătit,wordfreq:ro,wordfreq_seeded;deterministically_filtered;structurally_curated
ro,v1,2,1746,1769,principalele,principalele,principalele,unknown,principalele,wordfreq:ro,wordfreq_seeded;deterministically_filtered;structurally_curated
ro,v1,2,1747,1770,proprii,proprii,proprii,unknown,proprii,wordfreq:ro,wordfreq_seeded;deterministically_filtered;structurally_curated
ro,v1,2,1748,1771,propriul,propriul,propriul,unknown,propriul,wordfreq:ro,wordfreq_seeded;deterministically_filtered;structurally_curated
ro,v1,2,1749,1772,păcate,păcate,păcate,unknown,păcate,wordfreq:ro,wordfreq_seeded;deterministically_filtered;structurally_curated
ro,v1,2,1750,1773,pământul,pământul,pământul,unknown,pământul,wordfreq:ro,wordfreq_seeded;deterministically_filtered;structurally_curated
ro,v1,2,1751,1774,relația,relația,relația,unknown,relația,wordfreq:ro,wordfreq_seeded;deterministically_filtered;structurally_curated
ro,v1,2,1752,1775,situație,situație,situație,unknown,situație,wordfreq:ro,wordfreq_seeded;deterministically_filtered;structurally_curated
ro,v1,2,1753,1776,societate,societate,societate,unknown,societate,wordfreq:ro,wordfreq_seeded;deterministically_filtered;structurally_curated
ro,v1,2,1754,1777,software,software,software,unknown,software,wordfreq:ro,wordfreq_seeded;deterministically_filtered;structurally_curated
ro,v1,2,1755,1778,statutul,statutul,statutul,unknown,statutul,wordfreq:ro,wordfreq_seeded;deterministically_filtered;structurally_curated
ro,v1,2,1756,1779,steaua,steaua,steaua,unknown,steaua,wordfreq:ro,wordfreq_seeded;deterministically_filtered;structurally_curated
ro,v1,2,1757,1780,străinătate,străinătate,străinătate,unknown,străinătate,wordfreq:ro,wordfreq_seeded;deterministically_filtered;structurally_curated
ro,v1,2,1758,1781,tineri,tineri,tineri,unknown,tineri,wordfreq:ro,wordfreq_seeded;deterministically_filtered;structurally_curated
ro,v1,2,1759,1782,toata,toata,toata,unknown,toata,wordfreq:ro,wordfreq_seeded;deterministically_filtered;structurally_curated
ro,v1,2,1760,1783,trecerea,trecerea,trecerea,unknown,trecerea,wordfreq:ro,wordfreq_seeded;deterministically_filtered;structurally_curated
ro,v1,2,1761,1784,întoarce,întoarce,întoarce,unknown,întoarce,wordfreq:ro,wordfreq_seeded;deterministically_filtered;structurally_curated
ro,v1,2,1762,1785,întrebarea,întrebarea,întrebarea,unknown,întrebarea,wordfreq:ro,wordfreq_seeded;deterministically_filtered;structurally_curated
ro,v1,2,1763,1786,adoptat,adoptat,adoptat,unknown,adoptat,wordfreq:ro,wordfreq_seeded;deterministically_filtered;structurally_curated
ro,v1,2,1764,1787,alegeri,alegeri,alegeri,unknown,alegeri,wordfreq:ro,wordfreq_seeded;deterministically_filtered;structurally_curated
ro,v1,2,1765,1788,apărare,apărare,apărare,unknown,apărare,wordfreq:ro,wordfreq_seeded;deterministically_filtered;structurally_curated
ro,v1,2,1766,1789,avion,avion,avion,unknown,avion,wordfreq:ro,wordfreq_seeded;deterministically_filtered;structurally_curated
ro,v1,2,1767,1790,baia,baia,baia,unknown,baia,wordfreq:ro,wordfreq_seeded;deterministically_filtered;structurally_curated
ro,v1,2,1768,1791,boli,boli,boli,unknown,boli,wordfreq:ro,wordfreq_seeded;deterministically_filtered;structurally_curated
ro,v1,2,1769,1792,cadou,cadou,cadou,unknown,cadou,wordfreq:ro,wordfreq_seeded;deterministically_filtered;structurally_curated
ro,v1,2,1770,1793,capacitatea,capacitatea,capacitatea,unknown,capacitatea,wordfreq:ro,wordfreq_seeded;deterministically_filtered;structurally_curated
ro,v1,2,1771,1794,capăt,capăt,capăt,unknown,capăt,wordfreq:ro,wordfreq_seeded;deterministically_filtered;structurally_curated
ro,v1,2,1772,1795,cărora,cărora,cărora,unknown,cărora,wordfreq:ro,wordfreq_seeded;deterministically_filtered;structurally_curated
ro,v1,2,1773,1796,diferit,diferit,diferit,unknown,diferit,wordfreq:ro,wordfreq_seeded;deterministically_filtered;structurally_curated
ro,v1,2,1774,1797,dl,dl,dl,unknown,dl,wordfreq:ro,wordfreq_seeded;deterministically_filtered;structurally_curated
ro,v1,2,1775,1798,forța,forța,forța,unknown,forța,wordfreq:ro,wordfreq_seeded;deterministically_filtered;structurally_curated
ro,v1,2,1776,1799,grecia,grecia,grecia,unknown,grecia,wordfreq:ro,wordfreq_seeded;deterministically_filtered;structurally_curated
ro,v1,2,1777,1800,grupuri,grupuri,grupuri,unknown,grupuri,wordfreq:ro,wordfreq_seeded;deterministically_filtered;structurally_curated
ro,v1,2,1778,1801,istoriei,istoriei,istoriei,unknown,istoriei,wordfreq:ro,wordfreq_seeded;deterministically_filtered;structurally_curated
ro,v1,2,1779,1802,lucrul,lucrul,lucrul,unknown,lucrul,wordfreq:ro,wordfreq_seeded;deterministically_filtered;structurally_curated
ro,v1,2,1780,1803,mașini,mașini,mașini,unknown,mașini,wordfreq:ro,wordfreq_seeded;deterministically_filtered;structurally_curated
ro,v1,2,1781,1804,mesajul,mesajul,mesajul,unknown,mesajul,wordfreq:ro,wordfreq_seeded;deterministically_filtered;structurally_curated
ro,v1,2,1782,1805,moscova,moscova,moscova,unknown,moscova,wordfreq:ro,wordfreq_seeded;deterministically_filtered;structurally_curated
ro,v1,2,1783,1806,poată,poată,poată,unknown,poată,wordfreq:ro,wordfreq_seeded;deterministically_filtered;structurally_curated
ro,v1,2,1784,1807,primește,primește,primește,unknown,primește,wordfreq:ro,wordfreq_seeded;deterministically_filtered;structurally_curated
ro,v1,2,1785,1808,primului,primului,primului,unknown,primului,wordfreq:ro,wordfreq_seeded;deterministically_filtered;structurally_curated
ro,v1,2,1786,1809,privința,privința,privința,unknown,privința,wordfreq:ro,wordfreq_seeded;deterministically_filtered;structurally_curated
ro,v1,2,1787,1810,prof,prof,prof,unknown,prof,wordfreq:ro,wordfreq_seeded;deterministically_filtered;structurally_curated
ro,v1,2,1788,1811,păr,păr,păr,unknown,păr,wordfreq:ro,wordfreq_seeded;deterministically_filtered;structurally_curated
ro,v1,2,1789,1812,părul,părul,părul,unknown,părul,wordfreq:ro,wordfreq_seeded;deterministically_filtered;structurally_curated
ro,v1,2,1790,1813,recent,recent,recent,unknown,recent,wordfreq:ro,wordfreq_seeded;deterministically_filtered;structurally_curated
ro,v1,2,1791,1814,simte,simte,simte,unknown,simte,wordfreq:ro,wordfreq_seeded;deterministically_filtered;structurally_curated
ro,v1,2,1792,1815,străine,străine,străine,unknown,străine,wordfreq:ro,wordfreq_seeded;deterministically_filtered;structurally_curated
ro,v1,2,1793,1816,thomas,thomas,thomas,unknown,thomas,wordfreq:ro,wordfreq_seeded;deterministically_filtered;structurally_curated
ro,v1,2,1794,1817,ziarul,ziarul,ziarul,unknown,ziarul,wordfreq:ro,wordfreq_seeded;deterministically_filtered;structurally_curated
ro,v1,2,1795,1819,administrație,administrație,administrație,unknown,administrație,wordfreq:ro,wordfreq_seeded;deterministically_filtered;structurally_curated
ro,v1,2,1796,1820,atenția,atenția,atenția,unknown,atenția,wordfreq:ro,wordfreq_seeded;deterministically_filtered;structurally_curated
ro,v1,2,1797,1821,botoșani,botoșani,botoșani,unknown,botoșani,wordfreq:ro,wordfreq_seeded;deterministically_filtered;structurally_curated
ro,v1,2,1798,1822,comunității,comunității,comunității,unknown,comunității,wordfreq:ro,wordfreq_seeded;deterministically_filtered;structurally_curated
ro,v1,2,1799,1823,copiilor,copiilor,copiilor,unknown,copiilor,wordfreq:ro,wordfreq_seeded;deterministically_filtered;structurally_curated
ro,v1,2,1800,1824,dedicat,dedicat,dedicat,unknown,dedicat,wordfreq:ro,wordfreq_seeded;deterministically_filtered;structurally_curated
ro,v1,2,1801,1825,directorul,directorul,directorul,unknown,directorul,wordfreq:ro,wordfreq_seeded;deterministically_filtered;structurally_curated
ro,v1,2,1802,1826,dăm,dăm,dăm,unknown,dăm,wordfreq:ro,wordfreq_seeded;deterministically_filtered;structurally_curated
ro,v1,2,1803,1827,ex,ex,ex,unknown,ex,wordfreq:ro,wordfreq_seeded;deterministically_filtered;structurally_curated
ro,v1,2,1804,1828,fizice,fizice,fizice,unknown,fizice,wordfreq:ro,wordfreq_seeded;deterministically_filtered;structurally_curated
ro,v1,2,1805,1829,făcând,făcând,făcând,unknown,făcând,wordfreq:ro,wordfreq_seeded;deterministically_filtered;structurally_curated
ro,v1,2,1806,1830,hotărât,hotărât,hotărât,unknown,hotărât,wordfreq:ro,wordfreq_seeded;deterministically_filtered;structurally_curated
ro,v1,2,1807,1831,iei,iei,iei,unknown,iei,wordfreq:ro,wordfreq_seeded;deterministically_filtered;structurally_curated
ro,v1,2,1808,1832,liceul,liceul,liceul,unknown,liceul,wordfreq:ro,wordfreq_seeded;deterministically_filtered;structurally_curated
ro,v1,2,1809,1833,lovit,lovit,lovit,unknown,lovit,wordfreq:ro,wordfreq_seeded;deterministically_filtered;structurally_curated
ro,v1,2,1810,1834,lucian,lucian,lucian,unknown,lucian,wordfreq:ro,wordfreq_seeded;deterministically_filtered;structurally_curated
ro,v1,2,1811,1835,lungi,lungi,lungi,unknown,lungi,wordfreq:ro,wordfreq_seeded;deterministically_filtered;structurally_curated
ro,v1,2,1812,1836,mijloc,mijloc,mijloc,unknown,mijloc,wordfreq:ro,wordfreq_seeded;deterministically_filtered;structurally_curated
ro,v1,2,1813,1837,persoanele,persoanele,persoanele,unknown,persoanele,wordfreq:ro,wordfreq_seeded;deterministically_filtered;structurally_curated
ro,v1,2,1814,1838,piatră,piatră,piatră,unknown,piatră,wordfreq:ro,wordfreq_seeded;deterministically_filtered;structurally_curated
ro,v1,2,1815,1839,picioarele,picioarele,picioarele,unknown,picioarele,wordfreq:ro,wordfreq_seeded;deterministically_filtered;structurally_curated
ro,v1,2,1816,1840,plăcere,plăcere,plăcere,unknown,plăcere,wordfreq:ro,wordfreq_seeded;deterministically_filtered;structurally_curated
ro,v1,2,1817,1841,poezii,poezii,poezii,unknown,poezii,wordfreq:ro,wordfreq_seeded;deterministically_filtered;structurally_curated
ro,v1,2,1818,1842,polonia,polonia,polonia,unknown,polonia,wordfreq:ro,wordfreq_seeded;deterministically_filtered;structurally_curated
ro,v1,2,1819,1843,propus,propus,propus,unknown,propus,wordfreq:ro,wordfreq_seeded;deterministically_filtered;structurally_curated
ro,v1,2,1820,1844,rar,rar,rar,unknown,rar,wordfreq:ro,wordfreq_seeded;deterministically_filtered;structurally_curated
ro,v1,2,1821,1845,realizează,realizează,realizează,unknown,realizează,wordfreq:ro,wordfreq_seeded;deterministically_filtered;structurally_curated
ro,v1,2,1822,1846,referă,referă,referă,unknown,referă,wordfreq:ro,wordfreq_seeded;deterministically_filtered;structurally_curated
ro,v1,2,1823,1847,regelui,regelui,regelui,unknown,regelui,wordfreq:ro,wordfreq_seeded;deterministically_filtered;structurally_curated
ro,v1,2,1824,1848,revenit,revenit,revenit,unknown,revenit,wordfreq:ro,wordfreq_seeded;deterministically_filtered;structurally_curated
ro,v1,2,1825,1849,rețea,rețea,rețea,unknown,rețea,wordfreq:ro,wordfreq_seeded;deterministically_filtered;structurally_curated
ro,v1,2,1826,1850,rămână,rămână,rămână,unknown,rămână,wordfreq:ro,wordfreq_seeded;deterministically_filtered;structurally_curated
ro,v1,2,1827,1851,satu,satu,satu,unknown,satu,wordfreq:ro,wordfreq_seeded;deterministically_filtered;structurally_curated
ro,v1,2,1828,1852,scena,scena,scena,unknown,scena,wordfreq:ro,wordfreq_seeded;deterministically_filtered;structurally_curated
ro,v1,2,1829,1853,scăzut,scăzut,scăzut,unknown,scăzut,wordfreq:ro,wordfreq_seeded;deterministically_filtered;structurally_curated
ro,v1,2,1830,1854,sfânta,sfânta,sfânta,unknown,sfânta,wordfreq:ro,wordfreq_seeded;deterministically_filtered;structurally_curated
ro,v1,2,1831,1855,show,show,show,unknown,show,wordfreq:ro,wordfreq_seeded;deterministically_filtered;structurally_curated
ro,v1,2,1832,1856,spunem,spunem,spunem,unknown,spunem,wordfreq:ro,wordfreq_seeded;deterministically_filtered;structurally_curated
ro,v1,2,1833,1857,toamna,toamna,toamna,unknown,toamna,wordfreq:ro,wordfreq_seeded;deterministically_filtered;structurally_curated
ro,v1,2,1834,1858,trec,trec,trec,unknown,trec,wordfreq:ro,wordfreq_seeded;deterministically_filtered;structurally_curated
ro,v1,2,1835,1859,umană,umană,umană,unknown,umană,wordfreq:ro,wordfreq_seeded;deterministically_filtered;structurally_curated
ro,v1,2,1836,1860,unirea,unirea,unirea,unknown,unirea,wordfreq:ro,wordfreq_seeded;deterministically_filtered;structurally_curated
ro,v1,2,1837,1861,website,website,website,unknown,website,wordfreq:ro,wordfreq_seeded;deterministically_filtered;structurally_curated
ro,v1,2,1838,1862,întâmpla,întâmpla,întâmpla,unknown,întâmpla,wordfreq:ro,wordfreq_seeded;deterministically_filtered;structurally_curated
ro,v1,2,1839,1863,științifice,științifice,științifice,unknown,științifice,wordfreq:ro,wordfreq_seeded;deterministically_filtered;structurally_curated
ro,v1,2,1840,1864,adam,adam,adam,unknown,adam,wordfreq:ro,wordfreq_seeded;deterministically_filtered;structurally_curated
ro,v1,2,1841,1865,aparține,aparține,aparține,unknown,aparține,wordfreq:ro,wordfreq_seeded;deterministically_filtered;structurally_curated
ro,v1,2,1842,1866,atinge,atinge,atinge,unknown,atinge,wordfreq:ro,wordfreq_seeded;deterministically_filtered;structurally_curated
ro,v1,2,1843,1867,cauză,cauză,cauză,unknown,cauză,wordfreq:ro,wordfreq_seeded;deterministically_filtered;structurally_curated
ro,v1,2,1844,1868,comercial,comercial,comercial,unknown,comercial,wordfreq:ro,wordfreq_seeded;deterministically_filtered;structurally_curated
ro,v1,2,1845,1869,credem,credem,credem,unknown,credem,wordfreq:ro,wordfreq_seeded;deterministically_filtered;structurally_curated
ro,v1,2,1846,1870,culturală,culturală,culturală,unknown,culturală,wordfreq:ro,wordfreq_seeded;deterministically_filtered;structurally_curated
ro,v1,2,1847,1871,datele,datele,datele,unknown,datele,wordfreq:ro,wordfreq_seeded;deterministically_filtered;structurally_curated
ro,v1,2,1848,1872,decizia,decizia,decizia,unknown,decizia,wordfreq:ro,wordfreq_seeded;deterministically_filtered;structurally_curated
ro,v1,2,1849,1873,existente,existente,existente,unknown,existente,wordfreq:ro,wordfreq_seeded;deterministically_filtered;structurally_curated
ro,v1,2,1850,1874,femeilor,femeilor,femeilor,unknown,femeilor,wordfreq:ro,wordfreq_seeded;deterministically_filtered;structurally_curated
ro,v1,2,1851,1875,fierbinte,fierbinte,fierbinte,unknown,fierbinte,wordfreq:ro,wordfreq_seeded;deterministically_filtered;structurally_curated
ro,v1,2,1852,1876,grad,grad,grad,unknown,grad,wordfreq:ro,wordfreq_seeded;deterministically_filtered;structurally_curated
ro,v1,2,1853,1877,hai,hai,hai,unknown,hai,wordfreq:ro,wordfreq_seeded;deterministically_filtered;structurally_curated
ro,v1,2,1854,1878,implicat,implicat,implicat,unknown,implicat,wordfreq:ro,wordfreq_seeded;deterministically_filtered;structurally_curated
ro,v1,2,1855,1879,județean,județean,județean,unknown,județean,wordfreq:ro,wordfreq_seeded;deterministically_filtered;structurally_curated
ro,v1,2,1856,1880,limbii,limbii,limbii,unknown,limbii,wordfreq:ro,wordfreq_seeded;deterministically_filtered;structurally_curated
ro,v1,2,1857,1881,liviu,liviu,liviu,unknown,liviu,wordfreq:ro,wordfreq_seeded;deterministically_filtered;structurally_curated
ro,v1,2,1858,1882,luați,luați,luați,unknown,luați,wordfreq:ro,wordfreq_seeded;deterministically_filtered;structurally_curated
ro,v1,2,1859,1883,lăsa,lăsa,lăsa,unknown,lăsa,wordfreq:ro,wordfreq_seeded;deterministically_filtered;structurally_curated
ro,v1,2,1860,1884,numită,numită,numită,unknown,numită,wordfreq:ro,wordfreq_seeded;deterministically_filtered;structurally_curated
ro,v1,2,1861,1885,ordinea,ordinea,ordinea,unknown,ordinea,wordfreq:ro,wordfreq_seeded;deterministically_filtered;structurally_curated
ro,v1,2,1862,1886,organizației,organizației,organizației,unknown,organizației,wordfreq:ro,wordfreq_seeded;deterministically_filtered;structurally_curated
ro,v1,2,1863,1887,perfectă,perfectă,perfectă,unknown,perfectă,wordfreq:ro,wordfreq_seeded;deterministically_filtered;structurally_curated
ro,v1,2,1864,1888,ploiești,ploiești,ploiești,unknown,ploiești,wordfreq:ro,wordfreq_seeded;deterministically_filtered;structurally_curated
ro,v1,2,1865,1889,poarta,poarta,poarta,unknown,poarta,wordfreq:ro,wordfreq_seeded;deterministically_filtered;structurally_curated
ro,v1,2,1866,1890,pop,pop,pop,unknown,pop,wordfreq:ro,wordfreq_seeded;deterministically_filtered;structurally_curated
ro,v1,2,1867,1891,presupune,presupune,presupune,unknown,presupune,wordfreq:ro,wordfreq_seeded;deterministically_filtered;structurally_curated
ro,v1,2,1868,1892,prezentare,prezentare,prezentare,unknown,prezentare,wordfreq:ro,wordfreq_seeded;deterministically_filtered;structurally_curated
ro,v1,2,1869,1893,președintelui,președintelui,președintelui,unknown,președintelui,wordfreq:ro,wordfreq_seeded;deterministically_filtered;structurally_curated
ro,v1,2,1870,1894,principale,principale,principale,unknown,principale,wordfreq:ro,wordfreq_seeded;deterministically_filtered;structurally_curated
ro,v1,2,1871,1895,publicului,publicului,publicului,unknown,publicului,wordfreq:ro,wordfreq_seeded;deterministically_filtered;structurally_curated
ro,v1,2,1872,1896,pădure,pădure,pădure,unknown,pădure,wordfreq:ro,wordfreq_seeded;deterministically_filtered;structurally_curated
ro,v1,2,1873,1897,roșii,roșii,roșii,unknown,roșii,wordfreq:ro,wordfreq_seeded;deterministically_filtered;structurally_curated
ro,v1,2,1874,1898,soțul,soțul,soțul,unknown,soțul,wordfreq:ro,wordfreq_seeded;deterministically_filtered;structurally_curated
ro,v1,2,1875,1899,spui,spui,spui,unknown,spui,wordfreq:ro,wordfreq_seeded;deterministically_filtered;structurally_curated
ro,v1,2,1876,1900,suflet,suflet,suflet,unknown,suflet,wordfreq:ro,wordfreq_seeded;deterministically_filtered;structurally_curated
ro,v1,2,1877,1901,viteză,viteză,viteză,unknown,viteză,wordfreq:ro,wordfreq_seeded;deterministically_filtered;structurally_curated
ro,v1,2,1878,1902,vizită,vizită,vizită,unknown,vizită,wordfreq:ro,wordfreq_seeded;deterministically_filtered;structurally_curated
ro,v1,2,1879,1903,voia,voia,voia,unknown,voia,wordfreq:ro,wordfreq_seeded;deterministically_filtered;structurally_curated
ro,v1,2,1880,1904,washington,washington,washington,unknown,washington,wordfreq:ro,wordfreq_seeded;deterministically_filtered;structurally_curated
ro,v1,2,1881,1905,windows,windows,windows,unknown,windows,wordfreq:ro,wordfreq_seeded;deterministically_filtered;structurally_curated
ro,v1,2,1882,1906,activității,activității,activității,unknown,activității,wordfreq:ro,wordfreq_seeded;deterministically_filtered;structurally_curated
ro,v1,2,1883,1907,actuală,actuală,actuală,unknown,actuală,wordfreq:ro,wordfreq_seeded;deterministically_filtered;structurally_curated
ro,v1,2,1884,1908,anna,anna,anna,unknown,anna,wordfreq:ro,wordfreq_seeded;deterministically_filtered;structurally_curated
ro,v1,2,1885,1909,anti,anti,anti,unknown,anti,wordfreq:ro,wordfreq_seeded;deterministically_filtered;structurally_curated
ro,v1,2,1886,1910,aspect,aspect,aspect,unknown,aspect,wordfreq:ro,wordfreq_seeded;deterministically_filtered;structurally_curated
ro,v1,2,1887,1911,ati,ati,ati,unknown,ati,wordfreq:ro,wordfreq_seeded;deterministically_filtered;structurally_curated
ro,v1,2,1888,1912,civile,civile,civile,unknown,civile,wordfreq:ro,wordfreq_seeded;deterministically_filtered;structurally_curated
ro,v1,2,1889,1913,crezi,crezi,crezi,unknown,crezi,wordfreq:ro,wordfreq_seeded;deterministically_filtered;structurally_curated
ro,v1,2,1890,1914,denumirea,denumirea,denumirea,unknown,denumirea,wordfreq:ro,wordfreq_seeded;deterministically_filtered;structurally_curated
ro,v1,2,1891,1915,efect,efect,efect,unknown,efect,wordfreq:ro,wordfreq_seeded;deterministically_filtered;structurally_curated
ro,v1,2,1892,1916,faza,faza,faza,unknown,faza,wordfreq:ro,wordfreq_seeded;deterministically_filtered;structurally_curated
ro,v1,2,1893,1917,fericit,fericit,fericit,unknown,fericit,wordfreq:ro,wordfreq_seeded;deterministically_filtered;structurally_curated
ro,v1,2,1894,1918,financiare,financiare,financiare,unknown,financiare,wordfreq:ro,wordfreq_seeded;deterministically_filtered;structurally_curated
ro,v1,2,1895,1919,folosită,folosită,folosită,unknown,folosită,wordfreq:ro,wordfreq_seeded;deterministically_filtered;structurally_curated
ro,v1,2,1896,1920,frică,frică,frică,unknown,frică,wordfreq:ro,wordfreq_seeded;deterministically_filtered;structurally_curated
ro,v1,2,1897,1921,greșit,greșit,greșit,unknown,greșit,wordfreq:ro,wordfreq_seeded;deterministically_filtered;structurally_curated
ro,v1,2,1898,1922,influența,influența,influența,unknown,influența,wordfreq:ro,wordfreq_seeded;deterministically_filtered;structurally_curated
ro,v1,2,1899,1923,literatura,literatura,literatura,unknown,literatura,wordfreq:ro,wordfreq_seeded;deterministically_filtered;structurally_curated
ro,v1,2,1900,1924,luptat,luptat,luptat,unknown,luptat,wordfreq:ro,wordfreq_seeded;deterministically_filtered;structurally_curated
ro,v1,2,1901,1925,nava,nava,nava,unknown,nava,wordfreq:ro,wordfreq_seeded;deterministically_filtered;structurally_curated
ro,v1,2,1902,1926,neamț,neamț,neamț,unknown,neamț,wordfreq:ro,wordfreq_seeded;deterministically_filtered;structurally_curated
ro,v1,2,1903,1927,negre,negre,negre,unknown,negre,wordfreq:ro,wordfreq_seeded;deterministically_filtered;structurally_curated
ro,v1,2,1904,1928,numără,numără,numără,unknown,numără,wordfreq:ro,wordfreq_seeded;deterministically_filtered;structurally_curated
ro,v1,2,1905,1929,original,original,original,unknown,original,wordfreq:ro,wordfreq_seeded;deterministically_filtered;structurally_curated
ro,v1,2,1906,1930,participarea,participarea,participarea,unknown,participarea,wordfreq:ro,wordfreq_seeded;deterministically_filtered;structurally_curated
ro,v1,2,1907,1931,personale,personale,personale,unknown,personale,wordfreq:ro,wordfreq_seeded;deterministically_filtered;structurally_curated
ro,v1,2,1908,1932,piesa,piesa,piesa,unknown,piesa,wordfreq:ro,wordfreq_seeded;deterministically_filtered;structurally_curated
ro,v1,2,1909,1933,profesori,profesori,profesori,unknown,profesori,wordfreq:ro,wordfreq_seeded;deterministically_filtered;structurally_curated
ro,v1,2,1910,1934,profesorul,profesorul,profesorul,unknown,profesorul,wordfreq:ro,wordfreq_seeded;deterministically_filtered;structurally_curated
ro,v1,2,1911,1935,respect,respect,respect,unknown,respect,wordfreq:ro,wordfreq_seeded;deterministically_filtered;structurally_curated
ro,v1,2,1912,1936,rezultatele,rezultatele,rezultatele,unknown,rezultatele,wordfreq:ro,wordfreq_seeded;deterministically_filtered;structurally_curated
ro,v1,2,1913,1937,rezultatul,rezultatul,rezultatul,unknown,rezultatul,wordfreq:ro,wordfreq_seeded;deterministically_filtered;structurally_curated
ro,v1,2,1914,1938,scott,scott,scott,unknown,scott,wordfreq:ro,wordfreq_seeded;deterministically_filtered;structurally_curated
ro,v1,2,1915,1939,studiul,studiul,studiul,unknown,studiul,wordfreq:ro,wordfreq_seeded;deterministically_filtered;structurally_curated
ro,v1,2,1916,1940,treacă,treacă,treacă,unknown,treacă,wordfreq:ro,wordfreq_seeded;deterministically_filtered;structurally_curated
ro,v1,2,1917,1941,uita,uita,uita,unknown,uita,wordfreq:ro,wordfreq_seeded;deterministically_filtered;structurally_curated
ro,v1,2,1918,1942,vederea,vederea,vederea,unknown,vederea,wordfreq:ro,wordfreq_seeded;deterministically_filtered;structurally_curated
ro,v1,2,1919,1943,vladimir,vladimir,vladimir,unknown,vladimir,wordfreq:ro,wordfreq_seeded;deterministically_filtered;structurally_curated
ro,v1,2,1920,1944,zbor,zbor,zbor,unknown,zbor,wordfreq:ro,wordfreq_seeded;deterministically_filtered;structurally_curated
ro,v1,2,1921,1945,înscris,înscris,înscris,unknown,înscris,wordfreq:ro,wordfreq_seeded;deterministically_filtered;structurally_curated
ro,v1,2,1922,1946,academiei,academiei,academiei,unknown,academiei,wordfreq:ro,wordfreq_seeded;deterministically_filtered;structurally_curated
ro,v1,2,1923,1947,aducă,aducă,aducă,unknown,aducă,wordfreq:ro,wordfreq_seeded;deterministically_filtered;structurally_curated
ro,v1,2,1924,1948,afirmat,afirmat,afirmat,unknown,afirmat,wordfreq:ro,wordfreq_seeded;deterministically_filtered;structurally_curated
ro,v1,2,1925,1949,aflată,aflată,aflată,unknown,aflată,wordfreq:ro,wordfreq_seeded;deterministically_filtered;structurally_curated
ro,v1,2,1926,1950,agricole,agricole,agricole,unknown,agricole,wordfreq:ro,wordfreq_seeded;deterministically_filtered;structurally_curated
ro,v1,2,1927,1951,americane,americane,americane,unknown,americane,wordfreq:ro,wordfreq_seeded;deterministically_filtered;structurally_curated
ro,v1,2,1928,1952,apropiere,apropiere,apropiere,unknown,apropiere,wordfreq:ro,wordfreq_seeded;deterministically_filtered;structurally_curated
ro,v1,2,1929,1953,argeș,argeș,argeș,unknown,argeș,wordfreq:ro,wordfreq_seeded;deterministically_filtered;structurally_curated
ro,v1,2,1930,1954,artiști,artiști,artiști,unknown,artiști,wordfreq:ro,wordfreq_seeded;deterministically_filtered;structurally_curated
ro,v1,2,1931,1955,atins,atins,atins,unknown,atins,wordfreq:ro,wordfreq_seeded;deterministically_filtered;structurally_curated
ro,v1,2,1932,1956,bineînțeles,bineînțeles,bineînțeles,unknown,bineînțeles,wordfreq:ro,wordfreq_seeded;deterministically_filtered;structurally_curated
ro,v1,2,1933,1957,biserici,biserici,biserici,unknown,biserici,wordfreq:ro,wordfreq_seeded;deterministically_filtered;structurally_curated
ro,v1,2,1934,1958,bucur,bucur,bucur,unknown,bucur,wordfreq:ro,wordfreq_seeded;deterministically_filtered;structurally_curated
ro,v1,2,1935,1959,carieră,carieră,carieră,unknown,carieră,wordfreq:ro,wordfreq_seeded;deterministically_filtered;structurally_curated
ro,v1,2,1936,1960,citesc,citesc,citesc,unknown,citesc,wordfreq:ro,wordfreq_seeded;deterministically_filtered;structurally_curated
ro,v1,2,1937,1961,clubului,clubului,clubului,unknown,clubului,wordfreq:ro,wordfreq_seeded;deterministically_filtered;structurally_curated
ro,v1,2,1938,1962,comisiei,comisiei,comisiei,unknown,comisiei,wordfreq:ro,wordfreq_seeded;deterministically_filtered;structurally_curated
ro,v1,2,1939,1963,cărții,cărții,cărții,unknown,cărții,wordfreq:ro,wordfreq_seeded;deterministically_filtered;structurally_curated
ro,v1,2,1940,1964,degrabă,degrabă,degrabă,unknown,degrabă,wordfreq:ro,wordfreq_seeded;deterministically_filtered;structurally_curated
ro,v1,2,1941,1965,deosebire,deosebire,deosebire,unknown,deosebire,wordfreq:ro,wordfreq_seeded;deterministically_filtered;structurally_curated
ro,v1,2,1942,1966,departamentul,departamentul,departamentul,unknown,departamentul,wordfreq:ro,wordfreq_seeded;deterministically_filtered;structurally_curated
ro,v1,2,1943,1967,electrice,electrice,electrice,unknown,electrice,wordfreq:ro,wordfreq_seeded;deterministically_filtered;structurally_curated
ro,v1,2,1944,1968,evenimentele,evenimentele,evenimentele,unknown,evenimentele,wordfreq:ro,wordfreq_seeded;deterministically_filtered;structurally_curated
ro,v1,2,1945,1969,feminin,feminin,feminin,unknown,feminin,wordfreq:ro,wordfreq_seeded;deterministically_filtered;structurally_curated
ro,v1,2,1946,1970,francez,francez,francez,unknown,francez,wordfreq:ro,wordfreq_seeded;deterministically_filtered;structurally_curated
ro,v1,2,1947,1971,gură,gură,gură,unknown,gură,wordfreq:ro,wordfreq_seeded;deterministically_filtered;structurally_curated
ro,v1,2,1948,1972,international,international,international,unknown,international,wordfreq:ro,wordfreq_seeded;deterministically_filtered;structurally_curated
ro,v1,2,1949,1973,iubirea,iubirea,iubirea,unknown,iubirea,wordfreq:ro,wordfreq_seeded;deterministically_filtered;structurally_curated
ro,v1,2,1950,1974,iubit,iubit,iubit,unknown,iubit,wordfreq:ro,wordfreq_seeded;deterministically_filtered;structurally_curated
ro,v1,2,1951,1975,kilometri,kilometri,kilometri,unknown,kilometri,wordfreq:ro,wordfreq_seeded;deterministically_filtered;structurally_curated
ro,v1,2,1952,1976,las,las,las,unknown,las,wordfreq:ro,wordfreq_seeded;deterministically_filtered;structurally_curated
ro,v1,2,1953,1977,liceu,liceu,liceu,unknown,liceu,wordfreq:ro,wordfreq_seeded;deterministically_filtered;structurally_curated
ro,v1,2,1954,1978,lucra,lucra,lucra,unknown,lucra,wordfreq:ro,wordfreq_seeded;deterministically_filtered;structurally_curated
ro,v1,2,1955,1979,lucrare,lucrare,lucrare,unknown,lucrare,wordfreq:ro,wordfreq_seeded;deterministically_filtered;structurally_curated
ro,v1,2,1956,1980,minunat,minunat,minunat,unknown,minunat,wordfreq:ro,wordfreq_seeded;deterministically_filtered;structurally_curated
ro,v1,2,1957,1981,mănăstirea,mănăstirea,mănăstirea,unknown,mănăstirea,wordfreq:ro,wordfreq_seeded;deterministically_filtered;structurally_curated
ro,v1,2,1958,1982,necesară,necesară,necesară,unknown,necesară,wordfreq:ro,wordfreq_seeded;deterministically_filtered;structurally_curated
ro,v1,2,1959,1983,ok,ok,ok,unknown,ok,wordfreq:ro,wordfreq_seeded;deterministically_filtered;structurally_curated
ro,v1,2,1960,1984,organizații,organizații,organizații,unknown,organizații,wordfreq:ro,wordfreq_seeded;deterministically_filtered;structurally_curated
ro,v1,2,1961,1985,parlamentare,parlamentare,parlamentare,unknown,parlamentare,wordfreq:ro,wordfreq_seeded;deterministically_filtered;structurally_curated
ro,v1,2,1962,1986,pielea,pielea,pielea,unknown,pielea,wordfreq:ro,wordfreq_seeded;deterministically_filtered;structurally_curated
ro,v1,2,1963,1987,popular,popular,popular,unknown,popular,wordfreq:ro,wordfreq_seeded;deterministically_filtered;structurally_curated
ro,v1,2,1964,1988,practic,practic,practic,unknown,practic,wordfreq:ro,wordfreq_seeded;deterministically_filtered;structurally_curated
ro,v1,2,1965,1989,presă,presă,presă,unknown,presă,wordfreq:ro,wordfreq_seeded;deterministically_filtered;structurally_curated
ro,v1,2,1966,1990,proiecte,proiecte,proiecte,unknown,proiecte,wordfreq:ro,wordfreq_seeded;deterministically_filtered;structurally_curated
ro,v1,2,1967,1991,promovarea,promovarea,promovarea,unknown,promovarea,wordfreq:ro,wordfreq_seeded;deterministically_filtered;structurally_curated
ro,v1,2,1968,1992,prost,prost,prost,unknown,prost,wordfreq:ro,wordfreq_seeded;deterministically_filtered;structurally_curated
ro,v1,2,1969,1993,puține,puține,puține,unknown,puține,wordfreq:ro,wordfreq_seeded;deterministically_filtered;structurally_curated
ro,v1,2,1970,1994,reprezentat,reprezentat,reprezentat,unknown,reprezentat,wordfreq:ro,wordfreq_seeded;deterministically_filtered;structurally_curated
ro,v1,2,1971,1995,rețeaua,rețeaua,rețeaua,unknown,rețeaua,wordfreq:ro,wordfreq_seeded;deterministically_filtered;structurally_curated
ro,v1,2,1972,1996,roma,roma,roma,unknown,roma,wordfreq:ro,wordfreq_seeded;deterministically_filtered;structurally_curated
ro,v1,2,1973,1997,sectorul,sectorul,sectorul,unknown,sectorul,wordfreq:ro,wordfreq_seeded;deterministically_filtered;structurally_curated
ro,v1,2,1974,1998,specială,specială,specială,unknown,specială,wordfreq:ro,wordfreq_seeded;deterministically_filtered;structurally_curated
ro,v1,2,1975,1999,stele,stele,stele,unknown,stele,wordfreq:ro,wordfreq_seeded;deterministically_filtered;structurally_curated
ro,v1,2,1976,2000,studiile,studiile,studiile,unknown,studiile,wordfreq:ro,wordfreq_seeded;deterministically_filtered;structurally_curated
ro,v1,2,1977,2001,sănătate,sănătate,sănătate,unknown,sănătate,wordfreq:ro,wordfreq_seeded;deterministically_filtered;structurally_curated
ro,v1,2,1978,2002,textul,textul,textul,unknown,textul,wordfreq:ro,wordfreq_seeded;deterministically_filtered;structurally_curated
ro,v1,2,1979,2003,timiș,timiș,timiș,unknown,timiș,wordfreq:ro,wordfreq_seeded;deterministically_filtered;structurally_curated
ro,v1,2,1980,2004,universitar,universitar,universitar,unknown,universitar,wordfreq:ro,wordfreq_seeded;deterministically_filtered;structurally_curated
ro,v1,2,1981,2005,usor,usor,usor,unknown,usor,wordfreq:ro,wordfreq_seeded;deterministically_filtered;structurally_curated
ro,v1,2,1982,2006,valori,valori,valori,unknown,valori,wordfreq:ro,wordfreq_seeded;deterministically_filtered;structurally_curated
ro,v1,2,1983,2007,william,william,william,unknown,william,wordfreq:ro,wordfreq_seeded;deterministically_filtered;structurally_curated
ro,v1,2,1984,2008,învățământ,învățământ,învățământ,unknown,învățământ,wordfreq:ro,wordfreq_seeded;deterministically_filtered;structurally_curated
ro,v1,2,1985,2009,științe,științe,științe,unknown,științe,wordfreq:ro,wordfreq_seeded;deterministically_filtered;structurally_curated
ro,v1,2,1986,2010,acceptat,acceptat,acceptat,unknown,acceptat,wordfreq:ro,wordfreq_seeded;deterministically_filtered;structurally_curated
ro,v1,2,1987,2011,apropie,apropie,apropie,unknown,apropie,wordfreq:ro,wordfreq_seeded;deterministically_filtered;structurally_curated
ro,v1,2,1988,2012,arate,arate,arate,unknown,arate,wordfreq:ro,wordfreq_seeded;deterministically_filtered;structurally_curated
ro,v1,2,1989,2013,arestat,arestat,arestat,unknown,arestat,wordfreq:ro,wordfreq_seeded;deterministically_filtered;structurally_curated
ro,v1,2,1990,2014,articolul,articolul,articolul,unknown,articolul,wordfreq:ro,wordfreq_seeded;deterministically_filtered;structurally_curated
ro,v1,2,1991,2015,așteptăm,așteptăm,așteptăm,unknown,așteptăm,wordfreq:ro,wordfreq_seeded;deterministically_filtered;structurally_curated
ro,v1,2,1992,2016,campionatul,campionatul,campionatul,unknown,campionatul,wordfreq:ro,wordfreq_seeded;deterministically_filtered;structurally_curated
ro,v1,2,1993,2017,concert,concert,concert,unknown,concert,wordfreq:ro,wordfreq_seeded;deterministically_filtered;structurally_curated
ro,v1,2,1994,2018,constă,constă,constă,unknown,constă,wordfreq:ro,wordfreq_seeded;deterministically_filtered;structurally_curated
ro,v1,2,1995,2019,culoarea,culoarea,culoarea,unknown,culoarea,wordfreq:ro,wordfreq_seeded;deterministically_filtered;structurally_curated
ro,v1,2,1996,2020,decizie,decizie,decizie,unknown,decizie,wordfreq:ro,wordfreq_seeded;deterministically_filtered;structurally_curated
ro,v1,2,1997,2021,desfășoară,desfășoară,desfășoară,unknown,desfășoară,wordfreq:ro,wordfreq_seeded;deterministically_filtered;structurally_curated
ro,v1,2,1998,2022,dificil,dificil,dificil,unknown,dificil,wordfreq:ro,wordfreq_seeded;deterministically_filtered;structurally_curated
ro,v1,2,1999,2023,distrus,distrus,distrus,unknown,distrus,wordfreq:ro,wordfreq_seeded;deterministically_filtered;structurally_curated
ro,v1,2,2000,2024,electrică,electrică,electrică,unknown,electrică,wordfreq:ro,wordfreq_seeded;deterministically_filtered;structurally_curated
ro,v1,3,2001,2025,eric,eric,eric,unknown,eric,wordfreq:ro,wordfreq_seeded;deterministically_filtered;structurally_curated
ro,v1,3,2002,2026,grea,grea,grea,unknown,grea,wordfreq:ro,wordfreq_seeded;deterministically_filtered;structurally_curated
ro,v1,3,2003,2027,ieși,ieși,ieși,unknown,ieși,wordfreq:ro,wordfreq_seeded;deterministically_filtered;structurally_curated
ro,v1,3,2004,2028,invitat,invitat,invitat,unknown,invitat,wordfreq:ro,wordfreq_seeded;deterministically_filtered;structurally_curated
ro,v1,3,2005,2029,lider,lider,lider,unknown,lider,wordfreq:ro,wordfreq_seeded;deterministically_filtered;structurally_curated
ro,v1,3,2006,2030,luăm,luăm,luăm,unknown,luăm,wordfreq:ro,wordfreq_seeded;deterministically_filtered;structurally_curated
ro,v1,3,2007,2031,mamei,mamei,mamei,unknown,mamei,wordfreq:ro,wordfreq_seeded;deterministically_filtered;structurally_curated
ro,v1,3,2008,2032,medicale,medicale,medicale,unknown,medicale,wordfreq:ro,wordfreq_seeded;deterministically_filtered;structurally_curated
ro,v1,3,2009,2033,metode,metode,metode,unknown,metode,wordfreq:ro,wordfreq_seeded;deterministically_filtered;structurally_curated
ro,v1,3,2010,2034,militară,militară,militară,unknown,militară,wordfreq:ro,wordfreq_seeded;deterministically_filtered;structurally_curated
ro,v1,3,2011,2035,misiunea,misiunea,misiunea,unknown,misiunea,wordfreq:ro,wordfreq_seeded;deterministically_filtered;structurally_curated
ro,v1,3,2012,2036,noului,noului,noului,unknown,noului,wordfreq:ro,wordfreq_seeded;deterministically_filtered;structurally_curated
ro,v1,3,2013,2037,oricând,oricând,oricând,unknown,oricând,wordfreq:ro,wordfreq_seeded;deterministically_filtered;structurally_curated
ro,v1,3,2014,2038,pleacă,pleacă,pleacă,unknown,pleacă,wordfreq:ro,wordfreq_seeded;deterministically_filtered;structurally_curated
ro,v1,3,2015,2039,poliției,poliției,poliției,unknown,poliției,wordfreq:ro,wordfreq_seeded;deterministically_filtered;structurally_curated
ro,v1,3,2016,2040,populară,populară,populară,unknown,populară,wordfreq:ro,wordfreq_seeded;deterministically_filtered;structurally_curated
ro,v1,3,2017,2041,programe,programe,programe,unknown,programe,wordfreq:ro,wordfreq_seeded;deterministically_filtered;structurally_curated
ro,v1,3,2018,2042,punem,punem,punem,unknown,punem,wordfreq:ro,wordfreq_seeded;deterministically_filtered;structurally_curated
ro,v1,3,2019,2043,păcat,păcat,păcat,unknown,păcat,wordfreq:ro,wordfreq_seeded;deterministically_filtered;structurally_curated
ro,v1,3,2020,2044,pământului,pământului,pământului,unknown,pământului,wordfreq:ro,wordfreq_seeded;deterministically_filtered;structurally_curated
ro,v1,3,2021,2045,relație,relație,relație,unknown,relație,wordfreq:ro,wordfreq_seeded;deterministically_filtered;structurally_curated
ro,v1,3,2022,2046,roșie,roșie,roșie,unknown,roșie,wordfreq:ro,wordfreq_seeded;deterministically_filtered;structurally_curated
ro,v1,3,2023,2047,rusă,rusă,rusă,unknown,rusă,wordfreq:ro,wordfreq_seeded;deterministically_filtered;structurally_curated
ro,v1,3,2024,2048,soare,soare,soare,unknown,soare,wordfreq:ro,wordfreq_seeded;deterministically_filtered;structurally_curated
ro,v1,3,2025,2049,sportiv,sportiv,sportiv,unknown,sportiv,wordfreq:ro,wordfreq_seeded;deterministically_filtered;structurally_curated
ro,v1,3,2026,2050,tara,tara,tara,unknown,tara,wordfreq:ro,wordfreq_seeded;deterministically_filtered;structurally_curated
ro,v1,3,2027,2051,teatrului,teatrului,teatrului,unknown,teatrului,wordfreq:ro,wordfreq_seeded;deterministically_filtered;structurally_curated
ro,v1,3,2028,2052,up,up,up,unknown,up,wordfreq:ro,wordfreq_seeded;deterministically_filtered;structurally_curated
ro,v1,3,2029,2053,voastre,voastre,voastre,unknown,voastre,wordfreq:ro,wordfreq_seeded;deterministically_filtered;structurally_curated
ro,v1,3,2030,2054,înțelegere,înțelegere,înțelegere,unknown,înțelegere,wordfreq:ro,wordfreq_seeded;deterministically_filtered;structurally_curated
ro,v1,3,2031,2055,știam,știam,știam,unknown,știam,wordfreq:ro,wordfreq_seeded;deterministically_filtered;structurally_curated
ro,v1,3,2032,2056,știut,știut,știut,unknown,știut,wordfreq:ro,wordfreq_seeded;deterministically_filtered;structurally_curated
ro,v1,3,2033,2057,atent,atent,atent,unknown,atent,wordfreq:ro,wordfreq_seeded;deterministically_filtered;structurally_curated
ro,v1,3,2034,2058,carl,carl,carl,unknown,carl,wordfreq:ro,wordfreq_seeded;deterministically_filtered;structurally_curated
ro,v1,3,2035,2059,cateva,cateva,cateva,unknown,cateva,wordfreq:ro,wordfreq_seeded;deterministically_filtered;structurally_curated
ro,v1,3,2036,2060,clădire,clădire,clădire,unknown,clădire,wordfreq:ro,wordfreq_seeded;deterministically_filtered;structurally_curated
ro,v1,3,2037,2061,comunist,comunist,comunist,unknown,comunist,wordfreq:ro,wordfreq_seeded;deterministically_filtered;structurally_curated
ro,v1,3,2038,2062,cursuri,cursuri,cursuri,unknown,cursuri,wordfreq:ro,wordfreq_seeded;deterministically_filtered;structurally_curated
ro,v1,3,2039,2063,dați,dați,dați,unknown,dați,wordfreq:ro,wordfreq_seeded;deterministically_filtered;structurally_curated
ro,v1,3,2040,2064,dinamo,dinamo,dinamo,unknown,dinamo,wordfreq:ro,wordfreq_seeded;deterministically_filtered;structurally_curated
ro,v1,3,2041,2065,document,document,document,unknown,document,wordfreq:ro,wordfreq_seeded;deterministically_filtered;structurally_curated
ro,v1,3,2042,2066,domenii,domenii,domenii,unknown,domenii,wordfreq:ro,wordfreq_seeded;deterministically_filtered;structurally_curated
ro,v1,3,2043,2067,durata,durata,durata,unknown,durata,wordfreq:ro,wordfreq_seeded;deterministically_filtered;structurally_curated
ro,v1,3,2044,2068,favoarea,favoarea,favoarea,unknown,favoarea,wordfreq:ro,wordfreq_seeded;deterministically_filtered;structurally_curated
ro,v1,3,2045,2069,fericire,fericire,fericire,unknown,fericire,wordfreq:ro,wordfreq_seeded;deterministically_filtered;structurally_curated
ro,v1,3,2046,2070,forțele,forțele,forțele,unknown,forțele,wordfreq:ro,wordfreq_seeded;deterministically_filtered;structurally_curated
ro,v1,3,2047,2071,franceză,franceză,franceză,unknown,franceză,wordfreq:ro,wordfreq_seeded;deterministically_filtered;structurally_curated
ro,v1,3,2048,2072,germană,germană,germană,unknown,germană,wordfreq:ro,wordfreq_seeded;deterministically_filtered;structurally_curated
ro,v1,3,2049,2073,gând,gând,gând,unknown,gând,wordfreq:ro,wordfreq_seeded;deterministically_filtered;structurally_curated
ro,v1,3,2050,2074,găsească,găsească,găsească,unknown,găsească,wordfreq:ro,wordfreq_seeded;deterministically_filtered;structurally_curated
ro,v1,3,2051,2075,găsiți,găsiți,găsiți,unknown,găsiți,wordfreq:ro,wordfreq_seeded;deterministically_filtered;structurally_curated
ro,v1,3,2052,2076,imaginea,imaginea,imaginea,unknown,imaginea,wordfreq:ro,wordfreq_seeded;deterministically_filtered;structurally_curated
ro,v1,3,2053,2077,imposibil,imposibil,imposibil,unknown,imposibil,wordfreq:ro,wordfreq_seeded;deterministically_filtered;structurally_curated
ro,v1,3,2054,2078,insula,insula,insula,unknown,insula,wordfreq:ro,wordfreq_seeded;deterministically_filtered;structurally_curated
ro,v1,3,2055,2079,limita,limita,limita,unknown,limita,wordfreq:ro,wordfreq_seeded;deterministically_filtered;structurally_curated
ro,v1,3,2056,2080,lupte,lupte,lupte,unknown,lupte,wordfreq:ro,wordfreq_seeded;deterministically_filtered;structurally_curated
ro,v1,3,2057,2081,management,management,management,unknown,management,wordfreq:ro,wordfreq_seeded;deterministically_filtered;structurally_curated
ro,v1,3,2058,2082,modele,modele,modele,unknown,modele,wordfreq:ro,wordfreq_seeded;deterministically_filtered;structurally_curated
ro,v1,3,2059,2083,noastra,noastra,noastra,unknown,noastra,wordfreq:ro,wordfreq_seeded;deterministically_filtered;structurally_curated
ro,v1,3,2060,2084,oficiale,oficiale,oficiale,unknown,oficiale,wordfreq:ro,wordfreq_seeded;deterministically_filtered;structurally_curated
ro,v1,3,2061,2085,ovidiu,ovidiu,ovidiu,unknown,ovidiu,wordfreq:ro,wordfreq_seeded;deterministically_filtered;structurally_curated
ro,v1,3,2062,2086,popa,popa,popa,unknown,popa,wordfreq:ro,wordfreq_seeded;deterministically_filtered;structurally_curated
ro,v1,3,2063,2087,poze,poze,poze,unknown,poze,wordfreq:ro,wordfreq_seeded;deterministically_filtered;structurally_curated
ro,v1,3,2064,2088,preluat,preluat,preluat,unknown,preluat,wordfreq:ro,wordfreq_seeded;deterministically_filtered;structurally_curated
ro,v1,3,2065,2089,profil,profil,profil,unknown,profil,wordfreq:ro,wordfreq_seeded;deterministically_filtered;structurally_curated
ro,v1,3,2066,2090,puteti,puteti,puteti,unknown,puteti,wordfreq:ro,wordfreq_seeded;deterministically_filtered;structurally_curated
ro,v1,3,2067,2091,raportul,raportul,raportul,unknown,raportul,wordfreq:ro,wordfreq_seeded;deterministically_filtered;structurally_curated
ro,v1,3,2068,2092,regiune,regiune,regiune,unknown,regiune,wordfreq:ro,wordfreq_seeded;deterministically_filtered;structurally_curated
ro,v1,3,2069,2093,rusiei,rusiei,rusiei,unknown,rusiei,wordfreq:ro,wordfreq_seeded;deterministically_filtered;structurally_curated
ro,v1,3,2070,2094,scorul,scorul,scorul,unknown,scorul,wordfreq:ro,wordfreq_seeded;deterministically_filtered;structurally_curated
ro,v1,3,2071,2095,secunde,secunde,secunde,unknown,secunde,wordfreq:ro,wordfreq_seeded;deterministically_filtered;structurally_curated
ro,v1,3,2072,2096,secția,secția,secția,unknown,secția,wordfreq:ro,wordfreq_seeded;deterministically_filtered;structurally_curated
ro,v1,3,2073,2097,similare,similare,similare,unknown,similare,wordfreq:ro,wordfreq_seeded;deterministically_filtered;structurally_curated
ro,v1,3,2074,2098,sir,sir,sir,unknown,sir,wordfreq:ro,wordfreq_seeded;deterministically_filtered;structurally_curated
ro,v1,3,2075,2099,soție,soție,soție,unknown,soție,wordfreq:ro,wordfreq_seeded;deterministically_filtered;structurally_curated
ro,v1,3,2076,2100,specialitate,specialitate,specialitate,unknown,specialitate,wordfreq:ro,wordfreq_seeded;deterministically_filtered;structurally_curated
ro,v1,3,2077,2101,teme,teme,teme,unknown,teme,wordfreq:ro,wordfreq_seeded;deterministically_filtered;structurally_curated
ro,v1,3,2078,2102,temperatura,temperatura,temperatura,unknown,temperatura,wordfreq:ro,wordfreq_seeded;deterministically_filtered;structurally_curated
ro,v1,3,2079,2103,trăi,trăi,trăi,unknown,trăi,wordfreq:ro,wordfreq_seeded;deterministically_filtered;structurally_curated
ro,v1,3,2080,2104,trăiește,trăiește,trăiește,unknown,trăiește,wordfreq:ro,wordfreq_seeded;deterministically_filtered;structurally_curated
ro,v1,3,2081,2105,viteza,viteza,viteza,unknown,viteza,wordfreq:ro,wordfreq_seeded;deterministically_filtered;structurally_curated
ro,v1,3,2082,2106,voastră,voastră,voastră,unknown,voastră,wordfreq:ro,wordfreq_seeded;deterministically_filtered;structurally_curated
ro,v1,3,2083,2107,încet,încet,încet,unknown,încet,wordfreq:ro,wordfreq_seeded;deterministically_filtered;structurally_curated
ro,v1,3,2084,2108,angajați,angajați,angajați,unknown,angajați,wordfreq:ro,wordfreq_seeded;deterministically_filtered;structurally_curated
ro,v1,3,2085,2109,arte,arte,arte,unknown,arte,wordfreq:ro,wordfreq_seeded;deterministically_filtered;structurally_curated
ro,v1,3,2086,2110,arthur,arthur,arthur,unknown,arthur,wordfreq:ro,wordfreq_seeded;deterministically_filtered;structurally_curated
ro,v1,3,2087,2111,atâtea,atâtea,atâtea,unknown,atâtea,wordfreq:ro,wordfreq_seeded;deterministically_filtered;structurally_curated
ro,v1,3,2088,2112,bărbatul,bărbatul,bărbatul,unknown,bărbatul,wordfreq:ro,wordfreq_seeded;deterministically_filtered;structurally_curated
ro,v1,3,2089,2113,cald,cald,cald,unknown,cald,wordfreq:ro,wordfreq_seeded;deterministically_filtered;structurally_curated
ro,v1,3,2090,2114,capacitate,capacitate,capacitate,unknown,capacitate,wordfreq:ro,wordfreq_seeded;deterministically_filtered;structurally_curated
ro,v1,3,2091,2115,cercetări,cercetări,cercetări,unknown,cercetări,wordfreq:ro,wordfreq_seeded;deterministically_filtered;structurally_curated
ro,v1,3,2092,2116,city,city,city,unknown,city,wordfreq:ro,wordfreq_seeded;deterministically_filtered;structurally_curated
ro,v1,3,2093,2117,construcția,construcția,construcția,unknown,construcția,wordfreq:ro,wordfreq_seeded;deterministically_filtered;structurally_curated
ro,v1,3,2094,2118,construcție,construcție,construcție,unknown,construcție,wordfreq:ro,wordfreq_seeded;deterministically_filtered;structurally_curated
ro,v1,3,2095,2119,discutat,discutat,discutat,unknown,discutat,wordfreq:ro,wordfreq_seeded;deterministically_filtered;structurally_curated
ro,v1,3,2096,2120,drepturilor,drepturilor,drepturilor,unknown,drepturilor,wordfreq:ro,wordfreq_seeded;deterministically_filtered;structurally_curated
ro,v1,3,2097,2121,economia,economia,economia,unknown,economia,wordfreq:ro,wordfreq_seeded;deterministically_filtered;structurally_curated
ro,v1,3,2098,2122,etapa,etapa,etapa,unknown,etapa,wordfreq:ro,wordfreq_seeded;deterministically_filtered;structurally_curated
ro,v1,3,2099,2123,fantastic,fantastic,fantastic,unknown,fantastic,wordfreq:ro,wordfreq_seeded;deterministically_filtered;structurally_curated
ro,v1,3,2100,2124,galben,galben,galben,unknown,galben,wordfreq:ro,wordfreq_seeded;deterministically_filtered;structurally_curated
ro,v1,3,2101,2125,grele,grele,grele,unknown,grele,wordfreq:ro,wordfreq_seeded;deterministically_filtered;structurally_curated
ro,v1,3,2102,2126,grija,grija,grija,unknown,grija,wordfreq:ro,wordfreq_seeded;deterministically_filtered;structurally_curated
ro,v1,3,2103,2127,găsești,găsești,găsești,unknown,găsești,wordfreq:ro,wordfreq_seeded;deterministically_filtered;structurally_curated
ro,v1,3,2104,2128,locuitori,locuitori,locuitori,unknown,locuitori,wordfreq:ro,wordfreq_seeded;deterministically_filtered;structurally_curated
ro,v1,3,2105,2129,marian,marian,marian,unknown,marian,wordfreq:ro,wordfreq_seeded;deterministically_filtered;structurally_curated
ro,v1,3,2106,2130,meciuri,meciuri,meciuri,unknown,meciuri,wordfreq:ro,wordfreq_seeded;deterministically_filtered;structurally_curated
ro,v1,3,2107,2131,mișcarea,mișcarea,mișcarea,unknown,mișcarea,wordfreq:ro,wordfreq_seeded;deterministically_filtered;structurally_curated
ro,v1,3,2108,2132,modernă,modernă,modernă,unknown,modernă,wordfreq:ro,wordfreq_seeded;deterministically_filtered;structurally_curated
ro,v1,3,2109,2133,mondiale,mondiale,mondiale,unknown,mondiale,wordfreq:ro,wordfreq_seeded;deterministically_filtered;structurally_curated
ro,v1,3,2110,2134,national,national,national,unknown,national,wordfreq:ro,wordfreq_seeded;deterministically_filtered;structurally_curated
ro,v1,3,2111,2135,petrece,petrece,petrece,unknown,petrece,wordfreq:ro,wordfreq_seeded;deterministically_filtered;structurally_curated
ro,v1,3,2112,2136,politici,politici,politici,unknown,politici,wordfreq:ro,wordfreq_seeded;deterministically_filtered;structurally_curated
ro,v1,3,2113,2137,proprietatea,proprietatea,proprietatea,unknown,proprietatea,wordfreq:ro,wordfreq_seeded;deterministically_filtered;structurally_curated
ro,v1,3,2114,2138,părere,părere,părere,unknown,părere,wordfreq:ro,wordfreq_seeded;deterministically_filtered;structurally_curated
ro,v1,3,2115,2139,refuzat,refuzat,refuzat,unknown,refuzat,wordfreq:ro,wordfreq_seeded;deterministically_filtered;structurally_curated
ro,v1,3,2116,2140,regimul,regimul,regimul,unknown,regimul,wordfreq:ro,wordfreq_seeded;deterministically_filtered;structurally_curated
ro,v1,3,2117,2141,responsabil,responsabil,responsabil,unknown,responsabil,wordfreq:ro,wordfreq_seeded;deterministically_filtered;structurally_curated
ro,v1,3,2118,2142,restaurant,restaurant,restaurant,unknown,restaurant,wordfreq:ro,wordfreq_seeded;deterministically_filtered;structurally_curated
ro,v1,3,2119,2143,românii,românii,românii,unknown,românii,wordfreq:ro,wordfreq_seeded;deterministically_filtered;structurally_curated
ro,v1,3,2120,2144,soarele,soarele,soarele,unknown,soarele,wordfreq:ro,wordfreq_seeded;deterministically_filtered;structurally_curated
ro,v1,3,2121,2145,soarelui,soarelui,soarelui,unknown,soarelui,wordfreq:ro,wordfreq_seeded;deterministically_filtered;structurally_curated
ro,v1,3,2122,2146,sticlă,sticlă,sticlă,unknown,sticlă,wordfreq:ro,wordfreq_seeded;deterministically_filtered;structurally_curated
ro,v1,3,2123,2147,subiect,subiect,subiect,unknown,subiect,wordfreq:ro,wordfreq_seeded;deterministically_filtered;structurally_curated
ro,v1,3,2124,2148,termină,termină,termină,unknown,termină,wordfreq:ro,wordfreq_seeded;deterministically_filtered;structurally_curated
ro,v1,3,2125,2149,transformat,transformat,transformat,unknown,transformat,wordfreq:ro,wordfreq_seeded;deterministically_filtered;structurally_curated
ro,v1,3,2126,2150,tânără,tânără,tânără,unknown,tânără,wordfreq:ro,wordfreq_seeded;deterministically_filtered;structurally_curated
ro,v1,3,2127,2151,uman,uman,uman,unknown,uman,wordfreq:ro,wordfreq_seeded;deterministically_filtered;structurally_curated
ro,v1,3,2128,2152,vocea,vocea,vocea,unknown,vocea,wordfreq:ro,wordfreq_seeded;deterministically_filtered;structurally_curated
ro,v1,3,2129,2153,înființarea,înființarea,înființarea,unknown,înființarea,wordfreq:ro,wordfreq_seeded;deterministically_filtered;structurally_curated
ro,v1,3,2130,2154,anumită,anumită,anumită,unknown,anumită,wordfreq:ro,wordfreq_seeded;deterministically_filtered;structurally_curated
ro,v1,3,2131,2155,conținut,conținut,conținut,unknown,conținut,wordfreq:ro,wordfreq_seeded;deterministically_filtered;structurally_curated
ro,v1,3,2132,2156,cupa,cupa,cupa,unknown,cupa,wordfreq:ro,wordfreq_seeded;deterministically_filtered;structurally_curated
ro,v1,3,2133,2157,căpitanul,căpitanul,căpitanul,unknown,căpitanul,wordfreq:ro,wordfreq_seeded;deterministically_filtered;structurally_curated
ro,v1,3,2134,2158,căutat,căutat,căutat,unknown,căutat,wordfreq:ro,wordfreq_seeded;deterministically_filtered;structurally_curated
ro,v1,3,2135,2159,durerea,durerea,durerea,unknown,durerea,wordfreq:ro,wordfreq_seeded;deterministically_filtered;structurally_curated
ro,v1,3,2136,2160,electric,electric,electric,unknown,electric,wordfreq:ro,wordfreq_seeded;deterministically_filtered;structurally_curated
ro,v1,3,2137,2161,element,element,element,unknown,element,wordfreq:ro,wordfreq_seeded;deterministically_filtered;structurally_curated
ro,v1,3,2138,2162,eugen,eugen,eugen,unknown,eugen,wordfreq:ro,wordfreq_seeded;deterministically_filtered;structurally_curated
ro,v1,3,2139,2163,filmului,filmului,filmului,unknown,filmului,wordfreq:ro,wordfreq_seeded;deterministically_filtered;structurally_curated
ro,v1,3,2140,2164,grav,grav,grav,unknown,grav,wordfreq:ro,wordfreq_seeded;deterministically_filtered;structurally_curated
ro,v1,3,2141,2165,inceput,inceput,inceput,unknown,inceput,wordfreq:ro,wordfreq_seeded;deterministically_filtered;structurally_curated
ro,v1,3,2142,2166,institutului,institutului,institutului,unknown,institutului,wordfreq:ro,wordfreq_seeded;deterministically_filtered;structurally_curated
ro,v1,3,2143,2167,instrumente,instrumente,instrumente,unknown,instrumente,wordfreq:ro,wordfreq_seeded;deterministically_filtered;structurally_curated
ro,v1,3,2144,2168,liderul,liderul,liderul,unknown,liderul,wordfreq:ro,wordfreq_seeded;deterministically_filtered;structurally_curated
ro,v1,3,2145,2169,limbi,limbi,limbi,unknown,limbi,wordfreq:ro,wordfreq_seeded;deterministically_filtered;structurally_curated
ro,v1,3,2146,2170,localitate,localitate,localitate,unknown,localitate,wordfreq:ro,wordfreq_seeded;deterministically_filtered;structurally_curated
ro,v1,3,2147,2171,medici,medici,medici,unknown,medici,wordfreq:ro,wordfreq_seeded;deterministically_filtered;structurally_curated
ro,v1,3,2148,2172,mediului,mediului,mediului,unknown,mediului,wordfreq:ro,wordfreq_seeded;deterministically_filtered;structurally_curated
ro,v1,3,2149,2173,mergem,mergem,mergem,unknown,mergem,wordfreq:ro,wordfreq_seeded;deterministically_filtered;structurally_curated
ro,v1,3,2150,2174,naturii,naturii,naturii,unknown,naturii,wordfreq:ro,wordfreq_seeded;deterministically_filtered;structurally_curated
ro,v1,3,2151,2175,noii,noii,noii,unknown,noii,wordfreq:ro,wordfreq_seeded;deterministically_filtered;structurally_curated
ro,v1,3,2152,2176,numărului,numărului,numărului,unknown,numărului,wordfreq:ro,wordfreq_seeded;deterministically_filtered;structurally_curated
ro,v1,3,2153,2177,organizate,organizate,organizate,unknown,organizate,wordfreq:ro,wordfreq_seeded;deterministically_filtered;structurally_curated
ro,v1,3,2154,2178,organizația,organizația,organizația,unknown,organizația,wordfreq:ro,wordfreq_seeded;deterministically_filtered;structurally_curated
ro,v1,3,2155,2179,principală,principală,principală,unknown,principală,wordfreq:ro,wordfreq_seeded;deterministically_filtered;structurally_curated
ro,v1,3,2156,2180,părțile,părțile,părțile,unknown,părțile,wordfreq:ro,wordfreq_seeded;deterministically_filtered;structurally_curated
ro,v1,3,2157,2181,păstrează,păstrează,păstrează,unknown,păstrează,wordfreq:ro,wordfreq_seeded;deterministically_filtered;structurally_curated
ro,v1,3,2158,2182,relativ,relativ,relativ,unknown,relativ,wordfreq:ro,wordfreq_seeded;deterministically_filtered;structurally_curated
ro,v1,3,2159,2183,religioase,religioase,religioase,unknown,religioase,wordfreq:ro,wordfreq_seeded;deterministically_filtered;structurally_curated
ro,v1,3,2160,2184,ridicată,ridicată,ridicată,unknown,ridicată,wordfreq:ro,wordfreq_seeded;deterministically_filtered;structurally_curated
ro,v1,3,2161,2185,slab,slab,slab,unknown,slab,wordfreq:ro,wordfreq_seeded;deterministically_filtered;structurally_curated
ro,v1,3,2162,2186,tehnice,tehnice,tehnice,unknown,tehnice,wordfreq:ro,wordfreq_seeded;deterministically_filtered;structurally_curated
ro,v1,3,2163,2187,tone,tone,tone,unknown,tone,wordfreq:ro,wordfreq_seeded;deterministically_filtered;structurally_curated
ro,v1,3,2164,2188,tradiționale,tradiționale,tradiționale,unknown,tradiționale,wordfreq:ro,wordfreq_seeded;deterministically_filtered;structurally_curated
ro,v1,3,2165,2189,urmând,urmând,urmând,unknown,urmând,wordfreq:ro,wordfreq_seeded;deterministically_filtered;structurally_curated
ro,v1,3,2166,2190,vazut,vazut,vazut,unknown,vazut,wordfreq:ro,wordfreq_seeded;deterministically_filtered;structurally_curated
ro,v1,3,2167,2191,victorie,victorie,victorie,unknown,victorie,wordfreq:ro,wordfreq_seeded;deterministically_filtered;structurally_curated
ro,v1,3,2168,2192,vina,vina,vina,unknown,vina,wordfreq:ro,wordfreq_seeded;deterministically_filtered;structurally_curated
ro,v1,3,2169,2193,vostru,vostru,vostru,unknown,vostru,wordfreq:ro,wordfreq_seeded;deterministically_filtered;structurally_curated
ro,v1,3,2170,2194,voturi,voturi,voturi,unknown,voturi,wordfreq:ro,wordfreq_seeded;deterministically_filtered;structurally_curated
ro,v1,3,2171,2195,weekend,weekend,weekend,unknown,weekend,wordfreq:ro,wordfreq_seeded;deterministically_filtered;structurally_curated
ro,v1,3,2172,2196,întreg,întreg,întreg,unknown,întreg,wordfreq:ro,wordfreq_seeded;deterministically_filtered;structurally_curated
ro,v1,3,2173,2197,șansa,șansa,șansa,unknown,șansa,wordfreq:ro,wordfreq_seeded;deterministically_filtered;structurally_curated
ro,v1,3,2174,2198,actual,actual,actual,unknown,actual,wordfreq:ro,wordfreq_seeded;deterministically_filtered;structurally_curated
ro,v1,3,2175,2199,adăugat,adăugat,adăugat,unknown,adăugat,wordfreq:ro,wordfreq_seeded;deterministically_filtered;structurally_curated
ro,v1,3,2176,2200,aflăm,aflăm,aflăm,unknown,aflăm,wordfreq:ro,wordfreq_seeded;deterministically_filtered;structurally_curated
ro,v1,3,2177,2201,amintesc,amintesc,amintesc,unknown,amintesc,wordfreq:ro,wordfreq_seeded;deterministically_filtered;structurally_curated
ro,v1,3,2178,2202,analiza,analiza,analiza,unknown,analiza,wordfreq:ro,wordfreq_seeded;deterministically_filtered;structurally_curated
ro,v1,3,2179,2203,asigura,asigura,asigura,unknown,asigura,wordfreq:ro,wordfreq_seeded;deterministically_filtered;structurally_curated
ro,v1,3,2180,2204,autoritatea,autoritatea,autoritatea,unknown,autoritatea,wordfreq:ro,wordfreq_seeded;deterministically_filtered;structurally_curated
ro,v1,3,2181,2205,banca,banca,banca,unknown,banca,wordfreq:ro,wordfreq_seeded;deterministically_filtered;structurally_curated
ro,v1,3,2182,2206,bogat,bogat,bogat,unknown,bogat,wordfreq:ro,wordfreq_seeded;deterministically_filtered;structurally_curated
ro,v1,3,2183,2207,bruxelles,bruxelles,bruxelles,unknown,bruxelles,wordfreq:ro,wordfreq_seeded;deterministically_filtered;structurally_curated
ro,v1,3,2184,2208,completă,completă,completă,unknown,completă,wordfreq:ro,wordfreq_seeded;deterministically_filtered;structurally_curated
ro,v1,3,2185,2209,conducere,conducere,conducere,unknown,conducere,wordfreq:ro,wordfreq_seeded;deterministically_filtered;structurally_curated
ro,v1,3,2186,2210,conformitate,conformitate,conformitate,unknown,conformitate,wordfreq:ro,wordfreq_seeded;deterministically_filtered;structurally_curated
ro,v1,3,2187,2211,conțin,conțin,conțin,unknown,conțin,wordfreq:ro,wordfreq_seeded;deterministically_filtered;structurally_curated
ro,v1,3,2188,2212,curat,curat,curat,unknown,curat,wordfreq:ro,wordfreq_seeded;deterministically_filtered;structurally_curated
ro,v1,3,2189,2213,dosarul,dosarul,dosarul,unknown,dosarul,wordfreq:ro,wordfreq_seeded;deterministically_filtered;structurally_curated
ro,v1,3,2190,2214,dreaptă,dreaptă,dreaptă,unknown,dreaptă,wordfreq:ro,wordfreq_seeded;deterministically_filtered;structurally_curated
ro,v1,3,2191,2215,dulce,dulce,dulce,unknown,dulce,wordfreq:ro,wordfreq_seeded;deterministically_filtered;structurally_curated
ro,v1,3,2192,2216,festival,festival,festival,unknown,festival,wordfreq:ro,wordfreq_seeded;deterministically_filtered;structurally_curated
ro,v1,3,2193,2217,fier,fier,fier,unknown,fier,wordfreq:ro,wordfreq_seeded;deterministically_filtered;structurally_curated
ro,v1,3,2194,2218,fiți,fiți,fiți,unknown,fiți,wordfreq:ro,wordfreq_seeded;deterministically_filtered;structurally_curated
ro,v1,3,2195,2219,flori,flori,flori,unknown,flori,wordfreq:ro,wordfreq_seeded;deterministically_filtered;structurally_curated
ro,v1,3,2196,2220,giurgiu,giurgiu,giurgiu,unknown,giurgiu,wordfreq:ro,wordfreq_seeded;deterministically_filtered;structurally_curated
ro,v1,3,2197,2221,gust,gust,gust,unknown,gust,wordfreq:ro,wordfreq_seeded;deterministically_filtered;structurally_curated
ro,v1,3,2198,2222,hunedoara,hunedoara,hunedoara,unknown,hunedoara,wordfreq:ro,wordfreq_seeded;deterministically_filtered;structurally_curated
ro,v1,3,2199,2223,incluse,incluse,incluse,unknown,incluse,wordfreq:ro,wordfreq_seeded;deterministically_filtered;structurally_curated
ro,v1,3,2200,2224,independent,independent,independent,unknown,independent,wordfreq:ro,wordfreq_seeded;deterministically_filtered;structurally_curated
ro,v1,3,2201,2225,locurile,locurile,locurile,unknown,locurile,wordfreq:ro,wordfreq_seeded;deterministically_filtered;structurally_curated
ro,v1,3,2202,2226,lucrărilor,lucrărilor,lucrărilor,unknown,lucrărilor,wordfreq:ro,wordfreq_seeded;deterministically_filtered;structurally_curated
ro,v1,3,2203,2227,lungime,lungime,lungime,unknown,lungime,wordfreq:ro,wordfreq_seeded;deterministically_filtered;structurally_curated
ro,v1,3,2204,2228,major,major,major,unknown,major,wordfreq:ro,wordfreq_seeded;deterministically_filtered;structurally_curated
ro,v1,3,2205,2229,malul,malul,malul,unknown,malul,wordfreq:ro,wordfreq_seeded;deterministically_filtered;structurally_curated
ro,v1,3,2206,2230,maxim,maxim,maxim,unknown,maxim,wordfreq:ro,wordfreq_seeded;deterministically_filtered;structurally_curated
ro,v1,3,2207,2231,memoria,memoria,memoria,unknown,memoria,wordfreq:ro,wordfreq_seeded;deterministically_filtered;structurally_curated
ro,v1,3,2208,2232,moare,moare,moare,unknown,moare,wordfreq:ro,wordfreq_seeded;deterministically_filtered;structurally_curated
ro,v1,3,2209,2233,mării,mării,mării,unknown,mării,wordfreq:ro,wordfreq_seeded;deterministically_filtered;structurally_curated
ro,v1,3,2210,2234,măsuri,măsuri,măsuri,unknown,măsuri,wordfreq:ro,wordfreq_seeded;deterministically_filtered;structurally_curated
ro,v1,3,2211,2235,navă,navă,navă,unknown,navă,wordfreq:ro,wordfreq_seeded;deterministically_filtered;structurally_curated
ro,v1,3,2212,2236,obișnuit,obișnuit,obișnuit,unknown,obișnuit,wordfreq:ro,wordfreq_seeded;deterministically_filtered;structurally_curated
ro,v1,3,2213,2237,organizată,organizată,organizată,unknown,organizată,wordfreq:ro,wordfreq_seeded;deterministically_filtered;structurally_curated
ro,v1,3,2214,2238,oriunde,oriunde,oriunde,unknown,oriunde,wordfreq:ro,wordfreq_seeded;deterministically_filtered;structurally_curated
ro,v1,3,2215,2239,preot,preot,preot,unknown,preot,wordfreq:ro,wordfreq_seeded;deterministically_filtered;structurally_curated
ro,v1,3,2216,2240,preț,preț,preț,unknown,preț,wordfreq:ro,wordfreq_seeded;deterministically_filtered;structurally_curated
ro,v1,3,2217,2241,purtat,purtat,purtat,unknown,purtat,wordfreq:ro,wordfreq_seeded;deterministically_filtered;structurally_curated
ro,v1,3,2218,2242,puterii,puterii,puterii,unknown,puterii,wordfreq:ro,wordfreq_seeded;deterministically_filtered;structurally_curated
ro,v1,3,2219,2243,realitate,realitate,realitate,unknown,realitate,wordfreq:ro,wordfreq_seeded;deterministically_filtered;structurally_curated
ro,v1,3,2220,2244,reală,reală,reală,unknown,reală,wordfreq:ro,wordfreq_seeded;deterministically_filtered;structurally_curated
ro,v1,3,2221,2245,redus,redus,redus,unknown,redus,wordfreq:ro,wordfreq_seeded;deterministically_filtered;structurally_curated
ro,v1,3,2222,2246,risc,risc,risc,unknown,risc,wordfreq:ro,wordfreq_seeded;deterministically_filtered;structurally_curated
ro,v1,3,2223,2247,schimbare,schimbare,schimbare,unknown,schimbare,wordfreq:ro,wordfreq_seeded;deterministically_filtered;structurally_curated
ro,v1,3,2224,2248,schimbarea,schimbarea,schimbarea,unknown,schimbarea,wordfreq:ro,wordfreq_seeded;deterministically_filtered;structurally_curated
ro,v1,3,2225,2249,scrisoare,scrisoare,scrisoare,unknown,scrisoare,wordfreq:ro,wordfreq_seeded;deterministically_filtered;structurally_curated
ro,v1,3,2226,2250,sexy,sexy,sexy,unknown,sexy,wordfreq:ro,wordfreq_seeded;deterministically_filtered;structurally_curated
ro,v1,3,2227,2251,simon,simon,simon,unknown,simon,wordfreq:ro,wordfreq_seeded;deterministically_filtered;structurally_curated
ro,v1,3,2228,2252,sincer,sincer,sincer,unknown,sincer,wordfreq:ro,wordfreq_seeded;deterministically_filtered;structurally_curated
ro,v1,3,2229,2253,somn,somn,somn,unknown,somn,wordfreq:ro,wordfreq_seeded;deterministically_filtered;structurally_curated
ro,v1,3,2230,2254,superioară,superioară,superioară,unknown,superioară,wordfreq:ro,wordfreq_seeded;deterministically_filtered;structurally_curated
ro,v1,3,2231,2255,sută,sută,sută,unknown,sută,wordfreq:ro,wordfreq_seeded;deterministically_filtered;structurally_curated
ro,v1,3,2232,2256,tema,tema,tema,unknown,tema,wordfreq:ro,wordfreq_seeded;deterministically_filtered;structurally_curated
ro,v1,3,2233,2257,totdeauna,totdeauna,totdeauna,unknown,totdeauna,wordfreq:ro,wordfreq_seeded;deterministically_filtered;structurally_curated
ro,v1,3,2234,2258,turistice,turistice,turistice,unknown,turistice,wordfreq:ro,wordfreq_seeded;deterministically_filtered;structurally_curated
ro,v1,3,2235,2259,următor,următor,următor,unknown,următor,wordfreq:ro,wordfreq_seeded;deterministically_filtered;structurally_curated
ro,v1,3,2236,2260,șansă,șansă,șansă,unknown,șansă,wordfreq:ro,wordfreq_seeded;deterministically_filtered;structurally_curated
ro,v1,3,2237,2261,apărării,apărării,apărării,unknown,apărării,wordfreq:ro,wordfreq_seeded;deterministically_filtered;structurally_curated
ro,v1,3,2238,2262,armatei,armatei,armatei,unknown,armatei,wordfreq:ro,wordfreq_seeded;deterministically_filtered;structurally_curated
ro,v1,3,2239,2263,bucătărie,bucătărie,bucătărie,unknown,bucătărie,wordfreq:ro,wordfreq_seeded;deterministically_filtered;structurally_curated
ro,v1,3,2240,2264,cariera,cariera,cariera,unknown,cariera,wordfreq:ro,wordfreq_seeded;deterministically_filtered;structurally_curated
ro,v1,3,2241,2265,categorie,categorie,categorie,unknown,categorie,wordfreq:ro,wordfreq_seeded;deterministically_filtered;structurally_curated
ro,v1,3,2242,2266,cetatea,cetatea,cetatea,unknown,cetatea,wordfreq:ro,wordfreq_seeded;deterministically_filtered;structurally_curated
ro,v1,3,2243,2267,chicago,chicago,chicago,unknown,chicago,wordfreq:ro,wordfreq_seeded;deterministically_filtered;structurally_curated
ro,v1,3,2244,2268,clădirea,clădirea,clădirea,unknown,clădirea,wordfreq:ro,wordfreq_seeded;deterministically_filtered;structurally_curated
ro,v1,3,2245,2269,clădiri,clădiri,clădiri,unknown,clădiri,wordfreq:ro,wordfreq_seeded;deterministically_filtered;structurally_curated
ro,v1,3,2246,2270,complex,complex,complex,unknown,complex,wordfreq:ro,wordfreq_seeded;deterministically_filtered;structurally_curated
ro,v1,3,2247,2271,conflict,conflict,conflict,unknown,conflict,wordfreq:ro,wordfreq_seeded;deterministically_filtered;structurally_curated
ro,v1,3,2248,2272,câștiga,câștiga,câștiga,unknown,câștiga,wordfreq:ro,wordfreq_seeded;deterministically_filtered;structurally_curated
ro,v1,3,2249,2273,dezvoltării,dezvoltării,dezvoltării,unknown,dezvoltării,wordfreq:ro,wordfreq_seeded;deterministically_filtered;structurally_curated
ro,v1,3,2250,2274,dorește,dorește,dorește,unknown,dorește,wordfreq:ro,wordfreq_seeded;deterministically_filtered;structurally_curated
ro,v1,3,2251,2275,durată,durată,durată,unknown,durată,wordfreq:ro,wordfreq_seeded;deterministically_filtered;structurally_curated
ro,v1,3,2252,2276,eliberat,eliberat,eliberat,unknown,eliberat,wordfreq:ro,wordfreq_seeded;deterministically_filtered;structurally_curated
ro,v1,3,2253,2277,energia,energia,energia,unknown,energia,wordfreq:ro,wordfreq_seeded;deterministically_filtered;structurally_curated
ro,v1,3,2254,2278,exclusiv,exclusiv,exclusiv,unknown,exclusiv,wordfreq:ro,wordfreq_seeded;deterministically_filtered;structurally_curated
ro,v1,3,2255,2279,expoziția,expoziția,expoziția,unknown,expoziția,wordfreq:ro,wordfreq_seeded;deterministically_filtered;structurally_curated
ro,v1,3,2256,2280,fetele,fetele,fetele,unknown,fetele,wordfreq:ro,wordfreq_seeded;deterministically_filtered;structurally_curated
ro,v1,3,2257,2281,finala,finala,finala,unknown,finala,wordfreq:ro,wordfreq_seeded;deterministically_filtered;structurally_curated
ro,v1,3,2258,2282,financiar,financiar,financiar,unknown,financiar,wordfreq:ro,wordfreq_seeded;deterministically_filtered;structurally_curated
ro,v1,3,2259,2283,fotografii,fotografii,fotografii,unknown,fotografii,wordfreq:ro,wordfreq_seeded;deterministically_filtered;structurally_curated
ro,v1,3,2260,2284,fundația,fundația,fundația,unknown,fundația,wordfreq:ro,wordfreq_seeded;deterministically_filtered;structurally_curated
ro,v1,3,2261,2285,generalul,generalul,generalul,unknown,generalul,wordfreq:ro,wordfreq_seeded;deterministically_filtered;structurally_curated
ro,v1,3,2262,2286,iese,iese,iese,unknown,iese,wordfreq:ro,wordfreq_seeded;deterministically_filtered;structurally_curated
ro,v1,3,2263,2287,importanță,importanță,importanță,unknown,importanță,wordfreq:ro,wordfreq_seeded;deterministically_filtered;structurally_curated
ro,v1,3,2264,2288,intrare,intrare,intrare,unknown,intrare,wordfreq:ro,wordfreq_seeded;deterministically_filtered;structurally_curated
ro,v1,3,2265,2289,județ,județ,județ,unknown,județ,wordfreq:ro,wordfreq_seeded;deterministically_filtered;structurally_curated
ro,v1,3,2266,2290,ligii,ligii,ligii,unknown,ligii,wordfreq:ro,wordfreq_seeded;deterministically_filtered;structurally_curated
ro,v1,3,2267,2291,literatură,literatură,literatură,unknown,literatură,wordfreq:ro,wordfreq_seeded;deterministically_filtered;structurally_curated
ro,v1,3,2268,2292,locuitorii,locuitorii,locuitorii,unknown,locuitorii,wordfreq:ro,wordfreq_seeded;deterministically_filtered;structurally_curated
ro,v1,3,2269,2293,louis,louis,louis,unknown,louis,wordfreq:ro,wordfreq_seeded;deterministically_filtered;structurally_curated
ro,v1,3,2270,2294,maicii,maicii,maicii,unknown,maicii,wordfreq:ro,wordfreq_seeded;deterministically_filtered;structurally_curated
ro,v1,3,2271,2295,mergi,mergi,mergi,unknown,mergi,wordfreq:ro,wordfreq_seeded;deterministically_filtered;structurally_curated
ro,v1,3,2272,2296,mica,mica,mica,unknown,mica,wordfreq:ro,wordfreq_seeded;deterministically_filtered;structurally_curated
ro,v1,3,2273,2297,news,news,news,unknown,news,wordfreq:ro,wordfreq_seeded;deterministically_filtered;structurally_curated
ro,v1,3,2274,2298,partide,partide,partide,unknown,partide,wordfreq:ro,wordfreq_seeded;deterministically_filtered;structurally_curated
ro,v1,3,2275,2299,polițiști,polițiști,polițiști,unknown,polițiști,wordfreq:ro,wordfreq_seeded;deterministically_filtered;structurally_curated
ro,v1,3,2276,2300,primei,primei,primei,unknown,primei,wordfreq:ro,wordfreq_seeded;deterministically_filtered;structurally_curated
ro,v1,3,2277,2301,programului,programului,programului,unknown,programului,wordfreq:ro,wordfreq_seeded;deterministically_filtered;structurally_curated
ro,v1,3,2278,2302,regia,regia,regia,unknown,regia,wordfreq:ro,wordfreq_seeded;deterministically_filtered;structurally_curated
ro,v1,3,2279,2303,satului,satului,satului,unknown,satului,wordfreq:ro,wordfreq_seeded;deterministically_filtered;structurally_curated
ro,v1,3,2280,2304,secrete,secrete,secrete,unknown,secrete,wordfreq:ro,wordfreq_seeded;deterministically_filtered;structurally_curated
ro,v1,3,2281,2305,secțiunea,secțiunea,secțiunea,unknown,secțiunea,wordfreq:ro,wordfreq_seeded;deterministically_filtered;structurally_curated
ro,v1,3,2282,2306,slujba,slujba,slujba,unknown,slujba,wordfreq:ro,wordfreq_seeded;deterministically_filtered;structurally_curated
ro,v1,3,2283,2307,străini,străini,străini,unknown,străini,wordfreq:ro,wordfreq_seeded;deterministically_filtered;structurally_curated
ro,v1,3,2284,2308,suma,suma,suma,unknown,suma,wordfreq:ro,wordfreq_seeded;deterministically_filtered;structurally_curated
ro,v1,3,2285,2309,tratamentul,tratamentul,tratamentul,unknown,tratamentul,wordfreq:ro,wordfreq_seeded;deterministically_filtered;structurally_curated
ro,v1,3,2286,2310,unirii,unirii,unirii,unknown,unirii,wordfreq:ro,wordfreq_seeded;deterministically_filtered;structurally_curated
ro,v1,3,2287,2311,vie,vie,vie,unknown,vie,wordfreq:ro,wordfreq_seeded;deterministically_filtered;structurally_curated
ro,v1,3,2288,2312,vineri,vineri,vineri,unknown,vineri,wordfreq:ro,wordfreq_seeded;deterministically_filtered;structurally_curated
ro,v1,3,2289,2313,viu,viu,viu,unknown,viu,wordfreq:ro,wordfreq_seeded;deterministically_filtered;structurally_curated
ro,v1,3,2290,2314,vorbă,vorbă,vorbă,unknown,vorbă,wordfreq:ro,wordfreq_seeded;deterministically_filtered;structurally_curated
ro,v1,3,2291,2315,știa,știa,știa,unknown,știa,wordfreq:ro,wordfreq_seeded;deterministically_filtered;structurally_curated
ro,v1,3,2292,2316,afacere,afacere,afacere,unknown,afacere,wordfreq:ro,wordfreq_seeded;deterministically_filtered;structurally_curated
ro,v1,3,2293,2317,albastru,albastru,albastru,unknown,albastru,wordfreq:ro,wordfreq_seeded;deterministically_filtered;structurally_curated
ro,v1,3,2294,2318,americană,americană,americană,unknown,americană,wordfreq:ro,wordfreq_seeded;deterministically_filtered;structurally_curated
ro,v1,3,2295,2319,anumit,anumit,anumit,unknown,anumit,wordfreq:ro,wordfreq_seeded;deterministically_filtered;structurally_curated
ro,v1,3,2296,2320,argint,argint,argint,unknown,argint,wordfreq:ro,wordfreq_seeded;deterministically_filtered;structurally_curated
ro,v1,3,2297,2321,bărbații,bărbații,bărbații,unknown,bărbații,wordfreq:ro,wordfreq_seeded;deterministically_filtered;structurally_curated
ro,v1,3,2298,2322,capitală,capitală,capitală,unknown,capitală,wordfreq:ro,wordfreq_seeded;deterministically_filtered;structurally_curated
ro,v1,3,2299,2323,centre,centre,centre,unknown,centre,wordfreq:ro,wordfreq_seeded;deterministically_filtered;structurally_curated
ro,v1,3,2300,2324,clasă,clasă,clasă,unknown,clasă,wordfreq:ro,wordfreq_seeded;deterministically_filtered;structurally_curated
ro,v1,3,2301,2325,comandă,comandă,comandă,unknown,comandă,wordfreq:ro,wordfreq_seeded;deterministically_filtered;structurally_curated
ro,v1,3,2302,2326,concurs,concurs,concurs,unknown,concurs,wordfreq:ro,wordfreq_seeded;deterministically_filtered;structurally_curated
ro,v1,3,2303,2327,considerată,considerată,considerată,unknown,considerată,wordfreq:ro,wordfreq_seeded;deterministically_filtered;structurally_curated
ro,v1,3,2304,2328,crea,crea,crea,unknown,crea,wordfreq:ro,wordfreq_seeded;deterministically_filtered;structurally_curated
ro,v1,3,2305,2329,creștin,creștin,creștin,unknown,creștin,wordfreq:ro,wordfreq_seeded;deterministically_filtered;structurally_curated
ro,v1,3,2306,2330,dacia,dacia,dacia,unknown,dacia,wordfreq:ro,wordfreq_seeded;deterministically_filtered;structurally_curated
ro,v1,3,2307,2331,decenii,decenii,decenii,unknown,decenii,wordfreq:ro,wordfreq_seeded;deterministically_filtered;structurally_curated
ro,v1,3,2308,2332,distribuție,distribuție,distribuție,unknown,distribuție,wordfreq:ro,wordfreq_seeded;deterministically_filtered;structurally_curated
ro,v1,3,2309,2333,efecte,efecte,efecte,unknown,efecte,wordfreq:ro,wordfreq_seeded;deterministically_filtered;structurally_curated
ro,v1,3,2310,2334,elementele,elementele,elementele,unknown,elementele,wordfreq:ro,wordfreq_seeded;deterministically_filtered;structurally_curated
ro,v1,3,2311,2335,emil,emil,emil,unknown,emil,wordfreq:ro,wordfreq_seeded;deterministically_filtered;structurally_curated
ro,v1,3,2312,2336,faca,faca,faca,unknown,faca,wordfreq:ro,wordfreq_seeded;deterministically_filtered;structurally_curated
ro,v1,3,2313,2337,fosta,fosta,fosta,unknown,fosta,wordfreq:ro,wordfreq_seeded;deterministically_filtered;structurally_curated
ro,v1,3,2314,2338,iasă,iasă,iasă,unknown,iasă,wordfreq:ro,wordfreq_seeded;deterministically_filtered;structurally_curated
ro,v1,3,2315,2339,implică,implică,implică,unknown,implică,wordfreq:ro,wordfreq_seeded;deterministically_filtered;structurally_curated
ro,v1,3,2316,2340,joe,joe,joe,unknown,joe,wordfreq:ro,wordfreq_seeded;deterministically_filtered;structurally_curated
ro,v1,3,2317,2341,medicală,medicală,medicală,unknown,medicală,wordfreq:ro,wordfreq_seeded;deterministically_filtered;structurally_curated
ro,v1,3,2318,2342,metodă,metodă,metodă,unknown,metodă,wordfreq:ro,wordfreq_seeded;deterministically_filtered;structurally_curated
ro,v1,3,2319,2343,militari,militari,militari,unknown,militari,wordfreq:ro,wordfreq_seeded;deterministically_filtered;structurally_curated
ro,v1,3,2320,2344,motor,motor,motor,unknown,motor,wordfreq:ro,wordfreq_seeded;deterministically_filtered;structurally_curated
ro,v1,3,2321,2345,permanent,permanent,permanent,unknown,permanent,wordfreq:ro,wordfreq_seeded;deterministically_filtered;structurally_curated
ro,v1,3,2322,2346,personaje,personaje,personaje,unknown,personaje,wordfreq:ro,wordfreq_seeded;deterministically_filtered;structurally_curated
ro,v1,3,2323,2347,plece,plece,plece,unknown,plece,wordfreq:ro,wordfreq_seeded;deterministically_filtered;structurally_curated
ro,v1,3,2324,2348,pornit,pornit,pornit,unknown,pornit,wordfreq:ro,wordfreq_seeded;deterministically_filtered;structurally_curated
ro,v1,3,2325,2349,pregătește,pregătește,pregătește,unknown,pregătește,wordfreq:ro,wordfreq_seeded;deterministically_filtered;structurally_curated
ro,v1,3,2326,2350,purta,purta,purta,unknown,purta,wordfreq:ro,wordfreq_seeded;deterministically_filtered;structurally_curated
ro,v1,3,2327,2351,recunosc,recunosc,recunosc,unknown,recunosc,wordfreq:ro,wordfreq_seeded;deterministically_filtered;structurally_curated
ro,v1,3,2328,2352,referitoare,referitoare,referitoare,unknown,referitoare,wordfreq:ro,wordfreq_seeded;deterministically_filtered;structurally_curated
ro,v1,3,2329,2353,sorin,sorin,sorin,unknown,sorin,wordfreq:ro,wordfreq_seeded;deterministically_filtered;structurally_curated
ro,v1,3,2330,2354,spitalul,spitalul,spitalul,unknown,spitalul,wordfreq:ro,wordfreq_seeded;deterministically_filtered;structurally_curated
ro,v1,3,2331,2355,stai,stai,stai,unknown,stai,wordfreq:ro,wordfreq_seeded;deterministically_filtered;structurally_curated
ro,v1,3,2332,2356,succesul,succesul,succesul,unknown,succesul,wordfreq:ro,wordfreq_seeded;deterministically_filtered;structurally_curated
ro,v1,3,2333,2357,superioare,superioare,superioare,unknown,superioare,wordfreq:ro,wordfreq_seeded;deterministically_filtered;structurally_curated
ro,v1,3,2334,2358,team,team,team,unknown,team,wordfreq:ro,wordfreq_seeded;deterministically_filtered;structurally_curated
ro,v1,3,2335,2359,termeni,termeni,termeni,unknown,termeni,wordfreq:ro,wordfreq_seeded;deterministically_filtered;structurally_curated
ro,v1,3,2336,2360,uită,uită,uită,unknown,uită,wordfreq:ro,wordfreq_seeded;deterministically_filtered;structurally_curated
ro,v1,3,2337,2361,urmărit,urmărit,urmărit,unknown,urmărit,wordfreq:ro,wordfreq_seeded;deterministically_filtered;structurally_curated
ro,v1,3,2338,2362,ușoară,ușoară,ușoară,unknown,ușoară,wordfreq:ro,wordfreq_seeded;deterministically_filtered;structurally_curated
ro,v1,3,2339,2363,înalte,înalte,înalte,unknown,înalte,wordfreq:ro,wordfreq_seeded;deterministically_filtered;structurally_curated
ro,v1,3,2340,2364,accesul,accesul,accesul,unknown,accesul,wordfreq:ro,wordfreq_seeded;deterministically_filtered;structurally_curated
ro,v1,3,2341,2365,alegerea,alegerea,alegerea,unknown,alegerea,wordfreq:ro,wordfreq_seeded;deterministically_filtered;structurally_curated
ro,v1,3,2342,2366,alex,alex,alex,unknown,alex,wordfreq:ro,wordfreq_seeded;deterministically_filtered;structurally_curated
ro,v1,3,2343,2367,apartament,apartament,apartament,unknown,apartament,wordfreq:ro,wordfreq_seeded;deterministically_filtered;structurally_curated
ro,v1,3,2344,2368,austria,austria,austria,unknown,austria,wordfreq:ro,wordfreq_seeded;deterministically_filtered;structurally_curated
ro,v1,3,2345,2369,avocat,avocat,avocat,unknown,avocat,wordfreq:ro,wordfreq_seeded;deterministically_filtered;structurally_curated
ro,v1,3,2346,2370,bătrân,bătrân,bătrân,unknown,bătrân,wordfreq:ro,wordfreq_seeded;deterministically_filtered;structurally_curated
ro,v1,3,2347,2371,calitatea,calitatea,calitatea,unknown,calitatea,wordfreq:ro,wordfreq_seeded;deterministically_filtered;structurally_curated
ro,v1,3,2348,2372,condusă,condusă,condusă,unknown,condusă,wordfreq:ro,wordfreq_seeded;deterministically_filtered;structurally_curated
ro,v1,3,2349,2373,cunoștință,cunoștință,cunoștință,unknown,cunoștință,wordfreq:ro,wordfreq_seeded;deterministically_filtered;structurally_curated
ro,v1,3,2350,2374,cărțile,cărțile,cărțile,unknown,cărțile,wordfreq:ro,wordfreq_seeded;deterministically_filtered;structurally_curated
ro,v1,3,2351,2375,căutarea,căutarea,căutarea,unknown,căutarea,wordfreq:ro,wordfreq_seeded;deterministically_filtered;structurally_curated
ro,v1,3,2352,2376,design,design,design,unknown,design,wordfreq:ro,wordfreq_seeded;deterministically_filtered;structurally_curated
ro,v1,3,2353,2377,dorința,dorința,dorința,unknown,dorința,wordfreq:ro,wordfreq_seeded;deterministically_filtered;structurally_curated
ro,v1,3,2354,2378,dracu,dracu,dracu,unknown,dracu,wordfreq:ro,wordfreq_seeded;deterministically_filtered;structurally_curated
ro,v1,3,2355,2379,ducă,ducă,ducă,unknown,ducă,wordfreq:ro,wordfreq_seeded;deterministically_filtered;structurally_curated
ro,v1,3,2356,2380,efectul,efectul,efectul,unknown,efectul,wordfreq:ro,wordfreq_seeded;deterministically_filtered;structurally_curated
ro,v1,3,2357,2381,găsim,găsim,găsim,unknown,găsim,wordfreq:ro,wordfreq_seeded;deterministically_filtered;structurally_curated
ro,v1,3,2358,2382,impact,impact,impact,unknown,impact,wordfreq:ro,wordfreq_seeded;deterministically_filtered;structurally_curated
ro,v1,3,2359,2383,inclus,inclus,inclus,unknown,inclus,wordfreq:ro,wordfreq_seeded;deterministically_filtered;structurally_curated
ro,v1,3,2360,2384,isi,isi,isi,unknown,isi,wordfreq:ro,wordfreq_seeded;deterministically_filtered;structurally_curated
ro,v1,3,2361,2385,jackson,jackson,jackson,unknown,jackson,wordfreq:ro,wordfreq_seeded;deterministically_filtered;structurally_curated
ro,v1,3,2362,2386,judecată,judecată,judecată,unknown,judecată,wordfreq:ro,wordfreq_seeded;deterministically_filtered;structurally_curated
ro,v1,3,2363,2387,lapte,lapte,lapte,unknown,lapte,wordfreq:ro,wordfreq_seeded;deterministically_filtered;structurally_curated
ro,v1,3,2364,2388,libertatea,libertatea,libertatea,unknown,libertatea,wordfreq:ro,wordfreq_seeded;deterministically_filtered;structurally_curated
ro,v1,3,2365,2389,lipsit,lipsit,lipsit,unknown,lipsit,wordfreq:ro,wordfreq_seeded;deterministically_filtered;structurally_curated
ro,v1,3,2366,2390,medical,medical,medical,unknown,medical,wordfreq:ro,wordfreq_seeded;deterministically_filtered;structurally_curated
ro,v1,3,2367,2391,munții,munții,munții,unknown,munții,wordfreq:ro,wordfreq_seeded;deterministically_filtered;structurally_curated
ro,v1,3,2368,2392,obținerea,obținerea,obținerea,unknown,obținerea,wordfreq:ro,wordfreq_seeded;deterministically_filtered;structurally_curated
ro,v1,3,2369,2393,piesă,piesă,piesă,unknown,piesă,wordfreq:ro,wordfreq_seeded;deterministically_filtered;structurally_curated
ro,v1,3,2370,2394,pitești,pitești,pitești,unknown,pitești,wordfreq:ro,wordfreq_seeded;deterministically_filtered;structurally_curated
ro,v1,3,2371,2395,presa,presa,presa,unknown,presa,wordfreq:ro,wordfreq_seeded;deterministically_filtered;structurally_curated
ro,v1,3,2372,2396,private,private,private,unknown,private,wordfreq:ro,wordfreq_seeded;deterministically_filtered;structurally_curated
ro,v1,3,2373,2397,părerea,părerea,părerea,unknown,părerea,wordfreq:ro,wordfreq_seeded;deterministically_filtered;structurally_curated
ro,v1,3,2374,2398,singuri,singuri,singuri,unknown,singuri,wordfreq:ro,wordfreq_seeded;deterministically_filtered;structurally_curated
ro,v1,3,2375,2399,trage,trage,trage,unknown,trage,wordfreq:ro,wordfreq_seeded;deterministically_filtered;structurally_curated
ro,v1,3,2376,2400,uităm,uităm,uităm,unknown,uităm,wordfreq:ro,wordfreq_seeded;deterministically_filtered;structurally_curated
ro,v1,3,2377,2401,utilizează,utilizează,utilizează,unknown,utilizează,wordfreq:ro,wordfreq_seeded;deterministically_filtered;structurally_curated
ro,v1,3,2378,2402,ușa,ușa,ușa,unknown,ușa,wordfreq:ro,wordfreq_seeded;deterministically_filtered;structurally_curated
ro,v1,3,2379,2403,versiunea,versiunea,versiunea,unknown,versiunea,wordfreq:ro,wordfreq_seeded;deterministically_filtered;structurally_curated
ro,v1,3,2380,2404,vâlcea,vâlcea,vâlcea,unknown,vâlcea,wordfreq:ro,wordfreq_seeded;deterministically_filtered;structurally_curated
ro,v1,3,2381,2405,întâlnește,întâlnește,întâlnește,unknown,întâlnește,wordfreq:ro,wordfreq_seeded;deterministically_filtered;structurally_curated
ro,v1,3,2382,2406,țină,țină,țină,unknown,țină,wordfreq:ro,wordfreq_seeded;deterministically_filtered;structurally_curated
ro,v1,3,2383,2407,academia,academia,academia,unknown,academia,wordfreq:ro,wordfreq_seeded;deterministically_filtered;structurally_curated
ro,v1,3,2384,2408,aceleași,aceleași,aceleași,unknown,aceleași,wordfreq:ro,wordfreq_seeded;deterministically_filtered;structurally_curated
ro,v1,3,2385,2409,aeroportul,aeroportul,aeroportul,unknown,aeroportul,wordfreq:ro,wordfreq_seeded;deterministically_filtered;structurally_curated
ro,v1,3,2386,2410,agent,agent,agent,unknown,agent,wordfreq:ro,wordfreq_seeded;deterministically_filtered;structurally_curated
ro,v1,3,2387,2411,anglia,anglia,anglia,unknown,anglia,wordfreq:ro,wordfreq_seeded;deterministically_filtered;structurally_curated
ro,v1,3,2388,2412,aplicații,aplicații,aplicații,unknown,aplicații,wordfreq:ro,wordfreq_seeded;deterministically_filtered;structurally_curated
ro,v1,3,2389,2413,arata,arata,arata,unknown,arata,wordfreq:ro,wordfreq_seeded;deterministically_filtered;structurally_curated
ro,v1,3,2390,2414,ascuns,ascuns,ascuns,unknown,ascuns,wordfreq:ro,wordfreq_seeded;deterministically_filtered;structurally_curated
ro,v1,3,2391,2415,aștept,aștept,aștept,unknown,aștept,wordfreq:ro,wordfreq_seeded;deterministically_filtered;structurally_curated
ro,v1,3,2392,2416,bazează,bazează,bazează,unknown,bazează,wordfreq:ro,wordfreq_seeded;deterministically_filtered;structurally_curated
ro,v1,3,2393,2417,buzău,buzău,buzău,unknown,buzău,wordfreq:ro,wordfreq_seeded;deterministically_filtered;structurally_curated
ro,v1,3,2394,2418,băieți,băieți,băieți,unknown,băieți,wordfreq:ro,wordfreq_seeded;deterministically_filtered;structurally_curated
ro,v1,3,2395,2419,camere,camere,camere,unknown,camere,wordfreq:ro,wordfreq_seeded;deterministically_filtered;structurally_curated
ro,v1,3,2396,2420,caracteristici,caracteristici,caracteristici,unknown,caracteristici,wordfreq:ro,wordfreq_seeded;deterministically_filtered;structurally_curated
ro,v1,3,2397,2421,carol,carol,carol,unknown,carol,wordfreq:ro,wordfreq_seeded;deterministically_filtered;structurally_curated
ro,v1,3,2398,2422,categorii,categorii,categorii,unknown,categorii,wordfreq:ro,wordfreq_seeded;deterministically_filtered;structurally_curated
ro,v1,3,2399,2423,chris,chris,chris,unknown,chris,wordfreq:ro,wordfreq_seeded;deterministically_filtered;structurally_curated
ro,v1,3,2400,2424,clipă,clipă,clipă,unknown,clipă,wordfreq:ro,wordfreq_seeded;deterministically_filtered;structurally_curated
ro,v1,3,2401,2425,colonel,colonel,colonel,unknown,colonel,wordfreq:ro,wordfreq_seeded;deterministically_filtered;structurally_curated
ro,v1,3,2402,2426,consilier,consilier,consilier,unknown,consilier,wordfreq:ro,wordfreq_seeded;deterministically_filtered;structurally_curated
ro,v1,3,2403,2427,construirea,construirea,construirea,unknown,construirea,wordfreq:ro,wordfreq_seeded;deterministically_filtered;structurally_curated
ro,v1,3,2404,2428,costă,costă,costă,unknown,costă,wordfreq:ro,wordfreq_seeded;deterministically_filtered;structurally_curated
ro,v1,3,2405,2429,create,create,create,unknown,create,wordfreq:ro,wordfreq_seeded;deterministically_filtered;structurally_curated
ro,v1,3,2406,2430,curții,curții,curții,unknown,curții,wordfreq:ro,wordfreq_seeded;deterministically_filtered;structurally_curated
ro,v1,3,2407,2431,cã,cã,cã,unknown,cã,wordfreq:ro,wordfreq_seeded;deterministically_filtered;structurally_curated
ro,v1,3,2408,2432,căpitan,căpitan,căpitan,unknown,căpitan,wordfreq:ro,wordfreq_seeded;deterministically_filtered;structurally_curated
ro,v1,3,2409,2433,efectuate,efectuate,efectuate,unknown,efectuate,wordfreq:ro,wordfreq_seeded;deterministically_filtered;structurally_curated
ro,v1,3,2410,2434,formată,formată,formată,unknown,formată,wordfreq:ro,wordfreq_seeded;deterministically_filtered;structurally_curated
ro,v1,3,2411,2435,formula,formula,formula,unknown,formula,wordfreq:ro,wordfreq_seeded;deterministically_filtered;structurally_curated
ro,v1,3,2412,2436,grade,grade,grade,unknown,grade,wordfreq:ro,wordfreq_seeded;deterministically_filtered;structurally_curated
ro,v1,3,2413,2437,includ,includ,includ,unknown,includ,wordfreq:ro,wordfreq_seeded;deterministically_filtered;structurally_curated
ro,v1,3,2414,2438,introdus,introdus,introdus,unknown,introdus,wordfreq:ro,wordfreq_seeded;deterministically_filtered;structurally_curated
ro,v1,3,2415,2439,isus,isus,isus,unknown,isus,wordfreq:ro,wordfreq_seeded;deterministically_filtered;structurally_curated
ro,v1,3,2416,2440,legi,legi,legi,unknown,legi,wordfreq:ro,wordfreq_seeded;deterministically_filtered;structurally_curated
ro,v1,3,2417,2441,majore,majore,majore,unknown,majore,wordfreq:ro,wordfreq_seeded;deterministically_filtered;structurally_curated
ro,v1,3,2418,2442,marile,marile,marile,unknown,marile,wordfreq:ro,wordfreq_seeded;deterministically_filtered;structurally_curated
ro,v1,3,2419,2443,marin,marin,marin,unknown,marin,wordfreq:ro,wordfreq_seeded;deterministically_filtered;structurally_curated
ro,v1,3,2420,2444,membrilor,membrilor,membrilor,unknown,membrilor,wordfreq:ro,wordfreq_seeded;deterministically_filtered;structurally_curated
ro,v1,3,2421,2445,metoda,metoda,metoda,unknown,metoda,wordfreq:ro,wordfreq_seeded;deterministically_filtered;structurally_curated
ro,v1,3,2422,2446,milion,milion,milion,unknown,milion,wordfreq:ro,wordfreq_seeded;deterministically_filtered;structurally_curated
ro,v1,3,2423,2447,parțial,parțial,parțial,unknown,parțial,wordfreq:ro,wordfreq_seeded;deterministically_filtered;structurally_curated
ro,v1,3,2424,2448,perioade,perioade,perioade,unknown,perioade,wordfreq:ro,wordfreq_seeded;deterministically_filtered;structurally_curated
ro,v1,3,2425,2449,petre,petre,petre,unknown,petre,wordfreq:ro,wordfreq_seeded;deterministically_filtered;structurally_curated
ro,v1,3,2426,2450,planurile,planurile,planurile,unknown,planurile,wordfreq:ro,wordfreq_seeded;deterministically_filtered;structurally_curated
ro,v1,3,2427,2451,populație,populație,populație,unknown,populație,wordfreq:ro,wordfreq_seeded;deterministically_filtered;structurally_curated
ro,v1,3,2428,2452,procesului,procesului,procesului,unknown,procesului,wordfreq:ro,wordfreq_seeded;deterministically_filtered;structurally_curated
ro,v1,3,2429,2453,protecția,protecția,protecția,unknown,protecția,wordfreq:ro,wordfreq_seeded;deterministically_filtered;structurally_curated
ro,v1,3,2430,2454,puteau,puteau,puteau,unknown,puteau,wordfreq:ro,wordfreq_seeded;deterministically_filtered;structurally_curated
ro,v1,3,2431,2455,puțină,puțină,puțină,unknown,puțină,wordfreq:ro,wordfreq_seeded;deterministically_filtered;structurally_curated
ro,v1,3,2432,2456,referi,referi,referi,unknown,referi,wordfreq:ro,wordfreq_seeded;deterministically_filtered;structurally_curated
ro,v1,3,2433,2457,regulile,regulile,regulile,unknown,regulile,wordfreq:ro,wordfreq_seeded;deterministically_filtered;structurally_curated
ro,v1,3,2434,2458,remarcat,remarcat,remarcat,unknown,remarcat,wordfreq:ro,wordfreq_seeded;deterministically_filtered;structurally_curated
ro,v1,3,2435,2459,reprezentând,reprezentând,reprezentând,unknown,reprezentând,wordfreq:ro,wordfreq_seeded;deterministically_filtered;structurally_curated
ro,v1,3,2436,2460,romani,romani,romani,unknown,romani,wordfreq:ro,wordfreq_seeded;deterministically_filtered;structurally_curated
ro,v1,3,2437,2461,sec,sec,sec,unknown,sec,wordfreq:ro,wordfreq_seeded;deterministically_filtered;structurally_curated
ro,v1,3,2438,2462,semnificativ,semnificativ,semnificativ,unknown,semnificativ,wordfreq:ro,wordfreq_seeded;deterministically_filtered;structurally_curated
ro,v1,3,2439,2463,soldați,soldați,soldați,unknown,soldați,wordfreq:ro,wordfreq_seeded;deterministically_filtered;structurally_curated
ro,v1,3,2440,2464,specific,specific,specific,unknown,specific,wordfreq:ro,wordfreq_seeded;deterministically_filtered;structurally_curated
ro,v1,3,2441,2465,tineret,tineret,tineret,unknown,tineret,wordfreq:ro,wordfreq_seeded;deterministically_filtered;structurally_curated
ro,v1,3,2442,2466,trupul,trupul,trupul,unknown,trupul,wordfreq:ro,wordfreq_seeded;deterministically_filtered;structurally_curated
ro,v1,3,2443,2467,turism,turism,turism,unknown,turism,wordfreq:ro,wordfreq_seeded;deterministically_filtered;structurally_curated
ro,v1,3,2444,2468,urile,urile,urile,unknown,urile,wordfreq:ro,wordfreq_seeded;deterministically_filtered;structurally_curated
ro,v1,3,2445,2469,van,van,van,unknown,van,wordfreq:ro,wordfreq_seeded;deterministically_filtered;structurally_curated
ro,v1,3,2446,2470,varianta,varianta,varianta,unknown,varianta,wordfreq:ro,wordfreq_seeded;deterministically_filtered;structurally_curated
ro,v1,3,2447,2471,întâlnirea,întâlnirea,întâlnirea,unknown,întâlnirea,wordfreq:ro,wordfreq_seeded;deterministically_filtered;structurally_curated
ro,v1,3,2448,2472,acuzat,acuzat,acuzat,unknown,acuzat,wordfreq:ro,wordfreq_seeded;deterministically_filtered;structurally_curated
ro,v1,3,2449,2473,afacerilor,afacerilor,afacerilor,unknown,afacerilor,wordfreq:ro,wordfreq_seeded;deterministically_filtered;structurally_curated
ro,v1,3,2450,2474,alegere,alegere,alegere,unknown,alegere,wordfreq:ro,wordfreq_seeded;deterministically_filtered;structurally_curated
ro,v1,3,2451,2475,aspecte,aspecte,aspecte,unknown,aspecte,wordfreq:ro,wordfreq_seeded;deterministically_filtered;structurally_curated
ro,v1,3,2452,2476,atras,atras,atras,unknown,atras,wordfreq:ro,wordfreq_seeded;deterministically_filtered;structurally_curated
ro,v1,3,2453,2477,bihor,bihor,bihor,unknown,bihor,wordfreq:ro,wordfreq_seeded;deterministically_filtered;structurally_curated
ro,v1,3,2454,2478,bistrița,bistrița,bistrița,unknown,bistrița,wordfreq:ro,wordfreq_seeded;deterministically_filtered;structurally_curated
ro,v1,3,2455,2479,brăila,brăila,brăila,unknown,brăila,wordfreq:ro,wordfreq_seeded;deterministically_filtered;structurally_curated
ro,v1,3,2456,2480,calificat,calificat,calificat,unknown,calificat,wordfreq:ro,wordfreq_seeded;deterministically_filtered;structurally_curated
ro,v1,3,2457,2481,campanie,campanie,campanie,unknown,campanie,wordfreq:ro,wordfreq_seeded;deterministically_filtered;structurally_curated
ro,v1,3,2458,2482,civil,civil,civil,unknown,civil,wordfreq:ro,wordfreq_seeded;deterministically_filtered;structurally_curated
ro,v1,3,2459,2483,contextul,contextul,contextul,unknown,contextul,wordfreq:ro,wordfreq_seeded;deterministically_filtered;structurally_curated
ro,v1,3,2460,2484,critică,critică,critică,unknown,critică,wordfreq:ro,wordfreq_seeded;deterministically_filtered;structurally_curated
ro,v1,3,2461,2485,cînd,cînd,cînd,unknown,cînd,wordfreq:ro,wordfreq_seeded;deterministically_filtered;structurally_curated
ro,v1,3,2462,2486,determinat,determinat,determinat,unknown,determinat,wordfreq:ro,wordfreq_seeded;deterministically_filtered;structurally_curated
ro,v1,3,2463,2487,dinspre,dinspre,dinspre,unknown,dinspre,wordfreq:ro,wordfreq_seeded;deterministically_filtered;structurally_curated
ro,v1,3,2464,2488,directă,directă,directă,unknown,directă,wordfreq:ro,wordfreq_seeded;deterministically_filtered;structurally_curated
ro,v1,3,2465,2489,dispărut,dispărut,dispărut,unknown,dispărut,wordfreq:ro,wordfreq_seeded;deterministically_filtered;structurally_curated
ro,v1,3,2466,2490,doamnă,doamnă,doamnă,unknown,doamnă,wordfreq:ro,wordfreq_seeded;deterministically_filtered;structurally_curated
ro,v1,3,2467,2491,dorești,dorești,dorești,unknown,dorești,wordfreq:ro,wordfreq_seeded;deterministically_filtered;structurally_curated
ro,v1,3,2468,2492,dovadă,dovadă,dovadă,unknown,dovadă,wordfreq:ro,wordfreq_seeded;deterministically_filtered;structurally_curated
ro,v1,3,2469,2493,drumuri,drumuri,drumuri,unknown,drumuri,wordfreq:ro,wordfreq_seeded;deterministically_filtered;structurally_curated
ro,v1,3,2470,2494,dublu,dublu,dublu,unknown,dublu,wordfreq:ro,wordfreq_seeded;deterministically_filtered;structurally_curated
ro,v1,3,2471,2495,ed,ed,ed,unknown,ed,wordfreq:ro,wordfreq_seeded;deterministically_filtered;structurally_curated
ro,v1,3,2472,2496,eliberarea,eliberarea,eliberarea,unknown,eliberarea,wordfreq:ro,wordfreq_seeded;deterministically_filtered;structurally_curated
ro,v1,3,2473,2497,europeni,europeni,europeni,unknown,europeni,wordfreq:ro,wordfreq_seeded;deterministically_filtered;structurally_curated
ro,v1,3,2474,2498,exemple,exemple,exemple,unknown,exemple,wordfreq:ro,wordfreq_seeded;deterministically_filtered;structurally_curated
ro,v1,3,2475,2499,experiență,experiență,experiență,unknown,experiență,wordfreq:ro,wordfreq_seeded;deterministically_filtered;structurally_curated
ro,v1,3,2476,2500,finalul,finalul,finalul,unknown,finalul,wordfreq:ro,wordfreq_seeded;deterministically_filtered;structurally_curated
ro,v1,3,2477,2501,formează,formează,formează,unknown,formează,wordfreq:ro,wordfreq_seeded;deterministically_filtered;structurally_curated
ro,v1,3,2478,2502,idei,idei,idei,unknown,idei,wordfreq:ro,wordfreq_seeded;deterministically_filtered;structurally_curated
ro,v1,3,2479,2503,impresia,impresia,impresia,unknown,impresia,wordfreq:ro,wordfreq_seeded;deterministically_filtered;structurally_curated
ro,v1,3,2480,2504,inainte,inainte,inainte,unknown,inainte,wordfreq:ro,wordfreq_seeded;deterministically_filtered;structurally_curated
ro,v1,3,2481,2505,individual,individual,individual,unknown,individual,wordfreq:ro,wordfreq_seeded;deterministically_filtered;structurally_curated
ro,v1,3,2482,2506,jones,jones,jones,unknown,jones,wordfreq:ro,wordfreq_seeded;deterministically_filtered;structurally_curated
ro,v1,3,2483,2507,jucător,jucător,jucător,unknown,jucător,wordfreq:ro,wordfreq_seeded;deterministically_filtered;structurally_curated
ro,v1,3,2484,2508,liniște,liniște,liniște,unknown,liniște,wordfreq:ro,wordfreq_seeded;deterministically_filtered;structurally_curated
ro,v1,3,2485,2509,locotenent,locotenent,locotenent,unknown,locotenent,wordfreq:ro,wordfreq_seeded;deterministically_filtered;structurally_curated
ro,v1,3,2486,2510,los,los,los,unknown,los,wordfreq:ro,wordfreq_seeded;deterministically_filtered;structurally_curated
ro,v1,3,2487,2511,lăsați,lăsați,lăsați,unknown,lăsați,wordfreq:ro,wordfreq_seeded;deterministically_filtered;structurally_curated
ro,v1,3,2488,2512,magazinul,magazinul,magazinul,unknown,magazinul,wordfreq:ro,wordfreq_seeded;deterministically_filtered;structurally_curated
ro,v1,3,2489,2513,mr,mr,mr,unknown,mr,wordfreq:ro,wordfreq_seeded;deterministically_filtered;structurally_curated
ro,v1,3,2490,2514,mâini,mâini,mâini,unknown,mâini,wordfreq:ro,wordfreq_seeded;deterministically_filtered;structurally_curated
ro,v1,3,2491,2515,na,na,na,unknown,na,wordfreq:ro,wordfreq_seeded;deterministically_filtered;structurally_curated
ro,v1,3,2492,2516,nopții,nopții,nopții,unknown,nopții,wordfreq:ro,wordfreq_seeded;deterministically_filtered;structurally_curated
ro,v1,3,2493,2517,note,note,note,unknown,note,wordfreq:ro,wordfreq_seeded;deterministically_filtered;structurally_curated
ro,v1,3,2494,2518,ocupa,ocupa,ocupa,unknown,ocupa,wordfreq:ro,wordfreq_seeded;deterministically_filtered;structurally_curated
ro,v1,3,2495,2519,piele,piele,piele,unknown,piele,wordfreq:ro,wordfreq_seeded;deterministically_filtered;structurally_curated
ro,v1,3,2496,2520,posibilă,posibilă,posibilă,unknown,posibilă,wordfreq:ro,wordfreq_seeded;deterministically_filtered;structurally_curated
ro,v1,3,2497,2521,pt,pt,pt,unknown,pt,wordfreq:ro,wordfreq_seeded;deterministically_filtered;structurally_curated
ro,v1,3,2498,2522,păi,păi,păi,unknown,păi,wordfreq:ro,wordfreq_seeded;deterministically_filtered;structurally_curated
ro,v1,3,2499,2523,rapidă,rapidă,rapidă,unknown,rapidă,wordfreq:ro,wordfreq_seeded;deterministically_filtered;structurally_curated
ro,v1,3,2500,2524,ray,ray,ray,unknown,ray,wordfreq:ro,wordfreq_seeded;deterministically_filtered;structurally_curated
ro,v1,3,2501,2525,red,red,red,unknown,red,wordfreq:ro,wordfreq_seeded;deterministically_filtered;structurally_curated
ro,v1,3,2502,2526,regimului,regimului,regimului,unknown,regimului,wordfreq:ro,wordfreq_seeded;deterministically_filtered;structurally_curated
ro,v1,3,2503,2527,rele,rele,rele,unknown,rele,wordfreq:ro,wordfreq_seeded;deterministically_filtered;structurally_curated
ro,v1,3,2504,2528,religie,religie,religie,unknown,religie,wordfreq:ro,wordfreq_seeded;deterministically_filtered;structurally_curated
ro,v1,3,2505,2529,ro,ro,ro,unknown,ro,wordfreq:ro,wordfreq_seeded;deterministically_filtered;structurally_curated
ro,v1,3,2506,2530,scaun,scaun,scaun,unknown,scaun,wordfreq:ro,wordfreq_seeded;deterministically_filtered;structurally_curated
ro,v1,3,2507,2531,set,set,set,unknown,set,wordfreq:ro,wordfreq_seeded;deterministically_filtered;structurally_curated
ro,v1,3,2508,2532,sfinții,sfinții,sfinții,unknown,sfinții,wordfreq:ro,wordfreq_seeded;deterministically_filtered;structurally_curated
ro,v1,3,2509,2533,suport,suport,suport,unknown,suport,wordfreq:ro,wordfreq_seeded;deterministically_filtered;structurally_curated
ro,v1,3,2510,2534,transportul,transportul,transportul,unknown,transportul,wordfreq:ro,wordfreq_seeded;deterministically_filtered;structurally_curated
ro,v1,3,2511,2535,tras,tras,tras,unknown,tras,wordfreq:ro,wordfreq_seeded;deterministically_filtered;structurally_curated
ro,v1,3,2512,2536,tur,tur,tur,unknown,tur,wordfreq:ro,wordfreq_seeded;deterministically_filtered;structurally_curated
ro,v1,3,2513,2537,tânărul,tânărul,tânărul,unknown,tânărul,wordfreq:ro,wordfreq_seeded;deterministically_filtered;structurally_curated
ro,v1,3,2514,2538,tăi,tăi,tăi,unknown,tăi,wordfreq:ro,wordfreq_seeded;deterministically_filtered;structurally_curated
ro,v1,3,2515,2539,ue,ue,ue,unknown,ue,wordfreq:ro,wordfreq_seeded;deterministically_filtered;structurally_curated
ro,v1,3,2516,2540,voce,voce,voce,unknown,voce,wordfreq:ro,wordfreq_seeded;deterministically_filtered;structurally_curated
ro,v1,3,2517,2541,vremuri,vremuri,vremuri,unknown,vremuri,wordfreq:ro,wordfreq_seeded;deterministically_filtered;structurally_curated
ro,v1,3,2518,2542,world,world,world,unknown,world,wordfreq:ro,wordfreq_seeded;deterministically_filtered;structurally_curated
ro,v1,3,2519,2543,zero,zero,zero,unknown,zero,wordfreq:ro,wordfreq_seeded;deterministically_filtered;structurally_curated
ro,v1,3,2520,2544,zonei,zonei,zonei,unknown,zonei,wordfreq:ro,wordfreq_seeded;deterministically_filtered;structurally_curated
ro,v1,3,2521,2546,învins,învins,învins,unknown,învins,wordfreq:ro,wordfreq_seeded;deterministically_filtered;structurally_curated
ro,v1,3,2522,2547,învăța,învăța,învăța,unknown,învăța,wordfreq:ro,wordfreq_seeded;deterministically_filtered;structurally_curated
ro,v1,3,2523,2549,acte,acte,acte,unknown,acte,wordfreq:ro,wordfreq_seeded;deterministically_filtered;structurally_curated
ro,v1,3,2524,2550,ajungem,ajungem,ajungem,unknown,ajungem,wordfreq:ro,wordfreq_seeded;deterministically_filtered;structurally_curated
ro,v1,3,2525,2551,albe,albe,albe,unknown,albe,wordfreq:ro,wordfreq_seeded;deterministically_filtered;structurally_curated
ro,v1,3,2526,2552,americani,americani,americani,unknown,americani,wordfreq:ro,wordfreq_seeded;deterministically_filtered;structurally_curated
ro,v1,3,2527,2553,ansamblu,ansamblu,ansamblu,unknown,ansamblu,wordfreq:ro,wordfreq_seeded;deterministically_filtered;structurally_curated
ro,v1,3,2528,2554,anterioare,anterioare,anterioare,unknown,anterioare,wordfreq:ro,wordfreq_seeded;deterministically_filtered;structurally_curated
ro,v1,3,2529,2555,artist,artist,artist,unknown,artist,wordfreq:ro,wordfreq_seeded;deterministically_filtered;structurally_curated
ro,v1,3,2530,2556,aruncat,aruncat,aruncat,unknown,aruncat,wordfreq:ro,wordfreq_seeded;deterministically_filtered;structurally_curated
ro,v1,3,2531,2557,audio,audio,audio,unknown,audio,wordfreq:ro,wordfreq_seeded;deterministically_filtered;structurally_curated
ro,v1,3,2532,2558,bate,bate,bate,unknown,bate,wordfreq:ro,wordfreq_seeded;deterministically_filtered;structurally_curated
ro,v1,3,2533,2559,bill,bill,bill,unknown,bill,wordfreq:ro,wordfreq_seeded;deterministically_filtered;structurally_curated
ro,v1,3,2534,2560,black,black,black,unknown,black,wordfreq:ro,wordfreq_seeded;deterministically_filtered;structurally_curated
ro,v1,3,2535,2561,bob,bob,bob,unknown,bob,wordfreq:ro,wordfreq_seeded;deterministically_filtered;structurally_curated
ro,v1,3,2536,2562,capitolul,capitolul,capitolul,unknown,capitolul,wordfreq:ro,wordfreq_seeded;deterministically_filtered;structurally_curated
ro,v1,3,2537,2563,cartierul,cartierul,cartierul,unknown,cartierul,wordfreq:ro,wordfreq_seeded;deterministically_filtered;structurally_curated
ro,v1,3,2538,2564,cheie,cheie,cheie,unknown,cheie,wordfreq:ro,wordfreq_seeded;deterministically_filtered;structurally_curated
ro,v1,3,2539,2565,chemat,chemat,chemat,unknown,chemat,wordfreq:ro,wordfreq_seeded;deterministically_filtered;structurally_curated
ro,v1,3,2540,2566,colecția,colecția,colecția,unknown,colecția,wordfreq:ro,wordfreq_seeded;deterministically_filtered;structurally_curated
ro,v1,3,2541,2567,comerț,comerț,comerț,unknown,comerț,wordfreq:ro,wordfreq_seeded;deterministically_filtered;structurally_curated
ro,v1,3,2542,2568,comparație,comparație,comparație,unknown,comparație,wordfreq:ro,wordfreq_seeded;deterministically_filtered;structurally_curated
ro,v1,3,2543,2569,componente,componente,componente,unknown,componente,wordfreq:ro,wordfreq_seeded;deterministically_filtered;structurally_curated
ro,v1,3,2544,2570,creștine,creștine,creștine,unknown,creștine,wordfreq:ro,wordfreq_seeded;deterministically_filtered;structurally_curated
ro,v1,3,2545,2571,cruce,cruce,cruce,unknown,cruce,wordfreq:ro,wordfreq_seeded;deterministically_filtered;structurally_curated
ro,v1,3,2546,2572,culori,culori,culori,unknown,culori,wordfreq:ro,wordfreq_seeded;deterministically_filtered;structurally_curated
ro,v1,3,2547,2573,cursurile,cursurile,cursurile,unknown,cursurile,wordfreq:ro,wordfreq_seeded;deterministically_filtered;structurally_curated
ro,v1,3,2548,2574,drepturi,drepturi,drepturi,unknown,drepturi,wordfreq:ro,wordfreq_seeded;deterministically_filtered;structurally_curated
ro,v1,3,2549,2575,emis,emis,emis,unknown,emis,wordfreq:ro,wordfreq_seeded;deterministically_filtered;structurally_curated
ro,v1,3,2550,2576,epoca,epoca,epoca,unknown,epoca,wordfreq:ro,wordfreq_seeded;deterministically_filtered;structurally_curated
ro,v1,3,2551,2577,extraordinar,extraordinar,extraordinar,unknown,extraordinar,wordfreq:ro,wordfreq_seeded;deterministically_filtered;structurally_curated
ro,v1,3,2552,2578,facultății,facultății,facultății,unknown,facultății,wordfreq:ro,wordfreq_seeded;deterministically_filtered;structurally_curated
ro,v1,3,2553,2579,federația,federația,federația,unknown,federația,wordfreq:ro,wordfreq_seeded;deterministically_filtered;structurally_curated
ro,v1,3,2554,2580,frații,frații,frații,unknown,frații,wordfreq:ro,wordfreq_seeded;deterministically_filtered;structurally_curated
ro,v1,3,2555,2581,frecvent,frecvent,frecvent,unknown,frecvent,wordfreq:ro,wordfreq_seeded;deterministically_filtered;structurally_curated
ro,v1,3,2556,2582,grigore,grigore,grigore,unknown,grigore,wordfreq:ro,wordfreq_seeded;deterministically_filtered;structurally_curated
ro,v1,3,2557,2583,hristos,hristos,hristos,unknown,hristos,wordfreq:ro,wordfreq_seeded;deterministically_filtered;structurally_curated
ro,v1,3,2558,2584,internă,internă,internă,unknown,internă,wordfreq:ro,wordfreq_seeded;deterministically_filtered;structurally_curated
ro,v1,3,2559,2585,legată,legată,legată,unknown,legată,wordfreq:ro,wordfreq_seeded;deterministically_filtered;structurally_curated
ro,v1,3,2560,2586,misiune,misiune,misiune,unknown,misiune,wordfreq:ro,wordfreq_seeded;deterministically_filtered;structurally_curated
ro,v1,3,2561,2587,mobile,mobile,mobile,unknown,mobile,wordfreq:ro,wordfreq_seeded;deterministically_filtered;structurally_curated
ro,v1,3,2562,2588,morți,morți,morți,unknown,morți,wordfreq:ro,wordfreq_seeded;deterministically_filtered;structurally_curated
ro,v1,3,2563,2589,muzeului,muzeului,muzeului,unknown,muzeului,wordfreq:ro,wordfreq_seeded;deterministically_filtered;structurally_curated
ro,v1,3,2564,2590,nașterea,nașterea,nașterea,unknown,nașterea,wordfreq:ro,wordfreq_seeded;deterministically_filtered;structurally_curated
ro,v1,3,2565,2591,necesită,necesită,necesită,unknown,necesită,wordfreq:ro,wordfreq_seeded;deterministically_filtered;structurally_curated
ro,v1,3,2566,2592,obținute,obținute,obținute,unknown,obținute,wordfreq:ro,wordfreq_seeded;deterministically_filtered;structurally_curated
ro,v1,3,2567,2593,parc,parc,parc,unknown,parc,wordfreq:ro,wordfreq_seeded;deterministically_filtered;structurally_curated
ro,v1,3,2568,2594,pauză,pauză,pauză,unknown,pauză,wordfreq:ro,wordfreq_seeded;deterministically_filtered;structurally_curated
ro,v1,3,2569,2595,personaj,personaj,personaj,unknown,personaj,wordfreq:ro,wordfreq_seeded;deterministically_filtered;structurally_curated
ro,v1,3,2570,2596,planuri,planuri,planuri,unknown,planuri,wordfreq:ro,wordfreq_seeded;deterministically_filtered;structurally_curated
ro,v1,3,2571,2597,praf,praf,praf,unknown,praf,wordfreq:ro,wordfreq_seeded;deterministically_filtered;structurally_curated
ro,v1,3,2572,2598,preotul,preotul,preotul,unknown,preotul,wordfreq:ro,wordfreq_seeded;deterministically_filtered;structurally_curated
ro,v1,3,2573,2599,principalul,principalul,principalul,unknown,principalul,wordfreq:ro,wordfreq_seeded;deterministically_filtered;structurally_curated
ro,v1,3,2574,2600,proprietate,proprietate,proprietate,unknown,proprietate,wordfreq:ro,wordfreq_seeded;deterministically_filtered;structurally_curated
ro,v1,3,2575,2601,psd,psd,psd,unknown,psd,wordfreq:ro,wordfreq_seeded;deterministically_filtered;structurally_curated
ro,v1,3,2576,2602,regional,regional,regional,unknown,regional,wordfreq:ro,wordfreq_seeded;deterministically_filtered;structurally_curated
ro,v1,3,2577,2603,resurse,resurse,resurse,unknown,resurse,wordfreq:ro,wordfreq_seeded;deterministically_filtered;structurally_curated
ro,v1,3,2578,2604,reuși,reuși,reuși,unknown,reuși,wordfreq:ro,wordfreq_seeded;deterministically_filtered;structurally_curated
ro,v1,3,2579,2605,rezervă,rezervă,rezervă,unknown,rezervă,wordfreq:ro,wordfreq_seeded;deterministically_filtered;structurally_curated
ro,v1,3,2580,2606,romane,romane,romane,unknown,romane,wordfreq:ro,wordfreq_seeded;deterministically_filtered;structurally_curated
ro,v1,3,2581,2607,sfânt,sfânt,sfânt,unknown,sfânt,wordfreq:ro,wordfreq_seeded;deterministically_filtered;structurally_curated
ro,v1,3,2582,2608,sprijin,sprijin,sprijin,unknown,sprijin,wordfreq:ro,wordfreq_seeded;deterministically_filtered;structurally_curated
ro,v1,3,2583,2609,substanțe,substanțe,substanțe,unknown,substanțe,wordfreq:ro,wordfreq_seeded;deterministically_filtered;structurally_curated
ro,v1,3,2584,2610,sănătății,sănătății,sănătății,unknown,sănătății,wordfreq:ro,wordfreq_seeded;deterministically_filtered;structurally_curated
ro,v1,3,2585,2611,tehnic,tehnic,tehnic,unknown,tehnic,wordfreq:ro,wordfreq_seeded;deterministically_filtered;structurally_curated
ro,v1,3,2586,2612,tenis,tenis,tenis,unknown,tenis,wordfreq:ro,wordfreq_seeded;deterministically_filtered;structurally_curated
ro,v1,3,2587,2613,teritoriale,teritoriale,teritoriale,unknown,teritoriale,wordfreq:ro,wordfreq_seeded;deterministically_filtered;structurally_curated
ro,v1,3,2588,2614,treabă,treabă,treabă,unknown,treabă,wordfreq:ro,wordfreq_seeded;deterministically_filtered;structurally_curated
ro,v1,3,2589,2615,vizitat,vizitat,vizitat,unknown,vizitat,wordfreq:ro,wordfreq_seeded;deterministically_filtered;structurally_curated
ro,v1,3,2590,2616,vârful,vârful,vârful,unknown,vârful,wordfreq:ro,wordfreq_seeded;deterministically_filtered;structurally_curated
ro,v1,3,2591,2617,întreagă,întreagă,întreagă,unknown,întreagă,wordfreq:ro,wordfreq_seeded;deterministically_filtered;structurally_curated
ro,v1,3,2592,2618,întregi,întregi,întregi,unknown,întregi,wordfreq:ro,wordfreq_seeded;deterministically_filtered;structurally_curated
ro,v1,3,2593,2619,înălțime,înălțime,înălțime,unknown,înălțime,wordfreq:ro,wordfreq_seeded;deterministically_filtered;structurally_curated
ro,v1,3,2594,2620,adunarea,adunarea,adunarea,unknown,adunarea,wordfreq:ro,wordfreq_seeded;deterministically_filtered;structurally_curated
ro,v1,3,2595,2621,aduse,aduse,aduse,unknown,aduse,wordfreq:ro,wordfreq_seeded;deterministically_filtered;structurally_curated
ro,v1,3,2596,2622,ajungi,ajungi,ajungi,unknown,ajungi,wordfreq:ro,wordfreq_seeded;deterministically_filtered;structurally_curated
ro,v1,3,2597,2623,aleg,aleg,aleg,unknown,aleg,wordfreq:ro,wordfreq_seeded;deterministically_filtered;structurally_curated
ro,v1,3,2598,2624,auzi,auzi,auzi,unknown,auzi,wordfreq:ro,wordfreq_seeded;deterministically_filtered;structurally_curated
ro,v1,3,2599,2625,aștepta,aștepta,aștepta,unknown,aștepta,wordfreq:ro,wordfreq_seeded;deterministically_filtered;structurally_curated
ro,v1,3,2600,2626,bar,bar,bar,unknown,bar,wordfreq:ro,wordfreq_seeded;deterministically_filtered;structurally_curated
ro,v1,3,2601,2627,brian,brian,brian,unknown,brian,wordfreq:ro,wordfreq_seeded;deterministically_filtered;structurally_curated
ro,v1,3,2602,2628,ceai,ceai,ceai,unknown,ceai,wordfreq:ro,wordfreq_seeded;deterministically_filtered;structurally_curated
ro,v1,3,2603,2629,ceaușescu,ceaușescu,ceaușescu,unknown,ceaușescu,wordfreq:ro,wordfreq_seeded;deterministically_filtered;structurally_curated
ro,v1,3,2604,2630,cererea,cererea,cererea,unknown,cererea,wordfreq:ro,wordfreq_seeded;deterministically_filtered;structurally_curated
ro,v1,3,2605,2631,co,co,co,unknown,co,wordfreq:ro,wordfreq_seeded;deterministically_filtered;structurally_curated
ro,v1,3,2606,2632,comandantul,comandantul,comandantul,unknown,comandantul,wordfreq:ro,wordfreq_seeded;deterministically_filtered;structurally_curated
ro,v1,3,2607,2633,context,context,context,unknown,context,wordfreq:ro,wordfreq_seeded;deterministically_filtered;structurally_curated
ro,v1,3,2608,2634,copilului,copilului,copilului,unknown,copilului,wordfreq:ro,wordfreq_seeded;deterministically_filtered;structurally_curated
ro,v1,3,2609,2635,credeți,credeți,credeți,unknown,credeți,wordfreq:ro,wordfreq_seeded;deterministically_filtered;structurally_curated
ro,v1,3,2610,2636,creștină,creștină,creștină,unknown,creștină,wordfreq:ro,wordfreq_seeded;deterministically_filtered;structurally_curated
ro,v1,3,2611,2637,cumpăra,cumpăra,cumpăra,unknown,cumpăra,wordfreq:ro,wordfreq_seeded;deterministically_filtered;structurally_curated
ro,v1,3,2612,2638,curaj,curaj,curaj,unknown,curaj,wordfreq:ro,wordfreq_seeded;deterministically_filtered;structurally_curated
ro,v1,3,2613,2639,căutare,căutare,căutare,unknown,căutare,wordfreq:ro,wordfreq_seeded;deterministically_filtered;structurally_curated
ro,v1,3,2614,2640,deschise,deschise,deschise,unknown,deschise,wordfreq:ro,wordfreq_seeded;deterministically_filtered;structurally_curated
ro,v1,3,2615,2641,discuție,discuție,discuție,unknown,discuție,wordfreq:ro,wordfreq_seeded;deterministically_filtered;structurally_curated
ro,v1,3,2616,2642,dovezi,dovezi,dovezi,unknown,dovezi,wordfreq:ro,wordfreq_seeded;deterministically_filtered;structurally_curated
ro,v1,3,2617,2643,dâmbovița,dâmbovița,dâmbovița,unknown,dâmbovița,wordfreq:ro,wordfreq_seeded;deterministically_filtered;structurally_curated
ro,v1,3,2618,2644,executiv,executiv,executiv,unknown,executiv,wordfreq:ro,wordfreq_seeded;deterministically_filtered;structurally_curated
ro,v1,3,2619,2645,fals,fals,fals,unknown,fals,wordfreq:ro,wordfreq_seeded;deterministically_filtered;structurally_curated
ro,v1,3,2620,2646,festivalului,festivalului,festivalului,unknown,festivalului,wordfreq:ro,wordfreq_seeded;deterministically_filtered;structurally_curated
ro,v1,3,2621,2647,folosim,folosim,folosim,unknown,folosim,wordfreq:ro,wordfreq_seeded;deterministically_filtered;structurally_curated
ro,v1,3,2622,2648,frica,frica,frica,unknown,frica,wordfreq:ro,wordfreq_seeded;deterministically_filtered;structurally_curated
ro,v1,3,2623,2649,gaz,gaz,gaz,unknown,gaz,wordfreq:ro,wordfreq_seeded;deterministically_filtered;structurally_curated
ro,v1,3,2624,2650,greutate,greutate,greutate,unknown,greutate,wordfreq:ro,wordfreq_seeded;deterministically_filtered;structurally_curated
ro,v1,3,2625,2651,hârtie,hârtie,hârtie,unknown,hârtie,wordfreq:ro,wordfreq_seeded;deterministically_filtered;structurally_curated
ro,v1,3,2626,2652,insulă,insulă,insulă,unknown,insulă,wordfreq:ro,wordfreq_seeded;deterministically_filtered;structurally_curated
ro,v1,3,2627,2653,jocului,jocului,jocului,unknown,jocului,wordfreq:ro,wordfreq_seeded;deterministically_filtered;structurally_curated
ro,v1,3,2628,2654,lady,lady,lady,unknown,lady,wordfreq:ro,wordfreq_seeded;deterministically_filtered;structurally_curated
ro,v1,3,2629,2655,linii,linii,linii,unknown,linii,wordfreq:ro,wordfreq_seeded;deterministically_filtered;structurally_curated
ro,v1,3,2630,2656,majoritate,majoritate,majoritate,unknown,majoritate,wordfreq:ro,wordfreq_seeded;deterministically_filtered;structurally_curated
ro,v1,3,2631,2657,man,man,man,unknown,man,wordfreq:ro,wordfreq_seeded;deterministically_filtered;structurally_curated
ro,v1,3,2632,2658,medii,medii,medii,unknown,medii,wordfreq:ro,wordfreq_seeded;deterministically_filtered;structurally_curated
ro,v1,3,2633,2659,persoanelor,persoanelor,persoanelor,unknown,persoanelor,wordfreq:ro,wordfreq_seeded;deterministically_filtered;structurally_curated
ro,v1,3,2634,2660,plajă,plajă,plajă,unknown,plajă,wordfreq:ro,wordfreq_seeded;deterministically_filtered;structurally_curated
ro,v1,3,2635,2661,pr,pr,pr,unknown,pr,wordfreq:ro,wordfreq_seeded;deterministically_filtered;structurally_curated
ro,v1,3,2636,2662,premier,premier,premier,unknown,premier,wordfreq:ro,wordfreq_seeded;deterministically_filtered;structurally_curated
ro,v1,3,2637,2663,premiu,premiu,premiu,unknown,premiu,wordfreq:ro,wordfreq_seeded;deterministically_filtered;structurally_curated
ro,v1,3,2638,2664,profesională,profesională,profesională,unknown,profesională,wordfreq:ro,wordfreq_seeded;deterministically_filtered;structurally_curated
ro,v1,3,2639,2665,referință,referință,referință,unknown,referință,wordfreq:ro,wordfreq_seeded;deterministically_filtered;structurally_curated
ro,v1,3,2640,2666,referire,referire,referire,unknown,referire,wordfreq:ro,wordfreq_seeded;deterministically_filtered;structurally_curated
ro,v1,3,2641,2667,ridica,ridica,ridica,unknown,ridica,wordfreq:ro,wordfreq_seeded;deterministically_filtered;structurally_curated
ro,v1,3,2642,2668,scădere,scădere,scădere,unknown,scădere,wordfreq:ro,wordfreq_seeded;deterministically_filtered;structurally_curated
ro,v1,3,2643,2669,secretar,secretar,secretar,unknown,secretar,wordfreq:ro,wordfreq_seeded;deterministically_filtered;structurally_curated
ro,v1,3,2644,2670,simple,simple,simple,unknown,simple,wordfreq:ro,wordfreq_seeded;deterministically_filtered;structurally_curated
ro,v1,3,2645,2671,simplă,simplă,simplă,unknown,simplă,wordfreq:ro,wordfreq_seeded;deterministically_filtered;structurally_curated
ro,v1,3,2646,2672,sri,sri,sri,unknown,sri,wordfreq:ro,wordfreq_seeded;deterministically_filtered;structurally_curated
ro,v1,3,2647,2673,steve,steve,steve,unknown,steve,wordfreq:ro,wordfreq_seeded;deterministically_filtered;structurally_curated
ro,v1,3,2648,2674,studenți,studenți,studenți,unknown,studenți,wordfreq:ro,wordfreq_seeded;deterministically_filtered;structurally_curated
ro,v1,3,2649,2675,sună,sună,sună,unknown,sună,wordfreq:ro,wordfreq_seeded;deterministically_filtered;structurally_curated
ro,v1,3,2650,2676,surpriză,surpriză,surpriză,unknown,surpriză,wordfreq:ro,wordfreq_seeded;deterministically_filtered;structurally_curated
ro,v1,3,2651,2677,taie,taie,taie,unknown,taie,wordfreq:ro,wordfreq_seeded;deterministically_filtered;structurally_curated
ro,v1,3,2652,2678,tata,tata,tata,unknown,tata,wordfreq:ro,wordfreq_seeded;deterministically_filtered;structurally_curated
ro,v1,3,2653,2679,televizor,televizor,televizor,unknown,televizor,wordfreq:ro,wordfreq_seeded;deterministically_filtered;structurally_curated
ro,v1,3,2654,2680,treptat,treptat,treptat,unknown,treptat,wordfreq:ro,wordfreq_seeded;deterministically_filtered;structurally_curated
ro,v1,3,2655,2681,trezit,trezit,trezit,unknown,trezit,wordfreq:ro,wordfreq_seeded;deterministically_filtered;structurally_curated
ro,v1,3,2656,2682,urmărește,urmărește,urmărește,unknown,urmărește,wordfreq:ro,wordfreq_seeded;deterministically_filtered;structurally_curated
ro,v1,3,2657,2683,vot,vot,vot,unknown,vot,wordfreq:ro,wordfreq_seeded;deterministically_filtered;structurally_curated
ro,v1,3,2658,2684,îndoială,îndoială,îndoială,unknown,îndoială,wordfreq:ro,wordfreq_seeded;deterministically_filtered;structurally_curated
ro,v1,3,2659,2685,știri,știri,știri,unknown,știri,wordfreq:ro,wordfreq_seeded;deterministically_filtered;structurally_curated
ro,v1,3,2660,2686,acelasi,acelasi,acelasi,unknown,acelasi,wordfreq:ro,wordfreq_seeded;deterministically_filtered;structurally_curated
ro,v1,3,2661,2687,alimentare,alimentare,alimentare,unknown,alimentare,wordfreq:ro,wordfreq_seeded;deterministically_filtered;structurally_curated
ro,v1,3,2662,2688,americii,americii,americii,unknown,americii,wordfreq:ro,wordfreq_seeded;deterministically_filtered;structurally_curated
ro,v1,3,2663,2689,animalelor,animalelor,animalelor,unknown,animalelor,wordfreq:ro,wordfreq_seeded;deterministically_filtered;structurally_curated
ro,v1,3,2664,2690,asigură,asigură,asigură,unknown,asigură,wordfreq:ro,wordfreq_seeded;deterministically_filtered;structurally_curated
ro,v1,3,2665,2691,bere,bere,bere,unknown,bere,wordfreq:ro,wordfreq_seeded;deterministically_filtered;structurally_curated
ro,v1,3,2666,2692,bătut,bătut,bătut,unknown,bătut,wordfreq:ro,wordfreq_seeded;deterministically_filtered;structurally_curated
ro,v1,3,2667,2693,centrului,centrului,centrului,unknown,centrului,wordfreq:ro,wordfreq_seeded;deterministically_filtered;structurally_curated
ro,v1,3,2668,2694,cristina,cristina,cristina,unknown,cristina,wordfreq:ro,wordfreq_seeded;deterministically_filtered;structurally_curated
ro,v1,3,2669,2695,curte,curte,curte,unknown,curte,wordfreq:ro,wordfreq_seeded;deterministically_filtered;structurally_curated
ro,v1,3,2670,2696,democrat,democrat,democrat,unknown,democrat,wordfreq:ro,wordfreq_seeded;deterministically_filtered;structurally_curated
ro,v1,3,2671,2697,descrie,descrie,descrie,unknown,descrie,wordfreq:ro,wordfreq_seeded;deterministically_filtered;structurally_curated
ro,v1,3,2672,2698,dezvoltă,dezvoltă,dezvoltă,unknown,dezvoltă,wordfreq:ro,wordfreq_seeded;deterministically_filtered;structurally_curated
ro,v1,3,2673,2699,dunării,dunării,dunării,unknown,dunării,wordfreq:ro,wordfreq_seeded;deterministically_filtered;structurally_curated
ro,v1,3,2674,2700,expoziție,expoziție,expoziție,unknown,expoziție,wordfreq:ro,wordfreq_seeded;deterministically_filtered;structurally_curated
ro,v1,3,2675,2701,global,global,global,unknown,global,wordfreq:ro,wordfreq_seeded;deterministically_filtered;structurally_curated
ro,v1,3,2676,2702,gratis,gratis,gratis,unknown,gratis,wordfreq:ro,wordfreq_seeded;deterministically_filtered;structurally_curated
ro,v1,3,2677,2703,iisus,iisus,iisus,unknown,iisus,wordfreq:ro,wordfreq_seeded;deterministically_filtered;structurally_curated
ro,v1,3,2678,2704,indică,indică,indică,unknown,indică,wordfreq:ro,wordfreq_seeded;deterministically_filtered;structurally_curated
ro,v1,3,2679,2705,introducerea,introducerea,introducerea,unknown,introducerea,wordfreq:ro,wordfreq_seeded;deterministically_filtered;structurally_curated
ro,v1,3,2680,2706,ioana,ioana,ioana,unknown,ioana,wordfreq:ro,wordfreq_seeded;deterministically_filtered;structurally_curated
ro,v1,3,2681,2707,kim,kim,kim,unknown,kim,wordfreq:ro,wordfreq_seeded;deterministically_filtered;structurally_curated
ro,v1,3,2682,2708,libertate,libertate,libertate,unknown,libertate,wordfreq:ro,wordfreq_seeded;deterministically_filtered;structurally_curated
ro,v1,3,2683,2709,localități,localități,localități,unknown,localități,wordfreq:ro,wordfreq_seeded;deterministically_filtered;structurally_curated
ro,v1,3,2684,2710,lucreze,lucreze,lucreze,unknown,lucreze,wordfreq:ro,wordfreq_seeded;deterministically_filtered;structurally_curated
ro,v1,3,2685,2711,mass,mass,mass,unknown,mass,wordfreq:ro,wordfreq_seeded;deterministically_filtered;structurally_curated
ro,v1,3,2686,2712,micul,micul,micul,unknown,micul,wordfreq:ro,wordfreq_seeded;deterministically_filtered;structurally_curated
ro,v1,3,2687,2713,paralel,paralel,paralel,unknown,paralel,wordfreq:ro,wordfreq_seeded;deterministically_filtered;structurally_curated
ro,v1,3,2688,2714,parlament,parlament,parlament,unknown,parlament,wordfreq:ro,wordfreq_seeded;deterministically_filtered;structurally_curated
ro,v1,3,2689,2715,planeta,planeta,planeta,unknown,planeta,wordfreq:ro,wordfreq_seeded;deterministically_filtered;structurally_curated
ro,v1,3,2690,2716,pleca,pleca,pleca,unknown,pleca,wordfreq:ro,wordfreq_seeded;deterministically_filtered;structurally_curated
ro,v1,3,2691,2717,poporul,poporul,poporul,unknown,poporul,wordfreq:ro,wordfreq_seeded;deterministically_filtered;structurally_curated
ro,v1,3,2692,2718,prezentate,prezentate,prezentate,unknown,prezentate,wordfreq:ro,wordfreq_seeded;deterministically_filtered;structurally_curated
ro,v1,3,2693,2719,prețul,prețul,prețul,unknown,prețul,wordfreq:ro,wordfreq_seeded;deterministically_filtered;structurally_curated
ro,v1,3,2694,2720,primă,primă,primă,unknown,primă,wordfreq:ro,wordfreq_seeded;deterministically_filtered;structurally_curated
ro,v1,3,2695,2721,principala,principala,principala,unknown,principala,wordfreq:ro,wordfreq_seeded;deterministically_filtered;structurally_curated
ro,v1,3,2696,2722,regionale,regionale,regionale,unknown,regionale,wordfreq:ro,wordfreq_seeded;deterministically_filtered;structurally_curated
ro,v1,3,2697,2723,romanul,romanul,romanul,unknown,romanul,wordfreq:ro,wordfreq_seeded;deterministically_filtered;structurally_curated
ro,v1,3,2698,2724,serviciile,serviciile,serviciile,unknown,serviciile,wordfreq:ro,wordfreq_seeded;deterministically_filtered;structurally_curated
ro,v1,3,2699,2725,str,str,str,unknown,str,wordfreq:ro,wordfreq_seeded;deterministically_filtered;structurally_curated
ro,v1,3,2700,2726,supraveghere,supraveghere,supraveghere,unknown,supraveghere,wordfreq:ro,wordfreq_seeded;deterministically_filtered;structurally_curated
ro,v1,3,2701,2727,surprins,surprins,surprins,unknown,surprins,wordfreq:ro,wordfreq_seeded;deterministically_filtered;structurally_curated
ro,v1,3,2702,2728,teamă,teamă,teamă,unknown,teamă,wordfreq:ro,wordfreq_seeded;deterministically_filtered;structurally_curated
ro,v1,3,2703,2729,vaslui,vaslui,vaslui,unknown,vaslui,wordfreq:ro,wordfreq_seeded;deterministically_filtered;structurally_curated
ro,v1,3,2704,2730,veti,veti,veti,unknown,veti,wordfreq:ro,wordfreq_seeded;deterministically_filtered;structurally_curated
ro,v1,3,2705,2731,vinde,vinde,vinde,unknown,vinde,wordfreq:ro,wordfreq_seeded;deterministically_filtered;structurally_curated
ro,v1,3,2706,2732,vreți,vreți,vreți,unknown,vreți,wordfreq:ro,wordfreq_seeded;deterministically_filtered;structurally_curated
ro,v1,3,2707,2733,încheierea,încheierea,încheierea,unknown,încheierea,wordfreq:ro,wordfreq_seeded;deterministically_filtered;structurally_curated
ro,v1,3,2708,2734,științifică,științifică,științifică,unknown,științifică,wordfreq:ro,wordfreq_seeded;deterministically_filtered;structurally_curated
ro,v1,3,2709,2735,acordul,acordul,acordul,unknown,acordul,wordfreq:ro,wordfreq_seeded;deterministically_filtered;structurally_curated
ro,v1,3,2710,2736,alegi,alegi,alegi,unknown,alegi,wordfreq:ro,wordfreq_seeded;deterministically_filtered;structurally_curated
ro,v1,3,2711,2737,analiză,analiză,analiză,unknown,analiză,wordfreq:ro,wordfreq_seeded;deterministically_filtered;structurally_curated
ro,v1,3,2712,2738,britanic,britanic,britanic,unknown,britanic,wordfreq:ro,wordfreq_seeded;deterministically_filtered;structurally_curated
ro,v1,3,2713,2739,calcul,calcul,calcul,unknown,calcul,wordfreq:ro,wordfreq_seeded;deterministically_filtered;structurally_curated
ro,v1,3,2714,2740,california,california,california,unknown,california,wordfreq:ro,wordfreq_seeded;deterministically_filtered;structurally_curated
ro,v1,3,2715,2741,competiție,competiție,competiție,unknown,competiție,wordfreq:ro,wordfreq_seeded;deterministically_filtered;structurally_curated
ro,v1,3,2716,2742,confirmat,confirmat,confirmat,unknown,confirmat,wordfreq:ro,wordfreq_seeded;deterministically_filtered;structurally_curated
ro,v1,3,2717,2743,constant,constant,constant,unknown,constant,wordfreq:ro,wordfreq_seeded;deterministically_filtered;structurally_curated
ro,v1,3,2718,2744,construită,construită,construită,unknown,construită,wordfreq:ro,wordfreq_seeded;deterministically_filtered;structurally_curated
ro,v1,3,2719,2745,copilărie,copilărie,copilărie,unknown,copilărie,wordfreq:ro,wordfreq_seeded;deterministically_filtered;structurally_curated
ro,v1,3,2720,2746,cântec,cântec,cântec,unknown,cântec,wordfreq:ro,wordfreq_seeded;deterministically_filtered;structurally_curated
ro,v1,3,2721,2747,căsătorie,căsătorie,căsătorie,unknown,căsătorie,wordfreq:ro,wordfreq_seeded;deterministically_filtered;structurally_curated
ro,v1,3,2722,2748,datoria,datoria,datoria,unknown,datoria,wordfreq:ro,wordfreq_seeded;deterministically_filtered;structurally_curated
ro,v1,3,2723,2749,dejun,dejun,dejun,unknown,dejun,wordfreq:ro,wordfreq_seeded;deterministically_filtered;structurally_curated
ro,v1,3,2724,2750,deputat,deputat,deputat,unknown,deputat,wordfreq:ro,wordfreq_seeded;deterministically_filtered;structurally_curated
ro,v1,3,2725,2751,deputaților,deputaților,deputaților,unknown,deputaților,wordfreq:ro,wordfreq_seeded;deterministically_filtered;structurally_curated
ro,v1,3,2726,2752,detalii,detalii,detalii,unknown,detalii,wordfreq:ro,wordfreq_seeded;deterministically_filtered;structurally_curated
ro,v1,3,2727,2753,determină,determină,determină,unknown,determină,wordfreq:ro,wordfreq_seeded;deterministically_filtered;structurally_curated
ro,v1,3,2728,2754,discuta,discuta,discuta,unknown,discuta,wordfreq:ro,wordfreq_seeded;deterministically_filtered;structurally_curated
ro,v1,3,2729,2755,durează,durează,durează,unknown,durează,wordfreq:ro,wordfreq_seeded;deterministically_filtered;structurally_curated
ro,v1,3,2730,2756,esti,esti,esti,unknown,esti,wordfreq:ro,wordfreq_seeded;deterministically_filtered;structurally_curated
ro,v1,3,2731,2757,estul,estul,estul,unknown,estul,wordfreq:ro,wordfreq_seeded;deterministically_filtered;structurally_curated
ro,v1,3,2732,2758,evrei,evrei,evrei,unknown,evrei,wordfreq:ro,wordfreq_seeded;deterministically_filtered;structurally_curated
ro,v1,3,2733,2759,fiului,fiului,fiului,unknown,fiului,wordfreq:ro,wordfreq_seeded;deterministically_filtered;structurally_curated
ro,v1,3,2734,2760,fondul,fondul,fondul,unknown,fondul,wordfreq:ro,wordfreq_seeded;deterministically_filtered;structurally_curated
ro,v1,3,2735,2761,frumoasa,frumoasa,frumoasa,unknown,frumoasa,wordfreq:ro,wordfreq_seeded;deterministically_filtered;structurally_curated
ro,v1,3,2736,2762,hotărârea,hotărârea,hotărârea,unknown,hotărârea,wordfreq:ro,wordfreq_seeded;deterministically_filtered;structurally_curated
ro,v1,3,2737,2763,ies,ies,ies,unknown,ies,wordfreq:ro,wordfreq_seeded;deterministically_filtered;structurally_curated
ro,v1,3,2738,2764,istorică,istorică,istorică,unknown,istorică,wordfreq:ro,wordfreq_seeded;deterministically_filtered;structurally_curated
ro,v1,3,2739,2765,lase,lase,lase,unknown,lase,wordfreq:ro,wordfreq_seeded;deterministically_filtered;structurally_curated
ro,v1,3,2740,2766,luca,luca,luca,unknown,luca,wordfreq:ro,wordfreq_seeded;deterministically_filtered;structurally_curated
ro,v1,3,2741,2767,minune,minune,minune,unknown,minune,wordfreq:ro,wordfreq_seeded;deterministically_filtered;structurally_curated
ro,v1,3,2742,2768,momente,momente,momente,unknown,momente,wordfreq:ro,wordfreq_seeded;deterministically_filtered;structurally_curated
ro,v1,3,2743,2769,participanți,participanți,participanți,unknown,participanți,wordfreq:ro,wordfreq_seeded;deterministically_filtered;structurally_curated
ro,v1,3,2744,2770,pește,pește,pește,unknown,pește,wordfreq:ro,wordfreq_seeded;deterministically_filtered;structurally_curated
ro,v1,3,2745,2771,polițiștii,polițiștii,polițiștii,unknown,polițiștii,wordfreq:ro,wordfreq_seeded;deterministically_filtered;structurally_curated
ro,v1,3,2746,2772,primăria,primăria,primăria,unknown,primăria,wordfreq:ro,wordfreq_seeded;deterministically_filtered;structurally_curated
ro,v1,3,2747,2773,primăvara,primăvara,primăvara,unknown,primăvara,wordfreq:ro,wordfreq_seeded;deterministically_filtered;structurally_curated
ro,v1,3,2748,2774,principiul,principiul,principiul,unknown,principiul,wordfreq:ro,wordfreq_seeded;deterministically_filtered;structurally_curated
ro,v1,3,2749,2775,producător,producător,producător,unknown,producător,wordfreq:ro,wordfreq_seeded;deterministically_filtered;structurally_curated
ro,v1,3,2750,2776,reacție,reacție,reacție,unknown,reacție,wordfreq:ro,wordfreq_seeded;deterministically_filtered;structurally_curated
ro,v1,3,2751,2777,reguli,reguli,reguli,unknown,reguli,wordfreq:ro,wordfreq_seeded;deterministically_filtered;structurally_curated
ro,v1,3,2752,2778,renunțat,renunțat,renunțat,unknown,renunțat,wordfreq:ro,wordfreq_seeded;deterministically_filtered;structurally_curated
ro,v1,3,2753,2779,rezistență,rezistență,rezistență,unknown,rezistență,wordfreq:ro,wordfreq_seeded;deterministically_filtered;structurally_curated
ro,v1,3,2754,2780,rost,rost,rost,unknown,rost,wordfreq:ro,wordfreq_seeded;deterministically_filtered;structurally_curated
ro,v1,3,2755,2781,ruse,ruse,ruse,unknown,ruse,wordfreq:ro,wordfreq_seeded;deterministically_filtered;structurally_curated
ro,v1,3,2756,2782,sam,sam,sam,unknown,sam,wordfreq:ro,wordfreq_seeded;deterministically_filtered;structurally_curated
ro,v1,3,2757,2783,schimbe,schimbe,schimbe,unknown,schimbe,wordfreq:ro,wordfreq_seeded;deterministically_filtered;structurally_curated
ro,v1,3,2758,2784,schimbări,schimbări,schimbări,unknown,schimbări,wordfreq:ro,wordfreq_seeded;deterministically_filtered;structurally_curated
ro,v1,3,2759,2785,scriitor,scriitor,scriitor,unknown,scriitor,wordfreq:ro,wordfreq_seeded;deterministically_filtered;structurally_curated
ro,v1,3,2760,2786,scurte,scurte,scurte,unknown,scurte,wordfreq:ro,wordfreq_seeded;deterministically_filtered;structurally_curated
ro,v1,3,2761,2787,separat,separat,separat,unknown,separat,wordfreq:ro,wordfreq_seeded;deterministically_filtered;structurally_curated
ro,v1,3,2762,2788,situată,situată,situată,unknown,situată,wordfreq:ro,wordfreq_seeded;deterministically_filtered;structurally_curated
ro,v1,3,2763,2789,spectacolul,spectacolul,spectacolul,unknown,spectacolul,wordfreq:ro,wordfreq_seeded;deterministically_filtered;structurally_curated
ro,v1,3,2764,2790,sun,sun,sun,unknown,sun,wordfreq:ro,wordfreq_seeded;deterministically_filtered;structurally_curated
ro,v1,3,2765,2791,tată,tată,tată,unknown,tată,wordfreq:ro,wordfreq_seeded;deterministically_filtered;structurally_curated
ro,v1,3,2766,2792,tineretului,tineretului,tineretului,unknown,tineretului,wordfreq:ro,wordfreq_seeded;deterministically_filtered;structurally_curated
ro,v1,3,2767,2793,tratament,tratament,tratament,unknown,tratament,wordfreq:ro,wordfreq_seeded;deterministically_filtered;structurally_curated
ro,v1,3,2768,2794,trăim,trăim,trăim,unknown,trăim,wordfreq:ro,wordfreq_seeded;deterministically_filtered;structurally_curated
ro,v1,3,2769,2795,unitățile,unitățile,unitățile,unknown,unitățile,wordfreq:ro,wordfreq_seeded;deterministically_filtered;structurally_curated
ro,v1,3,2770,2796,urban,urban,urban,unknown,urban,wordfreq:ro,wordfreq_seeded;deterministically_filtered;structurally_curated
ro,v1,3,2771,2797,utilizare,utilizare,utilizare,unknown,utilizare,wordfreq:ro,wordfreq_seeded;deterministically_filtered;structurally_curated
ro,v1,3,2772,2798,viena,viena,viena,unknown,viena,wordfreq:ro,wordfreq_seeded;deterministically_filtered;structurally_curated
ro,v1,3,2773,2799,xix,xix,xix,unknown,xix,wordfreq:ro,wordfreq_seeded;deterministically_filtered;structurally_curated
ro,v1,3,2774,2800,ăla,ăla,ăla,unknown,ăla,wordfreq:ro,wordfreq_seeded;deterministically_filtered;structurally_curated
ro,v1,3,2775,2801,adaugă,adaugă,adaugă,unknown,adaugă,wordfreq:ro,wordfreq_seeded;deterministically_filtered;structurally_curated
ro,v1,3,2776,2802,alan,alan,alan,unknown,alan,wordfreq:ro,wordfreq_seeded;deterministically_filtered;structurally_curated
ro,v1,3,2777,2803,album,album,album,unknown,album,wordfreq:ro,wordfreq_seeded;deterministically_filtered;structurally_curated
ro,v1,3,2778,2804,artistic,artistic,artistic,unknown,artistic,wordfreq:ro,wordfreq_seeded;deterministically_filtered;structurally_curated
ro,v1,3,2779,2805,ascunde,ascunde,ascunde,unknown,ascunde,wordfreq:ro,wordfreq_seeded;deterministically_filtered;structurally_curated
ro,v1,3,2780,2806,bea,bea,bea,unknown,bea,wordfreq:ro,wordfreq_seeded;deterministically_filtered;structurally_curated
ro,v1,3,2781,2807,binele,binele,binele,unknown,binele,wordfreq:ro,wordfreq_seeded;deterministically_filtered;structurally_curated
ro,v1,3,2782,2808,băiat,băiat,băiat,unknown,băiat,wordfreq:ro,wordfreq_seeded;deterministically_filtered;structurally_curated
ro,v1,3,2783,2809,campionatului,campionatului,campionatului,unknown,campionatului,wordfreq:ro,wordfreq_seeded;deterministically_filtered;structurally_curated
ro,v1,3,2784,2810,cancer,cancer,cancer,unknown,cancer,wordfreq:ro,wordfreq_seeded;deterministically_filtered;structurally_curated
ro,v1,3,2785,2811,carmen,carmen,carmen,unknown,carmen,wordfreq:ro,wordfreq_seeded;deterministically_filtered;structurally_curated
ro,v1,3,2786,2812,ceas,ceas,ceas,unknown,ceas,wordfreq:ro,wordfreq_seeded;deterministically_filtered;structurally_curated
ro,v1,3,2787,2813,citi,citi,citi,unknown,citi,wordfreq:ro,wordfreq_seeded;deterministically_filtered;structurally_curated
ro,v1,3,2788,2814,client,client,client,unknown,client,wordfreq:ro,wordfreq_seeded;deterministically_filtered;structurally_curated
ro,v1,3,2789,2815,considera,considera,considera,unknown,considera,wordfreq:ro,wordfreq_seeded;deterministically_filtered;structurally_curated
ro,v1,3,2790,2816,considerate,considerate,considerate,unknown,considerate,wordfreq:ro,wordfreq_seeded;deterministically_filtered;structurally_curated
ro,v1,3,2791,2817,constituit,constituit,constituit,unknown,constituit,wordfreq:ro,wordfreq_seeded;deterministically_filtered;structurally_curated
ro,v1,3,2792,2818,creștini,creștini,creștini,unknown,creștini,wordfreq:ro,wordfreq_seeded;deterministically_filtered;structurally_curated
ro,v1,3,2793,2819,câți,câți,câți,unknown,câți,wordfreq:ro,wordfreq_seeded;deterministically_filtered;structurally_curated
ro,v1,3,2794,2820,definitiv,definitiv,definitiv,unknown,definitiv,wordfreq:ro,wordfreq_seeded;deterministically_filtered;structurally_curated
ro,v1,3,2795,2821,descriere,descriere,descriere,unknown,descriere,wordfreq:ro,wordfreq_seeded;deterministically_filtered;structurally_curated
ro,v1,3,2796,2822,devenind,devenind,devenind,unknown,devenind,wordfreq:ro,wordfreq_seeded;deterministically_filtered;structurally_curated
ro,v1,3,2797,2823,domnule,domnule,domnule,unknown,domnule,wordfreq:ro,wordfreq_seeded;deterministically_filtered;structurally_curated
ro,v1,3,2798,2824,droguri,droguri,droguri,unknown,droguri,wordfreq:ro,wordfreq_seeded;deterministically_filtered;structurally_curated
ro,v1,3,2799,2825,ediții,ediții,ediții,unknown,ediții,wordfreq:ro,wordfreq_seeded;deterministically_filtered;structurally_curated
ro,v1,3,2800,2826,elevi,elevi,elevi,unknown,elevi,wordfreq:ro,wordfreq_seeded;deterministically_filtered;structurally_curated
ro,v1,3,2801,2827,excelent,excelent,excelent,unknown,excelent,wordfreq:ro,wordfreq_seeded;deterministically_filtered;structurally_curated
ro,v1,3,2802,2828,exprimat,exprimat,exprimat,unknown,exprimat,wordfreq:ro,wordfreq_seeded;deterministically_filtered;structurally_curated
ro,v1,3,2803,2829,fire,fire,fire,unknown,fire,wordfreq:ro,wordfreq_seeded;deterministically_filtered;structurally_curated
ro,v1,3,2804,2830,focul,focul,focul,unknown,focul,wordfreq:ro,wordfreq_seeded;deterministically_filtered;structurally_curated
ro,v1,3,2805,2831,folosească,folosească,folosească,unknown,folosească,wordfreq:ro,wordfreq_seeded;deterministically_filtered;structurally_curated
ro,v1,3,2806,2832,fostului,fostului,fostului,unknown,fostului,wordfreq:ro,wordfreq_seeded;deterministically_filtered;structurally_curated
ro,v1,3,2807,2833,gaze,gaze,gaze,unknown,gaze,wordfreq:ro,wordfreq_seeded;deterministically_filtered;structurally_curated
ro,v1,3,2808,2834,goluri,goluri,goluri,unknown,goluri,wordfreq:ro,wordfreq_seeded;deterministically_filtered;structurally_curated
ro,v1,3,2809,2835,iarna,iarna,iarna,unknown,iarna,wordfreq:ro,wordfreq_seeded;deterministically_filtered;structurally_curated
ro,v1,3,2810,2836,inițiat,inițiat,inițiat,unknown,inițiat,wordfreq:ro,wordfreq_seeded;deterministically_filtered;structurally_curated
ro,v1,3,2811,2837,inițiativa,inițiativa,inițiativa,unknown,inițiativa,wordfreq:ro,wordfreq_seeded;deterministically_filtered;structurally_curated
ro,v1,3,2812,2838,instrument,instrument,instrument,unknown,instrument,wordfreq:ro,wordfreq_seeded;deterministically_filtered;structurally_curated
ro,v1,3,2813,2839,interesul,interesul,interesul,unknown,interesul,wordfreq:ro,wordfreq_seeded;deterministically_filtered;structurally_curated
ro,v1,3,2814,2840,justiție,justiție,justiție,unknown,justiție,wordfreq:ro,wordfreq_seeded;deterministically_filtered;structurally_curated
ro,v1,3,2815,2841,maior,maior,maior,unknown,maior,wordfreq:ro,wordfreq_seeded;deterministically_filtered;structurally_curated
ro,v1,3,2816,2842,masculin,masculin,masculin,unknown,masculin,wordfreq:ro,wordfreq_seeded;deterministically_filtered;structurally_curated
ro,v1,3,2817,2843,matematică,matematică,matematică,unknown,matematică,wordfreq:ro,wordfreq_seeded;deterministically_filtered;structurally_curated
ro,v1,3,2818,2844,membre,membre,membre,unknown,membre,wordfreq:ro,wordfreq_seeded;deterministically_filtered;structurally_curated
ro,v1,3,2819,2845,modificări,modificări,modificări,unknown,modificări,wordfreq:ro,wordfreq_seeded;deterministically_filtered;structurally_curated
ro,v1,3,2820,2846,mulțumim,mulțumim,mulțumim,unknown,mulțumim,wordfreq:ro,wordfreq_seeded;deterministically_filtered;structurally_curated
ro,v1,3,2821,2847,obiectiv,obiectiv,obiectiv,unknown,obiectiv,wordfreq:ro,wordfreq_seeded;deterministically_filtered;structurally_curated
ro,v1,3,2822,2848,partener,partener,partener,unknown,partener,wordfreq:ro,wordfreq_seeded;deterministically_filtered;structurally_curated
ro,v1,3,2823,2849,pilot,pilot,pilot,unknown,pilot,wordfreq:ro,wordfreq_seeded;deterministically_filtered;structurally_curated
ro,v1,3,2824,2850,plătească,plătească,plătească,unknown,plătească,wordfreq:ro,wordfreq_seeded;deterministically_filtered;structurally_curated
ro,v1,3,2825,2851,propriile,propriile,propriile,unknown,propriile,wordfreq:ro,wordfreq_seeded;deterministically_filtered;structurally_curated
ro,v1,3,2826,2852,pusă,pusă,pusă,unknown,pusă,wordfreq:ro,wordfreq_seeded;deterministically_filtered;structurally_curated
ro,v1,3,2827,2853,părut,părut,părut,unknown,părut,wordfreq:ro,wordfreq_seeded;deterministically_filtered;structurally_curated
ro,v1,3,2828,2854,păstrat,păstrat,păstrat,unknown,păstrat,wordfreq:ro,wordfreq_seeded;deterministically_filtered;structurally_curated
ro,v1,3,2829,2855,reprezenta,reprezenta,reprezenta,unknown,reprezenta,wordfreq:ro,wordfreq_seeded;deterministically_filtered;structurally_curated
ro,v1,3,2830,2856,reușește,reușește,reușește,unknown,reușește,wordfreq:ro,wordfreq_seeded;deterministically_filtered;structurally_curated
ro,v1,3,2831,2857,revine,revine,revine,unknown,revine,wordfreq:ro,wordfreq_seeded;deterministically_filtered;structurally_curated
ro,v1,3,2832,2858,rose,rose,rose,unknown,rose,wordfreq:ro,wordfreq_seeded;deterministically_filtered;structurally_curated
ro,v1,3,2833,2859,rugat,rugat,rugat,unknown,rugat,wordfreq:ro,wordfreq_seeded;deterministically_filtered;structurally_curated
ro,v1,3,2834,2860,războiului,războiului,războiului,unknown,războiului,wordfreq:ro,wordfreq_seeded;deterministically_filtered;structurally_curated
ro,v1,3,2835,2861,sigură,sigură,sigură,unknown,sigură,wordfreq:ro,wordfreq_seeded;deterministically_filtered;structurally_curated
ro,v1,3,2836,2862,simbol,simbol,simbol,unknown,simbol,wordfreq:ro,wordfreq_seeded;deterministically_filtered;structurally_curated
ro,v1,3,2837,2863,spirit,spirit,spirit,unknown,spirit,wordfreq:ro,wordfreq_seeded;deterministically_filtered;structurally_curated
ro,v1,3,2838,2864,sportive,sportive,sportive,unknown,sportive,wordfreq:ro,wordfreq_seeded;deterministically_filtered;structurally_curated
ro,v1,3,2839,2865,tony,tony,tony,unknown,tony,wordfreq:ro,wordfreq_seeded;deterministically_filtered;structurally_curated
ro,v1,3,2840,2866,tradiția,tradiția,tradiția,unknown,tradiția,wordfreq:ro,wordfreq_seeded;deterministically_filtered;structurally_curated
ro,v1,3,2841,2867,trupa,trupa,trupa,unknown,trupa,wordfreq:ro,wordfreq_seeded;deterministically_filtered;structurally_curated
ro,v1,3,2842,2868,uit,uit,uit,unknown,uit,wordfreq:ro,wordfreq_seeded;deterministically_filtered;structurally_curated
ro,v1,3,2843,2869,unic,unic,unic,unknown,unic,wordfreq:ro,wordfreq_seeded;deterministically_filtered;structurally_curated
ro,v1,3,2844,2870,universul,universul,universul,unknown,universul,wordfreq:ro,wordfreq_seeded;deterministically_filtered;structurally_curated
ro,v1,3,2845,2871,variante,variante,variante,unknown,variante,wordfreq:ro,wordfreq_seeded;deterministically_filtered;structurally_curated
ro,v1,3,2846,2872,versiune,versiune,versiune,unknown,versiune,wordfreq:ro,wordfreq_seeded;deterministically_filtered;structurally_curated
ro,v1,3,2847,2873,vârf,vârf,vârf,unknown,vârf,wordfreq:ro,wordfreq_seeded;deterministically_filtered;structurally_curated
ro,v1,3,2848,2874,xx,xx,xx,unknown,xx,wordfreq:ro,wordfreq_seeded;deterministically_filtered;structurally_curated
ro,v1,3,2849,2875,încerc,încerc,încerc,unknown,încerc,wordfreq:ro,wordfreq_seeded;deterministically_filtered;structurally_curated
ro,v1,3,2850,2876,încercare,încercare,încercare,unknown,încercare,wordfreq:ro,wordfreq_seeded;deterministically_filtered;structurally_curated
ro,v1,3,2851,2877,încheie,încheie,încheie,unknown,încheie,wordfreq:ro,wordfreq_seeded;deterministically_filtered;structurally_curated
ro,v1,3,2852,2878,întregul,întregul,întregul,unknown,întregul,wordfreq:ro,wordfreq_seeded;deterministically_filtered;structurally_curated
ro,v1,3,2853,2879,întâlni,întâlni,întâlni,unknown,întâlni,wordfreq:ro,wordfreq_seeded;deterministically_filtered;structurally_curated
ro,v1,3,2854,2881,activitățile,activitățile,activitățile,unknown,activitățile,wordfreq:ro,wordfreq_seeded;deterministically_filtered;structurally_curated
ro,v1,3,2855,2882,actul,actul,actul,unknown,actul,wordfreq:ro,wordfreq_seeded;deterministically_filtered;structurally_curated
ro,v1,3,2856,2883,alice,alice,alice,unknown,alice,wordfreq:ro,wordfreq_seeded;deterministically_filtered;structurally_curated
ro,v1,3,2857,2884,angeles,angeles,angeles,unknown,angeles,wordfreq:ro,wordfreq_seeded;deterministically_filtered;structurally_curated
ro,v1,3,2858,2885,antonescu,antonescu,antonescu,unknown,antonescu,wordfreq:ro,wordfreq_seeded;deterministically_filtered;structurally_curated
ro,v1,3,2859,2886,apele,apele,apele,unknown,apele,wordfreq:ro,wordfreq_seeded;deterministically_filtered;structurally_curated
ro,v1,3,2860,2887,artistice,artistice,artistice,unknown,artistice,wordfreq:ro,wordfreq_seeded;deterministically_filtered;structurally_curated
ro,v1,3,2861,2888,aveti,aveti,aveti,unknown,aveti,wordfreq:ro,wordfreq_seeded;deterministically_filtered;structurally_curated
ro,v1,3,2862,2889,bogată,bogată,bogată,unknown,bogată,wordfreq:ro,wordfreq_seeded;deterministically_filtered;structurally_curated
ro,v1,3,2863,2890,ciudat,ciudat,ciudat,unknown,ciudat,wordfreq:ro,wordfreq_seeded;deterministically_filtered;structurally_curated
ro,v1,3,2864,2891,complexe,complexe,complexe,unknown,complexe,wordfreq:ro,wordfreq_seeded;deterministically_filtered;structurally_curated
ro,v1,3,2865,2892,comunitate,comunitate,comunitate,unknown,comunitate,wordfreq:ro,wordfreq_seeded;deterministically_filtered;structurally_curated
ro,v1,3,2866,2893,cui,cui,cui,unknown,cui,wordfreq:ro,wordfreq_seeded;deterministically_filtered;structurally_curated
ro,v1,3,2867,2894,câmp,câmp,câmp,unknown,câmp,wordfreq:ro,wordfreq_seeded;deterministically_filtered;structurally_curated
ro,v1,3,2868,2895,câștigă,câștigă,câștigă,unknown,câștigă,wordfreq:ro,wordfreq_seeded;deterministically_filtered;structurally_curated
ro,v1,3,2869,2896,căci,căci,căci,unknown,căci,wordfreq:ro,wordfreq_seeded;deterministically_filtered;structurally_curated
ro,v1,3,2870,2897,deosebită,deosebită,deosebită,unknown,deosebită,wordfreq:ro,wordfreq_seeded;deterministically_filtered;structurally_curated
ro,v1,3,2871,2898,digital,digital,digital,unknown,digital,wordfreq:ro,wordfreq_seeded;deterministically_filtered;structurally_curated
ro,v1,3,2872,2899,disponibile,disponibile,disponibile,unknown,disponibile,wordfreq:ro,wordfreq_seeded;deterministically_filtered;structurally_curated
ro,v1,3,2873,2900,dispus,dispus,dispus,unknown,dispus,wordfreq:ro,wordfreq_seeded;deterministically_filtered;structurally_curated
ro,v1,3,2874,2901,dor,dor,dor,unknown,dor,wordfreq:ro,wordfreq_seeded;deterministically_filtered;structurally_curated
ro,v1,3,2875,2902,episcop,episcop,episcop,unknown,episcop,wordfreq:ro,wordfreq_seeded;deterministically_filtered;structurally_curated
ro,v1,3,2876,2903,etapă,etapă,etapă,unknown,etapă,wordfreq:ro,wordfreq_seeded;deterministically_filtered;structurally_curated
ro,v1,3,2877,2904,facultate,facultate,facultate,unknown,facultate,wordfreq:ro,wordfreq_seeded;deterministically_filtered;structurally_curated
ro,v1,3,2878,2905,federației,federației,federației,unknown,federației,wordfreq:ro,wordfreq_seeded;deterministically_filtered;structurally_curated
ro,v1,3,2879,2906,forțelor,forțelor,forțelor,unknown,forțelor,wordfreq:ro,wordfreq_seeded;deterministically_filtered;structurally_curated
ro,v1,3,2880,2907,gheață,gheață,gheață,unknown,gheață,wordfreq:ro,wordfreq_seeded;deterministically_filtered;structurally_curated
ro,v1,3,2881,2908,group,group,group,unknown,group,wordfreq:ro,wordfreq_seeded;deterministically_filtered;structurally_curated
ro,v1,3,2882,2909,instituție,instituție,instituție,unknown,instituție,wordfreq:ro,wordfreq_seeded;deterministically_filtered;structurally_curated
ro,v1,3,2883,2910,interesează,interesează,interesează,unknown,interesează,wordfreq:ro,wordfreq_seeded;deterministically_filtered;structurally_curated
ro,v1,3,2884,2911,iosif,iosif,iosif,unknown,iosif,wordfreq:ro,wordfreq_seeded;deterministically_filtered;structurally_curated
ro,v1,3,2885,2912,japonia,japonia,japonia,unknown,japonia,wordfreq:ro,wordfreq_seeded;deterministically_filtered;structurally_curated
ro,v1,3,2886,2913,liberal,liberal,liberal,unknown,liberal,wordfreq:ro,wordfreq_seeded;deterministically_filtered;structurally_curated
ro,v1,3,2887,2914,luate,luate,luate,unknown,luate,wordfreq:ro,wordfreq_seeded;deterministically_filtered;structurally_curated
ro,v1,3,2888,2915,medicamente,medicamente,medicamente,unknown,medicamente,wordfreq:ro,wordfreq_seeded;deterministically_filtered;structurally_curated
ro,v1,3,2889,2916,metal,metal,metal,unknown,metal,wordfreq:ro,wordfreq_seeded;deterministically_filtered;structurally_curated
ro,v1,3,2890,2917,microsoft,microsoft,microsoft,unknown,microsoft,wordfreq:ro,wordfreq_seeded;deterministically_filtered;structurally_curated
ro,v1,3,2891,2918,modalitate,modalitate,modalitate,unknown,modalitate,wordfreq:ro,wordfreq_seeded;deterministically_filtered;structurally_curated
ro,v1,3,2892,2919,multumesc,multumesc,multumesc,unknown,multumesc,wordfreq:ro,wordfreq_seeded;deterministically_filtered;structurally_curated
ro,v1,3,2893,2920,nave,nave,nave,unknown,nave,wordfreq:ro,wordfreq_seeded;deterministically_filtered;structurally_curated
ro,v1,3,2894,2921,noile,noile,noile,unknown,noile,wordfreq:ro,wordfreq_seeded;deterministically_filtered;structurally_curated
ro,v1,3,2895,2922,obțină,obțină,obțină,unknown,obțină,wordfreq:ro,wordfreq_seeded;deterministically_filtered;structurally_curated
ro,v1,3,2896,2923,ocazie,ocazie,ocazie,unknown,ocazie,wordfreq:ro,wordfreq_seeded;deterministically_filtered;structurally_curated
ro,v1,3,2897,2924,operare,operare,operare,unknown,operare,wordfreq:ro,wordfreq_seeded;deterministically_filtered;structurally_curated
ro,v1,3,2898,2925,organizare,organizare,organizare,unknown,organizare,wordfreq:ro,wordfreq_seeded;deterministically_filtered;structurally_curated
ro,v1,3,2899,2926,partenerul,partenerul,partenerul,unknown,partenerul,wordfreq:ro,wordfreq_seeded;deterministically_filtered;structurally_curated
ro,v1,3,2900,2927,pereche,pereche,pereche,unknown,pereche,wordfreq:ro,wordfreq_seeded;deterministically_filtered;structurally_curated
ro,v1,3,2901,2928,plăti,plăti,plăti,unknown,plăti,wordfreq:ro,wordfreq_seeded;deterministically_filtered;structurally_curated
ro,v1,3,2902,2929,poezia,poezia,poezia,unknown,poezia,wordfreq:ro,wordfreq_seeded;deterministically_filtered;structurally_curated
ro,v1,3,2903,2930,potențial,potențial,potențial,unknown,potențial,wordfreq:ro,wordfreq_seeded;deterministically_filtered;structurally_curated
ro,v1,3,2904,2931,prahova,prahova,prahova,unknown,prahova,wordfreq:ro,wordfreq_seeded;deterministically_filtered;structurally_curated
ro,v1,3,2905,2932,pregătiți,pregătiți,pregătiți,unknown,pregătiți,wordfreq:ro,wordfreq_seeded;deterministically_filtered;structurally_curated
ro,v1,3,2906,2933,presiune,presiune,presiune,unknown,presiune,wordfreq:ro,wordfreq_seeded;deterministically_filtered;structurally_curated
ro,v1,3,2907,2934,puterile,puterile,puterile,unknown,puterile,wordfreq:ro,wordfreq_seeded;deterministically_filtered;structurally_curated
ro,v1,3,2908,2935,păstra,păstra,păstra,unknown,păstra,wordfreq:ro,wordfreq_seeded;deterministically_filtered;structurally_curated
ro,v1,3,2909,2936,reale,reale,reale,unknown,reale,wordfreq:ro,wordfreq_seeded;deterministically_filtered;structurally_curated
ro,v1,3,2910,2937,respins,respins,respins,unknown,respins,wordfreq:ro,wordfreq_seeded;deterministically_filtered;structurally_curated
ro,v1,3,2911,2938,ridicate,ridicate,ridicate,unknown,ridicate,wordfreq:ro,wordfreq_seeded;deterministically_filtered;structurally_curated
ro,v1,3,2912,2939,rock,rock,rock,unknown,rock,wordfreq:ro,wordfreq_seeded;deterministically_filtered;structurally_curated
ro,v1,3,2913,2940,roger,roger,roger,unknown,roger,wordfreq:ro,wordfreq_seeded;deterministically_filtered;structurally_curated
ro,v1,3,2914,2941,sare,sare,sare,unknown,sare,wordfreq:ro,wordfreq_seeded;deterministically_filtered;structurally_curated
ro,v1,3,2915,2942,sistemele,sistemele,sistemele,unknown,sistemele,wordfreq:ro,wordfreq_seeded;deterministically_filtered;structurally_curated
ro,v1,3,2916,2943,spiritul,spiritul,spiritul,unknown,spiritul,wordfreq:ro,wordfreq_seeded;deterministically_filtered;structurally_curated
ro,v1,3,2917,2944,test,test,test,unknown,test,wordfreq:ro,wordfreq_seeded;deterministically_filtered;structurally_curated
ro,v1,3,2918,2945,titluri,titluri,titluri,unknown,titluri,wordfreq:ro,wordfreq_seeded;deterministically_filtered;structurally_curated
ro,v1,3,2919,2946,turneul,turneul,turneul,unknown,turneul,wordfreq:ro,wordfreq_seeded;deterministically_filtered;structurally_curated
ro,v1,3,2920,2947,ulei,ulei,ulei,unknown,ulei,wordfreq:ro,wordfreq_seeded;deterministically_filtered;structurally_curated
ro,v1,3,2921,2948,ulterioare,ulterioare,ulterioare,unknown,ulterioare,wordfreq:ro,wordfreq_seeded;deterministically_filtered;structurally_curated
ro,v1,3,2922,2949,uscat,uscat,uscat,unknown,uscat,wordfreq:ro,wordfreq_seeded;deterministically_filtered;structurally_curated
ro,v1,3,2923,2950,vacanță,vacanță,vacanță,unknown,vacanță,wordfreq:ro,wordfreq_seeded;deterministically_filtered;structurally_curated
ro,v1,3,2924,2951,vânătoare,vânătoare,vânătoare,unknown,vânătoare,wordfreq:ro,wordfreq_seeded;deterministically_filtered;structurally_curated
ro,v1,3,2925,2952,întregii,întregii,întregii,unknown,întregii,wordfreq:ro,wordfreq_seeded;deterministically_filtered;structurally_curated
ro,v1,3,2926,2953,științific,științific,științific,unknown,științific,wordfreq:ro,wordfreq_seeded;deterministically_filtered;structurally_curated
ro,v1,3,2927,2954,acoperă,acoperă,acoperă,unknown,acoperă,wordfreq:ro,wordfreq_seeded;deterministically_filtered;structurally_curated
ro,v1,3,2928,2955,actualul,actualul,actualul,unknown,actualul,wordfreq:ro,wordfreq_seeded;deterministically_filtered;structurally_curated
ro,v1,3,2929,2956,administrației,administrației,administrației,unknown,administrației,wordfreq:ro,wordfreq_seeded;deterministically_filtered;structurally_curated
ro,v1,3,2930,2957,afle,afle,afle,unknown,afle,wordfreq:ro,wordfreq_seeded;deterministically_filtered;structurally_curated
ro,v1,3,2931,2958,ansamblul,ansamblul,ansamblul,unknown,ansamblul,wordfreq:ro,wordfreq_seeded;deterministically_filtered;structurally_curated
ro,v1,3,2932,2959,antrenor,antrenor,antrenor,unknown,antrenor,wordfreq:ro,wordfreq_seeded;deterministically_filtered;structurally_curated
ro,v1,3,2933,2960,apucat,apucat,apucat,unknown,apucat,wordfreq:ro,wordfreq_seeded;deterministically_filtered;structurally_curated
ro,v1,3,2934,2961,apărarea,apărarea,apărarea,unknown,apărarea,wordfreq:ro,wordfreq_seeded;deterministically_filtered;structurally_curated
ro,v1,3,2935,2962,aspectul,aspectul,aspectul,unknown,aspectul,wordfreq:ro,wordfreq_seeded;deterministically_filtered;structurally_curated
ro,v1,3,2936,2963,așezat,așezat,așezat,unknown,așezat,wordfreq:ro,wordfreq_seeded;deterministically_filtered;structurally_curated
ro,v1,3,2937,2964,bancă,bancă,bancă,unknown,bancă,wordfreq:ro,wordfreq_seeded;deterministically_filtered;structurally_curated
ro,v1,3,2938,2965,big,big,big,unknown,big,wordfreq:ro,wordfreq_seeded;deterministically_filtered;structurally_curated
ro,v1,3,2939,2966,catre,catre,catre,unknown,catre,wordfreq:ro,wordfreq_seeded;deterministically_filtered;structurally_curated
ro,v1,3,2940,2967,clasice,clasice,clasice,unknown,clasice,wordfreq:ro,wordfreq_seeded;deterministically_filtered;structurally_curated
ro,v1,3,2941,2968,colecție,colecție,colecție,unknown,colecție,wordfreq:ro,wordfreq_seeded;deterministically_filtered;structurally_curated
ro,v1,3,2942,2969,comunicare,comunicare,comunicare,unknown,comunicare,wordfreq:ro,wordfreq_seeded;deterministically_filtered;structurally_curated
ro,v1,3,2943,2970,conceptul,conceptul,conceptul,unknown,conceptul,wordfreq:ro,wordfreq_seeded;deterministically_filtered;structurally_curated
ro,v1,3,2944,2971,concerte,concerte,concerte,unknown,concerte,wordfreq:ro,wordfreq_seeded;deterministically_filtered;structurally_curated
ro,v1,3,2945,2972,căuta,căuta,căuta,unknown,căuta,wordfreq:ro,wordfreq_seeded;deterministically_filtered;structurally_curated
ro,v1,3,2946,2973,decide,decide,decide,unknown,decide,wordfreq:ro,wordfreq_seeded;deterministically_filtered;structurally_curated
ro,v1,3,2947,2974,economiei,economiei,economiei,unknown,economiei,wordfreq:ro,wordfreq_seeded;deterministically_filtered;structurally_curated
ro,v1,3,2948,2975,efectele,efectele,efectele,unknown,efectele,wordfreq:ro,wordfreq_seeded;deterministically_filtered;structurally_curated
ro,v1,3,2949,2976,explică,explică,explică,unknown,explică,wordfreq:ro,wordfreq_seeded;deterministically_filtered;structurally_curated
ro,v1,3,2950,2977,furat,furat,furat,unknown,furat,wordfreq:ro,wordfreq_seeded;deterministically_filtered;structurally_curated
ro,v1,3,2951,2978,generație,generație,generație,unknown,generație,wordfreq:ro,wordfreq_seeded;deterministically_filtered;structurally_curated
ro,v1,3,2952,2979,grupa,grupa,grupa,unknown,grupa,wordfreq:ro,wordfreq_seeded;deterministically_filtered;structurally_curated
ro,v1,3,2953,2980,industriale,industriale,industriale,unknown,industriale,wordfreq:ro,wordfreq_seeded;deterministically_filtered;structurally_curated
ro,v1,3,2954,2981,influență,influență,influență,unknown,influență,wordfreq:ro,wordfreq_seeded;deterministically_filtered;structurally_curated
ro,v1,3,2955,2982,informațiile,informațiile,informațiile,unknown,informațiile,wordfreq:ro,wordfreq_seeded;deterministically_filtered;structurally_curated
ro,v1,3,2956,2983,iubește,iubește,iubește,unknown,iubește,wordfreq:ro,wordfreq_seeded;deterministically_filtered;structurally_curated
ro,v1,3,2957,2984,joace,joace,joace,unknown,joace,wordfreq:ro,wordfreq_seeded;deterministically_filtered;structurally_curated
ro,v1,3,2958,2985,lectură,lectură,lectură,unknown,lectură,wordfreq:ro,wordfreq_seeded;deterministically_filtered;structurally_curated
ro,v1,3,2959,2986,libere,libere,libere,unknown,libere,wordfreq:ro,wordfreq_seeded;deterministically_filtered;structurally_curated
ro,v1,3,2960,2987,liceului,liceului,liceului,unknown,liceului,wordfreq:ro,wordfreq_seeded;deterministically_filtered;structurally_curated
ro,v1,3,2961,2988,literare,literare,literare,unknown,literare,wordfreq:ro,wordfreq_seeded;deterministically_filtered;structurally_curated
ro,v1,3,2962,2989,marelui,marelui,marelui,unknown,marelui,wordfreq:ro,wordfreq_seeded;deterministically_filtered;structurally_curated
ro,v1,3,2963,2990,me,me,me,unknown,me,wordfreq:ro,wordfreq_seeded;deterministically_filtered;structurally_curated
ro,v1,3,2964,2991,memorie,memorie,memorie,unknown,memorie,wordfreq:ro,wordfreq_seeded;deterministically_filtered;structurally_curated
ro,v1,3,2965,2992,nordul,nordul,nordul,unknown,nordul,wordfreq:ro,wordfreq_seeded;deterministically_filtered;structurally_curated
ro,v1,3,2966,2993,oferta,oferta,oferta,unknown,oferta,wordfreq:ro,wordfreq_seeded;deterministically_filtered;structurally_curated
ro,v1,3,2967,2994,opinia,opinia,opinia,unknown,opinia,wordfreq:ro,wordfreq_seeded;deterministically_filtered;structurally_curated
ro,v1,3,2968,2995,opri,opri,opri,unknown,opri,wordfreq:ro,wordfreq_seeded;deterministically_filtered;structurally_curated
ro,v1,3,2969,2996,perioadei,perioadei,perioadei,unknown,perioadei,wordfreq:ro,wordfreq_seeded;deterministically_filtered;structurally_curated
ro,v1,3,2970,2997,personalități,personalități,personalități,unknown,personalități,wordfreq:ro,wordfreq_seeded;deterministically_filtered;structurally_curated
ro,v1,3,2971,2998,plăcută,plăcută,plăcută,unknown,plăcută,wordfreq:ro,wordfreq_seeded;deterministically_filtered;structurally_curated
ro,v1,3,2972,2999,pod,pod,pod,unknown,pod,wordfreq:ro,wordfreq_seeded;deterministically_filtered;structurally_curated
ro,v1,3,2973,3000,privesc,privesc,privesc,unknown,privesc,wordfreq:ro,wordfreq_seeded;deterministically_filtered;structurally_curated
ro,v1,3,2974,3001,proprie,proprie,proprie,unknown,proprie,wordfreq:ro,wordfreq_seeded;deterministically_filtered;structurally_curated
ro,v1,3,2975,3002,puteri,puteri,puteri,unknown,puteri,wordfreq:ro,wordfreq_seeded;deterministically_filtered;structurally_curated
ro,v1,3,2976,3003,recunoaște,recunoaște,recunoaște,unknown,recunoaște,wordfreq:ro,wordfreq_seeded;deterministically_filtered;structurally_curated
ro,v1,3,2977,3004,reveni,reveni,reveni,unknown,reveni,wordfreq:ro,wordfreq_seeded;deterministically_filtered;structurally_curated
ro,v1,3,2978,3005,rezolva,rezolva,rezolva,unknown,rezolva,wordfreq:ro,wordfreq_seeded;deterministically_filtered;structurally_curated
ro,v1,3,2979,3006,rezultă,rezultă,rezultă,unknown,rezultă,wordfreq:ro,wordfreq_seeded;deterministically_filtered;structurally_curated
ro,v1,3,2980,3007,schimbul,schimbul,schimbul,unknown,schimbul,wordfreq:ro,wordfreq_seeded;deterministically_filtered;structurally_curated
ro,v1,3,2981,3008,similar,similar,similar,unknown,similar,wordfreq:ro,wordfreq_seeded;deterministically_filtered;structurally_curated
ro,v1,3,2982,3009,situații,situații,situații,unknown,situații,wordfreq:ro,wordfreq_seeded;deterministically_filtered;structurally_curated
ro,v1,3,2983,3010,smith,smith,smith,unknown,smith,wordfreq:ro,wordfreq_seeded;deterministically_filtered;structurally_curated
ro,v1,3,2984,3011,soldat,soldat,soldat,unknown,soldat,wordfreq:ro,wordfreq_seeded;deterministically_filtered;structurally_curated
ro,v1,3,2985,3012,soluție,soluție,soluție,unknown,soluție,wordfreq:ro,wordfreq_seeded;deterministically_filtered;structurally_curated
ro,v1,3,2986,3013,spectacole,spectacole,spectacole,unknown,spectacole,wordfreq:ro,wordfreq_seeded;deterministically_filtered;structurally_curated
ro,v1,3,2987,3014,sursa,sursa,sursa,unknown,sursa,wordfreq:ro,wordfreq_seeded;deterministically_filtered;structurally_curated
ro,v1,3,2988,3015,tehnologie,tehnologie,tehnologie,unknown,tehnologie,wordfreq:ro,wordfreq_seeded;deterministically_filtered;structurally_curated
ro,v1,3,2989,3016,tinere,tinere,tinere,unknown,tinere,wordfreq:ro,wordfreq_seeded;deterministically_filtered;structurally_curated
ro,v1,3,2990,3017,trăiască,trăiască,trăiască,unknown,trăiască,wordfreq:ro,wordfreq_seeded;deterministically_filtered;structurally_curated
ro,v1,3,2991,3018,variantă,variantă,variantă,unknown,variantă,wordfreq:ro,wordfreq_seeded;deterministically_filtered;structurally_curated
ro,v1,3,2992,3019,victime,victime,victime,unknown,victime,wordfreq:ro,wordfreq_seeded;deterministically_filtered;structurally_curated
ro,v1,3,2993,3020,viii,viii,viii,unknown,viii,wordfreq:ro,wordfreq_seeded;deterministically_filtered;structurally_curated
ro,v1,3,2994,3021,vorbească,vorbească,vorbească,unknown,vorbească,wordfreq:ro,wordfreq_seeded;deterministically_filtered;structurally_curated
ro,v1,3,2995,3022,vorbind,vorbind,vorbind,unknown,vorbind,wordfreq:ro,wordfreq_seeded;deterministically_filtered;structurally_curated
ro,v1,3,2996,3023,închisă,închisă,închisă,unknown,închisă,wordfreq:ro,wordfreq_seeded;deterministically_filtered;structurally_curated
ro,v1,3,2997,3024,înregistrate,înregistrate,înregistrate,unknown,înregistrate,wordfreq:ro,wordfreq_seeded;deterministically_filtered;structurally_curated
ro,v1,3,2998,3025,întreabă,întreabă,întreabă,unknown,întreabă,wordfreq:ro,wordfreq_seeded;deterministically_filtered;structurally_curated
ro,v1,3,2999,3026,ști,ști,ști,unknown,ști,wordfreq:ro,wordfreq_seeded;deterministically_filtered;structurally_curated
ro,v1,3,3000,3027,ție,ție,ție,unknown,ție,wordfreq:ro,wordfreq_seeded;deterministically_filtered;structurally_curated
