language,frequency_list_version,level,rank,source_rank,display_form,lemma,lemma_key,part_of_speech,definition_seed,source_provenance,curation_flags
en,v1,1,1,1,the,the,the,unknown,the,wordfreq:en,wordfreq_seeded;deterministically_filtered;structurally_curated
en,v1,1,2,2,to,to,to,unknown,to,wordfreq:en,wordfreq_seeded;deterministically_filtered;structurally_curated
en,v1,1,3,3,and,and,and,unknown,and,wordfreq:en,wordfreq_seeded;deterministically_filtered;structurally_curated
en,v1,1,4,4,of,of,of,unknown,of,wordfreq:en,wordfreq_seeded;deterministically_filtered;structurally_curated
en,v1,1,5,5,a,a,a,unknown,a,wordfreq:en,wordfreq_seeded;deterministically_filtered;structurally_curated
en,v1,1,6,6,in,in,in,unknown,in,wordfreq:en,wordfreq_seeded;deterministically_filtered;structurally_curated
en,v1,1,7,7,i,i,i,unknown,i,wordfreq:en,wordfreq_seeded;deterministically_filtered;structurally_curated
en,v1,1,8,8,is,is,is,unknown,is,wordfreq:en,wordfreq_seeded;deterministically_filtered;structurally_curated
en,v1,1,9,9,for,for,for,unknown,for,wordfreq:en,wordfreq_seeded;deterministically_filtered;structurally_curated
en,v1,1,10,10,that,that,that,unknown,that,wordfreq:en,wordfreq_seeded;deterministically_filtered;structurally_curated
en,v1,1,11,11,you,you,you,unknown,you,wordfreq:en,wordfreq_seeded;deterministically_filtered;structurally_curated
en,v1,1,12,12,it,it,it,unknown,it,wordfreq:en,wordfreq_seeded;deterministically_filtered;structurally_curated
en,v1,1,13,13,on,on,on,unknown,on,wordfreq:en,wordfreq_seeded;deterministically_filtered;structurally_curated
en,v1,1,14,14,with,with,with,unknown,with,wordfreq:en,wordfreq_seeded;deterministically_filtered;structurally_curated
en,v1,1,15,16,this,this,this,unknown,this,wordfreq:en,wordfreq_seeded;deterministically_filtered;structurally_curated
en,v1,1,16,17,was,was,was,unknown,was,wordfreq:en,wordfreq_seeded;deterministically_filtered;structurally_curated
en,v1,1,17,18,be,be,be,unknown,be,wordfreq:en,wordfreq_seeded;deterministically_filtered;structurally_curated
en,v1,1,18,19,as,as,as,unknown,as,wordfreq:en,wordfreq_seeded;deterministically_filtered;structurally_curated
en,v1,1,19,20,are,are,are,unknown,are,wordfreq:en,wordfreq_seeded;deterministically_filtered;structurally_curated
en,v1,1,20,21,have,have,have,unknown,have,wordfreq:en,wordfreq_seeded;deterministically_filtered;structurally_curated
en,v1,1,21,22,at,at,at,unknown,at,wordfreq:en,wordfreq_seeded;deterministically_filtered;structurally_curated
en,v1,1,22,23,he,he,he,unknown,he,wordfreq:en,wordfreq_seeded;deterministically_filtered;structurally_curated
en,v1,1,23,24,not,not,not,unknown,not,wordfreq:en,wordfreq_seeded;deterministically_filtered;structurally_curated
en,v1,1,24,25,by,by,by,unknown,by,wordfreq:en,wordfreq_seeded;deterministically_filtered;structurally_curated
en,v1,1,25,27,but,but,but,unknown,but,wordfreq:en,wordfreq_seeded;deterministically_filtered;structurally_curated
en,v1,1,26,28,from,from,from,unknown,from,wordfreq:en,wordfreq_seeded;deterministically_filtered;structurally_curated
en,v1,1,27,29,my,my,my,unknown,my,wordfreq:en,wordfreq_seeded;deterministically_filtered;structurally_curated
en,v1,1,28,30,or,or,or,unknown,or,wordfreq:en,wordfreq_seeded;deterministically_filtered;structurally_curated
en,v1,1,29,31,we,we,we,unknown,we,wordfreq:en,wordfreq_seeded;deterministically_filtered;structurally_curated
en,v1,1,30,32,an,an,an,unknown,an,wordfreq:en,wordfreq_seeded;deterministically_filtered;structurally_curated
en,v1,1,31,33,your,your,your,unknown,your,wordfreq:en,wordfreq_seeded;deterministically_filtered;structurally_curated
en,v1,1,32,34,all,all,all,unknown,all,wordfreq:en,wordfreq_seeded;deterministically_filtered;structurally_curated
en,v1,1,33,35,so,so,so,unknown,so,wordfreq:en,wordfreq_seeded;deterministically_filtered;structurally_curated
en,v1,1,34,36,his,his,his,unknown,his,wordfreq:en,wordfreq_seeded;deterministically_filtered;structurally_curated
en,v1,1,35,37,they,they,they,unknown,they,wordfreq:en,wordfreq_seeded;deterministically_filtered;structurally_curated
en,v1,1,36,38,me,me,me,unknown,me,wordfreq:en,wordfreq_seeded;deterministically_filtered;structurally_curated
en,v1,1,37,39,if,if,if,unknown,if,wordfreq:en,wordfreq_seeded;deterministically_filtered;structurally_curated
en,v1,1,38,40,one,one,one,unknown,one,wordfreq:en,wordfreq_seeded;deterministically_filtered;structurally_curated
en,v1,1,39,41,can,can,can,unknown,can,wordfreq:en,wordfreq_seeded;deterministically_filtered;structurally_curated
en,v1,1,40,42,will,will,will,unknown,will,wordfreq:en,wordfreq_seeded;deterministically_filtered;structurally_curated
en,v1,1,41,43,just,just,just,unknown,just,wordfreq:en,wordfreq_seeded;deterministically_filtered;structurally_curated
en,v1,1,42,44,like,like,like,unknown,like,wordfreq:en,wordfreq_seeded;deterministically_filtered;structurally_curated
en,v1,1,43,45,about,about,about,unknown,about,wordfreq:en,wordfreq_seeded;deterministically_filtered;structurally_curated
en,v1,1,44,46,up,up,up,unknown,up,wordfreq:en,wordfreq_seeded;deterministically_filtered;structurally_curated
en,v1,1,45,47,out,out,out,unknown,out,wordfreq:en,wordfreq_seeded;deterministically_filtered;structurally_curated
en,v1,1,46,48,what,what,what,unknown,what,wordfreq:en,wordfreq_seeded;deterministically_filtered;structurally_curated
en,v1,1,47,49,has,has,has,unknown,has,wordfreq:en,wordfreq_seeded;deterministically_filtered;structurally_curated
en,v1,1,48,50,when,when,when,unknown,when,wordfreq:en,wordfreq_seeded;deterministically_filtered;structurally_curated
en,v1,1,49,51,more,more,more,unknown,more,wordfreq:en,wordfreq_seeded;deterministically_filtered;structurally_curated
en,v1,1,50,52,do,do,do,unknown,do,wordfreq:en,wordfreq_seeded;deterministically_filtered;structurally_curated
en,v1,1,51,53,no,no,no,unknown,no,wordfreq:en,wordfreq_seeded;deterministically_filtered;structurally_curated
en,v1,1,52,54,were,were,were,unknown,were,wordfreq:en,wordfreq_seeded;deterministically_filtered;structurally_curated
en,v1,1,53,55,who,who,who,unknown,who,wordfreq:en,wordfreq_seeded;deterministically_filtered;structurally_curated
en,v1,1,54,56,had,had,had,unknown,had,wordfreq:en,wordfreq_seeded;deterministically_filtered;structurally_curated
en,v1,1,55,57,it's,it's,it's,unknown,it's,wordfreq:en,wordfreq_seeded;deterministically_filtered;structurally_curated
en,v1,1,56,58,their,their,their,unknown,their,wordfreq:en,wordfreq_seeded;deterministically_filtered;structurally_curated
en,v1,1,57,59,there,there,there,unknown,there,wordfreq:en,wordfreq_seeded;deterministically_filtered;structurally_curated
en,v1,1,58,60,her,her,her,unknown,her,wordfreq:en,wordfreq_seeded;deterministically_filtered;structurally_curated
en,v1,1,59,61,which,which,which,unknown,which,wordfreq:en,wordfreq_seeded;deterministically_filtered;structurally_curated
en,v1,1,60,62,time,time,time,unknown,time,wordfreq:en,wordfreq_seeded;deterministically_filtered;structurally_curated
en,v1,1,61,63,get,get,get,unknown,get,wordfreq:en,wordfreq_seeded;deterministically_filtered;structurally_curated
en,v1,1,62,64,been,been,been,unknown,been,wordfreq:en,wordfreq_seeded;deterministically_filtered;structurally_curated
en,v1,1,63,65,would,would,would,unknown,would,wordfreq:en,wordfreq_seeded;deterministically_filtered;structurally_curated
en,v1,1,64,67,she,she,she,unknown,she,wordfreq:en,wordfreq_seeded;deterministically_filtered;structurally_curated
en,v1,1,65,68,new,new,new,unknown,new,wordfreq:en,wordfreq_seeded;deterministically_filtered;structurally_curated
en,v1,1,66,69,people,people,people,unknown,people,wordfreq:en,wordfreq_seeded;deterministically_filtered;structurally_curated
en,v1,1,67,70,how,how,how,unknown,how,wordfreq:en,wordfreq_seeded;deterministically_filtered;structurally_curated
en,v1,1,68,71,don't,don't,don't,unknown,don't,wordfreq:en,wordfreq_seeded;deterministically_filtered;structurally_curated
en,v1,1,69,72,some,some,some,unknown,some,wordfreq:en,wordfreq_seeded;deterministically_filtered;structurally_curated
en,v1,1,70,73,also,also,also,unknown,also,wordfreq:en,wordfreq_seeded;deterministically_filtered;structurally_curated
en,v1,1,71,74,them,them,them,unknown,them,wordfreq:en,wordfreq_seeded;deterministically_filtered;structurally_curated
en,v1,1,72,75,now,now,now,unknown,now,wordfreq:en,wordfreq_seeded;deterministically_filtered;structurally_curated
en,v1,1,73,76,other,other,other,unknown,other,wordfreq:en,wordfreq_seeded;deterministically_filtered;structurally_curated
en,v1,1,74,77,i'm,i'm,i'm,unknown,i'm,wordfreq:en,wordfreq_seeded;deterministically_filtered;structurally_curated
en,v1,1,75,78,its,its,its,unknown,its,wordfreq:en,wordfreq_seeded;deterministically_filtered;structurally_curated
en,v1,1,76,79,our,our,our,unknown,our,wordfreq:en,wordfreq_seeded;deterministically_filtered;structurally_curated
en,v1,1,77,80,than,than,than,unknown,than,wordfreq:en,wordfreq_seeded;deterministically_filtered;structurally_curated
en,v1,1,78,81,good,good,good,unknown,good,wordfreq:en,wordfreq_seeded;deterministically_filtered;structurally_curated
en,v1,1,79,82,only,only,only,unknown,only,wordfreq:en,wordfreq_seeded;deterministically_filtered;structurally_curated
en,v1,1,80,83,after,after,after,unknown,after,wordfreq:en,wordfreq_seeded;deterministically_filtered;structurally_curated
en,v1,1,81,84,first,first,first,unknown,first,wordfreq:en,wordfreq_seeded;deterministically_filtered;structurally_curated
en,v1,1,82,85,him,him,him,unknown,him,wordfreq:en,wordfreq_seeded;deterministically_filtered;structurally_curated
en,v1,1,83,86,into,into,into,unknown,into,wordfreq:en,wordfreq_seeded;deterministically_filtered;structurally_curated
en,v1,1,84,87,know,know,know,unknown,know,wordfreq:en,wordfreq_seeded;deterministically_filtered;structurally_curated
en,v1,1,85,88,see,see,see,unknown,see,wordfreq:en,wordfreq_seeded;deterministically_filtered;structurally_curated
en,v1,1,86,89,two,two,two,unknown,two,wordfreq:en,wordfreq_seeded;deterministically_filtered;structurally_curated
en,v1,1,87,90,make,make,make,unknown,make,wordfreq:en,wordfreq_seeded;deterministically_filtered;structurally_curated
en,v1,1,88,91,over,over,over,unknown,over,wordfreq:en,wordfreq_seeded;deterministically_filtered;structurally_curated
en,v1,1,89,92,think,think,think,unknown,think,wordfreq:en,wordfreq_seeded;deterministically_filtered;structurally_curated
en,v1,1,90,93,any,any,any,unknown,any,wordfreq:en,wordfreq_seeded;deterministically_filtered;structurally_curated
en,v1,1,91,94,then,then,then,unknown,then,wordfreq:en,wordfreq_seeded;deterministically_filtered;structurally_curated
en,v1,1,92,95,could,could,could,unknown,could,wordfreq:en,wordfreq_seeded;deterministically_filtered;structurally_curated
en,v1,1,93,96,back,back,back,unknown,back,wordfreq:en,wordfreq_seeded;deterministically_filtered;structurally_curated
en,v1,1,94,97,these,these,these,unknown,these,wordfreq:en,wordfreq_seeded;deterministically_filtered;structurally_curated
en,v1,1,95,98,us,us,us,unknown,us,wordfreq:en,wordfreq_seeded;deterministically_filtered;structurally_curated
en,v1,1,96,99,want,want,want,unknown,want,wordfreq:en,wordfreq_seeded;deterministically_filtered;structurally_curated
en,v1,1,97,100,because,because,because,unknown,because,wordfreq:en,wordfreq_seeded;deterministically_filtered;structurally_curated
en,v1,1,98,101,go,go,go,unknown,go,wordfreq:en,wordfreq_seeded;deterministically_filtered;structurally_curated
en,v1,1,99,102,well,well,well,unknown,well,wordfreq:en,wordfreq_seeded;deterministically_filtered;structurally_curated
en,v1,1,100,103,said,said,said,unknown,said,wordfreq:en,wordfreq_seeded;deterministically_filtered;structurally_curated
en,v1,1,101,104,way,way,way,unknown,way,wordfreq:en,wordfreq_seeded;deterministically_filtered;structurally_curated
en,v1,1,102,107,most,most,most,unknown,most,wordfreq:en,wordfreq_seeded;deterministically_filtered;structurally_curated
en,v1,1,103,108,much,much,much,unknown,much,wordfreq:en,wordfreq_seeded;deterministically_filtered;structurally_curated
en,v1,1,104,109,very,very,very,unknown,very,wordfreq:en,wordfreq_seeded;deterministically_filtered;structurally_curated
en,v1,1,105,110,where,where,where,unknown,where,wordfreq:en,wordfreq_seeded;deterministically_filtered;structurally_curated
en,v1,1,106,111,even,even,even,unknown,even,wordfreq:en,wordfreq_seeded;deterministically_filtered;structurally_curated
en,v1,1,107,112,should,should,should,unknown,should,wordfreq:en,wordfreq_seeded;deterministically_filtered;structurally_curated
en,v1,1,108,113,may,may,may,unknown,may,wordfreq:en,wordfreq_seeded;deterministically_filtered;structurally_curated
en,v1,1,109,114,here,here,here,unknown,here,wordfreq:en,wordfreq_seeded;deterministically_filtered;structurally_curated
en,v1,1,110,115,need,need,need,unknown,need,wordfreq:en,wordfreq_seeded;deterministically_filtered;structurally_curated
en,v1,1,111,116,really,really,really,unknown,really,wordfreq:en,wordfreq_seeded;deterministically_filtered;structurally_curated
en,v1,1,112,117,did,did,did,unknown,did,wordfreq:en,wordfreq_seeded;deterministically_filtered;structurally_curated
en,v1,1,113,118,right,right,right,unknown,right,wordfreq:en,wordfreq_seeded;deterministically_filtered;structurally_curated
en,v1,1,114,119,work,work,work,unknown,work,wordfreq:en,wordfreq_seeded;deterministically_filtered;structurally_curated
en,v1,1,115,120,year,year,year,unknown,year,wordfreq:en,wordfreq_seeded;deterministically_filtered;structurally_curated
en,v1,1,116,121,years,years,years,unknown,years,wordfreq:en,wordfreq_seeded;deterministically_filtered;structurally_curated
en,v1,1,117,122,being,being,being,unknown,being,wordfreq:en,wordfreq_seeded;deterministically_filtered;structurally_curated
en,v1,1,118,123,day,day,day,unknown,day,wordfreq:en,wordfreq_seeded;deterministically_filtered;structurally_curated
en,v1,1,119,124,too,too,too,unknown,too,wordfreq:en,wordfreq_seeded;deterministically_filtered;structurally_curated
en,v1,1,120,125,going,going,going,unknown,going,wordfreq:en,wordfreq_seeded;deterministically_filtered;structurally_curated
en,v1,1,121,126,before,before,before,unknown,before,wordfreq:en,wordfreq_seeded;deterministically_filtered;structurally_curated
en,v1,1,122,127,off,off,off,unknown,off,wordfreq:en,wordfreq_seeded;deterministically_filtered;structurally_curated
en,v1,1,123,128,why,why,why,unknown,why,wordfreq:en,wordfreq_seeded;deterministically_filtered;structurally_curated
en,v1,1,124,129,made,made,made,unknown,made,wordfreq:en,wordfreq_seeded;deterministically_filtered;structurally_curated
en,v1,1,125,130,still,still,still,unknown,still,wordfreq:en,wordfreq_seeded;deterministically_filtered;structurally_curated
en,v1,1,126,131,take,take,take,unknown,take,wordfreq:en,wordfreq_seeded;deterministically_filtered;structurally_curated
en,v1,1,127,133,got,got,got,unknown,got,wordfreq:en,wordfreq_seeded;deterministically_filtered;structurally_curated
en,v1,1,128,134,many,many,many,unknown,many,wordfreq:en,wordfreq_seeded;deterministically_filtered;structurally_curated
en,v1,1,129,135,never,never,never,unknown,never,wordfreq:en,wordfreq_seeded;deterministically_filtered;structurally_curated
en,v1,1,130,136,those,those,those,unknown,those,wordfreq:en,wordfreq_seeded;deterministically_filtered;structurally_curated
en,v1,1,131,137,life,life,life,unknown,life,wordfreq:en,wordfreq_seeded;deterministically_filtered;structurally_curated
en,v1,1,132,138,say,say,say,unknown,say,wordfreq:en,wordfreq_seeded;deterministically_filtered;structurally_curated
en,v1,1,133,139,world,world,world,unknown,world,wordfreq:en,wordfreq_seeded;deterministically_filtered;structurally_curated
en,v1,1,134,140,down,down,down,unknown,down,wordfreq:en,wordfreq_seeded;deterministically_filtered;structurally_curated
en,v1,1,135,141,great,great,great,unknown,great,wordfreq:en,wordfreq_seeded;deterministically_filtered;structurally_curated
en,v1,1,136,142,through,through,through,unknown,through,wordfreq:en,wordfreq_seeded;deterministically_filtered;structurally_curated
en,v1,1,137,143,you're,you're,you're,unknown,you're,wordfreq:en,wordfreq_seeded;deterministically_filtered;structurally_curated
en,v1,1,138,144,last,last,last,unknown,last,wordfreq:en,wordfreq_seeded;deterministically_filtered;structurally_curated
en,v1,1,139,145,s,s,s,unknown,s,wordfreq:en,wordfreq_seeded;deterministically_filtered;structurally_curated
en,v1,1,140,146,that's,that's,that's,unknown,that's,wordfreq:en,wordfreq_seeded;deterministically_filtered;structurally_curated
en,v1,1,141,147,while,while,while,unknown,while,wordfreq:en,wordfreq_seeded;deterministically_filtered;structurally_curated
en,v1,1,142,148,best,best,best,unknown,best,wordfreq:en,wordfreq_seeded;deterministically_filtered;structurally_curated
en,v1,1,143,149,such,such,such,unknown,such,wordfreq:en,wordfreq_seeded;deterministically_filtered;structurally_curated
en,v1,1,144,150,love,love,love,unknown,love,wordfreq:en,wordfreq_seeded;deterministically_filtered;structurally_curated
en,v1,1,145,151,man,man,man,unknown,man,wordfreq:en,wordfreq_seeded;deterministically_filtered;structurally_curated
en,v1,1,146,152,home,home,home,unknown,home,wordfreq:en,wordfreq_seeded;deterministically_filtered;structurally_curated
en,v1,1,147,153,long,long,long,unknown,long,wordfreq:en,wordfreq_seeded;deterministically_filtered;structurally_curated
en,v1,1,148,154,look,look,look,unknown,look,wordfreq:en,wordfreq_seeded;deterministically_filtered;structurally_curated
en,v1,1,149,155,something,something,something,unknown,something,wordfreq:en,wordfreq_seeded;deterministically_filtered;structurally_curated
en,v1,1,150,156,use,use,use,unknown,use,wordfreq:en,wordfreq_seeded;deterministically_filtered;structurally_curated
en,v1,1,151,157,can't,can't,can't,unknown,can't,wordfreq:en,wordfreq_seeded;deterministically_filtered;structurally_curated
en,v1,1,152,158,same,same,same,unknown,same,wordfreq:en,wordfreq_seeded;deterministically_filtered;structurally_curated
en,v1,1,153,159,used,used,used,unknown,used,wordfreq:en,wordfreq_seeded;deterministically_filtered;structurally_curated
en,v1,1,154,160,both,both,both,unknown,both,wordfreq:en,wordfreq_seeded;deterministically_filtered;structurally_curated
en,v1,1,155,161,every,every,every,unknown,every,wordfreq:en,wordfreq_seeded;deterministically_filtered;structurally_curated
en,v1,1,156,163,am,am,am,unknown,am,wordfreq:en,wordfreq_seeded;deterministically_filtered;structurally_curated
en,v1,1,157,164,come,come,come,unknown,come,wordfreq:en,wordfreq_seeded;deterministically_filtered;structurally_curated
en,v1,1,158,165,part,part,part,unknown,part,wordfreq:en,wordfreq_seeded;deterministically_filtered;structurally_curated
en,v1,1,159,166,state,state,state,unknown,state,wordfreq:en,wordfreq_seeded;deterministically_filtered;structurally_curated
en,v1,1,160,167,three,three,three,unknown,three,wordfreq:en,wordfreq_seeded;deterministically_filtered;structurally_curated
en,v1,1,161,168,around,around,around,unknown,around,wordfreq:en,wordfreq_seeded;deterministically_filtered;structurally_curated
en,v1,1,162,169,between,between,between,unknown,between,wordfreq:en,wordfreq_seeded;deterministically_filtered;structurally_curated
en,v1,1,163,170,always,always,always,unknown,always,wordfreq:en,wordfreq_seeded;deterministically_filtered;structurally_curated
en,v1,1,164,171,better,better,better,unknown,better,wordfreq:en,wordfreq_seeded;deterministically_filtered;structurally_curated
en,v1,1,165,172,find,find,find,unknown,find,wordfreq:en,wordfreq_seeded;deterministically_filtered;structurally_curated
en,v1,1,166,174,help,help,help,unknown,help,wordfreq:en,wordfreq_seeded;deterministically_filtered;structurally_curated
en,v1,1,167,175,high,high,high,unknown,high,wordfreq:en,wordfreq_seeded;deterministically_filtered;structurally_curated
en,v1,1,168,176,little,little,little,unknown,little,wordfreq:en,wordfreq_seeded;deterministically_filtered;structurally_curated
en,v1,1,169,177,old,old,old,unknown,old,wordfreq:en,wordfreq_seeded;deterministically_filtered;structurally_curated
en,v1,1,170,178,since,since,since,unknown,since,wordfreq:en,wordfreq_seeded;deterministically_filtered;structurally_curated
en,v1,1,171,179,another,another,another,unknown,another,wordfreq:en,wordfreq_seeded;deterministically_filtered;structurally_curated
en,v1,1,172,180,does,does,does,unknown,does,wordfreq:en,wordfreq_seeded;deterministically_filtered;structurally_curated
en,v1,1,173,181,own,own,own,unknown,own,wordfreq:en,wordfreq_seeded;deterministically_filtered;structurally_curated
en,v1,1,174,182,things,things,things,unknown,things,wordfreq:en,wordfreq_seeded;deterministically_filtered;structurally_curated
en,v1,1,175,183,under,under,under,unknown,under,wordfreq:en,wordfreq_seeded;deterministically_filtered;structurally_curated
en,v1,1,176,184,during,during,during,unknown,during,wordfreq:en,wordfreq_seeded;deterministically_filtered;structurally_curated
en,v1,1,177,185,game,game,game,unknown,game,wordfreq:en,wordfreq_seeded;deterministically_filtered;structurally_curated
en,v1,1,178,186,i've,i've,i've,unknown,i've,wordfreq:en,wordfreq_seeded;deterministically_filtered;structurally_curated
en,v1,1,179,187,thing,thing,thing,unknown,thing,wordfreq:en,wordfreq_seeded;deterministically_filtered;structurally_curated
en,v1,1,180,188,give,give,give,unknown,give,wordfreq:en,wordfreq_seeded;deterministically_filtered;structurally_curated
en,v1,1,181,189,house,house,house,unknown,house,wordfreq:en,wordfreq_seeded;deterministically_filtered;structurally_curated
en,v1,1,182,190,place,place,place,unknown,place,wordfreq:en,wordfreq_seeded;deterministically_filtered;structurally_curated
en,v1,1,183,191,school,school,school,unknown,school,wordfreq:en,wordfreq_seeded;deterministically_filtered;structurally_curated
en,v1,1,184,192,again,again,again,unknown,again,wordfreq:en,wordfreq_seeded;deterministically_filtered;structurally_curated
en,v1,1,185,193,next,next,next,unknown,next,wordfreq:en,wordfreq_seeded;deterministically_filtered;structurally_curated
en,v1,1,186,194,each,each,each,unknown,each,wordfreq:en,wordfreq_seeded;deterministically_filtered;structurally_curated
en,v1,1,187,195,mr,mr,mr,unknown,mr,wordfreq:en,wordfreq_seeded;deterministically_filtered;structurally_curated
en,v1,1,188,196,without,without,without,unknown,without,wordfreq:en,wordfreq_seeded;deterministically_filtered;structurally_curated
en,v1,1,189,197,against,against,against,unknown,against,wordfreq:en,wordfreq_seeded;deterministically_filtered;structurally_curated
en,v1,1,190,198,didn't,didn't,didn't,unknown,didn't,wordfreq:en,wordfreq_seeded;deterministically_filtered;structurally_curated
en,v1,1,191,199,end,end,end,unknown,end,wordfreq:en,wordfreq_seeded;deterministically_filtered;structurally_curated
en,v1,1,192,200,found,found,found,unknown,found,wordfreq:en,wordfreq_seeded;deterministically_filtered;structurally_curated
en,v1,1,193,201,must,must,must,unknown,must,wordfreq:en,wordfreq_seeded;deterministically_filtered;structurally_curated
en,v1,1,194,202,show,show,show,unknown,show,wordfreq:en,wordfreq_seeded;deterministically_filtered;structurally_curated
en,v1,1,195,203,big,big,big,unknown,big,wordfreq:en,wordfreq_seeded;deterministically_filtered;structurally_curated
en,v1,1,196,204,feel,feel,feel,unknown,feel,wordfreq:en,wordfreq_seeded;deterministically_filtered;structurally_curated
en,v1,1,197,205,sure,sure,sure,unknown,sure,wordfreq:en,wordfreq_seeded;deterministically_filtered;structurally_curated
en,v1,1,198,206,team,team,team,unknown,team,wordfreq:en,wordfreq_seeded;deterministically_filtered;structurally_curated
en,v1,1,199,207,ever,ever,ever,unknown,ever,wordfreq:en,wordfreq_seeded;deterministically_filtered;structurally_curated
en,v1,1,200,208,family,family,family,unknown,family,wordfreq:en,wordfreq_seeded;deterministically_filtered;structurally_curated
en,v1,1,201,209,keep,keep,keep,unknown,keep,wordfreq:en,wordfreq_seeded;deterministically_filtered;structurally_curated
en,v1,1,202,210,might,might,might,unknown,might,wordfreq:en,wordfreq_seeded;deterministically_filtered;structurally_curated
en,v1,1,203,211,please,please,please,unknown,please,wordfreq:en,wordfreq_seeded;deterministically_filtered;structurally_curated
en,v1,1,204,212,put,put,put,unknown,put,wordfreq:en,wordfreq_seeded;deterministically_filtered;structurally_curated
en,v1,1,205,213,money,money,money,unknown,money,wordfreq:en,wordfreq_seeded;deterministically_filtered;structurally_curated
en,v1,1,206,214,free,free,free,unknown,free,wordfreq:en,wordfreq_seeded;deterministically_filtered;structurally_curated
en,v1,1,207,215,second,second,second,unknown,second,wordfreq:en,wordfreq_seeded;deterministically_filtered;structurally_curated
en,v1,1,208,216,someone,someone,someone,unknown,someone,wordfreq:en,wordfreq_seeded;deterministically_filtered;structurally_curated
en,v1,1,209,217,away,away,away,unknown,away,wordfreq:en,wordfreq_seeded;deterministically_filtered;structurally_curated
en,v1,1,210,218,left,left,left,unknown,left,wordfreq:en,wordfreq_seeded;deterministically_filtered;structurally_curated
en,v1,1,211,219,number,number,number,unknown,number,wordfreq:en,wordfreq_seeded;deterministically_filtered;structurally_curated
en,v1,1,212,220,city,city,city,unknown,city,wordfreq:en,wordfreq_seeded;deterministically_filtered;structurally_curated
en,v1,1,213,221,days,days,days,unknown,days,wordfreq:en,wordfreq_seeded;deterministically_filtered;structurally_curated
en,v1,1,214,222,lot,lot,lot,unknown,lot,wordfreq:en,wordfreq_seeded;deterministically_filtered;structurally_curated
en,v1,1,215,223,name,name,name,unknown,name,wordfreq:en,wordfreq_seeded;deterministically_filtered;structurally_curated
en,v1,1,216,224,night,night,night,unknown,night,wordfreq:en,wordfreq_seeded;deterministically_filtered;structurally_curated
en,v1,1,217,225,play,play,play,unknown,play,wordfreq:en,wordfreq_seeded;deterministically_filtered;structurally_curated
en,v1,1,218,226,until,until,until,unknown,until,wordfreq:en,wordfreq_seeded;deterministically_filtered;structurally_curated
en,v1,1,219,227,company,company,company,unknown,company,wordfreq:en,wordfreq_seeded;deterministically_filtered;structurally_curated
en,v1,1,220,228,doing,doing,doing,unknown,doing,wordfreq:en,wordfreq_seeded;deterministically_filtered;structurally_curated
en,v1,1,221,229,few,few,few,unknown,few,wordfreq:en,wordfreq_seeded;deterministically_filtered;structurally_curated
en,v1,1,222,230,he's,he's,he's,unknown,he's,wordfreq:en,wordfreq_seeded;deterministically_filtered;structurally_curated
en,v1,1,223,231,let,let,let,unknown,let,wordfreq:en,wordfreq_seeded;deterministically_filtered;structurally_curated
en,v1,1,224,232,real,real,real,unknown,real,wordfreq:en,wordfreq_seeded;deterministically_filtered;structurally_curated
en,v1,1,225,234,called,called,called,unknown,called,wordfreq:en,wordfreq_seeded;deterministically_filtered;structurally_curated
en,v1,1,226,235,different,different,different,unknown,different,wordfreq:en,wordfreq_seeded;deterministically_filtered;structurally_curated
en,v1,1,227,236,having,having,having,unknown,having,wordfreq:en,wordfreq_seeded;deterministically_filtered;structurally_curated
en,v1,1,228,237,set,set,set,unknown,set,wordfreq:en,wordfreq_seeded;deterministically_filtered;structurally_curated
en,v1,1,229,238,thought,thought,thought,unknown,thought,wordfreq:en,wordfreq_seeded;deterministically_filtered;structurally_curated
en,v1,1,230,240,done,done,done,unknown,done,wordfreq:en,wordfreq_seeded;deterministically_filtered;structurally_curated
en,v1,1,231,241,however,however,however,unknown,however,wordfreq:en,wordfreq_seeded;deterministically_filtered;structurally_curated
en,v1,1,232,242,getting,getting,getting,unknown,getting,wordfreq:en,wordfreq_seeded;deterministically_filtered;structurally_curated
en,v1,1,233,243,god,god,god,unknown,god,wordfreq:en,wordfreq_seeded;deterministically_filtered;structurally_curated
en,v1,1,234,244,government,government,government,unknown,government,wordfreq:en,wordfreq_seeded;deterministically_filtered;structurally_curated
en,v1,1,235,245,group,group,group,unknown,group,wordfreq:en,wordfreq_seeded;deterministically_filtered;structurally_curated
en,v1,1,236,246,looking,looking,looking,unknown,looking,wordfreq:en,wordfreq_seeded;deterministically_filtered;structurally_curated
en,v1,1,237,247,public,public,public,unknown,public,wordfreq:en,wordfreq_seeded;deterministically_filtered;structurally_curated
en,v1,1,238,248,top,top,top,unknown,top,wordfreq:en,wordfreq_seeded;deterministically_filtered;structurally_curated
en,v1,1,239,249,women,women,women,unknown,women,wordfreq:en,wordfreq_seeded;deterministically_filtered;structurally_curated
en,v1,1,240,250,business,business,business,unknown,business,wordfreq:en,wordfreq_seeded;deterministically_filtered;structurally_curated
en,v1,1,241,251,care,care,care,unknown,care,wordfreq:en,wordfreq_seeded;deterministically_filtered;structurally_curated
en,v1,1,242,252,start,start,start,unknown,start,wordfreq:en,wordfreq_seeded;deterministically_filtered;structurally_curated
en,v1,1,243,253,system,system,system,unknown,system,wordfreq:en,wordfreq_seeded;deterministically_filtered;structurally_curated
en,v1,1,244,254,times,times,times,unknown,times,wordfreq:en,wordfreq_seeded;deterministically_filtered;structurally_curated
en,v1,1,245,255,week,week,week,unknown,week,wordfreq:en,wordfreq_seeded;deterministically_filtered;structurally_curated
en,v1,1,246,257,already,already,already,unknown,already,wordfreq:en,wordfreq_seeded;deterministically_filtered;structurally_curated
en,v1,1,247,258,anything,anything,anything,unknown,anything,wordfreq:en,wordfreq_seeded;deterministically_filtered;structurally_curated
en,v1,1,248,259,case,case,case,unknown,case,wordfreq:en,wordfreq_seeded;deterministically_filtered;structurally_curated
en,v1,1,249,260,nothing,nothing,nothing,unknown,nothing,wordfreq:en,wordfreq_seeded;deterministically_filtered;structurally_curated
en,v1,1,250,261,person,person,person,unknown,person,wordfreq:en,wordfreq_seeded;deterministically_filtered;structurally_curated
en,v1,1,251,262,today,today,today,unknown,today,wordfreq:en,wordfreq_seeded;deterministically_filtered;structurally_curated
en,v1,1,252,263,change,change,change,unknown,change,wordfreq:en,wordfreq_seeded;deterministically_filtered;structurally_curated
en,v1,1,253,264,enough,enough,enough,unknown,enough,wordfreq:en,wordfreq_seeded;deterministically_filtered;structurally_curated
en,v1,1,254,265,everything,everything,everything,unknown,everything,wordfreq:en,wordfreq_seeded;deterministically_filtered;structurally_curated
en,v1,1,255,266,full,full,full,unknown,full,wordfreq:en,wordfreq_seeded;deterministically_filtered;structurally_curated
en,v1,1,256,267,live,live,live,unknown,live,wordfreq:en,wordfreq_seeded;deterministically_filtered;structurally_curated
en,v1,1,257,268,making,making,making,unknown,making,wordfreq:en,wordfreq_seeded;deterministically_filtered;structurally_curated
en,v1,1,258,269,point,point,point,unknown,point,wordfreq:en,wordfreq_seeded;deterministically_filtered;structurally_curated
en,v1,1,259,270,read,read,read,unknown,read,wordfreq:en,wordfreq_seeded;deterministically_filtered;structurally_curated
en,v1,1,260,271,there's,there's,there's,unknown,there's,wordfreq:en,wordfreq_seeded;deterministically_filtered;structurally_curated
en,v1,1,261,272,told,told,told,unknown,told,wordfreq:en,wordfreq_seeded;deterministically_filtered;structurally_curated
en,v1,1,262,273,yet,yet,yet,unknown,yet,wordfreq:en,wordfreq_seeded;deterministically_filtered;structurally_curated
en,v1,1,263,274,bad,bad,bad,unknown,bad,wordfreq:en,wordfreq_seeded;deterministically_filtered;structurally_curated
en,v1,1,264,275,doesn't,doesn't,doesn't,unknown,doesn't,wordfreq:en,wordfreq_seeded;deterministically_filtered;structurally_curated
en,v1,1,265,276,four,four,four,unknown,four,wordfreq:en,wordfreq_seeded;deterministically_filtered;structurally_curated
en,v1,1,266,277,hard,hard,hard,unknown,hard,wordfreq:en,wordfreq_seeded;deterministically_filtered;structurally_curated
en,v1,1,267,278,mean,mean,mean,unknown,mean,wordfreq:en,wordfreq_seeded;deterministically_filtered;structurally_curated
en,v1,1,268,279,once,once,once,unknown,once,wordfreq:en,wordfreq_seeded;deterministically_filtered;structurally_curated
en,v1,1,269,280,support,support,support,unknown,support,wordfreq:en,wordfreq_seeded;deterministically_filtered;structurally_curated
en,v1,1,270,281,tell,tell,tell,unknown,tell,wordfreq:en,wordfreq_seeded;deterministically_filtered;structurally_curated
en,v1,1,271,282,including,including,including,unknown,including,wordfreq:en,wordfreq_seeded;deterministically_filtered;structurally_curated
en,v1,1,272,283,music,music,music,unknown,music,wordfreq:en,wordfreq_seeded;deterministically_filtered;structurally_curated
en,v1,1,273,284,power,power,power,unknown,power,wordfreq:en,wordfreq_seeded;deterministically_filtered;structurally_curated
en,v1,1,274,285,seen,seen,seen,unknown,seen,wordfreq:en,wordfreq_seeded;deterministically_filtered;structurally_curated
en,v1,1,275,286,states,states,states,unknown,states,wordfreq:en,wordfreq_seeded;deterministically_filtered;structurally_curated
en,v1,1,276,287,stop,stop,stop,unknown,stop,wordfreq:en,wordfreq_seeded;deterministically_filtered;structurally_curated
en,v1,1,277,288,water,water,water,unknown,water,wordfreq:en,wordfreq_seeded;deterministically_filtered;structurally_curated
en,v1,1,278,289,based,based,based,unknown,based,wordfreq:en,wordfreq_seeded;deterministically_filtered;structurally_curated
en,v1,1,279,290,believe,believe,believe,unknown,believe,wordfreq:en,wordfreq_seeded;deterministically_filtered;structurally_curated
en,v1,1,280,291,call,call,call,unknown,call,wordfreq:en,wordfreq_seeded;deterministically_filtered;structurally_curated
en,v1,1,281,292,head,head,head,unknown,head,wordfreq:en,wordfreq_seeded;deterministically_filtered;structurally_curated
en,v1,1,282,293,men,men,men,unknown,men,wordfreq:en,wordfreq_seeded;deterministically_filtered;structurally_curated
en,v1,1,283,294,national,national,national,unknown,national,wordfreq:en,wordfreq_seeded;deterministically_filtered;structurally_curated
en,v1,1,284,295,small,small,small,unknown,small,wordfreq:en,wordfreq_seeded;deterministically_filtered;structurally_curated
en,v1,1,285,296,took,took,took,unknown,took,wordfreq:en,wordfreq_seeded;deterministically_filtered;structurally_curated
en,v1,1,286,297,white,white,white,unknown,white,wordfreq:en,wordfreq_seeded;deterministically_filtered;structurally_curated
en,v1,1,287,298,came,came,came,unknown,came,wordfreq:en,wordfreq_seeded;deterministically_filtered;structurally_curated
en,v1,1,288,299,far,far,far,unknown,far,wordfreq:en,wordfreq_seeded;deterministically_filtered;structurally_curated
en,v1,1,289,300,job,job,job,unknown,job,wordfreq:en,wordfreq_seeded;deterministically_filtered;structurally_curated
en,v1,1,290,301,side,side,side,unknown,side,wordfreq:en,wordfreq_seeded;deterministically_filtered;structurally_curated
en,v1,1,291,302,though,though,though,unknown,though,wordfreq:en,wordfreq_seeded;deterministically_filtered;structurally_curated
en,v1,1,292,303,try,try,try,unknown,try,wordfreq:en,wordfreq_seeded;deterministically_filtered;structurally_curated
en,v1,1,293,304,went,went,went,unknown,went,wordfreq:en,wordfreq_seeded;deterministically_filtered;structurally_curated
en,v1,1,294,305,yes,yes,yes,unknown,yes,wordfreq:en,wordfreq_seeded;deterministically_filtered;structurally_curated
en,v1,1,295,306,actually,actually,actually,unknown,actually,wordfreq:en,wordfreq_seeded;deterministically_filtered;structurally_curated
en,v1,1,296,307,american,american,american,unknown,american,wordfreq:en,wordfreq_seeded;deterministically_filtered;structurally_curated
en,v1,1,297,308,later,later,later,unknown,later,wordfreq:en,wordfreq_seeded;deterministically_filtered;structurally_curated
en,v1,1,298,309,less,less,less,unknown,less,wordfreq:en,wordfreq_seeded;deterministically_filtered;structurally_curated
en,v1,1,299,310,line,line,line,unknown,line,wordfreq:en,wordfreq_seeded;deterministically_filtered;structurally_curated
en,v1,1,300,311,order,order,order,unknown,order,wordfreq:en,wordfreq_seeded;deterministically_filtered;structurally_curated
en,v1,1,301,312,party,party,party,unknown,party,wordfreq:en,wordfreq_seeded;deterministically_filtered;structurally_curated
en,v1,1,302,313,run,run,run,unknown,run,wordfreq:en,wordfreq_seeded;deterministically_filtered;structurally_curated
en,v1,1,303,314,says,says,says,unknown,says,wordfreq:en,wordfreq_seeded;deterministically_filtered;structurally_curated
en,v1,1,304,315,service,service,service,unknown,service,wordfreq:en,wordfreq_seeded;deterministically_filtered;structurally_curated
en,v1,1,305,317,country,country,country,unknown,country,wordfreq:en,wordfreq_seeded;deterministically_filtered;structurally_curated
en,v1,1,306,318,open,open,open,unknown,open,wordfreq:en,wordfreq_seeded;deterministically_filtered;structurally_curated
en,v1,1,307,319,season,season,season,unknown,season,wordfreq:en,wordfreq_seeded;deterministically_filtered;structurally_curated
en,v1,1,308,320,shit,shit,shit,unknown,shit,wordfreq:en,wordfreq_seeded;deterministically_filtered;structurally_curated
en,v1,1,309,321,thank,thank,thank,unknown,thank,wordfreq:en,wordfreq_seeded;deterministically_filtered;structurally_curated
en,v1,1,310,322,children,children,children,unknown,children,wordfreq:en,wordfreq_seeded;deterministically_filtered;structurally_curated
en,v1,1,311,323,everyone,everyone,everyone,unknown,everyone,wordfreq:en,wordfreq_seeded;deterministically_filtered;structurally_curated
en,v1,1,312,324,general,general,general,unknown,general,wordfreq:en,wordfreq_seeded;deterministically_filtered;structurally_curated
en,v1,1,313,325,they're,they're,they're,unknown,they're,wordfreq:en,wordfreq_seeded;deterministically_filtered;structurally_curated
en,v1,1,314,326,trying,trying,trying,unknown,trying,wordfreq:en,wordfreq_seeded;deterministically_filtered;structurally_curated
en,v1,1,315,327,united,united,united,unknown,united,wordfreq:en,wordfreq_seeded;deterministically_filtered;structurally_curated
en,v1,1,316,328,using,using,using,unknown,using,wordfreq:en,wordfreq_seeded;deterministically_filtered;structurally_curated
en,v1,1,317,329,area,area,area,unknown,area,wordfreq:en,wordfreq_seeded;deterministically_filtered;structurally_curated
en,v1,1,318,330,black,black,black,unknown,black,wordfreq:en,wordfreq_seeded;deterministically_filtered;structurally_curated
en,v1,1,319,331,d,d,d,unknown,d,wordfreq:en,wordfreq_seeded;deterministically_filtered;structurally_curated
en,v1,1,320,332,following,following,following,unknown,following,wordfreq:en,wordfreq_seeded;deterministically_filtered;structurally_curated
en,v1,1,321,333,law,law,law,unknown,law,wordfreq:en,wordfreq_seeded;deterministically_filtered;structurally_curated
en,v1,1,322,334,makes,makes,makes,unknown,makes,wordfreq:en,wordfreq_seeded;deterministically_filtered;structurally_curated
en,v1,1,323,335,together,together,together,unknown,together,wordfreq:en,wordfreq_seeded;deterministically_filtered;structurally_curated
en,v1,1,324,336,war,war,war,unknown,war,wordfreq:en,wordfreq_seeded;deterministically_filtered;structurally_curated
en,v1,1,325,337,whole,whole,whole,unknown,whole,wordfreq:en,wordfreq_seeded;deterministically_filtered;structurally_curated
en,v1,1,326,338,car,car,car,unknown,car,wordfreq:en,wordfreq_seeded;deterministically_filtered;structurally_curated
en,v1,1,327,339,face,face,face,unknown,face,wordfreq:en,wordfreq_seeded;deterministically_filtered;structurally_curated
en,v1,1,328,340,five,five,five,unknown,five,wordfreq:en,wordfreq_seeded;deterministically_filtered;structurally_curated
en,v1,1,329,341,kind,kind,kind,unknown,kind,wordfreq:en,wordfreq_seeded;deterministically_filtered;structurally_curated
en,v1,1,330,342,maybe,maybe,maybe,unknown,maybe,wordfreq:en,wordfreq_seeded;deterministically_filtered;structurally_curated
en,v1,1,331,343,per,per,per,unknown,per,wordfreq:en,wordfreq_seeded;deterministically_filtered;structurally_curated
en,v1,1,332,344,president,president,president,unknown,president,wordfreq:en,wordfreq_seeded;deterministically_filtered;structurally_curated
en,v1,1,333,345,story,story,story,unknown,story,wordfreq:en,wordfreq_seeded;deterministically_filtered;structurally_curated
en,v1,1,334,346,working,working,working,unknown,working,wordfreq:en,wordfreq_seeded;deterministically_filtered;structurally_curated
en,v1,1,335,347,course,course,course,unknown,course,wordfreq:en,wordfreq_seeded;deterministically_filtered;structurally_curated
en,v1,1,336,348,games,games,games,unknown,games,wordfreq:en,wordfreq_seeded;deterministically_filtered;structurally_curated
en,v1,1,337,349,health,health,health,unknown,health,wordfreq:en,wordfreq_seeded;deterministically_filtered;structurally_curated
en,v1,1,338,350,hope,hope,hope,unknown,hope,wordfreq:en,wordfreq_seeded;deterministically_filtered;structurally_curated
en,v1,1,339,351,important,important,important,unknown,important,wordfreq:en,wordfreq_seeded;deterministically_filtered;structurally_curated
en,v1,1,340,352,least,least,least,unknown,least,wordfreq:en,wordfreq_seeded;deterministically_filtered;structurally_curated
en,v1,1,341,353,means,means,means,unknown,means,wordfreq:en,wordfreq_seeded;deterministically_filtered;structurally_curated
en,v1,1,342,354,news,news,news,unknown,news,wordfreq:en,wordfreq_seeded;deterministically_filtered;structurally_curated
en,v1,1,343,355,within,within,within,unknown,within,wordfreq:en,wordfreq_seeded;deterministically_filtered;structurally_curated
en,v1,1,344,356,able,able,able,unknown,able,wordfreq:en,wordfreq_seeded;deterministically_filtered;structurally_curated
en,v1,1,345,357,book,book,book,unknown,book,wordfreq:en,wordfreq_seeded;deterministically_filtered;structurally_curated
en,v1,1,346,358,early,early,early,unknown,early,wordfreq:en,wordfreq_seeded;deterministically_filtered;structurally_curated
en,v1,1,347,359,friends,friends,friends,unknown,friends,wordfreq:en,wordfreq_seeded;deterministically_filtered;structurally_curated
en,v1,1,348,360,i'll,i'll,i'll,unknown,i'll,wordfreq:en,wordfreq_seeded;deterministically_filtered;structurally_curated
en,v1,1,349,361,information,information,information,unknown,information,wordfreq:en,wordfreq_seeded;deterministically_filtered;structurally_curated
en,v1,1,350,362,local,local,local,unknown,local,wordfreq:en,wordfreq_seeded;deterministically_filtered;structurally_curated
en,v1,1,351,363,oh,oh,oh,unknown,oh,wordfreq:en,wordfreq_seeded;deterministically_filtered;structurally_curated
en,v1,1,352,364,post,post,post,unknown,post,wordfreq:en,wordfreq_seeded;deterministically_filtered;structurally_curated
en,v1,1,353,365,t,t,t,unknown,t,wordfreq:en,wordfreq_seeded;deterministically_filtered;structurally_curated
en,v1,1,354,366,thanks,thanks,thanks,unknown,thanks,wordfreq:en,wordfreq_seeded;deterministically_filtered;structurally_curated
en,v1,1,355,367,video,video,video,unknown,video,wordfreq:en,wordfreq_seeded;deterministically_filtered;structurally_curated
en,v1,1,356,368,young,young,young,unknown,young,wordfreq:en,wordfreq_seeded;deterministically_filtered;structurally_curated
en,v1,1,357,369,ago,ago,ago,unknown,ago,wordfreq:en,wordfreq_seeded;deterministically_filtered;structurally_curated
en,v1,1,358,370,others,others,others,unknown,others,wordfreq:en,wordfreq_seeded;deterministically_filtered;structurally_curated
en,v1,1,359,371,social,social,social,unknown,social,wordfreq:en,wordfreq_seeded;deterministically_filtered;structurally_curated
en,v1,1,360,372,talk,talk,talk,unknown,talk,wordfreq:en,wordfreq_seeded;deterministically_filtered;structurally_curated
en,v1,1,361,376,court,court,court,unknown,court,wordfreq:en,wordfreq_seeded;deterministically_filtered;structurally_curated
en,v1,1,362,377,fact,fact,fact,unknown,fact,wordfreq:en,wordfreq_seeded;deterministically_filtered;structurally_curated
en,v1,1,363,378,given,given,given,unknown,given,wordfreq:en,wordfreq_seeded;deterministically_filtered;structurally_curated
en,v1,1,364,379,guys,guys,guys,unknown,guys,wordfreq:en,wordfreq_seeded;deterministically_filtered;structurally_curated
en,v1,1,365,380,half,half,half,unknown,half,wordfreq:en,wordfreq_seeded;deterministically_filtered;structurally_curated
en,v1,1,366,381,hand,hand,hand,unknown,hand,wordfreq:en,wordfreq_seeded;deterministically_filtered;structurally_curated
en,v1,1,367,382,isn't,isn't,isn't,unknown,isn't,wordfreq:en,wordfreq_seeded;deterministically_filtered;structurally_curated
en,v1,1,368,383,level,level,level,unknown,level,wordfreq:en,wordfreq_seeded;deterministically_filtered;structurally_curated
en,v1,1,369,384,mind,mind,mind,unknown,mind,wordfreq:en,wordfreq_seeded;deterministically_filtered;structurally_curated
en,v1,1,370,385,often,often,often,unknown,often,wordfreq:en,wordfreq_seeded;deterministically_filtered;structurally_curated
en,v1,1,371,386,single,single,single,unknown,single,wordfreq:en,wordfreq_seeded;deterministically_filtered;structurally_curated
en,v1,1,372,388,become,become,become,unknown,become,wordfreq:en,wordfreq_seeded;deterministically_filtered;structurally_curated
en,v1,1,373,389,body,body,body,unknown,body,wordfreq:en,wordfreq_seeded;deterministically_filtered;structurally_curated
en,v1,1,374,390,coming,coming,coming,unknown,coming,wordfreq:en,wordfreq_seeded;deterministically_filtered;structurally_curated
en,v1,1,375,391,control,control,control,unknown,control,wordfreq:en,wordfreq_seeded;deterministically_filtered;structurally_curated
en,v1,1,376,392,death,death,death,unknown,death,wordfreq:en,wordfreq_seeded;deterministically_filtered;structurally_curated
en,v1,1,377,393,food,food,food,unknown,food,wordfreq:en,wordfreq_seeded;deterministically_filtered;structurally_curated
en,v1,1,378,394,guy,guy,guy,unknown,guy,wordfreq:en,wordfreq_seeded;deterministically_filtered;structurally_curated
en,v1,1,379,395,hours,hours,hours,unknown,hours,wordfreq:en,wordfreq_seeded;deterministically_filtered;structurally_curated
en,v1,1,380,396,office,office,office,unknown,office,wordfreq:en,wordfreq_seeded;deterministically_filtered;structurally_curated
en,v1,1,381,397,pay,pay,pay,unknown,pay,wordfreq:en,wordfreq_seeded;deterministically_filtered;structurally_curated
en,v1,1,382,398,problem,problem,problem,unknown,problem,wordfreq:en,wordfreq_seeded;deterministically_filtered;structurally_curated
en,v1,1,383,399,south,south,south,unknown,south,wordfreq:en,wordfreq_seeded;deterministically_filtered;structurally_curated
en,v1,1,384,400,true,true,true,unknown,true,wordfreq:en,wordfreq_seeded;deterministically_filtered;structurally_curated
en,v1,1,385,401,we're,we're,we're,unknown,we're,wordfreq:en,wordfreq_seeded;deterministically_filtered;structurally_curated
en,v1,1,386,402,almost,almost,almost,unknown,almost,wordfreq:en,wordfreq_seeded;deterministically_filtered;structurally_curated
en,v1,1,387,403,fuck,fuck,fuck,unknown,fuck,wordfreq:en,wordfreq_seeded;deterministically_filtered;structurally_curated
en,v1,1,388,404,history,history,history,unknown,history,wordfreq:en,wordfreq_seeded;deterministically_filtered;structurally_curated
en,v1,1,389,405,known,known,known,unknown,known,wordfreq:en,wordfreq_seeded;deterministically_filtered;structurally_curated
en,v1,1,390,406,large,large,large,unknown,large,wordfreq:en,wordfreq_seeded;deterministically_filtered;structurally_curated
en,v1,1,391,407,lost,lost,lost,unknown,lost,wordfreq:en,wordfreq_seeded;deterministically_filtered;structurally_curated
en,v1,1,392,408,m,m,m,unknown,m,wordfreq:en,wordfreq_seeded;deterministically_filtered;structurally_curated
en,v1,1,393,409,research,research,research,unknown,research,wordfreq:en,wordfreq_seeded;deterministically_filtered;structurally_curated
en,v1,1,394,410,room,room,room,unknown,room,wordfreq:en,wordfreq_seeded;deterministically_filtered;structurally_curated
en,v1,1,395,411,several,several,several,unknown,several,wordfreq:en,wordfreq_seeded;deterministically_filtered;structurally_curated
en,v1,1,396,412,started,started,started,unknown,started,wordfreq:en,wordfreq_seeded;deterministically_filtered;structurally_curated
en,v1,1,397,413,taking,taking,taking,unknown,taking,wordfreq:en,wordfreq_seeded;deterministically_filtered;structurally_curated
en,v1,1,398,414,university,university,university,unknown,university,wordfreq:en,wordfreq_seeded;deterministically_filtered;structurally_curated
en,v1,1,399,415,win,win,win,unknown,win,wordfreq:en,wordfreq_seeded;deterministically_filtered;structurally_curated
en,v1,1,400,416,wrong,wrong,wrong,unknown,wrong,wordfreq:en,wordfreq_seeded;deterministically_filtered;structurally_curated
en,v1,1,401,417,along,along,along,unknown,along,wordfreq:en,wordfreq_seeded;deterministically_filtered;structurally_curated
en,v1,1,402,418,anyone,anyone,anyone,unknown,anyone,wordfreq:en,wordfreq_seeded;deterministically_filtered;structurally_curated
en,v1,1,403,419,else,else,else,unknown,else,wordfreq:en,wordfreq_seeded;deterministically_filtered;structurally_curated
en,v1,1,404,420,girl,girl,girl,unknown,girl,wordfreq:en,wordfreq_seeded;deterministically_filtered;structurally_curated
en,v1,1,405,421,john,john,john,unknown,john,wordfreq:en,wordfreq_seeded;deterministically_filtered;structurally_curated
en,v1,1,406,422,matter,matter,matter,unknown,matter,wordfreq:en,wordfreq_seeded;deterministically_filtered;structurally_curated
en,v1,1,407,423,pretty,pretty,pretty,unknown,pretty,wordfreq:en,wordfreq_seeded;deterministically_filtered;structurally_curated
en,v1,1,408,424,remember,remember,remember,unknown,remember,wordfreq:en,wordfreq_seeded;deterministically_filtered;structurally_curated
en,v1,1,409,425,air,air,air,unknown,air,wordfreq:en,wordfreq_seeded;deterministically_filtered;structurally_curated
en,v1,1,410,426,bit,bit,bit,unknown,bit,wordfreq:en,wordfreq_seeded;deterministically_filtered;structurally_curated
en,v1,1,411,427,friend,friend,friend,unknown,friend,wordfreq:en,wordfreq_seeded;deterministically_filtered;structurally_curated
en,v1,1,412,428,hit,hit,hit,unknown,hit,wordfreq:en,wordfreq_seeded;deterministically_filtered;structurally_curated
en,v1,1,413,429,needs,needs,needs,unknown,needs,wordfreq:en,wordfreq_seeded;deterministically_filtered;structurally_curated
en,v1,1,414,430,nice,nice,nice,unknown,nice,wordfreq:en,wordfreq_seeded;deterministically_filtered;structurally_curated
en,v1,1,415,431,playing,playing,playing,unknown,playing,wordfreq:en,wordfreq_seeded;deterministically_filtered;structurally_curated
en,v1,1,416,432,probably,probably,probably,unknown,probably,wordfreq:en,wordfreq_seeded;deterministically_filtered;structurally_curated
en,v1,1,417,433,saying,saying,saying,unknown,saying,wordfreq:en,wordfreq_seeded;deterministically_filtered;structurally_curated
en,v1,1,418,434,understand,understand,understand,unknown,understand,wordfreq:en,wordfreq_seeded;deterministically_filtered;structurally_curated
en,v1,1,419,435,yeah,yeah,yeah,unknown,yeah,wordfreq:en,wordfreq_seeded;deterministically_filtered;structurally_curated
en,v1,1,420,436,york,york,york,unknown,york,wordfreq:en,wordfreq_seeded;deterministically_filtered;structurally_curated
en,v1,1,421,437,class,class,class,unknown,class,wordfreq:en,wordfreq_seeded;deterministically_filtered;structurally_curated
en,v1,1,422,438,close,close,close,unknown,close,wordfreq:en,wordfreq_seeded;deterministically_filtered;structurally_curated
en,v1,1,423,439,comes,comes,comes,unknown,comes,wordfreq:en,wordfreq_seeded;deterministically_filtered;structurally_curated
en,v1,1,424,440,i'd,i'd,i'd,unknown,i'd,wordfreq:en,wordfreq_seeded;deterministically_filtered;structurally_curated
en,v1,1,425,441,idea,idea,idea,unknown,idea,wordfreq:en,wordfreq_seeded;deterministically_filtered;structurally_curated
en,v1,1,426,442,international,international,international,unknown,international,wordfreq:en,wordfreq_seeded;deterministically_filtered;structurally_curated
en,v1,1,427,443,looks,looks,looks,unknown,looks,wordfreq:en,wordfreq_seeded;deterministically_filtered;structurally_curated
en,v1,1,428,444,past,past,past,unknown,past,wordfreq:en,wordfreq_seeded;deterministically_filtered;structurally_curated
en,v1,1,429,445,possible,possible,possible,unknown,possible,wordfreq:en,wordfreq_seeded;deterministically_filtered;structurally_curated
en,v1,1,430,446,wanted,wanted,wanted,unknown,wanted,wordfreq:en,wordfreq_seeded;deterministically_filtered;structurally_curated
en,v1,1,431,447,b,b,b,unknown,b,wordfreq:en,wordfreq_seeded;deterministically_filtered;structurally_curated
en,v1,1,432,448,cause,cause,cause,unknown,cause,wordfreq:en,wordfreq_seeded;deterministically_filtered;structurally_curated
en,v1,1,433,449,due,due,due,unknown,due,wordfreq:en,wordfreq_seeded;deterministically_filtered;structurally_curated
en,v1,1,434,450,happy,happy,happy,unknown,happy,wordfreq:en,wordfreq_seeded;deterministically_filtered;structurally_curated
en,v1,1,435,451,human,human,human,unknown,human,wordfreq:en,wordfreq_seeded;deterministically_filtered;structurally_curated
en,v1,1,436,452,members,members,members,unknown,members,wordfreq:en,wordfreq_seeded;deterministically_filtered;structurally_curated
en,v1,1,437,453,months,months,months,unknown,months,wordfreq:en,wordfreq_seeded;deterministically_filtered;structurally_curated
en,v1,1,438,454,move,move,move,unknown,move,wordfreq:en,wordfreq_seeded;deterministically_filtered;structurally_curated
en,v1,1,439,455,question,question,question,unknown,question,wordfreq:en,wordfreq_seeded;deterministically_filtered;structurally_curated
en,v1,1,440,456,r,r,r,unknown,r,wordfreq:en,wordfreq_seeded;deterministically_filtered;structurally_curated
en,v1,1,441,457,series,series,series,unknown,series,wordfreq:en,wordfreq_seeded;deterministically_filtered;structurally_curated
en,v1,1,442,458,wait,wait,wait,unknown,wait,wordfreq:en,wordfreq_seeded;deterministically_filtered;structurally_curated
en,v1,1,443,459,woman,woman,woman,unknown,woman,wordfreq:en,wordfreq_seeded;deterministically_filtered;structurally_curated
en,v1,1,444,461,ask,ask,ask,unknown,ask,wordfreq:en,wordfreq_seeded;deterministically_filtered;structurally_curated
en,v1,1,445,462,community,community,community,unknown,community,wordfreq:en,wordfreq_seeded;deterministically_filtered;structurally_curated
en,v1,1,446,463,data,data,data,unknown,data,wordfreq:en,wordfreq_seeded;deterministically_filtered;structurally_curated
en,v1,1,447,464,late,late,late,unknown,late,wordfreq:en,wordfreq_seeded;deterministically_filtered;structurally_curated
en,v1,1,448,465,leave,leave,leave,unknown,leave,wordfreq:en,wordfreq_seeded;deterministically_filtered;structurally_curated
en,v1,1,449,466,north,north,north,unknown,north,wordfreq:en,wordfreq_seeded;deterministically_filtered;structurally_curated
en,v1,1,450,467,saw,saw,saw,unknown,saw,wordfreq:en,wordfreq_seeded;deterministically_filtered;structurally_curated
en,v1,1,451,468,special,special,special,unknown,special,wordfreq:en,wordfreq_seeded;deterministically_filtered;structurally_curated
en,v1,1,452,469,watch,watch,watch,unknown,watch,wordfreq:en,wordfreq_seeded;deterministically_filtered;structurally_curated
en,v1,1,453,470,won't,won't,won't,unknown,won't,wordfreq:en,wordfreq_seeded;deterministically_filtered;structurally_curated
en,v1,1,454,471,c,c,c,unknown,c,wordfreq:en,wordfreq_seeded;deterministically_filtered;structurally_curated
en,v1,1,455,472,either,either,either,unknown,either,wordfreq:en,wordfreq_seeded;deterministically_filtered;structurally_curated
en,v1,1,456,473,fucking,fucking,fucking,unknown,fucking,wordfreq:en,wordfreq_seeded;deterministically_filtered;structurally_curated
en,v1,1,457,474,future,future,future,unknown,future,wordfreq:en,wordfreq_seeded;deterministically_filtered;structurally_curated
en,v1,1,458,475,light,light,light,unknown,light,wordfreq:en,wordfreq_seeded;deterministically_filtered;structurally_curated
en,v1,1,459,476,low,low,low,unknown,low,wordfreq:en,wordfreq_seeded;deterministically_filtered;structurally_curated
en,v1,1,460,477,million,million,million,unknown,million,wordfreq:en,wordfreq_seeded;deterministically_filtered;structurally_curated
en,v1,1,461,478,morning,morning,morning,unknown,morning,wordfreq:en,wordfreq_seeded;deterministically_filtered;structurally_curated
en,v1,1,462,479,police,police,police,unknown,police,wordfreq:en,wordfreq_seeded;deterministically_filtered;structurally_curated
en,v1,1,463,480,short,short,short,unknown,short,wordfreq:en,wordfreq_seeded;deterministically_filtered;structurally_curated
en,v1,1,464,481,stay,stay,stay,unknown,stay,wordfreq:en,wordfreq_seeded;deterministically_filtered;structurally_curated
en,v1,1,465,482,taken,taken,taken,unknown,taken,wordfreq:en,wordfreq_seeded;deterministically_filtered;structurally_curated
en,v1,1,466,483,age,age,age,unknown,age,wordfreq:en,wordfreq_seeded;deterministically_filtered;structurally_curated
en,v1,1,467,484,buy,buy,buy,unknown,buy,wordfreq:en,wordfreq_seeded;deterministically_filtered;structurally_curated
en,v1,1,468,485,deal,deal,deal,unknown,deal,wordfreq:en,wordfreq_seeded;deterministically_filtered;structurally_curated
en,v1,1,469,486,rather,rather,rather,unknown,rather,wordfreq:en,wordfreq_seeded;deterministically_filtered;structurally_curated
en,v1,1,470,487,reason,reason,reason,unknown,reason,wordfreq:en,wordfreq_seeded;deterministically_filtered;structurally_curated
en,v1,1,471,488,red,red,red,unknown,red,wordfreq:en,wordfreq_seeded;deterministically_filtered;structurally_curated
en,v1,1,472,489,report,report,report,unknown,report,wordfreq:en,wordfreq_seeded;deterministically_filtered;structurally_curated
en,v1,1,473,490,soon,soon,soon,unknown,soon,wordfreq:en,wordfreq_seeded;deterministically_filtered;structurally_curated
en,v1,1,474,491,third,third,third,unknown,third,wordfreq:en,wordfreq_seeded;deterministically_filtered;structurally_curated
en,v1,1,475,492,turn,turn,turn,unknown,turn,wordfreq:en,wordfreq_seeded;deterministically_filtered;structurally_curated
en,v1,1,476,493,whether,whether,whether,unknown,whether,wordfreq:en,wordfreq_seeded;deterministically_filtered;structurally_curated
en,v1,1,477,494,among,among,among,unknown,among,wordfreq:en,wordfreq_seeded;deterministically_filtered;structurally_curated
en,v1,1,478,495,check,check,check,unknown,check,wordfreq:en,wordfreq_seeded;deterministically_filtered;structurally_curated
en,v1,1,479,496,development,development,development,unknown,development,wordfreq:en,wordfreq_seeded;deterministically_filtered;structurally_curated
en,v1,1,480,497,form,form,form,unknown,form,wordfreq:en,wordfreq_seeded;deterministically_filtered;structurally_curated
en,v1,1,481,498,further,further,further,unknown,further,wordfreq:en,wordfreq_seeded;deterministically_filtered;structurally_curated
en,v1,1,482,499,heart,heart,heart,unknown,heart,wordfreq:en,wordfreq_seeded;deterministically_filtered;structurally_curated
en,v1,1,483,500,minutes,minutes,minutes,unknown,minutes,wordfreq:en,wordfreq_seeded;deterministically_filtered;structurally_curated
en,v1,1,484,501,myself,myself,myself,unknown,myself,wordfreq:en,wordfreq_seeded;deterministically_filtered;structurally_curated
en,v1,1,485,502,services,services,services,unknown,services,wordfreq:en,wordfreq_seeded;deterministically_filtered;structurally_curated
en,v1,1,486,504,yourself,yourself,yourself,unknown,yourself,wordfreq:en,wordfreq_seeded;deterministically_filtered;structurally_curated
en,v1,1,487,505,act,act,act,unknown,act,wordfreq:en,wordfreq_seeded;deterministically_filtered;structurally_curated
en,v1,1,488,506,although,although,although,unknown,although,wordfreq:en,wordfreq_seeded;deterministically_filtered;structurally_curated
en,v1,1,489,507,asked,asked,asked,unknown,asked,wordfreq:en,wordfreq_seeded;deterministically_filtered;structurally_curated
en,v1,1,490,508,child,child,child,unknown,child,wordfreq:en,wordfreq_seeded;deterministically_filtered;structurally_curated
en,v1,1,491,509,fire,fire,fire,unknown,fire,wordfreq:en,wordfreq_seeded;deterministically_filtered;structurally_curated
en,v1,1,492,510,fun,fun,fun,unknown,fun,wordfreq:en,wordfreq_seeded;deterministically_filtered;structurally_curated
en,v1,1,493,511,living,living,living,unknown,living,wordfreq:en,wordfreq_seeded;deterministically_filtered;structurally_curated
en,v1,1,494,512,major,major,major,unknown,major,wordfreq:en,wordfreq_seeded;deterministically_filtered;structurally_curated
en,v1,1,495,513,media,media,media,unknown,media,wordfreq:en,wordfreq_seeded;deterministically_filtered;structurally_curated
en,v1,1,496,514,phone,phone,phone,unknown,phone,wordfreq:en,wordfreq_seeded;deterministically_filtered;structurally_curated
en,v1,1,497,515,players,players,players,unknown,players,wordfreq:en,wordfreq_seeded;deterministically_filtered;structurally_curated
en,v1,1,498,516,art,art,art,unknown,art,wordfreq:en,wordfreq_seeded;deterministically_filtered;structurally_curated
en,v1,1,499,517,behind,behind,behind,unknown,behind,wordfreq:en,wordfreq_seeded;deterministically_filtered;structurally_curated
en,v1,1,500,518,building,building,building,unknown,building,wordfreq:en,wordfreq_seeded;deterministically_filtered;structurally_curated
en,v1,1,501,519,easy,easy,easy,unknown,easy,wordfreq:en,wordfreq_seeded;deterministically_filtered;structurally_curated
en,v1,1,502,520,gonna,gonna,gonna,unknown,gonna,wordfreq:en,wordfreq_seeded;deterministically_filtered;structurally_curated
en,v1,1,503,521,market,market,market,unknown,market,wordfreq:en,wordfreq_seeded;deterministically_filtered;structurally_curated
en,v1,1,504,522,near,near,near,unknown,near,wordfreq:en,wordfreq_seeded;deterministically_filtered;structurally_curated
en,v1,1,505,523,non,non,non,unknown,non,wordfreq:en,wordfreq_seeded;deterministically_filtered;structurally_curated
en,v1,1,506,524,plan,plan,plan,unknown,plan,wordfreq:en,wordfreq_seeded;deterministically_filtered;structurally_curated
en,v1,1,507,525,political,political,political,unknown,political,wordfreq:en,wordfreq_seeded;deterministically_filtered;structurally_curated
en,v1,1,508,526,quite,quite,quite,unknown,quite,wordfreq:en,wordfreq_seeded;deterministically_filtered;structurally_curated
en,v1,1,509,527,six,six,six,unknown,six,wordfreq:en,wordfreq_seeded;deterministically_filtered;structurally_curated
en,v1,1,510,528,talking,talking,talking,unknown,talking,wordfreq:en,wordfreq_seeded;deterministically_filtered;structurally_curated
en,v1,1,511,529,west,west,west,unknown,west,wordfreq:en,wordfreq_seeded;deterministically_filtered;structurally_curated
en,v1,1,512,530,works,works,works,unknown,works,wordfreq:en,wordfreq_seeded;deterministically_filtered;structurally_curated
en,v1,1,513,532,according,according,according,unknown,according,wordfreq:en,wordfreq_seeded;deterministically_filtered;structurally_curated
en,v1,1,514,533,available,available,available,unknown,available,wordfreq:en,wordfreq_seeded;deterministically_filtered;structurally_curated
en,v1,1,515,534,e,e,e,unknown,e,wordfreq:en,wordfreq_seeded;deterministically_filtered;structurally_curated
en,v1,1,516,535,education,education,education,unknown,education,wordfreq:en,wordfreq_seeded;deterministically_filtered;structurally_curated
en,v1,1,517,536,final,final,final,unknown,final,wordfreq:en,wordfreq_seeded;deterministically_filtered;structurally_curated
en,v1,1,518,537,former,former,former,unknown,former,wordfreq:en,wordfreq_seeded;deterministically_filtered;structurally_curated
en,v1,1,519,538,front,front,front,unknown,front,wordfreq:en,wordfreq_seeded;deterministically_filtered;structurally_curated
en,v1,1,520,539,kids,kids,kids,unknown,kids,wordfreq:en,wordfreq_seeded;deterministically_filtered;structurally_curated
en,v1,1,521,540,list,list,list,unknown,list,wordfreq:en,wordfreq_seeded;deterministically_filtered;structurally_curated
en,v1,1,522,541,ready,ready,ready,unknown,ready,wordfreq:en,wordfreq_seeded;deterministically_filtered;structurally_curated
en,v1,1,523,542,sometimes,sometimes,sometimes,unknown,sometimes,wordfreq:en,wordfreq_seeded;deterministically_filtered;structurally_curated
en,v1,1,524,543,son,son,son,unknown,son,wordfreq:en,wordfreq_seeded;deterministically_filtered;structurally_curated
en,v1,1,525,544,street,street,street,unknown,street,wordfreq:en,wordfreq_seeded;deterministically_filtered;structurally_curated
en,v1,1,526,545,wasn't,wasn't,wasn't,unknown,wasn't,wordfreq:en,wordfreq_seeded;deterministically_filtered;structurally_curated
en,v1,1,527,546,bring,bring,bring,unknown,bring,wordfreq:en,wordfreq_seeded;deterministically_filtered;structurally_curated
en,v1,1,528,547,college,college,college,unknown,college,wordfreq:en,wordfreq_seeded;deterministically_filtered;structurally_curated
en,v1,1,529,548,current,current,current,unknown,current,wordfreq:en,wordfreq_seeded;deterministically_filtered;structurally_curated
en,v1,1,530,549,example,example,example,unknown,example,wordfreq:en,wordfreq_seeded;deterministically_filtered;structurally_curated
en,v1,1,531,550,experience,experience,experience,unknown,experience,wordfreq:en,wordfreq_seeded;deterministically_filtered;structurally_curated
en,v1,1,532,551,heard,heard,heard,unknown,heard,wordfreq:en,wordfreq_seeded;deterministically_filtered;structurally_curated
en,v1,1,533,552,london,london,london,unknown,london,wordfreq:en,wordfreq_seeded;deterministically_filtered;structurally_curated
en,v1,1,534,553,meet,meet,meet,unknown,meet,wordfreq:en,wordfreq_seeded;deterministically_filtered;structurally_curated
en,v1,1,535,554,program,program,program,unknown,program,wordfreq:en,wordfreq_seeded;deterministically_filtered;structurally_curated
en,v1,1,536,555,type,type,type,unknown,type,wordfreq:en,wordfreq_seeded;deterministically_filtered;structurally_curated
en,v1,1,537,556,baby,baby,baby,unknown,baby,wordfreq:en,wordfreq_seeded;deterministically_filtered;structurally_curated
en,v1,1,538,557,chance,chance,chance,unknown,chance,wordfreq:en,wordfreq_seeded;deterministically_filtered;structurally_curated
en,v1,1,539,558,father,father,father,unknown,father,wordfreq:en,wordfreq_seeded;deterministically_filtered;structurally_curated
en,v1,1,540,559,march,march,march,unknown,march,wordfreq:en,wordfreq_seeded;deterministically_filtered;structurally_curated
en,v1,1,541,560,process,process,process,unknown,process,wordfreq:en,wordfreq_seeded;deterministically_filtered;structurally_curated
en,v1,1,542,561,she's,she's,she's,unknown,she's,wordfreq:en,wordfreq_seeded;deterministically_filtered;structurally_curated
en,v1,1,543,562,song,song,song,unknown,song,wordfreq:en,wordfreq_seeded;deterministically_filtered;structurally_curated
en,v1,1,544,563,study,study,study,unknown,study,wordfreq:en,wordfreq_seeded;deterministically_filtered;structurally_curated
en,v1,1,545,564,word,word,word,unknown,word,wordfreq:en,wordfreq_seeded;deterministically_filtered;structurally_curated
en,v1,1,546,565,across,across,across,unknown,across,wordfreq:en,wordfreq_seeded;deterministically_filtered;structurally_curated
en,v1,1,547,566,action,action,action,unknown,action,wordfreq:en,wordfreq_seeded;deterministically_filtered;structurally_curated
en,v1,1,548,567,clear,clear,clear,unknown,clear,wordfreq:en,wordfreq_seeded;deterministically_filtered;structurally_curated
en,v1,1,549,568,gave,gave,gave,unknown,gave,wordfreq:en,wordfreq_seeded;deterministically_filtered;structurally_curated
en,v1,1,550,569,gets,gets,gets,unknown,gets,wordfreq:en,wordfreq_seeded;deterministically_filtered;structurally_curated
en,v1,1,551,570,himself,himself,himself,unknown,himself,wordfreq:en,wordfreq_seeded;deterministically_filtered;structurally_curated
en,v1,1,552,571,month,month,month,unknown,month,wordfreq:en,wordfreq_seeded;deterministically_filtered;structurally_curated
en,v1,1,553,572,outside,outside,outside,unknown,outside,wordfreq:en,wordfreq_seeded;deterministically_filtered;structurally_curated
en,v1,1,554,573,self,self,self,unknown,self,wordfreq:en,wordfreq_seeded;deterministically_filtered;structurally_curated
en,v1,1,555,574,students,students,students,unknown,students,wordfreq:en,wordfreq_seeded;deterministically_filtered;structurally_curated
en,v1,1,556,575,words,words,words,unknown,words,wordfreq:en,wordfreq_seeded;deterministically_filtered;structurally_curated
en,v1,1,557,576,board,board,board,unknown,board,wordfreq:en,wordfreq_seeded;deterministically_filtered;structurally_curated
en,v1,1,558,577,cost,cost,cost,unknown,cost,wordfreq:en,wordfreq_seeded;deterministically_filtered;structurally_curated
en,v1,1,559,578,cut,cut,cut,unknown,cut,wordfreq:en,wordfreq_seeded;deterministically_filtered;structurally_curated
en,v1,1,560,579,dr,dr,dr,unknown,dr,wordfreq:en,wordfreq_seeded;deterministically_filtered;structurally_curated
en,v1,1,561,580,field,field,field,unknown,field,wordfreq:en,wordfreq_seeded;deterministically_filtered;structurally_curated
en,v1,1,562,581,held,held,held,unknown,held,wordfreq:en,wordfreq_seeded;deterministically_filtered;structurally_curated
en,v1,1,563,582,instead,instead,instead,unknown,instead,wordfreq:en,wordfreq_seeded;deterministically_filtered;structurally_curated
en,v1,1,564,583,main,main,main,unknown,main,wordfreq:en,wordfreq_seeded;deterministically_filtered;structurally_curated
en,v1,1,565,584,moment,moment,moment,unknown,moment,wordfreq:en,wordfreq_seeded;deterministically_filtered;structurally_curated
en,v1,1,566,585,mother,mother,mother,unknown,mother,wordfreq:en,wordfreq_seeded;deterministically_filtered;structurally_curated
en,v1,1,567,586,road,road,road,unknown,road,wordfreq:en,wordfreq_seeded;deterministically_filtered;structurally_curated
en,v1,1,568,587,seems,seems,seems,unknown,seems,wordfreq:en,wordfreq_seeded;deterministically_filtered;structurally_curated
en,v1,1,569,588,thinking,thinking,thinking,unknown,thinking,wordfreq:en,wordfreq_seeded;deterministically_filtered;structurally_curated
en,v1,1,570,589,town,town,town,unknown,town,wordfreq:en,wordfreq_seeded;deterministically_filtered;structurally_curated
en,v1,1,571,590,wants,wants,wants,unknown,wants,wordfreq:en,wordfreq_seeded;deterministically_filtered;structurally_curated
en,v1,1,572,591,de,de,de,unknown,de,wordfreq:en,wordfreq_seeded;deterministically_filtered;structurally_curated
en,v1,1,573,592,department,department,department,unknown,department,wordfreq:en,wordfreq_seeded;deterministically_filtered;structurally_curated
en,v1,1,574,593,energy,energy,energy,unknown,energy,wordfreq:en,wordfreq_seeded;deterministically_filtered;structurally_curated
en,v1,1,575,594,fight,fight,fight,unknown,fight,wordfreq:en,wordfreq_seeded;deterministically_filtered;structurally_curated
en,v1,1,576,595,fine,fine,fine,unknown,fine,wordfreq:en,wordfreq_seeded;deterministically_filtered;structurally_curated
en,v1,1,577,596,force,force,force,unknown,force,wordfreq:en,wordfreq_seeded;deterministically_filtered;structurally_curated
en,v1,1,578,597,hear,hear,hear,unknown,hear,wordfreq:en,wordfreq_seeded;deterministically_filtered;structurally_curated
en,v1,1,579,598,issue,issue,issue,unknown,issue,wordfreq:en,wordfreq_seeded;deterministically_filtered;structurally_curated
en,v1,1,580,599,played,played,played,unknown,played,wordfreq:en,wordfreq_seeded;deterministically_filtered;structurally_curated
en,v1,1,581,600,points,points,points,unknown,points,wordfreq:en,wordfreq_seeded;deterministically_filtered;structurally_curated
en,v1,1,582,601,price,price,price,unknown,price,wordfreq:en,wordfreq_seeded;deterministically_filtered;structurally_curated
en,v1,1,583,602,re,re,re,unknown,re,wordfreq:en,wordfreq_seeded;deterministically_filtered;structurally_curated
en,v1,1,584,603,rest,rest,rest,unknown,rest,wordfreq:en,wordfreq_seeded;deterministically_filtered;structurally_curated
en,v1,1,585,604,results,results,results,unknown,results,wordfreq:en,wordfreq_seeded;deterministically_filtered;structurally_curated
en,v1,1,586,605,running,running,running,unknown,running,wordfreq:en,wordfreq_seeded;deterministically_filtered;structurally_curated
en,v1,1,587,606,shows,shows,shows,unknown,shows,wordfreq:en,wordfreq_seeded;deterministically_filtered;structurally_curated
en,v1,1,588,607,space,space,space,unknown,space,wordfreq:en,wordfreq_seeded;deterministically_filtered;structurally_curated
en,v1,1,589,608,summer,summer,summer,unknown,summer,wordfreq:en,wordfreq_seeded;deterministically_filtered;structurally_curated
en,v1,1,590,609,term,term,term,unknown,term,wordfreq:en,wordfreq_seeded;deterministically_filtered;structurally_curated
en,v1,1,591,610,wife,wife,wife,unknown,wife,wordfreq:en,wordfreq_seeded;deterministically_filtered;structurally_curated
en,v1,1,592,612,america,america,america,unknown,america,wordfreq:en,wordfreq_seeded;deterministically_filtered;structurally_curated
en,v1,1,593,613,beautiful,beautiful,beautiful,unknown,beautiful,wordfreq:en,wordfreq_seeded;deterministically_filtered;structurally_curated
en,v1,1,594,614,date,date,date,unknown,date,wordfreq:en,wordfreq_seeded;deterministically_filtered;structurally_curated
en,v1,1,595,615,goes,goes,goes,unknown,goes,wordfreq:en,wordfreq_seeded;deterministically_filtered;structurally_curated
en,v1,1,596,616,killed,killed,killed,unknown,killed,wordfreq:en,wordfreq_seeded;deterministically_filtered;structurally_curated
en,v1,1,597,617,land,land,land,unknown,land,wordfreq:en,wordfreq_seeded;deterministically_filtered;structurally_curated
en,v1,1,598,618,miss,miss,miss,unknown,miss,wordfreq:en,wordfreq_seeded;deterministically_filtered;structurally_curated
en,v1,1,599,619,project,project,project,unknown,project,wordfreq:en,wordfreq_seeded;deterministically_filtered;structurally_curated
en,v1,1,600,620,sex,sex,sex,unknown,sex,wordfreq:en,wordfreq_seeded;deterministically_filtered;structurally_curated
en,v1,1,601,621,shot,shot,shot,unknown,shot,wordfreq:en,wordfreq_seeded;deterministically_filtered;structurally_curated
en,v1,1,602,622,site,site,site,unknown,site,wordfreq:en,wordfreq_seeded;deterministically_filtered;structurally_curated
en,v1,1,603,623,strong,strong,strong,unknown,strong,wordfreq:en,wordfreq_seeded;deterministically_filtered;structurally_curated
en,v1,1,604,624,you'll,you'll,you'll,unknown,you'll,wordfreq:en,wordfreq_seeded;deterministically_filtered;structurally_curated
en,v1,1,605,625,account,account,account,unknown,account,wordfreq:en,wordfreq_seeded;deterministically_filtered;structurally_curated
en,v1,1,606,626,co,co,co,unknown,co,wordfreq:en,wordfreq_seeded;deterministically_filtered;structurally_curated
en,v1,1,607,627,especially,especially,especially,unknown,especially,wordfreq:en,wordfreq_seeded;deterministically_filtered;structurally_curated
en,v1,1,608,628,eyes,eyes,eyes,unknown,eyes,wordfreq:en,wordfreq_seeded;deterministically_filtered;structurally_curated
en,v1,1,609,629,include,include,include,unknown,include,wordfreq:en,wordfreq_seeded;deterministically_filtered;structurally_curated
en,v1,1,610,630,june,june,june,unknown,june,wordfreq:en,wordfreq_seeded;deterministically_filtered;structurally_curated
en,v1,1,611,631,parents,parents,parents,unknown,parents,wordfreq:en,wordfreq_seeded;deterministically_filtered;structurally_curated
en,v1,1,612,632,period,period,period,unknown,period,wordfreq:en,wordfreq_seeded;deterministically_filtered;structurally_curated
en,v1,1,613,633,position,position,position,unknown,position,wordfreq:en,wordfreq_seeded;deterministically_filtered;structurally_curated
en,v1,1,614,634,record,record,record,unknown,record,wordfreq:en,wordfreq_seeded;deterministically_filtered;structurally_curated
en,v1,1,615,635,similar,similar,similar,unknown,similar,wordfreq:en,wordfreq_seeded;deterministically_filtered;structurally_curated
en,v1,1,616,636,total,total,total,unknown,total,wordfreq:en,wordfreq_seeded;deterministically_filtered;structurally_curated
en,v1,1,617,637,w,w,w,unknown,w,wordfreq:en,wordfreq_seeded;deterministically_filtered;structurally_curated
en,v1,1,618,638,above,above,above,unknown,above,wordfreq:en,wordfreq_seeded;deterministically_filtered;structurally_curated
en,v1,1,619,639,club,club,club,unknown,club,wordfreq:en,wordfreq_seeded;deterministically_filtered;structurally_curated
en,v1,1,620,640,common,common,common,unknown,common,wordfreq:en,wordfreq_seeded;deterministically_filtered;structurally_curated
en,v1,1,621,641,died,died,died,unknown,died,wordfreq:en,wordfreq_seeded;deterministically_filtered;structurally_curated
en,v1,1,622,642,film,film,film,unknown,film,wordfreq:en,wordfreq_seeded;deterministically_filtered;structurally_curated
en,v1,1,623,643,happened,happened,happened,unknown,happened,wordfreq:en,wordfreq_seeded;deterministically_filtered;structurally_curated
en,v1,1,624,644,knew,knew,knew,unknown,knew,wordfreq:en,wordfreq_seeded;deterministically_filtered;structurally_curated
en,v1,1,625,645,lead,lead,lead,unknown,lead,wordfreq:en,wordfreq_seeded;deterministically_filtered;structurally_curated
en,v1,1,626,646,likely,likely,likely,unknown,likely,wordfreq:en,wordfreq_seeded;deterministically_filtered;structurally_curated
en,v1,1,627,647,military,military,military,unknown,military,wordfreq:en,wordfreq_seeded;deterministically_filtered;structurally_curated
en,v1,1,628,648,perfect,perfect,perfect,unknown,perfect,wordfreq:en,wordfreq_seeded;deterministically_filtered;structurally_curated
en,v1,1,629,649,personal,personal,personal,unknown,personal,wordfreq:en,wordfreq_seeded;deterministically_filtered;structurally_curated
en,v1,1,630,650,security,security,security,unknown,security,wordfreq:en,wordfreq_seeded;deterministically_filtered;structurally_curated
en,v1,1,631,651,share,share,share,unknown,share,wordfreq:en,wordfreq_seeded;deterministically_filtered;structurally_curated
en,v1,1,632,652,st,st,st,unknown,st,wordfreq:en,wordfreq_seeded;deterministically_filtered;structurally_curated
en,v1,1,633,653,tv,tv,tv,unknown,tv,wordfreq:en,wordfreq_seeded;deterministically_filtered;structurally_curated
en,v1,1,634,654,what's,what's,what's,unknown,what's,wordfreq:en,wordfreq_seeded;deterministically_filtered;structurally_curated
en,v1,1,635,655,won,won,won,unknown,won,wordfreq:en,wordfreq_seeded;deterministically_filtered;structurally_curated
en,v1,1,636,656,x,x,x,unknown,x,wordfreq:en,wordfreq_seeded;deterministically_filtered;structurally_curated
en,v1,1,637,657,april,april,april,unknown,april,wordfreq:en,wordfreq_seeded;deterministically_filtered;structurally_curated
en,v1,1,638,658,center,center,center,unknown,center,wordfreq:en,wordfreq_seeded;deterministically_filtered;structurally_curated
en,v1,1,639,659,county,county,county,unknown,county,wordfreq:en,wordfreq_seeded;deterministically_filtered;structurally_curated
en,v1,1,640,660,couple,couple,couple,unknown,couple,wordfreq:en,wordfreq_seeded;deterministically_filtered;structurally_curated
en,v1,1,641,661,dead,dead,dead,unknown,dead,wordfreq:en,wordfreq_seeded;deterministically_filtered;structurally_curated
en,v1,1,642,662,english,english,english,unknown,english,wordfreq:en,wordfreq_seeded;deterministically_filtered;structurally_curated
en,v1,1,643,663,happen,happen,happen,unknown,happen,wordfreq:en,wordfreq_seeded;deterministically_filtered;structurally_curated
en,v1,1,644,664,hold,hold,hold,unknown,hold,wordfreq:en,wordfreq_seeded;deterministically_filtered;structurally_curated
en,v1,1,645,665,industry,industry,industry,unknown,industry,wordfreq:en,wordfreq_seeded;deterministically_filtered;structurally_curated
en,v1,1,646,666,inside,inside,inside,unknown,inside,wordfreq:en,wordfreq_seeded;deterministically_filtered;structurally_curated
en,v1,1,647,667,issues,issues,issues,unknown,issues,wordfreq:en,wordfreq_seeded;deterministically_filtered;structurally_curated
en,v1,1,648,668,online,online,online,unknown,online,wordfreq:en,wordfreq_seeded;deterministically_filtered;structurally_curated
en,v1,1,649,669,player,player,player,unknown,player,wordfreq:en,wordfreq_seeded;deterministically_filtered;structurally_curated
en,v1,1,650,670,private,private,private,unknown,private,wordfreq:en,wordfreq_seeded;deterministically_filtered;structurally_curated
en,v1,1,651,671,problems,problems,problems,unknown,problems,wordfreq:en,wordfreq_seeded;deterministically_filtered;structurally_curated
en,v1,1,652,672,return,return,return,unknown,return,wordfreq:en,wordfreq_seeded;deterministically_filtered;structurally_curated
en,v1,1,653,673,rights,rights,rights,unknown,rights,wordfreq:en,wordfreq_seeded;deterministically_filtered;structurally_curated
en,v1,1,654,674,sense,sense,sense,unknown,sense,wordfreq:en,wordfreq_seeded;deterministically_filtered;structurally_curated
en,v1,1,655,675,star,star,star,unknown,star,wordfreq:en,wordfreq_seeded;deterministically_filtered;structurally_curated
en,v1,1,656,676,test,test,test,unknown,test,wordfreq:en,wordfreq_seeded;deterministically_filtered;structurally_curated
en,v1,1,657,677,view,view,view,unknown,view,wordfreq:en,wordfreq_seeded;deterministically_filtered;structurally_curated
en,v1,1,658,678,weeks,weeks,weeks,unknown,weeks,wordfreq:en,wordfreq_seeded;deterministically_filtered;structurally_curated
en,v1,1,659,680,break,break,break,unknown,break,wordfreq:en,wordfreq_seeded;deterministically_filtered;structurally_curated
en,v1,1,660,681,british,british,british,unknown,british,wordfreq:en,wordfreq_seeded;deterministically_filtered;structurally_curated
en,v1,1,661,682,companies,companies,companies,unknown,companies,wordfreq:en,wordfreq_seeded;deterministically_filtered;structurally_curated
en,v1,1,662,683,event,event,event,unknown,event,wordfreq:en,wordfreq_seeded;deterministically_filtered;structurally_curated
en,v1,1,663,684,higher,higher,higher,unknown,higher,wordfreq:en,wordfreq_seeded;deterministically_filtered;structurally_curated
en,v1,1,664,685,hour,hour,hour,unknown,hour,wordfreq:en,wordfreq_seeded;deterministically_filtered;structurally_curated
en,v1,1,665,686,l,l,l,unknown,l,wordfreq:en,wordfreq_seeded;deterministically_filtered;structurally_curated
en,v1,1,666,687,member,member,member,unknown,member,wordfreq:en,wordfreq_seeded;deterministically_filtered;structurally_curated
en,v1,1,667,688,middle,middle,middle,unknown,middle,wordfreq:en,wordfreq_seeded;deterministically_filtered;structurally_curated
en,v1,1,668,689,needed,needed,needed,unknown,needed,wordfreq:en,wordfreq_seeded;deterministically_filtered;structurally_curated
en,v1,1,669,690,present,present,present,unknown,present,wordfreq:en,wordfreq_seeded;deterministically_filtered;structurally_curated
en,v1,1,670,691,result,result,result,unknown,result,wordfreq:en,wordfreq_seeded;deterministically_filtered;structurally_curated
en,v1,1,671,692,sorry,sorry,sorry,unknown,sorry,wordfreq:en,wordfreq_seeded;deterministically_filtered;structurally_curated
en,v1,1,672,693,takes,takes,takes,unknown,takes,wordfreq:en,wordfreq_seeded;deterministically_filtered;structurally_curated
en,v1,1,673,694,training,training,training,unknown,training,wordfreq:en,wordfreq_seeded;deterministically_filtered;structurally_curated
en,v1,1,674,695,wish,wish,wish,unknown,wish,wordfreq:en,wordfreq_seeded;deterministically_filtered;structurally_curated
en,v1,1,675,696,wouldn't,wouldn't,wouldn't,unknown,wouldn't,wordfreq:en,wordfreq_seeded;deterministically_filtered;structurally_curated
en,v1,1,676,697,answer,answer,answer,unknown,answer,wordfreq:en,wordfreq_seeded;deterministically_filtered;structurally_curated
en,v1,1,677,698,boy,boy,boy,unknown,boy,wordfreq:en,wordfreq_seeded;deterministically_filtered;structurally_curated
en,v1,1,678,699,design,design,design,unknown,design,wordfreq:en,wordfreq_seeded;deterministically_filtered;structurally_curated
en,v1,1,679,700,finally,finally,finally,unknown,finally,wordfreq:en,wordfreq_seeded;deterministically_filtered;structurally_curated
en,v1,1,680,701,girls,girls,girls,unknown,girls,wordfreq:en,wordfreq_seeded;deterministically_filtered;structurally_curated
en,v1,1,681,702,gold,gold,gold,unknown,gold,wordfreq:en,wordfreq_seeded;deterministically_filtered;structurally_curated
en,v1,1,682,703,gone,gone,gone,unknown,gone,wordfreq:en,wordfreq_seeded;deterministically_filtered;structurally_curated
en,v1,1,683,704,guess,guess,guess,unknown,guess,wordfreq:en,wordfreq_seeded;deterministically_filtered;structurally_curated
en,v1,1,684,705,interest,interest,interest,unknown,interest,wordfreq:en,wordfreq_seeded;deterministically_filtered;structurally_curated
en,v1,1,685,706,july,july,july,unknown,july,wordfreq:en,wordfreq_seeded;deterministically_filtered;structurally_curated
en,v1,1,686,707,king,king,king,unknown,king,wordfreq:en,wordfreq_seeded;deterministically_filtered;structurally_curated
en,v1,1,687,708,learn,learn,learn,unknown,learn,wordfreq:en,wordfreq_seeded;deterministically_filtered;structurally_curated
en,v1,1,688,709,policy,policy,policy,unknown,policy,wordfreq:en,wordfreq_seeded;deterministically_filtered;structurally_curated
en,v1,1,689,710,society,society,society,unknown,society,wordfreq:en,wordfreq_seeded;deterministically_filtered;structurally_curated
en,v1,1,690,711,added,added,added,unknown,added,wordfreq:en,wordfreq_seeded;deterministically_filtered;structurally_curated
en,v1,1,691,712,al,al,al,unknown,al,wordfreq:en,wordfreq_seeded;deterministically_filtered;structurally_curated
en,v1,1,692,713,alone,alone,alone,unknown,alone,wordfreq:en,wordfreq_seeded;deterministically_filtered;structurally_curated
en,v1,1,693,714,average,average,average,unknown,average,wordfreq:en,wordfreq_seeded;deterministically_filtered;structurally_curated
en,v1,1,694,715,bank,bank,bank,unknown,bank,wordfreq:en,wordfreq_seeded;deterministically_filtered;structurally_curated
en,v1,1,695,716,brought,brought,brought,unknown,brought,wordfreq:en,wordfreq_seeded;deterministically_filtered;structurally_curated
en,v1,1,696,717,certain,certain,certain,unknown,certain,wordfreq:en,wordfreq_seeded;deterministically_filtered;structurally_curated
en,v1,1,697,718,church,church,church,unknown,church,wordfreq:en,wordfreq_seeded;deterministically_filtered;structurally_curated
en,v1,1,698,719,east,east,east,unknown,east,wordfreq:en,wordfreq_seeded;deterministically_filtered;structurally_curated
en,v1,1,699,720,hands,hands,hands,unknown,hands,wordfreq:en,wordfreq_seeded;deterministically_filtered;structurally_curated
en,v1,1,700,721,hot,hot,hot,unknown,hot,wordfreq:en,wordfreq_seeded;deterministically_filtered;structurally_curated
en,v1,1,701,722,let's,let's,let's,unknown,let's,wordfreq:en,wordfreq_seeded;deterministically_filtered;structurally_curated
en,v1,1,702,723,longer,longer,longer,unknown,longer,wordfreq:en,wordfreq_seeded;deterministically_filtered;structurally_curated
en,v1,1,703,724,medical,medical,medical,unknown,medical,wordfreq:en,wordfreq_seeded;deterministically_filtered;structurally_curated
en,v1,1,704,725,movie,movie,movie,unknown,movie,wordfreq:en,wordfreq_seeded;deterministically_filtered;structurally_curated
en,v1,1,705,726,original,original,original,unknown,original,wordfreq:en,wordfreq_seeded;deterministically_filtered;structurally_curated
en,v1,1,706,727,park,park,park,unknown,park,wordfreq:en,wordfreq_seeded;deterministically_filtered;structurally_curated
en,v1,1,707,728,performance,performance,performance,unknown,performance,wordfreq:en,wordfreq_seeded;deterministically_filtered;structurally_curated
en,v1,1,708,729,press,press,press,unknown,press,wordfreq:en,wordfreq_seeded;deterministically_filtered;structurally_curated
en,v1,1,709,730,received,received,received,unknown,received,wordfreq:en,wordfreq_seeded;deterministically_filtered;structurally_curated
en,v1,1,710,731,role,role,role,unknown,role,wordfreq:en,wordfreq_seeded;deterministically_filtered;structurally_curated
en,v1,1,711,732,sent,sent,sent,unknown,sent,wordfreq:en,wordfreq_seeded;deterministically_filtered;structurally_curated
en,v1,1,712,733,themselves,themselves,themselves,unknown,themselves,wordfreq:en,wordfreq_seeded;deterministically_filtered;structurally_curated
en,v1,1,713,734,tried,tried,tried,unknown,tried,wordfreq:en,wordfreq_seeded;deterministically_filtered;structurally_curated
en,v1,1,714,735,worked,worked,worked,unknown,worked,wordfreq:en,wordfreq_seeded;deterministically_filtered;structurally_curated
en,v1,1,715,736,worth,worth,worth,unknown,worth,wordfreq:en,wordfreq_seeded;deterministically_filtered;structurally_curated
en,v1,1,716,737,areas,areas,areas,unknown,areas,wordfreq:en,wordfreq_seeded;deterministically_filtered;structurally_curated
en,v1,1,717,738,became,became,became,unknown,became,wordfreq:en,wordfreq_seeded;deterministically_filtered;structurally_curated
en,v1,1,718,739,bill,bill,bill,unknown,bill,wordfreq:en,wordfreq_seeded;deterministically_filtered;structurally_curated
en,v1,1,719,740,books,books,books,unknown,books,wordfreq:en,wordfreq_seeded;deterministically_filtered;structurally_curated
en,v1,1,720,741,cool,cool,cool,unknown,cool,wordfreq:en,wordfreq_seeded;deterministically_filtered;structurally_curated
en,v1,1,721,742,director,director,director,unknown,director,wordfreq:en,wordfreq_seeded;deterministically_filtered;structurally_curated
en,v1,1,722,743,exactly,exactly,exactly,unknown,exactly,wordfreq:en,wordfreq_seeded;deterministically_filtered;structurally_curated
en,v1,1,723,744,giving,giving,giving,unknown,giving,wordfreq:en,wordfreq_seeded;deterministically_filtered;structurally_curated
en,v1,1,724,745,ground,ground,ground,unknown,ground,wordfreq:en,wordfreq_seeded;deterministically_filtered;structurally_curated
en,v1,1,725,746,meeting,meeting,meeting,unknown,meeting,wordfreq:en,wordfreq_seeded;deterministically_filtered;structurally_curated
en,v1,1,726,747,n,n,n,unknown,n,wordfreq:en,wordfreq_seeded;deterministically_filtered;structurally_curated
en,v1,1,727,748,provide,provide,provide,unknown,provide,wordfreq:en,wordfreq_seeded;deterministically_filtered;structurally_curated
en,v1,1,728,749,questions,questions,questions,unknown,questions,wordfreq:en,wordfreq_seeded;deterministically_filtered;structurally_curated
en,v1,1,729,750,relationship,relationship,relationship,unknown,relationship,wordfreq:en,wordfreq_seeded;deterministically_filtered;structurally_curated
en,v1,1,730,751,september,september,september,unknown,september,wordfreq:en,wordfreq_seeded;deterministically_filtered;structurally_curated
en,v1,1,731,752,sound,sound,sound,unknown,sound,wordfreq:en,wordfreq_seeded;deterministically_filtered;structurally_curated
en,v1,1,732,753,source,source,source,unknown,source,wordfreq:en,wordfreq_seeded;deterministically_filtered;structurally_curated
en,v1,1,733,754,usually,usually,usually,unknown,usually,wordfreq:en,wordfreq_seeded;deterministically_filtered;structurally_curated
en,v1,1,734,755,value,value,value,unknown,value,wordfreq:en,wordfreq_seeded;deterministically_filtered;structurally_curated
en,v1,1,735,756,evidence,evidence,evidence,unknown,evidence,wordfreq:en,wordfreq_seeded;deterministically_filtered;structurally_curated
en,v1,1,736,757,follow,follow,follow,unknown,follow,wordfreq:en,wordfreq_seeded;deterministically_filtered;structurally_curated
en,v1,1,737,758,lives,lives,lives,unknown,lives,wordfreq:en,wordfreq_seeded;deterministically_filtered;structurally_curated
en,v1,1,738,759,official,official,official,unknown,official,wordfreq:en,wordfreq_seeded;deterministically_filtered;structurally_curated
en,v1,1,739,760,ok,ok,ok,unknown,ok,wordfreq:en,wordfreq_seeded;deterministically_filtered;structurally_curated
en,v1,1,740,761,production,production,production,unknown,production,wordfreq:en,wordfreq_seeded;deterministically_filtered;structurally_curated
en,v1,1,741,762,rate,rate,rate,unknown,rate,wordfreq:en,wordfreq_seeded;deterministically_filtered;structurally_curated
en,v1,1,742,763,reading,reading,reading,unknown,reading,wordfreq:en,wordfreq_seeded;deterministically_filtered;structurally_curated
en,v1,1,743,764,round,round,round,unknown,round,wordfreq:en,wordfreq_seeded;deterministically_filtered;structurally_curated
en,v1,1,744,765,save,save,save,unknown,save,wordfreq:en,wordfreq_seeded;deterministically_filtered;structurally_curated
en,v1,1,745,766,stand,stand,stand,unknown,stand,wordfreq:en,wordfreq_seeded;deterministically_filtered;structurally_curated
en,v1,1,746,767,stuff,stuff,stuff,unknown,stuff,wordfreq:en,wordfreq_seeded;deterministically_filtered;structurally_curated
en,v1,1,747,768,tax,tax,tax,unknown,tax,wordfreq:en,wordfreq_seeded;deterministically_filtered;structurally_curated
en,v1,1,748,769,whatever,whatever,whatever,unknown,whatever,wordfreq:en,wordfreq_seeded;deterministically_filtered;structurally_curated
en,v1,1,749,770,amount,amount,amount,unknown,amount,wordfreq:en,wordfreq_seeded;deterministically_filtered;structurally_curated
en,v1,1,750,771,blue,blue,blue,unknown,blue,wordfreq:en,wordfreq_seeded;deterministically_filtered;structurally_curated
en,v1,1,751,772,countries,countries,countries,unknown,countries,wordfreq:en,wordfreq_seeded;deterministically_filtered;structurally_curated
en,v1,1,752,773,david,david,david,unknown,david,wordfreq:en,wordfreq_seeded;deterministically_filtered;structurally_curated
en,v1,1,753,774,drive,drive,drive,unknown,drive,wordfreq:en,wordfreq_seeded;deterministically_filtered;structurally_curated
en,v1,1,754,775,eat,eat,eat,unknown,eat,wordfreq:en,wordfreq_seeded;deterministically_filtered;structurally_curated
en,v1,1,755,776,fall,fall,fall,unknown,fall,wordfreq:en,wordfreq_seeded;deterministically_filtered;structurally_curated
en,v1,1,756,777,fast,fast,fast,unknown,fast,wordfreq:en,wordfreq_seeded;deterministically_filtered;structurally_curated
en,v1,1,757,778,federal,federal,federal,unknown,federal,wordfreq:en,wordfreq_seeded;deterministically_filtered;structurally_curated
en,v1,1,758,779,feeling,feeling,feeling,unknown,feeling,wordfreq:en,wordfreq_seeded;deterministically_filtered;structurally_curated
en,v1,1,759,780,felt,felt,felt,unknown,felt,wordfreq:en,wordfreq_seeded;deterministically_filtered;structurally_curated
en,v1,1,760,781,green,green,green,unknown,green,wordfreq:en,wordfreq_seeded;deterministically_filtered;structurally_curated
en,v1,1,761,782,league,league,league,unknown,league,wordfreq:en,wordfreq_seeded;deterministically_filtered;structurally_curated
en,v1,1,762,783,management,management,management,unknown,management,wordfreq:en,wordfreq_seeded;deterministically_filtered;structurally_curated
en,v1,1,763,784,match,match,match,unknown,match,wordfreq:en,wordfreq_seeded;deterministically_filtered;structurally_curated
en,v1,1,764,785,model,model,model,unknown,model,wordfreq:en,wordfreq_seeded;deterministically_filtered;structurally_curated
en,v1,1,765,786,p,p,p,unknown,p,wordfreq:en,wordfreq_seeded;deterministically_filtered;structurally_curated
en,v1,1,766,787,picture,picture,picture,unknown,picture,wordfreq:en,wordfreq_seeded;deterministically_filtered;structurally_curated
en,v1,1,767,788,size,size,size,unknown,size,wordfreq:en,wordfreq_seeded;deterministically_filtered;structurally_curated
en,v1,1,768,789,step,step,step,unknown,step,wordfreq:en,wordfreq_seeded;deterministically_filtered;structurally_curated
en,v1,1,769,790,trust,trust,trust,unknown,trust,wordfreq:en,wordfreq_seeded;deterministically_filtered;structurally_curated
en,v1,1,770,791,you've,you've,you've,unknown,you've,wordfreq:en,wordfreq_seeded;deterministically_filtered;structurally_curated
en,v1,1,771,792,central,central,central,unknown,central,wordfreq:en,wordfreq_seeded;deterministically_filtered;structurally_curated
en,v1,1,772,793,changes,changes,changes,unknown,changes,wordfreq:en,wordfreq_seeded;deterministically_filtered;structurally_curated
en,v1,1,773,794,england,england,england,unknown,england,wordfreq:en,wordfreq_seeded;deterministically_filtered;structurally_curated
en,v1,1,774,795,forward,forward,forward,unknown,forward,wordfreq:en,wordfreq_seeded;deterministically_filtered;structurally_curated
en,v1,1,775,796,groups,groups,groups,unknown,groups,wordfreq:en,wordfreq_seeded;deterministically_filtered;structurally_curated
en,v1,1,776,797,hey,hey,hey,unknown,hey,wordfreq:en,wordfreq_seeded;deterministically_filtered;structurally_curated
en,v1,1,777,798,key,key,key,unknown,key,wordfreq:en,wordfreq_seeded;deterministically_filtered;structurally_curated
en,v1,1,778,799,mom,mom,mom,unknown,mom,wordfreq:en,wordfreq_seeded;deterministically_filtered;structurally_curated
en,v1,1,779,800,o,o,o,unknown,o,wordfreq:en,wordfreq_seeded;deterministically_filtered;structurally_curated
en,v1,1,780,801,page,page,page,unknown,page,wordfreq:en,wordfreq_seeded;deterministically_filtered;structurally_curated
en,v1,1,781,802,paid,paid,paid,unknown,paid,wordfreq:en,wordfreq_seeded;deterministically_filtered;structurally_curated
en,v1,1,782,803,range,range,range,unknown,range,wordfreq:en,wordfreq_seeded;deterministically_filtered;structurally_curated
en,v1,1,783,804,review,review,review,unknown,review,wordfreq:en,wordfreq_seeded;deterministically_filtered;structurally_curated
en,v1,1,784,805,science,science,science,unknown,science,wordfreq:en,wordfreq_seeded;deterministically_filtered;structurally_curated
en,v1,1,785,806,trade,trade,trade,unknown,trade,wordfreq:en,wordfreq_seeded;deterministically_filtered;structurally_curated
en,v1,1,786,807,uk,uk,uk,unknown,uk,wordfreq:en,wordfreq_seeded;deterministically_filtered;structurally_curated
en,v1,1,787,808,upon,upon,upon,unknown,upon,wordfreq:en,wordfreq_seeded;deterministically_filtered;structurally_curated
en,v1,1,788,809,various,various,various,unknown,various,wordfreq:en,wordfreq_seeded;deterministically_filtered;structurally_curated
en,v1,1,789,810,attention,attention,attention,unknown,attention,wordfreq:en,wordfreq_seeded;deterministically_filtered;structurally_curated
en,v1,1,790,811,brother,brother,brother,unknown,brother,wordfreq:en,wordfreq_seeded;deterministically_filtered;structurally_curated
en,v1,1,791,812,cannot,cannot,cannot,unknown,cannot,wordfreq:en,wordfreq_seeded;deterministically_filtered;structurally_curated
en,v1,1,792,813,character,character,character,unknown,character,wordfreq:en,wordfreq_seeded;deterministically_filtered;structurally_curated
en,v1,1,793,814,chief,chief,chief,unknown,chief,wordfreq:en,wordfreq_seeded;deterministically_filtered;structurally_curated
en,v1,1,794,815,cup,cup,cup,unknown,cup,wordfreq:en,wordfreq_seeded;deterministically_filtered;structurally_curated
en,v1,1,795,816,football,football,football,unknown,football,wordfreq:en,wordfreq_seeded;deterministically_filtered;structurally_curated
en,v1,1,796,817,hate,hate,hate,unknown,hate,wordfreq:en,wordfreq_seeded;deterministically_filtered;structurally_curated
en,v1,1,797,818,haven't,haven't,haven't,unknown,haven't,wordfreq:en,wordfreq_seeded;deterministically_filtered;structurally_curated
en,v1,1,798,819,james,james,james,unknown,james,wordfreq:en,wordfreq_seeded;deterministically_filtered;structurally_curated
en,v1,1,799,820,led,led,led,unknown,led,wordfreq:en,wordfreq_seeded;deterministically_filtered;structurally_curated
en,v1,1,800,821,looked,looked,looked,unknown,looked,wordfreq:en,wordfreq_seeded;deterministically_filtered;structurally_curated
en,v1,1,801,822,lower,lower,lower,unknown,lower,wordfreq:en,wordfreq_seeded;deterministically_filtered;structurally_curated
en,v1,1,802,823,natural,natural,natural,unknown,natural,wordfreq:en,wordfreq_seeded;deterministically_filtered;structurally_curated
en,v1,1,803,824,october,october,october,unknown,october,wordfreq:en,wordfreq_seeded;deterministically_filtered;structurally_curated
en,v1,1,804,825,property,property,property,unknown,property,wordfreq:en,wordfreq_seeded;deterministically_filtered;structurally_curated
en,v1,1,805,826,quality,quality,quality,unknown,quality,wordfreq:en,wordfreq_seeded;deterministically_filtered;structurally_curated
en,v1,1,806,827,send,send,send,unknown,send,wordfreq:en,wordfreq_seeded;deterministically_filtered;structurally_curated
en,v1,1,807,828,style,style,style,unknown,style,wordfreq:en,wordfreq_seeded;deterministically_filtered;structurally_curated
en,v1,1,808,829,u,u,u,unknown,u,wordfreq:en,wordfreq_seeded;deterministically_filtered;structurally_curated
en,v1,1,809,830,vote,vote,vote,unknown,vote,wordfreq:en,wordfreq_seeded;deterministically_filtered;structurally_curated
en,v1,1,810,832,amazing,amazing,amazing,unknown,amazing,wordfreq:en,wordfreq_seeded;deterministically_filtered;structurally_curated
en,v1,1,811,833,august,august,august,unknown,august,wordfreq:en,wordfreq_seeded;deterministically_filtered;structurally_curated
en,v1,1,812,834,blood,blood,blood,unknown,blood,wordfreq:en,wordfreq_seeded;deterministically_filtered;structurally_curated
en,v1,1,813,835,china,china,china,unknown,china,wordfreq:en,wordfreq_seeded;deterministically_filtered;structurally_curated
en,v1,1,814,836,complete,complete,complete,unknown,complete,wordfreq:en,wordfreq_seeded;deterministically_filtered;structurally_curated
en,v1,1,815,837,dog,dog,dog,unknown,dog,wordfreq:en,wordfreq_seeded;deterministically_filtered;structurally_curated
en,v1,1,816,838,economic,economic,economic,unknown,economic,wordfreq:en,wordfreq_seeded;deterministically_filtered;structurally_curated
en,v1,1,817,839,hell,hell,hell,unknown,hell,wordfreq:en,wordfreq_seeded;deterministically_filtered;structurally_curated
en,v1,1,818,840,involved,involved,involved,unknown,involved,wordfreq:en,wordfreq_seeded;deterministically_filtered;structurally_curated
en,v1,1,819,841,itself,itself,itself,unknown,itself,wordfreq:en,wordfreq_seeded;deterministically_filtered;structurally_curated
en,v1,1,820,842,language,language,language,unknown,language,wordfreq:en,wordfreq_seeded;deterministically_filtered;structurally_curated
en,v1,1,821,843,lord,lord,lord,unknown,lord,wordfreq:en,wordfreq_seeded;deterministically_filtered;structurally_curated
en,v1,1,822,844,november,november,november,unknown,november,wordfreq:en,wordfreq_seeded;deterministically_filtered;structurally_curated
en,v1,1,823,845,oil,oil,oil,unknown,oil,wordfreq:en,wordfreq_seeded;deterministically_filtered;structurally_curated
en,v1,1,824,846,related,related,related,unknown,related,wordfreq:en,wordfreq_seeded;deterministically_filtered;structurally_curated
en,v1,1,825,847,serious,serious,serious,unknown,serious,wordfreq:en,wordfreq_seeded;deterministically_filtered;structurally_curated
en,v1,1,826,848,stage,stage,stage,unknown,stage,wordfreq:en,wordfreq_seeded;deterministically_filtered;structurally_curated
en,v1,1,827,849,terms,terms,terms,unknown,terms,wordfreq:en,wordfreq_seeded;deterministically_filtered;structurally_curated
en,v1,1,828,850,title,title,title,unknown,title,wordfreq:en,wordfreq_seeded;deterministically_filtered;structurally_curated
en,v1,1,829,851,add,add,add,unknown,add,wordfreq:en,wordfreq_seeded;deterministically_filtered;structurally_curated
en,v1,1,830,852,article,article,article,unknown,article,wordfreq:en,wordfreq_seeded;deterministically_filtered;structurally_curated
en,v1,1,831,853,attack,attack,attack,unknown,attack,wordfreq:en,wordfreq_seeded;deterministically_filtered;structurally_curated
en,v1,1,832,854,born,born,born,unknown,born,wordfreq:en,wordfreq_seeded;deterministically_filtered;structurally_curated
en,v1,1,833,855,couldn't,couldn't,couldn't,unknown,couldn't,wordfreq:en,wordfreq_seeded;deterministically_filtered;structurally_curated
en,v1,1,834,856,damn,damn,damn,unknown,damn,wordfreq:en,wordfreq_seeded;deterministically_filtered;structurally_curated
en,v1,1,835,857,decided,decided,decided,unknown,decided,wordfreq:en,wordfreq_seeded;deterministically_filtered;structurally_curated
en,v1,1,836,858,decision,decision,decision,unknown,decision,wordfreq:en,wordfreq_seeded;deterministically_filtered;structurally_curated
en,v1,1,837,859,enjoy,enjoy,enjoy,unknown,enjoy,wordfreq:en,wordfreq_seeded;deterministically_filtered;structurally_curated
en,v1,1,838,860,entire,entire,entire,unknown,entire,wordfreq:en,wordfreq_seeded;deterministically_filtered;structurally_curated
en,v1,1,839,861,french,french,french,unknown,french,wordfreq:en,wordfreq_seeded;deterministically_filtered;structurally_curated
en,v1,1,840,862,january,january,january,unknown,january,wordfreq:en,wordfreq_seeded;deterministically_filtered;structurally_curated
en,v1,1,841,863,kill,kill,kill,unknown,kill,wordfreq:en,wordfreq_seeded;deterministically_filtered;structurally_curated
en,v1,1,842,864,met,met,met,unknown,met,wordfreq:en,wordfreq_seeded;deterministically_filtered;structurally_curated
en,v1,1,843,865,perhaps,perhaps,perhaps,unknown,perhaps,wordfreq:en,wordfreq_seeded;deterministically_filtered;structurally_curated
en,v1,1,844,866,poor,poor,poor,unknown,poor,wordfreq:en,wordfreq_seeded;deterministically_filtered;structurally_curated
en,v1,1,845,867,release,release,release,unknown,release,wordfreq:en,wordfreq_seeded;deterministically_filtered;structurally_curated
en,v1,1,846,868,situation,situation,situation,unknown,situation,wordfreq:en,wordfreq_seeded;deterministically_filtered;structurally_curated
en,v1,1,847,869,technology,technology,technology,unknown,technology,wordfreq:en,wordfreq_seeded;deterministically_filtered;structurally_curated
en,v1,1,848,870,turned,turned,turned,unknown,turned,wordfreq:en,wordfreq_seeded;deterministically_filtered;structurally_curated
en,v1,1,849,871,website,website,website,unknown,website,wordfreq:en,wordfreq_seeded;deterministically_filtered;structurally_curated
en,v1,1,850,872,written,written,written,unknown,written,wordfreq:en,wordfreq_seeded;deterministically_filtered;structurally_curated
en,v1,1,851,873,choice,choice,choice,unknown,choice,wordfreq:en,wordfreq_seeded;deterministically_filtered;structurally_curated
en,v1,1,852,874,code,code,code,unknown,code,wordfreq:en,wordfreq_seeded;deterministically_filtered;structurally_curated
en,v1,1,853,875,considered,considered,considered,unknown,considered,wordfreq:en,wordfreq_seeded;deterministically_filtered;structurally_curated
en,v1,1,854,876,continue,continue,continue,unknown,continue,wordfreq:en,wordfreq_seeded;deterministically_filtered;structurally_curated
en,v1,1,855,877,council,council,council,unknown,council,wordfreq:en,wordfreq_seeded;deterministically_filtered;structurally_curated
en,v1,1,856,878,cover,cover,cover,unknown,cover,wordfreq:en,wordfreq_seeded;deterministically_filtered;structurally_curated
en,v1,1,857,879,currently,currently,currently,unknown,currently,wordfreq:en,wordfreq_seeded;deterministically_filtered;structurally_curated
en,v1,1,858,880,door,door,door,unknown,door,wordfreq:en,wordfreq_seeded;deterministically_filtered;structurally_curated
en,v1,1,859,881,election,election,election,unknown,election,wordfreq:en,wordfreq_seeded;deterministically_filtered;structurally_curated
en,v1,1,860,882,european,european,european,unknown,european,wordfreq:en,wordfreq_seeded;deterministically_filtered;structurally_curated
en,v1,1,861,883,events,events,events,unknown,events,wordfreq:en,wordfreq_seeded;deterministically_filtered;structurally_curated
en,v1,1,862,884,f,f,f,unknown,f,wordfreq:en,wordfreq_seeded;deterministically_filtered;structurally_curated
en,v1,1,863,885,financial,financial,financial,unknown,financial,wordfreq:en,wordfreq_seeded;deterministically_filtered;structurally_curated
en,v1,1,864,886,foreign,foreign,foreign,unknown,foreign,wordfreq:en,wordfreq_seeded;deterministically_filtered;structurally_curated
en,v1,1,865,887,hair,hair,hair,unknown,hair,wordfreq:en,wordfreq_seeded;deterministically_filtered;structurally_curated
en,v1,1,866,888,increase,increase,increase,unknown,increase,wordfreq:en,wordfreq_seeded;deterministically_filtered;structurally_curated
en,v1,1,867,889,legal,legal,legal,unknown,legal,wordfreq:en,wordfreq_seeded;deterministically_filtered;structurally_curated
en,v1,1,868,890,lose,lose,lose,unknown,lose,wordfreq:en,wordfreq_seeded;deterministically_filtered;structurally_curated
en,v1,1,869,891,michael,michael,michael,unknown,michael,wordfreq:en,wordfreq_seeded;deterministically_filtered;structurally_curated
en,v1,1,870,892,pick,pick,pick,unknown,pick,wordfreq:en,wordfreq_seeded;deterministically_filtered;structurally_curated
en,v1,1,871,893,race,race,race,unknown,race,wordfreq:en,wordfreq_seeded;deterministically_filtered;structurally_curated
en,v1,1,872,894,seem,seem,seem,unknown,seem,wordfreq:en,wordfreq_seeded;deterministically_filtered;structurally_curated
en,v1,1,873,895,seven,seven,seven,unknown,seven,wordfreq:en,wordfreq_seeded;deterministically_filtered;structurally_curated
en,v1,1,874,896,sign,sign,sign,unknown,sign,wordfreq:en,wordfreq_seeded;deterministically_filtered;structurally_curated
en,v1,1,875,897,simple,simple,simple,unknown,simple,wordfreq:en,wordfreq_seeded;deterministically_filtered;structurally_curated
en,v1,1,876,898,simply,simply,simply,unknown,simply,wordfreq:en,wordfreq_seeded;deterministically_filtered;structurally_curated
en,v1,1,877,899,staff,staff,staff,unknown,staff,wordfreq:en,wordfreq_seeded;deterministically_filtered;structurally_curated
en,v1,1,878,900,super,super,super,unknown,super,wordfreq:en,wordfreq_seeded;deterministically_filtered;structurally_curated
en,v1,1,879,901,union,union,union,unknown,union,wordfreq:en,wordfreq_seeded;deterministically_filtered;structurally_curated
en,v1,1,880,902,walk,walk,walk,unknown,walk,wordfreq:en,wordfreq_seeded;deterministically_filtered;structurally_curated
en,v1,1,881,903,washington,washington,washington,unknown,washington,wordfreq:en,wordfreq_seeded;deterministically_filtered;structurally_curated
en,v1,1,882,904,bed,bed,bed,unknown,bed,wordfreq:en,wordfreq_seeded;deterministically_filtered;structurally_curated
en,v1,1,883,905,began,began,began,unknown,began,wordfreq:en,wordfreq_seeded;deterministically_filtered;structurally_curated
en,v1,1,884,906,built,built,built,unknown,built,wordfreq:en,wordfreq_seeded;deterministically_filtered;structurally_curated
en,v1,1,885,907,career,career,career,unknown,career,wordfreq:en,wordfreq_seeded;deterministically_filtered;structurally_curated
en,v1,1,886,908,changed,changed,changed,unknown,changed,wordfreq:en,wordfreq_seeded;deterministically_filtered;structurally_curated
en,v1,1,887,909,crazy,crazy,crazy,unknown,crazy,wordfreq:en,wordfreq_seeded;deterministically_filtered;structurally_curated
en,v1,1,888,910,daily,daily,daily,unknown,daily,wordfreq:en,wordfreq_seeded;deterministically_filtered;structurally_curated
en,v1,1,889,911,daughter,daughter,daughter,unknown,daughter,wordfreq:en,wordfreq_seeded;deterministically_filtered;structurally_curated
en,v1,1,890,912,december,december,december,unknown,december,wordfreq:en,wordfreq_seeded;deterministically_filtered;structurally_curated
en,v1,1,891,913,die,die,die,unknown,die,wordfreq:en,wordfreq_seeded;deterministically_filtered;structurally_curated
en,v1,1,892,914,difficult,difficult,difficult,unknown,difficult,wordfreq:en,wordfreq_seeded;deterministically_filtered;structurally_curated
en,v1,1,893,915,figure,figure,figure,unknown,figure,wordfreq:en,wordfreq_seeded;deterministically_filtered;structurally_curated
en,v1,1,894,916,hospital,hospital,hospital,unknown,hospital,wordfreq:en,wordfreq_seeded;deterministically_filtered;structurally_curated
en,v1,1,895,917,knows,knows,knows,unknown,knows,wordfreq:en,wordfreq_seeded;deterministically_filtered;structurally_curated
en,v1,1,896,918,loss,loss,loss,unknown,loss,wordfreq:en,wordfreq_seeded;deterministically_filtered;structurally_curated
en,v1,1,897,919,modern,modern,modern,unknown,modern,wordfreq:en,wordfreq_seeded;deterministically_filtered;structurally_curated
en,v1,1,898,920,ones,ones,ones,unknown,ones,wordfreq:en,wordfreq_seeded;deterministically_filtered;structurally_curated
en,v1,1,899,921,paper,paper,paper,unknown,paper,wordfreq:en,wordfreq_seeded;deterministically_filtered;structurally_curated
en,v1,1,900,922,parts,parts,parts,unknown,parts,wordfreq:en,wordfreq_seeded;deterministically_filtered;structurally_curated
en,v1,1,901,923,popular,popular,popular,unknown,popular,wordfreq:en,wordfreq_seeded;deterministically_filtered;structurally_curated
en,v1,1,902,924,published,published,published,unknown,published,wordfreq:en,wordfreq_seeded;deterministically_filtered;structurally_curated
en,v1,1,903,925,safe,safe,safe,unknown,safe,wordfreq:en,wordfreq_seeded;deterministically_filtered;structurally_curated
en,v1,1,904,926,starting,starting,starting,unknown,starting,wordfreq:en,wordfreq_seeded;deterministically_filtered;structurally_curated
en,v1,1,905,927,systems,systems,systems,unknown,systems,wordfreq:en,wordfreq_seeded;deterministically_filtered;structurally_curated
en,v1,1,906,928,version,version,version,unknown,version,wordfreq:en,wordfreq_seeded;deterministically_filtered;structurally_curated
en,v1,1,907,929,voice,voice,voice,unknown,voice,wordfreq:en,wordfreq_seeded;deterministically_filtered;structurally_curated
en,v1,1,908,930,whose,whose,whose,unknown,whose,wordfreq:en,wordfreq_seeded;deterministically_filtered;structurally_curated
en,v1,1,909,931,writing,writing,writing,unknown,writing,wordfreq:en,wordfreq_seeded;deterministically_filtered;structurally_curated
en,v1,1,910,932,army,army,army,unknown,army,wordfreq:en,wordfreq_seeded;deterministically_filtered;structurally_curated
en,v1,1,911,933,australia,australia,australia,unknown,australia,wordfreq:en,wordfreq_seeded;deterministically_filtered;structurally_curated
en,v1,1,912,934,earth,earth,earth,unknown,earth,wordfreq:en,wordfreq_seeded;deterministically_filtered;structurally_curated
en,v1,1,913,935,forget,forget,forget,unknown,forget,wordfreq:en,wordfreq_seeded;deterministically_filtered;structurally_curated
en,v1,1,914,936,goal,goal,goal,unknown,goal,wordfreq:en,wordfreq_seeded;deterministically_filtered;structurally_curated
en,v1,1,915,937,h,h,h,unknown,h,wordfreq:en,wordfreq_seeded;deterministically_filtered;structurally_curated
en,v1,1,916,938,huge,huge,huge,unknown,huge,wordfreq:en,wordfreq_seeded;deterministically_filtered;structurally_curated
en,v1,1,917,939,internet,internet,internet,unknown,internet,wordfreq:en,wordfreq_seeded;deterministically_filtered;structurally_curated
en,v1,1,918,940,listen,listen,listen,unknown,listen,wordfreq:en,wordfreq_seeded;deterministically_filtered;structurally_curated
en,v1,1,919,941,okay,okay,okay,unknown,okay,wordfreq:en,wordfreq_seeded;deterministically_filtered;structurally_curated
en,v1,1,920,942,practice,practice,practice,unknown,practice,wordfreq:en,wordfreq_seeded;deterministically_filtered;structurally_curated
en,v1,1,921,943,rules,rules,rules,unknown,rules,wordfreq:en,wordfreq_seeded;deterministically_filtered;structurally_curated
en,v1,1,922,944,sea,sea,sea,unknown,sea,wordfreq:en,wordfreq_seeded;deterministically_filtered;structurally_curated
en,v1,1,923,945,sir,sir,sir,unknown,sir,wordfreq:en,wordfreq_seeded;deterministically_filtered;structurally_curated
en,v1,1,924,946,success,success,success,unknown,success,wordfreq:en,wordfreq_seeded;deterministically_filtered;structurally_curated
en,v1,1,925,947,towards,towards,towards,unknown,towards,wordfreq:en,wordfreq_seeded;deterministically_filtered;structurally_curated
en,v1,1,926,948,v,v,v,unknown,v,wordfreq:en,wordfreq_seeded;deterministically_filtered;structurally_curated
en,v1,1,927,949,waiting,waiting,waiting,unknown,waiting,wordfreq:en,wordfreq_seeded;deterministically_filtered;structurally_curated
en,v1,1,928,950,ways,ways,ways,unknown,ways,wordfreq:en,wordfreq_seeded;deterministically_filtered;structurally_curated
en,v1,1,929,951,access,access,access,unknown,access,wordfreq:en,wordfreq_seeded;deterministically_filtered;structurally_curated
en,v1,1,930,952,aren't,aren't,aren't,unknown,aren't,wordfreq:en,wordfreq_seeded;deterministically_filtered;structurally_curated
en,v1,1,931,953,base,base,base,unknown,base,wordfreq:en,wordfreq_seeded;deterministically_filtered;structurally_curated
en,v1,1,932,954,below,below,below,unknown,below,wordfreq:en,wordfreq_seeded;deterministically_filtered;structurally_curated
en,v1,1,933,955,created,created,created,unknown,created,wordfreq:en,wordfreq_seeded;deterministically_filtered;structurally_curated
en,v1,1,934,956,deep,deep,deep,unknown,deep,wordfreq:en,wordfreq_seeded;deterministically_filtered;structurally_curated
en,v1,1,935,957,followed,followed,followed,unknown,followed,wordfreq:en,wordfreq_seeded;deterministically_filtered;structurally_curated
en,v1,1,936,958,la,la,la,unknown,la,wordfreq:en,wordfreq_seeded;deterministically_filtered;structurally_curated
en,v1,1,937,959,lol,lol,lol,unknown,lol,wordfreq:en,wordfreq_seeded;deterministically_filtered;structurally_curated
en,v1,1,938,960,mark,mark,mark,unknown,mark,wordfreq:en,wordfreq_seeded;deterministically_filtered;structurally_curated
en,v1,1,939,961,missing,missing,missing,unknown,missing,wordfreq:en,wordfreq_seeded;deterministically_filtered;structurally_curated
en,v1,1,940,962,offer,offer,offer,unknown,offer,wordfreq:en,wordfreq_seeded;deterministically_filtered;structurally_curated
en,v1,1,941,963,pass,pass,pass,unknown,pass,wordfreq:en,wordfreq_seeded;deterministically_filtered;structurally_curated
en,v1,1,942,964,professional,professional,professional,unknown,professional,wordfreq:en,wordfreq_seeded;deterministically_filtered;structurally_curated
en,v1,1,943,965,released,released,released,unknown,released,wordfreq:en,wordfreq_seeded;deterministically_filtered;structurally_curated
en,v1,1,944,966,risk,risk,risk,unknown,risk,wordfreq:en,wordfreq_seeded;deterministically_filtered;structurally_curated
en,v1,1,945,967,schools,schools,schools,unknown,schools,wordfreq:en,wordfreq_seeded;deterministically_filtered;structurally_curated
en,v1,1,946,968,sleep,sleep,sleep,unknown,sleep,wordfreq:en,wordfreq_seeded;deterministically_filtered;structurally_curated
en,v1,1,947,969,table,table,table,unknown,table,wordfreq:en,wordfreq_seeded;deterministically_filtered;structurally_curated
en,v1,1,948,970,ten,ten,ten,unknown,ten,wordfreq:en,wordfreq_seeded;deterministically_filtered;structurally_curated
en,v1,1,949,971,truth,truth,truth,unknown,truth,wordfreq:en,wordfreq_seeded;deterministically_filtered;structurally_curated
en,v1,1,950,972,ball,ball,ball,unknown,ball,wordfreq:en,wordfreq_seeded;deterministically_filtered;structurally_curated
en,v1,1,951,973,box,box,box,unknown,box,wordfreq:en,wordfreq_seeded;deterministically_filtered;structurally_curated
en,v1,1,952,974,build,build,build,unknown,build,wordfreq:en,wordfreq_seeded;deterministically_filtered;structurally_curated
en,v1,1,953,975,card,card,card,unknown,card,wordfreq:en,wordfreq_seeded;deterministically_filtered;structurally_curated
en,v1,1,954,976,cases,cases,cases,unknown,cases,wordfreq:en,wordfreq_seeded;deterministically_filtered;structurally_curated
en,v1,1,955,977,dark,dark,dark,unknown,dark,wordfreq:en,wordfreq_seeded;deterministically_filtered;structurally_curated
en,v1,1,956,978,district,district,district,unknown,district,wordfreq:en,wordfreq_seeded;deterministically_filtered;structurally_curated
en,v1,1,957,979,europe,europe,europe,unknown,europe,wordfreq:en,wordfreq_seeded;deterministically_filtered;structurally_curated
en,v1,1,958,980,george,george,george,unknown,george,wordfreq:en,wordfreq_seeded;deterministically_filtered;structurally_curated
en,v1,1,959,981,india,india,india,unknown,india,wordfreq:en,wordfreq_seeded;deterministically_filtered;structurally_curated
en,v1,1,960,982,mine,mine,mine,unknown,mine,wordfreq:en,wordfreq_seeded;deterministically_filtered;structurally_curated
en,v1,1,961,983,minister,minister,minister,unknown,minister,wordfreq:en,wordfreq_seeded;deterministically_filtered;structurally_curated
en,v1,1,962,984,note,note,note,unknown,note,wordfreq:en,wordfreq_seeded;deterministically_filtered;structurally_curated
en,v1,1,963,985,percent,percent,percent,unknown,percent,wordfreq:en,wordfreq_seeded;deterministically_filtered;structurally_curated
en,v1,1,964,986,piece,piece,piece,unknown,piece,wordfreq:en,wordfreq_seeded;deterministically_filtered;structurally_curated
en,v1,1,965,987,products,products,products,unknown,products,wordfreq:en,wordfreq_seeded;deterministically_filtered;structurally_curated
en,v1,1,966,988,recent,recent,recent,unknown,recent,wordfreq:en,wordfreq_seeded;deterministically_filtered;structurally_curated
en,v1,1,967,989,seeing,seeing,seeing,unknown,seeing,wordfreq:en,wordfreq_seeded;deterministically_filtered;structurally_curated
en,v1,1,968,990,straight,straight,straight,unknown,straight,wordfreq:en,wordfreq_seeded;deterministically_filtered;structurally_curated
en,v1,1,969,991,visit,visit,visit,unknown,visit,wordfreq:en,wordfreq_seeded;deterministically_filtered;structurally_curated
en,v1,1,970,992,wall,wall,wall,unknown,wall,wordfreq:en,wordfreq_seeded;deterministically_filtered;structurally_curated
en,v1,1,971,993,wanna,wanna,wanna,unknown,wanna,wordfreq:en,wordfreq_seeded;deterministically_filtered;structurally_curated
en,v1,1,972,994,we've,we've,we've,unknown,we've,wordfreq:en,wordfreq_seeded;deterministically_filtered;structurally_curated
en,v1,1,973,995,wrote,wrote,wrote,unknown,wrote,wordfreq:en,wordfreq_seeded;deterministically_filtered;structurally_curated
en,v1,1,974,996,allowed,allowed,allowed,unknown,allowed,wordfreq:en,wordfreq_seeded;deterministically_filtered;structurally_curated
en,v1,1,975,997,boys,boys,boys,unknown,boys,wordfreq:en,wordfreq_seeded;deterministically_filtered;structurally_curated
en,v1,1,976,998,culture,culture,culture,unknown,culture,wordfreq:en,wordfreq_seeded;deterministically_filtered;structurally_curated
en,v1,1,977,999,etc,etc,etc,unknown,etc,wordfreq:en,wordfreq_seeded;deterministically_filtered;structurally_curated
en,v1,1,978,1000,fans,fans,fans,unknown,fans,wordfreq:en,wordfreq_seeded;deterministically_filtered;structurally_curated
en,v1,1,979,1001,february,february,february,unknown,february,wordfreq:en,wordfreq_seeded;deterministically_filtered;structurally_curated
en,v1,1,980,1002,gives,gives,gives,unknown,gives,wordfreq:en,wordfreq_seeded;deterministically_filtered;structurally_curated
en,v1,1,981,1003,growth,growth,growth,unknown,growth,wordfreq:en,wordfreq_seeded;deterministically_filtered;structurally_curated
en,v1,1,982,1004,included,included,included,unknown,included,wordfreq:en,wordfreq_seeded;deterministically_filtered;structurally_curated
en,v1,1,983,1005,married,married,married,unknown,married,wordfreq:en,wordfreq_seeded;deterministically_filtered;structurally_curated
en,v1,1,984,1006,officer,officer,officer,unknown,officer,wordfreq:en,wordfreq_seeded;deterministically_filtered;structurally_curated
en,v1,1,985,1007,pain,pain,pain,unknown,pain,wordfreq:en,wordfreq_seeded;deterministically_filtered;structurally_curated
en,v1,1,986,1008,paul,paul,paul,unknown,paul,wordfreq:en,wordfreq_seeded;deterministically_filtered;structurally_curated
en,v1,1,987,1009,places,places,places,unknown,places,wordfreq:en,wordfreq_seeded;deterministically_filtered;structurally_curated
en,v1,1,988,1010,respect,respect,respect,unknown,respect,wordfreq:en,wordfreq_seeded;deterministically_filtered;structurally_curated
en,v1,1,989,1011,response,response,response,unknown,response,wordfreq:en,wordfreq_seeded;deterministically_filtered;structurally_curated
en,v1,1,990,1012,river,river,river,unknown,river,wordfreq:en,wordfreq_seeded;deterministically_filtered;structurally_curated
en,v1,1,991,1013,rock,rock,rock,unknown,rock,wordfreq:en,wordfreq_seeded;deterministically_filtered;structurally_curated
en,v1,1,992,1014,shall,shall,shall,unknown,shall,wordfreq:en,wordfreq_seeded;deterministically_filtered;structurally_curated
en,v1,1,993,1015,speak,speak,speak,unknown,speak,wordfreq:en,wordfreq_seeded;deterministically_filtered;structurally_curated
en,v1,1,994,1016,specific,specific,specific,unknown,specific,wordfreq:en,wordfreq_seeded;deterministically_filtered;structurally_curated
en,v1,1,995,1017,standard,standard,standard,unknown,standard,wordfreq:en,wordfreq_seeded;deterministically_filtered;structurally_curated
en,v1,1,996,1018,tonight,tonight,tonight,unknown,tonight,wordfreq:en,wordfreq_seeded;deterministically_filtered;structurally_curated
en,v1,1,997,1019,write,write,write,unknown,write,wordfreq:en,wordfreq_seeded;deterministically_filtered;structurally_curated
en,v1,1,998,1020,y,y,y,unknown,y,wordfreq:en,wordfreq_seeded;deterministically_filtered;structurally_curated
en,v1,1,999,1021,album,album,album,unknown,album,wordfreq:en,wordfreq_seeded;deterministically_filtered;structurally_curated
en,v1,1,1000,1022,century,century,century,unknown,century,wordfreq:en,wordfreq_seeded;deterministically_filtered;structurally_curated
en,v1,2,1001,1023,charge,charge,charge,unknown,charge,wordfreq:en,wordfreq_seeded;deterministically_filtered;structurally_curated
en,v1,2,1002,1024,cold,cold,cold,unknown,cold,wordfreq:en,wordfreq_seeded;deterministically_filtered;structurally_curated
en,v1,2,1003,1025,create,create,create,unknown,create,wordfreq:en,wordfreq_seeded;deterministically_filtered;structurally_curated
en,v1,2,1004,1026,effect,effect,effect,unknown,effect,wordfreq:en,wordfreq_seeded;deterministically_filtered;structurally_curated
en,v1,2,1005,1027,eight,eight,eight,unknown,eight,wordfreq:en,wordfreq_seeded;deterministically_filtered;structurally_curated
en,v1,2,1006,1028,except,except,except,unknown,except,wordfreq:en,wordfreq_seeded;deterministically_filtered;structurally_curated
en,v1,2,1007,1029,eye,eye,eye,unknown,eye,wordfreq:en,wordfreq_seeded;deterministically_filtered;structurally_curated
en,v1,2,1008,1030,funny,funny,funny,unknown,funny,wordfreq:en,wordfreq_seeded;deterministically_filtered;structurally_curated
en,v1,2,1009,1031,ii,ii,ii,unknown,ii,wordfreq:en,wordfreq_seeded;deterministically_filtered;structurally_curated
en,v1,2,1010,1032,limited,limited,limited,unknown,limited,wordfreq:en,wordfreq_seeded;deterministically_filtered;structurally_curated
en,v1,2,1011,1033,moving,moving,moving,unknown,moving,wordfreq:en,wordfreq_seeded;deterministically_filtered;structurally_curated
en,v1,2,1012,1034,network,network,network,unknown,network,wordfreq:en,wordfreq_seeded;deterministically_filtered;structurally_curated
en,v1,2,1013,1035,peace,peace,peace,unknown,peace,wordfreq:en,wordfreq_seeded;deterministically_filtered;structurally_curated
en,v1,2,1014,1036,provided,provided,provided,unknown,provided,wordfreq:en,wordfreq_seeded;deterministically_filtered;structurally_curated
en,v1,2,1015,1037,recently,recently,recently,unknown,recently,wordfreq:en,wordfreq_seeded;deterministically_filtered;structurally_curated
en,v1,2,1016,1038,required,required,required,unknown,required,wordfreq:en,wordfreq_seeded;deterministically_filtered;structurally_curated
en,v1,2,1017,1039,sales,sales,sales,unknown,sales,wordfreq:en,wordfreq_seeded;deterministically_filtered;structurally_curated
en,v1,2,1018,1040,spent,spent,spent,unknown,spent,wordfreq:en,wordfreq_seeded;deterministically_filtered;structurally_curated
en,v1,2,1019,1041,store,store,store,unknown,store,wordfreq:en,wordfreq_seeded;deterministically_filtered;structurally_curated
en,v1,2,1020,1042,student,student,student,unknown,student,wordfreq:en,wordfreq_seeded;deterministically_filtered;structurally_curated
en,v1,2,1021,1043,tomorrow,tomorrow,tomorrow,unknown,tomorrow,wordfreq:en,wordfreq_seeded;deterministically_filtered;structurally_curated
en,v1,2,1022,1044,track,track,track,unknown,track,wordfreq:en,wordfreq_seeded;deterministically_filtered;structurally_curated
en,v1,2,1023,1045,via,via,via,unknown,via,wordfreq:en,wordfreq_seeded;deterministically_filtered;structurally_curated
en,v1,2,1024,1046,watching,watching,watching,unknown,watching,wordfreq:en,wordfreq_seeded;deterministically_filtered;structurally_curated
en,v1,2,1025,1047,weight,weight,weight,unknown,weight,wordfreq:en,wordfreq_seeded;deterministically_filtered;structurally_curated
en,v1,2,1026,1048,addition,addition,addition,unknown,addition,wordfreq:en,wordfreq_seeded;deterministically_filtered;structurally_curated
en,v1,2,1027,1049,ahead,ahead,ahead,unknown,ahead,wordfreq:en,wordfreq_seeded;deterministically_filtered;structurally_curated
en,v1,2,1028,1050,allow,allow,allow,unknown,allow,wordfreq:en,wordfreq_seeded;deterministically_filtered;structurally_curated
en,v1,2,1029,1051,anti,anti,anti,unknown,anti,wordfreq:en,wordfreq_seeded;deterministically_filtered;structurally_curated
en,v1,2,1030,1052,association,association,association,unknown,association,wordfreq:en,wordfreq_seeded;deterministically_filtered;structurally_curated
en,v1,2,1031,1053,beat,beat,beat,unknown,beat,wordfreq:en,wordfreq_seeded;deterministically_filtered;structurally_curated
en,v1,2,1032,1054,brown,brown,brown,unknown,brown,wordfreq:en,wordfreq_seeded;deterministically_filtered;structurally_curated
en,v1,2,1033,1055,capital,capital,capital,unknown,capital,wordfreq:en,wordfreq_seeded;deterministically_filtered;structurally_curated
en,v1,2,1034,1056,chinese,chinese,chinese,unknown,chinese,wordfreq:en,wordfreq_seeded;deterministically_filtered;structurally_curated
en,v1,2,1035,1057,committee,committee,committee,unknown,committee,wordfreq:en,wordfreq_seeded;deterministically_filtered;structurally_curated
en,v1,2,1036,1058,conference,conference,conference,unknown,conference,wordfreq:en,wordfreq_seeded;deterministically_filtered;structurally_curated
en,v1,2,1037,1059,difference,difference,difference,unknown,difference,wordfreq:en,wordfreq_seeded;deterministically_filtered;structurally_curated
en,v1,2,1038,1060,double,double,double,unknown,double,wordfreq:en,wordfreq_seeded;deterministically_filtered;structurally_curated
en,v1,2,1039,1061,expect,expect,expect,unknown,expect,wordfreq:en,wordfreq_seeded;deterministically_filtered;structurally_curated
en,v1,2,1040,1062,gas,gas,gas,unknown,gas,wordfreq:en,wordfreq_seeded;deterministically_filtered;structurally_curated
en,v1,2,1041,1063,island,island,island,unknown,island,wordfreq:en,wordfreq_seeded;deterministically_filtered;structurally_curated
en,v1,2,1042,1064,moved,moved,moved,unknown,moved,wordfreq:en,wordfreq_seeded;deterministically_filtered;structurally_curated
en,v1,2,1043,1065,normal,normal,normal,unknown,normal,wordfreq:en,wordfreq_seeded;deterministically_filtered;structurally_curated
en,v1,2,1044,1066,plans,plans,plans,unknown,plans,wordfreq:en,wordfreq_seeded;deterministically_filtered;structurally_curated
en,v1,2,1045,1067,population,population,population,unknown,population,wordfreq:en,wordfreq_seeded;deterministically_filtered;structurally_curated
en,v1,2,1046,1068,potential,potential,potential,unknown,potential,wordfreq:en,wordfreq_seeded;deterministically_filtered;structurally_curated
en,v1,2,1047,1069,pressure,pressure,pressure,unknown,pressure,wordfreq:en,wordfreq_seeded;deterministically_filtered;structurally_curated
en,v1,2,1048,1070,radio,radio,radio,unknown,radio,wordfreq:en,wordfreq_seeded;deterministically_filtered;structurally_curated
en,v1,2,1049,1071,russian,russian,russian,unknown,russian,wordfreq:en,wordfreq_seeded;deterministically_filtered;structurally_curated
en,v1,2,1050,1072,station,station,station,unknown,station,wordfreq:en,wordfreq_seeded;deterministically_filtered;structurally_curated
en,v1,2,1051,1073,text,text,text,unknown,text,wordfreq:en,wordfreq_seeded;deterministically_filtered;structurally_curated
en,v1,2,1052,1074,treatment,treatment,treatment,unknown,treatment,wordfreq:en,wordfreq_seeded;deterministically_filtered;structurally_curated
en,v1,2,1053,1075,western,western,western,unknown,western,wordfreq:en,wordfreq_seeded;deterministically_filtered;structurally_curated
en,v1,2,1054,1076,ass,ass,ass,unknown,ass,wordfreq:en,wordfreq_seeded;deterministically_filtered;structurally_curated
en,v1,2,1055,1077,beginning,beginning,beginning,unknown,beginning,wordfreq:en,wordfreq_seeded;deterministically_filtered;structurally_curated
en,v1,2,1056,1078,california,california,california,unknown,california,wordfreq:en,wordfreq_seeded;deterministically_filtered;structurally_curated
en,v1,2,1057,1079,campaign,campaign,campaign,unknown,campaign,wordfreq:en,wordfreq_seeded;deterministically_filtered;structurally_curated
en,v1,2,1058,1080,certainly,certainly,certainly,unknown,certainly,wordfreq:en,wordfreq_seeded;deterministically_filtered;structurally_curated
en,v1,2,1059,1081,completely,completely,completely,unknown,completely,wordfreq:en,wordfreq_seeded;deterministically_filtered;structurally_curated
en,v1,2,1060,1082,content,content,content,unknown,content,wordfreq:en,wordfreq_seeded;deterministically_filtered;structurally_curated
en,v1,2,1061,1083,credit,credit,credit,unknown,credit,wordfreq:en,wordfreq_seeded;deterministically_filtered;structurally_curated
en,v1,2,1062,1084,cross,cross,cross,unknown,cross,wordfreq:en,wordfreq_seeded;deterministically_filtered;structurally_curated
en,v1,2,1063,1085,described,described,described,unknown,described,wordfreq:en,wordfreq_seeded;deterministically_filtered;structurally_curated
en,v1,2,1064,1086,despite,despite,despite,unknown,despite,wordfreq:en,wordfreq_seeded;deterministically_filtered;structurally_curated
en,v1,2,1065,1087,female,female,female,unknown,female,wordfreq:en,wordfreq_seeded;deterministically_filtered;structurally_curated
en,v1,2,1066,1088,focus,focus,focus,unknown,focus,wordfreq:en,wordfreq_seeded;deterministically_filtered;structurally_curated
en,v1,2,1067,1089,g,g,g,unknown,g,wordfreq:en,wordfreq_seeded;deterministically_filtered;structurally_curated
en,v1,2,1068,1090,hi,hi,hi,unknown,hi,wordfreq:en,wordfreq_seeded;deterministically_filtered;structurally_curated
en,v1,2,1069,1091,husband,husband,husband,unknown,husband,wordfreq:en,wordfreq_seeded;deterministically_filtered;structurally_curated
en,v1,2,1070,1092,ice,ice,ice,unknown,ice,wordfreq:en,wordfreq_seeded;deterministically_filtered;structurally_curated
en,v1,2,1071,1093,individual,individual,individual,unknown,individual,wordfreq:en,wordfreq_seeded;deterministically_filtered;structurally_curated
en,v1,2,1072,1094,interesting,interesting,interesting,unknown,interesting,wordfreq:en,wordfreq_seeded;deterministically_filtered;structurally_curated
en,v1,2,1073,1095,j,j,j,unknown,j,wordfreq:en,wordfreq_seeded;deterministically_filtered;structurally_curated
en,v1,2,1074,1096,join,join,join,unknown,join,wordfreq:en,wordfreq_seeded;deterministically_filtered;structurally_curated
en,v1,2,1075,1097,kept,kept,kept,unknown,kept,wordfreq:en,wordfreq_seeded;deterministically_filtered;structurally_curated
en,v1,2,1076,1098,leading,leading,leading,unknown,leading,wordfreq:en,wordfreq_seeded;deterministically_filtered;structurally_curated
en,v1,2,1077,1099,loved,loved,loved,unknown,loved,wordfreq:en,wordfreq_seeded;deterministically_filtered;structurally_curated
en,v1,2,1078,1100,message,message,message,unknown,message,wordfreq:en,wordfreq_seeded;deterministically_filtered;structurally_curated
en,v1,2,1079,1101,miles,miles,miles,unknown,miles,wordfreq:en,wordfreq_seeded;deterministically_filtered;structurally_curated
en,v1,2,1080,1102,nearly,nearly,nearly,unknown,nearly,wordfreq:en,wordfreq_seeded;deterministically_filtered;structurally_curated
en,v1,2,1081,1103,particular,particular,particular,unknown,particular,wordfreq:en,wordfreq_seeded;deterministically_filtered;structurally_curated
en,v1,2,1082,1104,previous,previous,previous,unknown,previous,wordfreq:en,wordfreq_seeded;deterministically_filtered;structurally_curated
en,v1,2,1083,1105,quickly,quickly,quickly,unknown,quickly,wordfreq:en,wordfreq_seeded;deterministically_filtered;structurally_curated
en,v1,2,1084,1106,region,region,region,unknown,region,wordfreq:en,wordfreq_seeded;deterministically_filtered;structurally_curated
en,v1,2,1085,1107,reported,reported,reported,unknown,reported,wordfreq:en,wordfreq_seeded;deterministically_filtered;structurally_curated
en,v1,2,1086,1108,section,section,section,unknown,section,wordfreq:en,wordfreq_seeded;deterministically_filtered;structurally_curated
en,v1,2,1087,1109,sort,sort,sort,unknown,sort,wordfreq:en,wordfreq_seeded;deterministically_filtered;structurally_curated
en,v1,2,1088,1110,speed,speed,speed,unknown,speed,wordfreq:en,wordfreq_seeded;deterministically_filtered;structurally_curated
en,v1,2,1089,1111,travel,travel,travel,unknown,travel,wordfreq:en,wordfreq_seeded;deterministically_filtered;structurally_curated
en,v1,2,1090,1112,consider,consider,consider,unknown,consider,wordfreq:en,wordfreq_seeded;deterministically_filtered;structurally_curated
en,v1,2,1091,1113,contact,contact,contact,unknown,contact,wordfreq:en,wordfreq_seeded;deterministically_filtered;structurally_curated
en,v1,2,1092,1114,drop,drop,drop,unknown,drop,wordfreq:en,wordfreq_seeded;deterministically_filtered;structurally_curated
en,v1,2,1093,1115,fair,fair,fair,unknown,fair,wordfreq:en,wordfreq_seeded;deterministically_filtered;structurally_curated
en,v1,2,1094,1116,feet,feet,feet,unknown,feet,wordfreq:en,wordfreq_seeded;deterministically_filtered;structurally_curated
en,v1,2,1095,1117,jesus,jesus,jesus,unknown,jesus,wordfreq:en,wordfreq_seeded;deterministically_filtered;structurally_curated
en,v1,2,1096,1118,kid,kid,kid,unknown,kid,wordfreq:en,wordfreq_seeded;deterministically_filtered;structurally_curated
en,v1,2,1097,1119,link,link,link,unknown,link,wordfreq:en,wordfreq_seeded;deterministically_filtered;structurally_curated
en,v1,2,1098,1120,positive,positive,positive,unknown,positive,wordfreq:en,wordfreq_seeded;deterministically_filtered;structurally_curated
en,v1,2,1099,1121,sale,sale,sale,unknown,sale,wordfreq:en,wordfreq_seeded;deterministically_filtered;structurally_curated
en,v1,2,1100,1122,throughout,throughout,throughout,unknown,throughout,wordfreq:en,wordfreq_seeded;deterministically_filtered;structurally_curated
en,v1,2,1101,1123,tour,tour,tour,unknown,tour,wordfreq:en,wordfreq_seeded;deterministically_filtered;structurally_curated
en,v1,2,1102,1124,welcome,welcome,welcome,unknown,welcome,wordfreq:en,wordfreq_seeded;deterministically_filtered;structurally_curated
en,v1,2,1103,1125,absolutely,absolutely,absolutely,unknown,absolutely,wordfreq:en,wordfreq_seeded;deterministically_filtered;structurally_curated
en,v1,2,1104,1126,additional,additional,additional,unknown,additional,wordfreq:en,wordfreq_seeded;deterministically_filtered;structurally_curated
en,v1,2,1105,1127,beyond,beyond,beyond,unknown,beyond,wordfreq:en,wordfreq_seeded;deterministically_filtered;structurally_curated
en,v1,2,1106,1128,conditions,conditions,conditions,unknown,conditions,wordfreq:en,wordfreq_seeded;deterministically_filtered;structurally_curated
en,v1,2,1107,1129,earlier,earlier,earlier,unknown,earlier,wordfreq:en,wordfreq_seeded;deterministically_filtered;structurally_curated
en,v1,2,1108,1130,extra,extra,extra,unknown,extra,wordfreq:en,wordfreq_seeded;deterministically_filtered;structurally_curated
en,v1,2,1109,1131,forces,forces,forces,unknown,forces,wordfreq:en,wordfreq_seeded;deterministically_filtered;structurally_curated
en,v1,2,1110,1132,immediately,immediately,immediately,unknown,immediately,wordfreq:en,wordfreq_seeded;deterministically_filtered;structurally_curated
en,v1,2,1111,1133,jobs,jobs,jobs,unknown,jobs,wordfreq:en,wordfreq_seeded;deterministically_filtered;structurally_curated
en,v1,2,1112,1134,leaving,leaving,leaving,unknown,leaving,wordfreq:en,wordfreq_seeded;deterministically_filtered;structurally_curated
en,v1,2,1113,1135,minute,minute,minute,unknown,minute,wordfreq:en,wordfreq_seeded;deterministically_filtered;structurally_curated
en,v1,2,1114,1136,nature,nature,nature,unknown,nature,wordfreq:en,wordfreq_seeded;deterministically_filtered;structurally_curated
en,v1,2,1115,1137,numbers,numbers,numbers,unknown,numbers,wordfreq:en,wordfreq_seeded;deterministically_filtered;structurally_curated
en,v1,2,1116,1138,quick,quick,quick,unknown,quick,wordfreq:en,wordfreq_seeded;deterministically_filtered;structurally_curated
en,v1,2,1117,1139,sell,sell,sell,unknown,sell,wordfreq:en,wordfreq_seeded;deterministically_filtered;structurally_curated
en,v1,2,1118,1140,significant,significant,significant,unknown,significant,wordfreq:en,wordfreq_seeded;deterministically_filtered;structurally_curated
en,v1,2,1119,1141,studies,studies,studies,unknown,studies,wordfreq:en,wordfreq_seeded;deterministically_filtered;structurally_curated
en,v1,2,1120,1142,unless,unless,unless,unknown,unless,wordfreq:en,wordfreq_seeded;deterministically_filtered;structurally_curated
en,v1,2,1121,1143,winning,winning,winning,unknown,winning,wordfreq:en,wordfreq_seeded;deterministically_filtered;structurally_curated
en,v1,2,1122,1144,agree,agree,agree,unknown,agree,wordfreq:en,wordfreq_seeded;deterministically_filtered;structurally_curated
en,v1,2,1123,1145,canada,canada,canada,unknown,canada,wordfreq:en,wordfreq_seeded;deterministically_filtered;structurally_curated
en,v1,2,1124,1146,clean,clean,clean,unknown,clean,wordfreq:en,wordfreq_seeded;deterministically_filtered;structurally_curated
en,v1,2,1125,1147,computer,computer,computer,unknown,computer,wordfreq:en,wordfreq_seeded;deterministically_filtered;structurally_curated
en,v1,2,1126,1148,construction,construction,construction,unknown,construction,wordfreq:en,wordfreq_seeded;deterministically_filtered;structurally_curated
en,v1,2,1127,1149,episode,episode,episode,unknown,episode,wordfreq:en,wordfreq_seeded;deterministically_filtered;structurally_curated
en,v1,2,1128,1150,favorite,favorite,favorite,unknown,favorite,wordfreq:en,wordfreq_seeded;deterministically_filtered;structurally_curated
en,v1,2,1129,1151,income,income,income,unknown,income,wordfreq:en,wordfreq_seeded;deterministically_filtered;structurally_curated
en,v1,2,1130,1152,justice,justice,justice,unknown,justice,wordfreq:en,wordfreq_seeded;deterministically_filtered;structurally_curated
en,v1,2,1131,1153,levels,levels,levels,unknown,levels,wordfreq:en,wordfreq_seeded;deterministically_filtered;structurally_curated
en,v1,2,1132,1154,manager,manager,manager,unknown,manager,wordfreq:en,wordfreq_seeded;deterministically_filtered;structurally_curated
en,v1,2,1133,1155,movement,movement,movement,unknown,movement,wordfreq:en,wordfreq_seeded;deterministically_filtered;structurally_curated
en,v1,2,1134,1156,photo,photo,photo,unknown,photo,wordfreq:en,wordfreq_seeded;deterministically_filtered;structurally_curated
en,v1,2,1135,1157,posted,posted,posted,unknown,posted,wordfreq:en,wordfreq_seeded;deterministically_filtered;structurally_curated
en,v1,2,1136,1158,safety,safety,safety,unknown,safety,wordfreq:en,wordfreq_seeded;deterministically_filtered;structurally_curated
en,v1,2,1137,1159,san,san,san,unknown,san,wordfreq:en,wordfreq_seeded;deterministically_filtered;structurally_curated
en,v1,2,1138,1160,scene,scene,scene,unknown,scene,wordfreq:en,wordfreq_seeded;deterministically_filtered;structurally_curated
en,v1,2,1139,1161,sold,sold,sold,unknown,sold,wordfreq:en,wordfreq_seeded;deterministically_filtered;structurally_curated
en,v1,2,1140,1162,sounds,sounds,sounds,unknown,sounds,wordfreq:en,wordfreq_seeded;deterministically_filtered;structurally_curated
en,v1,2,1141,1163,spend,spend,spend,unknown,spend,wordfreq:en,wordfreq_seeded;deterministically_filtered;structurally_curated
en,v1,2,1142,1164,statement,statement,statement,unknown,statement,wordfreq:en,wordfreq_seeded;deterministically_filtered;structurally_curated
en,v1,2,1143,1165,sun,sun,sun,unknown,sun,wordfreq:en,wordfreq_seeded;deterministically_filtered;structurally_curated
en,v1,2,1144,1166,teams,teams,teams,unknown,teams,wordfreq:en,wordfreq_seeded;deterministically_filtered;structurally_curated
en,v1,2,1145,1168,ability,ability,ability,unknown,ability,wordfreq:en,wordfreq_seeded;deterministically_filtered;structurally_curated
en,v1,2,1146,1169,announced,announced,announced,unknown,announced,wordfreq:en,wordfreq_seeded;deterministically_filtered;structurally_curated
en,v1,2,1147,1170,asking,asking,asking,unknown,asking,wordfreq:en,wordfreq_seeded;deterministically_filtered;structurally_curated
en,v1,2,1148,1171,calling,calling,calling,unknown,calling,wordfreq:en,wordfreq_seeded;deterministically_filtered;structurally_curated
en,v1,2,1149,1172,coach,coach,coach,unknown,coach,wordfreq:en,wordfreq_seeded;deterministically_filtered;structurally_curated
en,v1,2,1150,1173,collection,collection,collection,unknown,collection,wordfreq:en,wordfreq_seeded;deterministically_filtered;structurally_curated
en,v1,2,1151,1174,continued,continued,continued,unknown,continued,wordfreq:en,wordfreq_seeded;deterministically_filtered;structurally_curated
en,v1,2,1152,1175,costs,costs,costs,unknown,costs,wordfreq:en,wordfreq_seeded;deterministically_filtered;structurally_curated
en,v1,2,1153,1176,definitely,definitely,definitely,unknown,definitely,wordfreq:en,wordfreq_seeded;deterministically_filtered;structurally_curated
en,v1,2,1154,1177,designed,designed,designed,unknown,designed,wordfreq:en,wordfreq_seeded;deterministically_filtered;structurally_curated
en,v1,2,1155,1178,expected,expected,expected,unknown,expected,wordfreq:en,wordfreq_seeded;deterministically_filtered;structurally_curated
en,v1,2,1156,1179,friday,friday,friday,unknown,friday,wordfreq:en,wordfreq_seeded;deterministically_filtered;structurally_curated
en,v1,2,1157,1180,gun,gun,gun,unknown,gun,wordfreq:en,wordfreq_seeded;deterministically_filtered;structurally_curated
en,v1,2,1158,1181,happens,happens,happens,unknown,happens,wordfreq:en,wordfreq_seeded;deterministically_filtered;structurally_curated
en,v1,2,1159,1182,heavy,heavy,heavy,unknown,heavy,wordfreq:en,wordfreq_seeded;deterministically_filtered;structurally_curated
en,v1,2,1160,1183,includes,includes,includes,unknown,includes,wordfreq:en,wordfreq_seeded;deterministically_filtered;structurally_curated
en,v1,2,1161,1184,knowledge,knowledge,knowledge,unknown,knowledge,wordfreq:en,wordfreq_seeded;deterministically_filtered;structurally_curated
en,v1,2,1162,1185,particularly,particularly,particularly,unknown,particularly,wordfreq:en,wordfreq_seeded;deterministically_filtered;structurally_curated
en,v1,2,1163,1186,search,search,search,unknown,search,wordfreq:en,wordfreq_seeded;deterministically_filtered;structurally_curated
en,v1,2,1164,1187,subject,subject,subject,unknown,subject,wordfreq:en,wordfreq_seeded;deterministically_filtered;structurally_curated
en,v1,2,1165,1188,train,train,train,unknown,train,wordfreq:en,wordfreq_seeded;deterministically_filtered;structurally_curated
en,v1,2,1166,1189,wide,wide,wide,unknown,wide,wordfreq:en,wordfreq_seeded;deterministically_filtered;structurally_curated
en,v1,2,1167,1190,wow,wow,wow,unknown,wow,wordfreq:en,wordfreq_seeded;deterministically_filtered;structurally_curated
en,v1,2,1168,1191,author,author,author,unknown,author,wordfreq:en,wordfreq_seeded;deterministically_filtered;structurally_curated
en,v1,2,1169,1192,centre,centre,centre,unknown,centre,wordfreq:en,wordfreq_seeded;deterministically_filtered;structurally_curated
en,v1,2,1170,1193,claim,claim,claim,unknown,claim,wordfreq:en,wordfreq_seeded;deterministically_filtered;structurally_curated
en,v1,2,1171,1194,dad,dad,dad,unknown,dad,wordfreq:en,wordfreq_seeded;deterministically_filtered;structurally_curated
en,v1,2,1172,1195,developed,developed,developed,unknown,developed,wordfreq:en,wordfreq_seeded;deterministically_filtered;structurally_curated
en,v1,2,1173,1196,fear,fear,fear,unknown,fear,wordfreq:en,wordfreq_seeded;deterministically_filtered;structurally_curated
en,v1,2,1174,1197,fit,fit,fit,unknown,fit,wordfreq:en,wordfreq_seeded;deterministically_filtered;structurally_curated
en,v1,2,1175,1198,generally,generally,generally,unknown,generally,wordfreq:en,wordfreq_seeded;deterministically_filtered;structurally_curated
en,v1,2,1176,1199,german,german,german,unknown,german,wordfreq:en,wordfreq_seeded;deterministically_filtered;structurally_curated
en,v1,2,1177,1200,global,global,global,unknown,global,wordfreq:en,wordfreq_seeded;deterministically_filtered;structurally_curated
en,v1,2,1178,1201,goals,goals,goals,unknown,goals,wordfreq:en,wordfreq_seeded;deterministically_filtered;structurally_curated
en,v1,2,1179,1202,gotta,gotta,gotta,unknown,gotta,wordfreq:en,wordfreq_seeded;deterministically_filtered;structurally_curated
en,v1,2,1180,1203,hotel,hotel,hotel,unknown,hotel,wordfreq:en,wordfreq_seeded;deterministically_filtered;structurally_curated
en,v1,2,1181,1204,interested,interested,interested,unknown,interested,wordfreq:en,wordfreq_seeded;deterministically_filtered;structurally_curated
en,v1,2,1182,1205,judge,judge,judge,unknown,judge,wordfreq:en,wordfreq_seeded;deterministically_filtered;structurally_curated
en,v1,2,1183,1206,lady,lady,lady,unknown,lady,wordfreq:en,wordfreq_seeded;deterministically_filtered;structurally_curated
en,v1,2,1184,1207,leader,leader,leader,unknown,leader,wordfreq:en,wordfreq_seeded;deterministically_filtered;structurally_curated
en,v1,2,1185,1208,letter,letter,letter,unknown,letter,wordfreq:en,wordfreq_seeded;deterministically_filtered;structurally_curated
en,v1,2,1186,1209,lines,lines,lines,unknown,lines,wordfreq:en,wordfreq_seeded;deterministically_filtered;structurally_curated
en,v1,2,1187,1210,material,material,material,unknown,material,wordfreq:en,wordfreq_seeded;deterministically_filtered;structurally_curated
en,v1,2,1188,1211,named,named,named,unknown,named,wordfreq:en,wordfreq_seeded;deterministically_filtered;structurally_curated
en,v1,2,1189,1212,nobody,nobody,nobody,unknown,nobody,wordfreq:en,wordfreq_seeded;deterministically_filtered;structurally_curated
en,v1,2,1190,1213,opportunity,opportunity,opportunity,unknown,opportunity,wordfreq:en,wordfreq_seeded;deterministically_filtered;structurally_curated
en,v1,2,1191,1214,plus,plus,plus,unknown,plus,wordfreq:en,wordfreq_seeded;deterministically_filtered;structurally_curated
en,v1,2,1192,1215,pre,pre,pre,unknown,pre,wordfreq:en,wordfreq_seeded;deterministically_filtered;structurally_curated
en,v1,2,1193,1216,product,product,product,unknown,product,wordfreq:en,wordfreq_seeded;deterministically_filtered;structurally_curated
en,v1,2,1194,1217,regular,regular,regular,unknown,regular,wordfreq:en,wordfreq_seeded;deterministically_filtered;structurally_curated
en,v1,2,1195,1218,secretary,secretary,secretary,unknown,secretary,wordfreq:en,wordfreq_seeded;deterministically_filtered;structurally_curated
en,v1,2,1196,1219,sister,sister,sister,unknown,sister,wordfreq:en,wordfreq_seeded;deterministically_filtered;structurally_curated
en,v1,2,1197,1220,stories,stories,stories,unknown,stories,wordfreq:en,wordfreq_seeded;deterministically_filtered;structurally_curated
en,v1,2,1198,1221,unit,unit,unit,unknown,unit,wordfreq:en,wordfreq_seeded;deterministically_filtered;structurally_curated
en,v1,2,1199,1222,workers,workers,workers,unknown,workers,wordfreq:en,wordfreq_seeded;deterministically_filtered;structurally_curated
en,v1,2,1200,1223,annual,annual,annual,unknown,annual,wordfreq:en,wordfreq_seeded;deterministically_filtered;structurally_curated
en,v1,2,1201,1224,anymore,anymore,anymore,unknown,anymore,wordfreq:en,wordfreq_seeded;deterministically_filtered;structurally_curated
en,v1,2,1202,1225,bar,bar,bar,unknown,bar,wordfreq:en,wordfreq_seeded;deterministically_filtered;structurally_curated
en,v1,2,1203,1226,battle,battle,battle,unknown,battle,wordfreq:en,wordfreq_seeded;deterministically_filtered;structurally_curated
en,v1,2,1204,1227,brain,brain,brain,unknown,brain,wordfreq:en,wordfreq_seeded;deterministically_filtered;structurally_curated
en,v1,2,1205,1228,contract,contract,contract,unknown,contract,wordfreq:en,wordfreq_seeded;deterministically_filtered;structurally_curated
en,v1,2,1206,1229,degree,degree,degree,unknown,degree,wordfreq:en,wordfreq_seeded;deterministically_filtered;structurally_curated
en,v1,2,1207,1230,families,families,families,unknown,families,wordfreq:en,wordfreq_seeded;deterministically_filtered;structurally_curated
en,v1,2,1208,1231,features,features,features,unknown,features,wordfreq:en,wordfreq_seeded;deterministically_filtered;structurally_curated
en,v1,2,1209,1232,finished,finished,finished,unknown,finished,wordfreq:en,wordfreq_seeded;deterministically_filtered;structurally_curated
en,v1,2,1210,1233,floor,floor,floor,unknown,floor,wordfreq:en,wordfreq_seeded;deterministically_filtered;structurally_curated
en,v1,2,1211,1234,france,france,france,unknown,france,wordfreq:en,wordfreq_seeded;deterministically_filtered;structurally_curated
en,v1,2,1212,1235,growing,growing,growing,unknown,growing,wordfreq:en,wordfreq_seeded;deterministically_filtered;structurally_curated
en,v1,2,1213,1236,hurt,hurt,hurt,unknown,hurt,wordfreq:en,wordfreq_seeded;deterministically_filtered;structurally_curated
en,v1,2,1214,1237,image,image,image,unknown,image,wordfreq:en,wordfreq_seeded;deterministically_filtered;structurally_curated
en,v1,2,1215,1238,insurance,insurance,insurance,unknown,insurance,wordfreq:en,wordfreq_seeded;deterministically_filtered;structurally_curated
en,v1,2,1216,1239,majority,majority,majority,unknown,majority,wordfreq:en,wordfreq_seeded;deterministically_filtered;structurally_curated
en,v1,2,1217,1240,meant,meant,meant,unknown,meant,wordfreq:en,wordfreq_seeded;deterministically_filtered;structurally_curated
en,v1,2,1218,1241,opening,opening,opening,unknown,opening,wordfreq:en,wordfreq_seeded;deterministically_filtered;structurally_curated
en,v1,2,1219,1242,opinion,opinion,opinion,unknown,opinion,wordfreq:en,wordfreq_seeded;deterministically_filtered;structurally_curated
en,v1,2,1220,1243,physical,physical,physical,unknown,physical,wordfreq:en,wordfreq_seeded;deterministically_filtered;structurally_curated
en,v1,2,1221,1244,pro,pro,pro,unknown,pro,wordfreq:en,wordfreq_seeded;deterministically_filtered;structurally_curated
en,v1,2,1222,1245,reach,reach,reach,unknown,reach,wordfreq:en,wordfreq_seeded;deterministically_filtered;structurally_curated
en,v1,2,1223,1246,rule,rule,rule,unknown,rule,wordfreq:en,wordfreq_seeded;deterministically_filtered;structurally_curated
en,v1,2,1224,1247,seriously,seriously,seriously,unknown,seriously,wordfreq:en,wordfreq_seeded;deterministically_filtered;structurally_curated
en,v1,2,1225,1248,sports,sports,sports,unknown,sports,wordfreq:en,wordfreq_seeded;deterministically_filtered;structurally_curated
en,v1,2,1226,1249,stupid,stupid,stupid,unknown,stupid,wordfreq:en,wordfreq_seeded;deterministically_filtered;structurally_curated
en,v1,2,1227,1250,successful,successful,successful,unknown,successful,wordfreq:en,wordfreq_seeded;deterministically_filtered;structurally_curated
en,v1,2,1228,1251,active,active,active,unknown,active,wordfreq:en,wordfreq_seeded;deterministically_filtered;structurally_curated
en,v1,2,1229,1252,administration,administration,administration,unknown,administration,wordfreq:en,wordfreq_seeded;deterministically_filtered;structurally_curated
en,v1,2,1230,1253,approach,approach,approach,unknown,approach,wordfreq:en,wordfreq_seeded;deterministically_filtered;structurally_curated
en,v1,2,1231,1254,australian,australian,australian,unknown,australian,wordfreq:en,wordfreq_seeded;deterministically_filtered;structurally_curated
en,v1,2,1232,1255,biggest,biggest,biggest,unknown,biggest,wordfreq:en,wordfreq_seeded;deterministically_filtered;structurally_curated
en,v1,2,1233,1256,cancer,cancer,cancer,unknown,cancer,wordfreq:en,wordfreq_seeded;deterministically_filtered;structurally_curated
en,v1,2,1234,1257,civil,civil,civil,unknown,civil,wordfreq:en,wordfreq_seeded;deterministically_filtered;structurally_curated
en,v1,2,1235,1258,dance,dance,dance,unknown,dance,wordfreq:en,wordfreq_seeded;deterministically_filtered;structurally_curated
en,v1,2,1236,1259,defense,defense,defense,unknown,defense,wordfreq:en,wordfreq_seeded;deterministically_filtered;structurally_curated
en,v1,2,1237,1260,direction,direction,direction,unknown,direction,wordfreq:en,wordfreq_seeded;deterministically_filtered;structurally_curated
en,v1,2,1238,1261,independent,independent,independent,unknown,independent,wordfreq:en,wordfreq_seeded;deterministically_filtered;structurally_curated
en,v1,2,1239,1262,master,master,master,unknown,master,wordfreq:en,wordfreq_seeded;deterministically_filtered;structurally_curated
en,v1,2,1240,1263,none,none,none,unknown,none,wordfreq:en,wordfreq_seeded;deterministically_filtered;structurally_curated
en,v1,2,1241,1264,reasons,reasons,reasons,unknown,reasons,wordfreq:en,wordfreq_seeded;deterministically_filtered;structurally_curated
en,v1,2,1242,1265,russia,russia,russia,unknown,russia,wordfreq:en,wordfreq_seeded;deterministically_filtered;structurally_curated
en,v1,2,1243,1266,ship,ship,ship,unknown,ship,wordfreq:en,wordfreq_seeded;deterministically_filtered;structurally_curated
en,v1,2,1244,1267,stock,stock,stock,unknown,stock,wordfreq:en,wordfreq_seeded;deterministically_filtered;structurally_curated
en,v1,2,1245,1268,trump,trump,trump,unknown,trump,wordfreq:en,wordfreq_seeded;deterministically_filtered;structurally_curated
en,v1,2,1246,1269,weekend,weekend,weekend,unknown,weekend,wordfreq:en,wordfreq_seeded;deterministically_filtered;structurally_curated
en,v1,2,1247,1270,wonder,wonder,wonder,unknown,wonder,wordfreq:en,wordfreq_seeded;deterministically_filtered;structurally_curated
en,v1,2,1248,1271,worst,worst,worst,unknown,worst,wordfreq:en,wordfreq_seeded;deterministically_filtered;structurally_curated
en,v1,2,1249,1272,africa,africa,africa,unknown,africa,wordfreq:en,wordfreq_seeded;deterministically_filtered;structurally_curated
en,v1,2,1250,1273,awesome,awesome,awesome,unknown,awesome,wordfreq:en,wordfreq_seeded;deterministically_filtered;structurally_curated
en,v1,2,1251,1274,band,band,band,unknown,band,wordfreq:en,wordfreq_seeded;deterministically_filtered;structurally_curated
en,v1,2,1252,1275,beach,beach,beach,unknown,beach,wordfreq:en,wordfreq_seeded;deterministically_filtered;structurally_curated
en,v1,2,1253,1276,cash,cash,cash,unknown,cash,wordfreq:en,wordfreq_seeded;deterministically_filtered;structurally_curated
en,v1,2,1254,1277,clearly,clearly,clearly,unknown,clearly,wordfreq:en,wordfreq_seeded;deterministically_filtered;structurally_curated
en,v1,2,1255,1278,commercial,commercial,commercial,unknown,commercial,wordfreq:en,wordfreq_seeded;deterministically_filtered;structurally_curated
en,v1,2,1256,1279,compared,compared,compared,unknown,compared,wordfreq:en,wordfreq_seeded;deterministically_filtered;structurally_curated
en,v1,2,1257,1280,effort,effort,effort,unknown,effort,wordfreq:en,wordfreq_seeded;deterministically_filtered;structurally_curated
en,v1,2,1258,1281,ended,ended,ended,unknown,ended,wordfreq:en,wordfreq_seeded;deterministically_filtered;structurally_curated
en,v1,2,1259,1282,fan,fan,fan,unknown,fan,wordfreq:en,wordfreq_seeded;deterministically_filtered;structurally_curated
en,v1,2,1260,1283,fighting,fighting,fighting,unknown,fighting,wordfreq:en,wordfreq_seeded;deterministically_filtered;structurally_curated
en,v1,2,1261,1284,imagine,imagine,imagine,unknown,imagine,wordfreq:en,wordfreq_seeded;deterministically_filtered;structurally_curated
en,v1,2,1262,1285,impact,impact,impact,unknown,impact,wordfreq:en,wordfreq_seeded;deterministically_filtered;structurally_curated
en,v1,2,1263,1286,lack,lack,lack,unknown,lack,wordfreq:en,wordfreq_seeded;deterministically_filtered;structurally_curated
en,v1,2,1264,1287,latest,latest,latest,unknown,latest,wordfreq:en,wordfreq_seeded;deterministically_filtered;structurally_curated
en,v1,2,1265,1288,learning,learning,learning,unknown,learning,wordfreq:en,wordfreq_seeded;deterministically_filtered;structurally_curated
en,v1,2,1266,1289,multiple,multiple,multiple,unknown,multiple,wordfreq:en,wordfreq_seeded;deterministically_filtered;structurally_curated
en,v1,2,1267,1290,older,older,older,unknown,older,wordfreq:en,wordfreq_seeded;deterministically_filtered;structurally_curated
en,v1,2,1268,1291,operation,operation,operation,unknown,operation,wordfreq:en,wordfreq_seeded;deterministically_filtered;structurally_curated
en,v1,2,1269,1292,organization,organization,organization,unknown,organization,wordfreq:en,wordfreq_seeded;deterministically_filtered;structurally_curated
en,v1,2,1270,1293,passed,passed,passed,unknown,passed,wordfreq:en,wordfreq_seeded;deterministically_filtered;structurally_curated
en,v1,2,1271,1294,pictures,pictures,pictures,unknown,pictures,wordfreq:en,wordfreq_seeded;deterministically_filtered;structurally_curated
en,v1,2,1272,1295,protect,protect,protect,unknown,protect,wordfreq:en,wordfreq_seeded;deterministically_filtered;structurally_curated
en,v1,2,1273,1296,secret,secret,secret,unknown,secret,wordfreq:en,wordfreq_seeded;deterministically_filtered;structurally_curated
en,v1,2,1274,1297,senior,senior,senior,unknown,senior,wordfreq:en,wordfreq_seeded;deterministically_filtered;structurally_curated
en,v1,2,1275,1298,spring,spring,spring,unknown,spring,wordfreq:en,wordfreq_seeded;deterministically_filtered;structurally_curated
en,v1,2,1276,1299,sunday,sunday,sunday,unknown,sunday,wordfreq:en,wordfreq_seeded;deterministically_filtered;structurally_curated
en,v1,2,1277,1300,telling,telling,telling,unknown,telling,wordfreq:en,wordfreq_seeded;deterministically_filtered;structurally_curated
en,v1,2,1278,1301,wear,wear,wear,unknown,wear,wordfreq:en,wordfreq_seeded;deterministically_filtered;structurally_curated
en,v1,2,1279,1302,activities,activities,activities,unknown,activities,wordfreq:en,wordfreq_seeded;deterministically_filtered;structurally_curated
en,v1,2,1280,1303,address,address,address,unknown,address,wordfreq:en,wordfreq_seeded;deterministically_filtered;structurally_curated
en,v1,2,1281,1304,analysis,analysis,analysis,unknown,analysis,wordfreq:en,wordfreq_seeded;deterministically_filtered;structurally_curated
en,v1,2,1282,1305,anyway,anyway,anyway,unknown,anyway,wordfreq:en,wordfreq_seeded;deterministically_filtered;structurally_curated
en,v1,2,1283,1306,bought,bought,bought,unknown,bought,wordfreq:en,wordfreq_seeded;deterministically_filtered;structurally_curated
en,v1,2,1284,1307,calls,calls,calls,unknown,calls,wordfreq:en,wordfreq_seeded;deterministically_filtered;structurally_curated
en,v1,2,1285,1308,choose,choose,choose,unknown,choose,wordfreq:en,wordfreq_seeded;deterministically_filtered;structurally_curated
en,v1,2,1286,1309,christmas,christmas,christmas,unknown,christmas,wordfreq:en,wordfreq_seeded;deterministically_filtered;structurally_curated
en,v1,2,1287,1310,color,color,color,unknown,color,wordfreq:en,wordfreq_seeded;deterministically_filtered;structurally_curated
en,v1,2,1288,1311,commission,commission,commission,unknown,commission,wordfreq:en,wordfreq_seeded;deterministically_filtered;structurally_curated
en,v1,2,1289,1312,competition,competition,competition,unknown,competition,wordfreq:en,wordfreq_seeded;deterministically_filtered;structurally_curated
en,v1,2,1290,1313,details,details,details,unknown,details,wordfreq:en,wordfreq_seeded;deterministically_filtered;structurally_curated
en,v1,2,1291,1314,direct,direct,direct,unknown,direct,wordfreq:en,wordfreq_seeded;deterministically_filtered;structurally_curated
en,v1,2,1292,1315,dream,dream,dream,unknown,dream,wordfreq:en,wordfreq_seeded;deterministically_filtered;structurally_curated
en,v1,2,1293,1316,easily,easily,easily,unknown,easily,wordfreq:en,wordfreq_seeded;deterministically_filtered;structurally_curated
en,v1,2,1294,1317,finish,finish,finish,unknown,finish,wordfreq:en,wordfreq_seeded;deterministically_filtered;structurally_curated
en,v1,2,1295,1318,grand,grand,grand,unknown,grand,wordfreq:en,wordfreq_seeded;deterministically_filtered;structurally_curated
en,v1,2,1296,1319,here's,here's,here's,unknown,here's,wordfreq:en,wordfreq_seeded;deterministically_filtered;structurally_curated
en,v1,2,1297,1320,increased,increased,increased,unknown,increased,wordfreq:en,wordfreq_seeded;deterministically_filtered;structurally_curated
en,v1,2,1298,1321,indian,indian,indian,unknown,indian,wordfreq:en,wordfreq_seeded;deterministically_filtered;structurally_curated
en,v1,2,1299,1322,k,k,k,unknown,k,wordfreq:en,wordfreq_seeded;deterministically_filtered;structurally_curated
en,v1,2,1300,1323,literally,literally,literally,unknown,literally,wordfreq:en,wordfreq_seeded;deterministically_filtered;structurally_curated
en,v1,2,1301,1324,luck,luck,luck,unknown,luck,wordfreq:en,wordfreq_seeded;deterministically_filtered;structurally_curated
en,v1,2,1302,1325,marriage,marriage,marriage,unknown,marriage,wordfreq:en,wordfreq_seeded;deterministically_filtered;structurally_curated
en,v1,2,1303,1326,names,names,names,unknown,names,wordfreq:en,wordfreq_seeded;deterministically_filtered;structurally_curated
en,v1,2,1304,1327,necessary,necessary,necessary,unknown,necessary,wordfreq:en,wordfreq_seeded;deterministically_filtered;structurally_curated
en,v1,2,1305,1328,patients,patients,patients,unknown,patients,wordfreq:en,wordfreq_seeded;deterministically_filtered;structurally_curated
en,v1,2,1306,1329,resources,resources,resources,unknown,resources,wordfreq:en,wordfreq_seeded;deterministically_filtered;structurally_curated
en,v1,2,1307,1330,rich,rich,rich,unknown,rich,wordfreq:en,wordfreq_seeded;deterministically_filtered;structurally_curated
en,v1,2,1308,1331,skin,skin,skin,unknown,skin,wordfreq:en,wordfreq_seeded;deterministically_filtered;structurally_curated
en,v1,2,1309,1332,speaking,speaking,speaking,unknown,speaking,wordfreq:en,wordfreq_seeded;deterministically_filtered;structurally_curated
en,v1,2,1310,1333,supposed,supposed,supposed,unknown,supposed,wordfreq:en,wordfreq_seeded;deterministically_filtered;structurally_curated
en,v1,2,1311,1334,sweet,sweet,sweet,unknown,sweet,wordfreq:en,wordfreq_seeded;deterministically_filtered;structurally_curated
en,v1,2,1312,1335,thus,thus,thus,unknown,thus,wordfreq:en,wordfreq_seeded;deterministically_filtered;structurally_curated
en,v1,2,1313,1336,touch,touch,touch,unknown,touch,wordfreq:en,wordfreq_seeded;deterministically_filtered;structurally_curated
en,v1,2,1314,1337,yesterday,yesterday,yesterday,unknown,yesterday,wordfreq:en,wordfreq_seeded;deterministically_filtered;structurally_curated
en,v1,2,1315,1338,caught,caught,caught,unknown,caught,wordfreq:en,wordfreq_seeded;deterministically_filtered;structurally_curated
en,v1,2,1316,1339,closed,closed,closed,unknown,closed,wordfreq:en,wordfreq_seeded;deterministically_filtered;structurally_curated
en,v1,2,1317,1340,congress,congress,congress,unknown,congress,wordfreq:en,wordfreq_seeded;deterministically_filtered;structurally_curated
en,v1,2,1318,1341,damage,damage,damage,unknown,damage,wordfreq:en,wordfreq_seeded;deterministically_filtered;structurally_curated
en,v1,2,1319,1342,directly,directly,directly,unknown,directly,wordfreq:en,wordfreq_seeded;deterministically_filtered;structurally_curated
en,v1,2,1320,1343,disease,disease,disease,unknown,disease,wordfreq:en,wordfreq_seeded;deterministically_filtered;structurally_curated
en,v1,2,1321,1344,doctor,doctor,doctor,unknown,doctor,wordfreq:en,wordfreq_seeded;deterministically_filtered;structurally_curated
en,v1,2,1322,1345,doubt,doubt,doubt,unknown,doubt,wordfreq:en,wordfreq_seeded;deterministically_filtered;structurally_curated
en,v1,2,1323,1346,drink,drink,drink,unknown,drink,wordfreq:en,wordfreq_seeded;deterministically_filtered;structurally_curated
en,v1,2,1324,1347,driving,driving,driving,unknown,driving,wordfreq:en,wordfreq_seeded;deterministically_filtered;structurally_curated
en,v1,2,1325,1348,established,established,established,unknown,established,wordfreq:en,wordfreq_seeded;deterministically_filtered;structurally_curated
en,v1,2,1326,1349,facebook,facebook,facebook,unknown,facebook,wordfreq:en,wordfreq_seeded;deterministically_filtered;structurally_curated
en,v1,2,1327,1350,feels,feels,feels,unknown,feels,wordfreq:en,wordfreq_seeded;deterministically_filtered;structurally_curated
en,v1,2,1328,1351,fish,fish,fish,unknown,fish,wordfreq:en,wordfreq_seeded;deterministically_filtered;structurally_curated
en,v1,2,1329,1352,gay,gay,gay,unknown,gay,wordfreq:en,wordfreq_seeded;deterministically_filtered;structurally_curated
en,v1,2,1330,1353,germany,germany,germany,unknown,germany,wordfreq:en,wordfreq_seeded;deterministically_filtered;structurally_curated
en,v1,2,1331,1354,glad,glad,glad,unknown,glad,wordfreq:en,wordfreq_seeded;deterministically_filtered;structurally_curated
en,v1,2,1332,1355,greater,greater,greater,unknown,greater,wordfreq:en,wordfreq_seeded;deterministically_filtered;structurally_curated
en,v1,2,1333,1356,grow,grow,grow,unknown,grow,wordfreq:en,wordfreq_seeded;deterministically_filtered;structurally_curated
en,v1,2,1334,1357,largest,largest,largest,unknown,largest,wordfreq:en,wordfreq_seeded;deterministically_filtered;structurally_curated
en,v1,2,1335,1358,machine,machine,machine,unknown,machine,wordfreq:en,wordfreq_seeded;deterministically_filtered;structurally_curated
en,v1,2,1336,1359,notice,notice,notice,unknown,notice,wordfreq:en,wordfreq_seeded;deterministically_filtered;structurally_curated
en,v1,2,1337,1360,overall,overall,overall,unknown,overall,wordfreq:en,wordfreq_seeded;deterministically_filtered;structurally_curated
en,v1,2,1338,1361,planning,planning,planning,unknown,planning,wordfreq:en,wordfreq_seeded;deterministically_filtered;structurally_curated
en,v1,2,1339,1362,professor,professor,professor,unknown,professor,wordfreq:en,wordfreq_seeded;deterministically_filtered;structurally_curated
en,v1,2,1340,1363,programs,programs,programs,unknown,programs,wordfreq:en,wordfreq_seeded;deterministically_filtered;structurally_curated
en,v1,2,1341,1364,records,records,records,unknown,records,wordfreq:en,wordfreq_seeded;deterministically_filtered;structurally_curated
en,v1,2,1342,1365,reports,reports,reports,unknown,reports,wordfreq:en,wordfreq_seeded;deterministically_filtered;structurally_curated
en,v1,2,1343,1366,shown,shown,shown,unknown,shown,wordfreq:en,wordfreq_seeded;deterministically_filtered;structurally_curated
en,v1,2,1344,1367,sit,sit,sit,unknown,sit,wordfreq:en,wordfreq_seeded;deterministically_filtered;structurally_curated
en,v1,2,1345,1368,trip,trip,trip,unknown,trip,wordfreq:en,wordfreq_seeded;deterministically_filtered;structurally_curated
en,v1,2,1346,1369,associated,associated,associated,unknown,associated,wordfreq:en,wordfreq_seeded;deterministically_filtered;structurally_curated
en,v1,2,1347,1370,basic,basic,basic,unknown,basic,wordfreq:en,wordfreq_seeded;deterministically_filtered;structurally_curated
en,v1,2,1348,1371,captain,captain,captain,unknown,captain,wordfreq:en,wordfreq_seeded;deterministically_filtered;structurally_curated
en,v1,2,1349,1372,carry,carry,carry,unknown,carry,wordfreq:en,wordfreq_seeded;deterministically_filtered;structurally_curated
en,v1,2,1350,1373,cars,cars,cars,unknown,cars,wordfreq:en,wordfreq_seeded;deterministically_filtered;structurally_curated
en,v1,2,1351,1374,crime,crime,crime,unknown,crime,wordfreq:en,wordfreq_seeded;deterministically_filtered;structurally_curated
en,v1,2,1352,1375,effective,effective,effective,unknown,effective,wordfreq:en,wordfreq_seeded;deterministically_filtered;structurally_curated
en,v1,2,1353,1376,effects,effects,effects,unknown,effects,wordfreq:en,wordfreq_seeded;deterministically_filtered;structurally_curated
en,v1,2,1354,1377,explain,explain,explain,unknown,explain,wordfreq:en,wordfreq_seeded;deterministically_filtered;structurally_curated
en,v1,2,1355,1378,fully,fully,fully,unknown,fully,wordfreq:en,wordfreq_seeded;deterministically_filtered;structurally_curated
en,v1,2,1356,1379,highly,highly,highly,unknown,highly,wordfreq:en,wordfreq_seeded;deterministically_filtered;structurally_curated
en,v1,2,1357,1380,holding,holding,holding,unknown,holding,wordfreq:en,wordfreq_seeded;deterministically_filtered;structurally_curated
en,v1,2,1358,1381,japan,japan,japan,unknown,japan,wordfreq:en,wordfreq_seeded;deterministically_filtered;structurally_curated
en,v1,2,1359,1382,laws,laws,laws,unknown,laws,wordfreq:en,wordfreq_seeded;deterministically_filtered;structurally_curated
en,v1,2,1360,1383,male,male,male,unknown,male,wordfreq:en,wordfreq_seeded;deterministically_filtered;structurally_curated
en,v1,2,1361,1384,mrs,mrs,mrs,unknown,mrs,wordfreq:en,wordfreq_seeded;deterministically_filtered;structurally_curated
en,v1,2,1362,1385,parties,parties,parties,unknown,parties,wordfreq:en,wordfreq_seeded;deterministically_filtered;structurally_curated
en,v1,2,1363,1386,plant,plant,plant,unknown,plant,wordfreq:en,wordfreq_seeded;deterministically_filtered;structurally_curated
en,v1,2,1364,1387,reality,reality,reality,unknown,reality,wordfreq:en,wordfreq_seeded;deterministically_filtered;structurally_curated
en,v1,2,1365,1388,smith,smith,smith,unknown,smith,wordfreq:en,wordfreq_seeded;deterministically_filtered;structurally_curated
en,v1,2,1366,1389,spot,spot,spot,unknown,spot,wordfreq:en,wordfreq_seeded;deterministically_filtered;structurally_curated
en,v1,2,1367,1390,texas,texas,texas,unknown,texas,wordfreq:en,wordfreq_seeded;deterministically_filtered;structurally_curated
en,v1,2,1368,1391,we'll,we'll,we'll,unknown,we'll,wordfreq:en,wordfreq_seeded;deterministically_filtered;structurally_curated
en,v1,2,1369,1392,winter,winter,winter,unknown,winter,wordfreq:en,wordfreq_seeded;deterministically_filtered;structurally_curated
en,v1,2,1370,1393,worse,worse,worse,unknown,worse,wordfreq:en,wordfreq_seeded;deterministically_filtered;structurally_curated
en,v1,2,1371,1394,advice,advice,advice,unknown,advice,wordfreq:en,wordfreq_seeded;deterministically_filtered;structurally_curated
en,v1,2,1372,1395,agreement,agreement,agreement,unknown,agreement,wordfreq:en,wordfreq_seeded;deterministically_filtered;structurally_curated
en,v1,2,1373,1396,ain't,ain't,ain't,unknown,ain't,wordfreq:en,wordfreq_seeded;deterministically_filtered;structurally_curated
en,v1,2,1374,1397,award,award,award,unknown,award,wordfreq:en,wordfreq_seeded;deterministically_filtered;structurally_curated
en,v1,2,1375,1398,block,block,block,unknown,block,wordfreq:en,wordfreq_seeded;deterministically_filtered;structurally_curated
en,v1,2,1376,1399,broken,broken,broken,unknown,broken,wordfreq:en,wordfreq_seeded;deterministically_filtered;structurally_curated
en,v1,2,1377,1400,caused,caused,caused,unknown,caused,wordfreq:en,wordfreq_seeded;deterministically_filtered;structurally_curated
en,v1,2,1378,1401,challenge,challenge,challenge,unknown,challenge,wordfreq:en,wordfreq_seeded;deterministically_filtered;structurally_curated
en,v1,2,1379,1402,characters,characters,characters,unknown,characters,wordfreq:en,wordfreq_seeded;deterministically_filtered;structurally_curated
en,v1,2,1380,1403,christian,christian,christian,unknown,christian,wordfreq:en,wordfreq_seeded;deterministically_filtered;structurally_curated
en,v1,2,1381,1404,comment,comment,comment,unknown,comment,wordfreq:en,wordfreq_seeded;deterministically_filtered;structurally_curated
en,v1,2,1382,1405,equipment,equipment,equipment,unknown,equipment,wordfreq:en,wordfreq_seeded;deterministically_filtered;structurally_curated
en,v1,2,1383,1406,eventually,eventually,eventually,unknown,eventually,wordfreq:en,wordfreq_seeded;deterministically_filtered;structurally_curated
en,v1,2,1384,1407,helped,helped,helped,unknown,helped,wordfreq:en,wordfreq_seeded;deterministically_filtered;structurally_curated
en,v1,2,1385,1408,holy,holy,holy,unknown,holy,wordfreq:en,wordfreq_seeded;deterministically_filtered;structurally_curated
en,v1,2,1386,1409,killing,killing,killing,unknown,killing,wordfreq:en,wordfreq_seeded;deterministically_filtered;structurally_curated
en,v1,2,1387,1410,lived,lived,lived,unknown,lived,wordfreq:en,wordfreq_seeded;deterministically_filtered;structurally_curated
en,v1,2,1388,1411,lots,lots,lots,unknown,lots,wordfreq:en,wordfreq_seeded;deterministically_filtered;structurally_curated
en,v1,2,1389,1412,nation,nation,nation,unknown,nation,wordfreq:en,wordfreq_seeded;deterministically_filtered;structurally_curated
en,v1,2,1390,1413,otherwise,otherwise,otherwise,unknown,otherwise,wordfreq:en,wordfreq_seeded;deterministically_filtered;structurally_curated
en,v1,2,1391,1414,peter,peter,peter,unknown,peter,wordfreq:en,wordfreq_seeded;deterministically_filtered;structurally_curated
en,v1,2,1392,1415,prices,prices,prices,unknown,prices,wordfreq:en,wordfreq_seeded;deterministically_filtered;structurally_curated
en,v1,2,1393,1416,primary,primary,primary,unknown,primary,wordfreq:en,wordfreq_seeded;deterministically_filtered;structurally_curated
en,v1,2,1394,1417,purpose,purpose,purpose,unknown,purpose,wordfreq:en,wordfreq_seeded;deterministically_filtered;structurally_curated
en,v1,2,1395,1418,rates,rates,rates,unknown,rates,wordfreq:en,wordfreq_seeded;deterministically_filtered;structurally_curated
en,v1,2,1396,1419,responsible,responsible,responsible,unknown,responsible,wordfreq:en,wordfreq_seeded;deterministically_filtered;structurally_curated
en,v1,2,1397,1420,shop,shop,shop,unknown,shop,wordfreq:en,wordfreq_seeded;deterministically_filtered;structurally_curated
en,v1,2,1398,1421,showing,showing,showing,unknown,showing,wordfreq:en,wordfreq_seeded;deterministically_filtered;structurally_curated
en,v1,2,1399,1422,sick,sick,sick,unknown,sick,wordfreq:en,wordfreq_seeded;deterministically_filtered;structurally_curated
en,v1,2,1400,1423,teacher,teacher,teacher,unknown,teacher,wordfreq:en,wordfreq_seeded;deterministically_filtered;structurally_curated
en,v1,2,1401,1424,theory,theory,theory,unknown,theory,wordfreq:en,wordfreq_seeded;deterministically_filtered;structurally_curated
en,v1,2,1402,1425,uses,uses,uses,unknown,uses,wordfreq:en,wordfreq_seeded;deterministically_filtered;structurally_curated
en,v1,2,1403,1426,william,william,william,unknown,william,wordfreq:en,wordfreq_seeded;deterministically_filtered;structurally_curated
en,v1,2,1404,1428,agency,agency,agency,unknown,agency,wordfreq:en,wordfreq_seeded;deterministically_filtered;structurally_curated
en,v1,2,1405,1429,avoid,avoid,avoid,unknown,avoid,wordfreq:en,wordfreq_seeded;deterministically_filtered;structurally_curated
en,v1,2,1406,1430,camera,camera,camera,unknown,camera,wordfreq:en,wordfreq_seeded;deterministically_filtered;structurally_curated
en,v1,2,1407,1431,catch,catch,catch,unknown,catch,wordfreq:en,wordfreq_seeded;deterministically_filtered;structurally_curated
en,v1,2,1408,1432,cell,cell,cell,unknown,cell,wordfreq:en,wordfreq_seeded;deterministically_filtered;structurally_curated
en,v1,2,1409,1433,coast,coast,coast,unknown,coast,wordfreq:en,wordfreq_seeded;deterministically_filtered;structurally_curated
en,v1,2,1410,1434,comments,comments,comments,unknown,comments,wordfreq:en,wordfreq_seeded;deterministically_filtered;structurally_curated
en,v1,2,1411,1435,drug,drug,drug,unknown,drug,wordfreq:en,wordfreq_seeded;deterministically_filtered;structurally_curated
en,v1,2,1412,1436,economy,economy,economy,unknown,economy,wordfreq:en,wordfreq_seeded;deterministically_filtered;structurally_curated
en,v1,2,1413,1437,environment,environment,environment,unknown,environment,wordfreq:en,wordfreq_seeded;deterministically_filtered;structurally_curated
en,v1,2,1414,1438,executive,executive,executive,unknown,executive,wordfreq:en,wordfreq_seeded;deterministically_filtered;structurally_curated
en,v1,2,1415,1439,foot,foot,foot,unknown,foot,wordfreq:en,wordfreq_seeded;deterministically_filtered;structurally_curated
en,v1,2,1416,1440,hall,hall,hall,unknown,hall,wordfreq:en,wordfreq_seeded;deterministically_filtered;structurally_curated
en,v1,2,1417,1441,mass,mass,mass,unknown,mass,wordfreq:en,wordfreq_seeded;deterministically_filtered;structurally_curated
en,v1,2,1418,1442,meaning,meaning,meaning,unknown,meaning,wordfreq:en,wordfreq_seeded;deterministically_filtered;structurally_curated
en,v1,2,1419,1443,mission,mission,mission,unknown,mission,wordfreq:en,wordfreq_seeded;deterministically_filtered;structurally_curated
en,v1,2,1420,1444,nine,nine,nine,unknown,nine,wordfreq:en,wordfreq_seeded;deterministically_filtered;structurally_curated
en,v1,2,1421,1445,officers,officers,officers,unknown,officers,wordfreq:en,wordfreq_seeded;deterministically_filtered;structurally_curated
en,v1,2,1422,1446,operations,operations,operations,unknown,operations,wordfreq:en,wordfreq_seeded;deterministically_filtered;structurally_curated
en,v1,2,1423,1447,politics,politics,politics,unknown,politics,wordfreq:en,wordfreq_seeded;deterministically_filtered;structurally_curated
en,v1,2,1424,1448,pop,pop,pop,unknown,pop,wordfreq:en,wordfreq_seeded;deterministically_filtered;structurally_curated
en,v1,2,1425,1449,produced,produced,produced,unknown,produced,wordfreq:en,wordfreq_seeded;deterministically_filtered;structurally_curated
en,v1,2,1426,1450,ran,ran,ran,unknown,ran,wordfreq:en,wordfreq_seeded;deterministically_filtered;structurally_curated
en,v1,2,1427,1451,saturday,saturday,saturday,unknown,saturday,wordfreq:en,wordfreq_seeded;deterministically_filtered;structurally_curated
en,v1,2,1428,1452,status,status,status,unknown,status,wordfreq:en,wordfreq_seeded;deterministically_filtered;structurally_curated
en,v1,2,1429,1453,therefore,therefore,therefore,unknown,therefore,wordfreq:en,wordfreq_seeded;deterministically_filtered;structurally_curated
en,v1,2,1430,1454,trial,trial,trial,unknown,trial,wordfreq:en,wordfreq_seeded;deterministically_filtered;structurally_curated
en,v1,2,1431,1455,truly,truly,truly,unknown,truly,wordfreq:en,wordfreq_seeded;deterministically_filtered;structurally_curated
en,v1,2,1432,1456,weather,weather,weather,unknown,weather,wordfreq:en,wordfreq_seeded;deterministically_filtered;structurally_curated
en,v1,2,1433,1457,activity,activity,activity,unknown,activity,wordfreq:en,wordfreq_seeded;deterministically_filtered;structurally_curated
en,v1,2,1434,1458,app,app,app,unknown,app,wordfreq:en,wordfreq_seeded;deterministically_filtered;structurally_curated
en,v1,2,1435,1459,application,application,application,unknown,application,wordfreq:en,wordfreq_seeded;deterministically_filtered;structurally_curated
en,v1,2,1436,1460,claims,claims,claims,unknown,claims,wordfreq:en,wordfreq_seeded;deterministically_filtered;structurally_curated
en,v1,2,1437,1461,coffee,coffee,coffee,unknown,coffee,wordfreq:en,wordfreq_seeded;deterministically_filtered;structurally_curated
en,v1,2,1438,1462,complex,complex,complex,unknown,complex,wordfreq:en,wordfreq_seeded;deterministically_filtered;structurally_curated
en,v1,2,1439,1463,condition,condition,condition,unknown,condition,wordfreq:en,wordfreq_seeded;deterministically_filtered;structurally_curated
en,v1,2,1440,1464,division,division,division,unknown,division,wordfreq:en,wordfreq_seeded;deterministically_filtered;structurally_curated
en,v1,2,1441,1465,evening,evening,evening,unknown,evening,wordfreq:en,wordfreq_seeded;deterministically_filtered;structurally_curated
en,v1,2,1442,1466,flight,flight,flight,unknown,flight,wordfreq:en,wordfreq_seeded;deterministically_filtered;structurally_curated
en,v1,2,1443,1467,freedom,freedom,freedom,unknown,freedom,wordfreq:en,wordfreq_seeded;deterministically_filtered;structurally_curated
en,v1,2,1444,1468,google,google,google,unknown,google,wordfreq:en,wordfreq_seeded;deterministically_filtered;structurally_curated
en,v1,2,1445,1469,heat,heat,heat,unknown,heat,wordfreq:en,wordfreq_seeded;deterministically_filtered;structurally_curated
en,v1,2,1446,1470,highest,highest,highest,unknown,highest,wordfreq:en,wordfreq_seeded;deterministically_filtered;structurally_curated
en,v1,2,1447,1471,interview,interview,interview,unknown,interview,wordfreq:en,wordfreq_seeded;deterministically_filtered;structurally_curated
en,v1,2,1448,1472,library,library,library,unknown,library,wordfreq:en,wordfreq_seeded;deterministically_filtered;structurally_curated
en,v1,2,1449,1473,located,located,located,unknown,located,wordfreq:en,wordfreq_seeded;deterministically_filtered;structurally_curated
en,v1,2,1450,1474,location,location,location,unknown,location,wordfreq:en,wordfreq_seeded;deterministically_filtered;structurally_curated
en,v1,2,1451,1475,murder,murder,murder,unknown,murder,wordfreq:en,wordfreq_seeded;deterministically_filtered;structurally_curated
en,v1,2,1452,1476,obama,obama,obama,unknown,obama,wordfreq:en,wordfreq_seeded;deterministically_filtered;structurally_curated
en,v1,2,1453,1477,offered,offered,offered,unknown,offered,wordfreq:en,wordfreq_seeded;deterministically_filtered;structurally_curated
en,v1,2,1454,1478,putting,putting,putting,unknown,putting,wordfreq:en,wordfreq_seeded;deterministically_filtered;structurally_curated
en,v1,2,1455,1479,queen,queen,queen,unknown,queen,wordfreq:en,wordfreq_seeded;deterministically_filtered;structurally_curated
en,v1,2,1456,1480,seconds,seconds,seconds,unknown,seconds,wordfreq:en,wordfreq_seeded;deterministically_filtered;structurally_curated
en,v1,2,1457,1481,showed,showed,showed,unknown,showed,wordfreq:en,wordfreq_seeded;deterministically_filtered;structurally_curated
en,v1,2,1458,1482,sitting,sitting,sitting,unknown,sitting,wordfreq:en,wordfreq_seeded;deterministically_filtered;structurally_curated
en,v1,2,1459,1483,standing,standing,standing,unknown,standing,wordfreq:en,wordfreq_seeded;deterministically_filtered;structurally_curated
en,v1,2,1460,1484,stars,stars,stars,unknown,stars,wordfreq:en,wordfreq_seeded;deterministically_filtered;structurally_curated
en,v1,2,1461,1485,walking,walking,walking,unknown,walking,wordfreq:en,wordfreq_seeded;deterministically_filtered;structurally_curated
en,v1,2,1462,1486,accept,accept,accept,unknown,accept,wordfreq:en,wordfreq_seeded;deterministically_filtered;structurally_curated
en,v1,2,1463,1487,actual,actual,actual,unknown,actual,wordfreq:en,wordfreq_seeded;deterministically_filtered;structurally_curated
en,v1,2,1464,1488,appear,appear,appear,unknown,appear,wordfreq:en,wordfreq_seeded;deterministically_filtered;structurally_curated
en,v1,2,1465,1489,attempt,attempt,attempt,unknown,attempt,wordfreq:en,wordfreq_seeded;deterministically_filtered;structurally_curated
en,v1,2,1466,1490,broke,broke,broke,unknown,broke,wordfreq:en,wordfreq_seeded;deterministically_filtered;structurally_curated
en,v1,2,1467,1491,channel,channel,channel,unknown,channel,wordfreq:en,wordfreq_seeded;deterministically_filtered;structurally_curated
en,v1,2,1468,1492,distance,distance,distance,unknown,distance,wordfreq:en,wordfreq_seeded;deterministically_filtered;structurally_curated
en,v1,2,1469,1493,eating,eating,eating,unknown,eating,wordfreq:en,wordfreq_seeded;deterministically_filtered;structurally_curated
en,v1,2,1470,1494,exchange,exchange,exchange,unknown,exchange,wordfreq:en,wordfreq_seeded;deterministically_filtered;structurally_curated
en,v1,2,1471,1495,fat,fat,fat,unknown,fat,wordfreq:en,wordfreq_seeded;deterministically_filtered;structurally_curated
en,v1,2,1472,1496,fell,fell,fell,unknown,fell,wordfreq:en,wordfreq_seeded;deterministically_filtered;structurally_curated
en,v1,2,1473,1497,finding,finding,finding,unknown,finding,wordfreq:en,wordfreq_seeded;deterministically_filtered;structurally_curated
en,v1,2,1474,1498,glass,glass,glass,unknown,glass,wordfreq:en,wordfreq_seeded;deterministically_filtered;structurally_curated
en,v1,2,1475,1499,learned,learned,learned,unknown,learned,wordfreq:en,wordfreq_seeded;deterministically_filtered;structurally_curated
en,v1,2,1476,1500,losing,losing,losing,unknown,losing,wordfreq:en,wordfreq_seeded;deterministically_filtered;structurally_curated
en,v1,2,1477,1501,mobile,mobile,mobile,unknown,mobile,wordfreq:en,wordfreq_seeded;deterministically_filtered;structurally_curated
en,v1,2,1478,1502,northern,northern,northern,unknown,northern,wordfreq:en,wordfreq_seeded;deterministically_filtered;structurally_curated
en,v1,2,1479,1503,opened,opened,opened,unknown,opened,wordfreq:en,wordfreq_seeded;deterministically_filtered;structurally_curated
en,v1,2,1480,1504,placed,placed,placed,unknown,placed,wordfreq:en,wordfreq_seeded;deterministically_filtered;structurally_curated
en,v1,2,1481,1505,powerful,powerful,powerful,unknown,powerful,wordfreq:en,wordfreq_seeded;deterministically_filtered;structurally_curated
en,v1,2,1482,1506,prior,prior,prior,unknown,prior,wordfreq:en,wordfreq_seeded;deterministically_filtered;structurally_curated
en,v1,2,1483,1507,protection,protection,protection,unknown,protection,wordfreq:en,wordfreq_seeded;deterministically_filtered;structurally_curated
en,v1,2,1484,1508,reached,reached,reached,unknown,reached,wordfreq:en,wordfreq_seeded;deterministically_filtered;structurally_curated
en,v1,2,1485,1509,receive,receive,receive,unknown,receive,wordfreq:en,wordfreq_seeded;deterministically_filtered;structurally_curated
en,v1,2,1486,1510,religious,religious,religious,unknown,religious,wordfreq:en,wordfreq_seeded;deterministically_filtered;structurally_curated
en,v1,2,1487,1511,ride,ride,ride,unknown,ride,wordfreq:en,wordfreq_seeded;deterministically_filtered;structurally_curated
en,v1,2,1488,1512,robert,robert,robert,unknown,robert,wordfreq:en,wordfreq_seeded;deterministically_filtered;structurally_curated
en,v1,2,1489,1513,royal,royal,royal,unknown,royal,wordfreq:en,wordfreq_seeded;deterministically_filtered;structurally_curated
en,v1,2,1490,1514,screen,screen,screen,unknown,screen,wordfreq:en,wordfreq_seeded;deterministically_filtered;structurally_curated
en,v1,2,1491,1515,serve,serve,serve,unknown,serve,wordfreq:en,wordfreq_seeded;deterministically_filtered;structurally_curated
en,v1,2,1492,1516,signed,signed,signed,unknown,signed,wordfreq:en,wordfreq_seeded;deterministically_filtered;structurally_curated
en,v1,2,1493,1517,slow,slow,slow,unknown,slow,wordfreq:en,wordfreq_seeded;deterministically_filtered;structurally_curated
en,v1,2,1494,1518,species,species,species,unknown,species,wordfreq:en,wordfreq_seeded;deterministically_filtered;structurally_curated
en,v1,2,1495,1519,speech,speech,speech,unknown,speech,wordfreq:en,wordfreq_seeded;deterministically_filtered;structurally_curated
en,v1,2,1496,1520,traffic,traffic,traffic,unknown,traffic,wordfreq:en,wordfreq_seeded;deterministically_filtered;structurally_curated
en,v1,2,1497,1521,tree,tree,tree,unknown,tree,wordfreq:en,wordfreq_seeded;deterministically_filtered;structurally_curated
en,v1,2,1498,1522,types,types,types,unknown,types,wordfreq:en,wordfreq_seeded;deterministically_filtered;structurally_curated
en,v1,2,1499,1523,vs,vs,vs,unknown,vs,wordfreq:en,wordfreq_seeded;deterministically_filtered;structurally_curated
en,v1,2,1500,1524,wearing,wearing,wearing,unknown,wearing,wordfreq:en,wordfreq_seeded;deterministically_filtered;structurally_curated
en,v1,2,1501,1525,who's,who's,who's,unknown,who's,wordfreq:en,wordfreq_seeded;deterministically_filtered;structurally_curated
en,v1,2,1502,1526,whom,whom,whom,unknown,whom,wordfreq:en,wordfreq_seeded;deterministically_filtered;structurally_curated
en,v1,2,1503,1527,wonderful,wonderful,wonderful,unknown,wonderful,wordfreq:en,wordfreq_seeded;deterministically_filtered;structurally_curated
en,v1,2,1504,1528,agreed,agreed,agreed,unknown,agreed,wordfreq:en,wordfreq_seeded;deterministically_filtered;structurally_curated
en,v1,2,1505,1529,airport,airport,airport,unknown,airport,wordfreq:en,wordfreq_seeded;deterministically_filtered;structurally_curated
en,v1,2,1506,1530,animals,animals,animals,unknown,animals,wordfreq:en,wordfreq_seeded;deterministically_filtered;structurally_curated
en,v1,2,1507,1531,appears,appears,appears,unknown,appears,wordfreq:en,wordfreq_seeded;deterministically_filtered;structurally_curated
en,v1,2,1508,1532,begin,begin,begin,unknown,begin,wordfreq:en,wordfreq_seeded;deterministically_filtered;structurally_curated
en,v1,2,1509,1533,benefits,benefits,benefits,unknown,benefits,wordfreq:en,wordfreq_seeded;deterministically_filtered;structurally_curated
en,v1,2,1510,1534,bottom,bottom,bottom,unknown,bottom,wordfreq:en,wordfreq_seeded;deterministically_filtered;structurally_curated
en,v1,2,1511,1535,cities,cities,cities,unknown,cities,wordfreq:en,wordfreq_seeded;deterministically_filtered;structurally_curated
en,v1,2,1512,1536,demand,demand,demand,unknown,demand,wordfreq:en,wordfreq_seeded;deterministically_filtered;structurally_curated
en,v1,2,1513,1537,engine,engine,engine,unknown,engine,wordfreq:en,wordfreq_seeded;deterministically_filtered;structurally_curated
en,v1,2,1514,1538,everybody,everybody,everybody,unknown,everybody,wordfreq:en,wordfreq_seeded;deterministically_filtered;structurally_curated
en,v1,2,1515,1539,famous,famous,famous,unknown,famous,wordfreq:en,wordfreq_seeded;deterministically_filtered;structurally_curated
en,v1,2,1516,1540,ideas,ideas,ideas,unknown,ideas,wordfreq:en,wordfreq_seeded;deterministically_filtered;structurally_curated
en,v1,2,1517,1541,investment,investment,investment,unknown,investment,wordfreq:en,wordfreq_seeded;deterministically_filtered;structurally_curated
en,v1,2,1518,1542,keeping,keeping,keeping,unknown,keeping,wordfreq:en,wordfreq_seeded;deterministically_filtered;structurally_curated
en,v1,2,1519,1543,lie,lie,lie,unknown,lie,wordfreq:en,wordfreq_seeded;deterministically_filtered;structurally_curated
en,v1,2,1520,1544,notes,notes,notes,unknown,notes,wordfreq:en,wordfreq_seeded;deterministically_filtered;structurally_curated
en,v1,2,1521,1545,partner,partner,partner,unknown,partner,wordfreq:en,wordfreq_seeded;deterministically_filtered;structurally_curated
en,v1,2,1522,1546,plays,plays,plays,unknown,plays,wordfreq:en,wordfreq_seeded;deterministically_filtered;structurally_curated
en,v1,2,1523,1547,raised,raised,raised,unknown,raised,wordfreq:en,wordfreq_seeded;deterministically_filtered;structurally_curated
en,v1,2,1524,1548,runs,runs,runs,unknown,runs,wordfreq:en,wordfreq_seeded;deterministically_filtered;structurally_curated
en,v1,2,1525,1549,sad,sad,sad,unknown,sad,wordfreq:en,wordfreq_seeded;deterministically_filtered;structurally_curated
en,v1,2,1526,1550,solution,solution,solution,unknown,solution,wordfreq:en,wordfreq_seeded;deterministically_filtered;structurally_curated
en,v1,2,1527,1551,songs,songs,songs,unknown,songs,wordfreq:en,wordfreq_seeded;deterministically_filtered;structurally_curated
en,v1,2,1528,1552,sources,sources,sources,unknown,sources,wordfreq:en,wordfreq_seeded;deterministically_filtered;structurally_curated
en,v1,2,1529,1553,southern,southern,southern,unknown,southern,wordfreq:en,wordfreq_seeded;deterministically_filtered;structurally_curated
en,v1,2,1530,1554,square,square,square,unknown,square,wordfreq:en,wordfreq_seeded;deterministically_filtered;structurally_curated
en,v1,2,1531,1555,stopped,stopped,stopped,unknown,stopped,wordfreq:en,wordfreq_seeded;deterministically_filtered;structurally_curated
en,v1,2,1532,1556,structure,structure,structure,unknown,structure,wordfreq:en,wordfreq_seeded;deterministically_filtered;structurally_curated
en,v1,2,1533,1557,thomas,thomas,thomas,unknown,thomas,wordfreq:en,wordfreq_seeded;deterministically_filtered;structurally_curated
en,v1,2,1534,1558,traditional,traditional,traditional,unknown,traditional,wordfreq:en,wordfreq_seeded;deterministically_filtered;structurally_curated
en,v1,2,1535,1559,twice,twice,twice,unknown,twice,wordfreq:en,wordfreq_seeded;deterministically_filtered;structurally_curated
en,v1,2,1536,1560,wind,wind,wind,unknown,wind,wordfreq:en,wordfreq_seeded;deterministically_filtered;structurally_curated
en,v1,2,1537,1561,worry,worry,worry,unknown,worry,wordfreq:en,wordfreq_seeded;deterministically_filtered;structurally_curated
en,v1,2,1538,1564,americans,americans,americans,unknown,americans,wordfreq:en,wordfreq_seeded;deterministically_filtered;structurally_curated
en,v1,2,1539,1565,appeared,appeared,appeared,unknown,appeared,wordfreq:en,wordfreq_seeded;deterministically_filtered;structurally_curated
en,v1,2,1540,1566,becomes,becomes,becomes,unknown,becomes,wordfreq:en,wordfreq_seeded;deterministically_filtered;structurally_curated
en,v1,2,1541,1567,brand,brand,brand,unknown,brand,wordfreq:en,wordfreq_seeded;deterministically_filtered;structurally_curated
en,v1,2,1542,1568,bus,bus,bus,unknown,bus,wordfreq:en,wordfreq_seeded;deterministically_filtered;structurally_curated
en,v1,2,1543,1569,cent,cent,cent,unknown,cent,wordfreq:en,wordfreq_seeded;deterministically_filtered;structurally_curated
en,v1,2,1544,1570,chicago,chicago,chicago,unknown,chicago,wordfreq:en,wordfreq_seeded;deterministically_filtered;structurally_curated
en,v1,2,1545,1571,count,count,count,unknown,count,wordfreq:en,wordfreq_seeded;deterministically_filtered;structurally_curated
en,v1,2,1546,1572,covered,covered,covered,unknown,covered,wordfreq:en,wordfreq_seeded;deterministically_filtered;structurally_curated
en,v1,2,1547,1573,critical,critical,critical,unknown,critical,wordfreq:en,wordfreq_seeded;deterministically_filtered;structurally_curated
en,v1,2,1548,1574,digital,digital,digital,unknown,digital,wordfreq:en,wordfreq_seeded;deterministically_filtered;structurally_curated
en,v1,2,1549,1575,forced,forced,forced,unknown,forced,wordfreq:en,wordfreq_seeded;deterministically_filtered;structurally_curated
en,v1,2,1550,1576,fourth,fourth,fourth,unknown,fourth,wordfreq:en,wordfreq_seeded;deterministically_filtered;structurally_curated
en,v1,2,1551,1577,fresh,fresh,fresh,unknown,fresh,wordfreq:en,wordfreq_seeded;deterministically_filtered;structurally_curated
en,v1,2,1552,1578,lake,lake,lake,unknown,lake,wordfreq:en,wordfreq_seeded;deterministically_filtered;structurally_curated
en,v1,2,1553,1579,mental,mental,mental,unknown,mental,wordfreq:en,wordfreq_seeded;deterministically_filtered;structurally_curated
en,v1,2,1554,1580,mentioned,mentioned,mentioned,unknown,mentioned,wordfreq:en,wordfreq_seeded;deterministically_filtered;structurally_curated
en,v1,2,1555,1581,missed,missed,missed,unknown,missed,wordfreq:en,wordfreq_seeded;deterministically_filtered;structurally_curated
en,v1,2,1556,1582,mostly,mostly,mostly,unknown,mostly,wordfreq:en,wordfreq_seeded;deterministically_filtered;structurally_curated
en,v1,2,1557,1583,mouth,mouth,mouth,unknown,mouth,wordfreq:en,wordfreq_seeded;deterministically_filtered;structurally_curated
en,v1,2,1558,1584,owner,owner,owner,unknown,owner,wordfreq:en,wordfreq_seeded;deterministically_filtered;structurally_curated
en,v1,2,1559,1585,photos,photos,photos,unknown,photos,wordfreq:en,wordfreq_seeded;deterministically_filtered;structurally_curated
en,v1,2,1560,1586,previously,previously,previously,unknown,previously,wordfreq:en,wordfreq_seeded;deterministically_filtered;structurally_curated
en,v1,2,1561,1587,realize,realize,realize,unknown,realize,wordfreq:en,wordfreq_seeded;deterministically_filtered;structurally_curated
en,v1,2,1562,1588,remain,remain,remain,unknown,remain,wordfreq:en,wordfreq_seeded;deterministically_filtered;structurally_curated
en,v1,2,1563,1589,scale,scale,scale,unknown,scale,wordfreq:en,wordfreq_seeded;deterministically_filtered;structurally_curated
en,v1,2,1564,1590,score,score,score,unknown,score,wordfreq:en,wordfreq_seeded;deterministically_filtered;structurally_curated
en,v1,2,1565,1591,separate,separate,separate,unknown,separate,wordfreq:en,wordfreq_seeded;deterministically_filtered;structurally_curated
en,v1,2,1566,1592,smart,smart,smart,unknown,smart,wordfreq:en,wordfreq_seeded;deterministically_filtered;structurally_curated
en,v1,2,1567,1593,starts,starts,starts,unknown,starts,wordfreq:en,wordfreq_seeded;deterministically_filtered;structurally_curated
en,v1,2,1568,1594,surface,surface,surface,unknown,surface,wordfreq:en,wordfreq_seeded;deterministically_filtered;structurally_curated
en,v1,2,1569,1595,throw,throw,throw,unknown,throw,wordfreq:en,wordfreq_seeded;deterministically_filtered;structurally_curated
en,v1,2,1570,1596,tom,tom,tom,unknown,tom,wordfreq:en,wordfreq_seeded;deterministically_filtered;structurally_curated
en,v1,2,1571,1597,totally,totally,totally,unknown,totally,wordfreq:en,wordfreq_seeded;deterministically_filtered;structurally_curated
en,v1,2,1572,1598,twitter,twitter,twitter,unknown,twitter,wordfreq:en,wordfreq_seeded;deterministically_filtered;structurally_curated
en,v1,2,1573,1599,views,views,views,unknown,views,wordfreq:en,wordfreq_seeded;deterministically_filtered;structurally_curated
en,v1,2,1574,1600,wedding,wedding,wedding,unknown,wedding,wordfreq:en,wordfreq_seeded;deterministically_filtered;structurally_curated
en,v1,2,1575,1601,you'd,you'd,you'd,unknown,you'd,wordfreq:en,wordfreq_seeded;deterministically_filtered;structurally_curated
en,v1,2,1576,1602,acting,acting,acting,unknown,acting,wordfreq:en,wordfreq_seeded;deterministically_filtered;structurally_curated
en,v1,2,1577,1603,actions,actions,actions,unknown,actions,wordfreq:en,wordfreq_seeded;deterministically_filtered;structurally_curated
en,v1,2,1578,1604,african,african,african,unknown,african,wordfreq:en,wordfreq_seeded;deterministically_filtered;structurally_curated
en,v1,2,1579,1605,arms,arms,arms,unknown,arms,wordfreq:en,wordfreq_seeded;deterministically_filtered;structurally_curated
en,v1,2,1580,1606,benefit,benefit,benefit,unknown,benefit,wordfreq:en,wordfreq_seeded;deterministically_filtered;structurally_curated
en,v1,2,1581,1607,budget,budget,budget,unknown,budget,wordfreq:en,wordfreq_seeded;deterministically_filtered;structurally_curated
en,v1,2,1582,1608,click,click,click,unknown,click,wordfreq:en,wordfreq_seeded;deterministically_filtered;structurally_curated
en,v1,2,1583,1609,estate,estate,estate,unknown,estate,wordfreq:en,wordfreq_seeded;deterministically_filtered;structurally_curated
en,v1,2,1584,1610,failed,failed,failed,unknown,failed,wordfreq:en,wordfreq_seeded;deterministically_filtered;structurally_curated
en,v1,2,1585,1611,faith,faith,faith,unknown,faith,wordfreq:en,wordfreq_seeded;deterministically_filtered;structurally_curated
en,v1,2,1586,1612,fashion,fashion,fashion,unknown,fashion,wordfreq:en,wordfreq_seeded;deterministically_filtered;structurally_curated
en,v1,2,1587,1613,feature,feature,feature,unknown,feature,wordfreq:en,wordfreq_seeded;deterministically_filtered;structurally_curated
en,v1,2,1588,1614,fund,fund,fund,unknown,fund,wordfreq:en,wordfreq_seeded;deterministically_filtered;structurally_curated
en,v1,2,1589,1615,generation,generation,generation,unknown,generation,wordfreq:en,wordfreq_seeded;deterministically_filtered;structurally_curated
en,v1,2,1590,1616,hearing,hearing,hearing,unknown,hearing,wordfreq:en,wordfreq_seeded;deterministically_filtered;structurally_curated
en,v1,2,1591,1617,hill,hill,hill,unknown,hill,wordfreq:en,wordfreq_seeded;deterministically_filtered;structurally_curated
en,v1,2,1592,1618,jack,jack,jack,unknown,jack,wordfreq:en,wordfreq_seeded;deterministically_filtered;structurally_curated
en,v1,2,1593,1619,larger,larger,larger,unknown,larger,wordfreq:en,wordfreq_seeded;deterministically_filtered;structurally_curated
en,v1,2,1594,1620,louis,louis,louis,unknown,louis,wordfreq:en,wordfreq_seeded;deterministically_filtered;structurally_curated
en,v1,2,1595,1621,metal,metal,metal,unknown,metal,wordfreq:en,wordfreq_seeded;deterministically_filtered;structurally_curated
en,v1,2,1596,1622,mid,mid,mid,unknown,mid,wordfreq:en,wordfreq_seeded;deterministically_filtered;structurally_curated
en,v1,2,1597,1623,paris,paris,paris,unknown,paris,wordfreq:en,wordfreq_seeded;deterministically_filtered;structurally_curated
en,v1,2,1598,1624,profile,profile,profile,unknown,profile,wordfreq:en,wordfreq_seeded;deterministically_filtered;structurally_curated
en,v1,2,1599,1625,pull,pull,pull,unknown,pull,wordfreq:en,wordfreq_seeded;deterministically_filtered;structurally_curated
en,v1,2,1600,1626,push,push,push,unknown,push,wordfreq:en,wordfreq_seeded;deterministically_filtered;structurally_curated
en,v1,2,1601,1627,returned,returned,returned,unknown,returned,wordfreq:en,wordfreq_seeded;deterministically_filtered;structurally_curated
en,v1,2,1602,1628,rose,rose,rose,unknown,rose,wordfreq:en,wordfreq_seeded;deterministically_filtered;structurally_curated
en,v1,2,1603,1629,seat,seat,seat,unknown,seat,wordfreq:en,wordfreq_seeded;deterministically_filtered;structurally_curated
en,v1,2,1604,1630,seemed,seemed,seemed,unknown,seemed,wordfreq:en,wordfreq_seeded;deterministically_filtered;structurally_curated
en,v1,2,1605,1631,sexual,sexual,sexual,unknown,sexual,wordfreq:en,wordfreq_seeded;deterministically_filtered;structurally_curated
en,v1,2,1606,1632,shouldn't,shouldn't,shouldn't,unknown,shouldn't,wordfreq:en,wordfreq_seeded;deterministically_filtered;structurally_curated
en,v1,2,1607,1633,target,target,target,unknown,target,wordfreq:en,wordfreq_seeded;deterministically_filtered;structurally_curated
en,v1,2,1608,1634,understanding,understanding,understanding,unknown,understanding,wordfreq:en,wordfreq_seeded;deterministically_filtered;structurally_curated
en,v1,2,1609,1635,village,village,village,unknown,village,wordfreq:en,wordfreq_seeded;deterministically_filtered;structurally_curated
en,v1,2,1610,1636,agent,agent,agent,unknown,agent,wordfreq:en,wordfreq_seeded;deterministically_filtered;structurally_curated
en,v1,2,1611,1637,animal,animal,animal,unknown,animal,wordfreq:en,wordfreq_seeded;deterministically_filtered;structurally_curated
en,v1,2,1612,1638,apply,apply,apply,unknown,apply,wordfreq:en,wordfreq_seeded;deterministically_filtered;structurally_curated
en,v1,2,1613,1639,authority,authority,authority,unknown,authority,wordfreq:en,wordfreq_seeded;deterministically_filtered;structurally_curated
en,v1,2,1614,1640,basis,basis,basis,unknown,basis,wordfreq:en,wordfreq_seeded;deterministically_filtered;structurally_curated
en,v1,2,1615,1641,becoming,becoming,becoming,unknown,becoming,wordfreq:en,wordfreq_seeded;deterministically_filtered;structurally_curated
en,v1,2,1616,1642,chris,chris,chris,unknown,chris,wordfreq:en,wordfreq_seeded;deterministically_filtered;structurally_curated
en,v1,2,1617,1643,draw,draw,draw,unknown,draw,wordfreq:en,wordfreq_seeded;deterministically_filtered;structurally_curated
en,v1,2,1618,1644,dude,dude,dude,unknown,dude,wordfreq:en,wordfreq_seeded;deterministically_filtered;structurally_curated
en,v1,2,1619,1645,employees,employees,employees,unknown,employees,wordfreq:en,wordfreq_seeded;deterministically_filtered;structurally_curated
en,v1,2,1620,1646,enter,enter,enter,unknown,enter,wordfreq:en,wordfreq_seeded;deterministically_filtered;structurally_curated
en,v1,2,1621,1647,ex,ex,ex,unknown,ex,wordfreq:en,wordfreq_seeded;deterministically_filtered;structurally_curated
en,v1,2,1622,1648,follows,follows,follows,unknown,follows,wordfreq:en,wordfreq_seeded;deterministically_filtered;structurally_curated
en,v1,2,1623,1649,foundation,foundation,foundation,unknown,foundation,wordfreq:en,wordfreq_seeded;deterministically_filtered;structurally_curated
en,v1,2,1624,1650,gain,gain,gain,unknown,gain,wordfreq:en,wordfreq_seeded;deterministically_filtered;structurally_curated
en,v1,2,1625,1652,individuals,individuals,individuals,unknown,individuals,wordfreq:en,wordfreq_seeded;deterministically_filtered;structurally_curated
en,v1,2,1626,1653,japanese,japanese,japanese,unknown,japanese,wordfreq:en,wordfreq_seeded;deterministically_filtered;structurally_curated
en,v1,2,1627,1654,leaders,leaders,leaders,unknown,leaders,wordfreq:en,wordfreq_seeded;deterministically_filtered;structurally_curated
en,v1,2,1628,1655,memory,memory,memory,unknown,memory,wordfreq:en,wordfreq_seeded;deterministically_filtered;structurally_curated
en,v1,2,1629,1656,prime,prime,prime,unknown,prime,wordfreq:en,wordfreq_seeded;deterministically_filtered;structurally_curated
en,v1,2,1630,1657,projects,projects,projects,unknown,projects,wordfreq:en,wordfreq_seeded;deterministically_filtered;structurally_curated
en,v1,2,1631,1658,ring,ring,ring,unknown,ring,wordfreq:en,wordfreq_seeded;deterministically_filtered;structurally_curated
en,v1,2,1632,1659,rise,rise,rise,unknown,rise,wordfreq:en,wordfreq_seeded;deterministically_filtered;structurally_curated
en,v1,2,1633,1660,selling,selling,selling,unknown,selling,wordfreq:en,wordfreq_seeded;deterministically_filtered;structurally_curated
en,v1,2,1634,1661,served,served,served,unknown,served,wordfreq:en,wordfreq_seeded;deterministically_filtered;structurally_curated
en,v1,2,1635,1662,silver,silver,silver,unknown,silver,wordfreq:en,wordfreq_seeded;deterministically_filtered;structurally_curated
en,v1,2,1636,1663,soul,soul,soul,unknown,soul,wordfreq:en,wordfreq_seeded;deterministically_filtered;structurally_curated
en,v1,2,1637,1664,spread,spread,spread,unknown,spread,wordfreq:en,wordfreq_seeded;deterministically_filtered;structurally_curated
en,v1,2,1638,1665,supply,supply,supply,unknown,supply,wordfreq:en,wordfreq_seeded;deterministically_filtered;structurally_curated
en,v1,2,1639,1666,waste,waste,waste,unknown,waste,wordfreq:en,wordfreq_seeded;deterministically_filtered;structurally_curated
en,v1,2,1640,1667,weird,weird,weird,unknown,weird,wordfreq:en,wordfreq_seeded;deterministically_filtered;structurally_curated
en,v1,2,1641,1668,adult,adult,adult,unknown,adult,wordfreq:en,wordfreq_seeded;deterministically_filtered;structurally_curated
en,v1,2,1642,1669,apparently,apparently,apparently,unknown,apparently,wordfreq:en,wordfreq_seeded;deterministically_filtered;structurally_curated
en,v1,2,1643,1670,artist,artist,artist,unknown,artist,wordfreq:en,wordfreq_seeded;deterministically_filtered;structurally_curated
en,v1,2,1644,1671,chairman,chairman,chairman,unknown,chairman,wordfreq:en,wordfreq_seeded;deterministically_filtered;structurally_curated
en,v1,2,1645,1672,edition,edition,edition,unknown,edition,wordfreq:en,wordfreq_seeded;deterministically_filtered;structurally_curated
en,v1,2,1646,1673,engineering,engineering,engineering,unknown,engineering,wordfreq:en,wordfreq_seeded;deterministically_filtered;structurally_curated
en,v1,2,1647,1674,grade,grade,grade,unknown,grade,wordfreq:en,wordfreq_seeded;deterministically_filtered;structurally_curated
en,v1,2,1648,1675,happening,happening,happening,unknown,happening,wordfreq:en,wordfreq_seeded;deterministically_filtered;structurally_curated
en,v1,2,1649,1676,healthy,healthy,healthy,unknown,healthy,wordfreq:en,wordfreq_seeded;deterministically_filtered;structurally_curated
en,v1,2,1650,1677,institute,institute,institute,unknown,institute,wordfreq:en,wordfreq_seeded;deterministically_filtered;structurally_curated
en,v1,2,1651,1678,method,method,method,unknown,method,wordfreq:en,wordfreq_seeded;deterministically_filtered;structurally_curated
en,v1,2,1652,1679,mike,mike,mike,unknown,mike,wordfreq:en,wordfreq_seeded;deterministically_filtered;structurally_curated
en,v1,2,1653,1680,monday,monday,monday,unknown,monday,wordfreq:en,wordfreq_seeded;deterministically_filtered;structurally_curated
en,v1,2,1654,1681,nations,nations,nations,unknown,nations,wordfreq:en,wordfreq_seeded;deterministically_filtered;structurally_curated
en,v1,2,1655,1682,obviously,obviously,obviously,unknown,obviously,wordfreq:en,wordfreq_seeded;deterministically_filtered;structurally_curated
en,v1,2,1656,1683,option,option,option,unknown,option,wordfreq:en,wordfreq_seeded;deterministically_filtered;structurally_curated
en,v1,2,1657,1684,prison,prison,prison,unknown,prison,wordfreq:en,wordfreq_seeded;deterministically_filtered;structurally_curated
en,v1,2,1658,1685,provides,provides,provides,unknown,provides,wordfreq:en,wordfreq_seeded;deterministically_filtered;structurally_curated
en,v1,2,1659,1686,remains,remains,remains,unknown,remains,wordfreq:en,wordfreq_seeded;deterministically_filtered;structurally_curated
en,v1,2,1660,1687,senate,senate,senate,unknown,senate,wordfreq:en,wordfreq_seeded;deterministically_filtered;structurally_curated
en,v1,2,1661,1688,smaller,smaller,smaller,unknown,smaller,wordfreq:en,wordfreq_seeded;deterministically_filtered;structurally_curated
en,v1,2,1662,1689,somebody,somebody,somebody,unknown,somebody,wordfreq:en,wordfreq_seeded;deterministically_filtered;structurally_curated
en,v1,2,1663,1690,stone,stone,stone,unknown,stone,wordfreq:en,wordfreq_seeded;deterministically_filtered;structurally_curated
en,v1,2,1664,1691,strength,strength,strength,unknown,strength,wordfreq:en,wordfreq_seeded;deterministically_filtered;structurally_curated
en,v1,2,1665,1692,users,users,users,unknown,users,wordfreq:en,wordfreq_seeded;deterministically_filtered;structurally_curated
en,v1,2,1666,1693,wild,wild,wild,unknown,wild,wordfreq:en,wordfreq_seeded;deterministically_filtered;structurally_curated
en,v1,2,1667,1694,window,window,window,unknown,window,wordfreq:en,wordfreq_seeded;deterministically_filtered;structurally_curated
en,v1,2,1668,1695,winner,winner,winner,unknown,winner,wordfreq:en,wordfreq_seeded;deterministically_filtered;structurally_curated
en,v1,2,1669,1696,arrived,arrived,arrived,unknown,arrived,wordfreq:en,wordfreq_seeded;deterministically_filtered;structurally_curated
en,v1,2,1670,1697,bag,bag,bag,unknown,bag,wordfreq:en,wordfreq_seeded;deterministically_filtered;structurally_curated
en,v1,2,1671,1698,bet,bet,bet,unknown,bet,wordfreq:en,wordfreq_seeded;deterministically_filtered;structurally_curated
en,v1,2,1672,1699,camp,camp,camp,unknown,camp,wordfreq:en,wordfreq_seeded;deterministically_filtered;structurally_curated
en,v1,2,1673,1700,cast,cast,cast,unknown,cast,wordfreq:en,wordfreq_seeded;deterministically_filtered;structurally_curated
en,v1,2,1674,1701,christ,christ,christ,unknown,christ,wordfreq:en,wordfreq_seeded;deterministically_filtered;structurally_curated
en,v1,2,1675,1702,continues,continues,continues,unknown,continues,wordfreq:en,wordfreq_seeded;deterministically_filtered;structurally_curated
en,v1,2,1676,1703,correct,correct,correct,unknown,correct,wordfreq:en,wordfreq_seeded;deterministically_filtered;structurally_curated
en,v1,2,1677,1704,dangerous,dangerous,dangerous,unknown,dangerous,wordfreq:en,wordfreq_seeded;deterministically_filtered;structurally_curated
en,v1,2,1678,1705,ed,ed,ed,unknown,ed,wordfreq:en,wordfreq_seeded;deterministically_filtered;structurally_curated
en,v1,2,1679,1706,extremely,extremely,extremely,unknown,extremely,wordfreq:en,wordfreq_seeded;deterministically_filtered;structurally_curated
en,v1,2,1680,1707,firm,firm,firm,unknown,firm,wordfreq:en,wordfreq_seeded;deterministically_filtered;structurally_curated
en,v1,2,1681,1708,greatest,greatest,greatest,unknown,greatest,wordfreq:en,wordfreq_seeded;deterministically_filtered;structurally_curated
en,v1,2,1682,1709,handle,handle,handle,unknown,handle,wordfreq:en,wordfreq_seeded;deterministically_filtered;structurally_curated
en,v1,2,1683,1710,improve,improve,improve,unknown,improve,wordfreq:en,wordfreq_seeded;deterministically_filtered;structurally_curated
en,v1,2,1684,1711,indeed,indeed,indeed,unknown,indeed,wordfreq:en,wordfreq_seeded;deterministically_filtered;structurally_curated
en,v1,2,1685,1712,leaves,leaves,leaves,unknown,leaves,wordfreq:en,wordfreq_seeded;deterministically_filtered;structurally_curated
en,v1,2,1686,1713,movies,movies,movies,unknown,movies,wordfreq:en,wordfreq_seeded;deterministically_filtered;structurally_curated
en,v1,2,1687,1714,negative,negative,negative,unknown,negative,wordfreq:en,wordfreq_seeded;deterministically_filtered;structurally_curated
en,v1,2,1688,1715,prevent,prevent,prevent,unknown,prevent,wordfreq:en,wordfreq_seeded;deterministically_filtered;structurally_curated
en,v1,2,1689,1716,removed,removed,removed,unknown,removed,wordfreq:en,wordfreq_seeded;deterministically_filtered;structurally_curated
en,v1,2,1690,1717,richard,richard,richard,unknown,richard,wordfreq:en,wordfreq_seeded;deterministically_filtered;structurally_curated
en,v1,2,1691,1718,spirit,spirit,spirit,unknown,spirit,wordfreq:en,wordfreq_seeded;deterministically_filtered;structurally_curated
en,v1,2,1692,1719,television,television,television,unknown,television,wordfreq:en,wordfreq_seeded;deterministically_filtered;structurally_curated
en,v1,2,1693,1720,till,till,till,unknown,till,wordfreq:en,wordfreq_seeded;deterministically_filtered;structurally_curated
en,v1,2,1694,1721,trouble,trouble,trouble,unknown,trouble,wordfreq:en,wordfreq_seeded;deterministically_filtered;structurally_curated
en,v1,2,1695,1722,usa,usa,usa,unknown,usa,wordfreq:en,wordfreq_seeded;deterministically_filtered;structurally_curated
en,v1,2,1696,1723,videos,videos,videos,unknown,videos,wordfreq:en,wordfreq_seeded;deterministically_filtered;structurally_curated
en,v1,2,1697,1724,advantage,advantage,advantage,unknown,advantage,wordfreq:en,wordfreq_seeded;deterministically_filtered;structurally_curated
en,v1,2,1698,1725,apart,apart,apart,unknown,apart,wordfreq:en,wordfreq_seeded;deterministically_filtered;structurally_curated
en,v1,2,1699,1726,aware,aware,aware,unknown,aware,wordfreq:en,wordfreq_seeded;deterministically_filtered;structurally_curated
en,v1,2,1700,1727,cat,cat,cat,unknown,cat,wordfreq:en,wordfreq_seeded;deterministically_filtered;structurally_curated
en,v1,2,1701,1728,customers,customers,customers,unknown,customers,wordfreq:en,wordfreq_seeded;deterministically_filtered;structurally_curated
en,v1,2,1702,1729,decide,decide,decide,unknown,decide,wordfreq:en,wordfreq_seeded;deterministically_filtered;structurally_curated
en,v1,2,1703,1730,dinner,dinner,dinner,unknown,dinner,wordfreq:en,wordfreq_seeded;deterministically_filtered;structurally_curated
en,v1,2,1704,1731,dollars,dollars,dollars,unknown,dollars,wordfreq:en,wordfreq_seeded;deterministically_filtered;structurally_curated
en,v1,2,1705,1732,eastern,eastern,eastern,unknown,eastern,wordfreq:en,wordfreq_seeded;deterministically_filtered;structurally_curated
en,v1,2,1706,1733,fifth,fifth,fifth,unknown,fifth,wordfreq:en,wordfreq_seeded;deterministically_filtered;structurally_curated
en,v1,2,1707,1734,function,function,function,unknown,function,wordfreq:en,wordfreq_seeded;deterministically_filtered;structurally_curated
en,v1,2,1708,1735,gift,gift,gift,unknown,gift,wordfreq:en,wordfreq_seeded;deterministically_filtered;structurally_curated
en,v1,2,1709,1736,helping,helping,helping,unknown,helping,wordfreq:en,wordfreq_seeded;deterministically_filtered;structurally_curated
en,v1,2,1710,1737,herself,herself,herself,unknown,herself,wordfreq:en,wordfreq_seeded;deterministically_filtered;structurally_curated
en,v1,2,1711,1738,impossible,impossible,impossible,unknown,impossible,wordfreq:en,wordfreq_seeded;deterministically_filtered;structurally_curated
en,v1,2,1712,1739,influence,influence,influence,unknown,influence,wordfreq:en,wordfreq_seeded;deterministically_filtered;structurally_curated
en,v1,2,1713,1740,items,items,items,unknown,items,wordfreq:en,wordfreq_seeded;deterministically_filtered;structurally_curated
en,v1,2,1714,1741,joe,joe,joe,unknown,joe,wordfreq:en,wordfreq_seeded;deterministically_filtered;structurally_curated
en,v1,2,1715,1742,los,los,los,unknown,los,wordfreq:en,wordfreq_seeded;deterministically_filtered;structurally_curated
en,v1,2,1716,1743,marketing,marketing,marketing,unknown,marketing,wordfreq:en,wordfreq_seeded;deterministically_filtered;structurally_curated
en,v1,2,1717,1744,mary,mary,mary,unknown,mary,wordfreq:en,wordfreq_seeded;deterministically_filtered;structurally_curated
en,v1,2,1718,1745,materials,materials,materials,unknown,materials,wordfreq:en,wordfreq_seeded;deterministically_filtered;structurally_curated
en,v1,2,1719,1746,nor,nor,nor,unknown,nor,wordfreq:en,wordfreq_seeded;deterministically_filtered;structurally_curated
en,v1,2,1720,1747,produce,produce,produce,unknown,produce,wordfreq:en,wordfreq_seeded;deterministically_filtered;structurally_curated
en,v1,2,1721,1748,progress,progress,progress,unknown,progress,wordfreq:en,wordfreq_seeded;deterministically_filtered;structurally_curated
en,v1,2,1722,1749,proud,proud,proud,unknown,proud,wordfreq:en,wordfreq_seeded;deterministically_filtered;structurally_curated
en,v1,2,1723,1750,require,require,require,unknown,require,wordfreq:en,wordfreq_seeded;deterministically_filtered;structurally_curated
en,v1,2,1724,1751,shooting,shooting,shooting,unknown,shooting,wordfreq:en,wordfreq_seeded;deterministically_filtered;structurally_curated
en,v1,2,1725,1752,shut,shut,shut,unknown,shut,wordfreq:en,wordfreq_seeded;deterministically_filtered;structurally_curated
en,v1,2,1726,1753,standards,standards,standards,unknown,standards,wordfreq:en,wordfreq_seeded;deterministically_filtered;structurally_curated
en,v1,2,1727,1754,tells,tells,tells,unknown,tells,wordfreq:en,wordfreq_seeded;deterministically_filtered;structurally_curated
en,v1,2,1728,1755,thinks,thinks,thinks,unknown,thinks,wordfreq:en,wordfreq_seeded;deterministically_filtered;structurally_curated
en,v1,2,1729,1756,van,van,van,unknown,van,wordfreq:en,wordfreq_seeded;deterministically_filtered;structurally_curated
en,v1,2,1730,1757,wood,wood,wood,unknown,wood,wordfreq:en,wordfreq_seeded;deterministically_filtered;structurally_curated
en,v1,2,1731,1758,background,background,background,unknown,background,wordfreq:en,wordfreq_seeded;deterministically_filtered;structurally_curated
en,v1,2,1732,1759,birth,birth,birth,unknown,birth,wordfreq:en,wordfreq_seeded;deterministically_filtered;structurally_curated
en,v1,2,1733,1760,bridge,bridge,bridge,unknown,bridge,wordfreq:en,wordfreq_seeded;deterministically_filtered;structurally_curated
en,v1,2,1734,1761,carried,carried,carried,unknown,carried,wordfreq:en,wordfreq_seeded;deterministically_filtered;structurally_curated
en,v1,2,1735,1762,charles,charles,charles,unknown,charles,wordfreq:en,wordfreq_seeded;deterministically_filtered;structurally_curated
en,v1,2,1736,1763,classes,classes,classes,unknown,classes,wordfreq:en,wordfreq_seeded;deterministically_filtered;structurally_curated
en,v1,2,1737,1764,completed,completed,completed,unknown,completed,wordfreq:en,wordfreq_seeded;deterministically_filtered;structurally_curated
en,v1,2,1738,1765,concept,concept,concept,unknown,concept,wordfreq:en,wordfreq_seeded;deterministically_filtered;structurally_curated
en,v1,2,1739,1766,copy,copy,copy,unknown,copy,wordfreq:en,wordfreq_seeded;deterministically_filtered;structurally_curated
en,v1,2,1740,1767,dear,dear,dear,unknown,dear,wordfreq:en,wordfreq_seeded;deterministically_filtered;structurally_curated
en,v1,2,1741,1768,dogs,dogs,dogs,unknown,dogs,wordfreq:en,wordfreq_seeded;deterministically_filtered;structurally_curated
en,v1,2,1742,1769,drugs,drugs,drugs,unknown,drugs,wordfreq:en,wordfreq_seeded;deterministically_filtered;structurally_curated
en,v1,2,1743,1770,efforts,efforts,efforts,unknown,efforts,wordfreq:en,wordfreq_seeded;deterministically_filtered;structurally_curated
en,v1,2,1744,1771,garden,garden,garden,unknown,garden,wordfreq:en,wordfreq_seeded;deterministically_filtered;structurally_curated
en,v1,2,1745,1772,host,host,host,unknown,host,wordfreq:en,wordfreq_seeded;deterministically_filtered;structurally_curated
en,v1,2,1746,1773,housing,housing,housing,unknown,housing,wordfreq:en,wordfreq_seeded;deterministically_filtered;structurally_curated
en,v1,2,1747,1774,inc,inc,inc,unknown,inc,wordfreq:en,wordfreq_seeded;deterministically_filtered;structurally_curated
en,v1,2,1748,1775,israel,israel,israel,unknown,israel,wordfreq:en,wordfreq_seeded;deterministically_filtered;structurally_curated
en,v1,2,1749,1776,journal,journal,journal,unknown,journal,wordfreq:en,wordfreq_seeded;deterministically_filtered;structurally_curated
en,v1,2,1750,1777,labor,labor,labor,unknown,labor,wordfreq:en,wordfreq_seeded;deterministically_filtered;structurally_curated
en,v1,2,1751,1778,leadership,leadership,leadership,unknown,leadership,wordfreq:en,wordfreq_seeded;deterministically_filtered;structurally_curated
en,v1,2,1752,1779,length,length,length,unknown,length,wordfreq:en,wordfreq_seeded;deterministically_filtered;structurally_curated
en,v1,2,1753,1780,lucky,lucky,lucky,unknown,lucky,wordfreq:en,wordfreq_seeded;deterministically_filtered;structurally_curated
en,v1,2,1754,1781,neither,neither,neither,unknown,neither,wordfreq:en,wordfreq_seeded;deterministically_filtered;structurally_curated
en,v1,2,1755,1782,onto,onto,onto,unknown,onto,wordfreq:en,wordfreq_seeded;deterministically_filtered;structurally_curated
en,v1,2,1756,1783,patient,patient,patient,unknown,patient,wordfreq:en,wordfreq_seeded;deterministically_filtered;structurally_curated
en,v1,2,1757,1784,possibly,possibly,possibly,unknown,possibly,wordfreq:en,wordfreq_seeded;deterministically_filtered;structurally_curated
en,v1,2,1758,1785,prove,prove,prove,unknown,prove,wordfreq:en,wordfreq_seeded;deterministically_filtered;structurally_curated
en,v1,2,1759,1786,rare,rare,rare,unknown,rare,wordfreq:en,wordfreq_seeded;deterministically_filtered;structurally_curated
en,v1,2,1760,1787,setting,setting,setting,unknown,setting,wordfreq:en,wordfreq_seeded;deterministically_filtered;structurally_curated
en,v1,2,1761,1788,skills,skills,skills,unknown,skills,wordfreq:en,wordfreq_seeded;deterministically_filtered;structurally_curated
en,v1,2,1762,1789,software,software,software,unknown,software,wordfreq:en,wordfreq_seeded;deterministically_filtered;structurally_curated
en,v1,2,1763,1790,thousands,thousands,thousands,unknown,thousands,wordfreq:en,wordfreq_seeded;deterministically_filtered;structurally_curated
en,v1,2,1764,1791,tough,tough,tough,unknown,tough,wordfreq:en,wordfreq_seeded;deterministically_filtered;structurally_curated
en,v1,2,1765,1792,units,units,units,unknown,units,wordfreq:en,wordfreq_seeded;deterministically_filtered;structurally_curated
en,v1,2,1766,1793,ad,ad,ad,unknown,ad,wordfreq:en,wordfreq_seeded;deterministically_filtered;structurally_curated
en,v1,2,1767,1794,alive,alive,alive,unknown,alive,wordfreq:en,wordfreq_seeded;deterministically_filtered;structurally_curated
en,v1,2,1768,1795,apple,apple,apple,unknown,apple,wordfreq:en,wordfreq_seeded;deterministically_filtered;structurally_curated
en,v1,2,1769,1796,balance,balance,balance,unknown,balance,wordfreq:en,wordfreq_seeded;deterministically_filtered;structurally_curated
en,v1,2,1770,1797,birthday,birthday,birthday,unknown,birthday,wordfreq:en,wordfreq_seeded;deterministically_filtered;structurally_curated
en,v1,2,1771,1798,bitch,bitch,bitch,unknown,bitch,wordfreq:en,wordfreq_seeded;deterministically_filtered;structurally_curated
en,v1,2,1772,1799,boss,boss,boss,unknown,boss,wordfreq:en,wordfreq_seeded;deterministically_filtered;structurally_curated
en,v1,2,1773,1800,cards,cards,cards,unknown,cards,wordfreq:en,wordfreq_seeded;deterministically_filtered;structurally_curated
en,v1,2,1774,1801,changing,changing,changing,unknown,changing,wordfreq:en,wordfreq_seeded;deterministically_filtered;structurally_curated
en,v1,2,1775,1802,connection,connection,connection,unknown,connection,wordfreq:en,wordfreq_seeded;deterministically_filtered;structurally_curated
en,v1,2,1776,1803,dress,dress,dress,unknown,dress,wordfreq:en,wordfreq_seeded;deterministically_filtered;structurally_curated
en,v1,2,1777,1804,easier,easier,easier,unknown,easier,wordfreq:en,wordfreq_seeded;deterministically_filtered;structurally_curated
en,v1,2,1778,1805,fellow,fellow,fellow,unknown,fellow,wordfreq:en,wordfreq_seeded;deterministically_filtered;structurally_curated
en,v1,2,1779,1806,florida,florida,florida,unknown,florida,wordfreq:en,wordfreq_seeded;deterministically_filtered;structurally_curated
en,v1,2,1780,1807,horse,horse,horse,unknown,horse,wordfreq:en,wordfreq_seeded;deterministically_filtered;structurally_curated
en,v1,2,1781,1808,knowing,knowing,knowing,unknown,knowing,wordfreq:en,wordfreq_seeded;deterministically_filtered;structurally_curated
en,v1,2,1782,1809,liked,liked,liked,unknown,liked,wordfreq:en,wordfreq_seeded;deterministically_filtered;structurally_curated
en,v1,2,1783,1810,magic,magic,magic,unknown,magic,wordfreq:en,wordfreq_seeded;deterministically_filtered;structurally_curated
en,v1,2,1784,1811,managed,managed,managed,unknown,managed,wordfreq:en,wordfreq_seeded;deterministically_filtered;structurally_curated
en,v1,2,1785,1812,map,map,map,unknown,map,wordfreq:en,wordfreq_seeded;deterministically_filtered;structurally_curated
en,v1,2,1786,1813,net,net,net,unknown,net,wordfreq:en,wordfreq_seeded;deterministically_filtered;structurally_curated
en,v1,2,1787,1814,owned,owned,owned,unknown,owned,wordfreq:en,wordfreq_seeded;deterministically_filtered;structurally_curated
en,v1,2,1788,1815,request,request,request,unknown,request,wordfreq:en,wordfreq_seeded;deterministically_filtered;structurally_curated
en,v1,2,1789,1816,stick,stick,stick,unknown,stick,wordfreq:en,wordfreq_seeded;deterministically_filtered;structurally_curated
en,v1,2,1790,1817,they've,they've,they've,unknown,they've,wordfreq:en,wordfreq_seeded;deterministically_filtered;structurally_curated
en,v1,2,1791,1818,turns,turns,turns,unknown,turns,wordfreq:en,wordfreq_seeded;deterministically_filtered;structurally_curated
en,v1,2,1792,1819,vehicle,vehicle,vehicle,unknown,vehicle,wordfreq:en,wordfreq_seeded;deterministically_filtered;structurally_curated
en,v1,2,1793,1820,volume,volume,volume,unknown,volume,wordfreq:en,wordfreq_seeded;deterministically_filtered;structurally_curated
en,v1,2,1794,1821,wake,wake,wake,unknown,wake,wordfreq:en,wordfreq_seeded;deterministically_filtered;structurally_curated
en,v1,2,1795,1822,aid,aid,aid,unknown,aid,wordfreq:en,wordfreq_seeded;deterministically_filtered;structurally_curated
en,v1,2,1796,1823,beauty,beauty,beauty,unknown,beauty,wordfreq:en,wordfreq_seeded;deterministically_filtered;structurally_curated
en,v1,2,1797,1824,believed,believed,believed,unknown,believed,wordfreq:en,wordfreq_seeded;deterministically_filtered;structurally_curated
en,v1,2,1798,1825,billion,billion,billion,unknown,billion,wordfreq:en,wordfreq_seeded;deterministically_filtered;structurally_curated
en,v1,2,1799,1826,busy,busy,busy,unknown,busy,wordfreq:en,wordfreq_seeded;deterministically_filtered;structurally_curated
en,v1,2,1800,1827,buying,buying,buying,unknown,buying,wordfreq:en,wordfreq_seeded;deterministically_filtered;structurally_curated
en,v1,2,1801,1828,cells,cells,cells,unknown,cells,wordfreq:en,wordfreq_seeded;deterministically_filtered;structurally_curated
en,v1,2,1802,1829,concerned,concerned,concerned,unknown,concerned,wordfreq:en,wordfreq_seeded;deterministically_filtered;structurally_curated
en,v1,2,1803,1830,conversation,conversation,conversation,unknown,conversation,wordfreq:en,wordfreq_seeded;deterministically_filtered;structurally_curated
en,v1,2,1804,1831,corner,corner,corner,unknown,corner,wordfreq:en,wordfreq_seeded;deterministically_filtered;structurally_curated
en,v1,2,1805,1832,criminal,criminal,criminal,unknown,criminal,wordfreq:en,wordfreq_seeded;deterministically_filtered;structurally_curated
en,v1,2,1806,1833,cultural,cultural,cultural,unknown,cultural,wordfreq:en,wordfreq_seeded;deterministically_filtered;structurally_curated
en,v1,2,1807,1834,develop,develop,develop,unknown,develop,wordfreq:en,wordfreq_seeded;deterministically_filtered;structurally_curated
en,v1,2,1808,1835,driver,driver,driver,unknown,driver,wordfreq:en,wordfreq_seeded;deterministically_filtered;structurally_curated
en,v1,2,1809,1836,ends,ends,ends,unknown,ends,wordfreq:en,wordfreq_seeded;deterministically_filtered;structurally_curated
en,v1,2,1810,1837,existing,existing,existing,unknown,existing,wordfreq:en,wordfreq_seeded;deterministically_filtered;structurally_curated
en,v1,2,1811,1838,farm,farm,farm,unknown,farm,wordfreq:en,wordfreq_seeded;deterministically_filtered;structurally_curated
en,v1,2,1812,1839,file,file,file,unknown,file,wordfreq:en,wordfreq_seeded;deterministically_filtered;structurally_curated
en,v1,2,1813,1840,fix,fix,fix,unknown,fix,wordfreq:en,wordfreq_seeded;deterministically_filtered;structurally_curated
en,v1,2,1814,1841,fly,fly,fly,unknown,fly,wordfreq:en,wordfreq_seeded;deterministically_filtered;structurally_curated
en,v1,2,1815,1842,frank,frank,frank,unknown,frank,wordfreq:en,wordfreq_seeded;deterministically_filtered;structurally_curated
en,v1,2,1816,1843,guide,guide,guide,unknown,guide,wordfreq:en,wordfreq_seeded;deterministically_filtered;structurally_curated
en,v1,2,1817,1844,images,images,images,unknown,images,wordfreq:en,wordfreq_seeded;deterministically_filtered;structurally_curated
en,v1,2,1818,1845,investigation,investigation,investigation,unknown,investigation,wordfreq:en,wordfreq_seeded;deterministically_filtered;structurally_curated
en,v1,2,1819,1846,mexico,mexico,mexico,unknown,mexico,wordfreq:en,wordfreq_seeded;deterministically_filtered;structurally_curated
en,v1,2,1820,1847,operating,operating,operating,unknown,operating,wordfreq:en,wordfreq_seeded;deterministically_filtered;structurally_curated
en,v1,2,1821,1848,paying,paying,paying,unknown,paying,wordfreq:en,wordfreq_seeded;deterministically_filtered;structurally_curated
en,v1,2,1822,1849,presented,presented,presented,unknown,presented,wordfreq:en,wordfreq_seeded;deterministically_filtered;structurally_curated
en,v1,2,1823,1850,raise,raise,raise,unknown,raise,wordfreq:en,wordfreq_seeded;deterministically_filtered;structurally_curated
en,v1,2,1824,1851,responsibility,responsibility,responsibility,unknown,responsibility,wordfreq:en,wordfreq_seeded;deterministically_filtered;structurally_curated
en,v1,2,1825,1852,roll,roll,roll,unknown,roll,wordfreq:en,wordfreq_seeded;deterministically_filtered;structurally_curated
en,v1,2,1826,1853,slightly,slightly,slightly,unknown,slightly,wordfreq:en,wordfreq_seeded;deterministically_filtered;structurally_curated
en,v1,2,1827,1854,suggest,suggest,suggest,unknown,suggest,wordfreq:en,wordfreq_seeded;deterministically_filtered;structurally_curated
en,v1,2,1828,1855,surprise,surprise,surprise,unknown,surprise,wordfreq:en,wordfreq_seeded;deterministically_filtered;structurally_curated
en,v1,2,1829,1856,technical,technical,technical,unknown,technical,wordfreq:en,wordfreq_seeded;deterministically_filtered;structurally_curated
en,v1,2,1830,1857,thoughts,thoughts,thoughts,unknown,thoughts,wordfreq:en,wordfreq_seeded;deterministically_filtered;structurally_curated
en,v1,2,1831,1858,treat,treat,treat,unknown,treat,wordfreq:en,wordfreq_seeded;deterministically_filtered;structurally_curated
en,v1,2,1832,1859,unique,unique,unique,unknown,unique,wordfreq:en,wordfreq_seeded;deterministically_filtered;structurally_curated
en,v1,2,1833,1860,variety,variety,variety,unknown,variety,wordfreq:en,wordfreq_seeded;deterministically_filtered;structurally_curated
en,v1,2,1834,1861,violence,violence,violence,unknown,violence,wordfreq:en,wordfreq_seeded;deterministically_filtered;structurally_curated
en,v1,2,1835,1862,weapons,weapons,weapons,unknown,weapons,wordfreq:en,wordfreq_seeded;deterministically_filtered;structurally_curated
en,v1,2,1836,1863,yours,yours,yours,unknown,yours,wordfreq:en,wordfreq_seeded;deterministically_filtered;structurally_curated
en,v1,2,1837,1864,youth,youth,youth,unknown,youth,wordfreq:en,wordfreq_seeded;deterministically_filtered;structurally_curated
en,v1,2,1838,1866,appreciate,appreciate,appreciate,unknown,appreciate,wordfreq:en,wordfreq_seeded;deterministically_filtered;structurally_curated
en,v1,2,1839,1867,bigger,bigger,bigger,unknown,bigger,wordfreq:en,wordfreq_seeded;deterministically_filtered;structurally_curated
en,v1,2,1840,1868,breaking,breaking,breaking,unknown,breaking,wordfreq:en,wordfreq_seeded;deterministically_filtered;structurally_curated
en,v1,2,1841,1869,discovered,discovered,discovered,unknown,discovered,wordfreq:en,wordfreq_seeded;deterministically_filtered;structurally_curated
en,v1,2,1842,1870,dont,dont,dont,unknown,dont,wordfreq:en,wordfreq_seeded;deterministically_filtered;structurally_curated
en,v1,2,1843,1871,dry,dry,dry,unknown,dry,wordfreq:en,wordfreq_seeded;deterministically_filtered;structurally_curated
en,v1,2,1844,1872,edge,edge,edge,unknown,edge,wordfreq:en,wordfreq_seeded;deterministically_filtered;structurally_curated
en,v1,2,1845,1873,evil,evil,evil,unknown,evil,wordfreq:en,wordfreq_seeded;deterministically_filtered;structurally_curated
en,v1,2,1846,1874,excited,excited,excited,unknown,excited,wordfreq:en,wordfreq_seeded;deterministically_filtered;structurally_curated
en,v1,2,1847,1875,forever,forever,forever,unknown,forever,wordfreq:en,wordfreq_seeded;deterministically_filtered;structurally_curated
en,v1,2,1848,1876,funds,funds,funds,unknown,funds,wordfreq:en,wordfreq_seeded;deterministically_filtered;structurally_curated
en,v1,2,1849,1877,helps,helps,helps,unknown,helps,wordfreq:en,wordfreq_seeded;deterministically_filtered;structurally_curated
en,v1,2,1850,1878,henry,henry,henry,unknown,henry,wordfreq:en,wordfreq_seeded;deterministically_filtered;structurally_curated
en,v1,2,1851,1879,injury,injury,injury,unknown,injury,wordfreq:en,wordfreq_seeded;deterministically_filtered;structurally_curated
en,v1,2,1852,1880,iron,iron,iron,unknown,iron,wordfreq:en,wordfreq_seeded;deterministically_filtered;structurally_curated
en,v1,2,1853,1881,lovely,lovely,lovely,unknown,lovely,wordfreq:en,wordfreq_seeded;deterministically_filtered;structurally_curated
en,v1,2,1854,1882,mad,mad,mad,unknown,mad,wordfreq:en,wordfreq_seeded;deterministically_filtered;structurally_curated
en,v1,2,1855,1883,magazine,magazine,magazine,unknown,magazine,wordfreq:en,wordfreq_seeded;deterministically_filtered;structurally_curated
en,v1,2,1856,1884,martin,martin,martin,unknown,martin,wordfreq:en,wordfreq_seeded;deterministically_filtered;structurally_curated
en,v1,2,1857,1885,models,models,models,unknown,models,wordfreq:en,wordfreq_seeded;deterministically_filtered;structurally_curated
en,v1,2,1858,1886,offers,offers,offers,unknown,offers,wordfreq:en,wordfreq_seeded;deterministically_filtered;structurally_curated
en,v1,2,1859,1887,ordered,ordered,ordered,unknown,ordered,wordfreq:en,wordfreq_seeded;deterministically_filtered;structurally_curated
en,v1,2,1860,1888,parliament,parliament,parliament,unknown,parliament,wordfreq:en,wordfreq_seeded;deterministically_filtered;structurally_curated
en,v1,2,1861,1889,prepared,prepared,prepared,unknown,prepared,wordfreq:en,wordfreq_seeded;deterministically_filtered;structurally_curated
en,v1,2,1862,1890,reference,reference,reference,unknown,reference,wordfreq:en,wordfreq_seeded;deterministically_filtered;structurally_curated
en,v1,2,1863,1891,religion,religion,religion,unknown,religion,wordfreq:en,wordfreq_seeded;deterministically_filtered;structurally_curated
en,v1,2,1864,1892,sites,sites,sites,unknown,sites,wordfreq:en,wordfreq_seeded;deterministically_filtered;structurally_curated
en,v1,2,1865,1893,somewhere,somewhere,somewhere,unknown,somewhere,wordfreq:en,wordfreq_seeded;deterministically_filtered;structurally_curated
en,v1,2,1866,1894,stated,stated,stated,unknown,stated,wordfreq:en,wordfreq_seeded;deterministically_filtered;structurally_curated
en,v1,2,1867,1895,strategy,strategy,strategy,unknown,strategy,wordfreq:en,wordfreq_seeded;deterministically_filtered;structurally_curated
en,v1,2,1868,1896,teachers,teachers,teachers,unknown,teachers,wordfreq:en,wordfreq_seeded;deterministically_filtered;structurally_curated
en,v1,2,1869,1897,web,web,web,unknown,web,wordfreq:en,wordfreq_seeded;deterministically_filtered;structurally_curated
en,v1,2,1870,1898,wine,wine,wine,unknown,wine,wordfreq:en,wordfreq_seeded;deterministically_filtered;structurally_curated
en,v1,2,1871,1899,accounts,accounts,accounts,unknown,accounts,wordfreq:en,wordfreq_seeded;deterministically_filtered;structurally_curated
en,v1,2,1872,1900,angeles,angeles,angeles,unknown,angeles,wordfreq:en,wordfreq_seeded;deterministically_filtered;structurally_curated
en,v1,2,1873,1901,arm,arm,arm,unknown,arm,wordfreq:en,wordfreq_seeded;deterministically_filtered;structurally_curated
en,v1,2,1874,1902,audience,audience,audience,unknown,audience,wordfreq:en,wordfreq_seeded;deterministically_filtered;structurally_curated
en,v1,2,1875,1903,bay,bay,bay,unknown,bay,wordfreq:en,wordfreq_seeded;deterministically_filtered;structurally_curated
en,v1,2,1876,1904,blog,blog,blog,unknown,blog,wordfreq:en,wordfreq_seeded;deterministically_filtered;structurally_curated
en,v1,2,1877,1905,closer,closer,closer,unknown,closer,wordfreq:en,wordfreq_seeded;deterministically_filtered;structurally_curated
en,v1,2,1878,1906,core,core,core,unknown,core,wordfreq:en,wordfreq_seeded;deterministically_filtered;structurally_curated
en,v1,2,1879,1907,democratic,democratic,democratic,unknown,democratic,wordfreq:en,wordfreq_seeded;deterministically_filtered;structurally_curated
en,v1,2,1880,1908,description,description,description,unknown,description,wordfreq:en,wordfreq_seeded;deterministically_filtered;structurally_curated
en,v1,2,1881,1909,dropped,dropped,dropped,unknown,dropped,wordfreq:en,wordfreq_seeded;deterministically_filtered;structurally_curated
en,v1,2,1882,1910,excellent,excellent,excellent,unknown,excellent,wordfreq:en,wordfreq_seeded;deterministically_filtered;structurally_curated
en,v1,2,1883,1911,exist,exist,exist,unknown,exist,wordfreq:en,wordfreq_seeded;deterministically_filtered;structurally_curated
en,v1,2,1884,1912,figures,figures,figures,unknown,figures,wordfreq:en,wordfreq_seeded;deterministically_filtered;structurally_curated
en,v1,2,1885,1913,forms,forms,forms,unknown,forms,wordfreq:en,wordfreq_seeded;deterministically_filtered;structurally_curated
en,v1,2,1886,1914,guard,guard,guard,unknown,guard,wordfreq:en,wordfreq_seeded;deterministically_filtered;structurally_curated
en,v1,2,1887,1915,honest,honest,honest,unknown,honest,wordfreq:en,wordfreq_seeded;deterministically_filtered;structurally_curated
en,v1,2,1888,1916,issued,issued,issued,unknown,issued,wordfreq:en,wordfreq_seeded;deterministically_filtered;structurally_curated
en,v1,2,1889,1917,joined,joined,joined,unknown,joined,wordfreq:en,wordfreq_seeded;deterministically_filtered;structurally_curated
en,v1,2,1890,1918,jones,jones,jones,unknown,jones,wordfreq:en,wordfreq_seeded;deterministically_filtered;structurally_curated
en,v1,2,1891,1919,lee,lee,lee,unknown,lee,wordfreq:en,wordfreq_seeded;deterministically_filtered;structurally_curated
en,v1,2,1892,1920,lies,lies,lies,unknown,lies,wordfreq:en,wordfreq_seeded;deterministically_filtered;structurally_curated
en,v1,2,1893,1921,likes,likes,likes,unknown,likes,wordfreq:en,wordfreq_seeded;deterministically_filtered;structurally_curated
en,v1,2,1894,1922,medicine,medicine,medicine,unknown,medicine,wordfreq:en,wordfreq_seeded;deterministically_filtered;structurally_curated
en,v1,2,1895,1923,mention,mention,mention,unknown,mention,wordfreq:en,wordfreq_seeded;deterministically_filtered;structurally_curated
en,v1,2,1896,1924,mountain,mountain,mountain,unknown,mountain,wordfreq:en,wordfreq_seeded;deterministically_filtered;structurally_curated
en,v1,2,1897,1925,nuclear,nuclear,nuclear,unknown,nuclear,wordfreq:en,wordfreq_seeded;deterministically_filtered;structurally_curated
en,v1,2,1898,1926,orders,orders,orders,unknown,orders,wordfreq:en,wordfreq_seeded;deterministically_filtered;structurally_curated
en,v1,2,1899,1927,port,port,port,unknown,port,wordfreq:en,wordfreq_seeded;deterministically_filtered;structurally_curated
en,v1,2,1900,1928,presence,presence,presence,unknown,presence,wordfreq:en,wordfreq_seeded;deterministically_filtered;structurally_curated
en,v1,2,1901,1929,reaction,reaction,reaction,unknown,reaction,wordfreq:en,wordfreq_seeded;deterministically_filtered;structurally_curated
en,v1,2,1902,1930,reduce,reduce,reduce,unknown,reduce,wordfreq:en,wordfreq_seeded;deterministically_filtered;structurally_curated
en,v1,2,1903,1931,shoot,shoot,shoot,unknown,shoot,wordfreq:en,wordfreq_seeded;deterministically_filtered;structurally_curated
en,v1,2,1904,1932,sides,sides,sides,unknown,sides,wordfreq:en,wordfreq_seeded;deterministically_filtered;structurally_curated
en,v1,2,1905,1933,solid,solid,solid,unknown,solid,wordfreq:en,wordfreq_seeded;deterministically_filtered;structurally_curated
en,v1,2,1906,1934,spanish,spanish,spanish,unknown,spanish,wordfreq:en,wordfreq_seeded;deterministically_filtered;structurally_curated
en,v1,2,1907,1935,sport,sport,sport,unknown,sport,wordfreq:en,wordfreq_seeded;deterministically_filtered;structurally_curated
en,v1,2,1908,1936,steps,steps,steps,unknown,steps,wordfreq:en,wordfreq_seeded;deterministically_filtered;structurally_curated
en,v1,2,1909,1937,stress,stress,stress,unknown,stress,wordfreq:en,wordfreq_seeded;deterministically_filtered;structurally_curated
en,v1,2,1910,1938,taste,taste,taste,unknown,taste,wordfreq:en,wordfreq_seeded;deterministically_filtered;structurally_curated
en,v1,2,1911,1939,tea,tea,tea,unknown,tea,wordfreq:en,wordfreq_seeded;deterministically_filtered;structurally_curated
en,v1,2,1912,1940,victory,victory,victory,unknown,victory,wordfreq:en,wordfreq_seeded;deterministically_filtered;structurally_curated
en,v1,2,1913,1941,afternoon,afternoon,afternoon,unknown,afternoon,wordfreq:en,wordfreq_seeded;deterministically_filtered;structurally_curated
en,v1,2,1914,1942,assistant,assistant,assistant,unknown,assistant,wordfreq:en,wordfreq_seeded;deterministically_filtered;structurally_curated
en,v1,2,1915,1943,britain,britain,britain,unknown,britain,wordfreq:en,wordfreq_seeded;deterministically_filtered;structurally_curated
en,v1,2,1916,1944,citizens,citizens,citizens,unknown,citizens,wordfreq:en,wordfreq_seeded;deterministically_filtered;structurally_curated
en,v1,2,1917,1945,classic,classic,classic,unknown,classic,wordfreq:en,wordfreq_seeded;deterministically_filtered;structurally_curated
en,v1,2,1918,1946,clothes,clothes,clothes,unknown,clothes,wordfreq:en,wordfreq_seeded;deterministically_filtered;structurally_curated
en,v1,2,1919,1947,decisions,decisions,decisions,unknown,decisions,wordfreq:en,wordfreq_seeded;deterministically_filtered;structurally_curated
en,v1,2,1920,1948,electric,electric,electric,unknown,electric,wordfreq:en,wordfreq_seeded;deterministically_filtered;structurally_curated
en,v1,2,1921,1949,emergency,emergency,emergency,unknown,emergency,wordfreq:en,wordfreq_seeded;deterministically_filtered;structurally_curated
en,v1,2,1922,1950,entered,entered,entered,unknown,entered,wordfreq:en,wordfreq_seeded;deterministically_filtered;structurally_curated
en,v1,2,1923,1951,entirely,entirely,entirely,unknown,entirely,wordfreq:en,wordfreq_seeded;deterministically_filtered;structurally_curated
en,v1,2,1924,1952,facts,facts,facts,unknown,facts,wordfreq:en,wordfreq_seeded;deterministically_filtered;structurally_curated
en,v1,2,1925,1953,failure,failure,failure,unknown,failure,wordfreq:en,wordfreq_seeded;deterministically_filtered;structurally_curated
en,v1,2,1926,1954,festival,festival,festival,unknown,festival,wordfreq:en,wordfreq_seeded;deterministically_filtered;structurally_curated
en,v1,2,1927,1955,flat,flat,flat,unknown,flat,wordfreq:en,wordfreq_seeded;deterministically_filtered;structurally_curated
en,v1,2,1928,1956,fuel,fuel,fuel,unknown,fuel,wordfreq:en,wordfreq_seeded;deterministically_filtered;structurally_curated
en,v1,2,1929,1957,harry,harry,harry,unknown,harry,wordfreq:en,wordfreq_seeded;deterministically_filtered;structurally_curated
en,v1,2,1930,1958,hello,hello,hello,unknown,hello,wordfreq:en,wordfreq_seeded;deterministically_filtered;structurally_curated
en,v1,2,1931,1959,houses,houses,houses,unknown,houses,wordfreq:en,wordfreq_seeded;deterministically_filtered;structurally_curated
en,v1,2,1932,1960,ill,ill,ill,unknown,ill,wordfreq:en,wordfreq_seeded;deterministically_filtered;structurally_curated
en,v1,2,1933,1961,initial,initial,initial,unknown,initial,wordfreq:en,wordfreq_seeded;deterministically_filtered;structurally_curated
en,v1,2,1934,1962,introduced,introduced,introduced,unknown,introduced,wordfreq:en,wordfreq_seeded;deterministically_filtered;structurally_curated
en,v1,2,1935,1963,johnson,johnson,johnson,unknown,johnson,wordfreq:en,wordfreq_seeded;deterministically_filtered;structurally_curated
en,v1,2,1936,1964,kick,kick,kick,unknown,kick,wordfreq:en,wordfreq_seeded;deterministically_filtered;structurally_curated
en,v1,2,1937,1965,links,links,links,unknown,links,wordfreq:en,wordfreq_seeded;deterministically_filtered;structurally_curated
en,v1,2,1938,1966,mail,mail,mail,unknown,mail,wordfreq:en,wordfreq_seeded;deterministically_filtered;structurally_curated
en,v1,2,1939,1967,massive,massive,massive,unknown,massive,wordfreq:en,wordfreq_seeded;deterministically_filtered;structurally_curated
en,v1,2,1940,1968,matters,matters,matters,unknown,matters,wordfreq:en,wordfreq_seeded;deterministically_filtered;structurally_curated
en,v1,2,1941,1969,pair,pair,pair,unknown,pair,wordfreq:en,wordfreq_seeded;deterministically_filtered;structurally_curated
en,v1,2,1942,1970,picked,picked,picked,unknown,picked,wordfreq:en,wordfreq_seeded;deterministically_filtered;structurally_curated
en,v1,2,1943,1971,pieces,pieces,pieces,unknown,pieces,wordfreq:en,wordfreq_seeded;deterministically_filtered;structurally_curated
en,v1,2,1944,1972,plane,plane,plane,unknown,plane,wordfreq:en,wordfreq_seeded;deterministically_filtered;structurally_curated
en,v1,2,1945,1973,plenty,plenty,plenty,unknown,plenty,wordfreq:en,wordfreq_seeded;deterministically_filtered;structurally_curated
en,v1,2,1946,1974,prince,prince,prince,unknown,prince,wordfreq:en,wordfreq_seeded;deterministically_filtered;structurally_curated
en,v1,2,1947,1975,proper,proper,proper,unknown,proper,wordfreq:en,wordfreq_seeded;deterministically_filtered;structurally_curated
en,v1,2,1948,1976,providing,providing,providing,unknown,providing,wordfreq:en,wordfreq_seeded;deterministically_filtered;structurally_curated
en,v1,2,1949,1977,quarter,quarter,quarter,unknown,quarter,wordfreq:en,wordfreq_seeded;deterministically_filtered;structurally_curated
en,v1,2,1950,1978,regional,regional,regional,unknown,regional,wordfreq:en,wordfreq_seeded;deterministically_filtered;structurally_curated
en,v1,2,1951,1979,scott,scott,scott,unknown,scott,wordfreq:en,wordfreq_seeded;deterministically_filtered;structurally_curated
en,v1,2,1952,1980,session,session,session,unknown,session,wordfreq:en,wordfreq_seeded;deterministically_filtered;structurally_curated
en,v1,2,1953,1981,shape,shape,shape,unknown,shape,wordfreq:en,wordfreq_seeded;deterministically_filtered;structurally_curated
en,v1,2,1954,1982,sky,sky,sky,unknown,sky,wordfreq:en,wordfreq_seeded;deterministically_filtered;structurally_curated
en,v1,2,1955,1983,teaching,teaching,teaching,unknown,teaching,wordfreq:en,wordfreq_seeded;deterministically_filtered;structurally_curated
en,v1,2,1956,1984,toward,toward,toward,unknown,toward,wordfreq:en,wordfreq_seeded;deterministically_filtered;structurally_curated
en,v1,2,1957,1985,transfer,transfer,transfer,unknown,transfer,wordfreq:en,wordfreq_seeded;deterministically_filtered;structurally_curated
en,v1,2,1958,1986,upper,upper,upper,unknown,upper,wordfreq:en,wordfreq_seeded;deterministically_filtered;structurally_curated
en,v1,2,1959,1987,useful,useful,useful,unknown,useful,wordfreq:en,wordfreq_seeded;deterministically_filtered;structurally_curated
en,v1,2,1960,1988,valley,valley,valley,unknown,valley,wordfreq:en,wordfreq_seeded;deterministically_filtered;structurally_curated
en,v1,2,1961,1989,watched,watched,watched,unknown,watched,wordfreq:en,wordfreq_seeded;deterministically_filtered;structurally_curated
en,v1,2,1962,1990,willing,willing,willing,unknown,willing,wordfreq:en,wordfreq_seeded;deterministically_filtered;structurally_curated
en,v1,2,1963,1991,windows,windows,windows,unknown,windows,wordfreq:en,wordfreq_seeded;deterministically_filtered;structurally_curated
en,v1,2,1964,1992,zone,zone,zone,unknown,zone,wordfreq:en,wordfreq_seeded;deterministically_filtered;structurally_curated
en,v1,2,1965,1993,accident,accident,accident,unknown,accident,wordfreq:en,wordfreq_seeded;deterministically_filtered;structurally_curated
en,v1,2,1966,1994,advanced,advanced,advanced,unknown,advanced,wordfreq:en,wordfreq_seeded;deterministically_filtered;structurally_curated
en,v1,2,1967,1995,alternative,alternative,alternative,unknown,alternative,wordfreq:en,wordfreq_seeded;deterministically_filtered;structurally_curated
en,v1,2,1968,1996,anywhere,anywhere,anywhere,unknown,anywhere,wordfreq:en,wordfreq_seeded;deterministically_filtered;structurally_curated
en,v1,2,1969,1997,articles,articles,articles,unknown,articles,wordfreq:en,wordfreq_seeded;deterministically_filtered;structurally_curated
en,v1,2,1970,1998,awards,awards,awards,unknown,awards,wordfreq:en,wordfreq_seeded;deterministically_filtered;structurally_curated
en,v1,2,1971,1999,bear,bear,bear,unknown,bear,wordfreq:en,wordfreq_seeded;deterministically_filtered;structurally_curated
en,v1,2,1972,2000,boat,boat,boat,unknown,boat,wordfreq:en,wordfreq_seeded;deterministically_filtered;structurally_curated
en,v1,2,1973,2001,bringing,bringing,bringing,unknown,bringing,wordfreq:en,wordfreq_seeded;deterministically_filtered;structurally_curated
en,v1,2,1974,2002,capacity,capacity,capacity,unknown,capacity,wordfreq:en,wordfreq_seeded;deterministically_filtered;structurally_curated
en,v1,2,1975,2003,cheap,cheap,cheap,unknown,cheap,wordfreq:en,wordfreq_seeded;deterministically_filtered;structurally_curated
en,v1,2,1976,2004,climate,climate,climate,unknown,climate,wordfreq:en,wordfreq_seeded;deterministically_filtered;structurally_curated
en,v1,2,1977,2005,communities,communities,communities,unknown,communities,wordfreq:en,wordfreq_seeded;deterministically_filtered;structurally_curated
en,v1,2,1978,2006,discussion,discussion,discussion,unknown,discussion,wordfreq:en,wordfreq_seeded;deterministically_filtered;structurally_curated
en,v1,2,1979,2007,drinking,drinking,drinking,unknown,drinking,wordfreq:en,wordfreq_seeded;deterministically_filtered;structurally_curated
en,v1,2,1980,2008,duty,duty,duty,unknown,duty,wordfreq:en,wordfreq_seeded;deterministically_filtered;structurally_curated
en,v1,2,1981,2009,fantastic,fantastic,fantastic,unknown,fantastic,wordfreq:en,wordfreq_seeded;deterministically_filtered;structurally_curated
en,v1,2,1982,2010,feelings,feelings,feelings,unknown,feelings,wordfreq:en,wordfreq_seeded;deterministically_filtered;structurally_curated
en,v1,2,1983,2011,flying,flying,flying,unknown,flying,wordfreq:en,wordfreq_seeded;deterministically_filtered;structurally_curated
en,v1,2,1984,2012,governor,governor,governor,unknown,governor,wordfreq:en,wordfreq_seeded;deterministically_filtered;structurally_curated
en,v1,2,1985,2013,hasn't,hasn't,hasn't,unknown,hasn't,wordfreq:en,wordfreq_seeded;deterministically_filtered;structurally_curated
en,v1,2,1986,2014,hundred,hundred,hundred,unknown,hundred,wordfreq:en,wordfreq_seeded;deterministically_filtered;structurally_curated
en,v1,2,1987,2015,industrial,industrial,industrial,unknown,industrial,wordfreq:en,wordfreq_seeded;deterministically_filtered;structurally_curated
en,v1,2,1988,2016,joint,joint,joint,unknown,joint,wordfreq:en,wordfreq_seeded;deterministically_filtered;structurally_curated
en,v1,2,1989,2017,mix,mix,mix,unknown,mix,wordfreq:en,wordfreq_seeded;deterministically_filtered;structurally_curated
en,v1,2,1990,2018,museum,museum,museum,unknown,museum,wordfreq:en,wordfreq_seeded;deterministically_filtered;structurally_curated
en,v1,2,1991,2019,options,options,options,unknown,options,wordfreq:en,wordfreq_seeded;deterministically_filtered;structurally_curated
en,v1,2,1992,2020,path,path,path,unknown,path,wordfreq:en,wordfreq_seeded;deterministically_filtered;structurally_curated
en,v1,2,1993,2021,plants,plants,plants,unknown,plants,wordfreq:en,wordfreq_seeded;deterministically_filtered;structurally_curated
en,v1,2,1994,2022,policies,policies,policies,unknown,policies,wordfreq:en,wordfreq_seeded;deterministically_filtered;structurally_curated
en,v1,2,1995,2023,promise,promise,promise,unknown,promise,wordfreq:en,wordfreq_seeded;deterministically_filtered;structurally_curated
en,v1,2,1996,2024,proposed,proposed,proposed,unknown,proposed,wordfreq:en,wordfreq_seeded;deterministically_filtered;structurally_curated
en,v1,2,1997,2025,purchase,purchase,purchase,unknown,purchase,wordfreq:en,wordfreq_seeded;deterministically_filtered;structurally_curated
en,v1,2,1998,2026,rain,rain,rain,unknown,rain,wordfreq:en,wordfreq_seeded;deterministically_filtered;structurally_curated
en,v1,2,1999,2027,remove,remove,remove,unknown,remove,wordfreq:en,wordfreq_seeded;deterministically_filtered;structurally_curated
en,v1,2,2000,2028,signs,signs,signs,unknown,signs,wordfreq:en,wordfreq_seeded;deterministically_filtered;structurally_curated
en,v1,3,2001,2029,spending,spending,spending,unknown,spending,wordfreq:en,wordfreq_seeded;deterministically_filtered;structurally_curated
en,v1,3,2002,2030,steel,steel,steel,unknown,steel,wordfreq:en,wordfreq_seeded;deterministically_filtered;structurally_curated
en,v1,3,2003,2031,steve,steve,steve,unknown,steve,wordfreq:en,wordfreq_seeded;deterministically_filtered;structurally_curated
en,v1,3,2004,2032,supporting,supporting,supporting,unknown,supporting,wordfreq:en,wordfreq_seeded;deterministically_filtered;structurally_curated
en,v1,3,2005,2033,terrible,terrible,terrible,unknown,terrible,wordfreq:en,wordfreq_seeded;deterministically_filtered;structurally_curated
en,v1,3,2006,2034,they'll,they'll,they'll,unknown,they'll,wordfreq:en,wordfreq_seeded;deterministically_filtered;structurally_curated
en,v1,3,2007,2035,tired,tired,tired,unknown,tired,wordfreq:en,wordfreq_seeded;deterministically_filtered;structurally_curated
en,v1,3,2008,2036,treated,treated,treated,unknown,treated,wordfreq:en,wordfreq_seeded;deterministically_filtered;structurally_curated
en,v1,3,2009,2037,turning,turning,turning,unknown,turning,wordfreq:en,wordfreq_seeded;deterministically_filtered;structurally_curated
en,v1,3,2010,2038,vice,vice,vice,unknown,vice,wordfreq:en,wordfreq_seeded;deterministically_filtered;structurally_curated
en,v1,3,2011,2039,warm,warm,warm,unknown,warm,wordfreq:en,wordfreq_seeded;deterministically_filtered;structurally_curated
en,v1,3,2012,2041,afraid,afraid,afraid,unknown,afraid,wordfreq:en,wordfreq_seeded;deterministically_filtered;structurally_curated
en,v1,3,2013,2042,arts,arts,arts,unknown,arts,wordfreq:en,wordfreq_seeded;deterministically_filtered;structurally_curated
en,v1,3,2014,2043,beer,beer,beer,unknown,beer,wordfreq:en,wordfreq_seeded;deterministically_filtered;structurally_curated
en,v1,3,2015,2044,border,border,border,unknown,border,wordfreq:en,wordfreq_seeded;deterministically_filtered;structurally_curated
en,v1,3,2016,2045,canadian,canadian,canadian,unknown,canadian,wordfreq:en,wordfreq_seeded;deterministically_filtered;structurally_curated
en,v1,3,2017,2046,command,command,command,unknown,command,wordfreq:en,wordfreq_seeded;deterministically_filtered;structurally_curated
en,v1,3,2018,2047,crew,crew,crew,unknown,crew,wordfreq:en,wordfreq_seeded;deterministically_filtered;structurally_curated
en,v1,3,2019,2048,crowd,crowd,crowd,unknown,crowd,wordfreq:en,wordfreq_seeded;deterministically_filtered;structurally_curated
en,v1,3,2020,2049,dating,dating,dating,unknown,dating,wordfreq:en,wordfreq_seeded;deterministically_filtered;structurally_curated
en,v1,3,2021,2050,dick,dick,dick,unknown,dick,wordfreq:en,wordfreq_seeded;deterministically_filtered;structurally_curated
en,v1,3,2022,2051,elements,elements,elements,unknown,elements,wordfreq:en,wordfreq_seeded;deterministically_filtered;structurally_curated
en,v1,3,2023,2052,enemy,enemy,enemy,unknown,enemy,wordfreq:en,wordfreq_seeded;deterministically_filtered;structurally_curated
en,v1,3,2024,2053,ensure,ensure,ensure,unknown,ensure,wordfreq:en,wordfreq_seeded;deterministically_filtered;structurally_curated
en,v1,3,2025,2054,environmental,environmental,environmental,unknown,environmental,wordfreq:en,wordfreq_seeded;deterministically_filtered;structurally_curated
en,v1,3,2026,2055,filled,filled,filled,unknown,filled,wordfreq:en,wordfreq_seeded;deterministically_filtered;structurally_curated
en,v1,3,2027,2056,fixed,fixed,fixed,unknown,fixed,wordfreq:en,wordfreq_seeded;deterministically_filtered;structurally_curated
en,v1,3,2028,2057,forest,forest,forest,unknown,forest,wordfreq:en,wordfreq_seeded;deterministically_filtered;structurally_curated
en,v1,3,2029,2058,intelligence,intelligence,intelligence,unknown,intelligence,wordfreq:en,wordfreq_seeded;deterministically_filtered;structurally_curated
en,v1,3,2030,2059,intended,intended,intended,unknown,intended,wordfreq:en,wordfreq_seeded;deterministically_filtered;structurally_curated
en,v1,3,2031,2060,labour,labour,labour,unknown,labour,wordfreq:en,wordfreq_seeded;deterministically_filtered;structurally_curated
en,v1,3,2032,2061,limit,limit,limit,unknown,limit,wordfreq:en,wordfreq_seeded;deterministically_filtered;structurally_curated
en,v1,3,2033,2062,moon,moon,moon,unknown,moon,wordfreq:en,wordfreq_seeded;deterministically_filtered;structurally_curated
en,v1,3,2034,2063,ocean,ocean,ocean,unknown,ocean,wordfreq:en,wordfreq_seeded;deterministically_filtered;structurally_curated
en,v1,3,2035,2064,powers,powers,powers,unknown,powers,wordfreq:en,wordfreq_seeded;deterministically_filtered;structurally_curated
en,v1,3,2036,2065,profit,profit,profit,unknown,profit,wordfreq:en,wordfreq_seeded;deterministically_filtered;structurally_curated
en,v1,3,2037,2066,proof,proof,proof,unknown,proof,wordfreq:en,wordfreq_seeded;deterministically_filtered;structurally_curated
en,v1,3,2038,2067,republican,republican,republican,unknown,republican,wordfreq:en,wordfreq_seeded;deterministically_filtered;structurally_curated
en,v1,3,2039,2068,soldiers,soldiers,soldiers,unknown,soldiers,wordfreq:en,wordfreq_seeded;deterministically_filtered;structurally_curated
en,v1,3,2040,2069,suit,suit,suit,unknown,suit,wordfreq:en,wordfreq_seeded;deterministically_filtered;structurally_curated
en,v1,3,2041,2070,wins,wins,wins,unknown,wins,wordfreq:en,wordfreq_seeded;deterministically_filtered;structurally_curated
en,v1,3,2042,2071,women's,women's,women's,unknown,women's,wordfreq:en,wordfreq_seeded;deterministically_filtered;structurally_curated
en,v1,3,2043,2072,appearance,appearance,appearance,unknown,appearance,wordfreq:en,wordfreq_seeded;deterministically_filtered;structurally_curated
en,v1,3,2044,2073,asian,asian,asian,unknown,asian,wordfreq:en,wordfreq_seeded;deterministically_filtered;structurally_curated
en,v1,3,2045,2074,attorney,attorney,attorney,unknown,attorney,wordfreq:en,wordfreq_seeded;deterministically_filtered;structurally_curated
en,v1,3,2046,2075,banks,banks,banks,unknown,banks,wordfreq:en,wordfreq_seeded;deterministically_filtered;structurally_curated
en,v1,3,2047,2076,behavior,behavior,behavior,unknown,behavior,wordfreq:en,wordfreq_seeded;deterministically_filtered;structurally_curated
en,v1,3,2048,2077,ben,ben,ben,unknown,ben,wordfreq:en,wordfreq_seeded;deterministically_filtered;structurally_curated
en,v1,3,2049,2078,bodies,bodies,bodies,unknown,bodies,wordfreq:en,wordfreq_seeded;deterministically_filtered;structurally_curated
en,v1,3,2050,2079,brothers,brothers,brothers,unknown,brothers,wordfreq:en,wordfreq_seeded;deterministically_filtered;structurally_curated
en,v1,3,2051,2080,buildings,buildings,buildings,unknown,buildings,wordfreq:en,wordfreq_seeded;deterministically_filtered;structurally_curated
en,v1,3,2052,2081,chair,chair,chair,unknown,chair,wordfreq:en,wordfreq_seeded;deterministically_filtered;structurally_curated
en,v1,3,2053,2082,creating,creating,creating,unknown,creating,wordfreq:en,wordfreq_seeded;deterministically_filtered;structurally_curated
en,v1,3,2054,2083,debt,debt,debt,unknown,debt,wordfreq:en,wordfreq_seeded;deterministically_filtered;structurally_curated
en,v1,3,2055,2084,domestic,domestic,domestic,unknown,domestic,wordfreq:en,wordfreq_seeded;deterministically_filtered;structurally_curated
en,v1,3,2056,2085,expensive,expensive,expensive,unknown,expensive,wordfreq:en,wordfreq_seeded;deterministically_filtered;structurally_curated
en,v1,3,2057,2086,grew,grew,grew,unknown,grew,wordfreq:en,wordfreq_seeded;deterministically_filtered;structurally_curated
en,v1,3,2058,2087,historical,historical,historical,unknown,historical,wordfreq:en,wordfreq_seeded;deterministically_filtered;structurally_curated
en,v1,3,2059,2088,homes,homes,homes,unknown,homes,wordfreq:en,wordfreq_seeded;deterministically_filtered;structurally_curated
en,v1,3,2060,2089,honestly,honestly,honestly,unknown,honestly,wordfreq:en,wordfreq_seeded;deterministically_filtered;structurally_curated
en,v1,3,2061,2090,honor,honor,honor,unknown,honor,wordfreq:en,wordfreq_seeded;deterministically_filtered;structurally_curated
en,v1,3,2062,2091,im,im,im,unknown,im,wordfreq:en,wordfreq_seeded;deterministically_filtered;structurally_curated
en,v1,3,2063,2092,jump,jump,jump,unknown,jump,wordfreq:en,wordfreq_seeded;deterministically_filtered;structurally_curated
en,v1,3,2064,2093,launch,launch,launch,unknown,launch,wordfreq:en,wordfreq_seeded;deterministically_filtered;structurally_curated
en,v1,3,2065,2094,listed,listed,listed,unknown,listed,wordfreq:en,wordfreq_seeded;deterministically_filtered;structurally_curated
en,v1,3,2066,2095,minimum,minimum,minimum,unknown,minimum,wordfreq:en,wordfreq_seeded;deterministically_filtered;structurally_curated
en,v1,3,2067,2096,native,native,native,unknown,native,wordfreq:en,wordfreq_seeded;deterministically_filtered;structurally_curated
en,v1,3,2068,2097,noted,noted,noted,unknown,noted,wordfreq:en,wordfreq_seeded;deterministically_filtered;structurally_curated
en,v1,3,2069,2098,originally,originally,originally,unknown,originally,wordfreq:en,wordfreq_seeded;deterministically_filtered;structurally_curated
en,v1,3,2070,2099,planned,planned,planned,unknown,planned,wordfreq:en,wordfreq_seeded;deterministically_filtered;structurally_curated
en,v1,3,2071,2100,pm,pm,pm,unknown,pm,wordfreq:en,wordfreq_seeded;deterministically_filtered;structurally_curated
en,v1,3,2072,2101,ray,ray,ray,unknown,ray,wordfreq:en,wordfreq_seeded;deterministically_filtered;structurally_curated
en,v1,3,2073,2102,sets,sets,sets,unknown,sets,wordfreq:en,wordfreq_seeded;deterministically_filtered;structurally_curated
en,v1,3,2074,2103,suddenly,suddenly,suddenly,unknown,suddenly,wordfreq:en,wordfreq_seeded;deterministically_filtered;structurally_curated
en,v1,3,2075,2104,supreme,supreme,supreme,unknown,supreme,wordfreq:en,wordfreq_seeded;deterministically_filtered;structurally_curated
en,v1,3,2076,2105,survey,survey,survey,unknown,survey,wordfreq:en,wordfreq_seeded;deterministically_filtered;structurally_curated
en,v1,3,2077,2106,tech,tech,tech,unknown,tech,wordfreq:en,wordfreq_seeded;deterministically_filtered;structurally_curated
en,v1,3,2078,2107,trees,trees,trees,unknown,trees,wordfreq:en,wordfreq_seeded;deterministically_filtered;structurally_curated
en,v1,3,2079,2108,update,update,update,unknown,update,wordfreq:en,wordfreq_seeded;deterministically_filtered;structurally_curated
en,v1,3,2080,2109,user,user,user,unknown,user,wordfreq:en,wordfreq_seeded;deterministically_filtered;structurally_curated
en,v1,3,2081,2110,writer,writer,writer,unknown,writer,wordfreq:en,wordfreq_seeded;deterministically_filtered;structurally_curated
en,v1,3,2082,2111,yellow,yellow,yellow,unknown,yellow,wordfreq:en,wordfreq_seeded;deterministically_filtered;structurally_curated
en,v1,3,2083,2112,younger,younger,younger,unknown,younger,wordfreq:en,wordfreq_seeded;deterministically_filtered;structurally_curated
en,v1,3,2084,2113,ancient,ancient,ancient,unknown,ancient,wordfreq:en,wordfreq_seeded;deterministically_filtered;structurally_curated
en,v1,3,2085,2114,attacks,attacks,attacks,unknown,attacks,wordfreq:en,wordfreq_seeded;deterministically_filtered;structurally_curated
en,v1,3,2086,2115,charges,charges,charges,unknown,charges,wordfreq:en,wordfreq_seeded;deterministically_filtered;structurally_curated
en,v1,3,2087,2116,combined,combined,combined,unknown,combined,wordfreq:en,wordfreq_seeded;deterministically_filtered;structurally_curated
en,v1,3,2088,2117,communication,communication,communication,unknown,communication,wordfreq:en,wordfreq_seeded;deterministically_filtered;structurally_curated
en,v1,3,2089,2118,connected,connected,connected,unknown,connected,wordfreq:en,wordfreq_seeded;deterministically_filtered;structurally_curated
en,v1,3,2090,2119,contains,contains,contains,unknown,contains,wordfreq:en,wordfreq_seeded;deterministically_filtered;structurally_curated
en,v1,3,2091,2120,download,download,download,unknown,download,wordfreq:en,wordfreq_seeded;deterministically_filtered;structurally_curated
en,v1,3,2092,2121,email,email,email,unknown,email,wordfreq:en,wordfreq_seeded;deterministically_filtered;structurally_curated
en,v1,3,2093,2122,ending,ending,ending,unknown,ending,wordfreq:en,wordfreq_seeded;deterministically_filtered;structurally_curated
en,v1,3,2094,2123,exercise,exercise,exercise,unknown,exercise,wordfreq:en,wordfreq_seeded;deterministically_filtered;structurally_curated
en,v1,3,2095,2124,express,express,express,unknown,express,wordfreq:en,wordfreq_seeded;deterministically_filtered;structurally_curated
en,v1,3,2096,2125,flow,flow,flow,unknown,flow,wordfreq:en,wordfreq_seeded;deterministically_filtered;structurally_curated
en,v1,3,2097,2126,formed,formed,formed,unknown,formed,wordfreq:en,wordfreq_seeded;deterministically_filtered;structurally_curated
en,v1,3,2098,2127,girlfriend,girlfriend,girlfriend,unknown,girlfriend,wordfreq:en,wordfreq_seeded;deterministically_filtered;structurally_curated
en,v1,3,2099,2128,hero,hero,hero,unknown,hero,wordfreq:en,wordfreq_seeded;deterministically_filtered;structurally_curated
en,v1,3,2100,2129,illegal,illegal,illegal,unknown,illegal,wordfreq:en,wordfreq_seeded;deterministically_filtered;structurally_curated
en,v1,3,2101,2130,increasing,increasing,increasing,unknown,increasing,wordfreq:en,wordfreq_seeded;deterministically_filtered;structurally_curated
en,v1,3,2102,2131,joke,joke,joke,unknown,joke,wordfreq:en,wordfreq_seeded;deterministically_filtered;structurally_curated
en,v1,3,2103,2132,loan,loan,loan,unknown,loan,wordfreq:en,wordfreq_seeded;deterministically_filtered;structurally_curated
en,v1,3,2104,2133,methods,methods,methods,unknown,methods,wordfreq:en,wordfreq_seeded;deterministically_filtered;structurally_curated
en,v1,3,2105,2134,officials,officials,officials,unknown,officials,wordfreq:en,wordfreq_seeded;deterministically_filtered;structurally_curated
en,v1,3,2106,2135,people's,people's,people's,unknown,people's,wordfreq:en,wordfreq_seeded;deterministically_filtered;structurally_curated
en,v1,3,2107,2136,performed,performed,performed,unknown,performed,wordfreq:en,wordfreq_seeded;deterministically_filtered;structurally_curated
en,v1,3,2108,2137,planet,planet,planet,unknown,planet,wordfreq:en,wordfreq_seeded;deterministically_filtered;structurally_curated
en,v1,3,2109,2138,relationships,relationships,relationships,unknown,relationships,wordfreq:en,wordfreq_seeded;deterministically_filtered;structurally_curated
en,v1,3,2110,2139,restaurant,restaurant,restaurant,unknown,restaurant,wordfreq:en,wordfreq_seeded;deterministically_filtered;structurally_curated
en,v1,3,2111,2140,scotland,scotland,scotland,unknown,scotland,wordfreq:en,wordfreq_seeded;deterministically_filtered;structurally_curated
en,v1,3,2112,2141,selected,selected,selected,unknown,selected,wordfreq:en,wordfreq_seeded;deterministically_filtered;structurally_curated
en,v1,3,2113,2142,shared,shared,shared,unknown,shared,wordfreq:en,wordfreq_seeded;deterministically_filtered;structurally_curated
en,v1,3,2114,2143,shopping,shopping,shopping,unknown,shopping,wordfreq:en,wordfreq_seeded;deterministically_filtered;structurally_curated
en,v1,3,2115,2144,soft,soft,soft,unknown,soft,wordfreq:en,wordfreq_seeded;deterministically_filtered;structurally_curated
en,v1,3,2116,2145,stuck,stuck,stuck,unknown,stuck,wordfreq:en,wordfreq_seeded;deterministically_filtered;structurally_curated
en,v1,3,2117,2146,sugar,sugar,sugar,unknown,sugar,wordfreq:en,wordfreq_seeded;deterministically_filtered;structurally_curated
en,v1,3,2118,2147,suggested,suggested,suggested,unknown,suggested,wordfreq:en,wordfreq_seeded;deterministically_filtered;structurally_curated
en,v1,3,2119,2148,supported,supported,supported,unknown,supported,wordfreq:en,wordfreq_seeded;deterministically_filtered;structurally_curated
en,v1,3,2120,2149,surprised,surprised,surprised,unknown,surprised,wordfreq:en,wordfreq_seeded;deterministically_filtered;structurally_curated
en,v1,3,2121,2150,taught,taught,taught,unknown,taught,wordfreq:en,wordfreq_seeded;deterministically_filtered;structurally_curated
en,v1,3,2122,2151,transport,transport,transport,unknown,transport,wordfreq:en,wordfreq_seeded;deterministically_filtered;structurally_curated
en,v1,3,2123,2152,weren't,weren't,weren't,unknown,weren't,wordfreq:en,wordfreq_seeded;deterministically_filtered;structurally_curated
en,v1,3,2124,2153,accepted,accepted,accepted,unknown,accepted,wordfreq:en,wordfreq_seeded;deterministically_filtered;structurally_curated
en,v1,3,2125,2154,adding,adding,adding,unknown,adding,wordfreq:en,wordfreq_seeded;deterministically_filtered;structurally_curated
en,v1,3,2126,2155,affairs,affairs,affairs,unknown,affairs,wordfreq:en,wordfreq_seeded;deterministically_filtered;structurally_curated
en,v1,3,2127,2156,allows,allows,allows,unknown,allows,wordfreq:en,wordfreq_seeded;deterministically_filtered;structurally_curated
en,v1,3,2128,2157,appeal,appeal,appeal,unknown,appeal,wordfreq:en,wordfreq_seeded;deterministically_filtered;structurally_curated
en,v1,3,2129,2158,applied,applied,applied,unknown,applied,wordfreq:en,wordfreq_seeded;deterministically_filtered;structurally_curated
en,v1,3,2130,2159,appropriate,appropriate,appropriate,unknown,appropriate,wordfreq:en,wordfreq_seeded;deterministically_filtered;structurally_curated
en,v1,3,2131,2160,artists,artists,artists,unknown,artists,wordfreq:en,wordfreq_seeded;deterministically_filtered;structurally_curated
en,v1,3,2132,2161,boston,boston,boston,unknown,boston,wordfreq:en,wordfreq_seeded;deterministically_filtered;structurally_curated
en,v1,3,2133,2162,ca,ca,ca,unknown,ca,wordfreq:en,wordfreq_seeded;deterministically_filtered;structurally_curated
en,v1,3,2134,2163,confirmed,confirmed,confirmed,unknown,confirmed,wordfreq:en,wordfreq_seeded;deterministically_filtered;structurally_curated
en,v1,3,2135,2164,device,device,device,unknown,device,wordfreq:en,wordfreq_seeded;deterministically_filtered;structurally_curated
en,v1,3,2136,2165,drama,drama,drama,unknown,drama,wordfreq:en,wordfreq_seeded;deterministically_filtered;structurally_curated
en,v1,3,2137,2166,entry,entry,entry,unknown,entry,wordfreq:en,wordfreq_seeded;deterministically_filtered;structurally_curated
en,v1,3,2138,2167,era,era,era,unknown,era,wordfreq:en,wordfreq_seeded;deterministically_filtered;structurally_curated
en,v1,3,2139,2168,factor,factor,factor,unknown,factor,wordfreq:en,wordfreq_seeded;deterministically_filtered;structurally_curated
en,v1,3,2140,2169,feed,feed,feed,unknown,feed,wordfreq:en,wordfreq_seeded;deterministically_filtered;structurally_curated
en,v1,3,2141,2170,golden,golden,golden,unknown,golden,wordfreq:en,wordfreq_seeded;deterministically_filtered;structurally_curated
en,v1,3,2142,2171,grant,grant,grant,unknown,grant,wordfreq:en,wordfreq_seeded;deterministically_filtered;structurally_curated
en,v1,3,2143,2172,grown,grown,grown,unknown,grown,wordfreq:en,wordfreq_seeded;deterministically_filtered;structurally_curated
en,v1,3,2144,2173,heads,heads,heads,unknown,heads,wordfreq:en,wordfreq_seeded;deterministically_filtered;structurally_curated
en,v1,3,2145,2174,hoping,hoping,hoping,unknown,hoping,wordfreq:en,wordfreq_seeded;deterministically_filtered;structurally_curated
en,v1,3,2146,2175,keeps,keeps,keeps,unknown,keeps,wordfreq:en,wordfreq_seeded;deterministically_filtered;structurally_curated
en,v1,3,2147,2176,lawyer,lawyer,lawyer,unknown,lawyer,wordfreq:en,wordfreq_seeded;deterministically_filtered;structurally_curated
en,v1,3,2148,2177,legs,legs,legs,unknown,legs,wordfreq:en,wordfreq_seeded;deterministically_filtered;structurally_curated
en,v1,3,2149,2178,lying,lying,lying,unknown,lying,wordfreq:en,wordfreq_seeded;deterministically_filtered;structurally_curated
en,v1,3,2150,2179,measures,measures,measures,unknown,measures,wordfreq:en,wordfreq_seeded;deterministically_filtered;structurally_curated
en,v1,3,2151,2180,mistake,mistake,mistake,unknown,mistake,wordfreq:en,wordfreq_seeded;deterministically_filtered;structurally_curated
en,v1,3,2152,2181,ms,ms,ms,unknown,ms,wordfreq:en,wordfreq_seeded;deterministically_filtered;structurally_curated
en,v1,3,2153,2182,muslim,muslim,muslim,unknown,muslim,wordfreq:en,wordfreq_seeded;deterministically_filtered;structurally_curated
en,v1,3,2154,2183,organizations,organizations,organizations,unknown,organizations,wordfreq:en,wordfreq_seeded;deterministically_filtered;structurally_curated
en,v1,3,2155,2184,platform,platform,platform,unknown,platform,wordfreq:en,wordfreq_seeded;deterministically_filtered;structurally_curated
en,v1,3,2156,2185,pool,pool,pool,unknown,pool,wordfreq:en,wordfreq_seeded;deterministically_filtered;structurally_curated
en,v1,3,2157,2186,pulled,pulled,pulled,unknown,pulled,wordfreq:en,wordfreq_seeded;deterministically_filtered;structurally_curated
en,v1,3,2158,2187,regarding,regarding,regarding,unknown,regarding,wordfreq:en,wordfreq_seeded;deterministically_filtered;structurally_curated
en,v1,3,2159,2188,relations,relations,relations,unknown,relations,wordfreq:en,wordfreq_seeded;deterministically_filtered;structurally_curated
en,v1,3,2160,2189,requires,requires,requires,unknown,requires,wordfreq:en,wordfreq_seeded;deterministically_filtered;structurally_curated
en,v1,3,2161,2190,route,route,route,unknown,route,wordfreq:en,wordfreq_seeded;deterministically_filtered;structurally_curated
en,v1,3,2162,2191,saved,saved,saved,unknown,saved,wordfreq:en,wordfreq_seeded;deterministically_filtered;structurally_curated
en,v1,3,2163,2192,schedule,schedule,schedule,unknown,schedule,wordfreq:en,wordfreq_seeded;deterministically_filtered;structurally_curated
en,v1,3,2164,2193,scientific,scientific,scientific,unknown,scientific,wordfreq:en,wordfreq_seeded;deterministically_filtered;structurally_curated
en,v1,3,2165,2194,shoes,shoes,shoes,unknown,shoes,wordfreq:en,wordfreq_seeded;deterministically_filtered;structurally_curated
en,v1,3,2166,2195,smoke,smoke,smoke,unknown,smoke,wordfreq:en,wordfreq_seeded;deterministically_filtered;structurally_curated
en,v1,3,2167,2196,squad,squad,squad,unknown,squad,wordfreq:en,wordfreq_seeded;deterministically_filtered;structurally_curated
en,v1,3,2168,2197,teach,teach,teach,unknown,teach,wordfreq:en,wordfreq_seeded;deterministically_filtered;structurally_curated
en,v1,3,2169,2198,testing,testing,testing,unknown,testing,wordfreq:en,wordfreq_seeded;deterministically_filtered;structurally_curated
en,v1,3,2170,2199,tests,tests,tests,unknown,tests,wordfreq:en,wordfreq_seeded;deterministically_filtered;structurally_curated
en,v1,3,2171,2200,values,values,values,unknown,values,wordfreq:en,wordfreq_seeded;deterministically_filtered;structurally_curated
en,v1,3,2172,2201,walked,walked,walked,unknown,walked,wordfreq:en,wordfreq_seeded;deterministically_filtered;structurally_curated
en,v1,3,2173,2202,williams,williams,williams,unknown,williams,wordfreq:en,wordfreq_seeded;deterministically_filtered;structurally_curated
en,v1,3,2174,2203,ya,ya,ya,unknown,ya,wordfreq:en,wordfreq_seeded;deterministically_filtered;structurally_curated
en,v1,3,2175,2204,abuse,abuse,abuse,unknown,abuse,wordfreq:en,wordfreq_seeded;deterministically_filtered;structurally_curated
en,v1,3,2176,2205,angry,angry,angry,unknown,angry,wordfreq:en,wordfreq_seeded;deterministically_filtered;structurally_curated
en,v1,3,2177,2206,businesses,businesses,businesses,unknown,businesses,wordfreq:en,wordfreq_seeded;deterministically_filtered;structurally_curated
en,v1,3,2178,2207,candidate,candidate,candidate,unknown,candidate,wordfreq:en,wordfreq_seeded;deterministically_filtered;structurally_curated
en,v1,3,2179,2208,comfortable,comfortable,comfortable,unknown,comfortable,wordfreq:en,wordfreq_seeded;deterministically_filtered;structurally_curated
en,v1,3,2180,2209,concern,concern,concern,unknown,concern,wordfreq:en,wordfreq_seeded;deterministically_filtered;structurally_curated
en,v1,3,2181,2210,developing,developing,developing,unknown,developing,wordfreq:en,wordfreq_seeded;deterministically_filtered;structurally_curated
en,v1,3,2182,2211,discuss,discuss,discuss,unknown,discuss,wordfreq:en,wordfreq_seeded;deterministically_filtered;structurally_curated
en,v1,3,2183,2212,elections,elections,elections,unknown,elections,wordfreq:en,wordfreq_seeded;deterministically_filtered;structurally_curated
en,v1,3,2184,2213,emotional,emotional,emotional,unknown,emotional,wordfreq:en,wordfreq_seeded;deterministically_filtered;structurally_curated
en,v1,3,2185,2214,et,et,et,unknown,et,wordfreq:en,wordfreq_seeded;deterministically_filtered;structurally_curated
en,v1,3,2186,2215,everywhere,everywhere,everywhere,unknown,everywhere,wordfreq:en,wordfreq_seeded;deterministically_filtered;structurally_curated
en,v1,3,2187,2216,facilities,facilities,facilities,unknown,facilities,wordfreq:en,wordfreq_seeded;deterministically_filtered;structurally_curated
en,v1,3,2188,2217,falling,falling,falling,unknown,falling,wordfreq:en,wordfreq_seeded;deterministically_filtered;structurally_curated
en,v1,3,2189,2218,fox,fox,fox,unknown,fox,wordfreq:en,wordfreq_seeded;deterministically_filtered;structurally_curated
en,v1,3,2190,2219,guns,guns,guns,unknown,guns,wordfreq:en,wordfreq_seeded;deterministically_filtered;structurally_curated
en,v1,3,2191,2220,hole,hole,hole,unknown,hole,wordfreq:en,wordfreq_seeded;deterministically_filtered;structurally_curated
en,v1,3,2192,2221,holiday,holiday,holiday,unknown,holiday,wordfreq:en,wordfreq_seeded;deterministically_filtered;structurally_curated
en,v1,3,2193,2222,interests,interests,interests,unknown,interests,wordfreq:en,wordfreq_seeded;deterministically_filtered;structurally_curated
en,v1,3,2194,2223,internal,internal,internal,unknown,internal,wordfreq:en,wordfreq_seeded;deterministically_filtered;structurally_curated
en,v1,3,2195,2224,ireland,ireland,ireland,unknown,ireland,wordfreq:en,wordfreq_seeded;deterministically_filtered;structurally_curated
en,v1,3,2196,2225,italian,italian,italian,unknown,italian,wordfreq:en,wordfreq_seeded;deterministically_filtered;structurally_curated
en,v1,3,2197,2226,italy,italy,italy,unknown,italy,wordfreq:en,wordfreq_seeded;deterministically_filtered;structurally_curated
en,v1,3,2198,2227,jersey,jersey,jersey,unknown,jersey,wordfreq:en,wordfreq_seeded;deterministically_filtered;structurally_curated
en,v1,3,2199,2228,laugh,laugh,laugh,unknown,laugh,wordfreq:en,wordfreq_seeded;deterministically_filtered;structurally_curated
en,v1,3,2200,2229,leg,leg,leg,unknown,leg,wordfreq:en,wordfreq_seeded;deterministically_filtered;structurally_curated
en,v1,3,2201,2230,letters,letters,letters,unknown,letters,wordfreq:en,wordfreq_seeded;deterministically_filtered;structurally_curated
en,v1,3,2202,2231,liberal,liberal,liberal,unknown,liberal,wordfreq:en,wordfreq_seeded;deterministically_filtered;structurally_curated
en,v1,3,2203,2232,listening,listening,listening,unknown,listening,wordfreq:en,wordfreq_seeded;deterministically_filtered;structurally_curated
en,v1,3,2204,2233,ll,ll,ll,unknown,ll,wordfreq:en,wordfreq_seeded;deterministically_filtered;structurally_curated
en,v1,3,2205,2234,loves,loves,loves,unknown,loves,wordfreq:en,wordfreq_seeded;deterministically_filtered;structurally_curated
en,v1,3,2206,2235,lunch,lunch,lunch,unknown,lunch,wordfreq:en,wordfreq_seeded;deterministically_filtered;structurally_curated
en,v1,3,2207,2236,max,max,max,unknown,max,wordfreq:en,wordfreq_seeded;deterministically_filtered;structurally_curated
en,v1,3,2208,2237,milk,milk,milk,unknown,milk,wordfreq:en,wordfreq_seeded;deterministically_filtered;structurally_curated
en,v1,3,2209,2238,pack,pack,pack,unknown,pack,wordfreq:en,wordfreq_seeded;deterministically_filtered;structurally_curated
en,v1,3,2210,2239,payment,payment,payment,unknown,payment,wordfreq:en,wordfreq_seeded;deterministically_filtered;structurally_curated
en,v1,3,2211,2240,perform,perform,perform,unknown,perform,wordfreq:en,wordfreq_seeded;deterministically_filtered;structurally_curated
en,v1,3,2212,2241,recorded,recorded,recorded,unknown,recorded,wordfreq:en,wordfreq_seeded;deterministically_filtered;structurally_curated
en,v1,3,2213,2242,relatively,relatively,relatively,unknown,relatively,wordfreq:en,wordfreq_seeded;deterministically_filtered;structurally_curated
en,v1,3,2214,2243,sector,sector,sector,unknown,sector,wordfreq:en,wordfreq_seeded;deterministically_filtered;structurally_curated
en,v1,3,2215,2244,sharing,sharing,sharing,unknown,sharing,wordfreq:en,wordfreq_seeded;deterministically_filtered;structurally_curated
en,v1,3,2216,2245,snow,snow,snow,unknown,snow,wordfreq:en,wordfreq_seeded;deterministically_filtered;structurally_curated
en,v1,3,2217,2246,storm,storm,storm,unknown,storm,wordfreq:en,wordfreq_seeded;deterministically_filtered;structurally_curated
en,v1,3,2218,2247,streets,streets,streets,unknown,streets,wordfreq:en,wordfreq_seeded;deterministically_filtered;structurally_curated
en,v1,3,2219,2248,strike,strike,strike,unknown,strike,wordfreq:en,wordfreq_seeded;deterministically_filtered;structurally_curated
en,v1,3,2220,2249,studio,studio,studio,unknown,studio,wordfreq:en,wordfreq_seeded;deterministically_filtered;structurally_curated
en,v1,3,2221,2250,sub,sub,sub,unknown,sub,wordfreq:en,wordfreq_seeded;deterministically_filtered;structurally_curated
en,v1,3,2222,2251,weak,weak,weak,unknown,weak,wordfreq:en,wordfreq_seeded;deterministically_filtered;structurally_curated
en,v1,3,2223,2252,youtube,youtube,youtube,unknown,youtube,wordfreq:en,wordfreq_seeded;deterministically_filtered;structurally_curated
en,v1,3,2224,2254,actor,actor,actor,unknown,actor,wordfreq:en,wordfreq_seeded;deterministically_filtered;structurally_curated
en,v1,3,2225,2255,advance,advance,advance,unknown,advance,wordfreq:en,wordfreq_seeded;deterministically_filtered;structurally_curated
en,v1,3,2226,2256,apartment,apartment,apartment,unknown,apartment,wordfreq:en,wordfreq_seeded;deterministically_filtered;structurally_curated
en,v1,3,2227,2257,asia,asia,asia,unknown,asia,wordfreq:en,wordfreq_seeded;deterministically_filtered;structurally_curated
en,v1,3,2228,2258,chain,chain,chain,unknown,chain,wordfreq:en,wordfreq_seeded;deterministically_filtered;structurally_curated
en,v1,3,2229,2259,chapter,chapter,chapter,unknown,chapter,wordfreq:en,wordfreq_seeded;deterministically_filtered;structurally_curated
en,v1,3,2230,2260,committed,committed,committed,unknown,committed,wordfreq:en,wordfreq_seeded;deterministically_filtered;structurally_curated
en,v1,3,2231,2261,confidence,confidence,confidence,unknown,confidence,wordfreq:en,wordfreq_seeded;deterministically_filtered;structurally_curated
en,v1,3,2232,2262,cook,cook,cook,unknown,cook,wordfreq:en,wordfreq_seeded;deterministically_filtered;structurally_curated
en,v1,3,2233,2263,cute,cute,cute,unknown,cute,wordfreq:en,wordfreq_seeded;deterministically_filtered;structurally_curated
en,v1,3,2234,2264,equal,equal,equal,unknown,equal,wordfreq:en,wordfreq_seeded;deterministically_filtered;structurally_curated
en,v1,3,2235,2265,fake,fake,fake,unknown,fake,wordfreq:en,wordfreq_seeded;deterministically_filtered;structurally_curated
en,v1,3,2236,2266,finance,finance,finance,unknown,finance,wordfreq:en,wordfreq_seeded;deterministically_filtered;structurally_curated
en,v1,3,2237,2267,focused,focused,focused,unknown,focused,wordfreq:en,wordfreq_seeded;deterministically_filtered;structurally_curated
en,v1,3,2238,2268,hits,hits,hits,unknown,hits,wordfreq:en,wordfreq_seeded;deterministically_filtered;structurally_curated
en,v1,3,2239,2269,identity,identity,identity,unknown,identity,wordfreq:en,wordfreq_seeded;deterministically_filtered;structurally_curated
en,v1,3,2240,2270,journey,journey,journey,unknown,journey,wordfreq:en,wordfreq_seeded;deterministically_filtered;structurally_curated
en,v1,3,2241,2271,kitchen,kitchen,kitchen,unknown,kitchen,wordfreq:en,wordfreq_seeded;deterministically_filtered;structurally_curated
en,v1,3,2242,2272,korea,korea,korea,unknown,korea,wordfreq:en,wordfreq_seeded;deterministically_filtered;structurally_curated
en,v1,3,2243,2273,leads,leads,leads,unknown,leads,wordfreq:en,wordfreq_seeded;deterministically_filtered;structurally_curated
en,v1,3,2244,2274,maintain,maintain,maintain,unknown,maintain,wordfreq:en,wordfreq_seeded;deterministically_filtered;structurally_curated
en,v1,3,2245,2275,measure,measure,measure,unknown,measure,wordfreq:en,wordfreq_seeded;deterministically_filtered;structurally_curated
en,v1,3,2246,2276,mm,mm,mm,unknown,mm,wordfreq:en,wordfreq_seeded;deterministically_filtered;structurally_curated
en,v1,3,2247,2277,numerous,numerous,numerous,unknown,numerous,wordfreq:en,wordfreq_seeded;deterministically_filtered;structurally_curated
en,v1,3,2248,2278,owners,owners,owners,unknown,owners,wordfreq:en,wordfreq_seeded;deterministically_filtered;structurally_curated
en,v1,3,2249,2279,posts,posts,posts,unknown,posts,wordfreq:en,wordfreq_seeded;deterministically_filtered;structurally_curated
en,v1,3,2250,2280,properties,properties,properties,unknown,properties,wordfreq:en,wordfreq_seeded;deterministically_filtered;structurally_curated
en,v1,3,2251,2281,quiet,quiet,quiet,unknown,quiet,wordfreq:en,wordfreq_seeded;deterministically_filtered;structurally_curated
en,v1,3,2252,2282,revealed,revealed,revealed,unknown,revealed,wordfreq:en,wordfreq_seeded;deterministically_filtered;structurally_curated
en,v1,3,2253,2283,specifically,specifically,specifically,unknown,specifically,wordfreq:en,wordfreq_seeded;deterministically_filtered;structurally_curated
en,v1,3,2254,2284,split,split,split,unknown,split,wordfreq:en,wordfreq_seeded;deterministically_filtered;structurally_curated
en,v1,3,2255,2285,task,task,task,unknown,task,wordfreq:en,wordfreq_seeded;deterministically_filtered;structurally_curated
en,v1,3,2256,2286,taxes,taxes,taxes,unknown,taxes,wordfreq:en,wordfreq_seeded;deterministically_filtered;structurally_curated
en,v1,3,2257,2287,taylor,taylor,taylor,unknown,taylor,wordfreq:en,wordfreq_seeded;deterministically_filtered;structurally_curated
en,v1,3,2258,2288,twenty,twenty,twenty,unknown,twenty,wordfreq:en,wordfreq_seeded;deterministically_filtered;structurally_curated
en,v1,3,2259,2289,urban,urban,urban,unknown,urban,wordfreq:en,wordfreq_seeded;deterministically_filtered;structurally_curated
en,v1,3,2260,2290,acts,acts,acts,unknown,acts,wordfreq:en,wordfreq_seeded;deterministically_filtered;structurally_curated
en,v1,3,2261,2291,affected,affected,affected,unknown,affected,wordfreq:en,wordfreq_seeded;deterministically_filtered;structurally_curated
en,v1,3,2262,2292,aircraft,aircraft,aircraft,unknown,aircraft,wordfreq:en,wordfreq_seeded;deterministically_filtered;structurally_curated
en,v1,3,2263,2293,applications,applications,applications,unknown,applications,wordfreq:en,wordfreq_seeded;deterministically_filtered;structurally_curated
en,v1,3,2264,2294,approved,approved,approved,unknown,approved,wordfreq:en,wordfreq_seeded;deterministically_filtered;structurally_curated
en,v1,3,2265,2295,approximately,approximately,approximately,unknown,approximately,wordfreq:en,wordfreq_seeded;deterministically_filtered;structurally_curated
en,v1,3,2266,2296,argument,argument,argument,unknown,argument,wordfreq:en,wordfreq_seeded;deterministically_filtered;structurally_curated
en,v1,3,2267,2297,arrested,arrested,arrested,unknown,arrested,wordfreq:en,wordfreq_seeded;deterministically_filtered;structurally_curated
en,v1,3,2268,2298,claimed,claimed,claimed,unknown,claimed,wordfreq:en,wordfreq_seeded;deterministically_filtered;structurally_curated
en,v1,3,2269,2299,conflict,conflict,conflict,unknown,conflict,wordfreq:en,wordfreq_seeded;deterministically_filtered;structurally_curated
en,v1,3,2270,2300,considering,considering,considering,unknown,considering,wordfreq:en,wordfreq_seeded;deterministically_filtered;structurally_curated
en,v1,3,2271,2301,corporate,corporate,corporate,unknown,corporate,wordfreq:en,wordfreq_seeded;deterministically_filtered;structurally_curated
en,v1,3,2272,2302,debate,debate,debate,unknown,debate,wordfreq:en,wordfreq_seeded;deterministically_filtered;structurally_curated
en,v1,3,2273,2303,determined,determined,determined,unknown,determined,wordfreq:en,wordfreq_seeded;deterministically_filtered;structurally_curated
en,v1,3,2274,2304,distribution,distribution,distribution,unknown,distribution,wordfreq:en,wordfreq_seeded;deterministically_filtered;structurally_curated
en,v1,3,2275,2305,documents,documents,documents,unknown,documents,wordfreq:en,wordfreq_seeded;deterministically_filtered;structurally_curated
en,v1,3,2276,2306,escape,escape,escape,unknown,escape,wordfreq:en,wordfreq_seeded;deterministically_filtered;structurally_curated
en,v1,3,2277,2307,extended,extended,extended,unknown,extended,wordfreq:en,wordfreq_seeded;deterministically_filtered;structurally_curated
en,v1,3,2278,2308,factors,factors,factors,unknown,factors,wordfreq:en,wordfreq_seeded;deterministically_filtered;structurally_curated
en,v1,3,2279,2309,faster,faster,faster,unknown,faster,wordfreq:en,wordfreq_seeded;deterministically_filtered;structurally_curated
en,v1,3,2280,2310,fault,fault,fault,unknown,fault,wordfreq:en,wordfreq_seeded;deterministically_filtered;structurally_curated
en,v1,3,2281,2311,fill,fill,fill,unknown,fill,wordfreq:en,wordfreq_seeded;deterministically_filtered;structurally_curated
en,v1,3,2282,2312,films,films,films,unknown,films,wordfreq:en,wordfreq_seeded;deterministically_filtered;structurally_curated
en,v1,3,2283,2313,flowers,flowers,flowers,unknown,flowers,wordfreq:en,wordfreq_seeded;deterministically_filtered;structurally_curated
en,v1,3,2284,2314,friendly,friendly,friendly,unknown,friendly,wordfreq:en,wordfreq_seeded;deterministically_filtered;structurally_curated
en,v1,3,2285,2315,ladies,ladies,ladies,unknown,ladies,wordfreq:en,wordfreq_seeded;deterministically_filtered;structurally_curated
en,v1,3,2286,2316,lay,lay,lay,unknown,lay,wordfreq:en,wordfreq_seeded;deterministically_filtered;structurally_curated
en,v1,3,2287,2317,lights,lights,lights,unknown,lights,wordfreq:en,wordfreq_seeded;deterministically_filtered;structurally_curated
en,v1,3,2288,2318,millions,millions,millions,unknown,millions,wordfreq:en,wordfreq_seeded;deterministically_filtered;structurally_curated
en,v1,3,2289,2319,mixed,mixed,mixed,unknown,mixed,wordfreq:en,wordfreq_seeded;deterministically_filtered;structurally_curated
en,v1,3,2290,2320,phase,phase,phase,unknown,phase,wordfreq:en,wordfreq_seeded;deterministically_filtered;structurally_curated
en,v1,3,2291,2321,properly,properly,properly,unknown,properly,wordfreq:en,wordfreq_seeded;deterministically_filtered;structurally_curated
en,v1,3,2292,2322,pure,pure,pure,unknown,pure,wordfreq:en,wordfreq_seeded;deterministically_filtered;structurally_curated
en,v1,3,2293,2323,reduced,reduced,reduced,unknown,reduced,wordfreq:en,wordfreq_seeded;deterministically_filtered;structurally_curated
en,v1,3,2294,2324,requirements,requirements,requirements,unknown,requirements,wordfreq:en,wordfreq_seeded;deterministically_filtered;structurally_curated
en,v1,3,2295,2325,residents,residents,residents,unknown,residents,wordfreq:en,wordfreq_seeded;deterministically_filtered;structurally_curated
en,v1,3,2296,2326,revenue,revenue,revenue,unknown,revenue,wordfreq:en,wordfreq_seeded;deterministically_filtered;structurally_curated
en,v1,3,2297,2327,sam,sam,sam,unknown,sam,wordfreq:en,wordfreq_seeded;deterministically_filtered;structurally_curated
en,v1,3,2298,2328,sat,sat,sat,unknown,sat,wordfreq:en,wordfreq_seeded;deterministically_filtered;structurally_curated
en,v1,3,2299,2329,secure,secure,secure,unknown,secure,wordfreq:en,wordfreq_seeded;deterministically_filtered;structurally_curated
en,v1,3,2300,2330,smile,smile,smile,unknown,smile,wordfreq:en,wordfreq_seeded;deterministically_filtered;structurally_curated
en,v1,3,2301,2331,strange,strange,strange,unknown,strange,wordfreq:en,wordfreq_seeded;deterministically_filtered;structurally_curated
en,v1,3,2302,2332,talent,talent,talent,unknown,talent,wordfreq:en,wordfreq_seeded;deterministically_filtered;structurally_curated
en,v1,3,2303,2333,temperature,temperature,temperature,unknown,temperature,wordfreq:en,wordfreq_seeded;deterministically_filtered;structurally_curated
en,v1,3,2304,2334,thousand,thousand,thousand,unknown,thousand,wordfreq:en,wordfreq_seeded;deterministically_filtered;structurally_curated
en,v1,3,2305,2335,tony,tony,tony,unknown,tony,wordfreq:en,wordfreq_seeded;deterministically_filtered;structurally_curated
en,v1,3,2306,2336,troops,troops,troops,unknown,troops,wordfreq:en,wordfreq_seeded;deterministically_filtered;structurally_curated
en,v1,3,2307,2337,truck,truck,truck,unknown,truck,wordfreq:en,wordfreq_seeded;deterministically_filtered;structurally_curated
en,v1,3,2308,2338,votes,votes,votes,unknown,votes,wordfreq:en,wordfreq_seeded;deterministically_filtered;structurally_curated
en,v1,3,2309,2339,ah,ah,ah,unknown,ah,wordfreq:en,wordfreq_seeded;deterministically_filtered;structurally_curated
en,v1,3,2310,2340,authorities,authorities,authorities,unknown,authorities,wordfreq:en,wordfreq_seeded;deterministically_filtered;structurally_curated
en,v1,3,2311,2341,basically,basically,basically,unknown,basically,wordfreq:en,wordfreq_seeded;deterministically_filtered;structurally_curated
en,v1,3,2312,2342,besides,besides,besides,unknown,besides,wordfreq:en,wordfreq_seeded;deterministically_filtered;structurally_curated
en,v1,3,2313,2343,bird,bird,bird,unknown,bird,wordfreq:en,wordfreq_seeded;deterministically_filtered;structurally_curated
en,v1,3,2314,2344,blame,blame,blame,unknown,blame,wordfreq:en,wordfreq_seeded;deterministically_filtered;structurally_curated
en,v1,3,2315,2345,bob,bob,bob,unknown,bob,wordfreq:en,wordfreq_seeded;deterministically_filtered;structurally_curated
en,v1,3,2316,2346,bowl,bowl,bowl,unknown,bowl,wordfreq:en,wordfreq_seeded;deterministically_filtered;structurally_curated
en,v1,3,2317,2347,causes,causes,causes,unknown,causes,wordfreq:en,wordfreq_seeded;deterministically_filtered;structurally_curated
en,v1,3,2318,2348,chicken,chicken,chicken,unknown,chicken,wordfreq:en,wordfreq_seeded;deterministically_filtered;structurally_curated
en,v1,3,2319,2349,collected,collected,collected,unknown,collected,wordfreq:en,wordfreq_seeded;deterministically_filtered;structurally_curated
en,v1,3,2320,2350,context,context,context,unknown,context,wordfreq:en,wordfreq_seeded;deterministically_filtered;structurally_curated
en,v1,3,2321,2351,coverage,coverage,coverage,unknown,coverage,wordfreq:en,wordfreq_seeded;deterministically_filtered;structurally_curated
en,v1,3,2322,2352,determine,determine,determine,unknown,determine,wordfreq:en,wordfreq_seeded;deterministically_filtered;structurally_curated
en,v1,3,2323,2353,display,display,display,unknown,display,wordfreq:en,wordfreq_seeded;deterministically_filtered;structurally_curated
en,v1,3,2324,2354,dying,dying,dying,unknown,dying,wordfreq:en,wordfreq_seeded;deterministically_filtered;structurally_curated
en,v1,3,2325,2355,elected,elected,elected,unknown,elected,wordfreq:en,wordfreq_seeded;deterministically_filtered;structurally_curated
en,v1,3,2326,2356,examples,examples,examples,unknown,examples,wordfreq:en,wordfreq_seeded;deterministically_filtered;structurally_curated
en,v1,3,2327,2357,experienced,experienced,experienced,unknown,experienced,wordfreq:en,wordfreq_seeded;deterministically_filtered;structurally_curated
en,v1,3,2328,2358,falls,falls,falls,unknown,falls,wordfreq:en,wordfreq_seeded;deterministically_filtered;structurally_curated
en,v1,3,2329,2359,false,false,false,unknown,false,wordfreq:en,wordfreq_seeded;deterministically_filtered;structurally_curated
en,v1,3,2330,2360,fired,fired,fired,unknown,fired,wordfreq:en,wordfreq_seeded;deterministically_filtered;structurally_curated
en,v1,3,2331,2361,forgot,forgot,forgot,unknown,forgot,wordfreq:en,wordfreq_seeded;deterministically_filtered;structurally_curated
en,v1,3,2332,2362,funding,funding,funding,unknown,funding,wordfreq:en,wordfreq_seeded;deterministically_filtered;structurally_curated
en,v1,3,2333,2363,identified,identified,identified,unknown,identified,wordfreq:en,wordfreq_seeded;deterministically_filtered;structurally_curated
en,v1,3,2334,2364,iii,iii,iii,unknown,iii,wordfreq:en,wordfreq_seeded;deterministically_filtered;structurally_curated
en,v1,3,2335,2365,incredible,incredible,incredible,unknown,incredible,wordfreq:en,wordfreq_seeded;deterministically_filtered;structurally_curated
en,v1,3,2336,2366,inspired,inspired,inspired,unknown,inspired,wordfreq:en,wordfreq_seeded;deterministically_filtered;structurally_curated
en,v1,3,2337,2367,launched,launched,launched,unknown,launched,wordfreq:en,wordfreq_seeded;deterministically_filtered;structurally_curated
en,v1,3,2338,2368,ma,ma,ma,unknown,ma,wordfreq:en,wordfreq_seeded;deterministically_filtered;structurally_curated
en,v1,3,2339,2369,meat,meat,meat,unknown,meat,wordfreq:en,wordfreq_seeded;deterministically_filtered;structurally_curated
en,v1,3,2340,2370,ministry,ministry,ministry,unknown,ministry,wordfreq:en,wordfreq_seeded;deterministically_filtered;structurally_curated
en,v1,3,2341,2371,mode,mode,mode,unknown,mode,wordfreq:en,wordfreq_seeded;deterministically_filtered;structurally_curated
en,v1,3,2342,2372,neck,neck,neck,unknown,neck,wordfreq:en,wordfreq_seeded;deterministically_filtered;structurally_curated
en,v1,3,2343,2373,noticed,noticed,noticed,unknown,noticed,wordfreq:en,wordfreq_seeded;deterministically_filtered;structurally_curated
en,v1,3,2344,2374,novel,novel,novel,unknown,novel,wordfreq:en,wordfreq_seeded;deterministically_filtered;structurally_curated
en,v1,3,2345,2375,obvious,obvious,obvious,unknown,obvious,wordfreq:en,wordfreq_seeded;deterministically_filtered;structurally_curated
en,v1,3,2346,2376,passing,passing,passing,unknown,passing,wordfreq:en,wordfreq_seeded;deterministically_filtered;structurally_curated
en,v1,3,2347,2377,positions,positions,positions,unknown,positions,wordfreq:en,wordfreq_seeded;deterministically_filtered;structurally_curated
en,v1,3,2348,2378,remaining,remaining,remaining,unknown,remaining,wordfreq:en,wordfreq_seeded;deterministically_filtered;structurally_curated
en,v1,3,2349,2379,scored,scored,scored,unknown,scored,wordfreq:en,wordfreq_seeded;deterministically_filtered;structurally_curated
en,v1,3,2350,2380,shirt,shirt,shirt,unknown,shirt,wordfreq:en,wordfreq_seeded;deterministically_filtered;structurally_curated
en,v1,3,2351,2381,shots,shots,shots,unknown,shots,wordfreq:en,wordfreq_seeded;deterministically_filtered;structurally_curated
en,v1,3,2352,2382,slowly,slowly,slowly,unknown,slowly,wordfreq:en,wordfreq_seeded;deterministically_filtered;structurally_curated
en,v1,3,2353,2383,stadium,stadium,stadium,unknown,stadium,wordfreq:en,wordfreq_seeded;deterministically_filtered;structurally_curated
en,v1,3,2354,2384,stores,stores,stores,unknown,stores,wordfreq:en,wordfreq_seeded;deterministically_filtered;structurally_curated
en,v1,3,2355,2385,surgery,surgery,surgery,unknown,surgery,wordfreq:en,wordfreq_seeded;deterministically_filtered;structurally_curated
en,v1,3,2356,2386,trading,trading,trading,unknown,trading,wordfreq:en,wordfreq_seeded;deterministically_filtered;structurally_curated
en,v1,3,2357,2387,tuesday,tuesday,tuesday,unknown,tuesday,wordfreq:en,wordfreq_seeded;deterministically_filtered;structurally_curated
en,v1,3,2358,2388,vision,vision,vision,unknown,vision,wordfreq:en,wordfreq_seeded;deterministically_filtered;structurally_curated
en,v1,3,2359,2389,whenever,whenever,whenever,unknown,whenever,wordfreq:en,wordfreq_seeded;deterministically_filtered;structurally_curated
en,v1,3,2360,2390,worried,worried,worried,unknown,worried,wordfreq:en,wordfreq_seeded;deterministically_filtered;structurally_curated
en,v1,3,2361,2391,zero,zero,zero,unknown,zero,wordfreq:en,wordfreq_seeded;deterministically_filtered;structurally_curated
en,v1,3,2362,2392,alex,alex,alex,unknown,alex,wordfreq:en,wordfreq_seeded;deterministically_filtered;structurally_curated
en,v1,3,2363,2393,allowing,allowing,allowing,unknown,allowing,wordfreq:en,wordfreq_seeded;deterministically_filtered;structurally_curated
en,v1,3,2364,2394,begins,begins,begins,unknown,begins,wordfreq:en,wordfreq_seeded;deterministically_filtered;structurally_curated
en,v1,3,2365,2395,champion,champion,champion,unknown,champion,wordfreq:en,wordfreq_seeded;deterministically_filtered;structurally_curated
en,v1,3,2366,2396,charged,charged,charged,unknown,charged,wordfreq:en,wordfreq_seeded;deterministically_filtered;structurally_curated
en,v1,3,2367,2397,cream,cream,cream,unknown,cream,wordfreq:en,wordfreq_seeded;deterministically_filtered;structurally_curated
en,v1,3,2368,2398,crisis,crisis,crisis,unknown,crisis,wordfreq:en,wordfreq_seeded;deterministically_filtered;structurally_curated
en,v1,3,2369,2399,daniel,daniel,daniel,unknown,daniel,wordfreq:en,wordfreq_seeded;deterministically_filtered;structurally_curated
en,v1,3,2370,2400,delivered,delivered,delivered,unknown,delivered,wordfreq:en,wordfreq_seeded;deterministically_filtered;structurally_curated
en,v1,3,2371,2401,editor,editor,editor,unknown,editor,wordfreq:en,wordfreq_seeded;deterministically_filtered;structurally_curated
en,v1,3,2372,2402,estimated,estimated,estimated,unknown,estimated,wordfreq:en,wordfreq_seeded;deterministically_filtered;structurally_curated
en,v1,3,2373,2403,eu,eu,eu,unknown,eu,wordfreq:en,wordfreq_seeded;deterministically_filtered;structurally_curated
en,v1,3,2374,2404,giant,giant,giant,unknown,giant,wordfreq:en,wordfreq_seeded;deterministically_filtered;structurally_curated
en,v1,3,2375,2405,iran,iran,iran,unknown,iran,wordfreq:en,wordfreq_seeded;deterministically_filtered;structurally_curated
en,v1,3,2376,2406,jail,jail,jail,unknown,jail,wordfreq:en,wordfreq_seeded;deterministically_filtered;structurally_curated
en,v1,3,2377,2407,jim,jim,jim,unknown,jim,wordfreq:en,wordfreq_seeded;deterministically_filtered;structurally_curated
en,v1,3,2378,2408,kingdom,kingdom,kingdom,unknown,kingdom,wordfreq:en,wordfreq_seeded;deterministically_filtered;structurally_curated
en,v1,3,2379,2409,literature,literature,literature,unknown,literature,wordfreq:en,wordfreq_seeded;deterministically_filtered;structurally_curated
en,v1,3,2380,2410,mayor,mayor,mayor,unknown,mayor,wordfreq:en,wordfreq_seeded;deterministically_filtered;structurally_curated
en,v1,3,2381,2411,minor,minor,minor,unknown,minor,wordfreq:en,wordfreq_seeded;deterministically_filtered;structurally_curated
en,v1,3,2382,2412,moments,moments,moments,unknown,moments,wordfreq:en,wordfreq_seeded;deterministically_filtered;structurally_curated
en,v1,3,2383,2413,opposite,opposite,opposite,unknown,opposite,wordfreq:en,wordfreq_seeded;deterministically_filtered;structurally_curated
en,v1,3,2384,2414,orange,orange,orange,unknown,orange,wordfreq:en,wordfreq_seeded;deterministically_filtered;structurally_curated
en,v1,3,2385,2415,ourselves,ourselves,ourselves,unknown,ourselves,wordfreq:en,wordfreq_seeded;deterministically_filtered;structurally_curated
en,v1,3,2386,2416,pages,pages,pages,unknown,pages,wordfreq:en,wordfreq_seeded;deterministically_filtered;structurally_curated
en,v1,3,2387,2417,remained,remained,remained,unknown,remained,wordfreq:en,wordfreq_seeded;deterministically_filtered;structurally_curated
en,v1,3,2388,2418,selection,selection,selection,unknown,selection,wordfreq:en,wordfreq_seeded;deterministically_filtered;structurally_curated
en,v1,3,2389,2419,serving,serving,serving,unknown,serving,wordfreq:en,wordfreq_seeded;deterministically_filtered;structurally_curated
en,v1,3,2390,2420,signal,signal,signal,unknown,signal,wordfreq:en,wordfreq_seeded;deterministically_filtered;structurally_curated
en,v1,3,2391,2421,stream,stream,stream,unknown,stream,wordfreq:en,wordfreq_seeded;deterministically_filtered;structurally_curated
en,v1,3,2392,2422,struggle,struggle,struggle,unknown,struggle,wordfreq:en,wordfreq_seeded;deterministically_filtered;structurally_curated
en,v1,3,2393,2423,suicide,suicide,suicide,unknown,suicide,wordfreq:en,wordfreq_seeded;deterministically_filtered;structurally_curated
en,v1,3,2394,2424,talked,talked,talked,unknown,talked,wordfreq:en,wordfreq_seeded;deterministically_filtered;structurally_curated
en,v1,3,2395,2425,theme,theme,theme,unknown,theme,wordfreq:en,wordfreq_seeded;deterministically_filtered;structurally_curated
en,v1,3,2396,2426,thursday,thursday,thursday,unknown,thursday,wordfreq:en,wordfreq_seeded;deterministically_filtered;structurally_curated
en,v1,3,2397,2427,tiny,tiny,tiny,unknown,tiny,wordfreq:en,wordfreq_seeded;deterministically_filtered;structurally_curated
en,v1,3,2398,2428,typically,typically,typically,unknown,typically,wordfreq:en,wordfreq_seeded;deterministically_filtered;structurally_curated
en,v1,3,2399,2429,un,un,un,unknown,un,wordfreq:en,wordfreq_seeded;deterministically_filtered;structurally_curated
en,v1,3,2400,2430,unfortunately,unfortunately,unfortunately,unknown,unfortunately,wordfreq:en,wordfreq_seeded;deterministically_filtered;structurally_curated
en,v1,3,2401,2431,usual,usual,usual,unknown,usual,wordfreq:en,wordfreq_seeded;deterministically_filtered;structurally_curated
en,v1,3,2402,2432,vehicles,vehicles,vehicles,unknown,vehicles,wordfreq:en,wordfreq_seeded;deterministically_filtered;structurally_curated
en,v1,3,2403,2433,virginia,virginia,virginia,unknown,virginia,wordfreq:en,wordfreq_seeded;deterministically_filtered;structurally_curated
en,v1,3,2404,2434,voted,voted,voted,unknown,voted,wordfreq:en,wordfreq_seeded;deterministically_filtered;structurally_curated
en,v1,3,2405,2435,voting,voting,voting,unknown,voting,wordfreq:en,wordfreq_seeded;deterministically_filtered;structurally_curated
en,v1,3,2406,2436,walls,walls,walls,unknown,walls,wordfreq:en,wordfreq_seeded;deterministically_filtered;structurally_curated
en,v1,3,2407,2437,wave,wave,wave,unknown,wave,wordfreq:en,wordfreq_seeded;deterministically_filtered;structurally_curated
en,v1,3,2408,2438,alcohol,alcohol,alcohol,unknown,alcohol,wordfreq:en,wordfreq_seeded;deterministically_filtered;structurally_curated
en,v1,3,2409,2439,assembly,assembly,assembly,unknown,assembly,wordfreq:en,wordfreq_seeded;deterministically_filtered;structurally_curated
en,v1,3,2410,2440,breakfast,breakfast,breakfast,unknown,breakfast,wordfreq:en,wordfreq_seeded;deterministically_filtered;structurally_curated
en,v1,3,2411,2441,bright,bright,bright,unknown,bright,wordfreq:en,wordfreq_seeded;deterministically_filtered;structurally_curated
en,v1,3,2412,2442,brings,brings,brings,unknown,brings,wordfreq:en,wordfreq_seeded;deterministically_filtered;structurally_curated
en,v1,3,2413,2443,capable,capable,capable,unknown,capable,wordfreq:en,wordfreq_seeded;deterministically_filtered;structurally_curated
en,v1,3,2414,2444,carrying,carrying,carrying,unknown,carrying,wordfreq:en,wordfreq_seeded;deterministically_filtered;structurally_curated
en,v1,3,2415,2445,chosen,chosen,chosen,unknown,chosen,wordfreq:en,wordfreq_seeded;deterministically_filtered;structurally_curated
en,v1,3,2416,2446,combination,combination,combination,unknown,combination,wordfreq:en,wordfreq_seeded;deterministically_filtered;structurally_curated
en,v1,3,2417,2447,conservative,conservative,conservative,unknown,conservative,wordfreq:en,wordfreq_seeded;deterministically_filtered;structurally_curated
en,v1,3,2418,2448,customer,customer,customer,unknown,customer,wordfreq:en,wordfreq_seeded;deterministically_filtered;structurally_curated
en,v1,3,2419,2449,cutting,cutting,cutting,unknown,cutting,wordfreq:en,wordfreq_seeded;deterministically_filtered;structurally_curated
en,v1,3,2420,2450,desire,desire,desire,unknown,desire,wordfreq:en,wordfreq_seeded;deterministically_filtered;structurally_curated
en,v1,3,2421,2451,destroyed,destroyed,destroyed,unknown,destroyed,wordfreq:en,wordfreq_seeded;deterministically_filtered;structurally_curated
en,v1,3,2422,2452,draft,draft,draft,unknown,draft,wordfreq:en,wordfreq_seeded;deterministically_filtered;structurally_curated
en,v1,3,2423,2453,drunk,drunk,drunk,unknown,drunk,wordfreq:en,wordfreq_seeded;deterministically_filtered;structurally_curated
en,v1,3,2424,2454,essential,essential,essential,unknown,essential,wordfreq:en,wordfreq_seeded;deterministically_filtered;structurally_curated
en,v1,3,2425,2455,fail,fail,fail,unknown,fail,wordfreq:en,wordfreq_seeded;deterministically_filtered;structurally_curated
en,v1,3,2426,2456,familiar,familiar,familiar,unknown,familiar,wordfreq:en,wordfreq_seeded;deterministically_filtered;structurally_curated
en,v1,3,2427,2457,finds,finds,finds,unknown,finds,wordfreq:en,wordfreq_seeded;deterministically_filtered;structurally_curated
en,v1,3,2428,2458,granted,granted,granted,unknown,granted,wordfreq:en,wordfreq_seeded;deterministically_filtered;structurally_curated
en,v1,3,2429,2459,guilty,guilty,guilty,unknown,guilty,wordfreq:en,wordfreq_seeded;deterministically_filtered;structurally_curated
en,v1,3,2430,2460,humans,humans,humans,unknown,humans,wordfreq:en,wordfreq_seeded;deterministically_filtered;structurally_curated
en,v1,3,2431,2461,hundreds,hundreds,hundreds,unknown,hundreds,wordfreq:en,wordfreq_seeded;deterministically_filtered;structurally_curated
en,v1,3,2432,2462,id,id,id,unknown,id,wordfreq:en,wordfreq_seeded;deterministically_filtered;structurally_curated
en,v1,3,2433,2463,improved,improved,improved,unknown,improved,wordfreq:en,wordfreq_seeded;deterministically_filtered;structurally_curated
en,v1,3,2434,2464,jewish,jewish,jewish,unknown,jewish,wordfreq:en,wordfreq_seeded;deterministically_filtered;structurally_curated
en,v1,3,2435,2465,largely,largely,largely,unknown,largely,wordfreq:en,wordfreq_seeded;deterministically_filtered;structurally_curated
en,v1,3,2436,2466,laughing,laughing,laughing,unknown,laughing,wordfreq:en,wordfreq_seeded;deterministically_filtered;structurally_curated
en,v1,3,2437,2467,markets,markets,markets,unknown,markets,wordfreq:en,wordfreq_seeded;deterministically_filtered;structurally_curated
en,v1,3,2438,2468,medium,medium,medium,unknown,medium,wordfreq:en,wordfreq_seeded;deterministically_filtered;structurally_curated
en,v1,3,2439,2469,ohio,ohio,ohio,unknown,ohio,wordfreq:en,wordfreq_seeded;deterministically_filtered;structurally_curated
en,v1,3,2440,2470,opportunities,opportunities,opportunities,unknown,opportunities,wordfreq:en,wordfreq_seeded;deterministically_filtered;structurally_curated
en,v1,3,2441,2471,papers,papers,papers,unknown,papers,wordfreq:en,wordfreq_seeded;deterministically_filtered;structurally_curated
en,v1,3,2442,2472,perfectly,perfectly,perfectly,unknown,perfectly,wordfreq:en,wordfreq_seeded;deterministically_filtered;structurally_curated
en,v1,3,2443,2473,recommend,recommend,recommend,unknown,recommend,wordfreq:en,wordfreq_seeded;deterministically_filtered;structurally_curated
en,v1,3,2444,2474,referred,referred,referred,unknown,referred,wordfreq:en,wordfreq_seeded;deterministically_filtered;structurally_curated
en,v1,3,2445,2475,relevant,relevant,relevant,unknown,relevant,wordfreq:en,wordfreq_seeded;deterministically_filtered;structurally_curated
en,v1,3,2446,2476,seek,seek,seek,unknown,seek,wordfreq:en,wordfreq_seeded;deterministically_filtered;structurally_curated
en,v1,3,2447,2477,sending,sending,sending,unknown,sending,wordfreq:en,wordfreq_seeded;deterministically_filtered;structurally_curated
en,v1,3,2448,2478,solo,solo,solo,unknown,solo,wordfreq:en,wordfreq_seeded;deterministically_filtered;structurally_curated
en,v1,3,2449,2479,spoke,spoke,spoke,unknown,spoke,wordfreq:en,wordfreq_seeded;deterministically_filtered;structurally_curated
en,v1,3,2450,2480,stands,stands,stands,unknown,stands,wordfreq:en,wordfreq_seeded;deterministically_filtered;structurally_curated
en,v1,3,2451,2481,talks,talks,talks,unknown,talks,wordfreq:en,wordfreq_seeded;deterministically_filtered;structurally_curated
en,v1,3,2452,2482,ticket,ticket,ticket,unknown,ticket,wordfreq:en,wordfreq_seeded;deterministically_filtered;structurally_curated
en,v1,3,2453,2483,unable,unable,unable,unknown,unable,wordfreq:en,wordfreq_seeded;deterministically_filtered;structurally_curated
en,v1,3,2454,2484,upset,upset,upset,unknown,upset,wordfreq:en,wordfreq_seeded;deterministically_filtered;structurally_curated
en,v1,3,2455,2485,wing,wing,wing,unknown,wing,wordfreq:en,wordfreq_seeded;deterministically_filtered;structurally_curated
en,v1,3,2456,2486,world's,world's,world's,unknown,world's,wordfreq:en,wordfreq_seeded;deterministically_filtered;structurally_curated
en,v1,3,2457,2487,answers,answers,answers,unknown,answers,wordfreq:en,wordfreq_seeded;deterministically_filtered;structurally_curated
en,v1,3,2458,2488,birds,birds,birds,unknown,birds,wordfreq:en,wordfreq_seeded;deterministically_filtered;structurally_curated
en,v1,3,2459,2489,bomb,bomb,bomb,unknown,bomb,wordfreq:en,wordfreq_seeded;deterministically_filtered;structurally_curated
en,v1,3,2460,2490,creative,creative,creative,unknown,creative,wordfreq:en,wordfreq_seeded;deterministically_filtered;structurally_curated
en,v1,3,2461,2491,cycle,cycle,cycle,unknown,cycle,wordfreq:en,wordfreq_seeded;deterministically_filtered;structurally_curated
en,v1,3,2462,2492,dealing,dealing,dealing,unknown,dealing,wordfreq:en,wordfreq_seeded;deterministically_filtered;structurally_curated
en,v1,3,2463,2493,directed,directed,directed,unknown,directed,wordfreq:en,wordfreq_seeded;deterministically_filtered;structurally_curated
en,v1,3,2464,2494,don,don,don,unknown,don,wordfreq:en,wordfreq_seeded;deterministically_filtered;structurally_curated
en,v1,3,2465,2495,educational,educational,educational,unknown,educational,wordfreq:en,wordfreq_seeded;deterministically_filtered;structurally_curated
en,v1,3,2466,2496,entertainment,entertainment,entertainment,unknown,entertainment,wordfreq:en,wordfreq_seeded;deterministically_filtered;structurally_curated
en,v1,3,2467,2497,extreme,extreme,extreme,unknown,extreme,wordfreq:en,wordfreq_seeded;deterministically_filtered;structurally_curated
en,v1,3,2468,2498,facility,facility,facility,unknown,facility,wordfreq:en,wordfreq_seeded;deterministically_filtered;structurally_curated
en,v1,3,2469,2499,fields,fields,fields,unknown,fields,wordfreq:en,wordfreq_seeded;deterministically_filtered;structurally_curated
en,v1,3,2470,2500,goods,goods,goods,unknown,goods,wordfreq:en,wordfreq_seeded;deterministically_filtered;structurally_curated
en,v1,3,2471,2501,hang,hang,hang,unknown,hang,wordfreq:en,wordfreq_seeded;deterministically_filtered;structurally_curated
en,v1,3,2472,2502,holds,holds,holds,unknown,holds,wordfreq:en,wordfreq_seeded;deterministically_filtered;structurally_curated
en,v1,3,2473,2503,info,info,info,unknown,info,wordfreq:en,wordfreq_seeded;deterministically_filtered;structurally_curated
en,v1,3,2474,2504,mainly,mainly,mainly,unknown,mainly,wordfreq:en,wordfreq_seeded;deterministically_filtered;structurally_curated
en,v1,3,2475,2505,maximum,maximum,maximum,unknown,maximum,wordfreq:en,wordfreq_seeded;deterministically_filtered;structurally_curated
en,v1,3,2476,2506,newspaper,newspaper,newspaper,unknown,newspaper,wordfreq:en,wordfreq_seeded;deterministically_filtered;structurally_curated
en,v1,3,2477,2507,offering,offering,offering,unknown,offering,wordfreq:en,wordfreq_seeded;deterministically_filtered;structurally_curated
en,v1,3,2478,2508,painting,painting,painting,unknown,painting,wordfreq:en,wordfreq_seeded;deterministically_filtered;structurally_curated
en,v1,3,2479,2509,republic,republic,republic,unknown,republic,wordfreq:en,wordfreq_seeded;deterministically_filtered;structurally_curated
en,v1,3,2480,2510,reserve,reserve,reserve,unknown,reserve,wordfreq:en,wordfreq_seeded;deterministically_filtered;structurally_curated
en,v1,3,2481,2511,returns,returns,returns,unknown,returns,wordfreq:en,wordfreq_seeded;deterministically_filtered;structurally_curated
en,v1,3,2482,2512,row,row,row,unknown,row,wordfreq:en,wordfreq_seeded;deterministically_filtered;structurally_curated
en,v1,3,2483,2513,salt,salt,salt,unknown,salt,wordfreq:en,wordfreq_seeded;deterministically_filtered;structurally_curated
en,v1,3,2484,2514,scared,scared,scared,unknown,scared,wordfreq:en,wordfreq_seeded;deterministically_filtered;structurally_curated
en,v1,3,2485,2515,scottish,scottish,scottish,unknown,scottish,wordfreq:en,wordfreq_seeded;deterministically_filtered;structurally_curated
en,v1,3,2486,2516,shares,shares,shares,unknown,shares,wordfreq:en,wordfreq_seeded;deterministically_filtered;structurally_curated
en,v1,3,2487,2517,statistics,statistics,statistics,unknown,statistics,wordfreq:en,wordfreq_seeded;deterministically_filtered;structurally_curated
en,v1,3,2488,2518,switch,switch,switch,unknown,switch,wordfreq:en,wordfreq_seeded;deterministically_filtered;structurally_curated
en,v1,3,2489,2519,territory,territory,territory,unknown,territory,wordfreq:en,wordfreq_seeded;deterministically_filtered;structurally_curated
en,v1,3,2490,2520,threat,threat,threat,unknown,threat,wordfreq:en,wordfreq_seeded;deterministically_filtered;structurally_curated
en,v1,3,2491,2521,tickets,tickets,tickets,unknown,tickets,wordfreq:en,wordfreq_seeded;deterministically_filtered;structurally_curated
en,v1,3,2492,2522,wales,wales,wales,unknown,wales,wordfreq:en,wordfreq_seeded;deterministically_filtered;structurally_curated
en,v1,3,2493,2523,adults,adults,adults,unknown,adults,wordfreq:en,wordfreq_seeded;deterministically_filtered;structurally_curated
en,v1,3,2494,2524,affect,affect,affect,unknown,affect,wordfreq:en,wordfreq_seeded;deterministically_filtered;structurally_curated
en,v1,3,2495,2525,appointed,appointed,appointed,unknown,appointed,wordfreq:en,wordfreq_seeded;deterministically_filtered;structurally_curated
en,v1,3,2496,2526,armed,armed,armed,unknown,armed,wordfreq:en,wordfreq_seeded;deterministically_filtered;structurally_curated
en,v1,3,2497,2527,aside,aside,aside,unknown,aside,wordfreq:en,wordfreq_seeded;deterministically_filtered;structurally_curated
en,v1,3,2498,2528,assistance,assistance,assistance,unknown,assistance,wordfreq:en,wordfreq_seeded;deterministically_filtered;structurally_curated
en,v1,3,2499,2529,bell,bell,bell,unknown,bell,wordfreq:en,wordfreq_seeded;deterministically_filtered;structurally_curated
en,v1,3,2500,2530,blow,blow,blow,unknown,blow,wordfreq:en,wordfreq_seeded;deterministically_filtered;structurally_curated
en,v1,3,2501,2531,bond,bond,bond,unknown,bond,wordfreq:en,wordfreq_seeded;deterministically_filtered;structurally_curated
en,v1,3,2502,2532,boyfriend,boyfriend,boyfriend,unknown,boyfriend,wordfreq:en,wordfreq_seeded;deterministically_filtered;structurally_curated
en,v1,3,2503,2533,careful,careful,careful,unknown,careful,wordfreq:en,wordfreq_seeded;deterministically_filtered;structurally_curated
en,v1,3,2504,2534,circumstances,circumstances,circumstances,unknown,circumstances,wordfreq:en,wordfreq_seeded;deterministically_filtered;structurally_curated
en,v1,3,2505,2535,communications,communications,communications,unknown,communications,wordfreq:en,wordfreq_seeded;deterministically_filtered;structurally_curated
en,v1,3,2506,2536,concerns,concerns,concerns,unknown,concerns,wordfreq:en,wordfreq_seeded;deterministically_filtered;structurally_curated
en,v1,3,2507,2537,controlled,controlled,controlled,unknown,controlled,wordfreq:en,wordfreq_seeded;deterministically_filtered;structurally_curated
en,v1,3,2508,2538,corporation,corporation,corporation,unknown,corporation,wordfreq:en,wordfreq_seeded;deterministically_filtered;structurally_curated
en,v1,3,2509,2539,cry,cry,cry,unknown,cry,wordfreq:en,wordfreq_seeded;deterministically_filtered;structurally_curated
en,v1,3,2510,2540,danger,danger,danger,unknown,danger,wordfreq:en,wordfreq_seeded;deterministically_filtered;structurally_curated
en,v1,3,2511,2541,deals,deals,deals,unknown,deals,wordfreq:en,wordfreq_seeded;deterministically_filtered;structurally_curated
en,v1,3,2512,2542,delivery,delivery,delivery,unknown,delivery,wordfreq:en,wordfreq_seeded;deterministically_filtered;structurally_curated
en,v1,3,2513,2543,deserve,deserve,deserve,unknown,deserve,wordfreq:en,wordfreq_seeded;deterministically_filtered;structurally_curated
en,v1,3,2514,2544,devices,devices,devices,unknown,devices,wordfreq:en,wordfreq_seeded;deterministically_filtered;structurally_curated
en,v1,3,2515,2545,dollar,dollar,dollar,unknown,dollar,wordfreq:en,wordfreq_seeded;deterministically_filtered;structurally_curated
en,v1,3,2516,2546,dreams,dreams,dreams,unknown,dreams,wordfreq:en,wordfreq_seeded;deterministically_filtered;structurally_curated
en,v1,3,2517,2547,empty,empty,empty,unknown,empty,wordfreq:en,wordfreq_seeded;deterministically_filtered;structurally_curated
en,v1,3,2518,2548,enjoyed,enjoyed,enjoyed,unknown,enjoyed,wordfreq:en,wordfreq_seeded;deterministically_filtered;structurally_curated
en,v1,3,2519,2549,explained,explained,explained,unknown,explained,wordfreq:en,wordfreq_seeded;deterministically_filtered;structurally_curated
en,v1,3,2520,2550,faces,faces,faces,unknown,faces,wordfreq:en,wordfreq_seeded;deterministically_filtered;structurally_curated
en,v1,3,2521,2551,folks,folks,folks,unknown,folks,wordfreq:en,wordfreq_seeded;deterministically_filtered;structurally_curated
en,v1,3,2522,2552,fucked,fucked,fucked,unknown,fucked,wordfreq:en,wordfreq_seeded;deterministically_filtered;structurally_curated
en,v1,3,2523,2553,gender,gender,gender,unknown,gender,wordfreq:en,wordfreq_seeded;deterministically_filtered;structurally_curated
en,v1,3,2524,2554,instance,instance,instance,unknown,instance,wordfreq:en,wordfreq_seeded;deterministically_filtered;structurally_curated
en,v1,3,2525,2555,kim,kim,kim,unknown,kim,wordfreq:en,wordfreq_seeded;deterministically_filtered;structurally_curated
en,v1,3,2526,2556,kinda,kinda,kinda,unknown,kinda,wordfreq:en,wordfreq_seeded;deterministically_filtered;structurally_curated
en,v1,3,2527,2557,matches,matches,matches,unknown,matches,wordfreq:en,wordfreq_seeded;deterministically_filtered;structurally_curated
en,v1,3,2528,2558,mile,mile,mile,unknown,mile,wordfreq:en,wordfreq_seeded;deterministically_filtered;structurally_curated
en,v1,3,2529,2559,motion,motion,motion,unknown,motion,wordfreq:en,wordfreq_seeded;deterministically_filtered;structurally_curated
en,v1,3,2530,2560,moves,moves,moves,unknown,moves,wordfreq:en,wordfreq_seeded;deterministically_filtered;structurally_curated
en,v1,3,2531,2561,nick,nick,nick,unknown,nick,wordfreq:en,wordfreq_seeded;deterministically_filtered;structurally_curated
en,v1,3,2532,2562,pacific,pacific,pacific,unknown,pacific,wordfreq:en,wordfreq_seeded;deterministically_filtered;structurally_curated
en,v1,3,2533,2563,prize,prize,prize,unknown,prize,wordfreq:en,wordfreq_seeded;deterministically_filtered;structurally_curated
en,v1,3,2534,2564,realized,realized,realized,unknown,realized,wordfreq:en,wordfreq_seeded;deterministically_filtered;structurally_curated
en,v1,3,2535,2565,reasonable,reasonable,reasonable,unknown,reasonable,wordfreq:en,wordfreq_seeded;deterministically_filtered;structurally_curated
en,v1,3,2536,2566,receiving,receiving,receiving,unknown,receiving,wordfreq:en,wordfreq_seeded;deterministically_filtered;structurally_curated
en,v1,3,2537,2567,register,register,register,unknown,register,wordfreq:en,wordfreq_seeded;deterministically_filtered;structurally_curated
en,v1,3,2538,2568,resolution,resolution,resolution,unknown,resolution,wordfreq:en,wordfreq_seeded;deterministically_filtered;structurally_curated
en,v1,3,2539,2569,rural,rural,rural,unknown,rural,wordfreq:en,wordfreq_seeded;deterministically_filtered;structurally_curated
en,v1,3,2540,2570,ryan,ryan,ryan,unknown,ryan,wordfreq:en,wordfreq_seeded;deterministically_filtered;structurally_curated
en,v1,3,2541,2571,saving,saving,saving,unknown,saving,wordfreq:en,wordfreq_seeded;deterministically_filtered;structurally_curated
en,v1,3,2542,2572,sees,sees,sees,unknown,sees,wordfreq:en,wordfreq_seeded;deterministically_filtered;structurally_curated
en,v1,3,2543,2573,singing,singing,singing,unknown,singing,wordfreq:en,wordfreq_seeded;deterministically_filtered;structurally_curated
en,v1,3,2544,2574,spain,spain,spain,unknown,spain,wordfreq:en,wordfreq_seeded;deterministically_filtered;structurally_curated
en,v1,3,2545,2575,tools,tools,tools,unknown,tools,wordfreq:en,wordfreq_seeded;deterministically_filtered;structurally_curated
en,v1,3,2546,2576,typical,typical,typical,unknown,typical,wordfreq:en,wordfreq_seeded;deterministically_filtered;structurally_curated
en,v1,3,2547,2577,universe,universe,universe,unknown,universe,wordfreq:en,wordfreq_seeded;deterministically_filtered;structurally_curated
en,v1,3,2548,2578,warning,warning,warning,unknown,warning,wordfreq:en,wordfreq_seeded;deterministically_filtered;structurally_curated
en,v1,3,2549,2579,wars,wars,wars,unknown,wars,wordfreq:en,wordfreq_seeded;deterministically_filtered;structurally_curated
en,v1,3,2550,2580,wednesday,wednesday,wednesday,unknown,wednesday,wordfreq:en,wordfreq_seeded;deterministically_filtered;structurally_curated
en,v1,3,2551,2581,admit,admit,admit,unknown,admit,wordfreq:en,wordfreq_seeded;deterministically_filtered;structurally_curated
en,v1,3,2552,2582,attitude,attitude,attitude,unknown,attitude,wordfreq:en,wordfreq_seeded;deterministically_filtered;structurally_curated
en,v1,3,2553,2583,branch,branch,branch,unknown,branch,wordfreq:en,wordfreq_seeded;deterministically_filtered;structurally_curated
en,v1,3,2554,2584,brazil,brazil,brazil,unknown,brazil,wordfreq:en,wordfreq_seeded;deterministically_filtered;structurally_curated
en,v1,3,2555,2585,conducted,conducted,conducted,unknown,conducted,wordfreq:en,wordfreq_seeded;deterministically_filtered;structurally_curated
en,v1,3,2556,2586,decades,decades,decades,unknown,decades,wordfreq:en,wordfreq_seeded;deterministically_filtered;structurally_curated
en,v1,3,2557,2587,dedicated,dedicated,dedicated,unknown,dedicated,wordfreq:en,wordfreq_seeded;deterministically_filtered;structurally_curated
en,v1,3,2558,2588,definition,definition,definition,unknown,definition,wordfreq:en,wordfreq_seeded;deterministically_filtered;structurally_curated
en,v1,3,2559,2589,drawing,drawing,drawing,unknown,drawing,wordfreq:en,wordfreq_seeded;deterministically_filtered;structurally_curated
en,v1,3,2560,2590,favor,favor,favor,unknown,favor,wordfreq:en,wordfreq_seeded;deterministically_filtered;structurally_curated
en,v1,3,2561,2591,flag,flag,flag,unknown,flag,wordfreq:en,wordfreq_seeded;deterministically_filtered;structurally_curated
en,v1,3,2562,2592,frame,frame,frame,unknown,frame,wordfreq:en,wordfreq_seeded;deterministically_filtered;structurally_curated
en,v1,3,2563,2593,guest,guest,guest,unknown,guest,wordfreq:en,wordfreq_seeded;deterministically_filtered;structurally_curated
en,v1,3,2564,2594,ha,ha,ha,unknown,ha,wordfreq:en,wordfreq_seeded;deterministically_filtered;structurally_curated
en,v1,3,2565,2595,heaven,heaven,heaven,unknown,heaven,wordfreq:en,wordfreq_seeded;deterministically_filtered;structurally_curated
en,v1,3,2566,2596,independence,independence,independence,unknown,independence,wordfreq:en,wordfreq_seeded;deterministically_filtered;structurally_curated
en,v1,3,2567,2597,institutions,institutions,institutions,unknown,institutions,wordfreq:en,wordfreq_seeded;deterministically_filtered;structurally_curated
en,v1,3,2568,2598,it'll,it'll,it'll,unknown,it'll,wordfreq:en,wordfreq_seeded;deterministically_filtered;structurally_curated
en,v1,3,2569,2599,jackson,jackson,jackson,unknown,jackson,wordfreq:en,wordfreq_seeded;deterministically_filtered;structurally_curated
en,v1,3,2570,2600,kiss,kiss,kiss,unknown,kiss,wordfreq:en,wordfreq_seeded;deterministically_filtered;structurally_curated
en,v1,3,2571,2601,load,load,load,unknown,load,wordfreq:en,wordfreq_seeded;deterministically_filtered;structurally_curated
en,v1,3,2572,2602,plot,plot,plot,unknown,plot,wordfreq:en,wordfreq_seeded;deterministically_filtered;structurally_curated
en,v1,3,2573,2603,possibility,possibility,possibility,unknown,possibility,wordfreq:en,wordfreq_seeded;deterministically_filtered;structurally_curated
en,v1,3,2574,2604,random,random,random,unknown,random,wordfreq:en,wordfreq_seeded;deterministically_filtered;structurally_curated
en,v1,3,2575,2605,recovery,recovery,recovery,unknown,recovery,wordfreq:en,wordfreq_seeded;deterministically_filtered;structurally_curated
en,v1,3,2576,2606,rent,rent,rent,unknown,rent,wordfreq:en,wordfreq_seeded;deterministically_filtered;structurally_curated
en,v1,3,2577,2607,replace,replace,replace,unknown,replace,wordfreq:en,wordfreq_seeded;deterministically_filtered;structurally_curated
en,v1,3,2578,2608,represent,represent,represent,unknown,represent,wordfreq:en,wordfreq_seeded;deterministically_filtered;structurally_curated
en,v1,3,2579,2609,reviews,reviews,reviews,unknown,reviews,wordfreq:en,wordfreq_seeded;deterministically_filtered;structurally_curated
en,v1,3,2580,2610,scenes,scenes,scenes,unknown,scenes,wordfreq:en,wordfreq_seeded;deterministically_filtered;structurally_curated
en,v1,3,2581,2611,seeking,seeking,seeking,unknown,seeking,wordfreq:en,wordfreq_seeded;deterministically_filtered;structurally_curated
en,v1,3,2582,2612,senator,senator,senator,unknown,senator,wordfreq:en,wordfreq_seeded;deterministically_filtered;structurally_curated
en,v1,3,2583,2613,sentence,sentence,sentence,unknown,sentence,wordfreq:en,wordfreq_seeded;deterministically_filtered;structurally_curated
en,v1,3,2584,2614,teeth,teeth,teeth,unknown,teeth,wordfreq:en,wordfreq_seeded;deterministically_filtered;structurally_curated
en,v1,3,2585,2615,tips,tips,tips,unknown,tips,wordfreq:en,wordfreq_seeded;deterministically_filtered;structurally_curated
en,v1,3,2586,2616,trained,trained,trained,unknown,trained,wordfreq:en,wordfreq_seeded;deterministically_filtered;structurally_curated
en,v1,3,2587,2617,understood,understood,understood,unknown,understood,wordfreq:en,wordfreq_seeded;deterministically_filtered;structurally_curated
en,v1,3,2588,2618,academic,academic,academic,unknown,academic,wordfreq:en,wordfreq_seeded;deterministically_filtered;structurally_curated
en,v1,3,2589,2619,academy,academy,academy,unknown,academy,wordfreq:en,wordfreq_seeded;deterministically_filtered;structurally_curated
en,v1,3,2590,2620,accurate,accurate,accurate,unknown,accurate,wordfreq:en,wordfreq_seeded;deterministically_filtered;structurally_curated
en,v1,3,2591,2621,achieve,achieve,achieve,unknown,achieve,wordfreq:en,wordfreq_seeded;deterministically_filtered;structurally_curated
en,v1,3,2592,2622,adam,adam,adam,unknown,adam,wordfreq:en,wordfreq_seeded;deterministically_filtered;structurally_curated
en,v1,3,2593,2623,afford,afford,afford,unknown,afford,wordfreq:en,wordfreq_seeded;deterministically_filtered;structurally_curated
en,v1,3,2594,2624,andrew,andrew,andrew,unknown,andrew,wordfreq:en,wordfreq_seeded;deterministically_filtered;structurally_curated
en,v1,3,2595,2625,assume,assume,assume,unknown,assume,wordfreq:en,wordfreq_seeded;deterministically_filtered;structurally_curated
en,v1,3,2596,2626,bbc,bbc,bbc,unknown,bbc,wordfreq:en,wordfreq_seeded;deterministically_filtered;structurally_curated
en,v1,3,2597,2627,bottle,bottle,bottle,unknown,bottle,wordfreq:en,wordfreq_seeded;deterministically_filtered;structurally_curated
en,v1,3,2598,2628,bunch,bunch,bunch,unknown,bunch,wordfreq:en,wordfreq_seeded;deterministically_filtered;structurally_curated
en,v1,3,2599,2629,category,category,category,unknown,category,wordfreq:en,wordfreq_seeded;deterministically_filtered;structurally_curated
en,v1,3,2600,2630,chat,chat,chat,unknown,chat,wordfreq:en,wordfreq_seeded;deterministically_filtered;structurally_curated
en,v1,3,2601,2631,cheese,cheese,cheese,unknown,cheese,wordfreq:en,wordfreq_seeded;deterministically_filtered;structurally_curated
en,v1,3,2602,2632,chemical,chemical,chemical,unknown,chemical,wordfreq:en,wordfreq_seeded;deterministically_filtered;structurally_curated
en,v1,3,2603,2633,clinton,clinton,clinton,unknown,clinton,wordfreq:en,wordfreq_seeded;deterministically_filtered;structurally_curated
en,v1,3,2604,2634,competitive,competitive,competitive,unknown,competitive,wordfreq:en,wordfreq_seeded;deterministically_filtered;structurally_curated
en,v1,3,2605,2635,detail,detail,detail,unknown,detail,wordfreq:en,wordfreq_seeded;deterministically_filtered;structurally_curated
en,v1,3,2606,2636,diet,diet,diet,unknown,diet,wordfreq:en,wordfreq_seeded;deterministically_filtered;structurally_curated
en,v1,3,2607,2637,em,em,em,unknown,em,wordfreq:en,wordfreq_seeded;deterministically_filtered;structurally_curated
en,v1,3,2608,2638,favourite,favourite,favourite,unknown,favourite,wordfreq:en,wordfreq_seeded;deterministically_filtered;structurally_curated
en,v1,3,2609,2639,fruit,fruit,fruit,unknown,fruit,wordfreq:en,wordfreq_seeded;deterministically_filtered;structurally_curated
en,v1,3,2610,2640,harder,harder,harder,unknown,harder,wordfreq:en,wordfreq_seeded;deterministically_filtered;structurally_curated
en,v1,3,2611,2641,he'd,he'd,he'd,unknown,he'd,wordfreq:en,wordfreq_seeded;deterministically_filtered;structurally_curated
en,v1,3,2612,2642,index,index,index,unknown,index,wordfreq:en,wordfreq_seeded;deterministically_filtered;structurally_curated
en,v1,3,2613,2643,item,item,item,unknown,item,wordfreq:en,wordfreq_seeded;deterministically_filtered;structurally_curated
en,v1,3,2614,2644,lane,lane,lane,unknown,lane,wordfreq:en,wordfreq_seeded;deterministically_filtered;structurally_curated
en,v1,3,2615,2645,mess,mess,mess,unknown,mess,wordfreq:en,wordfreq_seeded;deterministically_filtered;structurally_curated
en,v1,3,2616,2646,navy,navy,navy,unknown,navy,wordfreq:en,wordfreq_seeded;deterministically_filtered;structurally_curated
en,v1,3,2617,2647,normally,normally,normally,unknown,normally,wordfreq:en,wordfreq_seeded;deterministically_filtered;structurally_curated
en,v1,3,2618,2648,occurred,occurred,occurred,unknown,occurred,wordfreq:en,wordfreq_seeded;deterministically_filtered;structurally_curated
en,v1,3,2619,2649,opposition,opposition,opposition,unknown,opposition,wordfreq:en,wordfreq_seeded;deterministically_filtered;structurally_curated
en,v1,3,2620,2650,parent,parent,parent,unknown,parent,wordfreq:en,wordfreq_seeded;deterministically_filtered;structurally_curated
en,v1,3,2621,2651,permanent,permanent,permanent,unknown,permanent,wordfreq:en,wordfreq_seeded;deterministically_filtered;structurally_curated
en,v1,3,2622,2652,personally,personally,personally,unknown,personally,wordfreq:en,wordfreq_seeded;deterministically_filtered;structurally_curated
en,v1,3,2623,2653,pleasure,pleasure,pleasure,unknown,pleasure,wordfreq:en,wordfreq_seeded;deterministically_filtered;structurally_curated
en,v1,3,2624,2654,prefer,prefer,prefer,unknown,prefer,wordfreq:en,wordfreq_seeded;deterministically_filtered;structurally_curated
en,v1,3,2625,2655,programme,programme,programme,unknown,programme,wordfreq:en,wordfreq_seeded;deterministically_filtered;structurally_curated
en,v1,3,2626,2656,representative,representative,representative,unknown,representative,wordfreq:en,wordfreq_seeded;deterministically_filtered;structurally_curated
en,v1,3,2627,2657,scheme,scheme,scheme,unknown,scheme,wordfreq:en,wordfreq_seeded;deterministically_filtered;structurally_curated
en,v1,3,2628,2658,shift,shift,shift,unknown,shift,wordfreq:en,wordfreq_seeded;deterministically_filtered;structurally_curated
en,v1,3,2629,2659,stood,stood,stood,unknown,stood,wordfreq:en,wordfreq_seeded;deterministically_filtered;structurally_curated
en,v1,3,2630,2660,storage,storage,storage,unknown,storage,wordfreq:en,wordfreq_seeded;deterministically_filtered;structurally_curated
en,v1,3,2631,2661,tank,tank,tank,unknown,tank,wordfreq:en,wordfreq_seeded;deterministically_filtered;structurally_curated
en,v1,3,2632,2662,tend,tend,tend,unknown,tend,wordfreq:en,wordfreq_seeded;deterministically_filtered;structurally_curated
en,v1,3,2633,2663,tight,tight,tight,unknown,tight,wordfreq:en,wordfreq_seeded;deterministically_filtered;structurally_curated
en,v1,3,2634,2664,transportation,transportation,transportation,unknown,transportation,wordfreq:en,wordfreq_seeded;deterministically_filtered;structurally_curated
en,v1,3,2635,2665,ultimately,ultimately,ultimately,unknown,ultimately,wordfreq:en,wordfreq_seeded;deterministically_filtered;structurally_curated
en,v1,3,2636,2666,unlike,unlike,unlike,unknown,unlike,wordfreq:en,wordfreq_seeded;deterministically_filtered;structurally_curated
en,v1,3,2637,2667,weekly,weekly,weekly,unknown,weekly,wordfreq:en,wordfreq_seeded;deterministically_filtered;structurally_curated
en,v1,3,2638,2668,yard,yard,yard,unknown,yard,wordfreq:en,wordfreq_seeded;deterministically_filtered;structurally_curated
en,v1,3,2639,2670,anybody,anybody,anybody,unknown,anybody,wordfreq:en,wordfreq_seeded;deterministically_filtered;structurally_curated
en,v1,3,2640,2671,assets,assets,assets,unknown,assets,wordfreq:en,wordfreq_seeded;deterministically_filtered;structurally_curated
en,v1,3,2641,2672,basketball,basketball,basketball,unknown,basketball,wordfreq:en,wordfreq_seeded;deterministically_filtered;structurally_curated
en,v1,3,2642,2673,button,button,button,unknown,button,wordfreq:en,wordfreq_seeded;deterministically_filtered;structurally_curated
en,v1,3,2643,2674,candidates,candidates,candidates,unknown,candidates,wordfreq:en,wordfreq_seeded;deterministically_filtered;structurally_curated
en,v1,3,2644,2675,combat,combat,combat,unknown,combat,wordfreq:en,wordfreq_seeded;deterministically_filtered;structurally_curated
en,v1,3,2645,2676,constitution,constitution,constitution,unknown,constitution,wordfreq:en,wordfreq_seeded;deterministically_filtered;structurally_curated
en,v1,3,2646,2677,consumer,consumer,consumer,unknown,consumer,wordfreq:en,wordfreq_seeded;deterministically_filtered;structurally_curated
en,v1,3,2647,2678,counter,counter,counter,unknown,counter,wordfreq:en,wordfreq_seeded;deterministically_filtered;structurally_curated
en,v1,3,2648,2679,creation,creation,creation,unknown,creation,wordfreq:en,wordfreq_seeded;deterministically_filtered;structurally_curated
en,v1,3,2649,2680,crown,crown,crown,unknown,crown,wordfreq:en,wordfreq_seeded;deterministically_filtered;structurally_curated
en,v1,3,2650,2681,crying,crying,crying,unknown,crying,wordfreq:en,wordfreq_seeded;deterministically_filtered;structurally_curated
en,v1,3,2651,2682,dc,dc,dc,unknown,dc,wordfreq:en,wordfreq_seeded;deterministically_filtered;structurally_curated
en,v1,3,2652,2683,defined,defined,defined,unknown,defined,wordfreq:en,wordfreq_seeded;deterministically_filtered;structurally_curated
en,v1,3,2653,2684,depending,depending,depending,unknown,depending,wordfreq:en,wordfreq_seeded;deterministically_filtered;structurally_curated
en,v1,3,2654,2685,depression,depression,depression,unknown,depression,wordfreq:en,wordfreq_seeded;deterministically_filtered;structurally_curated
en,v1,3,2655,2686,describe,describe,describe,unknown,describe,wordfreq:en,wordfreq_seeded;deterministically_filtered;structurally_curated
en,v1,3,2656,2687,drivers,drivers,drivers,unknown,drivers,wordfreq:en,wordfreq_seeded;deterministically_filtered;structurally_curated
en,v1,3,2657,2688,el,el,el,unknown,el,wordfreq:en,wordfreq_seeded;deterministically_filtered;structurally_curated
en,v1,3,2658,2689,employment,employment,employment,unknown,employment,wordfreq:en,wordfreq_seeded;deterministically_filtered;structurally_curated
en,v1,3,2659,2690,exclusive,exclusive,exclusive,unknown,exclusive,wordfreq:en,wordfreq_seeded;deterministically_filtered;structurally_curated
en,v1,3,2660,2691,excuse,excuse,excuse,unknown,excuse,wordfreq:en,wordfreq_seeded;deterministically_filtered;structurally_curated
en,v1,3,2661,2692,expert,expert,expert,unknown,expert,wordfreq:en,wordfreq_seeded;deterministically_filtered;structurally_curated
en,v1,3,2662,2693,frequently,frequently,frequently,unknown,frequently,wordfreq:en,wordfreq_seeded;deterministically_filtered;structurally_curated
en,v1,3,2663,2694,golf,golf,golf,unknown,golf,wordfreq:en,wordfreq_seeded;deterministically_filtered;structurally_curated
en,v1,3,2664,2695,grace,grace,grace,unknown,grace,wordfreq:en,wordfreq_seeded;deterministically_filtered;structurally_curated
en,v1,3,2665,2696,hopefully,hopefully,hopefully,unknown,hopefully,wordfreq:en,wordfreq_seeded;deterministically_filtered;structurally_curated
en,v1,3,2666,2697,identify,identify,identify,unknown,identify,wordfreq:en,wordfreq_seeded;deterministically_filtered;structurally_curated
en,v1,3,2667,2698,importance,importance,importance,unknown,importance,wordfreq:en,wordfreq_seeded;deterministically_filtered;structurally_curated
en,v1,3,2668,2699,kevin,kevin,kevin,unknown,kevin,wordfreq:en,wordfreq_seeded;deterministically_filtered;structurally_curated
en,v1,3,2669,2700,laid,laid,laid,unknown,laid,wordfreq:en,wordfreq_seeded;deterministically_filtered;structurally_curated
en,v1,3,2670,2701,latter,latter,latter,unknown,latter,wordfreq:en,wordfreq_seeded;deterministically_filtered;structurally_curated
en,v1,3,2671,2702,manufacturing,manufacturing,manufacturing,unknown,manufacturing,wordfreq:en,wordfreq_seeded;deterministically_filtered;structurally_curated
en,v1,3,2672,2703,mining,mining,mining,unknown,mining,wordfreq:en,wordfreq_seeded;deterministically_filtered;structurally_curated
en,v1,3,2673,2704,object,object,object,unknown,object,wordfreq:en,wordfreq_seeded;deterministically_filtered;structurally_curated
en,v1,3,2674,2705,partners,partners,partners,unknown,partners,wordfreq:en,wordfreq_seeded;deterministically_filtered;structurally_curated
en,v1,3,2675,2706,pattern,pattern,pattern,unknown,pattern,wordfreq:en,wordfreq_seeded;deterministically_filtered;structurally_curated
en,v1,3,2676,2707,performing,performing,performing,unknown,performing,wordfreq:en,wordfreq_seeded;deterministically_filtered;structurally_curated
en,v1,3,2677,2708,personnel,personnel,personnel,unknown,personnel,wordfreq:en,wordfreq_seeded;deterministically_filtered;structurally_curated
en,v1,3,2678,2709,perspective,perspective,perspective,unknown,perspective,wordfreq:en,wordfreq_seeded;deterministically_filtered;structurally_curated
en,v1,3,2679,2710,pregnant,pregnant,pregnant,unknown,pregnant,wordfreq:en,wordfreq_seeded;deterministically_filtered;structurally_curated
en,v1,3,2680,2711,premier,premier,premier,unknown,premier,wordfreq:en,wordfreq_seeded;deterministically_filtered;structurally_curated
en,v1,3,2681,2712,promote,promote,promote,unknown,promote,wordfreq:en,wordfreq_seeded;deterministically_filtered;structurally_curated
en,v1,3,2682,2713,q,q,q,unknown,q,wordfreq:en,wordfreq_seeded;deterministically_filtered;structurally_curated
en,v1,3,2683,2714,revolution,revolution,revolution,unknown,revolution,wordfreq:en,wordfreq_seeded;deterministically_filtered;structurally_curated
en,v1,3,2684,2715,rooms,rooms,rooms,unknown,rooms,wordfreq:en,wordfreq_seeded;deterministically_filtered;structurally_curated
en,v1,3,2685,2716,severe,severe,severe,unknown,severe,wordfreq:en,wordfreq_seeded;deterministically_filtered;structurally_curated
en,v1,3,2686,2717,sleeping,sleeping,sleeping,unknown,sleeping,wordfreq:en,wordfreq_seeded;deterministically_filtered;structurally_curated
en,v1,3,2687,2718,suppose,suppose,suppose,unknown,suppose,wordfreq:en,wordfreq_seeded;deterministically_filtered;structurally_curated
en,v1,3,2688,2719,tool,tool,tool,unknown,tool,wordfreq:en,wordfreq_seeded;deterministically_filtered;structurally_curated
en,v1,3,2689,2720,tournament,tournament,tournament,unknown,tournament,wordfreq:en,wordfreq_seeded;deterministically_filtered;structurally_curated
en,v1,3,2690,2721,turkey,turkey,turkey,unknown,turkey,wordfreq:en,wordfreq_seeded;deterministically_filtered;structurally_curated
en,v1,3,2691,2722,ve,ve,ve,unknown,ve,wordfreq:en,wordfreq_seeded;deterministically_filtered;structurally_curated
en,v1,3,2692,2723,victim,victim,victim,unknown,victim,wordfreq:en,wordfreq_seeded;deterministically_filtered;structurally_curated
en,v1,3,2693,2724,victims,victims,victims,unknown,victims,wordfreq:en,wordfreq_seeded;deterministically_filtered;structurally_curated
en,v1,3,2694,2726,agents,agents,agents,unknown,agents,wordfreq:en,wordfreq_seeded;deterministically_filtered;structurally_curated
en,v1,3,2695,2727,amazon,amazon,amazon,unknown,amazon,wordfreq:en,wordfreq_seeded;deterministically_filtered;structurally_curated
en,v1,3,2696,2728,arrest,arrest,arrest,unknown,arrest,wordfreq:en,wordfreq_seeded;deterministically_filtered;structurally_curated
en,v1,3,2697,2729,attend,attend,attend,unknown,attend,wordfreq:en,wordfreq_seeded;deterministically_filtered;structurally_curated
en,v1,3,2698,2730,ban,ban,ban,unknown,ban,wordfreq:en,wordfreq_seeded;deterministically_filtered;structurally_curated
en,v1,3,2699,2731,brilliant,brilliant,brilliant,unknown,brilliant,wordfreq:en,wordfreq_seeded;deterministically_filtered;structurally_curated
en,v1,3,2700,2732,carbon,carbon,carbon,unknown,carbon,wordfreq:en,wordfreq_seeded;deterministically_filtered;structurally_curated
en,v1,3,2701,2733,catholic,catholic,catholic,unknown,catholic,wordfreq:en,wordfreq_seeded;deterministically_filtered;structurally_curated
en,v1,3,2702,2734,chose,chose,chose,unknown,chose,wordfreq:en,wordfreq_seeded;deterministically_filtered;structurally_curated
en,v1,3,2703,2735,circle,circle,circle,unknown,circle,wordfreq:en,wordfreq_seeded;deterministically_filtered;structurally_curated
en,v1,3,2704,2736,concert,concert,concert,unknown,concert,wordfreq:en,wordfreq_seeded;deterministically_filtered;structurally_curated
en,v1,3,2705,2737,crash,crash,crash,unknown,crash,wordfreq:en,wordfreq_seeded;deterministically_filtered;structurally_curated
en,v1,3,2706,2738,declared,declared,declared,unknown,declared,wordfreq:en,wordfreq_seeded;deterministically_filtered;structurally_curated
en,v1,3,2707,2739,deliver,deliver,deliver,unknown,deliver,wordfreq:en,wordfreq_seeded;deterministically_filtered;structurally_curated
en,v1,3,2708,2740,depth,depth,depth,unknown,depth,wordfreq:en,wordfreq_seeded;deterministically_filtered;structurally_curated
en,v1,3,2709,2741,deputy,deputy,deputy,unknown,deputy,wordfreq:en,wordfreq_seeded;deterministically_filtered;structurally_curated
en,v1,3,2710,2742,dirty,dirty,dirty,unknown,dirty,wordfreq:en,wordfreq_seeded;deterministically_filtered;structurally_curated
en,v1,3,2711,2743,doctors,doctors,doctors,unknown,doctors,wordfreq:en,wordfreq_seeded;deterministically_filtered;structurally_curated
en,v1,3,2712,2744,earned,earned,earned,unknown,earned,wordfreq:en,wordfreq_seeded;deterministically_filtered;structurally_curated
en,v1,3,2713,2745,electronic,electronic,electronic,unknown,electronic,wordfreq:en,wordfreq_seeded;deterministically_filtered;structurally_curated
en,v1,3,2714,2746,error,error,error,unknown,error,wordfreq:en,wordfreq_seeded;deterministically_filtered;structurally_curated
en,v1,3,2715,2747,existence,existence,existence,unknown,existence,wordfreq:en,wordfreq_seeded;deterministically_filtered;structurally_curated
en,v1,3,2716,2748,experiences,experiences,experiences,unknown,experiences,wordfreq:en,wordfreq_seeded;deterministically_filtered;structurally_curated
en,v1,3,2717,2749,expression,expression,expression,unknown,expression,wordfreq:en,wordfreq_seeded;deterministically_filtered;structurally_curated
en,v1,3,2718,2750,factory,factory,factory,unknown,factory,wordfreq:en,wordfreq_seeded;deterministically_filtered;structurally_curated
en,v1,3,2719,2751,headed,headed,headed,unknown,headed,wordfreq:en,wordfreq_seeded;deterministically_filtered;structurally_curated
en,v1,3,2720,2752,interior,interior,interior,unknown,interior,wordfreq:en,wordfreq_seeded;deterministically_filtered;structurally_curated
en,v1,3,2721,2753,joy,joy,joy,unknown,joy,wordfreq:en,wordfreq_seeded;deterministically_filtered;structurally_curated
en,v1,3,2722,2754,jr,jr,jr,unknown,jr,wordfreq:en,wordfreq_seeded;deterministically_filtered;structurally_curated
en,v1,3,2723,2755,legislation,legislation,legislation,unknown,legislation,wordfreq:en,wordfreq_seeded;deterministically_filtered;structurally_curated
en,v1,3,2724,2756,maintenance,maintenance,maintenance,unknown,maintenance,wordfreq:en,wordfreq_seeded;deterministically_filtered;structurally_curated
en,v1,3,2725,2757,manner,manner,manner,unknown,manner,wordfreq:en,wordfreq_seeded;deterministically_filtered;structurally_curated
en,v1,3,2726,2758,mate,mate,mate,unknown,mate,wordfreq:en,wordfreq_seeded;deterministically_filtered;structurally_curated
en,v1,3,2727,2759,matt,matt,matt,unknown,matt,wordfreq:en,wordfreq_seeded;deterministically_filtered;structurally_curated
en,v1,3,2728,2760,nearby,nearby,nearby,unknown,nearby,wordfreq:en,wordfreq_seeded;deterministically_filtered;structurally_curated
en,v1,3,2729,2761,noise,noise,noise,unknown,noise,wordfreq:en,wordfreq_seeded;deterministically_filtered;structurally_curated
en,v1,3,2730,2762,origin,origin,origin,unknown,origin,wordfreq:en,wordfreq_seeded;deterministically_filtered;structurally_curated
en,v1,3,2731,2763,pakistan,pakistan,pakistan,unknown,pakistan,wordfreq:en,wordfreq_seeded;deterministically_filtered;structurally_curated
en,v1,3,2732,2764,panel,panel,panel,unknown,panel,wordfreq:en,wordfreq_seeded;deterministically_filtered;structurally_curated
en,v1,3,2733,2765,personality,personality,personality,unknown,personality,wordfreq:en,wordfreq_seeded;deterministically_filtered;structurally_curated
en,v1,3,2734,2766,plate,plate,plate,unknown,plate,wordfreq:en,wordfreq_seeded;deterministically_filtered;structurally_curated
en,v1,3,2735,2767,practices,practices,practices,unknown,practices,wordfreq:en,wordfreq_seeded;deterministically_filtered;structurally_curated
en,v1,3,2736,2768,prepare,prepare,prepare,unknown,prepare,wordfreq:en,wordfreq_seeded;deterministically_filtered;structurally_curated
en,v1,3,2737,2769,relief,relief,relief,unknown,relief,wordfreq:en,wordfreq_seeded;deterministically_filtered;structurally_curated
en,v1,3,2738,2770,replaced,replaced,replaced,unknown,replaced,wordfreq:en,wordfreq_seeded;deterministically_filtered;structurally_curated
en,v1,3,2739,2771,resistance,resistance,resistance,unknown,resistance,wordfreq:en,wordfreq_seeded;deterministically_filtered;structurally_curated
en,v1,3,2740,2772,retail,retail,retail,unknown,retail,wordfreq:en,wordfreq_seeded;deterministically_filtered;structurally_curated
en,v1,3,2741,2773,rice,rice,rice,unknown,rice,wordfreq:en,wordfreq_seeded;deterministically_filtered;structurally_curated
en,v1,3,2742,2774,roads,roads,roads,unknown,roads,wordfreq:en,wordfreq_seeded;deterministically_filtered;structurally_curated
en,v1,3,2743,2775,roof,roof,roof,unknown,roof,wordfreq:en,wordfreq_seeded;deterministically_filtered;structurally_curated
en,v1,3,2744,2776,shame,shame,shame,unknown,shame,wordfreq:en,wordfreq_seeded;deterministically_filtered;structurally_curated
en,v1,3,2745,2777,ships,ships,ships,unknown,ships,wordfreq:en,wordfreq_seeded;deterministically_filtered;structurally_curated
en,v1,3,2746,2778,somewhat,somewhat,somewhat,unknown,somewhat,wordfreq:en,wordfreq_seeded;deterministically_filtered;structurally_curated
en,v1,3,2747,2779,staying,staying,staying,unknown,staying,wordfreq:en,wordfreq_seeded;deterministically_filtered;structurally_curated
en,v1,3,2748,2780,stronger,stronger,stronger,unknown,stronger,wordfreq:en,wordfreq_seeded;deterministically_filtered;structurally_curated
en,v1,3,2749,2781,surely,surely,surely,unknown,surely,wordfreq:en,wordfreq_seeded;deterministically_filtered;structurally_curated
en,v1,3,2750,2782,tip,tip,tip,unknown,tip,wordfreq:en,wordfreq_seeded;deterministically_filtered;structurally_curated
en,v1,3,2751,2783,updated,updated,updated,unknown,updated,wordfreq:en,wordfreq_seeded;deterministically_filtered;structurally_curated
en,v1,3,2752,2784,writers,writers,writers,unknown,writers,wordfreq:en,wordfreq_seeded;deterministically_filtered;structurally_curated
en,v1,3,2753,2785,absolute,absolute,absolute,unknown,absolute,wordfreq:en,wordfreq_seeded;deterministically_filtered;structurally_curated
en,v1,3,2754,2786,advertising,advertising,advertising,unknown,advertising,wordfreq:en,wordfreq_seeded;deterministically_filtered;structurally_curated
en,v1,3,2755,2787,agencies,agencies,agencies,unknown,agencies,wordfreq:en,wordfreq_seeded;deterministically_filtered;structurally_curated
en,v1,3,2756,2788,baseball,baseball,baseball,unknown,baseball,wordfreq:en,wordfreq_seeded;deterministically_filtered;structurally_curated
en,v1,3,2757,2789,bathroom,bathroom,bathroom,unknown,bathroom,wordfreq:en,wordfreq_seeded;deterministically_filtered;structurally_curated
en,v1,3,2758,2790,bible,bible,bible,unknown,bible,wordfreq:en,wordfreq_seeded;deterministically_filtered;structurally_curated
en,v1,3,2759,2791,cable,cable,cable,unknown,cable,wordfreq:en,wordfreq_seeded;deterministically_filtered;structurally_curated
en,v1,3,2760,2792,calm,calm,calm,unknown,calm,wordfreq:en,wordfreq_seeded;deterministically_filtered;structurally_curated
en,v1,3,2761,2793,championship,championship,championship,unknown,championship,wordfreq:en,wordfreq_seeded;deterministically_filtered;structurally_curated
en,v1,3,2762,2794,checked,checked,checked,unknown,checked,wordfreq:en,wordfreq_seeded;deterministically_filtered;structurally_curated
en,v1,3,2763,2795,client,client,client,unknown,client,wordfreq:en,wordfreq_seeded;deterministically_filtered;structurally_curated
en,v1,3,2764,2796,constant,constant,constant,unknown,constant,wordfreq:en,wordfreq_seeded;deterministically_filtered;structurally_curated
en,v1,3,2765,2797,da,da,da,unknown,da,wordfreq:en,wordfreq_seeded;deterministically_filtered;structurally_curated
en,v1,3,2766,2798,dates,dates,dates,unknown,dates,wordfreq:en,wordfreq_seeded;deterministically_filtered;structurally_curated
en,v1,3,2767,2799,degrees,degrees,degrees,unknown,degrees,wordfreq:en,wordfreq_seeded;deterministically_filtered;structurally_curated
en,v1,3,2768,2800,democrats,democrats,democrats,unknown,democrats,wordfreq:en,wordfreq_seeded;deterministically_filtered;structurally_curated
en,v1,3,2769,2801,doors,doors,doors,unknown,doors,wordfreq:en,wordfreq_seeded;deterministically_filtered;structurally_curated
en,v1,3,2770,2802,driven,driven,driven,unknown,driven,wordfreq:en,wordfreq_seeded;deterministically_filtered;structurally_curated
en,v1,3,2771,2803,dumb,dumb,dumb,unknown,dumb,wordfreq:en,wordfreq_seeded;deterministically_filtered;structurally_curated
en,v1,3,2772,2804,empire,empire,empire,unknown,empire,wordfreq:en,wordfreq_seeded;deterministically_filtered;structurally_curated
en,v1,3,2773,2805,exciting,exciting,exciting,unknown,exciting,wordfreq:en,wordfreq_seeded;deterministically_filtered;structurally_curated
en,v1,3,2774,2806,expansion,expansion,expansion,unknown,expansion,wordfreq:en,wordfreq_seeded;deterministically_filtered;structurally_curated
en,v1,3,2775,2807,he'll,he'll,he'll,unknown,he'll,wordfreq:en,wordfreq_seeded;deterministically_filtered;structurally_curated
en,v1,3,2776,2808,heavily,heavily,heavily,unknown,heavily,wordfreq:en,wordfreq_seeded;deterministically_filtered;structurally_curated
en,v1,3,2777,2809,hide,hide,hide,unknown,hide,wordfreq:en,wordfreq_seeded;deterministically_filtered;structurally_curated
en,v1,3,2778,2810,incident,incident,incident,unknown,incident,wordfreq:en,wordfreq_seeded;deterministically_filtered;structurally_curated
en,v1,3,2779,2811,irish,irish,irish,unknown,irish,wordfreq:en,wordfreq_seeded;deterministically_filtered;structurally_curated
en,v1,3,2780,2812,linked,linked,linked,unknown,linked,wordfreq:en,wordfreq_seeded;deterministically_filtered;structurally_curated
en,v1,3,2781,2813,manage,manage,manage,unknown,manage,wordfreq:en,wordfreq_seeded;deterministically_filtered;structurally_curated
en,v1,3,2782,2814,messages,messages,messages,unknown,messages,wordfreq:en,wordfreq_seeded;deterministically_filtered;structurally_curated
en,v1,3,2783,2815,michigan,michigan,michigan,unknown,michigan,wordfreq:en,wordfreq_seeded;deterministically_filtered;structurally_curated
en,v1,3,2784,2816,multi,multi,multi,unknown,multi,wordfreq:en,wordfreq_seeded;deterministically_filtered;structurally_curated
en,v1,3,2785,2817,nfl,nfl,nfl,unknown,nfl,wordfreq:en,wordfreq_seeded;deterministically_filtered;structurally_curated
en,v1,3,2786,2818,politicians,politicians,politicians,unknown,politicians,wordfreq:en,wordfreq_seeded;deterministically_filtered;structurally_curated
en,v1,3,2787,2819,print,print,print,unknown,print,wordfreq:en,wordfreq_seeded;deterministically_filtered;structurally_curated
en,v1,3,2788,2820,quit,quit,quit,unknown,quit,wordfreq:en,wordfreq_seeded;deterministically_filtered;structurally_curated
en,v1,3,2789,2821,refused,refused,refused,unknown,refused,wordfreq:en,wordfreq_seeded;deterministically_filtered;structurally_curated
en,v1,3,2790,2822,reporting,reporting,reporting,unknown,reporting,wordfreq:en,wordfreq_seeded;deterministically_filtered;structurally_curated
en,v1,3,2791,2823,sight,sight,sight,unknown,sight,wordfreq:en,wordfreq_seeded;deterministically_filtered;structurally_curated
en,v1,3,2792,2824,significantly,significantly,significantly,unknown,significantly,wordfreq:en,wordfreq_seeded;deterministically_filtered;structurally_curated
en,v1,3,2793,2825,sing,sing,sing,unknown,sing,wordfreq:en,wordfreq_seeded;deterministically_filtered;structurally_curated
en,v1,3,2794,2826,soviet,soviet,soviet,unknown,soviet,wordfreq:en,wordfreq_seeded;deterministically_filtered;structurally_curated
en,v1,3,2795,2827,weapon,weapon,weapon,unknown,weapon,wordfreq:en,wordfreq_seeded;deterministically_filtered;structurally_curated
en,v1,3,2796,2828,wet,wet,wet,unknown,wet,wordfreq:en,wordfreq_seeded;deterministically_filtered;structurally_curated
en,v1,3,2797,2829,widely,widely,widely,unknown,widely,wordfreq:en,wordfreq_seeded;deterministically_filtered;structurally_curated
en,v1,3,2798,2830,worldwide,worldwide,worldwide,unknown,worldwide,wordfreq:en,wordfreq_seeded;deterministically_filtered;structurally_curated
en,v1,3,2799,2831,ages,ages,ages,unknown,ages,wordfreq:en,wordfreq_seeded;deterministically_filtered;structurally_curated
en,v1,3,2800,2832,anniversary,anniversary,anniversary,unknown,anniversary,wordfreq:en,wordfreq_seeded;deterministically_filtered;structurally_curated
en,v1,3,2801,2833,attractive,attractive,attractive,unknown,attractive,wordfreq:en,wordfreq_seeded;deterministically_filtered;structurally_curated
en,v1,3,2802,2834,bike,bike,bike,unknown,bike,wordfreq:en,wordfreq_seeded;deterministically_filtered;structurally_curated
en,v1,3,2803,2835,broad,broad,broad,unknown,broad,wordfreq:en,wordfreq_seeded;deterministically_filtered;structurally_curated
en,v1,3,2804,2836,burn,burn,burn,unknown,burn,wordfreq:en,wordfreq_seeded;deterministically_filtered;structurally_curated
en,v1,3,2805,2837,cake,cake,cake,unknown,cake,wordfreq:en,wordfreq_seeded;deterministically_filtered;structurally_curated
en,v1,3,2806,2838,causing,causing,causing,unknown,causing,wordfreq:en,wordfreq_seeded;deterministically_filtered;structurally_curated
en,v1,3,2807,2839,closely,closely,closely,unknown,closely,wordfreq:en,wordfreq_seeded;deterministically_filtered;structurally_curated
en,v1,3,2808,2840,constantly,constantly,constantly,unknown,constantly,wordfreq:en,wordfreq_seeded;deterministically_filtered;structurally_curated
en,v1,3,2809,2841,contest,contest,contest,unknown,contest,wordfreq:en,wordfreq_seeded;deterministically_filtered;structurally_curated
en,v1,3,2810,2842,deaths,deaths,deaths,unknown,deaths,wordfreq:en,wordfreq_seeded;deterministically_filtered;structurally_curated
en,v1,3,2811,2843,depends,depends,depends,unknown,depends,wordfreq:en,wordfreq_seeded;deterministically_filtered;structurally_curated
en,v1,3,2812,2844,drawn,drawn,drawn,unknown,drawn,wordfreq:en,wordfreq_seeded;deterministically_filtered;structurally_curated
en,v1,3,2813,2846,fees,fees,fees,unknown,fees,wordfreq:en,wordfreq_seeded;deterministically_filtered;structurally_curated
en,v1,3,2814,2847,francisco,francisco,francisco,unknown,francisco,wordfreq:en,wordfreq_seeded;deterministically_filtered;structurally_curated
en,v1,3,2815,2848,haha,haha,haha,unknown,haha,wordfreq:en,wordfreq_seeded;deterministically_filtered;structurally_curated
en,v1,3,2816,2849,hardly,hardly,hardly,unknown,hardly,wordfreq:en,wordfreq_seeded;deterministically_filtered;structurally_curated
en,v1,3,2817,2850,hat,hat,hat,unknown,hat,wordfreq:en,wordfreq_seeded;deterministically_filtered;structurally_curated
en,v1,3,2818,2851,height,height,height,unknown,height,wordfreq:en,wordfreq_seeded;deterministically_filtered;structurally_curated
en,v1,3,2819,2852,hidden,hidden,hidden,unknown,hidden,wordfreq:en,wordfreq_seeded;deterministically_filtered;structurally_curated
en,v1,3,2820,2853,hong,hong,hong,unknown,hong,wordfreq:en,wordfreq_seeded;deterministically_filtered;structurally_curated
en,v1,3,2821,2854,invited,invited,invited,unknown,invited,wordfreq:en,wordfreq_seeded;deterministically_filtered;structurally_curated
en,v1,3,2822,2855,letting,letting,letting,unknown,letting,wordfreq:en,wordfreq_seeded;deterministically_filtered;structurally_curated
en,v1,3,2823,2856,loud,loud,loud,unknown,loud,wordfreq:en,wordfreq_seeded;deterministically_filtered;structurally_curated
en,v1,3,2824,2857,manchester,manchester,manchester,unknown,manchester,wordfreq:en,wordfreq_seeded;deterministically_filtered;structurally_curated
en,v1,3,2825,2858,marine,marine,marine,unknown,marine,wordfreq:en,wordfreq_seeded;deterministically_filtered;structurally_curated
en,v1,3,2826,2859,motor,motor,motor,unknown,motor,wordfreq:en,wordfreq_seeded;deterministically_filtered;structurally_curated
en,v1,3,2827,2860,officially,officially,officially,unknown,officially,wordfreq:en,wordfreq_seeded;deterministically_filtered;structurally_curated
en,v1,3,2828,2861,pc,pc,pc,unknown,pc,wordfreq:en,wordfreq_seeded;deterministically_filtered;structurally_curated
en,v1,3,2829,2862,peak,peak,peak,unknown,peak,wordfreq:en,wordfreq_seeded;deterministically_filtered;structurally_curated
en,v1,3,2830,2863,portion,portion,portion,unknown,portion,wordfreq:en,wordfreq_seeded;deterministically_filtered;structurally_curated
en,v1,3,2831,2864,pounds,pounds,pounds,unknown,pounds,wordfreq:en,wordfreq_seeded;deterministically_filtered;structurally_curated
en,v1,3,2832,2865,princess,princess,princess,unknown,princess,wordfreq:en,wordfreq_seeded;deterministically_filtered;structurally_curated
en,v1,3,2833,2866,protein,protein,protein,unknown,protein,wordfreq:en,wordfreq_seeded;deterministically_filtered;structurally_curated
en,v1,3,2834,2867,puts,puts,puts,unknown,puts,wordfreq:en,wordfreq_seeded;deterministically_filtered;structurally_curated
en,v1,3,2835,2868,raw,raw,raw,unknown,raw,wordfreq:en,wordfreq_seeded;deterministically_filtered;structurally_curated
en,v1,3,2836,2869,reform,reform,reform,unknown,reform,wordfreq:en,wordfreq_seeded;deterministically_filtered;structurally_curated
en,v1,3,2837,2870,regions,regions,regions,unknown,regions,wordfreq:en,wordfreq_seeded;deterministically_filtered;structurally_curated
en,v1,3,2838,2871,represented,represented,represented,unknown,represented,wordfreq:en,wordfreq_seeded;deterministically_filtered;structurally_curated
en,v1,3,2839,2872,respond,respond,respond,unknown,respond,wordfreq:en,wordfreq_seeded;deterministically_filtered;structurally_curated
en,v1,3,2840,2873,retirement,retirement,retirement,unknown,retirement,wordfreq:en,wordfreq_seeded;deterministically_filtered;structurally_curated
en,v1,3,2841,2874,sample,sample,sample,unknown,sample,wordfreq:en,wordfreq_seeded;deterministically_filtered;structurally_curated
en,v1,3,2842,2875,seats,seats,seats,unknown,seats,wordfreq:en,wordfreq_seeded;deterministically_filtered;structurally_curated
en,v1,3,2843,2876,secondary,secondary,secondary,unknown,secondary,wordfreq:en,wordfreq_seeded;deterministically_filtered;structurally_curated
en,v1,3,2844,2877,solar,solar,solar,unknown,solar,wordfreq:en,wordfreq_seeded;deterministically_filtered;structurally_curated
en,v1,3,2845,2878,somehow,somehow,somehow,unknown,somehow,wordfreq:en,wordfreq_seeded;deterministically_filtered;structurally_curated
en,v1,3,2846,2879,stayed,stayed,stayed,unknown,stayed,wordfreq:en,wordfreq_seeded;deterministically_filtered;structurally_curated
en,v1,3,2847,2880,suffering,suffering,suffering,unknown,suffering,wordfreq:en,wordfreq_seeded;deterministically_filtered;structurally_curated
en,v1,3,2848,2881,sydney,sydney,sydney,unknown,sydney,wordfreq:en,wordfreq_seeded;deterministically_filtered;structurally_curated
en,v1,3,2849,2882,today's,today's,today's,unknown,today's,wordfreq:en,wordfreq_seeded;deterministically_filtered;structurally_curated
en,v1,3,2850,2883,tries,tries,tries,unknown,tries,wordfreq:en,wordfreq_seeded;deterministically_filtered;structurally_curated
en,v1,3,2851,2884,ultimate,ultimate,ultimate,unknown,ultimate,wordfreq:en,wordfreq_seeded;deterministically_filtered;structurally_curated
en,v1,3,2852,2885,unknown,unknown,unknown,unknown,unknown,wordfreq:en,wordfreq_seeded;deterministically_filtered;structurally_curated
en,v1,3,2853,2886,wilson,wilson,wilson,unknown,wilson,wordfreq:en,wordfreq_seeded;deterministically_filtered;structurally_curated
en,v1,3,2854,2887,wondering,wondering,wondering,unknown,wondering,wordfreq:en,wordfreq_seeded;deterministically_filtered;structurally_curated
en,v1,3,2855,2888,attached,attached,attached,unknown,attached,wordfreq:en,wordfreq_seeded;deterministically_filtered;structurally_curated
en,v1,3,2856,2889,attacked,attacked,attacked,unknown,attacked,wordfreq:en,wordfreq_seeded;deterministically_filtered;structurally_curated
en,v1,3,2857,2890,automatically,automatically,automatically,unknown,automatically,wordfreq:en,wordfreq_seeded;deterministically_filtered;structurally_curated
en,v1,3,2858,2891,balls,balls,balls,unknown,balls,wordfreq:en,wordfreq_seeded;deterministically_filtered;structurally_curated
en,v1,3,2859,2892,battery,battery,battery,unknown,battery,wordfreq:en,wordfreq_seeded;deterministically_filtered;structurally_curated
en,v1,3,2860,2893,bills,bills,bills,unknown,bills,wordfreq:en,wordfreq_seeded;deterministically_filtered;structurally_curated
en,v1,3,2861,2894,blind,blind,blind,unknown,blind,wordfreq:en,wordfreq_seeded;deterministically_filtered;structurally_curated
en,v1,3,2862,2895,breath,breath,breath,unknown,breath,wordfreq:en,wordfreq_seeded;deterministically_filtered;structurally_curated
en,v1,3,2863,2896,brief,brief,brief,unknown,brief,wordfreq:en,wordfreq_seeded;deterministically_filtered;structurally_curated
en,v1,3,2864,2897,carolina,carolina,carolina,unknown,carolina,wordfreq:en,wordfreq_seeded;deterministically_filtered;structurally_curated
en,v1,3,2865,2898,chest,chest,chest,unknown,chest,wordfreq:en,wordfreq_seeded;deterministically_filtered;structurally_curated
en,v1,3,2866,2899,conduct,conduct,conduct,unknown,conduct,wordfreq:en,wordfreq_seeded;deterministically_filtered;structurally_curated
en,v1,3,2867,2900,debut,debut,debut,unknown,debut,wordfreq:en,wordfreq_seeded;deterministically_filtered;structurally_curated
en,v1,3,2868,2901,decade,decade,decade,unknown,decade,wordfreq:en,wordfreq_seeded;deterministically_filtered;structurally_curated
en,v1,3,2869,2902,destroy,destroy,destroy,unknown,destroy,wordfreq:en,wordfreq_seeded;deterministically_filtered;structurally_curated
en,v1,3,2870,2903,differences,differences,differences,unknown,differences,wordfreq:en,wordfreq_seeded;deterministically_filtered;structurally_curated
en,v1,3,2871,2904,edward,edward,edward,unknown,edward,wordfreq:en,wordfreq_seeded;deterministically_filtered;structurally_curated
en,v1,3,2872,2905,engaged,engaged,engaged,unknown,engaged,wordfreq:en,wordfreq_seeded;deterministically_filtered;structurally_curated
en,v1,3,2873,2906,experts,experts,experts,unknown,experts,wordfreq:en,wordfreq_seeded;deterministically_filtered;structurally_curated
en,v1,3,2874,2907,expressed,expressed,expressed,unknown,expressed,wordfreq:en,wordfreq_seeded;deterministically_filtered;structurally_curated
en,v1,3,2875,2908,external,external,external,unknown,external,wordfreq:en,wordfreq_seeded;deterministically_filtered;structurally_curated
en,v1,3,2876,2909,fantasy,fantasy,fantasy,unknown,fantasy,wordfreq:en,wordfreq_seeded;deterministically_filtered;structurally_curated
en,v1,3,2877,2910,ft,ft,ft,unknown,ft,wordfreq:en,wordfreq_seeded;deterministically_filtered;structurally_curated
en,v1,3,2878,2911,grab,grab,grab,unknown,grab,wordfreq:en,wordfreq_seeded;deterministically_filtered;structurally_curated
en,v1,3,2879,2912,hollywood,hollywood,hollywood,unknown,hollywood,wordfreq:en,wordfreq_seeded;deterministically_filtered;structurally_curated
en,v1,3,2880,2914,immediate,immediate,immediate,unknown,immediate,wordfreq:en,wordfreq_seeded;deterministically_filtered;structurally_curated
en,v1,3,2881,2915,introduction,introduction,introduction,unknown,introduction,wordfreq:en,wordfreq_seeded;deterministically_filtered;structurally_curated
en,v1,3,2882,2916,joseph,joseph,joseph,unknown,joseph,wordfreq:en,wordfreq_seeded;deterministically_filtered;structurally_curated
en,v1,3,2883,2917,license,license,license,unknown,license,wordfreq:en,wordfreq_seeded;deterministically_filtered;structurally_curated
en,v1,3,2884,2918,paint,paint,paint,unknown,paint,wordfreq:en,wordfreq_seeded;deterministically_filtered;structurally_curated
en,v1,3,2885,2919,pilot,pilot,pilot,unknown,pilot,wordfreq:en,wordfreq_seeded;deterministically_filtered;structurally_curated
en,v1,3,2886,2920,pink,pink,pink,unknown,pink,wordfreq:en,wordfreq_seeded;deterministically_filtered;structurally_curated
en,v1,3,2887,2921,presidential,presidential,presidential,unknown,presidential,wordfreq:en,wordfreq_seeded;deterministically_filtered;structurally_curated
en,v1,3,2888,2922,principal,principal,principal,unknown,principal,wordfreq:en,wordfreq_seeded;deterministically_filtered;structurally_curated
en,v1,3,2889,2923,recognize,recognize,recognize,unknown,recognize,wordfreq:en,wordfreq_seeded;deterministically_filtered;structurally_curated
en,v1,3,2890,2924,recognized,recognized,recognized,unknown,recognized,wordfreq:en,wordfreq_seeded;deterministically_filtered;structurally_curated
en,v1,3,2891,2925,registered,registered,registered,unknown,registered,wordfreq:en,wordfreq_seeded;deterministically_filtered;structurally_curated
en,v1,3,2892,2926,regularly,regularly,regularly,unknown,regularly,wordfreq:en,wordfreq_seeded;deterministically_filtered;structurally_curated
en,v1,3,2893,2927,representatives,representatives,representatives,unknown,representatives,wordfreq:en,wordfreq_seeded;deterministically_filtered;structurally_curated
en,v1,3,2894,2928,rising,rising,rising,unknown,rising,wordfreq:en,wordfreq_seeded;deterministically_filtered;structurally_curated
en,v1,3,2895,2929,seasons,seasons,seasons,unknown,seasons,wordfreq:en,wordfreq_seeded;deterministically_filtered;structurally_curated
en,v1,3,2896,2930,shipping,shipping,shipping,unknown,shipping,wordfreq:en,wordfreq_seeded;deterministically_filtered;structurally_curated
en,v1,3,2897,2931,singer,singer,singer,unknown,singer,wordfreq:en,wordfreq_seeded;deterministically_filtered;structurally_curated
en,v1,3,2898,2932,smoking,smoking,smoking,unknown,smoking,wordfreq:en,wordfreq_seeded;deterministically_filtered;structurally_curated
en,v1,3,2899,2933,steam,steam,steam,unknown,steam,wordfreq:en,wordfreq_seeded;deterministically_filtered;structurally_curated
en,v1,3,2900,2934,suffered,suffered,suffered,unknown,suffered,wordfreq:en,wordfreq_seeded;deterministically_filtered;structurally_curated
en,v1,3,2901,2935,survive,survive,survive,unknown,survive,wordfreq:en,wordfreq_seeded;deterministically_filtered;structurally_curated
en,v1,3,2902,2936,tall,tall,tall,unknown,tall,wordfreq:en,wordfreq_seeded;deterministically_filtered;structurally_curated
en,v1,3,2903,2937,thats,thats,thats,unknown,thats,wordfreq:en,wordfreq_seeded;deterministically_filtered;structurally_curated
en,v1,3,2904,2938,theatre,theatre,theatre,unknown,theatre,wordfreq:en,wordfreq_seeded;deterministically_filtered;structurally_curated
en,v1,3,2905,2939,therapy,therapy,therapy,unknown,therapy,wordfreq:en,wordfreq_seeded;deterministically_filtered;structurally_curated
en,v1,3,2906,2940,witness,witness,witness,unknown,witness,wordfreq:en,wordfreq_seeded;deterministically_filtered;structurally_curated
en,v1,3,2907,2941,adopted,adopted,adopted,unknown,adopted,wordfreq:en,wordfreq_seeded;deterministically_filtered;structurally_curated
en,v1,3,2908,2942,aim,aim,aim,unknown,aim,wordfreq:en,wordfreq_seeded;deterministically_filtered;structurally_curated
en,v1,3,2909,2943,campus,campus,campus,unknown,campus,wordfreq:en,wordfreq_seeded;deterministically_filtered;structurally_curated
en,v1,3,2910,2944,cap,cap,cap,unknown,cap,wordfreq:en,wordfreq_seeded;deterministically_filtered;structurally_curated
en,v1,3,2911,2945,chances,chances,chances,unknown,chances,wordfreq:en,wordfreq_seeded;deterministically_filtered;structurally_curated
en,v1,3,2912,2946,childhood,childhood,childhood,unknown,childhood,wordfreq:en,wordfreq_seeded;deterministically_filtered;structurally_curated
en,v1,3,2913,2947,clinical,clinical,clinical,unknown,clinical,wordfreq:en,wordfreq_seeded;deterministically_filtered;structurally_curated
en,v1,3,2914,2948,clubs,clubs,clubs,unknown,clubs,wordfreq:en,wordfreq_seeded;deterministically_filtered;structurally_curated
en,v1,3,2915,2949,comedy,comedy,comedy,unknown,comedy,wordfreq:en,wordfreq_seeded;deterministically_filtered;structurally_curated
en,v1,3,2916,2950,commander,commander,commander,unknown,commander,wordfreq:en,wordfreq_seeded;deterministically_filtered;structurally_curated
en,v1,3,2917,2951,comparison,comparison,comparison,unknown,comparison,wordfreq:en,wordfreq_seeded;deterministically_filtered;structurally_curated
en,v1,3,2918,2952,covers,covers,covers,unknown,covers,wordfreq:en,wordfreq_seeded;deterministically_filtered;structurally_curated
en,v1,3,2919,2953,dan,dan,dan,unknown,dan,wordfreq:en,wordfreq_seeded;deterministically_filtered;structurally_curated
en,v1,3,2920,2954,defeat,defeat,defeat,unknown,defeat,wordfreq:en,wordfreq_seeded;deterministically_filtered;structurally_curated
en,v1,3,2921,2955,defence,defence,defence,unknown,defence,wordfreq:en,wordfreq_seeded;deterministically_filtered;structurally_curated
en,v1,3,2922,2956,democracy,democracy,democracy,unknown,democracy,wordfreq:en,wordfreq_seeded;deterministically_filtered;structurally_curated
en,v1,3,2923,2957,detailed,detailed,detailed,unknown,detailed,wordfreq:en,wordfreq_seeded;deterministically_filtered;structurally_curated
en,v1,3,2924,2958,entitled,entitled,entitled,unknown,entitled,wordfreq:en,wordfreq_seeded;deterministically_filtered;structurally_curated
en,v1,3,2925,2959,exact,exact,exact,unknown,exact,wordfreq:en,wordfreq_seeded;deterministically_filtered;structurally_curated
en,v1,3,2926,2960,exposed,exposed,exposed,unknown,exposed,wordfreq:en,wordfreq_seeded;deterministically_filtered;structurally_curated
en,v1,3,2927,2961,fed,fed,fed,unknown,fed,wordfreq:en,wordfreq_seeded;deterministically_filtered;structurally_curated
en,v1,3,2928,2962,fee,fee,fee,unknown,fee,wordfreq:en,wordfreq_seeded;deterministically_filtered;structurally_curated
en,v1,3,2929,2963,injured,injured,injured,unknown,injured,wordfreq:en,wordfreq_seeded;deterministically_filtered;structurally_curated
en,v1,3,2930,2964,jan,jan,jan,unknown,jan,wordfreq:en,wordfreq_seeded;deterministically_filtered;structurally_curated
en,v1,3,2931,2965,jordan,jordan,jordan,unknown,jordan,wordfreq:en,wordfreq_seeded;deterministically_filtered;structurally_curated
en,v1,3,2932,2966,kinds,kinds,kinds,unknown,kinds,wordfreq:en,wordfreq_seeded;deterministically_filtered;structurally_curated
en,v1,3,2933,2967,lets,lets,lets,unknown,lets,wordfreq:en,wordfreq_seeded;deterministically_filtered;structurally_curated
en,v1,3,2934,2968,loans,loans,loans,unknown,loans,wordfreq:en,wordfreq_seeded;deterministically_filtered;structurally_curated
en,v1,3,2935,2969,lock,lock,lock,unknown,lock,wordfreq:en,wordfreq_seeded;deterministically_filtered;structurally_curated
en,v1,3,2936,2970,musical,musical,musical,unknown,musical,wordfreq:en,wordfreq_seeded;deterministically_filtered;structurally_curated
en,v1,3,2937,2971,nose,nose,nose,unknown,nose,wordfreq:en,wordfreq_seeded;deterministically_filtered;structurally_curated
en,v1,3,2938,2972,objects,objects,objects,unknown,objects,wordfreq:en,wordfreq_seeded;deterministically_filtered;structurally_curated
en,v1,3,2939,2973,opposed,opposed,opposed,unknown,opposed,wordfreq:en,wordfreq_seeded;deterministically_filtered;structurally_curated
en,v1,3,2940,2974,organized,organized,organized,unknown,organized,wordfreq:en,wordfreq_seeded;deterministically_filtered;structurally_curated
en,v1,3,2941,2975,plastic,plastic,plastic,unknown,plastic,wordfreq:en,wordfreq_seeded;deterministically_filtered;structurally_curated
en,v1,3,2942,2976,protected,protected,protected,unknown,protected,wordfreq:en,wordfreq_seeded;deterministically_filtered;structurally_curated
en,v1,3,2943,2977,purposes,purposes,purposes,unknown,purposes,wordfreq:en,wordfreq_seeded;deterministically_filtered;structurally_curated
en,v1,3,2944,2978,quote,quote,quote,unknown,quote,wordfreq:en,wordfreq_seeded;deterministically_filtered;structurally_curated
en,v1,3,2945,2979,recording,recording,recording,unknown,recording,wordfreq:en,wordfreq_seeded;deterministically_filtered;structurally_curated
en,v1,3,2946,2980,semi,semi,semi,unknown,semi,wordfreq:en,wordfreq_seeded;deterministically_filtered;structurally_curated
en,v1,3,2947,2981,statements,statements,statements,unknown,statements,wordfreq:en,wordfreq_seeded;deterministically_filtered;structurally_curated
en,v1,3,2948,2982,suspect,suspect,suspect,unknown,suspect,wordfreq:en,wordfreq_seeded;deterministically_filtered;structurally_curated
en,v1,3,2949,2983,swear,swear,swear,unknown,swear,wordfreq:en,wordfreq_seeded;deterministically_filtered;structurally_curated
en,v1,3,2950,2984,techniques,techniques,techniques,unknown,techniques,wordfreq:en,wordfreq_seeded;deterministically_filtered;structurally_curated
en,v1,3,2951,2985,tie,tie,tie,unknown,tie,wordfreq:en,wordfreq_seeded;deterministically_filtered;structurally_curated
en,v1,3,2952,2986,tim,tim,tim,unknown,tim,wordfreq:en,wordfreq_seeded;deterministically_filtered;structurally_curated
en,v1,3,2953,2987,trend,trend,trend,unknown,trend,wordfreq:en,wordfreq_seeded;deterministically_filtered;structurally_curated
en,v1,3,2954,2988,valuable,valuable,valuable,unknown,valuable,wordfreq:en,wordfreq_seeded;deterministically_filtered;structurally_curated
en,v1,3,2955,2989,wealth,wealth,wealth,unknown,wealth,wordfreq:en,wordfreq_seeded;deterministically_filtered;structurally_curated
en,v1,3,2956,2990,wise,wise,wise,unknown,wise,wordfreq:en,wordfreq_seeded;deterministically_filtered;structurally_curated
en,v1,3,2957,2991,yards,yards,yards,unknown,yards,wordfreq:en,wordfreq_seeded;deterministically_filtered;structurally_curated
en,v1,3,2958,2992,aged,aged,aged,unknown,aged,wordfreq:en,wordfreq_seeded;deterministically_filtered;structurally_curated
en,v1,3,2959,2993,approval,approval,approval,unknown,approval,wordfreq:en,wordfreq_seeded;deterministically_filtered;structurally_curated
en,v1,3,2960,2994,aspects,aspects,aspects,unknown,aspects,wordfreq:en,wordfreq_seeded;deterministically_filtered;structurally_curated
en,v1,3,2961,2995,attempts,attempts,attempts,unknown,attempts,wordfreq:en,wordfreq_seeded;deterministically_filtered;structurally_curated
en,v1,3,2962,2996,bread,bread,bread,unknown,bread,wordfreq:en,wordfreq_seeded;deterministically_filtered;structurally_curated
en,v1,3,2963,2997,burning,burning,burning,unknown,burning,wordfreq:en,wordfreq_seeded;deterministically_filtered;structurally_curated
en,v1,3,2964,2998,champions,champions,champions,unknown,champions,wordfreq:en,wordfreq_seeded;deterministically_filtered;structurally_curated
en,v1,3,2965,2999,contain,contain,contain,unknown,contain,wordfreq:en,wordfreq_seeded;deterministically_filtered;structurally_curated
en,v1,3,2966,3000,convention,convention,convention,unknown,convention,wordfreq:en,wordfreq_seeded;deterministically_filtered;structurally_curated
en,v1,3,2967,3001,dancing,dancing,dancing,unknown,dancing,wordfreq:en,wordfreq_seeded;deterministically_filtered;structurally_curated
en,v1,3,2968,3002,document,document,document,unknown,document,wordfreq:en,wordfreq_seeded;deterministically_filtered;structurally_curated
en,v1,3,2969,3003,eggs,eggs,eggs,unknown,eggs,wordfreq:en,wordfreq_seeded;deterministically_filtered;structurally_curated
en,v1,3,2970,3004,employee,employee,employee,unknown,employee,wordfreq:en,wordfreq_seeded;deterministically_filtered;structurally_curated
en,v1,3,2971,3005,en,en,en,unknown,en,wordfreq:en,wordfreq_seeded;deterministically_filtered;structurally_curated
en,v1,3,2972,3006,engineer,engineer,engineer,unknown,engineer,wordfreq:en,wordfreq_seeded;deterministically_filtered;structurally_curated
en,v1,3,2973,3007,equivalent,equivalent,equivalent,unknown,equivalent,wordfreq:en,wordfreq_seeded;deterministically_filtered;structurally_curated
en,v1,3,2974,3008,facing,facing,facing,unknown,facing,wordfreq:en,wordfreq_seeded;deterministically_filtered;structurally_curated
en,v1,3,2975,3009,fairly,fairly,fairly,unknown,fairly,wordfreq:en,wordfreq_seeded;deterministically_filtered;structurally_curated
en,v1,3,2976,3010,fingers,fingers,fingers,unknown,fingers,wordfreq:en,wordfreq_seeded;deterministically_filtered;structurally_curated
en,v1,3,2977,3011,ford,ford,ford,unknown,ford,wordfreq:en,wordfreq_seeded;deterministically_filtered;structurally_curated
en,v1,3,2978,3012,founded,founded,founded,unknown,founded,wordfreq:en,wordfreq_seeded;deterministically_filtered;structurally_curated
en,v1,3,2979,3013,functions,functions,functions,unknown,functions,wordfreq:en,wordfreq_seeded;deterministically_filtered;structurally_curated
en,v1,3,2980,3014,gang,gang,gang,unknown,gang,wordfreq:en,wordfreq_seeded;deterministically_filtered;structurally_curated
en,v1,3,2981,3015,graduate,graduate,graduate,unknown,graduate,wordfreq:en,wordfreq_seeded;deterministically_filtered;structurally_curated
en,v1,3,2982,3016,greek,greek,greek,unknown,greek,wordfreq:en,wordfreq_seeded;deterministically_filtered;structurally_curated
en,v1,3,2983,3017,hanging,hanging,hanging,unknown,hanging,wordfreq:en,wordfreq_seeded;deterministically_filtered;structurally_curated
en,v1,3,2984,3018,inner,inner,inner,unknown,inner,wordfreq:en,wordfreq_seeded;deterministically_filtered;structurally_curated
en,v1,3,2985,3019,islands,islands,islands,unknown,islands,wordfreq:en,wordfreq_seeded;deterministically_filtered;structurally_curated
en,v1,3,2986,3020,le,le,le,unknown,le,wordfreq:en,wordfreq_seeded;deterministically_filtered;structurally_curated
en,v1,3,2987,3021,lift,lift,lift,unknown,lift,wordfreq:en,wordfreq_seeded;deterministically_filtered;structurally_curated
en,v1,3,2988,3022,marked,marked,marked,unknown,marked,wordfreq:en,wordfreq_seeded;deterministically_filtered;structurally_curated
en,v1,3,2989,3023,memories,memories,memories,unknown,memories,wordfreq:en,wordfreq_seeded;deterministically_filtered;structurally_curated
en,v1,3,2990,3024,miller,miller,miller,unknown,miller,wordfreq:en,wordfreq_seeded;deterministically_filtered;structurally_curated
en,v1,3,2991,3025,monthly,monthly,monthly,unknown,monthly,wordfreq:en,wordfreq_seeded;deterministically_filtered;structurally_curated
en,v1,3,2992,3026,mountains,mountains,mountains,unknown,mountains,wordfreq:en,wordfreq_seeded;deterministically_filtered;structurally_curated
en,v1,3,2993,3027,neighborhood,neighborhood,neighborhood,unknown,neighborhood,wordfreq:en,wordfreq_seeded;deterministically_filtered;structurally_curated
en,v1,3,2994,3028,operate,operate,operate,unknown,operate,wordfreq:en,wordfreq_seeded;deterministically_filtered;structurally_curated
en,v1,3,2995,3029,outstanding,outstanding,outstanding,unknown,outstanding,wordfreq:en,wordfreq_seeded;deterministically_filtered;structurally_curated
en,v1,3,2996,3030,permission,permission,permission,unknown,permission,wordfreq:en,wordfreq_seeded;deterministically_filtered;structurally_curated
en,v1,3,2997,3031,porn,porn,porn,unknown,porn,wordfreq:en,wordfreq_seeded;deterministically_filtered;structurally_curated
en,v1,3,2998,3032,racing,racing,racing,unknown,racing,wordfreq:en,wordfreq_seeded;deterministically_filtered;structurally_curated
en,v1,3,2999,3033,recommended,recommended,recommended,unknown,recommended,wordfreq:en,wordfreq_seeded;deterministically_filtered;structurally_curated
en,v1,3,3000,3034,regulations,regulations,regulations,unknown,regulations,wordfreq:en,wordfreq_seeded;deterministically_filtered;structurally_curated
