language,frequency_list_version,level,rank,source_rank,display_form,lemma,lemma_key,part_of_speech,definition_seed,source_provenance,curation_flags
ja,v1,1,1,1,の,の,の,unknown,の,wordfreq:ja,wordfreq_seeded;deterministically_filtered;structurally_curated
ja,v1,1,2,2,に,に,に,unknown,に,wordfreq:ja,wordfreq_seeded;deterministically_filtered;structurally_curated
ja,v1,1,3,3,て,て,て,unknown,て,wordfreq:ja,wordfreq_seeded;deterministically_filtered;structurally_curated
ja,v1,1,4,4,は,は,は,unknown,は,wordfreq:ja,wordfreq_seeded;deterministically_filtered;structurally_curated
ja,v1,1,5,5,が,が,が,unknown,が,wordfreq:ja,wordfreq_seeded;deterministically_filtered;structurally_curated
ja,v1,1,6,6,た,た,た,unknown,た,wordfreq:ja,wordfreq_seeded;deterministically_filtered;structurally_curated
ja,v1,1,7,7,を,を,を,unknown,を,wordfreq:ja,wordfreq_seeded;deterministically_filtered;structurally_curated
ja,v1,1,8,8,で,で,で,unknown,で,wordfreq:ja,wordfreq_seeded;deterministically_filtered;structurally_curated
ja,v1,1,9,9,し,し,し,unknown,し,wordfreq:ja,wordfreq_seeded;deterministically_filtered;structurally_curated
ja,v1,1,10,10,と,と,と,unknown,と,wordfreq:ja,wordfreq_seeded;deterministically_filtered;structurally_curated
ja,v1,1,11,11,な,な,な,unknown,な,wordfreq:ja,wordfreq_seeded;deterministically_filtered;structurally_curated
ja,v1,1,12,12,ない,ない,ない,unknown,ない,wordfreq:ja,wordfreq_seeded;deterministically_filtered;structurally_curated
ja,v1,1,13,13,も,も,も,unknown,も,wordfreq:ja,wordfreq_seeded;deterministically_filtered;structurally_curated
ja,v1,1,14,14,だ,だ,だ,unknown,だ,wordfreq:ja,wordfreq_seeded;deterministically_filtered;structurally_curated
ja,v1,1,15,16,か,か,か,unknown,か,wordfreq:ja,wordfreq_seeded;deterministically_filtered;structurally_curated
ja,v1,1,16,17,ん,ん,ん,unknown,ん,wordfreq:ja,wordfreq_seeded;deterministically_filtered;structurally_curated
ja,v1,1,17,18,から,から,から,unknown,から,wordfreq:ja,wordfreq_seeded;deterministically_filtered;structurally_curated
ja,v1,1,18,19,です,です,です,unknown,です,wordfreq:ja,wordfreq_seeded;deterministically_filtered;structurally_curated
ja,v1,1,19,20,する,する,する,unknown,する,wordfreq:ja,wordfreq_seeded;deterministically_filtered;structurally_curated
ja,v1,1,20,21,よ,よ,よ,unknown,よ,wordfreq:ja,wordfreq_seeded;deterministically_filtered;structurally_curated
ja,v1,1,21,22,ます,ます,ます,unknown,ます,wordfreq:ja,wordfreq_seeded;deterministically_filtered;structurally_curated
ja,v1,1,22,23,さ,さ,さ,unknown,さ,wordfreq:ja,wordfreq_seeded;deterministically_filtered;structurally_curated
ja,v1,1,23,24,こと,こと,こと,unknown,こと,wordfreq:ja,wordfreq_seeded;deterministically_filtered;structurally_curated
ja,v1,1,24,25,いる,いる,いる,unknown,いる,wordfreq:ja,wordfreq_seeded;deterministically_filtered;structurally_curated
ja,v1,1,25,26,れ,れ,れ,unknown,れ,wordfreq:ja,wordfreq_seeded;deterministically_filtered;structurally_curated
ja,v1,1,26,27,ね,ね,ね,unknown,ね,wordfreq:ja,wordfreq_seeded;deterministically_filtered;structurally_curated
ja,v1,1,27,28,てる,てる,てる,unknown,てる,wordfreq:ja,wordfreq_seeded;deterministically_filtered;structurally_curated
ja,v1,1,28,29,ある,ある,ある,unknown,ある,wordfreq:ja,wordfreq_seeded;deterministically_filtered;structurally_curated
ja,v1,1,29,30,う,う,う,unknown,う,wordfreq:ja,wordfreq_seeded;deterministically_filtered;structurally_curated
ja,v1,1,30,31,い,い,い,unknown,い,wordfreq:ja,wordfreq_seeded;deterministically_filtered;structurally_curated
ja,v1,1,31,32,人,人,人,unknown,人,wordfreq:ja,wordfreq_seeded;deterministically_filtered;structurally_curated
ja,v1,1,32,34,や,や,や,unknown,や,wordfreq:ja,wordfreq_seeded;deterministically_filtered;structurally_curated
ja,v1,1,33,38,日,日,日,unknown,日,wordfreq:ja,wordfreq_seeded;deterministically_filtered;structurally_curated
ja,v1,1,34,39,いい,いい,いい,unknown,いい,wordfreq:ja,wordfreq_seeded;deterministically_filtered;structurally_curated
ja,v1,1,35,40,なっ,なっ,なっ,unknown,なっ,wordfreq:ja,wordfreq_seeded;deterministically_filtered;structurally_curated
ja,v1,1,36,41,まし,まし,まし,unknown,まし,wordfreq:ja,wordfreq_seeded;deterministically_filtered;structurally_curated
ja,v1,1,37,42,この,この,この,unknown,この,wordfreq:ja,wordfreq_seeded;deterministically_filtered;structurally_curated
ja,v1,1,38,43,そう,そう,そう,unknown,そう,wordfreq:ja,wordfreq_seeded;deterministically_filtered;structurally_curated
ja,v1,1,39,44,って,って,って,unknown,って,wordfreq:ja,wordfreq_seeded;deterministically_filtered;structurally_curated
ja,v1,1,40,45,たら,たら,たら,unknown,たら,wordfreq:ja,wordfreq_seeded;deterministically_filtered;structurally_curated
ja,v1,1,41,46,ば,ば,ば,unknown,ば,wordfreq:ja,wordfreq_seeded;deterministically_filtered;structurally_curated
ja,v1,1,42,47,お,お,お,unknown,お,wordfreq:ja,wordfreq_seeded;deterministically_filtered;structurally_curated
ja,v1,1,43,48,けど,けど,けど,unknown,けど,wordfreq:ja,wordfreq_seeded;deterministically_filtered;structurally_curated
ja,v1,1,44,49,これ,これ,これ,unknown,これ,wordfreq:ja,wordfreq_seeded;deterministically_filtered;structurally_curated
ja,v1,1,45,50,よう,よう,よう,unknown,よう,wordfreq:ja,wordfreq_seeded;deterministically_filtered;structurally_curated
ja,v1,1,46,52,じゃ,じゃ,じゃ,unknown,じゃ,wordfreq:ja,wordfreq_seeded;deterministically_filtered;structurally_curated
ja,v1,1,47,53,年,年,年,unknown,年,wordfreq:ja,wordfreq_seeded;deterministically_filtered;structurally_curated
ja,v1,1,48,54,その,その,その,unknown,その,wordfreq:ja,wordfreq_seeded;deterministically_filtered;structurally_curated
ja,v1,1,49,55,たい,たい,たい,unknown,たい,wordfreq:ja,wordfreq_seeded;deterministically_filtered;structurally_curated
ja,v1,1,50,56,だけ,だけ,だけ,unknown,だけ,wordfreq:ja,wordfreq_seeded;deterministically_filtered;structurally_curated
ja,v1,1,51,57,まで,まで,まで,unknown,まで,wordfreq:ja,wordfreq_seeded;deterministically_filtered;structurally_curated
ja,v1,1,52,58,的,的,的,unknown,的,wordfreq:ja,wordfreq_seeded;deterministically_filtered;structurally_curated
ja,v1,1,53,59,なる,なる,なる,unknown,なる,wordfreq:ja,wordfreq_seeded;deterministically_filtered;structurally_curated
ja,v1,1,54,60,なら,なら,なら,unknown,なら,wordfreq:ja,wordfreq_seeded;deterministically_filtered;structurally_curated
ja,v1,1,55,61,者,者,者,unknown,者,wordfreq:ja,wordfreq_seeded;deterministically_filtered;structurally_curated
ja,v1,1,56,62,月,月,月,unknown,月,wordfreq:ja,wordfreq_seeded;deterministically_filtered;structurally_curated
ja,v1,1,57,63,だっ,だっ,だっ,unknown,だっ,wordfreq:ja,wordfreq_seeded;deterministically_filtered;structurally_curated
ja,v1,1,58,64,見,見,見,unknown,見,wordfreq:ja,wordfreq_seeded;deterministically_filtered;structurally_curated
ja,v1,1,59,65,という,という,という,unknown,という,wordfreq:ja,wordfreq_seeded;deterministically_filtered;structurally_curated
ja,v1,1,60,66,中,中,中,unknown,中,wordfreq:ja,wordfreq_seeded;deterministically_filtered;structurally_curated
ja,v1,1,61,67,それ,それ,それ,unknown,それ,wordfreq:ja,wordfreq_seeded;deterministically_filtered;structurally_curated
ja,v1,1,62,68,でも,でも,でも,unknown,でも,wordfreq:ja,wordfreq_seeded;deterministically_filtered;structurally_curated
ja,v1,1,63,69,何,何,何,unknown,何,wordfreq:ja,wordfreq_seeded;deterministically_filtered;structurally_curated
ja,v1,1,64,70,れる,れる,れる,unknown,れる,wordfreq:ja,wordfreq_seeded;deterministically_filtered;structurally_curated
ja,v1,1,65,71,だろ,だろ,だろ,unknown,だろ,wordfreq:ja,wordfreq_seeded;deterministically_filtered;structurally_curated
ja,v1,1,66,72,なく,なく,なく,unknown,なく,wordfreq:ja,wordfreq_seeded;deterministically_filtered;structurally_curated
ja,v1,1,67,73,私,私,私,unknown,私,wordfreq:ja,wordfreq_seeded;deterministically_filtered;structurally_curated
ja,v1,1,68,74,ため,ため,ため,unknown,ため,wordfreq:ja,wordfreq_seeded;deterministically_filtered;structurally_curated
ja,v1,1,69,75,わ,わ,わ,unknown,わ,wordfreq:ja,wordfreq_seeded;deterministically_filtered;structurally_curated
ja,v1,1,70,76,時,時,時,unknown,時,wordfreq:ja,wordfreq_seeded;deterministically_filtered;structurally_curated
ja,v1,1,71,77,あり,あり,あり,unknown,あり,wordfreq:ja,wordfreq_seeded;deterministically_filtered;structurally_curated
ja,v1,1,72,78,もの,もの,もの,unknown,もの,wordfreq:ja,wordfreq_seeded;deterministically_filtered;structurally_curated
ja,v1,1,73,80,へ,へ,へ,unknown,へ,wordfreq:ja,wordfreq_seeded;deterministically_filtered;structurally_curated
ja,v1,1,74,81,一,一,一,unknown,一,wordfreq:ja,wordfreq_seeded;deterministically_filtered;structurally_curated
ja,v1,1,75,82,あっ,あっ,あっ,unknown,あっ,wordfreq:ja,wordfreq_seeded;deterministically_filtered;structurally_curated
ja,v1,1,76,83,さん,さん,さん,unknown,さん,wordfreq:ja,wordfreq_seeded;deterministically_filtered;structurally_curated
ja,v1,1,77,84,ので,ので,ので,unknown,ので,wordfreq:ja,wordfreq_seeded;deterministically_filtered;structurally_curated
ja,v1,1,78,85,今,今,今,unknown,今,wordfreq:ja,wordfreq_seeded;deterministically_filtered;structurally_curated
ja,v1,1,79,86,方,方,方,unknown,方,wordfreq:ja,wordfreq_seeded;deterministically_filtered;structurally_curated
ja,v1,1,80,87,き,き,き,unknown,き,wordfreq:ja,wordfreq_seeded;deterministically_filtered;structurally_curated
ja,v1,1,81,88,せ,せ,せ,unknown,せ,wordfreq:ja,wordfreq_seeded;deterministically_filtered;structurally_curated
ja,v1,1,82,89,として,として,として,unknown,として,wordfreq:ja,wordfreq_seeded;deterministically_filtered;structurally_curated
ja,v1,1,83,91,日本,日本,日本,unknown,日本,wordfreq:ja,wordfreq_seeded;deterministically_filtered;structurally_curated
ja,v1,1,84,92,でき,でき,でき,unknown,でき,wordfreq:ja,wordfreq_seeded;deterministically_filtered;structurally_curated
ja,v1,1,85,93,ませ,ませ,ませ,unknown,ませ,wordfreq:ja,wordfreq_seeded;deterministically_filtered;structurally_curated
ja,v1,1,86,94,やっ,やっ,やっ,unknown,やっ,wordfreq:ja,wordfreq_seeded;deterministically_filtered;structurally_curated
ja,v1,1,87,95,など,など,など,unknown,など,wordfreq:ja,wordfreq_seeded;deterministically_filtered;structurally_curated
ja,v1,1,88,96,思っ,思っ,思っ,unknown,思っ,wordfreq:ja,wordfreq_seeded;deterministically_filtered;structurally_curated
ja,v1,1,89,97,自分,自分,自分,unknown,自分,wordfreq:ja,wordfreq_seeded;deterministically_filtered;structurally_curated
ja,v1,1,90,98,なかっ,なかっ,なかっ,unknown,なかっ,wordfreq:ja,wordfreq_seeded;deterministically_filtered;structurally_curated
ja,v1,1,91,99,られ,られ,られ,unknown,られ,wordfreq:ja,wordfreq_seeded;deterministically_filtered;structurally_curated
ja,v1,1,92,100,ー,ー,ー,unknown,ー,wordfreq:ja,wordfreq_seeded;deterministically_filtered;structurally_curated
ja,v1,1,93,101,より,より,より,unknown,より,wordfreq:ja,wordfreq_seeded;deterministically_filtered;structurally_curated
ja,v1,1,94,102,とか,とか,とか,unknown,とか,wordfreq:ja,wordfreq_seeded;deterministically_filtered;structurally_curated
ja,v1,1,95,103,俺,俺,俺,unknown,俺,wordfreq:ja,wordfreq_seeded;deterministically_filtered;structurally_curated
ja,v1,1,96,104,前,前,前,unknown,前,wordfreq:ja,wordfreq_seeded;deterministically_filtered;structurally_curated
ja,v1,1,97,105,気,気,気,unknown,気,wordfreq:ja,wordfreq_seeded;deterministically_filtered;structurally_curated
ja,v1,1,98,106,時間,時間,時間,unknown,時間,wordfreq:ja,wordfreq_seeded;deterministically_filtered;structurally_curated
ja,v1,1,99,107,どう,どう,どう,unknown,どう,wordfreq:ja,wordfreq_seeded;deterministically_filtered;structurally_curated
ja,v1,1,100,108,でしょ,でしょ,でしょ,unknown,でしょ,wordfreq:ja,wordfreq_seeded;deterministically_filtered;structurally_curated
ja,v1,1,101,109,また,また,また,unknown,また,wordfreq:ja,wordfreq_seeded;deterministically_filtered;structurally_curated
ja,v1,1,102,110,もう,もう,もう,unknown,もう,wordfreq:ja,wordfreq_seeded;deterministically_filtered;structurally_curated
ja,v1,1,103,111,目,目,目,unknown,目,wordfreq:ja,wordfreq_seeded;deterministically_filtered;structurally_curated
ja,v1,1,104,112,言っ,言っ,言っ,unknown,言っ,wordfreq:ja,wordfreq_seeded;deterministically_filtered;structurally_curated
ja,v1,1,105,113,え,え,え,unknown,え,wordfreq:ja,wordfreq_seeded;deterministically_filtered;structurally_curated
ja,v1,1,106,114,できる,できる,できる,unknown,できる,wordfreq:ja,wordfreq_seeded;deterministically_filtered;structurally_curated
ja,v1,1,107,115,なり,なり,なり,unknown,なり,wordfreq:ja,wordfreq_seeded;deterministically_filtered;structurally_curated
ja,v1,1,108,116,話,話,話,unknown,話,wordfreq:ja,wordfreq_seeded;deterministically_filtered;structurally_curated
ja,v1,1,109,117,くれ,くれ,くれ,unknown,くれ,wordfreq:ja,wordfreq_seeded;deterministically_filtered;structurally_curated
ja,v1,1,110,118,事,事,事,unknown,事,wordfreq:ja,wordfreq_seeded;deterministically_filtered;structurally_curated
ja,v1,1,111,119,出,出,出,unknown,出,wordfreq:ja,wordfreq_seeded;deterministically_filtered;structurally_curated
ja,v1,1,112,120,ず,ず,ず,unknown,ず,wordfreq:ja,wordfreq_seeded;deterministically_filtered;structurally_curated
ja,v1,1,113,121,思う,思う,思う,unknown,思う,wordfreq:ja,wordfreq_seeded;deterministically_filtered;structurally_curated
ja,v1,1,114,123,かも,かも,かも,unknown,かも,wordfreq:ja,wordfreq_seeded;deterministically_filtered;structurally_curated
ja,v1,1,115,124,分,分,分,unknown,分,wordfreq:ja,wordfreq_seeded;deterministically_filtered;structurally_curated
ja,v1,1,116,125,家,家,家,unknown,家,wordfreq:ja,wordfreq_seeded;deterministically_filtered;structurally_curated
ja,v1,1,117,127,たり,たり,たり,unknown,たり,wordfreq:ja,wordfreq_seeded;deterministically_filtered;structurally_curated
ja,v1,1,118,128,ご,ご,ご,unknown,ご,wordfreq:ja,wordfreq_seeded;deterministically_filtered;structurally_curated
ja,v1,1,119,129,み,み,み,unknown,み,wordfreq:ja,wordfreq_seeded;deterministically_filtered;structurally_curated
ja,v1,1,120,130,円,円,円,unknown,円,wordfreq:ja,wordfreq_seeded;deterministically_filtered;structurally_curated
ja,v1,1,121,132,後,後,後,unknown,後,wordfreq:ja,wordfreq_seeded;deterministically_filtered;structurally_curated
ja,v1,1,122,133,のに,のに,のに,unknown,のに,wordfreq:ja,wordfreq_seeded;deterministically_filtered;structurally_curated
ja,v1,1,123,134,みたい,みたい,みたい,unknown,みたい,wordfreq:ja,wordfreq_seeded;deterministically_filtered;structurally_curated
ja,v1,1,124,135,ください,ください,ください,unknown,ください,wordfreq:ja,wordfreq_seeded;deterministically_filtered;structurally_curated
ja,v1,1,125,136,たち,たち,たち,unknown,たち,wordfreq:ja,wordfreq_seeded;deterministically_filtered;structurally_curated
ja,v1,1,126,137,二,二,二,unknown,二,wordfreq:ja,wordfreq_seeded;deterministically_filtered;structurally_curated
ja,v1,1,127,138,好き,好き,好き,unknown,好き,wordfreq:ja,wordfreq_seeded;deterministically_filtered;structurally_curated
ja,v1,1,128,139,良い,良い,良い,unknown,良い,wordfreq:ja,wordfreq_seeded;deterministically_filtered;structurally_curated
ja,v1,1,129,140,ここ,ここ,ここ,unknown,ここ,wordfreq:ja,wordfreq_seeded;deterministically_filtered;structurally_curated
ja,v1,1,130,141,ぞ,ぞ,ぞ,unknown,ぞ,wordfreq:ja,wordfreq_seeded;deterministically_filtered;structurally_curated
ja,v1,1,131,142,大,大,大,unknown,大,wordfreq:ja,wordfreq_seeded;deterministically_filtered;structurally_curated
ja,v1,1,132,143,性,性,性,unknown,性,wordfreq:ja,wordfreq_seeded;deterministically_filtered;structurally_curated
ja,v1,1,133,145,上,上,上,unknown,上,wordfreq:ja,wordfreq_seeded;deterministically_filtered;structurally_curated
ja,v1,1,134,146,回,回,回,unknown,回,wordfreq:ja,wordfreq_seeded;deterministically_filtered;structurally_curated
ja,v1,1,135,147,考え,考え,考え,unknown,考え,wordfreq:ja,wordfreq_seeded;deterministically_filtered;structurally_curated
ja,v1,1,136,148,感じ,感じ,感じ,unknown,感じ,wordfreq:ja,wordfreq_seeded;deterministically_filtered;structurally_curated
ja,v1,1,137,149,数,数,数,unknown,数,wordfreq:ja,wordfreq_seeded;deterministically_filtered;structurally_curated
ja,v1,1,138,150,必要,必要,必要,unknown,必要,wordfreq:ja,wordfreq_seeded;deterministically_filtered;structurally_curated
ja,v1,1,139,151,行っ,行っ,行っ,unknown,行っ,wordfreq:ja,wordfreq_seeded;deterministically_filtered;structurally_curated
ja,v1,1,140,153,そんな,そんな,そんな,unknown,そんな,wordfreq:ja,wordfreq_seeded;deterministically_filtered;structurally_curated
ja,v1,1,141,154,なんて,なんて,なんて,unknown,なんて,wordfreq:ja,wordfreq_seeded;deterministically_filtered;structurally_curated
ja,v1,1,142,155,ら,ら,ら,unknown,ら,wordfreq:ja,wordfreq_seeded;deterministically_filtered;structurally_curated
ja,v1,1,143,156,万,万,万,unknown,万,wordfreq:ja,wordfreq_seeded;deterministically_filtered;structurally_curated
ja,v1,1,144,157,来,来,来,unknown,来,wordfreq:ja,wordfreq_seeded;deterministically_filtered;structurally_curated
ja,v1,1,145,158,ちょっと,ちょっと,ちょっと,unknown,ちょっと,wordfreq:ja,wordfreq_seeded;deterministically_filtered;structurally_curated
ja,v1,1,146,159,世界,世界,世界,unknown,世界,wordfreq:ja,wordfreq_seeded;deterministically_filtered;structurally_curated
ja,v1,1,147,160,他,他,他,unknown,他,wordfreq:ja,wordfreq_seeded;deterministically_filtered;structurally_curated
ja,v1,1,148,161,本,本,本,unknown,本,wordfreq:ja,wordfreq_seeded;deterministically_filtered;structurally_curated
ja,v1,1,149,162,誰,誰,誰,unknown,誰,wordfreq:ja,wordfreq_seeded;deterministically_filtered;structurally_curated
ja,v1,1,150,163,ありがとう,ありがとう,ありがとう,unknown,ありがとう,wordfreq:ja,wordfreq_seeded;deterministically_filtered;structurally_curated
ja,v1,1,151,164,あれ,あれ,あれ,unknown,あれ,wordfreq:ja,wordfreq_seeded;deterministically_filtered;structurally_curated
ja,v1,1,152,165,つ,つ,つ,unknown,つ,wordfreq:ja,wordfreq_seeded;deterministically_filtered;structurally_curated
ja,v1,1,153,166,でし,でし,でし,unknown,でし,wordfreq:ja,wordfreq_seeded;deterministically_filtered;structurally_curated
ja,v1,1,154,167,よく,よく,よく,unknown,よく,wordfreq:ja,wordfreq_seeded;deterministically_filtered;structurally_curated
ja,v1,1,155,168,化,化,化,unknown,化,wordfreq:ja,wordfreq_seeded;deterministically_filtered;structurally_curated
ja,v1,1,156,169,第,第,第,unknown,第,wordfreq:ja,wordfreq_seeded;deterministically_filtered;structurally_curated
ja,v1,1,157,170,ああ,ああ,ああ,unknown,ああ,wordfreq:ja,wordfreq_seeded;deterministically_filtered;structurally_curated
ja,v1,1,158,171,しか,しか,しか,unknown,しか,wordfreq:ja,wordfreq_seeded;deterministically_filtered;structurally_curated
ja,v1,1,159,172,ところ,ところ,ところ,unknown,ところ,wordfreq:ja,wordfreq_seeded;deterministically_filtered;structurally_curated
ja,v1,1,160,173,仕事,仕事,仕事,unknown,仕事,wordfreq:ja,wordfreq_seeded;deterministically_filtered;structurally_curated
ja,v1,1,161,174,言う,言う,言う,unknown,言う,wordfreq:ja,wordfreq_seeded;deterministically_filtered;structurally_curated
ja,v1,1,162,175,市,市,市,unknown,市,wordfreq:ja,wordfreq_seeded;deterministically_filtered;structurally_curated
ja,v1,1,163,176,県,県,県,unknown,県,wordfreq:ja,wordfreq_seeded;deterministically_filtered;structurally_curated
ja,v1,1,164,178,あなた,あなた,あなた,unknown,あなた,wordfreq:ja,wordfreq_seeded;deterministically_filtered;structurally_curated
ja,v1,1,165,179,おり,おり,おり,unknown,おり,wordfreq:ja,wordfreq_seeded;deterministically_filtered;structurally_curated
ja,v1,1,166,180,こんな,こんな,こんな,unknown,こんな,wordfreq:ja,wordfreq_seeded;deterministically_filtered;structurally_curated
ja,v1,1,167,181,について,について,について,unknown,について,wordfreq:ja,wordfreq_seeded;deterministically_filtered;structurally_curated
ja,v1,1,168,182,られる,られる,られる,unknown,られる,wordfreq:ja,wordfreq_seeded;deterministically_filtered;structurally_curated
ja,v1,1,169,183,同じ,同じ,同じ,unknown,同じ,wordfreq:ja,wordfreq_seeded;deterministically_filtered;structurally_curated
ja,v1,1,170,184,問題,問題,問題,unknown,問題,wordfreq:ja,wordfreq_seeded;deterministically_filtered;structurally_curated
ja,v1,1,171,185,a,a,a,unknown,a,wordfreq:ja,wordfreq_seeded;deterministically_filtered;structurally_curated
ja,v1,1,172,186,w,w,w,unknown,w,wordfreq:ja,wordfreq_seeded;deterministically_filtered;structurally_curated
ja,v1,1,173,187,まだ,まだ,まだ,unknown,まだ,wordfreq:ja,wordfreq_seeded;deterministically_filtered;structurally_curated
ja,v1,1,174,188,言わ,言わ,言わ,unknown,言わ,wordfreq:ja,wordfreq_seeded;deterministically_filtered;structurally_curated
ja,v1,1,175,189,とき,とき,とき,unknown,とき,wordfreq:ja,wordfreq_seeded;deterministically_filtered;structurally_curated
ja,v1,1,176,190,度,度,度,unknown,度,wordfreq:ja,wordfreq_seeded;deterministically_filtered;structurally_curated
ja,v1,1,177,191,系,系,系,unknown,系,wordfreq:ja,wordfreq_seeded;deterministically_filtered;structurally_curated
ja,v1,1,178,192,手,手,手,unknown,手,wordfreq:ja,wordfreq_seeded;deterministically_filtered;structurally_curated
ja,v1,1,179,193,くる,くる,くる,unknown,くる,wordfreq:ja,wordfreq_seeded;deterministically_filtered;structurally_curated
ja,v1,1,180,194,みんな,みんな,みんな,unknown,みんな,wordfreq:ja,wordfreq_seeded;deterministically_filtered;structurally_curated
ja,v1,1,181,195,ゲーム,ゲーム,ゲーム,unknown,ゲーム,wordfreq:ja,wordfreq_seeded;deterministically_filtered;structurally_curated
ja,v1,1,182,196,そして,そして,そして,unknown,そして,wordfreq:ja,wordfreq_seeded;deterministically_filtered;structurally_curated
ja,v1,1,183,197,思い,思い,思い,unknown,思い,wordfreq:ja,wordfreq_seeded;deterministically_filtered;structurally_curated
ja,v1,1,184,198,情報,情報,情報,unknown,情報,wordfreq:ja,wordfreq_seeded;deterministically_filtered;structurally_curated
ja,v1,1,185,199,くらい,くらい,くらい,unknown,くらい,wordfreq:ja,wordfreq_seeded;deterministically_filtered;structurally_curated
ja,v1,1,186,200,しよ,しよ,しよ,unknown,しよ,wordfreq:ja,wordfreq_seeded;deterministically_filtered;structurally_curated
ja,v1,1,187,201,三,三,三,unknown,三,wordfreq:ja,wordfreq_seeded;deterministically_filtered;structurally_curated
ja,v1,1,188,202,関係,関係,関係,unknown,関係,wordfreq:ja,wordfreq_seeded;deterministically_filtered;structurally_curated
ja,v1,1,189,203,くれる,くれる,くれる,unknown,くれる,wordfreq:ja,wordfreq_seeded;deterministically_filtered;structurally_curated
ja,v1,1,190,204,たく,たく,たく,unknown,たく,wordfreq:ja,wordfreq_seeded;deterministically_filtered;structurally_curated
ja,v1,1,191,205,ながら,ながら,ながら,unknown,ながら,wordfreq:ja,wordfreq_seeded;deterministically_filtered;structurally_curated
ja,v1,1,192,206,会,会,会,unknown,会,wordfreq:ja,wordfreq_seeded;deterministically_filtered;structurally_curated
ja,v1,1,193,207,僕,僕,僕,unknown,僕,wordfreq:ja,wordfreq_seeded;deterministically_filtered;structurally_curated
ja,v1,1,194,208,力,力,力,unknown,力,wordfreq:ja,wordfreq_seeded;deterministically_filtered;structurally_curated
ja,v1,1,195,209,国,国,国,unknown,国,wordfreq:ja,wordfreq_seeded;deterministically_filtered;structurally_curated
ja,v1,1,196,210,しかし,しかし,しかし,unknown,しかし,wordfreq:ja,wordfreq_seeded;deterministically_filtered;structurally_curated
ja,v1,1,197,211,今日,今日,今日,unknown,今日,wordfreq:ja,wordfreq_seeded;deterministically_filtered;structurally_curated
ja,v1,1,198,212,持っ,持っ,持っ,unknown,持っ,wordfreq:ja,wordfreq_seeded;deterministically_filtered;structurally_curated
ja,v1,1,199,213,本当に,本当に,本当に,unknown,本当に,wordfreq:ja,wordfreq_seeded;deterministically_filtered;structurally_curated
ja,v1,1,200,214,m,m,m,unknown,m,wordfreq:ja,wordfreq_seeded;deterministically_filtered;structurally_curated
ja,v1,1,201,215,ちゃん,ちゃん,ちゃん,unknown,ちゃん,wordfreq:ja,wordfreq_seeded;deterministically_filtered;structurally_curated
ja,v1,1,202,216,以上,以上,以上,unknown,以上,wordfreq:ja,wordfreq_seeded;deterministically_filtered;structurally_curated
ja,v1,1,203,217,可能,可能,可能,unknown,可能,wordfreq:ja,wordfreq_seeded;deterministically_filtered;structurally_curated
ja,v1,1,204,218,場合,場合,場合,unknown,場合,wordfreq:ja,wordfreq_seeded;deterministically_filtered;structurally_curated
ja,v1,1,205,219,多い,多い,多い,unknown,多い,wordfreq:ja,wordfreq_seeded;deterministically_filtered;structurally_curated
ja,v1,1,206,220,子,子,子,unknown,子,wordfreq:ja,wordfreq_seeded;deterministically_filtered;structurally_curated
ja,v1,1,207,221,車,車,車,unknown,車,wordfreq:ja,wordfreq_seeded;deterministically_filtered;structurally_curated
ja,v1,1,208,222,金,金,金,unknown,金,wordfreq:ja,wordfreq_seeded;deterministically_filtered;structurally_curated
ja,v1,1,209,223,あ,あ,あ,unknown,あ,wordfreq:ja,wordfreq_seeded;deterministically_filtered;structurally_curated
ja,v1,1,210,224,あの,あの,あの,unknown,あの,wordfreq:ja,wordfreq_seeded;deterministically_filtered;structurally_curated
ja,v1,1,211,225,どこ,どこ,どこ,unknown,どこ,wordfreq:ja,wordfreq_seeded;deterministically_filtered;structurally_curated
ja,v1,1,212,226,なん,なん,なん,unknown,なん,wordfreq:ja,wordfreq_seeded;deterministically_filtered;structurally_curated
ja,v1,1,213,227,男,男,男,unknown,男,wordfreq:ja,wordfreq_seeded;deterministically_filtered;structurally_curated
ja,v1,1,214,228,間,間,間,unknown,間,wordfreq:ja,wordfreq_seeded;deterministically_filtered;structurally_curated
ja,v1,1,215,229,せる,せる,せる,unknown,せる,wordfreq:ja,wordfreq_seeded;deterministically_filtered;structurally_curated
ja,v1,1,216,230,なんか,なんか,なんか,unknown,なんか,wordfreq:ja,wordfreq_seeded;deterministically_filtered;structurally_curated
ja,v1,1,217,231,出来,出来,出来,unknown,出来,wordfreq:ja,wordfreq_seeded;deterministically_filtered;structurally_curated
ja,v1,1,218,232,所,所,所,unknown,所,wordfreq:ja,wordfreq_seeded;deterministically_filtered;structurally_curated
ja,v1,1,219,233,すぎ,すぎ,すぎ,unknown,すぎ,wordfreq:ja,wordfreq_seeded;deterministically_filtered;structurally_curated
ja,v1,1,220,234,人間,人間,人間,unknown,人間,wordfreq:ja,wordfreq_seeded;deterministically_filtered;structurally_curated
ja,v1,1,221,235,使っ,使っ,使っ,unknown,使っ,wordfreq:ja,wordfreq_seeded;deterministically_filtered;structurally_curated
ja,v1,1,222,236,名,名,名,unknown,名,wordfreq:ja,wordfreq_seeded;deterministically_filtered;structurally_curated
ja,v1,1,223,237,女,女,女,unknown,女,wordfreq:ja,wordfreq_seeded;deterministically_filtered;structurally_curated
ja,v1,1,224,238,知ら,知ら,知ら,unknown,知ら,wordfreq:ja,wordfreq_seeded;deterministically_filtered;structurally_curated
ja,v1,1,225,239,s,s,s,unknown,s,wordfreq:ja,wordfreq_seeded;deterministically_filtered;structurally_curated
ja,v1,1,226,240,あと,あと,あと,unknown,あと,wordfreq:ja,wordfreq_seeded;deterministically_filtered;structurally_curated
ja,v1,1,227,241,いう,いう,いう,unknown,いう,wordfreq:ja,wordfreq_seeded;deterministically_filtered;structurally_curated
ja,v1,1,228,242,いく,いく,いく,unknown,いく,wordfreq:ja,wordfreq_seeded;deterministically_filtered;structurally_curated
ja,v1,1,229,243,しれ,しれ,しれ,unknown,しれ,wordfreq:ja,wordfreq_seeded;deterministically_filtered;structurally_curated
ja,v1,1,230,244,やる,やる,やる,unknown,やる,wordfreq:ja,wordfreq_seeded;deterministically_filtered;structurally_curated
ja,v1,1,231,245,位,位,位,unknown,位,wordfreq:ja,wordfreq_seeded;deterministically_filtered;structurally_curated
ja,v1,1,232,246,様,様,様,unknown,様,wordfreq:ja,wordfreq_seeded;deterministically_filtered;structurally_curated
ja,v1,1,233,247,次,次,次,unknown,次,wordfreq:ja,wordfreq_seeded;deterministically_filtered;structurally_curated
ja,v1,1,234,248,行く,行く,行く,unknown,行く,wordfreq:ja,wordfreq_seeded;deterministically_filtered;structurally_curated
ja,v1,1,235,249,しまっ,しまっ,しまっ,unknown,しまっ,wordfreq:ja,wordfreq_seeded;deterministically_filtered;structurally_curated
ja,v1,1,236,250,ほど,ほど,ほど,unknown,ほど,wordfreq:ja,wordfreq_seeded;deterministically_filtered;structurally_curated
ja,v1,1,237,251,入れ,入れ,入れ,unknown,入れ,wordfreq:ja,wordfreq_seeded;deterministically_filtered;structurally_curated
ja,v1,1,238,252,欲しい,欲しい,欲しい,unknown,欲しい,wordfreq:ja,wordfreq_seeded;deterministically_filtered;structurally_curated
ja,v1,1,239,253,無い,無い,無い,unknown,無い,wordfreq:ja,wordfreq_seeded;deterministically_filtered;structurally_curated
ja,v1,1,240,254,the,the,the,unknown,the,wordfreq:ja,wordfreq_seeded;deterministically_filtered;structurally_curated
ja,v1,1,241,255,すぐ,すぐ,すぐ,unknown,すぐ,wordfreq:ja,wordfreq_seeded;deterministically_filtered;structurally_curated
ja,v1,1,242,256,ただ,ただ,ただ,unknown,ただ,wordfreq:ja,wordfreq_seeded;deterministically_filtered;structurally_curated
ja,v1,1,243,257,ましょ,ましょ,ましょ,unknown,ましょ,wordfreq:ja,wordfreq_seeded;deterministically_filtered;structurally_curated
ja,v1,1,244,258,わけ,わけ,わけ,unknown,わけ,wordfreq:ja,wordfreq_seeded;deterministically_filtered;structurally_curated
ja,v1,1,245,259,ノ,ノ,ノ,unknown,ノ,wordfreq:ja,wordfreq_seeded;deterministically_filtered;structurally_curated
ja,v1,1,246,260,入っ,入っ,入っ,unknown,入っ,wordfreq:ja,wordfreq_seeded;deterministically_filtered;structurally_curated
ja,v1,1,247,261,女性,女性,女性,unknown,女性,wordfreq:ja,wordfreq_seeded;deterministically_filtered;structurally_curated
ja,v1,1,248,262,東京,東京,東京,unknown,東京,wordfreq:ja,wordfreq_seeded;deterministically_filtered;structurally_curated
ja,v1,1,249,263,歳,歳,歳,unknown,歳,wordfreq:ja,wordfreq_seeded;deterministically_filtered;structurally_curated
ja,v1,1,250,264,見る,見る,見る,unknown,見る,wordfreq:ja,wordfreq_seeded;deterministically_filtered;structurally_curated
ja,v1,1,251,265,べき,べき,べき,unknown,べき,wordfreq:ja,wordfreq_seeded;deterministically_filtered;structurally_curated
ja,v1,1,252,266,意味,意味,意味,unknown,意味,wordfreq:ja,wordfreq_seeded;deterministically_filtered;structurally_curated
ja,v1,1,253,267,そこ,そこ,そこ,unknown,そこ,wordfreq:ja,wordfreq_seeded;deterministically_filtered;structurally_curated
ja,v1,1,254,268,っ,っ,っ,unknown,っ,wordfreq:ja,wordfreq_seeded;deterministically_filtered;structurally_curated
ja,v1,1,255,269,一緒,一緒,一緒,unknown,一緒,wordfreq:ja,wordfreq_seeded;deterministically_filtered;structurally_curated
ja,v1,1,256,270,多く,多く,多く,unknown,多く,wordfreq:ja,wordfreq_seeded;deterministically_filtered;structurally_curated
ja,v1,1,257,271,b,b,b,unknown,b,wordfreq:ja,wordfreq_seeded;deterministically_filtered;structurally_curated
ja,v1,1,258,273,うち,うち,うち,unknown,うち,wordfreq:ja,wordfreq_seeded;deterministically_filtered;structurally_curated
ja,v1,1,259,274,なぁ,なぁ,なぁ,unknown,なぁ,wordfreq:ja,wordfreq_seeded;deterministically_filtered;structurally_curated
ja,v1,1,260,275,君,君,君,unknown,君,wordfreq:ja,wordfreq_seeded;deterministically_filtered;structurally_curated
ja,v1,1,261,276,いっ,いっ,いっ,unknown,いっ,wordfreq:ja,wordfreq_seeded;deterministically_filtered;structurally_curated
ja,v1,1,262,277,ござい,ござい,ござい,unknown,ござい,wordfreq:ja,wordfreq_seeded;deterministically_filtered;structurally_curated
ja,v1,1,263,278,によって,によって,によって,unknown,によって,wordfreq:ja,wordfreq_seeded;deterministically_filtered;structurally_curated
ja,v1,1,264,279,もっと,もっと,もっと,unknown,もっと,wordfreq:ja,wordfreq_seeded;deterministically_filtered;structurally_curated
ja,v1,1,265,280,使用,使用,使用,unknown,使用,wordfreq:ja,wordfreq_seeded;deterministically_filtered;structurally_curated
ja,v1,1,266,281,店,店,店,unknown,店,wordfreq:ja,wordfreq_seeded;deterministically_filtered;structurally_curated
ja,v1,1,267,282,悪い,悪い,悪い,unknown,悪い,wordfreq:ja,wordfreq_seeded;deterministically_filtered;structurally_curated
ja,v1,1,268,283,新,新,新,unknown,新,wordfreq:ja,wordfreq_seeded;deterministically_filtered;structurally_curated
ja,v1,1,269,284,生,生,生,unknown,生,wordfreq:ja,wordfreq_seeded;deterministically_filtered;structurally_curated
ja,v1,1,270,285,結果,結果,結果,unknown,結果,wordfreq:ja,wordfreq_seeded;deterministically_filtered;structurally_curated
ja,v1,1,271,286,食べ,食べ,食べ,unknown,食べ,wordfreq:ja,wordfreq_seeded;deterministically_filtered;structurally_curated
ja,v1,1,272,287,いや,いや,いや,unknown,いや,wordfreq:ja,wordfreq_seeded;deterministically_filtered;structurally_curated
ja,v1,1,273,288,しまう,しまう,しまう,unknown,しまう,wordfreq:ja,wordfreq_seeded;deterministically_filtered;structurally_curated
ja,v1,1,274,289,ぜ,ぜ,ぜ,unknown,ぜ,wordfreq:ja,wordfreq_seeded;deterministically_filtered;structurally_curated
ja,v1,1,275,290,先,先,先,unknown,先,wordfreq:ja,wordfreq_seeded;deterministically_filtered;structurally_curated
ja,v1,1,276,291,内,内,内,unknown,内,wordfreq:ja,wordfreq_seeded;deterministically_filtered;structurally_curated
ja,v1,1,277,292,写真,写真,写真,unknown,写真,wordfreq:ja,wordfreq_seeded;deterministically_filtered;structurally_curated
ja,v1,1,278,293,参加,参加,参加,unknown,参加,wordfreq:ja,wordfreq_seeded;deterministically_filtered;structurally_curated
ja,v1,1,279,294,感,感,感,unknown,感,wordfreq:ja,wordfreq_seeded;deterministically_filtered;structurally_curated
ja,v1,1,280,295,物,物,物,unknown,物,wordfreq:ja,wordfreq_seeded;deterministically_filtered;structurally_curated
ja,v1,1,281,296,知っ,知っ,知っ,unknown,知っ,wordfreq:ja,wordfreq_seeded;deterministically_filtered;structurally_curated
ja,v1,1,282,297,聞い,聞い,聞い,unknown,聞い,wordfreq:ja,wordfreq_seeded;deterministically_filtered;structurally_curated
ja,v1,1,283,298,顔,顔,顔,unknown,顔,wordfreq:ja,wordfreq_seeded;deterministically_filtered;structurally_curated
ja,v1,1,284,299,c,c,c,unknown,c,wordfreq:ja,wordfreq_seeded;deterministically_filtered;structurally_curated
ja,v1,1,285,300,お願い,お願い,お願い,unknown,お願い,wordfreq:ja,wordfreq_seeded;deterministically_filtered;structurally_curated
ja,v1,1,286,301,だって,だって,だって,unknown,だって,wordfreq:ja,wordfreq_seeded;deterministically_filtered;structurally_curated
ja,v1,1,287,302,やつ,やつ,やつ,unknown,やつ,wordfreq:ja,wordfreq_seeded;deterministically_filtered;structurally_curated
ja,v1,1,288,303,会社,会社,会社,unknown,会社,wordfreq:ja,wordfreq_seeded;deterministically_filtered;structurally_curated
ja,v1,1,289,304,声,声,声,unknown,声,wordfreq:ja,wordfreq_seeded;deterministically_filtered;structurally_curated
ja,v1,1,290,305,最近,最近,最近,unknown,最近,wordfreq:ja,wordfreq_seeded;deterministically_filtered;structurally_curated
ja,v1,1,291,306,用,用,用,unknown,用,wordfreq:ja,wordfreq_seeded;deterministically_filtered;structurally_curated
ja,v1,1,292,307,違う,違う,違う,unknown,違う,wordfreq:ja,wordfreq_seeded;deterministically_filtered;structurally_curated
ja,v1,1,293,308,による,による,による,unknown,による,wordfreq:ja,wordfreq_seeded;deterministically_filtered;structurally_curated
ja,v1,1,294,309,ま,ま,ま,unknown,ま,wordfreq:ja,wordfreq_seeded;deterministically_filtered;structurally_curated
ja,v1,1,295,310,十,十,十,unknown,十,wordfreq:ja,wordfreq_seeded;deterministically_filtered;structurally_curated
ja,v1,1,296,311,少し,少し,少し,unknown,少し,wordfreq:ja,wordfreq_seeded;deterministically_filtered;structurally_curated
ja,v1,1,297,312,時代,時代,時代,unknown,時代,wordfreq:ja,wordfreq_seeded;deterministically_filtered;structurally_curated
ja,v1,1,298,313,頭,頭,頭,unknown,頭,wordfreq:ja,wordfreq_seeded;deterministically_filtered;structurally_curated
ja,v1,1,299,314,i,i,i,unknown,i,wordfreq:ja,wordfreq_seeded;deterministically_filtered;structurally_curated
ja,v1,1,300,315,いつも,いつも,いつも,unknown,いつも,wordfreq:ja,wordfreq_seeded;deterministically_filtered;structurally_curated
ja,v1,1,301,316,お前,お前,お前,unknown,お前,wordfreq:ja,wordfreq_seeded;deterministically_filtered;structurally_curated
ja,v1,1,302,317,こ,こ,こ,unknown,こ,wordfreq:ja,wordfreq_seeded;deterministically_filtered;structurally_curated
ja,v1,1,303,318,わから,わから,わから,unknown,わから,wordfreq:ja,wordfreq_seeded;deterministically_filtered;structurally_curated
ja,v1,1,304,319,アメリカ,アメリカ,アメリカ,unknown,アメリカ,wordfreq:ja,wordfreq_seeded;deterministically_filtered;structurally_curated
ja,v1,1,305,320,代,代,代,unknown,代,wordfreq:ja,wordfreq_seeded;deterministically_filtered;structurally_curated
ja,v1,1,306,321,子供,子供,子供,unknown,子供,wordfreq:ja,wordfreq_seeded;deterministically_filtered;structurally_curated
ja,v1,1,307,322,彼,彼,彼,unknown,彼,wordfreq:ja,wordfreq_seeded;deterministically_filtered;structurally_curated
ja,v1,1,308,323,心,心,心,unknown,心,wordfreq:ja,wordfreq_seeded;deterministically_filtered;structurally_curated
ja,v1,1,309,324,高,高,高,unknown,高,wordfreq:ja,wordfreq_seeded;deterministically_filtered;structurally_curated
ja,v1,1,310,325,l,l,l,unknown,l,wordfreq:ja,wordfreq_seeded;deterministically_filtered;structurally_curated
ja,v1,1,311,326,t,t,t,unknown,t,wordfreq:ja,wordfreq_seeded;deterministically_filtered;structurally_curated
ja,v1,1,312,327,こちら,こちら,こちら,unknown,こちら,wordfreq:ja,wordfreq_seeded;deterministically_filtered;structurally_curated
ja,v1,1,313,328,アニメ,アニメ,アニメ,unknown,アニメ,wordfreq:ja,wordfreq_seeded;deterministically_filtered;structurally_curated
ja,v1,1,314,329,サイト,サイト,サイト,unknown,サイト,wordfreq:ja,wordfreq_seeded;deterministically_filtered;structurally_curated
ja,v1,1,315,330,名前,名前,名前,unknown,名前,wordfreq:ja,wordfreq_seeded;deterministically_filtered;structurally_curated
ja,v1,1,316,331,無料,無料,無料,unknown,無料,wordfreq:ja,wordfreq_seeded;deterministically_filtered;structurally_curated
ja,v1,1,317,332,版,版,版,unknown,版,wordfreq:ja,wordfreq_seeded;deterministically_filtered;structurally_curated
ja,v1,1,318,333,神,神,神,unknown,神,wordfreq:ja,wordfreq_seeded;deterministically_filtered;structurally_curated
ja,v1,1,319,334,等,等,等,unknown,等,wordfreq:ja,wordfreq_seeded;deterministically_filtered;structurally_curated
ja,v1,1,320,335,超,超,超,unknown,超,wordfreq:ja,wordfreq_seeded;deterministically_filtered;structurally_curated
ja,v1,1,321,336,つけ,つけ,つけ,unknown,つけ,wordfreq:ja,wordfreq_seeded;deterministically_filtered;structurally_curated
ja,v1,1,322,337,下,下,下,unknown,下,wordfreq:ja,wordfreq_seeded;deterministically_filtered;structurally_curated
ja,v1,1,323,338,元,元,元,unknown,元,wordfreq:ja,wordfreq_seeded;deterministically_filtered;structurally_curated
ja,v1,1,324,339,別,別,別,unknown,別,wordfreq:ja,wordfreq_seeded;deterministically_filtered;structurally_curated
ja,v1,1,325,340,場所,場所,場所,unknown,場所,wordfreq:ja,wordfreq_seeded;deterministically_filtered;structurally_curated
ja,v1,1,326,341,最後,最後,最後,unknown,最後,wordfreq:ja,wordfreq_seeded;deterministically_filtered;structurally_curated
ja,v1,1,327,342,部,部,部,unknown,部,wordfreq:ja,wordfreq_seeded;deterministically_filtered;structurally_curated
ja,v1,1,328,343,高い,高い,高い,unknown,高い,wordfreq:ja,wordfreq_seeded;deterministically_filtered;structurally_curated
ja,v1,1,329,344,いけ,いけ,いけ,unknown,いけ,wordfreq:ja,wordfreq_seeded;deterministically_filtered;structurally_curated
ja,v1,1,330,345,すれ,すれ,すれ,unknown,すれ,wordfreq:ja,wordfreq_seeded;deterministically_filtered;structurally_curated
ja,v1,1,331,346,一番,一番,一番,unknown,一番,wordfreq:ja,wordfreq_seeded;deterministically_filtered;structurally_curated
ja,v1,1,332,347,出し,出し,出し,unknown,出し,wordfreq:ja,wordfreq_seeded;deterministically_filtered;structurally_curated
ja,v1,1,333,348,受け,受け,受け,unknown,受け,wordfreq:ja,wordfreq_seeded;deterministically_filtered;structurally_curated
ja,v1,1,334,349,大丈夫,大丈夫,大丈夫,unknown,大丈夫,wordfreq:ja,wordfreq_seeded;deterministically_filtered;structurally_curated
ja,v1,1,335,350,町,町,町,unknown,町,wordfreq:ja,wordfreq_seeded;deterministically_filtered;structurally_curated
ja,v1,1,336,351,言葉,言葉,言葉,unknown,言葉,wordfreq:ja,wordfreq_seeded;deterministically_filtered;structurally_curated
ja,v1,1,337,352,奴,奴,奴,unknown,奴,wordfreq:ja,wordfreq_seeded;deterministically_filtered;structurally_curated
ja,v1,1,338,353,映画,映画,映画,unknown,映画,wordfreq:ja,wordfreq_seeded;deterministically_filtered;structurally_curated
ja,v1,1,339,354,氏,氏,氏,unknown,氏,wordfreq:ja,wordfreq_seeded;deterministically_filtered;structurally_curated
ja,v1,1,340,355,点,点,点,unknown,点,wordfreq:ja,wordfreq_seeded;deterministically_filtered;structurally_curated
ja,v1,1,341,356,社会,社会,社会,unknown,社会,wordfreq:ja,wordfreq_seeded;deterministically_filtered;structurally_curated
ja,v1,1,342,357,でる,でる,でる,unknown,でる,wordfreq:ja,wordfreq_seeded;deterministically_filtered;structurally_curated
ja,v1,1,343,358,なけれ,なけれ,なけれ,unknown,なけれ,wordfreq:ja,wordfreq_seeded;deterministically_filtered;structurally_curated
ja,v1,1,344,359,作っ,作っ,作っ,unknown,作っ,wordfreq:ja,wordfreq_seeded;deterministically_filtered;structurally_curated
ja,v1,1,345,360,方法,方法,方法,unknown,方法,wordfreq:ja,wordfreq_seeded;deterministically_filtered;structurally_curated
ja,v1,1,346,361,最初,最初,最初,unknown,最初,wordfreq:ja,wordfreq_seeded;deterministically_filtered;structurally_curated
ja,v1,1,347,362,理由,理由,理由,unknown,理由,wordfreq:ja,wordfreq_seeded;deterministically_filtered;structurally_curated
ja,v1,1,348,363,相手,相手,相手,unknown,相手,wordfreq:ja,wordfreq_seeded;deterministically_filtered;structurally_curated
ja,v1,1,349,364,見え,見え,見え,unknown,見え,wordfreq:ja,wordfreq_seeded;deterministically_filtered;structurally_curated
ja,v1,1,350,365,すごい,すごい,すごい,unknown,すごい,wordfreq:ja,wordfreq_seeded;deterministically_filtered;structurally_curated
ja,v1,1,351,366,とても,とても,とても,unknown,とても,wordfreq:ja,wordfreq_seeded;deterministically_filtered;structurally_curated
ja,v1,1,352,367,もん,もん,もん,unknown,もん,wordfreq:ja,wordfreq_seeded;deterministically_filtered;structurally_curated
ja,v1,1,353,368,体,体,体,unknown,体,wordfreq:ja,wordfreq_seeded;deterministically_filtered;structurally_curated
ja,v1,1,354,369,作品,作品,作品,unknown,作品,wordfreq:ja,wordfreq_seeded;deterministically_filtered;structurally_curated
ja,v1,1,355,370,動画,動画,動画,unknown,動画,wordfreq:ja,wordfreq_seeded;deterministically_filtered;structurally_curated
ja,v1,1,356,371,型,型,型,unknown,型,wordfreq:ja,wordfreq_seeded;deterministically_filtered;structurally_curated
ja,v1,1,357,372,始め,始め,始め,unknown,始め,wordfreq:ja,wordfreq_seeded;deterministically_filtered;structurally_curated
ja,v1,1,358,373,彼女,彼女,彼女,unknown,彼女,wordfreq:ja,wordfreq_seeded;deterministically_filtered;structurally_curated
ja,v1,1,359,374,頃,頃,頃,unknown,頃,wordfreq:ja,wordfreq_seeded;deterministically_filtered;structurally_curated
ja,v1,1,360,375,駅,駅,駅,unknown,駅,wordfreq:ja,wordfreq_seeded;deterministically_filtered;structurally_curated
ja,v1,1,361,376,かけ,かけ,かけ,unknown,かけ,wordfreq:ja,wordfreq_seeded;deterministically_filtered;structurally_curated
ja,v1,1,362,377,ちゃう,ちゃう,ちゃう,unknown,ちゃう,wordfreq:ja,wordfreq_seeded;deterministically_filtered;structurally_curated
ja,v1,1,363,378,はず,はず,はず,unknown,はず,wordfreq:ja,wordfreq_seeded;deterministically_filtered;structurally_curated
ja,v1,1,364,379,らしい,らしい,らしい,unknown,らしい,wordfreq:ja,wordfreq_seeded;deterministically_filtered;structurally_curated
ja,v1,1,365,380,下さい,下さい,下さい,unknown,下さい,wordfreq:ja,wordfreq_seeded;deterministically_filtered;structurally_curated
ja,v1,1,366,381,企業,企業,企業,unknown,企業,wordfreq:ja,wordfreq_seeded;deterministically_filtered;structurally_curated
ja,v1,1,367,382,利用,利用,利用,unknown,利用,wordfreq:ja,wordfreq_seeded;deterministically_filtered;structurally_curated
ja,v1,1,368,383,存在,存在,存在,unknown,存在,wordfreq:ja,wordfreq_seeded;deterministically_filtered;structurally_curated
ja,v1,1,369,384,曲,曲,曲,unknown,曲,wordfreq:ja,wordfreq_seeded;deterministically_filtered;structurally_curated
ja,v1,1,370,385,漫画,漫画,漫画,unknown,漫画,wordfreq:ja,wordfreq_seeded;deterministically_filtered;structurally_curated
ja,v1,1,371,386,無理,無理,無理,unknown,無理,wordfreq:ja,wordfreq_seeded;deterministically_filtered;structurally_curated
ja,v1,1,372,387,現在,現在,現在,unknown,現在,wordfreq:ja,wordfreq_seeded;deterministically_filtered;structurally_curated
ja,v1,1,373,388,買っ,買っ,買っ,unknown,買っ,wordfreq:ja,wordfreq_seeded;deterministically_filtered;structurally_curated
ja,v1,1,374,389,d,d,d,unknown,d,wordfreq:ja,wordfreq_seeded;deterministically_filtered;structurally_curated
ja,v1,1,375,390,す,す,す,unknown,す,wordfreq:ja,wordfreq_seeded;deterministically_filtered;structurally_curated
ja,v1,1,376,391,ちゃ,ちゃ,ちゃ,unknown,ちゃ,wordfreq:ja,wordfreq_seeded;deterministically_filtered;structurally_curated
ja,v1,1,377,392,わかる,わかる,わかる,unknown,わかる,wordfreq:ja,wordfreq_seeded;deterministically_filtered;structurally_curated
ja,v1,1,378,393,以外,以外,以外,unknown,以外,wordfreq:ja,wordfreq_seeded;deterministically_filtered;structurally_curated
ja,v1,1,379,394,水,水,水,unknown,水,wordfreq:ja,wordfreq_seeded;deterministically_filtered;structurally_curated
ja,v1,1,380,395,行き,行き,行き,unknown,行き,wordfreq:ja,wordfreq_seeded;deterministically_filtered;structurally_curated
ja,v1,1,381,396,言え,言え,言え,unknown,言え,wordfreq:ja,wordfreq_seeded;deterministically_filtered;structurally_curated
ja,v1,1,382,397,なに,なに,なに,unknown,なに,wordfreq:ja,wordfreq_seeded;deterministically_filtered;structurally_curated
ja,v1,1,383,398,やめ,やめ,やめ,unknown,やめ,wordfreq:ja,wordfreq_seeded;deterministically_filtered;structurally_curated
ja,v1,1,384,399,事件,事件,事件,unknown,事件,wordfreq:ja,wordfreq_seeded;deterministically_filtered;structurally_curated
ja,v1,1,385,400,普通,普通,普通,unknown,普通,wordfreq:ja,wordfreq_seeded;deterministically_filtered;structurally_curated
ja,v1,1,386,401,番,番,番,unknown,番,wordfreq:ja,wordfreq_seeded;deterministically_filtered;structurally_curated
ja,v1,1,387,402,通り,通り,通り,unknown,通り,wordfreq:ja,wordfreq_seeded;deterministically_filtered;structurally_curated
ja,v1,1,388,403,達,達,達,unknown,達,wordfreq:ja,wordfreq_seeded;deterministically_filtered;structurally_curated
ja,v1,1,389,404,ちゃっ,ちゃっ,ちゃっ,unknown,ちゃっ,wordfreq:ja,wordfreq_seeded;deterministically_filtered;structurally_curated
ja,v1,1,390,405,つい,つい,つい,unknown,つい,wordfreq:ja,wordfreq_seeded;deterministically_filtered;structurally_curated
ja,v1,1,391,406,ねえ,ねえ,ねえ,unknown,ねえ,wordfreq:ja,wordfreq_seeded;deterministically_filtered;structurally_curated
ja,v1,1,392,407,女子,女子,女子,unknown,女子,wordfreq:ja,wordfreq_seeded;deterministically_filtered;structurally_curated
ja,v1,1,393,408,学校,学校,学校,unknown,学校,wordfreq:ja,wordfreq_seeded;deterministically_filtered;structurally_curated
ja,v1,1,394,409,得,得,得,unknown,得,wordfreq:ja,wordfreq_seeded;deterministically_filtered;structurally_curated
ja,v1,1,395,410,最高,最高,最高,unknown,最高,wordfreq:ja,wordfreq_seeded;deterministically_filtered;structurally_curated
ja,v1,1,396,411,状態,状態,状態,unknown,状態,wordfreq:ja,wordfreq_seeded;deterministically_filtered;structurally_curated
ja,v1,1,397,412,画像,画像,画像,unknown,画像,wordfreq:ja,wordfreq_seeded;deterministically_filtered;structurally_curated
ja,v1,1,398,413,発売,発売,発売,unknown,発売,wordfreq:ja,wordfreq_seeded;deterministically_filtered;structurally_curated
ja,v1,1,399,414,簡単,簡単,簡単,unknown,簡単,wordfreq:ja,wordfreq_seeded;deterministically_filtered;structurally_curated
ja,v1,1,400,415,約,約,約,unknown,約,wordfreq:ja,wordfreq_seeded;deterministically_filtered;structurally_curated
ja,v1,1,401,416,絶対,絶対,絶対,unknown,絶対,wordfreq:ja,wordfreq_seeded;deterministically_filtered;structurally_curated
ja,v1,1,402,418,ほう,ほう,ほう,unknown,ほう,wordfreq:ja,wordfreq_seeded;deterministically_filtered;structurally_curated
ja,v1,1,403,419,まあ,まあ,まあ,unknown,まあ,wordfreq:ja,wordfreq_seeded;deterministically_filtered;structurally_curated
ja,v1,1,404,420,中国,中国,中国,unknown,中国,wordfreq:ja,wordfreq_seeded;deterministically_filtered;structurally_curated
ja,v1,1,405,421,側,側,側,unknown,側,wordfreq:ja,wordfreq_seeded;deterministically_filtered;structurally_curated
ja,v1,1,406,422,先生,先生,先生,unknown,先生,wordfreq:ja,wordfreq_seeded;deterministically_filtered;structurally_curated
ja,v1,1,407,423,実際,実際,実際,unknown,実際,wordfreq:ja,wordfreq_seeded;deterministically_filtered;structurally_curated
ja,v1,1,408,424,気持ち,気持ち,気持ち,unknown,気持ち,wordfreq:ja,wordfreq_seeded;deterministically_filtered;structurally_curated
ja,v1,1,409,425,確認,確認,確認,unknown,確認,wordfreq:ja,wordfreq_seeded;deterministically_filtered;structurally_curated
ja,v1,1,410,426,開催,開催,開催,unknown,開催,wordfreq:ja,wordfreq_seeded;deterministically_filtered;structurally_curated
ja,v1,1,411,427,すぎる,すぎる,すぎる,unknown,すぎる,wordfreq:ja,wordfreq_seeded;deterministically_filtered;structurally_curated
ja,v1,1,412,428,なし,なし,なし,unknown,なし,wordfreq:ja,wordfreq_seeded;deterministically_filtered;structurally_curated
ja,v1,1,413,429,ほしい,ほしい,ほしい,unknown,ほしい,wordfreq:ja,wordfreq_seeded;deterministically_filtered;structurally_curated
ja,v1,1,414,430,まま,まま,まま,unknown,まま,wordfreq:ja,wordfreq_seeded;deterministically_filtered;structurally_curated
ja,v1,1,415,431,今回,今回,今回,unknown,今回,wordfreq:ja,wordfreq_seeded;deterministically_filtered;structurally_curated
ja,v1,1,416,432,全部,全部,全部,unknown,全部,wordfreq:ja,wordfreq_seeded;deterministically_filtered;structurally_curated
ja,v1,1,417,433,夜,夜,夜,unknown,夜,wordfreq:ja,wordfreq_seeded;deterministically_filtered;structurally_curated
ja,v1,1,418,434,テレビ,テレビ,テレビ,unknown,テレビ,wordfreq:ja,wordfreq_seeded;deterministically_filtered;structurally_curated
ja,v1,1,419,435,個人,個人,個人,unknown,個人,wordfreq:ja,wordfreq_seeded;deterministically_filtered;structurally_curated
ja,v1,1,420,436,外,外,外,unknown,外,wordfreq:ja,wordfreq_seeded;deterministically_filtered;structurally_curated
ja,v1,1,421,437,忘れ,忘れ,忘れ,unknown,忘れ,wordfreq:ja,wordfreq_seeded;deterministically_filtered;structurally_curated
ja,v1,1,422,438,探し,探し,探し,unknown,探し,wordfreq:ja,wordfreq_seeded;deterministically_filtered;structurally_curated
ja,v1,1,423,439,教え,教え,教え,unknown,教え,wordfreq:ja,wordfreq_seeded;deterministically_filtered;structurally_curated
ja,v1,1,424,440,早く,早く,早く,unknown,早く,wordfreq:ja,wordfreq_seeded;deterministically_filtered;structurally_curated
ja,v1,1,425,441,枚,枚,枚,unknown,枚,wordfreq:ja,wordfreq_seeded;deterministically_filtered;structurally_curated
ja,v1,1,426,442,機,機,機,unknown,機,wordfreq:ja,wordfreq_seeded;deterministically_filtered;structurally_curated
ja,v1,1,427,443,法,法,法,unknown,法,wordfreq:ja,wordfreq_seeded;deterministically_filtered;structurally_curated
ja,v1,1,428,444,結婚,結婚,結婚,unknown,結婚,wordfreq:ja,wordfreq_seeded;deterministically_filtered;structurally_curated
ja,v1,1,429,446,いえ,いえ,いえ,unknown,いえ,wordfreq:ja,wordfreq_seeded;deterministically_filtered;structurally_curated
ja,v1,1,430,447,ずっと,ずっと,ずっと,unknown,ずっと,wordfreq:ja,wordfreq_seeded;deterministically_filtered;structurally_curated
ja,v1,1,431,448,やり,やり,やり,unknown,やり,wordfreq:ja,wordfreq_seeded;deterministically_filtered;structurally_curated
ja,v1,1,432,449,一つ,一つ,一つ,unknown,一つ,wordfreq:ja,wordfreq_seeded;deterministically_filtered;structurally_curated
ja,v1,1,433,450,出来る,出来る,出来る,unknown,出来る,wordfreq:ja,wordfreq_seeded;deterministically_filtered;structurally_curated
ja,v1,1,434,451,初めて,初めて,初めて,unknown,初めて,wordfreq:ja,wordfreq_seeded;deterministically_filtered;structurally_curated
ja,v1,1,435,452,友達,友達,友達,unknown,友達,wordfreq:ja,wordfreq_seeded;deterministically_filtered;structurally_curated
ja,v1,1,436,453,場,場,場,unknown,場,wordfreq:ja,wordfreq_seeded;deterministically_filtered;structurally_curated
ja,v1,1,437,454,生活,生活,生活,unknown,生活,wordfreq:ja,wordfreq_seeded;deterministically_filtered;structurally_curated
ja,v1,1,438,455,色,色,色,unknown,色,wordfreq:ja,wordfreq_seeded;deterministically_filtered;structurally_curated
ja,v1,1,439,456,言い,言い,言い,unknown,言い,wordfreq:ja,wordfreq_seeded;deterministically_filtered;structurally_curated
ja,v1,1,440,457,やら,やら,やら,unknown,やら,wordfreq:ja,wordfreq_seeded;deterministically_filtered;structurally_curated
ja,v1,1,441,458,ダメ,ダメ,ダメ,unknown,ダメ,wordfreq:ja,wordfreq_seeded;deterministically_filtered;structurally_curated
ja,v1,1,442,459,cm,cm,cm,unknown,cm,wordfreq:ja,wordfreq_seeded;deterministically_filtered;structurally_curated
ja,v1,1,443,460,x,x,x,unknown,x,wordfreq:ja,wordfreq_seeded;deterministically_filtered;structurally_curated
ja,v1,1,444,461,かなり,かなり,かなり,unknown,かなり,wordfreq:ja,wordfreq_seeded;deterministically_filtered;structurally_curated
ja,v1,1,445,462,どんな,どんな,どんな,unknown,どんな,wordfreq:ja,wordfreq_seeded;deterministically_filtered;structurally_curated
ja,v1,1,446,463,にて,にて,にて,unknown,にて,wordfreq:ja,wordfreq_seeded;deterministically_filtered;structurally_curated
ja,v1,1,447,464,により,により,により,unknown,により,wordfreq:ja,wordfreq_seeded;deterministically_filtered;structurally_curated
ja,v1,1,448,465,ねぇ,ねぇ,ねぇ,unknown,ねぇ,wordfreq:ja,wordfreq_seeded;deterministically_filtered;structurally_curated
ja,v1,1,449,466,のみ,のみ,のみ,unknown,のみ,wordfreq:ja,wordfreq_seeded;deterministically_filtered;structurally_curated
ja,v1,1,450,467,よかっ,よかっ,よかっ,unknown,よかっ,wordfreq:ja,wordfreq_seeded;deterministically_filtered;structurally_curated
ja,v1,1,451,468,人気,人気,人気,unknown,人気,wordfreq:ja,wordfreq_seeded;deterministically_filtered;structurally_curated
ja,v1,1,452,469,公開,公開,公開,unknown,公開,wordfreq:ja,wordfreq_seeded;deterministically_filtered;structurally_curated
ja,v1,1,453,470,初,初,初,unknown,初,wordfreq:ja,wordfreq_seeded;deterministically_filtered;structurally_curated
ja,v1,1,454,471,区,区,区,unknown,区,wordfreq:ja,wordfreq_seeded;deterministically_filtered;structurally_curated
ja,v1,1,455,472,新しい,新しい,新しい,unknown,新しい,wordfreq:ja,wordfreq_seeded;deterministically_filtered;structurally_curated
ja,v1,1,456,473,書い,書い,書い,unknown,書い,wordfreq:ja,wordfreq_seeded;deterministically_filtered;structurally_curated
ja,v1,1,457,474,理解,理解,理解,unknown,理解,wordfreq:ja,wordfreq_seeded;deterministically_filtered;structurally_curated
ja,v1,1,458,475,こう,こう,こう,unknown,こう,wordfreq:ja,wordfreq_seeded;deterministically_filtered;structurally_curated
ja,v1,1,459,476,さらに,さらに,さらに,unknown,さらに,wordfreq:ja,wordfreq_seeded;deterministically_filtered;structurally_curated
ja,v1,1,460,477,なぜ,なぜ,なぜ,unknown,なぜ,wordfreq:ja,wordfreq_seeded;deterministically_filtered;structurally_curated
ja,v1,1,461,478,全て,全て,全て,unknown,全て,wordfreq:ja,wordfreq_seeded;deterministically_filtered;structurally_curated
ja,v1,1,462,479,内容,内容,内容,unknown,内容,wordfreq:ja,wordfreq_seeded;deterministically_filtered;structurally_curated
ja,v1,1,463,480,向け,向け,向け,unknown,向け,wordfreq:ja,wordfreq_seeded;deterministically_filtered;structurally_curated
ja,v1,1,464,481,大阪,大阪,大阪,unknown,大阪,wordfreq:ja,wordfreq_seeded;deterministically_filtered;structurally_curated
ja,v1,1,465,482,女の子,女の子,女の子,unknown,女の子,wordfreq:ja,wordfreq_seeded;deterministically_filtered;structurally_curated
ja,v1,1,466,483,娘,娘,娘,unknown,娘,wordfreq:ja,wordfreq_seeded;deterministically_filtered;structurally_curated
ja,v1,1,467,484,対応,対応,対応,unknown,対応,wordfreq:ja,wordfreq_seeded;deterministically_filtered;structurally_curated
ja,v1,1,468,485,放送,放送,放送,unknown,放送,wordfreq:ja,wordfreq_seeded;deterministically_filtered;structurally_curated
ja,v1,1,469,486,活動,活動,活動,unknown,活動,wordfreq:ja,wordfreq_seeded;deterministically_filtered;structurally_curated
ja,v1,1,470,487,状況,状況,状況,unknown,状況,wordfreq:ja,wordfreq_seeded;deterministically_filtered;structurally_curated
ja,v1,1,471,488,登場,登場,登場,unknown,登場,wordfreq:ja,wordfreq_seeded;deterministically_filtered;structurally_curated
ja,v1,1,472,489,続け,続け,続け,unknown,続け,wordfreq:ja,wordfreq_seeded;deterministically_filtered;structurally_curated
ja,v1,1,473,490,販売,販売,販売,unknown,販売,wordfreq:ja,wordfreq_seeded;deterministically_filtered;structurally_curated
ja,v1,1,474,491,起き,起き,起き,unknown,起き,wordfreq:ja,wordfreq_seeded;deterministically_filtered;structurally_curated
ja,v1,1,475,492,音,音,音,unknown,音,wordfreq:ja,wordfreq_seeded;deterministically_filtered;structurally_curated
ja,v1,1,476,493,f,f,f,unknown,f,wordfreq:ja,wordfreq_seeded;deterministically_filtered;structurally_curated
ja,v1,1,477,494,p,p,p,unknown,p,wordfreq:ja,wordfreq_seeded;deterministically_filtered;structurally_curated
ja,v1,1,478,495,r,r,r,unknown,r,wordfreq:ja,wordfreq_seeded;deterministically_filtered;structurally_curated
ja,v1,1,479,496,v,v,v,unknown,v,wordfreq:ja,wordfreq_seeded;deterministically_filtered;structurally_curated
ja,v1,1,480,497,こそ,こそ,こそ,unknown,こそ,wordfreq:ja,wordfreq_seeded;deterministically_filtered;structurally_curated
ja,v1,1,481,498,とも,とも,とも,unknown,とも,wordfreq:ja,wordfreq_seeded;deterministically_filtered;structurally_curated
ja,v1,1,482,499,みる,みる,みる,unknown,みる,wordfreq:ja,wordfreq_seeded;deterministically_filtered;structurally_curated
ja,v1,1,483,500,ネット,ネット,ネット,unknown,ネット,wordfreq:ja,wordfreq_seeded;deterministically_filtered;structurally_curated
ja,v1,1,484,501,全,全,全,unknown,全,wordfreq:ja,wordfreq_seeded;deterministically_filtered;structurally_curated
ja,v1,1,485,502,出る,出る,出る,unknown,出る,wordfreq:ja,wordfreq_seeded;deterministically_filtered;structurally_curated
ja,v1,1,486,503,夢,夢,夢,unknown,夢,wordfreq:ja,wordfreq_seeded;deterministically_filtered;structurally_curated
ja,v1,1,487,504,大変,大変,大変,unknown,大変,wordfreq:ja,wordfreq_seeded;deterministically_filtered;structurally_curated
ja,v1,1,488,505,完全,完全,完全,unknown,完全,wordfreq:ja,wordfreq_seeded;deterministically_filtered;structurally_curated
ja,v1,1,489,506,技術,技術,技術,unknown,技術,wordfreq:ja,wordfreq_seeded;deterministically_filtered;structurally_curated
ja,v1,1,490,507,特に,特に,特に,unknown,特に,wordfreq:ja,wordfreq_seeded;deterministically_filtered;structurally_curated
ja,v1,1,491,508,研究,研究,研究,unknown,研究,wordfreq:ja,wordfreq_seeded;deterministically_filtered;structurally_curated
ja,v1,1,492,509,説明,説明,説明,unknown,説明,wordfreq:ja,wordfreq_seeded;deterministically_filtered;structurally_curated
ja,v1,1,493,510,o,o,o,unknown,o,wordfreq:ja,wordfreq_seeded;deterministically_filtered;structurally_curated
ja,v1,1,494,511,く,く,く,unknown,く,wordfreq:ja,wordfreq_seeded;deterministically_filtered;structurally_curated
ja,v1,1,495,512,せい,せい,せい,unknown,せい,wordfreq:ja,wordfreq_seeded;deterministically_filtered;structurally_curated
ja,v1,1,496,513,そういう,そういう,そういう,unknown,そういう,wordfreq:ja,wordfreq_seeded;deterministically_filtered;structurally_curated
ja,v1,1,497,514,ばかり,ばかり,ばかり,unknown,ばかり,wordfreq:ja,wordfreq_seeded;deterministically_filtered;structurally_curated
ja,v1,1,498,515,式,式,式,unknown,式,wordfreq:ja,wordfreq_seeded;deterministically_filtered;structurally_curated
ja,v1,1,499,516,待っ,待っ,待っ,unknown,待っ,wordfreq:ja,wordfreq_seeded;deterministically_filtered;structurally_curated
ja,v1,1,500,517,思わ,思わ,思わ,unknown,思わ,wordfreq:ja,wordfreq_seeded;deterministically_filtered;structurally_curated
ja,v1,1,501,518,発表,発表,発表,unknown,発表,wordfreq:ja,wordfreq_seeded;deterministically_filtered;structurally_curated
ja,v1,1,502,519,道,道,道,unknown,道,wordfreq:ja,wordfreq_seeded;deterministically_filtered;structurally_curated
ja,v1,1,503,520,風,風,風,unknown,風,wordfreq:ja,wordfreq_seeded;deterministically_filtered;structurally_curated
ja,v1,1,504,521,お金,お金,お金,unknown,お金,wordfreq:ja,wordfreq_seeded;deterministically_filtered;structurally_curated
ja,v1,1,505,522,たくさん,たくさん,たくさん,unknown,たくさん,wordfreq:ja,wordfreq_seeded;deterministically_filtered;structurally_curated
ja,v1,1,506,523,どの,どの,どの,unknown,どの,wordfreq:ja,wordfreq_seeded;deterministically_filtered;structurally_curated
ja,v1,1,507,524,なあ,なあ,なあ,unknown,なあ,wordfreq:ja,wordfreq_seeded;deterministically_filtered;structurally_curated
ja,v1,1,508,525,もちろん,もちろん,もちろん,unknown,もちろん,wordfreq:ja,wordfreq_seeded;deterministically_filtered;structurally_curated
ja,v1,1,509,526,イベント,イベント,イベント,unknown,イベント,wordfreq:ja,wordfreq_seeded;deterministically_filtered;structurally_curated
ja,v1,1,510,527,システム,システム,システム,unknown,システム,wordfreq:ja,wordfreq_seeded;deterministically_filtered;structurally_curated
ja,v1,1,511,528,一般,一般,一般,unknown,一般,wordfreq:ja,wordfreq_seeded;deterministically_filtered;structurally_curated
ja,v1,1,512,529,件,件,件,unknown,件,wordfreq:ja,wordfreq_seeded;deterministically_filtered;structurally_curated
ja,v1,1,513,530,攻撃,攻撃,攻撃,unknown,攻撃,wordfreq:ja,wordfreq_seeded;deterministically_filtered;structurally_curated
ja,v1,1,514,531,無,無,無,unknown,無,wordfreq:ja,wordfreq_seeded;deterministically_filtered;structurally_curated
ja,v1,1,515,532,自身,自身,自身,unknown,自身,wordfreq:ja,wordfreq_seeded;deterministically_filtered;structurally_curated
ja,v1,1,516,533,良かっ,良かっ,良かっ,unknown,良かっ,wordfreq:ja,wordfreq_seeded;deterministically_filtered;structurally_curated
ja,v1,1,517,534,部分,部分,部分,unknown,部分,wordfreq:ja,wordfreq_seeded;deterministically_filtered;structurally_curated
ja,v1,1,518,535,電話,電話,電話,unknown,電話,wordfreq:ja,wordfreq_seeded;deterministically_filtered;structurally_curated
ja,v1,1,519,536,ちゃんと,ちゃんと,ちゃんと,unknown,ちゃんと,wordfreq:ja,wordfreq_seeded;deterministically_filtered;structurally_curated
ja,v1,1,520,537,ニュース,ニュース,ニュース,unknown,ニュース,wordfreq:ja,wordfreq_seeded;deterministically_filtered;structurally_curated
ja,v1,1,521,538,マジ,マジ,マジ,unknown,マジ,wordfreq:ja,wordfreq_seeded;deterministically_filtered;structurally_curated
ja,v1,1,522,539,予定,予定,予定,unknown,予定,wordfreq:ja,wordfreq_seeded;deterministically_filtered;structurally_curated
ja,v1,1,523,540,全員,全員,全員,unknown,全員,wordfreq:ja,wordfreq_seeded;deterministically_filtered;structurally_curated
ja,v1,1,524,541,分から,分から,分から,unknown,分から,wordfreq:ja,wordfreq_seeded;deterministically_filtered;structurally_curated
ja,v1,1,525,542,口,口,口,unknown,口,wordfreq:ja,wordfreq_seeded;deterministically_filtered;structurally_curated
ja,v1,1,526,543,愛,愛,愛,unknown,愛,wordfreq:ja,wordfreq_seeded;deterministically_filtered;structurally_curated
ja,v1,1,527,544,戦争,戦争,戦争,unknown,戦争,wordfreq:ja,wordfreq_seeded;deterministically_filtered;structurally_curated
ja,v1,1,528,545,明日,明日,明日,unknown,明日,wordfreq:ja,wordfreq_seeded;deterministically_filtered;structurally_curated
ja,v1,1,529,546,登録,登録,登録,unknown,登録,wordfreq:ja,wordfreq_seeded;deterministically_filtered;structurally_curated
ja,v1,1,530,547,確か,確か,確か,unknown,確か,wordfreq:ja,wordfreq_seeded;deterministically_filtered;structurally_curated
ja,v1,1,531,548,紹介,紹介,紹介,unknown,紹介,wordfreq:ja,wordfreq_seeded;deterministically_filtered;structurally_curated
ja,v1,1,532,549,終わっ,終わっ,終わっ,unknown,終わっ,wordfreq:ja,wordfreq_seeded;deterministically_filtered;structurally_curated
ja,v1,1,533,550,良く,良く,良く,unknown,良く,wordfreq:ja,wordfreq_seeded;deterministically_filtered;structurally_curated
ja,v1,1,534,551,花,花,花,unknown,花,wordfreq:ja,wordfreq_seeded;deterministically_filtered;structurally_curated
ja,v1,1,535,552,e,e,e,unknown,e,wordfreq:ja,wordfreq_seeded;deterministically_filtered;structurally_curated
ja,v1,1,536,554,いつ,いつ,いつ,unknown,いつ,wordfreq:ja,wordfreq_seeded;deterministically_filtered;structurally_curated
ja,v1,1,537,555,すべて,すべて,すべて,unknown,すべて,wordfreq:ja,wordfreq_seeded;deterministically_filtered;structurally_curated
ja,v1,1,538,556,号,号,号,unknown,号,wordfreq:ja,wordfreq_seeded;deterministically_filtered;structurally_curated
ja,v1,1,539,557,機能,機能,機能,unknown,機能,wordfreq:ja,wordfreq_seeded;deterministically_filtered;structurally_curated
ja,v1,1,540,558,計画,計画,計画,unknown,計画,wordfreq:ja,wordfreq_seeded;deterministically_filtered;structurally_curated
ja,v1,1,541,559,設定,設定,設定,unknown,設定,wordfreq:ja,wordfreq_seeded;deterministically_filtered;structurally_curated
ja,v1,1,542,560,調査,調査,調査,unknown,調査,wordfreq:ja,wordfreq_seeded;deterministically_filtered;structurally_curated
ja,v1,1,543,561,重要,重要,重要,unknown,重要,wordfreq:ja,wordfreq_seeded;deterministically_filtered;structurally_curated
ja,v1,1,544,562,g,g,g,unknown,g,wordfreq:ja,wordfreq_seeded;deterministically_filtered;structurally_curated
ja,v1,1,545,564,かわいい,かわいい,かわいい,unknown,かわいい,wordfreq:ja,wordfreq_seeded;deterministically_filtered;structurally_curated
ja,v1,1,546,565,これから,これから,これから,unknown,これから,wordfreq:ja,wordfreq_seeded;deterministically_filtered;structurally_curated
ja,v1,1,547,566,ち,ち,ち,unknown,ち,wordfreq:ja,wordfreq_seeded;deterministically_filtered;structurally_curated
ja,v1,1,548,567,なきゃ,なきゃ,なきゃ,unknown,なきゃ,wordfreq:ja,wordfreq_seeded;deterministically_filtered;structurally_curated
ja,v1,1,549,568,に対して,に対して,に対して,unknown,に対して,wordfreq:ja,wordfreq_seeded;deterministically_filtered;structurally_curated
ja,v1,1,550,569,る,る,る,unknown,る,wordfreq:ja,wordfreq_seeded;deterministically_filtered;structurally_curated
ja,v1,1,551,570,チーム,チーム,チーム,unknown,チーム,wordfreq:ja,wordfreq_seeded;deterministically_filtered;structurally_curated
ja,v1,1,552,571,人生,人生,人生,unknown,人生,wordfreq:ja,wordfreq_seeded;deterministically_filtered;structurally_curated
ja,v1,1,553,572,使う,使う,使う,unknown,使う,wordfreq:ja,wordfreq_seeded;deterministically_filtered;structurally_curated
ja,v1,1,554,573,員,員,員,unknown,員,wordfreq:ja,wordfreq_seeded;deterministically_filtered;structurally_curated
ja,v1,1,555,574,屋,屋,屋,unknown,屋,wordfreq:ja,wordfreq_seeded;deterministically_filtered;structurally_curated
ja,v1,1,556,575,形,形,形,unknown,形,wordfreq:ja,wordfreq_seeded;deterministically_filtered;structurally_curated
ja,v1,1,557,576,昔,昔,昔,unknown,昔,wordfreq:ja,wordfreq_seeded;deterministically_filtered;structurally_curated
ja,v1,1,558,577,朝,朝,朝,unknown,朝,wordfreq:ja,wordfreq_seeded;deterministically_filtered;structurally_curated
ja,v1,1,559,578,来る,来る,来る,unknown,来る,wordfreq:ja,wordfreq_seeded;deterministically_filtered;structurally_curated
ja,v1,1,560,579,生き,生き,生き,unknown,生き,wordfreq:ja,wordfreq_seeded;deterministically_filtered;structurally_curated
ja,v1,1,561,580,目的,目的,目的,unknown,目的,wordfreq:ja,wordfreq_seeded;deterministically_filtered;structurally_curated
ja,v1,1,562,581,自由,自由,自由,unknown,自由,wordfreq:ja,wordfreq_seeded;deterministically_filtered;structurally_curated
ja,v1,1,563,582,記事,記事,記事,unknown,記事,wordfreq:ja,wordfreq_seeded;deterministically_filtered;structurally_curated
ja,v1,1,564,583,過ぎ,過ぎ,過ぎ,unknown,過ぎ,wordfreq:ja,wordfreq_seeded;deterministically_filtered;structurally_curated
ja,v1,1,565,584,開始,開始,開始,unknown,開始,wordfreq:ja,wordfreq_seeded;deterministically_filtered;structurally_curated
ja,v1,1,566,585,開発,開発,開発,unknown,開発,wordfreq:ja,wordfreq_seeded;deterministically_filtered;structurally_curated
ja,v1,1,567,586,際,際,際,unknown,際,wordfreq:ja,wordfreq_seeded;deterministically_filtered;structurally_curated
ja,v1,1,568,587,うん,うん,うん,unknown,うん,wordfreq:ja,wordfreq_seeded;deterministically_filtered;structurally_curated
ja,v1,1,569,588,ねー,ねー,ねー,unknown,ねー,wordfreq:ja,wordfreq_seeded;deterministically_filtered;structurally_curated
ja,v1,1,570,589,まい,まい,まい,unknown,まい,wordfreq:ja,wordfreq_seeded;deterministically_filtered;structurally_curated
ja,v1,1,571,590,地,地,地,unknown,地,wordfreq:ja,wordfreq_seeded;deterministically_filtered;structurally_curated
ja,v1,1,572,591,家族,家族,家族,unknown,家族,wordfreq:ja,wordfreq_seeded;deterministically_filtered;structurally_curated
ja,v1,1,573,592,影響,影響,影響,unknown,影響,wordfreq:ja,wordfreq_seeded;deterministically_filtered;structurally_curated
ja,v1,1,574,593,政府,政府,政府,unknown,政府,wordfreq:ja,wordfreq_seeded;deterministically_filtered;structurally_curated
ja,v1,1,575,594,死ん,死ん,死ん,unknown,死ん,wordfreq:ja,wordfreq_seeded;deterministically_filtered;structurally_curated
ja,v1,1,576,595,男性,男性,男性,unknown,男性,wordfreq:ja,wordfreq_seeded;deterministically_filtered;structurally_curated
ja,v1,1,577,596,読ん,読ん,読ん,unknown,読ん,wordfreq:ja,wordfreq_seeded;deterministically_filtered;structurally_curated
ja,v1,1,578,597,部屋,部屋,部屋,unknown,部屋,wordfreq:ja,wordfreq_seeded;deterministically_filtered;structurally_curated
ja,v1,1,579,598,限定,限定,限定,unknown,限定,wordfreq:ja,wordfreq_seeded;deterministically_filtered;structurally_curated
ja,v1,1,580,599,韓国,韓国,韓国,unknown,韓国,wordfreq:ja,wordfreq_seeded;deterministically_filtered;structurally_curated
ja,v1,1,581,600,おい,おい,おい,unknown,おい,wordfreq:ja,wordfreq_seeded;deterministically_filtered;structurally_curated
ja,v1,1,582,601,にとって,にとって,にとって,unknown,にとって,wordfreq:ja,wordfreq_seeded;deterministically_filtered;structurally_curated
ja,v1,1,583,602,やっぱり,やっぱり,やっぱり,unknown,やっぱり,wordfreq:ja,wordfreq_seeded;deterministically_filtered;structurally_curated
ja,v1,1,584,603,地域,地域,地域,unknown,地域,wordfreq:ja,wordfreq_seeded;deterministically_filtered;structurally_curated
ja,v1,1,585,604,基本,基本,基本,unknown,基本,wordfreq:ja,wordfreq_seeded;deterministically_filtered;structurally_curated
ja,v1,1,586,605,夏,夏,夏,unknown,夏,wordfreq:ja,wordfreq_seeded;deterministically_filtered;structurally_curated
ja,v1,1,587,606,姿,姿,姿,unknown,姿,wordfreq:ja,wordfreq_seeded;deterministically_filtered;structurally_curated
ja,v1,1,588,607,期間,期間,期間,unknown,期間,wordfreq:ja,wordfreq_seeded;deterministically_filtered;structurally_curated
ja,v1,1,589,608,注意,注意,注意,unknown,注意,wordfreq:ja,wordfreq_seeded;deterministically_filtered;structurally_curated
ja,v1,1,590,609,率,率,率,unknown,率,wordfreq:ja,wordfreq_seeded;deterministically_filtered;structurally_curated
ja,v1,1,591,610,管理,管理,管理,unknown,管理,wordfreq:ja,wordfreq_seeded;deterministically_filtered;structurally_curated
ja,v1,1,592,611,英語,英語,英語,unknown,英語,wordfreq:ja,wordfreq_seeded;deterministically_filtered;structurally_curated
ja,v1,1,593,612,街,街,街,unknown,街,wordfreq:ja,wordfreq_seeded;deterministically_filtered;structurally_curated
ja,v1,1,594,613,j,j,j,unknown,j,wordfreq:ja,wordfreq_seeded;deterministically_filtered;structurally_curated
ja,v1,1,595,614,ω,ω,ω,unknown,ω,wordfreq:ja,wordfreq_seeded;deterministically_filtered;structurally_curated
ja,v1,1,596,615,しろ,しろ,しろ,unknown,しろ,wordfreq:ja,wordfreq_seeded;deterministically_filtered;structurally_curated
ja,v1,1,597,616,だから,だから,だから,unknown,だから,wordfreq:ja,wordfreq_seeded;deterministically_filtered;structurally_curated
ja,v1,1,598,617,め,め,め,unknown,め,wordfreq:ja,wordfreq_seeded;deterministically_filtered;structurally_curated
ja,v1,1,599,618,カード,カード,カード,unknown,カード,wordfreq:ja,wordfreq_seeded;deterministically_filtered;structurally_curated
ja,v1,1,600,619,大学,大学,大学,unknown,大学,wordfreq:ja,wordfreq_seeded;deterministically_filtered;structurally_curated
ja,v1,1,601,620,室,室,室,unknown,室,wordfreq:ja,wordfreq_seeded;deterministically_filtered;structurally_curated
ja,v1,1,602,621,強い,強い,強い,unknown,強い,wordfreq:ja,wordfreq_seeded;deterministically_filtered;structurally_curated
ja,v1,1,603,622,撮影,撮影,撮影,unknown,撮影,wordfreq:ja,wordfreq_seeded;deterministically_filtered;structurally_curated
ja,v1,1,604,623,質問,質問,質問,unknown,質問,wordfreq:ja,wordfreq_seeded;deterministically_filtered;structurally_curated
ja,v1,1,605,624,長,長,長,unknown,長,wordfreq:ja,wordfreq_seeded;deterministically_filtered;structurally_curated
ja,v1,1,606,625,h,h,h,unknown,h,wordfreq:ja,wordfreq_seeded;deterministically_filtered;structurally_curated
ja,v1,1,607,626,やすい,やすい,やすい,unknown,やすい,wordfreq:ja,wordfreq_seeded;deterministically_filtered;structurally_curated
ja,v1,1,608,627,わかっ,わかっ,わかっ,unknown,わかっ,wordfreq:ja,wordfreq_seeded;deterministically_filtered;structurally_curated
ja,v1,1,609,628,以前,以前,以前,unknown,以前,wordfreq:ja,wordfreq_seeded;deterministically_filtered;structurally_curated
ja,v1,1,610,629,似,似,似,unknown,似,wordfreq:ja,wordfreq_seeded;deterministically_filtered;structurally_curated
ja,v1,1,611,630,安全,安全,安全,unknown,安全,wordfreq:ja,wordfreq_seeded;deterministically_filtered;structurally_curated
ja,v1,1,612,631,戦,戦,戦,unknown,戦,wordfreq:ja,wordfreq_seeded;deterministically_filtered;structurally_curated
ja,v1,1,613,632,決定,決定,決定,unknown,決定,wordfreq:ja,wordfreq_seeded;deterministically_filtered;structurally_curated
ja,v1,1,614,633,為,為,為,unknown,為,wordfreq:ja,wordfreq_seeded;deterministically_filtered;structurally_curated
ja,v1,1,615,634,王,王,王,unknown,王,wordfreq:ja,wordfreq_seeded;deterministically_filtered;structurally_curated
ja,v1,1,616,635,見える,見える,見える,unknown,見える,wordfreq:ja,wordfreq_seeded;deterministically_filtered;structurally_curated
ja,v1,1,617,636,記念,記念,記念,unknown,記念,wordfreq:ja,wordfreq_seeded;deterministically_filtered;structurally_curated
ja,v1,1,618,637,足,足,足,unknown,足,wordfreq:ja,wordfreq_seeded;deterministically_filtered;structurally_curated
ja,v1,1,619,638,軍,軍,軍,unknown,軍,wordfreq:ja,wordfreq_seeded;deterministically_filtered;structurally_curated
ja,v1,1,620,639,連絡,連絡,連絡,unknown,連絡,wordfreq:ja,wordfreq_seeded;deterministically_filtered;structurally_curated
ja,v1,1,621,640,of,of,of,unknown,of,wordfreq:ja,wordfreq_seeded;deterministically_filtered;structurally_curated
ja,v1,1,622,641,はい,はい,はい,unknown,はい,wordfreq:ja,wordfreq_seeded;deterministically_filtered;structurally_curated
ja,v1,1,623,642,やろ,やろ,やろ,unknown,やろ,wordfreq:ja,wordfreq_seeded;deterministically_filtered;structurally_curated
ja,v1,1,624,643,エロ,エロ,エロ,unknown,エロ,wordfreq:ja,wordfreq_seeded;deterministically_filtered;structurally_curated
ja,v1,1,625,644,シリーズ,シリーズ,シリーズ,unknown,シリーズ,wordfreq:ja,wordfreq_seeded;deterministically_filtered;structurally_curated
ja,v1,1,626,645,ライブ,ライブ,ライブ,unknown,ライブ,wordfreq:ja,wordfreq_seeded;deterministically_filtered;structurally_curated
ja,v1,1,627,646,以下,以下,以下,unknown,以下,wordfreq:ja,wordfreq_seeded;deterministically_filtered;structurally_curated
ja,v1,1,628,647,入り,入り,入り,unknown,入り,wordfreq:ja,wordfreq_seeded;deterministically_filtered;structurally_curated
ja,v1,1,629,648,公式,公式,公式,unknown,公式,wordfreq:ja,wordfreq_seeded;deterministically_filtered;structurally_curated
ja,v1,1,630,649,大きな,大きな,大きな,unknown,大きな,wordfreq:ja,wordfreq_seeded;deterministically_filtered;structurally_curated
ja,v1,1,631,650,大事,大事,大事,unknown,大事,wordfreq:ja,wordfreq_seeded;deterministically_filtered;structurally_curated
ja,v1,1,632,651,毎日,毎日,毎日,unknown,毎日,wordfreq:ja,wordfreq_seeded;deterministically_filtered;structurally_curated
ja,v1,1,633,652,終了,終了,終了,unknown,終了,wordfreq:ja,wordfreq_seeded;deterministically_filtered;structurally_curated
ja,v1,1,634,653,違い,違い,違い,unknown,違い,wordfreq:ja,wordfreq_seeded;deterministically_filtered;structurally_curated
ja,v1,1,635,654,音楽,音楽,音楽,unknown,音楽,wordfreq:ja,wordfreq_seeded;deterministically_filtered;structurally_curated
ja,v1,1,636,655,け,け,け,unknown,け,wordfreq:ja,wordfreq_seeded;deterministically_filtered;structurally_curated
ja,v1,1,637,656,ほとんど,ほとんど,ほとんど,unknown,ほとんど,wordfreq:ja,wordfreq_seeded;deterministically_filtered;structurally_curated
ja,v1,1,638,657,まとめ,まとめ,まとめ,unknown,まとめ,wordfreq:ja,wordfreq_seeded;deterministically_filtered;structurally_curated
ja,v1,1,639,658,んで,んで,んで,unknown,んで,wordfreq:ja,wordfreq_seeded;deterministically_filtered;structurally_curated
ja,v1,1,640,659,アプリ,アプリ,アプリ,unknown,アプリ,wordfreq:ja,wordfreq_seeded;deterministically_filtered;structurally_curated
ja,v1,1,641,660,マン,マン,マン,unknown,マン,wordfreq:ja,wordfreq_seeded;deterministically_filtered;structurally_curated
ja,v1,1,642,661,モデル,モデル,モデル,unknown,モデル,wordfreq:ja,wordfreq_seeded;deterministically_filtered;structurally_curated
ja,v1,1,643,662,個,個,個,unknown,個,wordfreq:ja,wordfreq_seeded;deterministically_filtered;structurally_curated
ja,v1,1,644,663,効果,効果,効果,unknown,効果,wordfreq:ja,wordfreq_seeded;deterministically_filtered;structurally_curated
ja,v1,1,645,664,増え,増え,増え,unknown,増え,wordfreq:ja,wordfreq_seeded;deterministically_filtered;structurally_curated
ja,v1,1,646,665,寝,寝,寝,unknown,寝,wordfreq:ja,wordfreq_seeded;deterministically_filtered;structurally_curated
ja,v1,1,647,666,政治,政治,政治,unknown,政治,wordfreq:ja,wordfreq_seeded;deterministically_filtered;structurally_curated
ja,v1,1,648,667,書,書,書,unknown,書,wordfreq:ja,wordfreq_seeded;deterministically_filtered;structurally_curated
ja,v1,1,649,668,期待,期待,期待,unknown,期待,wordfreq:ja,wordfreq_seeded;deterministically_filtered;structurally_curated
ja,v1,1,650,669,病院,病院,病院,unknown,病院,wordfreq:ja,wordfreq_seeded;deterministically_filtered;structurally_curated
ja,v1,1,651,670,着,着,着,unknown,着,wordfreq:ja,wordfreq_seeded;deterministically_filtered;structurally_curated
ja,v1,1,652,671,結構,結構,結構,unknown,結構,wordfreq:ja,wordfreq_seeded;deterministically_filtered;structurally_curated
ja,v1,1,653,672,行動,行動,行動,unknown,行動,wordfreq:ja,wordfreq_seeded;deterministically_filtered;structurally_curated
ja,v1,1,654,673,過去,過去,過去,unknown,過去,wordfreq:ja,wordfreq_seeded;deterministically_filtered;structurally_curated
ja,v1,1,655,674,and,and,and,unknown,and,wordfreq:ja,wordfreq_seeded;deterministically_filtered;structurally_curated
ja,v1,1,656,675,あまり,あまり,あまり,unknown,あまり,wordfreq:ja,wordfreq_seeded;deterministically_filtered;structurally_curated
ja,v1,1,657,676,こっち,こっち,こっち,unknown,こっち,wordfreq:ja,wordfreq_seeded;deterministically_filtered;structurally_curated
ja,v1,1,658,677,どれ,どれ,どれ,unknown,どれ,wordfreq:ja,wordfreq_seeded;deterministically_filtered;structurally_curated
ja,v1,1,659,678,期,期,期,unknown,期,wordfreq:ja,wordfreq_seeded;deterministically_filtered;structurally_curated
ja,v1,1,660,679,歴史,歴史,歴史,unknown,歴史,wordfreq:ja,wordfreq_seeded;deterministically_filtered;structurally_curated
ja,v1,1,661,680,派,派,派,unknown,派,wordfreq:ja,wordfreq_seeded;deterministically_filtered;structurally_curated
ja,v1,1,662,681,米,米,米,unknown,米,wordfreq:ja,wordfreq_seeded;deterministically_filtered;structurally_curated
ja,v1,1,663,682,線,線,線,unknown,線,wordfreq:ja,wordfreq_seeded;deterministically_filtered;structurally_curated
ja,v1,1,664,683,覚え,覚え,覚え,unknown,覚え,wordfreq:ja,wordfreq_seeded;deterministically_filtered;structurally_curated
ja,v1,1,665,684,話し,話し,話し,unknown,話し,wordfreq:ja,wordfreq_seeded;deterministically_filtered;structurally_curated
ja,v1,1,666,686,こいつ,こいつ,こいつ,unknown,こいつ,wordfreq:ja,wordfreq_seeded;deterministically_filtered;structurally_curated
ja,v1,1,667,687,とこ,とこ,とこ,unknown,とこ,wordfreq:ja,wordfreq_seeded;deterministically_filtered;structurally_curated
ja,v1,1,668,688,なれ,なれ,なれ,unknown,なれ,wordfreq:ja,wordfreq_seeded;deterministically_filtered;structurally_curated
ja,v1,1,669,689,において,において,において,unknown,において,wordfreq:ja,wordfreq_seeded;deterministically_filtered;structurally_curated
ja,v1,1,670,690,イメージ,イメージ,イメージ,unknown,イメージ,wordfreq:ja,wordfreq_seeded;deterministically_filtered;structurally_curated
ja,v1,1,671,691,バカ,バカ,バカ,unknown,バカ,wordfreq:ja,wordfreq_seeded;deterministically_filtered;structurally_curated
ja,v1,1,672,692,レベル,レベル,レベル,unknown,レベル,wordfreq:ja,wordfreq_seeded;deterministically_filtered;structurally_curated
ja,v1,1,673,693,一部,一部,一部,unknown,一部,wordfreq:ja,wordfreq_seeded;deterministically_filtered;structurally_curated
ja,v1,1,674,694,使わ,使わ,使わ,unknown,使わ,wordfreq:ja,wordfreq_seeded;deterministically_filtered;structurally_curated
ja,v1,1,675,695,再,再,再,unknown,再,wordfreq:ja,wordfreq_seeded;deterministically_filtered;structurally_curated
ja,v1,1,676,696,台,台,台,unknown,台,wordfreq:ja,wordfreq_seeded;deterministically_filtered;structurally_curated
ja,v1,1,677,697,同,同,同,unknown,同,wordfreq:ja,wordfreq_seeded;deterministically_filtered;structurally_curated
ja,v1,1,678,698,実は,実は,実は,unknown,実は,wordfreq:ja,wordfreq_seeded;deterministically_filtered;structurally_curated
ja,v1,1,679,699,帰っ,帰っ,帰っ,unknown,帰っ,wordfreq:ja,wordfreq_seeded;deterministically_filtered;structurally_curated
ja,v1,1,680,700,最終,最終,最終,unknown,最終,wordfreq:ja,wordfreq_seeded;deterministically_filtered;structurally_curated
ja,v1,1,681,701,楽しみ,楽しみ,楽しみ,unknown,楽しみ,wordfreq:ja,wordfreq_seeded;deterministically_filtered;structurally_curated
ja,v1,1,682,702,海外,海外,海外,unknown,海外,wordfreq:ja,wordfreq_seeded;deterministically_filtered;structurally_curated
ja,v1,1,683,703,犬,犬,犬,unknown,犬,wordfreq:ja,wordfreq_seeded;deterministically_filtered;structurally_curated
ja,v1,1,684,704,考える,考える,考える,unknown,考える,wordfreq:ja,wordfreq_seeded;deterministically_filtered;structurally_curated
ja,v1,1,685,705,評価,評価,評価,unknown,評価,wordfreq:ja,wordfreq_seeded;deterministically_filtered;structurally_curated
ja,v1,1,686,706,警察,警察,警察,unknown,警察,wordfreq:ja,wordfreq_seeded;deterministically_filtered;structurally_curated
ja,v1,1,687,707,追加,追加,追加,unknown,追加,wordfreq:ja,wordfreq_seeded;deterministically_filtered;structurally_curated
ja,v1,1,688,708,選手,選手,選手,unknown,選手,wordfreq:ja,wordfreq_seeded;deterministically_filtered;structurally_curated
ja,v1,1,689,709,関連,関連,関連,unknown,関連,wordfreq:ja,wordfreq_seeded;deterministically_filtered;structurally_curated
ja,v1,1,690,710,k,k,k,unknown,k,wordfreq:ja,wordfreq_seeded;deterministically_filtered;structurally_curated
ja,v1,1,691,711,たかっ,たかっ,たかっ,unknown,たかっ,wordfreq:ja,wordfreq_seeded;deterministically_filtered;structurally_curated
ja,v1,1,692,712,っていう,っていう,っていう,unknown,っていう,wordfreq:ja,wordfreq_seeded;deterministically_filtered;structurally_curated
ja,v1,1,693,713,なー,なー,なー,unknown,なー,wordfreq:ja,wordfreq_seeded;deterministically_filtered;structurally_curated
ja,v1,1,694,714,もらっ,もらっ,もらっ,unknown,もらっ,wordfreq:ja,wordfreq_seeded;deterministically_filtered;structurally_curated
ja,v1,1,695,715,わかり,わかり,わかり,unknown,わかり,wordfreq:ja,wordfreq_seeded;deterministically_filtered;structurally_curated
ja,v1,1,696,716,クソ,クソ,クソ,unknown,クソ,wordfreq:ja,wordfreq_seeded;deterministically_filtered;structurally_curated
ja,v1,1,697,717,サービス,サービス,サービス,unknown,サービス,wordfreq:ja,wordfreq_seeded;deterministically_filtered;structurally_curated
ja,v1,1,698,718,作る,作る,作る,unknown,作る,wordfreq:ja,wordfreq_seeded;deterministically_filtered;structurally_curated
ja,v1,1,699,719,光,光,光,unknown,光,wordfreq:ja,wordfreq_seeded;deterministically_filtered;structurally_curated
ja,v1,1,700,720,全く,全く,全く,unknown,全く,wordfreq:ja,wordfreq_seeded;deterministically_filtered;structurally_curated
ja,v1,1,701,721,全国,全国,全国,unknown,全国,wordfreq:ja,wordfreq_seeded;deterministically_filtered;structurally_curated
ja,v1,1,702,722,希望,希望,希望,unknown,希望,wordfreq:ja,wordfreq_seeded;deterministically_filtered;structurally_curated
ja,v1,1,703,723,怖い,怖い,怖い,unknown,怖い,wordfreq:ja,wordfreq_seeded;deterministically_filtered;structurally_curated
ja,v1,1,704,724,教育,教育,教育,unknown,教育,wordfreq:ja,wordfreq_seeded;deterministically_filtered;structurally_curated
ja,v1,1,705,725,母,母,母,unknown,母,wordfreq:ja,wordfreq_seeded;deterministically_filtered;structurally_curated
ja,v1,1,706,726,海,海,海,unknown,海,wordfreq:ja,wordfreq_seeded;deterministically_filtered;structurally_curated
ja,v1,1,707,727,特別,特別,特別,unknown,特別,wordfreq:ja,wordfreq_seeded;deterministically_filtered;structurally_curated
ja,v1,1,708,728,番組,番組,番組,unknown,番組,wordfreq:ja,wordfreq_seeded;deterministically_filtered;structurally_curated
ja,v1,1,709,729,週間,週間,週間,unknown,週間,wordfreq:ja,wordfreq_seeded;deterministically_filtered;structurally_curated
ja,v1,1,710,730,面白い,面白い,面白い,unknown,面白い,wordfreq:ja,wordfreq_seeded;deterministically_filtered;structurally_curated
ja,v1,1,711,732,twitter,twitter,twitter,unknown,twitter,wordfreq:ja,wordfreq_seeded;deterministically_filtered;structurally_curated
ja,v1,1,712,733,いき,いき,いき,unknown,いき,wordfreq:ja,wordfreq_seeded;deterministically_filtered;structurally_curated
ja,v1,1,713,734,いただき,いただき,いただき,unknown,いただき,wordfreq:ja,wordfreq_seeded;deterministically_filtered;structurally_curated
ja,v1,1,714,735,ぐらい,ぐらい,ぐらい,unknown,ぐらい,wordfreq:ja,wordfreq_seeded;deterministically_filtered;structurally_curated
ja,v1,1,715,736,じゃあ,じゃあ,じゃあ,unknown,じゃあ,wordfreq:ja,wordfreq_seeded;deterministically_filtered;structurally_curated
ja,v1,1,716,737,その後,その後,その後,unknown,その後,wordfreq:ja,wordfreq_seeded;deterministically_filtered;structurally_curated
ja,v1,1,717,738,なんで,なんで,なんで,unknown,なんで,wordfreq:ja,wordfreq_seeded;deterministically_filtered;structurally_curated
ja,v1,1,718,740,デザイン,デザイン,デザイン,unknown,デザイン,wordfreq:ja,wordfreq_seeded;deterministically_filtered;structurally_curated
ja,v1,1,719,741,主,主,主,unknown,主,wordfreq:ja,wordfreq_seeded;deterministically_filtered;structurally_curated
ja,v1,1,720,742,事故,事故,事故,unknown,事故,wordfreq:ja,wordfreq_seeded;deterministically_filtered;structurally_curated
ja,v1,1,721,743,事業,事業,事業,unknown,事業,wordfreq:ja,wordfreq_seeded;deterministically_filtered;structurally_curated
ja,v1,1,722,744,付け,付け,付け,unknown,付け,wordfreq:ja,wordfreq_seeded;deterministically_filtered;structurally_curated
ja,v1,1,723,745,全然,全然,全然,unknown,全然,wordfreq:ja,wordfreq_seeded;deterministically_filtered;structurally_curated
ja,v1,1,724,746,千,千,千,unknown,千,wordfreq:ja,wordfreq_seeded;deterministically_filtered;structurally_curated
ja,v1,1,725,747,環境,環境,環境,unknown,環境,wordfreq:ja,wordfreq_seeded;deterministically_filtered;structurally_curated
ja,v1,1,726,748,社,社,社,unknown,社,wordfreq:ja,wordfreq_seeded;deterministically_filtered;structurally_curated
ja,v1,1,727,749,経済,経済,経済,unknown,経済,wordfreq:ja,wordfreq_seeded;deterministically_filtered;structurally_curated
ja,v1,1,728,750,議員,議員,議員,unknown,議員,wordfreq:ja,wordfreq_seeded;deterministically_filtered;structurally_curated
ja,v1,1,729,751,近く,近く,近く,unknown,近く,wordfreq:ja,wordfreq_seeded;deterministically_filtered;structurally_curated
ja,v1,1,730,752,ええ,ええ,ええ,unknown,ええ,wordfreq:ja,wordfreq_seeded;deterministically_filtered;structurally_curated
ja,v1,1,731,753,つまり,つまり,つまり,unknown,つまり,wordfreq:ja,wordfreq_seeded;deterministically_filtered;structurally_curated
ja,v1,1,732,754,り,り,り,unknown,り,wordfreq:ja,wordfreq_seeded;deterministically_filtered;structurally_curated
ja,v1,1,733,755,データ,データ,データ,unknown,データ,wordfreq:ja,wordfreq_seeded;deterministically_filtered;structurally_curated
ja,v1,1,734,756,ファン,ファン,ファン,unknown,ファン,wordfreq:ja,wordfreq_seeded;deterministically_filtered;structurally_curated
ja,v1,1,735,757,メール,メール,メール,unknown,メール,wordfreq:ja,wordfreq_seeded;deterministically_filtered;structurally_curated
ja,v1,1,736,758,リンク,リンク,リンク,unknown,リンク,wordfreq:ja,wordfreq_seeded;deterministically_filtered;structurally_curated
ja,v1,1,737,759,ヶ月,ヶ月,ヶ月,unknown,ヶ月,wordfreq:ja,wordfreq_seeded;deterministically_filtered;structurally_curated
ja,v1,1,738,760,各,各,各,unknown,各,wordfreq:ja,wordfreq_seeded;deterministically_filtered;structurally_curated
ja,v1,1,739,761,変え,変え,変え,unknown,変え,wordfreq:ja,wordfreq_seeded;deterministically_filtered;structurally_curated
ja,v1,1,740,762,嫌,嫌,嫌,unknown,嫌,wordfreq:ja,wordfreq_seeded;deterministically_filtered;structurally_curated
ja,v1,1,741,763,専門,専門,専門,unknown,専門,wordfreq:ja,wordfreq_seeded;deterministically_filtered;structurally_curated
ja,v1,1,742,764,成功,成功,成功,unknown,成功,wordfreq:ja,wordfreq_seeded;deterministically_filtered;structurally_curated
ja,v1,1,743,765,持つ,持つ,持つ,unknown,持つ,wordfreq:ja,wordfreq_seeded;deterministically_filtered;structurally_curated
ja,v1,1,744,766,文化,文化,文化,unknown,文化,wordfreq:ja,wordfreq_seeded;deterministically_filtered;structurally_curated
ja,v1,1,745,767,映像,映像,映像,unknown,映像,wordfreq:ja,wordfreq_seeded;deterministically_filtered;structurally_curated
ja,v1,1,746,768,検索,検索,検索,unknown,検索,wordfreq:ja,wordfreq_seeded;deterministically_filtered;structurally_curated
ja,v1,1,747,769,楽し,楽し,楽し,unknown,楽し,wordfreq:ja,wordfreq_seeded;deterministically_filtered;structurally_curated
ja,v1,1,748,770,死ぬ,死ぬ,死ぬ,unknown,死ぬ,wordfreq:ja,wordfreq_seeded;deterministically_filtered;structurally_curated
ja,v1,1,749,771,父,父,父,unknown,父,wordfreq:ja,wordfreq_seeded;deterministically_filtered;structurally_curated
ja,v1,1,750,772,発見,発見,発見,unknown,発見,wordfreq:ja,wordfreq_seeded;deterministically_filtered;structurally_curated
ja,v1,1,751,773,to,to,to,unknown,to,wordfreq:ja,wordfreq_seeded;deterministically_filtered;structurally_curated
ja,v1,1,752,774,じ,じ,じ,unknown,じ,wordfreq:ja,wordfreq_seeded;deterministically_filtered;structurally_curated
ja,v1,1,753,775,まず,まず,まず,unknown,まず,wordfreq:ja,wordfreq_seeded;deterministically_filtered;structurally_curated
ja,v1,1,754,776,与え,与え,与え,unknown,与え,wordfreq:ja,wordfreq_seeded;deterministically_filtered;structurally_curated
ja,v1,1,755,777,主義,主義,主義,unknown,主義,wordfreq:ja,wordfreq_seeded;deterministically_filtered;structurally_curated
ja,v1,1,756,778,出演,出演,出演,unknown,出演,wordfreq:ja,wordfreq_seeded;deterministically_filtered;structurally_curated
ja,v1,1,757,779,協力,協力,協力,unknown,協力,wordfreq:ja,wordfreq_seeded;deterministically_filtered;structurally_curated
ja,v1,1,758,780,品,品,品,unknown,品,wordfreq:ja,wordfreq_seeded;deterministically_filtered;structurally_curated
ja,v1,1,759,781,嘘,嘘,嘘,unknown,嘘,wordfreq:ja,wordfreq_seeded;deterministically_filtered;structurally_curated
ja,v1,1,760,782,最大,最大,最大,unknown,最大,wordfreq:ja,wordfreq_seeded;deterministically_filtered;structurally_curated
ja,v1,1,761,783,本当,本当,本当,unknown,本当,wordfreq:ja,wordfreq_seeded;deterministically_filtered;structurally_curated
ja,v1,1,762,784,程度,程度,程度,unknown,程度,wordfreq:ja,wordfreq_seeded;deterministically_filtered;structurally_curated
ja,v1,1,763,785,色々,色々,色々,unknown,色々,wordfreq:ja,wordfreq_seeded;deterministically_filtered;structurally_curated
ja,v1,1,764,786,落ち,落ち,落ち,unknown,落ち,wordfreq:ja,wordfreq_seeded;deterministically_filtered;structurally_curated
ja,v1,1,765,787,逆,逆,逆,unknown,逆,wordfreq:ja,wordfreq_seeded;deterministically_filtered;structurally_curated
ja,v1,1,766,788,量,量,量,unknown,量,wordfreq:ja,wordfreq_seeded;deterministically_filtered;structurally_curated
ja,v1,1,767,789,飲ん,飲ん,飲ん,unknown,飲ん,wordfreq:ja,wordfreq_seeded;deterministically_filtered;structurally_curated
ja,v1,1,768,790,in,in,in,unknown,in,wordfreq:ja,wordfreq_seeded;deterministically_filtered;structurally_curated
ja,v1,1,769,791,プロ,プロ,プロ,unknown,プロ,wordfreq:ja,wordfreq_seeded;deterministically_filtered;structurally_curated
ja,v1,1,770,792,メンバー,メンバー,メンバー,unknown,メンバー,wordfreq:ja,wordfreq_seeded;deterministically_filtered;structurally_curated
ja,v1,1,771,793,今年,今年,今年,unknown,今年,wordfreq:ja,wordfreq_seeded;deterministically_filtered;structurally_curated
ja,v1,1,772,794,代表,代表,代表,unknown,代表,wordfreq:ja,wordfreq_seeded;deterministically_filtered;structurally_curated
ja,v1,1,773,795,変わっ,変わっ,変わっ,unknown,変わっ,wordfreq:ja,wordfreq_seeded;deterministically_filtered;structurally_curated
ja,v1,1,774,796,変更,変更,変更,unknown,変更,wordfreq:ja,wordfreq_seeded;deterministically_filtered;structurally_curated
ja,v1,1,775,797,多分,多分,多分,unknown,多分,wordfreq:ja,wordfreq_seeded;deterministically_filtered;structurally_curated
ja,v1,1,776,798,契約,契約,契約,unknown,契約,wordfreq:ja,wordfreq_seeded;deterministically_filtered;structurally_curated
ja,v1,1,777,799,心配,心配,心配,unknown,心配,wordfreq:ja,wordfreq_seeded;deterministically_filtered;structurally_curated
ja,v1,1,778,800,敵,敵,敵,unknown,敵,wordfreq:ja,wordfreq_seeded;deterministically_filtered;structurally_curated
ja,v1,1,779,801,昨日,昨日,昨日,unknown,昨日,wordfreq:ja,wordfreq_seeded;deterministically_filtered;structurally_curated
ja,v1,1,780,802,猫,猫,猫,unknown,猫,wordfreq:ja,wordfreq_seeded;deterministically_filtered;structurally_curated
ja,v1,1,781,803,生まれ,生まれ,生まれ,unknown,生まれ,wordfreq:ja,wordfreq_seeded;deterministically_filtered;structurally_curated
ja,v1,1,782,804,発生,発生,発生,unknown,発生,wordfreq:ja,wordfreq_seeded;deterministically_filtered;structurally_curated
ja,v1,1,783,805,組,組,組,unknown,組,wordfreq:ja,wordfreq_seeded;deterministically_filtered;structurally_curated
ja,v1,1,784,806,経験,経験,経験,unknown,経験,wordfreq:ja,wordfreq_seeded;deterministically_filtered;structurally_curated
ja,v1,1,785,807,絵,絵,絵,unknown,絵,wordfreq:ja,wordfreq_seeded;deterministically_filtered;structurally_curated
ja,v1,1,786,808,興味,興味,興味,unknown,興味,wordfreq:ja,wordfreq_seeded;deterministically_filtered;structurally_curated
ja,v1,1,787,809,話題,話題,話題,unknown,話題,wordfreq:ja,wordfreq_seeded;deterministically_filtered;structurally_curated
ja,v1,1,788,810,責任,責任,責任,unknown,責任,wordfreq:ja,wordfreq_seeded;deterministically_filtered;structurally_curated
ja,v1,1,789,811,酒,酒,酒,unknown,酒,wordfreq:ja,wordfreq_seeded;deterministically_filtered;structurally_curated
ja,v1,1,790,812,限り,限り,限り,unknown,限り,wordfreq:ja,wordfreq_seeded;deterministically_filtered;structurally_curated
ja,v1,1,791,813,難しい,難しい,難しい,unknown,難しい,wordfreq:ja,wordfreq_seeded;deterministically_filtered;structurally_curated
ja,v1,1,792,814,n,n,n,unknown,n,wordfreq:ja,wordfreq_seeded;deterministically_filtered;structurally_curated
ja,v1,1,793,815,あげ,あげ,あげ,unknown,あげ,wordfreq:ja,wordfreq_seeded;deterministically_filtered;structurally_curated
ja,v1,1,794,816,まぁ,まぁ,まぁ,unknown,まぁ,wordfreq:ja,wordfreq_seeded;deterministically_filtered;structurally_curated
ja,v1,1,795,817,バス,バス,バス,unknown,バス,wordfreq:ja,wordfreq_seeded;deterministically_filtered;structurally_curated
ja,v1,1,796,818,ブログ,ブログ,ブログ,unknown,ブログ,wordfreq:ja,wordfreq_seeded;deterministically_filtered;structurally_curated
ja,v1,1,797,819,ポイント,ポイント,ポイント,unknown,ポイント,wordfreq:ja,wordfreq_seeded;deterministically_filtered;structurally_curated
ja,v1,1,798,820,元気,元気,元気,unknown,元気,wordfreq:ja,wordfreq_seeded;deterministically_filtered;structurally_curated
ja,v1,1,799,821,入る,入る,入る,unknown,入る,wordfreq:ja,wordfreq_seeded;deterministically_filtered;structurally_curated
ja,v1,1,800,822,可愛い,可愛い,可愛い,unknown,可愛い,wordfreq:ja,wordfreq_seeded;deterministically_filtered;structurally_curated
ja,v1,1,801,823,商品,商品,商品,unknown,商品,wordfreq:ja,wordfreq_seeded;deterministically_filtered;structurally_curated
ja,v1,1,802,824,対象,対象,対象,unknown,対象,wordfreq:ja,wordfreq_seeded;deterministically_filtered;structurally_curated
ja,v1,1,803,825,小,小,小,unknown,小,wordfreq:ja,wordfreq_seeded;deterministically_filtered;structurally_curated
ja,v1,1,804,826,年間,年間,年間,unknown,年間,wordfreq:ja,wordfreq_seeded;deterministically_filtered;structurally_curated
ja,v1,1,805,827,支援,支援,支援,unknown,支援,wordfreq:ja,wordfreq_seeded;deterministically_filtered;structurally_curated
ja,v1,1,806,828,残念,残念,残念,unknown,残念,wordfreq:ja,wordfreq_seeded;deterministically_filtered;structurally_curated
ja,v1,1,807,829,決め,決め,決め,unknown,決め,wordfreq:ja,wordfreq_seeded;deterministically_filtered;structurally_curated
ja,v1,1,808,830,白,白,白,unknown,白,wordfreq:ja,wordfreq_seeded;deterministically_filtered;structurally_curated
ja,v1,1,809,831,百,百,百,unknown,百,wordfreq:ja,wordfreq_seeded;deterministically_filtered;structurally_curated
ja,v1,1,810,832,終わり,終わり,終わり,unknown,終わり,wordfreq:ja,wordfreq_seeded;deterministically_filtered;structurally_curated
ja,v1,1,811,833,被害,被害,被害,unknown,被害,wordfreq:ja,wordfreq_seeded;deterministically_filtered;structurally_curated
ja,v1,1,812,834,見つけ,見つけ,見つけ,unknown,見つけ,wordfreq:ja,wordfreq_seeded;deterministically_filtered;structurally_curated
ja,v1,1,813,835,試し,試し,試し,unknown,試し,wordfreq:ja,wordfreq_seeded;deterministically_filtered;structurally_curated
ja,v1,1,814,836,語,語,語,unknown,語,wordfreq:ja,wordfreq_seeded;deterministically_filtered;structurally_curated
ja,v1,1,815,837,運転,運転,運転,unknown,運転,wordfreq:ja,wordfreq_seeded;deterministically_filtered;structurally_curated
ja,v1,1,816,838,選挙,選挙,選挙,unknown,選挙,wordfreq:ja,wordfreq_seeded;deterministically_filtered;structurally_curated
ja,v1,1,817,839,非常,非常,非常,unknown,非常,wordfreq:ja,wordfreq_seeded;deterministically_filtered;structurally_curated
ja,v1,1,818,840,面,面,面,unknown,面,wordfreq:ja,wordfreq_seeded;deterministically_filtered;structurally_curated
ja,v1,1,819,842,々,々,々,unknown,々,wordfreq:ja,wordfreq_seeded;deterministically_filtered;structurally_curated
ja,v1,1,820,843,に対する,に対する,に対する,unknown,に対する,wordfreq:ja,wordfreq_seeded;deterministically_filtered;structurally_curated
ja,v1,1,821,844,ぬ,ぬ,ぬ,unknown,ぬ,wordfreq:ja,wordfreq_seeded;deterministically_filtered;structurally_curated
ja,v1,1,822,845,タイプ,タイプ,タイプ,unknown,タイプ,wordfreq:ja,wordfreq_seeded;deterministically_filtered;structurally_curated
ja,v1,1,823,846,企画,企画,企画,unknown,企画,wordfreq:ja,wordfreq_seeded;deterministically_filtered;structurally_curated
ja,v1,1,824,847,使い,使い,使い,unknown,使い,wordfreq:ja,wordfreq_seeded;deterministically_filtered;structurally_curated
ja,v1,1,825,848,億,億,億,unknown,億,wordfreq:ja,wordfreq_seeded;deterministically_filtered;structurally_curated
ja,v1,1,826,849,勉強,勉強,勉強,unknown,勉強,wordfreq:ja,wordfreq_seeded;deterministically_filtered;structurally_curated
ja,v1,1,827,850,報告,報告,報告,unknown,報告,wordfreq:ja,wordfreq_seeded;deterministically_filtered;structurally_curated
ja,v1,1,828,851,彼ら,彼ら,彼ら,unknown,彼ら,wordfreq:ja,wordfreq_seeded;deterministically_filtered;structurally_curated
ja,v1,1,829,852,星,星,星,unknown,星,wordfreq:ja,wordfreq_seeded;deterministically_filtered;structurally_curated
ja,v1,1,830,853,服,服,服,unknown,服,wordfreq:ja,wordfreq_seeded;deterministically_filtered;structurally_curated
ja,v1,1,831,854,流れ,流れ,流れ,unknown,流れ,wordfreq:ja,wordfreq_seeded;deterministically_filtered;structurally_curated
ja,v1,1,832,855,移動,移動,移動,unknown,移動,wordfreq:ja,wordfreq_seeded;deterministically_filtered;structurally_curated
ja,v1,1,833,856,行う,行う,行う,unknown,行う,wordfreq:ja,wordfreq_seeded;deterministically_filtered;structurally_curated
ja,v1,1,834,857,表示,表示,表示,unknown,表示,wordfreq:ja,wordfreq_seeded;deterministically_filtered;structurally_curated
ja,v1,1,835,858,記録,記録,記録,unknown,記録,wordfreq:ja,wordfreq_seeded;deterministically_filtered;structurally_curated
ja,v1,1,836,859,間違い,間違い,間違い,unknown,間違い,wordfreq:ja,wordfreq_seeded;deterministically_filtered;structurally_curated
ja,v1,1,837,860,かい,かい,かい,unknown,かい,wordfreq:ja,wordfreq_seeded;deterministically_filtered;structurally_curated
ja,v1,1,838,861,くん,くん,くん,unknown,くん,wordfreq:ja,wordfreq_seeded;deterministically_filtered;structurally_curated
ja,v1,1,839,862,すごく,すごく,すごく,unknown,すごく,wordfreq:ja,wordfreq_seeded;deterministically_filtered;structurally_curated
ja,v1,1,840,863,なお,なお,なお,unknown,なお,wordfreq:ja,wordfreq_seeded;deterministically_filtered;structurally_curated
ja,v1,1,841,864,スポーツ,スポーツ,スポーツ,unknown,スポーツ,wordfreq:ja,wordfreq_seeded;deterministically_filtered;structurally_curated
ja,v1,1,842,865,チェック,チェック,チェック,unknown,チェック,wordfreq:ja,wordfreq_seeded;deterministically_filtered;structurally_curated
ja,v1,1,843,866,全体,全体,全体,unknown,全体,wordfreq:ja,wordfreq_seeded;deterministically_filtered;structurally_curated
ja,v1,1,844,867,変,変,変,unknown,変,wordfreq:ja,wordfreq_seeded;deterministically_filtered;structurally_curated
ja,v1,1,845,868,妻,妻,妻,unknown,妻,wordfreq:ja,wordfreq_seeded;deterministically_filtered;structurally_curated
ja,v1,1,846,869,嫌い,嫌い,嫌い,unknown,嫌い,wordfreq:ja,wordfreq_seeded;deterministically_filtered;structurally_curated
ja,v1,1,847,870,文字,文字,文字,unknown,文字,wordfreq:ja,wordfreq_seeded;deterministically_filtered;structurally_curated
ja,v1,1,848,871,施設,施設,施設,unknown,施設,wordfreq:ja,wordfreq_seeded;deterministically_filtered;structurally_curated
ja,v1,1,849,872,最も,最も,最も,unknown,最も,wordfreq:ja,wordfreq_seeded;deterministically_filtered;structurally_curated
ja,v1,1,850,873,楽しい,楽しい,楽しい,unknown,楽しい,wordfreq:ja,wordfreq_seeded;deterministically_filtered;structurally_curated
ja,v1,1,851,874,秒,秒,秒,unknown,秒,wordfreq:ja,wordfreq_seeded;deterministically_filtered;structurally_curated
ja,v1,1,852,875,笑,笑,笑,unknown,笑,wordfreq:ja,wordfreq_seeded;deterministically_filtered;structurally_curated
ja,v1,1,853,876,能力,能力,能力,unknown,能力,wordfreq:ja,wordfreq_seeded;deterministically_filtered;structurally_curated
ja,v1,1,854,877,見せ,見せ,見せ,unknown,見せ,wordfreq:ja,wordfreq_seeded;deterministically_filtered;structurally_curated
ja,v1,1,855,878,観,観,観,unknown,観,wordfreq:ja,wordfreq_seeded;deterministically_filtered;structurally_curated
ja,v1,1,856,879,訳,訳,訳,unknown,訳,wordfreq:ja,wordfreq_seeded;deterministically_filtered;structurally_curated
ja,v1,1,857,880,誕生,誕生,誕生,unknown,誕生,wordfreq:ja,wordfreq_seeded;deterministically_filtered;structurally_curated
ja,v1,1,858,881,運動,運動,運動,unknown,運動,wordfreq:ja,wordfreq_seeded;deterministically_filtered;structurally_curated
ja,v1,1,859,882,配信,配信,配信,unknown,配信,wordfreq:ja,wordfreq_seeded;deterministically_filtered;structurally_curated
ja,v1,1,860,883,ch,ch,ch,unknown,ch,wordfreq:ja,wordfreq_seeded;deterministically_filtered;structurally_curated
ja,v1,1,861,884,y,y,y,unknown,y,wordfreq:ja,wordfreq_seeded;deterministically_filtered;structurally_curated
ja,v1,1,862,885,いか,いか,いか,unknown,いか,wordfreq:ja,wordfreq_seeded;deterministically_filtered;structurally_curated
ja,v1,1,863,886,その他,その他,その他,unknown,その他,wordfreq:ja,wordfreq_seeded;deterministically_filtered;structurally_curated
ja,v1,1,864,887,つつ,つつ,つつ,unknown,つつ,wordfreq:ja,wordfreq_seeded;deterministically_filtered;structurally_curated
ja,v1,1,865,888,つもり,つもり,つもり,unknown,つもり,wordfreq:ja,wordfreq_seeded;deterministically_filtered;structurally_curated
ja,v1,1,866,889,とりあえず,とりあえず,とりあえず,unknown,とりあえず,wordfreq:ja,wordfreq_seeded;deterministically_filtered;structurally_curated
ja,v1,1,867,890,なかなか,なかなか,なかなか,unknown,なかなか,wordfreq:ja,wordfreq_seeded;deterministically_filtered;structurally_curated
ja,v1,1,868,891,ほぼ,ほぼ,ほぼ,unknown,ほぼ,wordfreq:ja,wordfreq_seeded;deterministically_filtered;structurally_curated
ja,v1,1,869,892,もし,もし,もし,unknown,もし,wordfreq:ja,wordfreq_seeded;deterministically_filtered;structurally_curated
ja,v1,1,870,893,一方,一方,一方,unknown,一方,wordfreq:ja,wordfreq_seeded;deterministically_filtered;structurally_curated
ja,v1,1,871,894,価値,価値,価値,unknown,価値,wordfreq:ja,wordfreq_seeded;deterministically_filtered;structurally_curated
ja,v1,1,872,895,保護,保護,保護,unknown,保護,wordfreq:ja,wordfreq_seeded;deterministically_filtered;structurally_curated
ja,v1,1,873,896,倍,倍,倍,unknown,倍,wordfreq:ja,wordfreq_seeded;deterministically_filtered;structurally_curated
ja,v1,1,874,897,官,官,官,unknown,官,wordfreq:ja,wordfreq_seeded;deterministically_filtered;structurally_curated
ja,v1,1,875,898,意識,意識,意識,unknown,意識,wordfreq:ja,wordfreq_seeded;deterministically_filtered;structurally_curated
ja,v1,1,876,899,感じる,感じる,感じる,unknown,感じる,wordfreq:ja,wordfreq_seeded;deterministically_filtered;structurally_curated
ja,v1,1,877,900,木,木,木,unknown,木,wordfreq:ja,wordfreq_seeded;deterministically_filtered;structurally_curated
ja,v1,1,878,901,権,権,権,unknown,権,wordfreq:ja,wordfreq_seeded;deterministically_filtered;structurally_curated
ja,v1,1,879,902,詳細,詳細,詳細,unknown,詳細,wordfreq:ja,wordfreq_seeded;deterministically_filtered;structurally_curated
ja,v1,1,880,903,認め,認め,認め,unknown,認め,wordfreq:ja,wordfreq_seeded;deterministically_filtered;structurally_curated
ja,v1,1,881,904,調べ,調べ,調べ,unknown,調べ,wordfreq:ja,wordfreq_seeded;deterministically_filtered;structurally_curated
ja,v1,1,882,905,黒,黒,黒,unknown,黒,wordfreq:ja,wordfreq_seeded;deterministically_filtered;structurally_curated
ja,v1,1,883,906,u,u,u,unknown,u,wordfreq:ja,wordfreq_seeded;deterministically_filtered;structurally_curated
ja,v1,1,884,907,こういう,こういう,こういう,unknown,こういう,wordfreq:ja,wordfreq_seeded;deterministically_filtered;structurally_curated
ja,v1,1,885,908,に関する,に関する,に関する,unknown,に関する,wordfreq:ja,wordfreq_seeded;deterministically_filtered;structurally_curated
ja,v1,1,886,909,作り,作り,作り,unknown,作り,wordfreq:ja,wordfreq_seeded;deterministically_filtered;structurally_curated
ja,v1,1,887,910,周,周,周,unknown,周,wordfreq:ja,wordfreq_seeded;deterministically_filtered;structurally_curated
ja,v1,1,888,911,味,味,味,unknown,味,wordfreq:ja,wordfreq_seeded;deterministically_filtered;structurally_curated
ja,v1,1,889,912,呼ば,呼ば,呼ば,unknown,呼ば,wordfreq:ja,wordfreq_seeded;deterministically_filtered;structurally_curated
ja,v1,1,890,913,失敗,失敗,失敗,unknown,失敗,wordfreq:ja,wordfreq_seeded;deterministically_filtered;structurally_curated
ja,v1,1,891,914,展開,展開,展開,unknown,展開,wordfreq:ja,wordfreq_seeded;deterministically_filtered;structurally_curated
ja,v1,1,892,915,山,山,山,unknown,山,wordfreq:ja,wordfreq_seeded;deterministically_filtered;structurally_curated
ja,v1,1,893,916,担当,担当,担当,unknown,担当,wordfreq:ja,wordfreq_seeded;deterministically_filtered;structurally_curated
ja,v1,1,894,917,提供,提供,提供,unknown,提供,wordfreq:ja,wordfreq_seeded;deterministically_filtered;structurally_curated
ja,v1,1,895,918,時期,時期,時期,unknown,時期,wordfreq:ja,wordfreq_seeded;deterministically_filtered;structurally_curated
ja,v1,1,896,919,気分,気分,気分,unknown,気分,wordfreq:ja,wordfreq_seeded;deterministically_filtered;structurally_curated
ja,v1,1,897,920,求め,求め,求め,unknown,求め,wordfreq:ja,wordfreq_seeded;deterministically_filtered;structurally_curated
ja,v1,1,898,921,答え,答え,答え,unknown,答え,wordfreq:ja,wordfreq_seeded;deterministically_filtered;structurally_curated
ja,v1,1,899,922,精神,精神,精神,unknown,精神,wordfreq:ja,wordfreq_seeded;deterministically_filtered;structurally_curated
ja,v1,1,900,923,組織,組織,組織,unknown,組織,wordfreq:ja,wordfreq_seeded;deterministically_filtered;structurally_curated
ja,v1,1,901,924,買う,買う,買う,unknown,買う,wordfreq:ja,wordfreq_seeded;deterministically_filtered;structurally_curated
ja,v1,1,902,925,飲み,飲み,飲み,unknown,飲み,wordfreq:ja,wordfreq_seeded;deterministically_filtered;structurally_curated
ja,v1,1,903,926,高校,高校,高校,unknown,高校,wordfreq:ja,wordfreq_seeded;deterministically_filtered;structurally_curated
ja,v1,1,904,927,いま,いま,いま,unknown,いま,wordfreq:ja,wordfreq_seeded;deterministically_filtered;structurally_curated
ja,v1,1,905,928,おく,おく,おく,unknown,おく,wordfreq:ja,wordfreq_seeded;deterministically_filtered;structurally_curated
ja,v1,1,906,929,しっかり,しっかり,しっかり,unknown,しっかり,wordfreq:ja,wordfreq_seeded;deterministically_filtered;structurally_curated
ja,v1,1,907,930,そのまま,そのまま,そのまま,unknown,そのまま,wordfreq:ja,wordfreq_seeded;deterministically_filtered;structurally_curated
ja,v1,1,908,931,それぞれ,それぞれ,それぞれ,unknown,それぞれ,wordfreq:ja,wordfreq_seeded;deterministically_filtered;structurally_curated
ja,v1,1,909,932,ほか,ほか,ほか,unknown,ほか,wordfreq:ja,wordfreq_seeded;deterministically_filtered;structurally_curated
ja,v1,1,910,933,タイトル,タイトル,タイトル,unknown,タイトル,wordfreq:ja,wordfreq_seeded;deterministically_filtered;structurally_curated
ja,v1,1,911,934,中心,中心,中心,unknown,中心,wordfreq:ja,wordfreq_seeded;deterministically_filtered;structurally_curated
ja,v1,1,912,935,交換,交換,交換,unknown,交換,wordfreq:ja,wordfreq_seeded;deterministically_filtered;structurally_curated
ja,v1,1,913,936,会い,会い,会い,unknown,会い,wordfreq:ja,wordfreq_seeded;deterministically_filtered;structurally_curated
ja,v1,1,914,937,割,割,割,unknown,割,wordfreq:ja,wordfreq_seeded;deterministically_filtered;structurally_curated
ja,v1,1,915,938,原因,原因,原因,unknown,原因,wordfreq:ja,wordfreq_seeded;deterministically_filtered;structurally_curated
ja,v1,1,916,939,大人,大人,大人,unknown,大人,wordfreq:ja,wordfreq_seeded;deterministically_filtered;structurally_curated
ja,v1,1,917,940,嬉しい,嬉しい,嬉しい,unknown,嬉しい,wordfreq:ja,wordfreq_seeded;deterministically_filtered;structurally_curated
ja,v1,1,918,941,学生,学生,学生,unknown,学生,wordfreq:ja,wordfreq_seeded;deterministically_filtered;structurally_curated
ja,v1,1,919,942,安心,安心,安心,unknown,安心,wordfreq:ja,wordfreq_seeded;deterministically_filtered;structurally_curated
ja,v1,1,920,943,幸せ,幸せ,幸せ,unknown,幸せ,wordfreq:ja,wordfreq_seeded;deterministically_filtered;structurally_curated
ja,v1,1,921,944,投稿,投稿,投稿,unknown,投稿,wordfreq:ja,wordfreq_seeded;deterministically_filtered;structurally_curated
ja,v1,1,922,945,歌,歌,歌,unknown,歌,wordfreq:ja,wordfreq_seeded;deterministically_filtered;structurally_curated
ja,v1,1,923,946,死,死,死,unknown,死,wordfreq:ja,wordfreq_seeded;deterministically_filtered;structurally_curated
ja,v1,1,924,947,薬,薬,薬,unknown,薬,wordfreq:ja,wordfreq_seeded;deterministically_filtered;structurally_curated
ja,v1,1,925,948,行わ,行わ,行わ,unknown,行わ,wordfreq:ja,wordfreq_seeded;deterministically_filtered;structurally_curated
ja,v1,1,926,949,表現,表現,表現,unknown,表現,wordfreq:ja,wordfreq_seeded;deterministically_filtered;structurally_curated
ja,v1,1,927,950,解決,解決,解決,unknown,解決,wordfreq:ja,wordfreq_seeded;deterministically_filtered;structurally_curated
ja,v1,1,928,951,運営,運営,運営,unknown,運営,wordfreq:ja,wordfreq_seeded;deterministically_filtered;structurally_curated
ja,v1,1,929,952,nhk,nhk,nhk,unknown,nhk,wordfreq:ja,wordfreq_seeded;deterministically_filtered;structurally_curated
ja,v1,1,930,953,you,you,you,unknown,you,wordfreq:ja,wordfreq_seeded;deterministically_filtered;structurally_curated
ja,v1,1,931,954,いろいろ,いろいろ,いろいろ,unknown,いろいろ,wordfreq:ja,wordfreq_seeded;deterministically_filtered;structurally_curated
ja,v1,1,932,955,おお,おお,おお,unknown,おお,wordfreq:ja,wordfreq_seeded;deterministically_filtered;structurally_curated
ja,v1,1,933,956,ごめん,ごめん,ごめん,unknown,ごめん,wordfreq:ja,wordfreq_seeded;deterministically_filtered;structurally_curated
ja,v1,1,934,957,しかも,しかも,しかも,unknown,しかも,wordfreq:ja,wordfreq_seeded;deterministically_filtered;structurally_curated
ja,v1,1,935,958,そんなに,そんなに,そんなに,unknown,そんなに,wordfreq:ja,wordfreq_seeded;deterministically_filtered;structurally_curated
ja,v1,1,936,959,キャラ,キャラ,キャラ,unknown,キャラ,wordfreq:ja,wordfreq_seeded;deterministically_filtered;structurally_curated
ja,v1,1,937,960,例,例,例,unknown,例,wordfreq:ja,wordfreq_seeded;deterministically_filtered;structurally_curated
ja,v1,1,938,961,危険,危険,危険,unknown,危険,wordfreq:ja,wordfreq_seeded;deterministically_filtered;structurally_curated
ja,v1,1,939,962,右,右,右,unknown,右,wordfreq:ja,wordfreq_seeded;deterministically_filtered;structurally_curated
ja,v1,1,940,963,営業,営業,営業,unknown,営業,wordfreq:ja,wordfreq_seeded;deterministically_filtered;structurally_curated
ja,v1,1,941,964,当時,当時,当時,unknown,当時,wordfreq:ja,wordfreq_seeded;deterministically_filtered;structurally_curated
ja,v1,1,942,965,感謝,感謝,感謝,unknown,感謝,wordfreq:ja,wordfreq_seeded;deterministically_filtered;structurally_curated
ja,v1,1,943,966,料理,料理,料理,unknown,料理,wordfreq:ja,wordfreq_seeded;deterministically_filtered;structurally_curated
ja,v1,1,944,967,日本人,日本人,日本人,unknown,日本人,wordfreq:ja,wordfreq_seeded;deterministically_filtered;structurally_curated
ja,v1,1,945,968,自然,自然,自然,unknown,自然,wordfreq:ja,wordfreq_seeded;deterministically_filtered;structurally_curated
ja,v1,1,946,969,it,it,it,unknown,it,wordfreq:ja,wordfreq_seeded;deterministically_filtered;structurally_curated
ja,v1,1,947,970,きっと,きっと,きっと,unknown,きっと,wordfreq:ja,wordfreq_seeded;deterministically_filtered;structurally_curated
ja,v1,1,948,971,さえ,さえ,さえ,unknown,さえ,wordfreq:ja,wordfreq_seeded;deterministically_filtered;structurally_curated
ja,v1,1,949,972,カメラ,カメラ,カメラ,unknown,カメラ,wordfreq:ja,wordfreq_seeded;deterministically_filtered;structurally_curated
ja,v1,1,950,973,グループ,グループ,グループ,unknown,グループ,wordfreq:ja,wordfreq_seeded;deterministically_filtered;structurally_curated
ja,v1,1,951,974,セット,セット,セット,unknown,セット,wordfreq:ja,wordfreq_seeded;deterministically_filtered;structurally_curated
ja,v1,1,952,975,ネタ,ネタ,ネタ,unknown,ネタ,wordfreq:ja,wordfreq_seeded;deterministically_filtered;structurally_curated
ja,v1,1,953,976,事実,事実,事実,unknown,事実,wordfreq:ja,wordfreq_seeded;deterministically_filtered;structurally_curated
ja,v1,1,954,977,信じ,信じ,信じ,unknown,信じ,wordfreq:ja,wordfreq_seeded;deterministically_filtered;structurally_curated
ja,v1,1,955,978,出す,出す,出す,unknown,出す,wordfreq:ja,wordfreq_seeded;deterministically_filtered;structurally_curated
ja,v1,1,956,979,分かっ,分かっ,分かっ,unknown,分かっ,wordfreq:ja,wordfreq_seeded;deterministically_filtered;structurally_curated
ja,v1,1,957,980,判断,判断,判断,unknown,判断,wordfreq:ja,wordfreq_seeded;deterministically_filtered;structurally_curated
ja,v1,1,958,981,動物,動物,動物,unknown,動物,wordfreq:ja,wordfreq_seeded;deterministically_filtered;structurally_curated
ja,v1,1,959,982,国内,国内,国内,unknown,国内,wordfreq:ja,wordfreq_seeded;deterministically_filtered;structurally_curated
ja,v1,1,960,983,大会,大会,大会,unknown,大会,wordfreq:ja,wordfreq_seeded;deterministically_filtered;structurally_curated
ja,v1,1,961,984,大好き,大好き,大好き,unknown,大好き,wordfreq:ja,wordfreq_seeded;deterministically_filtered;structurally_curated
ja,v1,1,962,985,巻,巻,巻,unknown,巻,wordfreq:ja,wordfreq_seeded;deterministically_filtered;structurally_curated
ja,v1,1,963,986,師,師,師,unknown,師,wordfreq:ja,wordfreq_seeded;deterministically_filtered;structurally_curated
ja,v1,1,964,987,悪く,悪く,悪く,unknown,悪く,wordfreq:ja,wordfreq_seeded;deterministically_filtered;structurally_curated
ja,v1,1,965,988,想像,想像,想像,unknown,想像,wordfreq:ja,wordfreq_seeded;deterministically_filtered;structurally_curated
ja,v1,1,966,989,春,春,春,unknown,春,wordfreq:ja,wordfreq_seeded;deterministically_filtered;structurally_curated
ja,v1,1,967,990,未,未,未,unknown,未,wordfreq:ja,wordfreq_seeded;deterministically_filtered;structurally_curated
ja,v1,1,968,991,準備,準備,準備,unknown,準備,wordfreq:ja,wordfreq_seeded;deterministically_filtered;structurally_curated
ja,v1,1,969,992,自動,自動,自動,unknown,自動,wordfreq:ja,wordfreq_seeded;deterministically_filtered;structurally_curated
ja,v1,1,970,993,行け,行け,行け,unknown,行け,wordfreq:ja,wordfreq_seeded;deterministically_filtered;structurally_curated
ja,v1,1,971,994,記憶,記憶,記憶,unknown,記憶,wordfreq:ja,wordfreq_seeded;deterministically_filtered;structurally_curated
ja,v1,1,972,995,試合,試合,試合,unknown,試合,wordfreq:ja,wordfreq_seeded;deterministically_filtered;structurally_curated
ja,v1,1,973,996,身,身,身,unknown,身,wordfreq:ja,wordfreq_seeded;deterministically_filtered;structurally_curated
ja,v1,1,974,997,ok,ok,ok,unknown,ok,wordfreq:ja,wordfreq_seeded;deterministically_filtered;structurally_curated
ja,v1,1,975,998,pc,pc,pc,unknown,pc,wordfreq:ja,wordfreq_seeded;deterministically_filtered;structurally_curated
ja,v1,1,976,999,どっち,どっち,どっち,unknown,どっち,wordfreq:ja,wordfreq_seeded;deterministically_filtered;structurally_curated
ja,v1,1,977,1000,もっ,もっ,もっ,unknown,もっ,wordfreq:ja,wordfreq_seeded;deterministically_filtered;structurally_curated
ja,v1,1,978,1001,ろ,ろ,ろ,unknown,ろ,wordfreq:ja,wordfreq_seeded;deterministically_filtered;structurally_curated
ja,v1,1,979,1002,ページ,ページ,ページ,unknown,ページ,wordfreq:ja,wordfreq_seeded;deterministically_filtered;structurally_curated
ja,v1,1,980,1003,乗っ,乗っ,乗っ,unknown,乗っ,wordfreq:ja,wordfreq_seeded;deterministically_filtered;structurally_curated
ja,v1,1,981,1004,今度,今度,今度,unknown,今度,wordfreq:ja,wordfreq_seeded;deterministically_filtered;structurally_curated
ja,v1,1,982,1005,分かる,分かる,分かる,unknown,分かる,wordfreq:ja,wordfreq_seeded;deterministically_filtered;structurally_curated
ja,v1,1,983,1006,労働,労働,労働,unknown,労働,wordfreq:ja,wordfreq_seeded;deterministically_filtered;structurally_curated
ja,v1,1,984,1007,大きく,大きく,大きく,unknown,大きく,wordfreq:ja,wordfreq_seeded;deterministically_filtered;structurally_curated
ja,v1,1,985,1008,大切,大切,大切,unknown,大切,wordfreq:ja,wordfreq_seeded;deterministically_filtered;structurally_curated
ja,v1,1,986,1009,居,居,居,unknown,居,wordfreq:ja,wordfreq_seeded;deterministically_filtered;structurally_curated
ja,v1,1,987,1010,未来,未来,未来,unknown,未来,wordfreq:ja,wordfreq_seeded;deterministically_filtered;structurally_curated
ja,v1,1,988,1011,沖縄,沖縄,沖縄,unknown,沖縄,wordfreq:ja,wordfreq_seeded;deterministically_filtered;structurally_curated
ja,v1,1,989,1012,現実,現実,現実,unknown,現実,wordfreq:ja,wordfreq_seeded;deterministically_filtered;structurally_curated
ja,v1,1,990,1013,用意,用意,用意,unknown,用意,wordfreq:ja,wordfreq_seeded;deterministically_filtered;structurally_curated
ja,v1,1,991,1014,科学,科学,科学,unknown,科学,wordfreq:ja,wordfreq_seeded;deterministically_filtered;structurally_curated
ja,v1,1,992,1015,種,種,種,unknown,種,wordfreq:ja,wordfreq_seeded;deterministically_filtered;structurally_curated
ja,v1,1,993,1016,結局,結局,結局,unknown,結局,wordfreq:ja,wordfreq_seeded;deterministically_filtered;structurally_curated
ja,v1,1,994,1017,美,美,美,unknown,美,wordfreq:ja,wordfreq_seeded;deterministically_filtered;structurally_curated
ja,v1,1,995,1018,親,親,親,unknown,親,wordfreq:ja,wordfreq_seeded;deterministically_filtered;structurally_curated
ja,v1,1,996,1020,アップ,アップ,アップ,unknown,アップ,wordfreq:ja,wordfreq_seeded;deterministically_filtered;structurally_curated
ja,v1,1,997,1021,ガン,ガン,ガン,unknown,ガン,wordfreq:ja,wordfreq_seeded;deterministically_filtered;structurally_curated
ja,v1,1,998,1022,ドラマ,ドラマ,ドラマ,unknown,ドラマ,wordfreq:ja,wordfreq_seeded;deterministically_filtered;structurally_curated
ja,v1,1,999,1023,上げ,上げ,上げ,unknown,上げ,wordfreq:ja,wordfreq_seeded;deterministically_filtered;structurally_curated
ja,v1,1,1000,1024,予約,予約,予約,unknown,予約,wordfreq:ja,wordfreq_seeded;deterministically_filtered;structurally_curated
ja,v1,2,1001,1025,仲間,仲間,仲間,unknown,仲間,wordfreq:ja,wordfreq_seeded;deterministically_filtered;structurally_curated
ja,v1,2,1002,1026,位置,位置,位置,unknown,位置,wordfreq:ja,wordfreq_seeded;deterministically_filtered;structurally_curated
ja,v1,2,1003,1027,作,作,作,unknown,作,wordfreq:ja,wordfreq_seeded;deterministically_filtered;structurally_curated
ja,v1,2,1004,1028,印象,印象,印象,unknown,印象,wordfreq:ja,wordfreq_seeded;deterministically_filtered;structurally_curated
ja,v1,2,1005,1029,反応,反応,反応,unknown,反応,wordfreq:ja,wordfreq_seeded;deterministically_filtered;structurally_curated
ja,v1,2,1006,1030,少ない,少ない,少ない,unknown,少ない,wordfreq:ja,wordfreq_seeded;deterministically_filtered;structurally_curated
ja,v1,2,1007,1031,島,島,島,unknown,島,wordfreq:ja,wordfreq_seeded;deterministically_filtered;structurally_curated
ja,v1,2,1008,1032,日本語,日本語,日本語,unknown,日本語,wordfreq:ja,wordfreq_seeded;deterministically_filtered;structurally_curated
ja,v1,2,1009,1033,本人,本人,本人,unknown,本人,wordfreq:ja,wordfreq_seeded;deterministically_filtered;structurally_curated
ja,v1,2,1010,1034,番号,番号,番号,unknown,番号,wordfreq:ja,wordfreq_seeded;deterministically_filtered;structurally_curated
ja,v1,2,1011,1035,空,空,空,unknown,空,wordfreq:ja,wordfreq_seeded;deterministically_filtered;structurally_curated
ja,v1,2,1012,1036,綺麗,綺麗,綺麗,unknown,綺麗,wordfreq:ja,wordfreq_seeded;deterministically_filtered;structurally_curated
ja,v1,2,1013,1037,裏,裏,裏,unknown,裏,wordfreq:ja,wordfreq_seeded;deterministically_filtered;structurally_curated
ja,v1,2,1014,1038,近い,近い,近い,unknown,近い,wordfreq:ja,wordfreq_seeded;deterministically_filtered;structurally_curated
ja,v1,2,1015,1039,銀行,銀行,銀行,unknown,銀行,wordfreq:ja,wordfreq_seeded;deterministically_filtered;structurally_curated
ja,v1,2,1016,1040,長い,長い,長い,unknown,長い,wordfreq:ja,wordfreq_seeded;deterministically_filtered;structurally_curated
ja,v1,2,1017,1041,あー,あー,あー,unknown,あー,wordfreq:ja,wordfreq_seeded;deterministically_filtered;structurally_curated
ja,v1,2,1018,1042,いっぱい,いっぱい,いっぱい,unknown,いっぱい,wordfreq:ja,wordfreq_seeded;deterministically_filtered;structurally_curated
ja,v1,2,1019,1043,もらう,もらう,もらう,unknown,もらう,wordfreq:ja,wordfreq_seeded;deterministically_filtered;structurally_curated
ja,v1,2,1020,1044,センター,センター,センター,unknown,センター,wordfreq:ja,wordfreq_seeded;deterministically_filtered;structurally_curated
ja,v1,2,1021,1045,不明,不明,不明,unknown,不明,wordfreq:ja,wordfreq_seeded;deterministically_filtered;structurally_curated
ja,v1,2,1022,1046,京都,京都,京都,unknown,京都,wordfreq:ja,wordfreq_seeded;deterministically_filtered;structurally_curated
ja,v1,2,1023,1047,出会い,出会い,出会い,unknown,出会い,wordfreq:ja,wordfreq_seeded;deterministically_filtered;structurally_curated
ja,v1,2,1024,1048,参考,参考,参考,unknown,参考,wordfreq:ja,wordfreq_seeded;deterministically_filtered;structurally_curated
ja,v1,2,1025,1049,友人,友人,友人,unknown,友人,wordfreq:ja,wordfreq_seeded;deterministically_filtered;structurally_curated
ja,v1,2,1026,1050,地球,地球,地球,unknown,地球,wordfreq:ja,wordfreq_seeded;deterministically_filtered;structurally_curated
ja,v1,2,1027,1051,実施,実施,実施,unknown,実施,wordfreq:ja,wordfreq_seeded;deterministically_filtered;structurally_curated
ja,v1,2,1028,1052,必ず,必ず,必ず,unknown,必ず,wordfreq:ja,wordfreq_seeded;deterministically_filtered;structurally_curated
ja,v1,2,1029,1053,更新,更新,更新,unknown,更新,wordfreq:ja,wordfreq_seeded;deterministically_filtered;structurally_curated
ja,v1,2,1030,1054,皆,皆,皆,unknown,皆,wordfreq:ja,wordfreq_seeded;deterministically_filtered;structurally_curated
ja,v1,2,1031,1055,購入,購入,購入,unknown,購入,wordfreq:ja,wordfreq_seeded;deterministically_filtered;structurally_curated
ja,v1,2,1032,1056,重,重,重,unknown,重,wordfreq:ja,wordfreq_seeded;deterministically_filtered;structurally_curated
ja,v1,2,1033,1057,階,階,階,unknown,階,wordfreq:ja,wordfreq_seeded;deterministically_filtered;structurally_curated
ja,v1,2,1034,1058,馬,馬,馬,unknown,馬,wordfreq:ja,wordfreq_seeded;deterministically_filtered;structurally_curated
ja,v1,2,1035,1059,いたし,いたし,いたし,unknown,いたし,wordfreq:ja,wordfreq_seeded;deterministically_filtered;structurally_curated
ja,v1,2,1036,1060,えっ,えっ,えっ,unknown,えっ,wordfreq:ja,wordfreq_seeded;deterministically_filtered;structurally_curated
ja,v1,2,1037,1061,ごと,ごと,ごと,unknown,ごと,wordfreq:ja,wordfreq_seeded;deterministically_filtered;structurally_curated
ja,v1,2,1038,1062,どうぞ,どうぞ,どうぞ,unknown,どうぞ,wordfreq:ja,wordfreq_seeded;deterministically_filtered;structurally_curated
ja,v1,2,1039,1063,ぼく,ぼく,ぼく,unknown,ぼく,wordfreq:ja,wordfreq_seeded;deterministically_filtered;structurally_curated
ja,v1,2,1040,1064,やん,やん,やん,unknown,やん,wordfreq:ja,wordfreq_seeded;deterministically_filtered;structurally_curated
ja,v1,2,1041,1065,よし,よし,よし,unknown,よし,wordfreq:ja,wordfreq_seeded;deterministically_filtered;structurally_curated
ja,v1,2,1042,1066,シーン,シーン,シーン,unknown,シーン,wordfreq:ja,wordfreq_seeded;deterministically_filtered;structurally_curated
ja,v1,2,1043,1067,スーパー,スーパー,スーパー,unknown,スーパー,wordfreq:ja,wordfreq_seeded;deterministically_filtered;structurally_curated
ja,v1,2,1044,1068,ン,ン,ン,unknown,ン,wordfreq:ja,wordfreq_seeded;deterministically_filtered;structurally_curated
ja,v1,2,1045,1069,人々,人々,人々,unknown,人々,wordfreq:ja,wordfreq_seeded;deterministically_filtered;structurally_curated
ja,v1,2,1046,1070,使え,使え,使え,unknown,使え,wordfreq:ja,wordfreq_seeded;deterministically_filtered;structurally_curated
ja,v1,2,1047,1071,卒業,卒業,卒業,unknown,卒業,wordfreq:ja,wordfreq_seeded;deterministically_filtered;structurally_curated
ja,v1,2,1048,1072,周り,周り,周り,unknown,周り,wordfreq:ja,wordfreq_seeded;deterministically_filtered;structurally_curated
ja,v1,2,1049,1073,四,四,四,unknown,四,wordfreq:ja,wordfreq_seeded;deterministically_filtered;structurally_curated
ja,v1,2,1050,1074,国民,国民,国民,unknown,国民,wordfreq:ja,wordfreq_seeded;deterministically_filtered;structurally_curated
ja,v1,2,1051,1075,多,多,多,unknown,多,wordfreq:ja,wordfreq_seeded;deterministically_filtered;structurally_curated
ja,v1,2,1052,1076,大統領,大統領,大統領,unknown,大統領,wordfreq:ja,wordfreq_seeded;deterministically_filtered;structurally_curated
ja,v1,2,1053,1077,宇宙,宇宙,宇宙,unknown,宇宙,wordfreq:ja,wordfreq_seeded;deterministically_filtered;structurally_curated
ja,v1,2,1054,1078,対策,対策,対策,unknown,対策,wordfreq:ja,wordfreq_seeded;deterministically_filtered;structurally_curated
ja,v1,2,1055,1079,少女,少女,少女,unknown,少女,wordfreq:ja,wordfreq_seeded;deterministically_filtered;structurally_curated
ja,v1,2,1056,1080,携帯,携帯,携帯,unknown,携帯,wordfreq:ja,wordfreq_seeded;deterministically_filtered;structurally_curated
ja,v1,2,1057,1081,時点,時点,時点,unknown,時点,wordfreq:ja,wordfreq_seeded;deterministically_filtered;structurally_curated
ja,v1,2,1058,1082,村,村,村,unknown,村,wordfreq:ja,wordfreq_seeded;deterministically_filtered;structurally_curated
ja,v1,2,1059,1083,正直,正直,正直,unknown,正直,wordfreq:ja,wordfreq_seeded;deterministically_filtered;structurally_curated
ja,v1,2,1060,1084,皆さん,皆さん,皆さん,unknown,皆さん,wordfreq:ja,wordfreq_seeded;deterministically_filtered;structurally_curated
ja,v1,2,1061,1085,真,真,真,unknown,真,wordfreq:ja,wordfreq_seeded;deterministically_filtered;structurally_curated
ja,v1,2,1062,1086,肉,肉,肉,unknown,肉,wordfreq:ja,wordfreq_seeded;deterministically_filtered;structurally_curated
ja,v1,2,1063,1087,行か,行か,行か,unknown,行か,wordfreq:ja,wordfreq_seeded;deterministically_filtered;structurally_curated
ja,v1,2,1064,1088,頑張っ,頑張っ,頑張っ,unknown,頑張っ,wordfreq:ja,wordfreq_seeded;deterministically_filtered;structurally_curated
ja,v1,2,1065,1089,no,no,no,unknown,no,wordfreq:ja,wordfreq_seeded;deterministically_filtered;structurally_curated
ja,v1,2,1066,1090,かかる,かかる,かかる,unknown,かかる,wordfreq:ja,wordfreq_seeded;deterministically_filtered;structurally_curated
ja,v1,2,1067,1091,どちら,どちら,どちら,unknown,どちら,wordfreq:ja,wordfreq_seeded;deterministically_filtered;structurally_curated
ja,v1,2,1068,1092,なんと,なんと,なんと,unknown,なんと,wordfreq:ja,wordfreq_seeded;deterministically_filtered;structurally_curated
ja,v1,2,1069,1093,コメント,コメント,コメント,unknown,コメント,wordfreq:ja,wordfreq_seeded;deterministically_filtered;structurally_curated
ja,v1,2,1070,1094,トップ,トップ,トップ,unknown,トップ,wordfreq:ja,wordfreq_seeded;deterministically_filtered;structurally_curated
ja,v1,2,1071,1095,以降,以降,以降,unknown,以降,wordfreq:ja,wordfreq_seeded;deterministically_filtered;structurally_curated
ja,v1,2,1072,1096,価格,価格,価格,unknown,価格,wordfreq:ja,wordfreq_seeded;deterministically_filtered;structurally_curated
ja,v1,2,1073,1097,取っ,取っ,取っ,unknown,取っ,wordfreq:ja,wordfreq_seeded;deterministically_filtered;structurally_curated
ja,v1,2,1074,1098,合わせ,合わせ,合わせ,unknown,合わせ,wordfreq:ja,wordfreq_seeded;deterministically_filtered;structurally_curated
ja,v1,2,1075,1099,学,学,学,unknown,学,wordfreq:ja,wordfreq_seeded;deterministically_filtered;structurally_curated
ja,v1,2,1076,1100,差,差,差,unknown,差,wordfreq:ja,wordfreq_seeded;deterministically_filtered;structurally_curated
ja,v1,2,1077,1101,弾,弾,弾,unknown,弾,wordfreq:ja,wordfreq_seeded;deterministically_filtered;structurally_curated
ja,v1,2,1078,1102,思え,思え,思え,unknown,思え,wordfreq:ja,wordfreq_seeded;deterministically_filtered;structurally_curated
ja,v1,2,1079,1103,息子,息子,息子,unknown,息子,wordfreq:ja,wordfreq_seeded;deterministically_filtered;structurally_curated
ja,v1,2,1080,1104,明らか,明らか,明らか,unknown,明らか,wordfreq:ja,wordfreq_seeded;deterministically_filtered;structurally_curated
ja,v1,2,1081,1105,楽,楽,楽,unknown,楽,wordfreq:ja,wordfreq_seeded;deterministically_filtered;structurally_curated
ja,v1,2,1082,1106,止め,止め,止め,unknown,止め,wordfreq:ja,wordfreq_seeded;deterministically_filtered;structurally_curated
ja,v1,2,1083,1107,消費,消費,消費,unknown,消費,wordfreq:ja,wordfreq_seeded;deterministically_filtered;structurally_curated
ja,v1,2,1084,1108,火,火,火,unknown,火,wordfreq:ja,wordfreq_seeded;deterministically_filtered;structurally_curated
ja,v1,2,1085,1109,犯罪,犯罪,犯罪,unknown,犯罪,wordfreq:ja,wordfreq_seeded;deterministically_filtered;structurally_curated
ja,v1,2,1086,1110,監督,監督,監督,unknown,監督,wordfreq:ja,wordfreq_seeded;deterministically_filtered;structurally_curated
ja,v1,2,1087,1111,素晴らしい,素晴らしい,素晴らしい,unknown,素晴らしい,wordfreq:ja,wordfreq_seeded;deterministically_filtered;structurally_curated
ja,v1,2,1088,1112,経営,経営,経営,unknown,経営,wordfreq:ja,wordfreq_seeded;deterministically_filtered;structurally_curated
ja,v1,2,1089,1113,置い,置い,置い,unknown,置い,wordfreq:ja,wordfreq_seeded;deterministically_filtered;structurally_curated
ja,v1,2,1090,1114,船,船,船,unknown,船,wordfreq:ja,wordfreq_seeded;deterministically_filtered;structurally_curated
ja,v1,2,1091,1115,良,良,良,unknown,良,wordfreq:ja,wordfreq_seeded;deterministically_filtered;structurally_curated
ja,v1,2,1092,1116,読み,読み,読み,unknown,読み,wordfreq:ja,wordfreq_seeded;deterministically_filtered;structurally_curated
ja,v1,2,1093,1117,負け,負け,負け,unknown,負け,wordfreq:ja,wordfreq_seeded;deterministically_filtered;structurally_curated
ja,v1,2,1094,1118,通常,通常,通常,unknown,通常,wordfreq:ja,wordfreq_seeded;deterministically_filtered;structurally_curated
ja,v1,2,1095,1119,障害,障害,障害,unknown,障害,wordfreq:ja,wordfreq_seeded;deterministically_filtered;structurally_curated
ja,v1,2,1096,1120,電車,電車,電車,unknown,電車,wordfreq:ja,wordfreq_seeded;deterministically_filtered;structurally_curated
ja,v1,2,1097,1121,食べる,食べる,食べる,unknown,食べる,wordfreq:ja,wordfreq_seeded;deterministically_filtered;structurally_curated
ja,v1,2,1098,1122,kg,kg,kg,unknown,kg,wordfreq:ja,wordfreq_seeded;deterministically_filtered;structurally_curated
ja,v1,2,1099,1123,っけ,っけ,っけ,unknown,っけ,wordfreq:ja,wordfreq_seeded;deterministically_filtered;structurally_curated
ja,v1,2,1100,1124,とっ,とっ,とっ,unknown,とっ,wordfreq:ja,wordfreq_seeded;deterministically_filtered;structurally_curated
ja,v1,2,1101,1125,または,または,または,unknown,または,wordfreq:ja,wordfreq_seeded;deterministically_filtered;structurally_curated
ja,v1,2,1102,1126,やれ,やれ,やれ,unknown,やれ,wordfreq:ja,wordfreq_seeded;deterministically_filtered;structurally_curated
ja,v1,2,1103,1127,よる,よる,よる,unknown,よる,wordfreq:ja,wordfreq_seeded;deterministically_filtered;structurally_curated
ja,v1,2,1104,1128,アイドル,アイドル,アイドル,unknown,アイドル,wordfreq:ja,wordfreq_seeded;deterministically_filtered;structurally_curated
ja,v1,2,1105,1129,セックス,セックス,セックス,unknown,セックス,wordfreq:ja,wordfreq_seeded;deterministically_filtered;structurally_curated
ja,v1,2,1106,1130,ホテル,ホテル,ホテル,unknown,ホテル,wordfreq:ja,wordfreq_seeded;deterministically_filtered;structurally_curated
ja,v1,2,1107,1131,ロシア,ロシア,ロシア,unknown,ロシア,wordfreq:ja,wordfreq_seeded;deterministically_filtered;structurally_curated
ja,v1,2,1108,1132,ヽ,ヽ,ヽ,unknown,ヽ,wordfreq:ja,wordfreq_seeded;deterministically_filtered;structurally_curated
ja,v1,2,1109,1133,不,不,不,unknown,不,wordfreq:ja,wordfreq_seeded;deterministically_filtered;structurally_curated
ja,v1,2,1110,1134,作業,作業,作業,unknown,作業,wordfreq:ja,wordfreq_seeded;deterministically_filtered;structurally_curated
ja,v1,2,1111,1135,値,値,値,unknown,値,wordfreq:ja,wordfreq_seeded;deterministically_filtered;structurally_curated
ja,v1,2,1112,1136,国家,国家,国家,unknown,国家,wordfreq:ja,wordfreq_seeded;deterministically_filtered;structurally_curated
ja,v1,2,1113,1137,多数,多数,多数,unknown,多数,wordfreq:ja,wordfreq_seeded;deterministically_filtered;structurally_curated
ja,v1,2,1114,1138,役,役,役,unknown,役,wordfreq:ja,wordfreq_seeded;deterministically_filtered;structurally_curated
ja,v1,2,1115,1139,戦い,戦い,戦い,unknown,戦い,wordfreq:ja,wordfreq_seeded;deterministically_filtered;structurally_curated
ja,v1,2,1116,1140,残っ,残っ,残っ,unknown,残っ,wordfreq:ja,wordfreq_seeded;deterministically_filtered;structurally_curated
ja,v1,2,1117,1141,消え,消え,消え,unknown,消え,wordfreq:ja,wordfreq_seeded;deterministically_filtered;structurally_curated
ja,v1,2,1118,1142,疲れ,疲れ,疲れ,unknown,疲れ,wordfreq:ja,wordfreq_seeded;deterministically_filtered;structurally_curated
ja,v1,2,1119,1143,祭,祭,祭,unknown,祭,wordfreq:ja,wordfreq_seeded;deterministically_filtered;structurally_curated
ja,v1,2,1120,1144,素敵,素敵,素敵,unknown,素敵,wordfreq:ja,wordfreq_seeded;deterministically_filtered;structurally_curated
ja,v1,2,1121,1145,続ける,続ける,続ける,unknown,続ける,wordfreq:ja,wordfreq_seeded;deterministically_filtered;structurally_curated
ja,v1,2,1122,1146,聞く,聞く,聞く,unknown,聞く,wordfreq:ja,wordfreq_seeded;deterministically_filtered;structurally_curated
ja,v1,2,1123,1147,脳,脳,脳,unknown,脳,wordfreq:ja,wordfreq_seeded;deterministically_filtered;structurally_curated
ja,v1,2,1124,1148,艦,艦,艦,unknown,艦,wordfreq:ja,wordfreq_seeded;deterministically_filtered;structurally_curated
ja,v1,2,1125,1149,行こ,行こ,行こ,unknown,行こ,wordfreq:ja,wordfreq_seeded;deterministically_filtered;structurally_curated
ja,v1,2,1126,1150,行為,行為,行為,unknown,行為,wordfreq:ja,wordfreq_seeded;deterministically_filtered;structurally_curated
ja,v1,2,1127,1151,途中,途中,途中,unknown,途中,wordfreq:ja,wordfreq_seeded;deterministically_filtered;structurally_curated
ja,v1,2,1128,1152,非,非,非,unknown,非,wordfreq:ja,wordfreq_seeded;deterministically_filtered;structurally_curated
ja,v1,2,1129,1155,おっぱい,おっぱい,おっぱい,unknown,おっぱい,wordfreq:ja,wordfreq_seeded;deterministically_filtered;structurally_curated
ja,v1,2,1130,1156,たぶん,たぶん,たぶん,unknown,たぶん,wordfreq:ja,wordfreq_seeded;deterministically_filtered;structurally_curated
ja,v1,2,1131,1157,つか,つか,つか,unknown,つか,wordfreq:ja,wordfreq_seeded;deterministically_filtered;structurally_curated
ja,v1,2,1132,1158,ぶり,ぶり,ぶり,unknown,ぶり,wordfreq:ja,wordfreq_seeded;deterministically_filtered;structurally_curated
ja,v1,2,1133,1159,ほんと,ほんと,ほんと,unknown,ほんと,wordfreq:ja,wordfreq_seeded;deterministically_filtered;structurally_curated
ja,v1,2,1134,1160,スタッフ,スタッフ,スタッフ,unknown,スタッフ,wordfreq:ja,wordfreq_seeded;deterministically_filtered;structurally_curated
ja,v1,2,1135,1161,ドイツ,ドイツ,ドイツ,unknown,ドイツ,wordfreq:ja,wordfreq_seeded;deterministically_filtered;structurally_curated
ja,v1,2,1136,1162,仕方,仕方,仕方,unknown,仕方,wordfreq:ja,wordfreq_seeded;deterministically_filtered;structurally_curated
ja,v1,2,1137,1163,入れる,入れる,入れる,unknown,入れる,wordfreq:ja,wordfreq_seeded;deterministically_filtered;structurally_curated
ja,v1,2,1138,1164,制度,制度,制度,unknown,制度,wordfreq:ja,wordfreq_seeded;deterministically_filtered;structurally_curated
ja,v1,2,1139,1165,制限,制限,制限,unknown,制限,wordfreq:ja,wordfreq_seeded;deterministically_filtered;structurally_curated
ja,v1,2,1140,1166,取引,取引,取引,unknown,取引,wordfreq:ja,wordfreq_seeded;deterministically_filtered;structurally_curated
ja,v1,2,1141,1167,国際,国際,国際,unknown,国際,wordfreq:ja,wordfreq_seeded;deterministically_filtered;structurally_curated
ja,v1,2,1142,1168,地方,地方,地方,unknown,地方,wordfreq:ja,wordfreq_seeded;deterministically_filtered;structurally_curated
ja,v1,2,1143,1169,士,士,士,unknown,士,wordfreq:ja,wordfreq_seeded;deterministically_filtered;structurally_curated
ja,v1,2,1144,1170,完成,完成,完成,unknown,完成,wordfreq:ja,wordfreq_seeded;deterministically_filtered;structurally_curated
ja,v1,2,1145,1171,少年,少年,少年,unknown,少年,wordfreq:ja,wordfreq_seeded;deterministically_filtered;structurally_curated
ja,v1,2,1146,1172,強く,強く,強く,unknown,強く,wordfreq:ja,wordfreq_seeded;deterministically_filtered;structurally_curated
ja,v1,2,1147,1173,方向,方向,方向,unknown,方向,wordfreq:ja,wordfreq_seeded;deterministically_filtered;structurally_curated
ja,v1,2,1148,1174,有名,有名,有名,unknown,有名,wordfreq:ja,wordfreq_seeded;deterministically_filtered;structurally_curated
ja,v1,2,1149,1175,本気,本気,本気,unknown,本気,wordfreq:ja,wordfreq_seeded;deterministically_filtered;structurally_curated
ja,v1,2,1150,1176,森,森,森,unknown,森,wordfreq:ja,wordfreq_seeded;deterministically_filtered;structurally_curated
ja,v1,2,1151,1177,生産,生産,生産,unknown,生産,wordfreq:ja,wordfreq_seeded;deterministically_filtered;structurally_curated
ja,v1,2,1152,1178,石,石,石,unknown,石,wordfreq:ja,wordfreq_seeded;deterministically_filtered;structurally_curated
ja,v1,2,1153,1179,自己,自己,自己,unknown,自己,wordfreq:ja,wordfreq_seeded;deterministically_filtered;structurally_curated
ja,v1,2,1154,1180,いれ,いれ,いれ,unknown,いれ,wordfreq:ja,wordfreq_seeded;deterministically_filtered;structurally_curated
ja,v1,2,1155,1181,ちなみに,ちなみに,ちなみに,unknown,ちなみに,wordfreq:ja,wordfreq_seeded;deterministically_filtered;structurally_curated
ja,v1,2,1156,1182,よろしく,よろしく,よろしく,unknown,よろしく,wordfreq:ja,wordfreq_seeded;deterministically_filtered;structurally_curated
ja,v1,2,1157,1183,ドル,ドル,ドル,unknown,ドル,wordfreq:ja,wordfreq_seeded;deterministically_filtered;structurally_curated
ja,v1,2,1158,1184,付き,付き,付き,unknown,付き,wordfreq:ja,wordfreq_seeded;deterministically_filtered;structurally_curated
ja,v1,2,1159,1185,会議,会議,会議,unknown,会議,wordfreq:ja,wordfreq_seeded;deterministically_filtered;structurally_curated
ja,v1,2,1160,1186,健康,健康,健康,unknown,健康,wordfreq:ja,wordfreq_seeded;deterministically_filtered;structurally_curated
ja,v1,2,1161,1187,分かり,分かり,分かり,unknown,分かり,wordfreq:ja,wordfreq_seeded;deterministically_filtered;structurally_curated
ja,v1,2,1162,1188,勝手,勝手,勝手,unknown,勝手,wordfreq:ja,wordfreq_seeded;deterministically_filtered;structurally_curated
ja,v1,2,1163,1189,北,北,北,unknown,北,wordfreq:ja,wordfreq_seeded;deterministically_filtered;structurally_curated
ja,v1,2,1164,1190,北海道,北海道,北海道,unknown,北海道,wordfreq:ja,wordfreq_seeded;deterministically_filtered;structurally_curated
ja,v1,2,1165,1191,半,半,半,unknown,半,wordfreq:ja,wordfreq_seeded;deterministically_filtered;structurally_curated
ja,v1,2,1166,1192,呼ん,呼ん,呼ん,unknown,呼ん,wordfreq:ja,wordfreq_seeded;deterministically_filtered;structurally_curated
ja,v1,2,1167,1193,器,器,器,unknown,器,wordfreq:ja,wordfreq_seeded;deterministically_filtered;structurally_curated
ja,v1,2,1168,1194,外国,外国,外国,unknown,外国,wordfreq:ja,wordfreq_seeded;deterministically_filtered;structurally_curated
ja,v1,2,1169,1195,大量,大量,大量,unknown,大量,wordfreq:ja,wordfreq_seeded;deterministically_filtered;structurally_curated
ja,v1,2,1170,1196,委員,委員,委員,unknown,委員,wordfreq:ja,wordfreq_seeded;deterministically_filtered;structurally_curated
ja,v1,2,1171,1197,左,左,左,unknown,左,wordfreq:ja,wordfreq_seeded;deterministically_filtered;structurally_curated
ja,v1,2,1172,1198,平成,平成,平成,unknown,平成,wordfreq:ja,wordfreq_seeded;deterministically_filtered;structurally_curated
ja,v1,2,1173,1199,当然,当然,当然,unknown,当然,wordfreq:ja,wordfreq_seeded;deterministically_filtered;structurally_curated
ja,v1,2,1174,1200,恋,恋,恋,unknown,恋,wordfreq:ja,wordfreq_seeded;deterministically_filtered;structurally_curated
ja,v1,2,1175,1201,旅,旅,旅,unknown,旅,wordfreq:ja,wordfreq_seeded;deterministically_filtered;structurally_curated
ja,v1,2,1176,1202,特徴,特徴,特徴,unknown,特徴,wordfreq:ja,wordfreq_seeded;deterministically_filtered;structurally_curated
ja,v1,2,1177,1203,送っ,送っ,送っ,unknown,送っ,wordfreq:ja,wordfreq_seeded;deterministically_filtered;structurally_curated
ja,v1,2,1178,1204,選択,選択,選択,unknown,選択,wordfreq:ja,wordfreq_seeded;deterministically_filtered;structurally_curated
ja,v1,2,1179,1205,野球,野球,野球,unknown,野球,wordfreq:ja,wordfreq_seeded;deterministically_filtered;structurally_curated
ja,v1,2,1180,1206,雨,雨,雨,unknown,雨,wordfreq:ja,wordfreq_seeded;deterministically_filtered;structurally_curated
ja,v1,2,1181,1207,食事,食事,食事,unknown,食事,wordfreq:ja,wordfreq_seeded;deterministically_filtered;structurally_curated
ja,v1,2,1182,1208,魔法,魔法,魔法,unknown,魔法,wordfreq:ja,wordfreq_seeded;deterministically_filtered;structurally_curated
ja,v1,2,1183,1209,by,by,by,unknown,by,wordfreq:ja,wordfreq_seeded;deterministically_filtered;structurally_curated
ja,v1,2,1184,1210,dvd,dvd,dvd,unknown,dvd,wordfreq:ja,wordfreq_seeded;deterministically_filtered;structurally_curated
ja,v1,2,1185,1211,tv,tv,tv,unknown,tv,wordfreq:ja,wordfreq_seeded;deterministically_filtered;structurally_curated
ja,v1,2,1186,1212,いら,いら,いら,unknown,いら,wordfreq:ja,wordfreq_seeded;deterministically_filtered;structurally_curated
ja,v1,2,1187,1213,おき,おき,おき,unknown,おき,wordfreq:ja,wordfreq_seeded;deterministically_filtered;structurally_curated
ja,v1,2,1188,1214,かかっ,かかっ,かかっ,unknown,かかっ,wordfreq:ja,wordfreq_seeded;deterministically_filtered;structurally_curated
ja,v1,2,1189,1215,これら,これら,これら,unknown,これら,wordfreq:ja,wordfreq_seeded;deterministically_filtered;structurally_curated
ja,v1,2,1190,1216,どういう,どういう,どういう,unknown,どういう,wordfreq:ja,wordfreq_seeded;deterministically_filtered;structurally_curated
ja,v1,2,1191,1217,に関して,に関して,に関して,unknown,に関して,wordfreq:ja,wordfreq_seeded;deterministically_filtered;structurally_curated
ja,v1,2,1192,1218,ソフト,ソフト,ソフト,unknown,ソフト,wordfreq:ja,wordfreq_seeded;deterministically_filtered;structurally_curated
ja,v1,2,1193,1219,人物,人物,人物,unknown,人物,wordfreq:ja,wordfreq_seeded;deterministically_filtered;structurally_curated
ja,v1,2,1194,1220,低,低,低,unknown,低,wordfreq:ja,wordfreq_seeded;deterministically_filtered;structurally_curated
ja,v1,2,1195,1221,反対,反対,反対,unknown,反対,wordfreq:ja,wordfreq_seeded;deterministically_filtered;structurally_curated
ja,v1,2,1196,1222,名古屋,名古屋,名古屋,unknown,名古屋,wordfreq:ja,wordfreq_seeded;deterministically_filtered;structurally_curated
ja,v1,2,1197,1223,客,客,客,unknown,客,wordfreq:ja,wordfreq_seeded;deterministically_filtered;structurally_curated
ja,v1,2,1198,1224,専用,専用,専用,unknown,専用,wordfreq:ja,wordfreq_seeded;deterministically_filtered;structurally_curated
ja,v1,2,1199,1225,弁護士,弁護士,弁護士,unknown,弁護士,wordfreq:ja,wordfreq_seeded;deterministically_filtered;structurally_curated
ja,v1,2,1200,1226,当,当,当,unknown,当,wordfreq:ja,wordfreq_seeded;deterministically_filtered;structurally_curated
ja,v1,2,1201,1227,意見,意見,意見,unknown,意見,wordfreq:ja,wordfreq_seeded;deterministically_filtered;structurally_curated
ja,v1,2,1202,1228,成長,成長,成長,unknown,成長,wordfreq:ja,wordfreq_seeded;deterministically_filtered;structurally_curated
ja,v1,2,1203,1229,指定,指定,指定,unknown,指定,wordfreq:ja,wordfreq_seeded;deterministically_filtered;structurally_curated
ja,v1,2,1204,1230,採用,採用,採用,unknown,採用,wordfreq:ja,wordfreq_seeded;deterministically_filtered;structurally_curated
ja,v1,2,1205,1231,機関,機関,機関,unknown,機関,wordfreq:ja,wordfreq_seeded;deterministically_filtered;structurally_curated
ja,v1,2,1206,1232,無駄,無駄,無駄,unknown,無駄,wordfreq:ja,wordfreq_seeded;deterministically_filtered;structurally_curated
ja,v1,2,1207,1233,発,発,発,unknown,発,wordfreq:ja,wordfreq_seeded;deterministically_filtered;structurally_curated
ja,v1,2,1208,1234,箱,箱,箱,unknown,箱,wordfreq:ja,wordfreq_seeded;deterministically_filtered;structurally_curated
ja,v1,2,1209,1235,若い,若い,若い,unknown,若い,wordfreq:ja,wordfreq_seeded;deterministically_filtered;structurally_curated
ja,v1,2,1210,1236,製,製,製,unknown,製,wordfreq:ja,wordfreq_seeded;deterministically_filtered;structurally_curated
ja,v1,2,1211,1237,買い,買い,買い,unknown,買い,wordfreq:ja,wordfreq_seeded;deterministically_filtered;structurally_curated
ja,v1,2,1212,1238,赤,赤,赤,unknown,赤,wordfreq:ja,wordfreq_seeded;deterministically_filtered;structurally_curated
ja,v1,2,1213,1239,逮捕,逮捕,逮捕,unknown,逮捕,wordfreq:ja,wordfreq_seeded;deterministically_filtered;structurally_curated
ja,v1,2,1214,1240,郡,郡,郡,unknown,郡,wordfreq:ja,wordfreq_seeded;deterministically_filtered;structurally_curated
ja,v1,2,1215,1241,髪,髪,髪,unknown,髪,wordfreq:ja,wordfreq_seeded;deterministically_filtered;structurally_curated
ja,v1,2,1216,1242,ど,ど,ど,unknown,ど,wordfreq:ja,wordfreq_seeded;deterministically_filtered;structurally_curated
ja,v1,2,1217,1243,わたし,わたし,わたし,unknown,わたし,wordfreq:ja,wordfreq_seeded;deterministically_filtered;structurally_curated
ja,v1,2,1218,1244,スマホ,スマホ,スマホ,unknown,スマホ,wordfreq:ja,wordfreq_seeded;deterministically_filtered;structurally_curated
ja,v1,2,1219,1245,パン,パン,パン,unknown,パン,wordfreq:ja,wordfreq_seeded;deterministically_filtered;structurally_curated
ja,v1,2,1220,1246,ライン,ライン,ライン,unknown,ライン,wordfreq:ja,wordfreq_seeded;deterministically_filtered;structurally_curated
ja,v1,2,1221,1247,ロック,ロック,ロック,unknown,ロック,wordfreq:ja,wordfreq_seeded;deterministically_filtered;structurally_curated
ja,v1,2,1222,1248,予想,予想,予想,unknown,予想,wordfreq:ja,wordfreq_seeded;deterministically_filtered;structurally_curated
ja,v1,2,1223,1249,今後,今後,今後,unknown,今後,wordfreq:ja,wordfreq_seeded;deterministically_filtered;structurally_curated
ja,v1,2,1224,1250,伝え,伝え,伝え,unknown,伝え,wordfreq:ja,wordfreq_seeded;deterministically_filtered;structurally_curated
ja,v1,2,1225,1251,医療,医療,医療,unknown,医療,wordfreq:ja,wordfreq_seeded;deterministically_filtered;structurally_curated
ja,v1,2,1226,1252,南,南,南,unknown,南,wordfreq:ja,wordfreq_seeded;deterministically_filtered;structurally_curated
ja,v1,2,1227,1253,命,命,命,unknown,命,wordfreq:ja,wordfreq_seeded;deterministically_filtered;structurally_curated
ja,v1,2,1228,1254,変化,変化,変化,unknown,変化,wordfreq:ja,wordfreq_seeded;deterministically_filtered;structurally_curated
ja,v1,2,1229,1255,夫,夫,夫,unknown,夫,wordfreq:ja,wordfreq_seeded;deterministically_filtered;structurally_curated
ja,v1,2,1230,1256,新聞,新聞,新聞,unknown,新聞,wordfreq:ja,wordfreq_seeded;deterministically_filtered;structurally_curated
ja,v1,2,1231,1257,特定,特定,特定,unknown,特定,wordfreq:ja,wordfreq_seeded;deterministically_filtered;structurally_curated
ja,v1,2,1232,1258,男子,男子,男子,unknown,男子,wordfreq:ja,wordfreq_seeded;deterministically_filtered;structurally_curated
ja,v1,2,1233,1259,知り,知り,知り,unknown,知り,wordfreq:ja,wordfreq_seeded;deterministically_filtered;structurally_curated
ja,v1,2,1234,1260,編集,編集,編集,unknown,編集,wordfreq:ja,wordfreq_seeded;deterministically_filtered;structurally_curated
ja,v1,2,1235,1261,聞き,聞き,聞き,unknown,聞き,wordfreq:ja,wordfreq_seeded;deterministically_filtered;structurally_curated
ja,v1,2,1236,1262,読む,読む,読む,unknown,読む,wordfreq:ja,wordfreq_seeded;deterministically_filtered;structurally_curated
ja,v1,2,1237,1263,賞,賞,賞,unknown,賞,wordfreq:ja,wordfreq_seeded;deterministically_filtered;structurally_curated
ja,v1,2,1238,1264,通信,通信,通信,unknown,通信,wordfreq:ja,wordfreq_seeded;deterministically_filtered;structurally_curated
ja,v1,2,1239,1265,都,都,都,unknown,都,wordfreq:ja,wordfreq_seeded;deterministically_filtered;structurally_curated
ja,v1,2,1240,1266,集め,集め,集め,unknown,集め,wordfreq:ja,wordfreq_seeded;deterministically_filtered;structurally_curated
ja,v1,2,1241,1267,高く,高く,高く,unknown,高く,wordfreq:ja,wordfreq_seeded;deterministically_filtered;structurally_curated
ja,v1,2,1242,1268,さすが,さすが,さすが,unknown,さすが,wordfreq:ja,wordfreq_seeded;deterministically_filtered;structurally_curated
ja,v1,2,1243,1269,つく,つく,つく,unknown,つく,wordfreq:ja,wordfreq_seeded;deterministically_filtered;structurally_curated
ja,v1,2,1244,1270,といった,といった,といった,unknown,といった,wordfreq:ja,wordfreq_seeded;deterministically_filtered;structurally_curated
ja,v1,2,1245,1271,における,における,における,unknown,における,wordfreq:ja,wordfreq_seeded;deterministically_filtered;structurally_curated
ja,v1,2,1246,1272,ひとつ,ひとつ,ひとつ,unknown,ひとつ,wordfreq:ja,wordfreq_seeded;deterministically_filtered;structurally_curated
ja,v1,2,1247,1273,もらい,もらい,もらい,unknown,もらい,wordfreq:ja,wordfreq_seeded;deterministically_filtered;structurally_curated
ja,v1,2,1248,1274,よい,よい,よい,unknown,よい,wordfreq:ja,wordfreq_seeded;deterministically_filtered;structurally_curated
ja,v1,2,1249,1275,オリジナル,オリジナル,オリジナル,unknown,オリジナル,wordfreq:ja,wordfreq_seeded;deterministically_filtered;structurally_curated
ja,v1,2,1250,1276,カップ,カップ,カップ,unknown,カップ,wordfreq:ja,wordfreq_seeded;deterministically_filtered;structurally_curated
ja,v1,2,1251,1277,テスト,テスト,テスト,unknown,テスト,wordfreq:ja,wordfreq_seeded;deterministically_filtered;structurally_curated
ja,v1,2,1252,1278,ド,ド,ド,unknown,ド,wordfreq:ja,wordfreq_seeded;deterministically_filtered;structurally_curated
ja,v1,2,1253,1279,五,五,五,unknown,五,wordfreq:ja,wordfreq_seeded;deterministically_filtered;structurally_curated
ja,v1,2,1254,1280,制作,制作,制作,unknown,制作,wordfreq:ja,wordfreq_seeded;deterministically_filtered;structurally_curated
ja,v1,2,1255,1281,壁,壁,壁,unknown,壁,wordfreq:ja,wordfreq_seeded;deterministically_filtered;structurally_curated
ja,v1,2,1256,1282,大きい,大きい,大きい,unknown,大きい,wordfreq:ja,wordfreq_seeded;deterministically_filtered;structurally_curated
ja,v1,2,1257,1283,妹,妹,妹,unknown,妹,wordfreq:ja,wordfreq_seeded;deterministically_filtered;structurally_curated
ja,v1,2,1258,1284,席,席,席,unknown,席,wordfreq:ja,wordfreq_seeded;deterministically_filtered;structurally_curated
ja,v1,2,1259,1285,掲載,掲載,掲載,unknown,掲載,wordfreq:ja,wordfreq_seeded;deterministically_filtered;structurally_curated
ja,v1,2,1260,1286,新た,新た,新た,unknown,新た,wordfreq:ja,wordfreq_seeded;deterministically_filtered;structurally_curated
ja,v1,2,1261,1287,条件,条件,条件,unknown,条件,wordfreq:ja,wordfreq_seeded;deterministically_filtered;structurally_curated
ja,v1,2,1262,1288,現場,現場,現場,unknown,現場,wordfreq:ja,wordfreq_seeded;deterministically_filtered;structurally_curated
ja,v1,2,1263,1289,直接,直接,直接,unknown,直接,wordfreq:ja,wordfreq_seeded;deterministically_filtered;structurally_curated
ja,v1,2,1264,1290,福岡,福岡,福岡,unknown,福岡,wordfreq:ja,wordfreq_seeded;deterministically_filtered;structurally_curated
ja,v1,2,1265,1291,耳,耳,耳,unknown,耳,wordfreq:ja,wordfreq_seeded;deterministically_filtered;structurally_curated
ja,v1,2,1266,1292,観光,観光,観光,unknown,観光,wordfreq:ja,wordfreq_seeded;deterministically_filtered;structurally_curated
ja,v1,2,1267,1293,cd,cd,cd,unknown,cd,wordfreq:ja,wordfreq_seeded;deterministically_filtered;structurally_curated
ja,v1,2,1268,1294,co,co,co,unknown,co,wordfreq:ja,wordfreq_seeded;deterministically_filtered;structurally_curated
ja,v1,2,1269,1295,うまく,うまく,うまく,unknown,うまく,wordfreq:ja,wordfreq_seeded;deterministically_filtered;structurally_curated
ja,v1,2,1270,1296,けれど,けれど,けれど,unknown,けれど,wordfreq:ja,wordfreq_seeded;deterministically_filtered;structurally_curated
ja,v1,2,1271,1297,たま,たま,たま,unknown,たま,wordfreq:ja,wordfreq_seeded;deterministically_filtered;structurally_curated
ja,v1,2,1272,1298,クラス,クラス,クラス,unknown,クラス,wordfreq:ja,wordfreq_seeded;deterministically_filtered;structurally_curated
ja,v1,2,1273,1299,コード,コード,コード,unknown,コード,wordfreq:ja,wordfreq_seeded;deterministically_filtered;structurally_curated
ja,v1,2,1274,1300,ランキング,ランキング,ランキング,unknown,ランキング,wordfreq:ja,wordfreq_seeded;deterministically_filtered;structurally_curated
ja,v1,2,1275,1301,レ,レ,レ,unknown,レ,wordfreq:ja,wordfreq_seeded;deterministically_filtered;structurally_curated
ja,v1,2,1276,1302,凄い,凄い,凄い,unknown,凄い,wordfreq:ja,wordfreq_seeded;deterministically_filtered;structurally_curated
ja,v1,2,1277,1303,応援,応援,応援,unknown,応援,wordfreq:ja,wordfreq_seeded;deterministically_filtered;structurally_curated
ja,v1,2,1278,1304,持ち,持ち,持ち,unknown,持ち,wordfreq:ja,wordfreq_seeded;deterministically_filtered;structurally_curated
ja,v1,2,1279,1305,枠,枠,枠,unknown,枠,wordfreq:ja,wordfreq_seeded;deterministically_filtered;structurally_curated
ja,v1,2,1280,1306,治療,治療,治療,unknown,治療,wordfreq:ja,wordfreq_seeded;deterministically_filtered;structurally_curated
ja,v1,2,1281,1307,法律,法律,法律,unknown,法律,wordfreq:ja,wordfreq_seeded;deterministically_filtered;structurally_curated
ja,v1,2,1282,1308,破壊,破壊,破壊,unknown,破壊,wordfreq:ja,wordfreq_seeded;deterministically_filtered;structurally_curated
ja,v1,2,1283,1309,種類,種類,種類,unknown,種類,wordfreq:ja,wordfreq_seeded;deterministically_filtered;structurally_curated
ja,v1,2,1284,1310,級,級,級,unknown,級,wordfreq:ja,wordfreq_seeded;deterministically_filtered;structurally_curated
ja,v1,2,1285,1311,あたり,あたり,あたり,unknown,あたり,wordfreq:ja,wordfreq_seeded;deterministically_filtered;structurally_curated
ja,v1,2,1286,1312,いくつ,いくつ,いくつ,unknown,いくつ,wordfreq:ja,wordfreq_seeded;deterministically_filtered;structurally_curated
ja,v1,2,1287,1313,すでに,すでに,すでに,unknown,すでに,wordfreq:ja,wordfreq_seeded;deterministically_filtered;structurally_curated
ja,v1,2,1288,1314,それでも,それでも,それでも,unknown,それでも,wordfreq:ja,wordfreq_seeded;deterministically_filtered;structurally_curated
ja,v1,2,1289,1315,なさい,なさい,なさい,unknown,なさい,wordfreq:ja,wordfreq_seeded;deterministically_filtered;structurally_curated
ja,v1,2,1290,1316,はじめ,はじめ,はじめ,unknown,はじめ,wordfreq:ja,wordfreq_seeded;deterministically_filtered;structurally_curated
ja,v1,2,1291,1317,もらえ,もらえ,もらえ,unknown,もらえ,wordfreq:ja,wordfreq_seeded;deterministically_filtered;structurally_curated
ja,v1,2,1292,1319,ツアー,ツアー,ツアー,unknown,ツアー,wordfreq:ja,wordfreq_seeded;deterministically_filtered;structurally_curated
ja,v1,2,1293,1320,プレイ,プレイ,プレイ,unknown,プレイ,wordfreq:ja,wordfreq_seeded;deterministically_filtered;structurally_curated
ja,v1,2,1294,1321,ホント,ホント,ホント,unknown,ホント,wordfreq:ja,wordfreq_seeded;deterministically_filtered;structurally_curated
ja,v1,2,1295,1322,不安,不安,不安,unknown,不安,wordfreq:ja,wordfreq_seeded;deterministically_filtered;structurally_curated
ja,v1,2,1296,1323,事務所,事務所,事務所,unknown,事務所,wordfreq:ja,wordfreq_seeded;deterministically_filtered;structurally_curated
ja,v1,2,1297,1324,使える,使える,使える,unknown,使える,wordfreq:ja,wordfreq_seeded;deterministically_filtered;structurally_curated
ja,v1,2,1298,1325,動き,動き,動き,unknown,動き,wordfreq:ja,wordfreq_seeded;deterministically_filtered;structurally_curated
ja,v1,2,1299,1326,取り,取り,取り,unknown,取り,wordfreq:ja,wordfreq_seeded;deterministically_filtered;structurally_curated
ja,v1,2,1300,1327,含め,含め,含め,unknown,含め,wordfreq:ja,wordfreq_seeded;deterministically_filtered;structurally_curated
ja,v1,2,1301,1328,小説,小説,小説,unknown,小説,wordfreq:ja,wordfreq_seeded;deterministically_filtered;structurally_curated
ja,v1,2,1302,1329,局,局,局,unknown,局,wordfreq:ja,wordfreq_seeded;deterministically_filtered;structurally_curated
ja,v1,2,1303,1330,州,州,州,unknown,州,wordfreq:ja,wordfreq_seeded;deterministically_filtered;structurally_curated
ja,v1,2,1304,1331,年齢,年齢,年齢,unknown,年齢,wordfreq:ja,wordfreq_seeded;deterministically_filtered;structurally_curated
ja,v1,2,1305,1332,投票,投票,投票,unknown,投票,wordfreq:ja,wordfreq_seeded;deterministically_filtered;structurally_curated
ja,v1,2,1306,1333,旅行,旅行,旅行,unknown,旅行,wordfreq:ja,wordfreq_seeded;deterministically_filtered;structurally_curated
ja,v1,2,1307,1334,機会,機会,機会,unknown,機会,wordfreq:ja,wordfreq_seeded;deterministically_filtered;structurally_curated
ja,v1,2,1308,1335,活躍,活躍,活躍,unknown,活躍,wordfreq:ja,wordfreq_seeded;deterministically_filtered;structurally_curated
ja,v1,2,1309,1336,症,症,症,unknown,症,wordfreq:ja,wordfreq_seeded;deterministically_filtered;structurally_curated
ja,v1,2,1310,1337,美しい,美しい,美しい,unknown,美しい,wordfreq:ja,wordfreq_seeded;deterministically_filtered;structurally_curated
ja,v1,2,1311,1338,趣味,趣味,趣味,unknown,趣味,wordfreq:ja,wordfreq_seeded;deterministically_filtered;structurally_curated
ja,v1,2,1312,1339,隊,隊,隊,unknown,隊,wordfreq:ja,wordfreq_seeded;deterministically_filtered;structurally_curated
ja,v1,2,1313,1340,離れ,離れ,離れ,unknown,離れ,wordfreq:ja,wordfreq_seeded;deterministically_filtered;structurally_curated
ja,v1,2,1314,1341,飲む,飲む,飲む,unknown,飲む,wordfreq:ja,wordfreq_seeded;deterministically_filtered;structurally_curated
ja,v1,2,1315,1342,ぇ,ぇ,ぇ,unknown,ぇ,wordfreq:ja,wordfreq_seeded;deterministically_filtered;structurally_curated
ja,v1,2,1316,1343,おかしい,おかしい,おかしい,unknown,おかしい,wordfreq:ja,wordfreq_seeded;deterministically_filtered;structurally_curated
ja,v1,2,1317,1344,おはよう,おはよう,おはよう,unknown,おはよう,wordfreq:ja,wordfreq_seeded;deterministically_filtered;structurally_curated
ja,v1,2,1318,1345,おめでとう,おめでとう,おめでとう,unknown,おめでとう,wordfreq:ja,wordfreq_seeded;deterministically_filtered;structurally_curated
ja,v1,2,1319,1346,とる,とる,とる,unknown,とる,wordfreq:ja,wordfreq_seeded;deterministically_filtered;structurally_curated
ja,v1,2,1320,1347,コーヒー,コーヒー,コーヒー,unknown,コーヒー,wordfreq:ja,wordfreq_seeded;deterministically_filtered;structurally_curated
ja,v1,2,1321,1348,テーマ,テーマ,テーマ,unknown,テーマ,wordfreq:ja,wordfreq_seeded;deterministically_filtered;structurally_curated
ja,v1,2,1322,1349,トイレ,トイレ,トイレ,unknown,トイレ,wordfreq:ja,wordfreq_seeded;deterministically_filtered;structurally_curated
ja,v1,2,1323,1350,ハイ,ハイ,ハイ,unknown,ハイ,wordfreq:ja,wordfreq_seeded;deterministically_filtered;structurally_curated
ja,v1,2,1324,1351,プレゼント,プレゼント,プレゼント,unknown,プレゼント,wordfreq:ja,wordfreq_seeded;deterministically_filtered;structurally_curated
ja,v1,2,1325,1352,ユーザー,ユーザー,ユーザー,unknown,ユーザー,wordfreq:ja,wordfreq_seeded;deterministically_filtered;structurally_curated
ja,v1,2,1326,1353,丸,丸,丸,unknown,丸,wordfreq:ja,wordfreq_seeded;deterministically_filtered;structurally_curated
ja,v1,2,1327,1354,代わり,代わり,代わり,unknown,代わり,wordfreq:ja,wordfreq_seeded;deterministically_filtered;structurally_curated
ja,v1,2,1328,1355,作ら,作ら,作ら,unknown,作ら,wordfreq:ja,wordfreq_seeded;deterministically_filtered;structurally_curated
ja,v1,2,1329,1356,勝利,勝利,勝利,unknown,勝利,wordfreq:ja,wordfreq_seeded;deterministically_filtered;structurally_curated
ja,v1,2,1330,1357,土,土,土,unknown,土,wordfreq:ja,wordfreq_seeded;deterministically_filtered;structurally_curated
ja,v1,2,1331,1358,地震,地震,地震,unknown,地震,wordfreq:ja,wordfreq_seeded;deterministically_filtered;structurally_curated
ja,v1,2,1332,1359,失礼,失礼,失礼,unknown,失礼,wordfreq:ja,wordfreq_seeded;deterministically_filtered;structurally_curated
ja,v1,2,1333,1360,安定,安定,安定,unknown,安定,wordfreq:ja,wordfreq_seeded;deterministically_filtered;structurally_curated
ja,v1,2,1334,1361,広告,広告,広告,unknown,広告,wordfreq:ja,wordfreq_seeded;deterministically_filtered;structurally_curated
ja,v1,2,1335,1362,早い,早い,早い,unknown,早い,wordfreq:ja,wordfreq_seeded;deterministically_filtered;structurally_curated
ja,v1,2,1336,1363,武器,武器,武器,unknown,武器,wordfreq:ja,wordfreq_seeded;deterministically_filtered;structurally_curated
ja,v1,2,1337,1364,画面,画面,画面,unknown,画面,wordfreq:ja,wordfreq_seeded;deterministically_filtered;structurally_curated
ja,v1,2,1338,1365,社長,社長,社長,unknown,社長,wordfreq:ja,wordfreq_seeded;deterministically_filtered;structurally_curated
ja,v1,2,1339,1366,秋,秋,秋,unknown,秋,wordfreq:ja,wordfreq_seeded;deterministically_filtered;structurally_curated
ja,v1,2,1340,1367,秘密,秘密,秘密,unknown,秘密,wordfreq:ja,wordfreq_seeded;deterministically_filtered;structurally_curated
ja,v1,2,1341,1368,胸,胸,胸,unknown,胸,wordfreq:ja,wordfreq_seeded;deterministically_filtered;structurally_curated
ja,v1,2,1342,1369,装置,装置,装置,unknown,装置,wordfreq:ja,wordfreq_seeded;deterministically_filtered;structurally_curated
ja,v1,2,1343,1370,複数,複数,複数,unknown,複数,wordfreq:ja,wordfreq_seeded;deterministically_filtered;structurally_curated
ja,v1,2,1344,1371,論,論,論,unknown,論,wordfreq:ja,wordfreq_seeded;deterministically_filtered;structurally_curated
ja,v1,2,1345,1372,謎,謎,謎,unknown,謎,wordfreq:ja,wordfreq_seeded;deterministically_filtered;structurally_curated
ja,v1,2,1346,1373,迎え,迎え,迎え,unknown,迎え,wordfreq:ja,wordfreq_seeded;deterministically_filtered;structurally_curated
ja,v1,2,1347,1374,連続,連続,連続,unknown,連続,wordfreq:ja,wordfreq_seeded;deterministically_filtered;structurally_curated
ja,v1,2,1348,1375,都市,都市,都市,unknown,都市,wordfreq:ja,wordfreq_seeded;deterministically_filtered;structurally_curated
ja,v1,2,1349,1376,馬鹿,馬鹿,馬鹿,unknown,馬鹿,wordfreq:ja,wordfreq_seeded;deterministically_filtered;structurally_curated
ja,v1,2,1350,1377,おかげ,おかげ,おかげ,unknown,おかげ,wordfreq:ja,wordfreq_seeded;deterministically_filtered;structurally_curated
ja,v1,2,1351,1378,おっ,おっ,おっ,unknown,おっ,wordfreq:ja,wordfreq_seeded;deterministically_filtered;structurally_curated
ja,v1,2,1352,1379,だめ,だめ,だめ,unknown,だめ,wordfreq:ja,wordfreq_seeded;deterministically_filtered;structurally_curated
ja,v1,2,1353,1380,みよ,みよ,みよ,unknown,みよ,wordfreq:ja,wordfreq_seeded;deterministically_filtered;structurally_curated
ja,v1,2,1354,1381,やはり,やはり,やはり,unknown,やはり,wordfreq:ja,wordfreq_seeded;deterministically_filtered;structurally_curated
ja,v1,2,1355,1382,オレ,オレ,オレ,unknown,オレ,wordfreq:ja,wordfreq_seeded;deterministically_filtered;structurally_curated
ja,v1,2,1356,1383,サッカー,サッカー,サッカー,unknown,サッカー,wordfreq:ja,wordfreq_seeded;deterministically_filtered;structurally_curated
ja,v1,2,1357,1384,例えば,例えば,例えば,unknown,例えば,wordfreq:ja,wordfreq_seeded;deterministically_filtered;structurally_curated
ja,v1,2,1358,1385,処理,処理,処理,unknown,処理,wordfreq:ja,wordfreq_seeded;deterministically_filtered;structurally_curated
ja,v1,2,1359,1386,及び,及び,及び,unknown,及び,wordfreq:ja,wordfreq_seeded;deterministically_filtered;structurally_curated
ja,v1,2,1360,1387,受ける,受ける,受ける,unknown,受ける,wordfreq:ja,wordfreq_seeded;deterministically_filtered;structurally_curated
ja,v1,2,1361,1388,常に,常に,常に,unknown,常に,wordfreq:ja,wordfreq_seeded;deterministically_filtered;structurally_curated
ja,v1,2,1362,1389,捨て,捨て,捨て,unknown,捨て,wordfreq:ja,wordfreq_seeded;deterministically_filtered;structurally_curated
ja,v1,2,1363,1390,描い,描い,描い,unknown,描い,wordfreq:ja,wordfreq_seeded;deterministically_filtered;structurally_curated
ja,v1,2,1364,1391,株式会社,株式会社,株式会社,unknown,株式会社,wordfreq:ja,wordfreq_seeded;deterministically_filtered;structurally_curated
ja,v1,2,1365,1392,正しい,正しい,正しい,unknown,正しい,wordfreq:ja,wordfreq_seeded;deterministically_filtered;structurally_curated
ja,v1,2,1366,1393,満足,満足,満足,unknown,満足,wordfreq:ja,wordfreq_seeded;deterministically_filtered;structurally_curated
ja,v1,2,1367,1394,生徒,生徒,生徒,unknown,生徒,wordfreq:ja,wordfreq_seeded;deterministically_filtered;structurally_curated
ja,v1,2,1368,1395,科,科,科,unknown,科,wordfreq:ja,wordfreq_seeded;deterministically_filtered;structurally_curated
ja,v1,2,1369,1396,笑っ,笑っ,笑っ,unknown,笑っ,wordfreq:ja,wordfreq_seeded;deterministically_filtered;structurally_curated
ja,v1,2,1370,1397,米国,米国,米国,unknown,米国,wordfreq:ja,wordfreq_seeded;deterministically_filtered;structurally_curated
ja,v1,2,1371,1398,紙,紙,紙,unknown,紙,wordfreq:ja,wordfreq_seeded;deterministically_filtered;structurally_curated
ja,v1,2,1372,1399,練習,練習,練習,unknown,練習,wordfreq:ja,wordfreq_seeded;deterministically_filtered;structurally_curated
ja,v1,2,1373,1400,費,費,費,unknown,費,wordfreq:ja,wordfreq_seeded;deterministically_filtered;structurally_curated
ja,v1,2,1374,1401,違っ,違っ,違っ,unknown,違っ,wordfreq:ja,wordfreq_seeded;deterministically_filtered;structurally_curated
ja,v1,2,1375,1402,食,食,食,unknown,食,wordfreq:ja,wordfreq_seeded;deterministically_filtered;structurally_curated
ja,v1,2,1376,1403,for,for,for,unknown,for,wordfreq:ja,wordfreq_seeded;deterministically_filtered;structurally_curated
ja,v1,2,1377,1404,mm,mm,mm,unknown,mm,wordfreq:ja,wordfreq_seeded;deterministically_filtered;structurally_curated
ja,v1,2,1378,1405,あげる,あげる,あげる,unknown,あげる,wordfreq:ja,wordfreq_seeded;deterministically_filtered;structurally_curated
ja,v1,2,1379,1406,いずれ,いずれ,いずれ,unknown,いずれ,wordfreq:ja,wordfreq_seeded;deterministically_filtered;structurally_curated
ja,v1,2,1380,1407,っぽい,っぽい,っぽい,unknown,っぽい,wordfreq:ja,wordfreq_seeded;deterministically_filtered;structurally_curated
ja,v1,2,1381,1408,やっぱ,やっぱ,やっぱ,unknown,やっぱ,wordfreq:ja,wordfreq_seeded;deterministically_filtered;structurally_curated
ja,v1,2,1382,1409,ゆっくり,ゆっくり,ゆっくり,unknown,ゆっくり,wordfreq:ja,wordfreq_seeded;deterministically_filtered;structurally_curated
ja,v1,2,1383,1410,ジョン,ジョン,ジョン,unknown,ジョン,wordfreq:ja,wordfreq_seeded;deterministically_filtered;structurally_curated
ja,v1,2,1384,1411,スタート,スタート,スタート,unknown,スタート,wordfreq:ja,wordfreq_seeded;deterministically_filtered;structurally_curated
ja,v1,2,1385,1412,ママ,ママ,ママ,unknown,ママ,wordfreq:ja,wordfreq_seeded;deterministically_filtered;structurally_curated
ja,v1,2,1386,1413,メッセージ,メッセージ,メッセージ,unknown,メッセージ,wordfreq:ja,wordfreq_seeded;deterministically_filtered;structurally_curated
ja,v1,2,1387,1414,メディア,メディア,メディア,unknown,メディア,wordfreq:ja,wordfreq_seeded;deterministically_filtered;structurally_curated
ja,v1,2,1388,1415,メーカー,メーカー,メーカー,unknown,メーカー,wordfreq:ja,wordfreq_seeded;deterministically_filtered;structurally_curated
ja,v1,2,1389,1416,主張,主張,主張,unknown,主張,wordfreq:ja,wordfreq_seeded;deterministically_filtered;structurally_curated
ja,v1,2,1390,1417,会場,会場,会場,unknown,会場,wordfreq:ja,wordfreq_seeded;deterministically_filtered;structurally_curated
ja,v1,2,1391,1418,会話,会話,会話,unknown,会話,wordfreq:ja,wordfreq_seeded;deterministically_filtered;structurally_curated
ja,v1,2,1392,1419,作戦,作戦,作戦,unknown,作戦,wordfreq:ja,wordfreq_seeded;deterministically_filtered;structurally_curated
ja,v1,2,1393,1420,制,制,制,unknown,制,wordfreq:ja,wordfreq_seeded;deterministically_filtered;structurally_curated
ja,v1,2,1394,1421,加え,加え,加え,unknown,加え,wordfreq:ja,wordfreq_seeded;deterministically_filtered;structurally_curated
ja,v1,2,1395,1422,同様,同様,同様,unknown,同様,wordfreq:ja,wordfreq_seeded;deterministically_filtered;structurally_curated
ja,v1,2,1396,1423,団体,団体,団体,unknown,団体,wordfreq:ja,wordfreq_seeded;deterministically_filtered;structurally_curated
ja,v1,2,1397,1424,定期,定期,定期,unknown,定期,wordfreq:ja,wordfreq_seeded;deterministically_filtered;structurally_curated
ja,v1,2,1398,1425,導入,導入,導入,unknown,導入,wordfreq:ja,wordfreq_seeded;deterministically_filtered;structurally_curated
ja,v1,2,1399,1426,市場,市場,市場,unknown,市場,wordfreq:ja,wordfreq_seeded;deterministically_filtered;structurally_curated
ja,v1,2,1400,1427,弟,弟,弟,unknown,弟,wordfreq:ja,wordfreq_seeded;deterministically_filtered;structurally_curated
ja,v1,2,1401,1428,杯,杯,杯,unknown,杯,wordfreq:ja,wordfreq_seeded;deterministically_filtered;structurally_curated
ja,v1,2,1402,1429,様々,様々,様々,unknown,様々,wordfreq:ja,wordfreq_seeded;deterministically_filtered;structurally_curated
ja,v1,2,1403,1430,横,横,横,unknown,横,wordfreq:ja,wordfreq_seeded;deterministically_filtered;structurally_curated
ja,v1,2,1404,1431,決まっ,決まっ,決まっ,unknown,決まっ,wordfreq:ja,wordfreq_seeded;deterministically_filtered;structurally_curated
ja,v1,2,1405,1432,物語,物語,物語,unknown,物語,wordfreq:ja,wordfreq_seeded;deterministically_filtered;structurally_curated
ja,v1,2,1406,1433,申し訳,申し訳,申し訳,unknown,申し訳,wordfreq:ja,wordfreq_seeded;deterministically_filtered;structurally_curated
ja,v1,2,1407,1434,瞬間,瞬間,瞬間,unknown,瞬間,wordfreq:ja,wordfreq_seeded;deterministically_filtered;structurally_curated
ja,v1,2,1408,1435,罪,罪,罪,unknown,罪,wordfreq:ja,wordfreq_seeded;deterministically_filtered;structurally_curated
ja,v1,2,1409,1436,選ん,選ん,選ん,unknown,選ん,wordfreq:ja,wordfreq_seeded;deterministically_filtered;structurally_curated
ja,v1,2,1410,1437,電子,電子,電子,unknown,電子,wordfreq:ja,wordfreq_seeded;deterministically_filtered;structurally_curated
ja,v1,2,1411,1438,電気,電気,電気,unknown,電気,wordfreq:ja,wordfreq_seeded;deterministically_filtered;structurally_curated
ja,v1,2,1412,1439,いくら,いくら,いくら,unknown,いくら,wordfreq:ja,wordfreq_seeded;deterministically_filtered;structurally_curated
ja,v1,2,1413,1440,ぉ,ぉ,ぉ,unknown,ぉ,wordfreq:ja,wordfreq_seeded;deterministically_filtered;structurally_curated
ja,v1,2,1414,1441,てん,てん,てん,unknown,てん,wordfreq:ja,wordfreq_seeded;deterministically_filtered;structurally_curated
ja,v1,2,1415,1442,とにかく,とにかく,とにかく,unknown,とにかく,wordfreq:ja,wordfreq_seeded;deterministically_filtered;structurally_curated
ja,v1,2,1416,1443,ふ,ふ,ふ,unknown,ふ,wordfreq:ja,wordfreq_seeded;deterministically_filtered;structurally_curated
ja,v1,2,1417,1444,コース,コース,コース,unknown,コース,wordfreq:ja,wordfreq_seeded;deterministically_filtered;structurally_curated
ja,v1,2,1418,1445,ビル,ビル,ビル,unknown,ビル,wordfreq:ja,wordfreq_seeded;deterministically_filtered;structurally_curated
ja,v1,2,1419,1446,フランス,フランス,フランス,unknown,フランス,wordfreq:ja,wordfreq_seeded;deterministically_filtered;structurally_curated
ja,v1,2,1420,1447,ブラック,ブラック,ブラック,unknown,ブラック,wordfreq:ja,wordfreq_seeded;deterministically_filtered;structurally_curated
ja,v1,2,1421,1448,会っ,会っ,会っ,unknown,会っ,wordfreq:ja,wordfreq_seeded;deterministically_filtered;structurally_curated
ja,v1,2,1422,1449,公演,公演,公演,unknown,公演,wordfreq:ja,wordfreq_seeded;deterministically_filtered;structurally_curated
ja,v1,2,1423,1450,合,合,合,unknown,合,wordfreq:ja,wordfreq_seeded;deterministically_filtered;structurally_curated
ja,v1,2,1424,1451,地元,地元,地元,unknown,地元,wordfreq:ja,wordfreq_seeded;deterministically_filtered;structurally_curated
ja,v1,2,1425,1452,報道,報道,報道,unknown,報道,wordfreq:ja,wordfreq_seeded;deterministically_filtered;structurally_curated
ja,v1,2,1426,1453,変わる,変わる,変わる,unknown,変わる,wordfreq:ja,wordfreq_seeded;deterministically_filtered;structurally_curated
ja,v1,2,1427,1454,天,天,天,unknown,天,wordfreq:ja,wordfreq_seeded;deterministically_filtered;structurally_curated
ja,v1,2,1428,1455,小さい,小さい,小さい,unknown,小さい,wordfreq:ja,wordfreq_seeded;deterministically_filtered;structurally_curated
ja,v1,2,1429,1456,小さな,小さな,小さな,unknown,小さな,wordfreq:ja,wordfreq_seeded;deterministically_filtered;structurally_curated
ja,v1,2,1430,1457,川,川,川,unknown,川,wordfreq:ja,wordfreq_seeded;deterministically_filtered;structurally_curated
ja,v1,2,1431,1458,市民,市民,市民,unknown,市民,wordfreq:ja,wordfreq_seeded;deterministically_filtered;structurally_curated
ja,v1,2,1432,1459,帰り,帰り,帰り,unknown,帰り,wordfreq:ja,wordfreq_seeded;deterministically_filtered;structurally_curated
ja,v1,2,1433,1460,感覚,感覚,感覚,unknown,感覚,wordfreq:ja,wordfreq_seeded;deterministically_filtered;structurally_curated
ja,v1,2,1434,1461,戻っ,戻っ,戻っ,unknown,戻っ,wordfreq:ja,wordfreq_seeded;deterministically_filtered;structurally_curated
ja,v1,2,1435,1462,指導,指導,指導,unknown,指導,wordfreq:ja,wordfreq_seeded;deterministically_filtered;structurally_curated
ja,v1,2,1436,1463,操作,操作,操作,unknown,操作,wordfreq:ja,wordfreq_seeded;deterministically_filtered;structurally_curated
ja,v1,2,1437,1464,普段,普段,普段,unknown,普段,wordfreq:ja,wordfreq_seeded;deterministically_filtered;structurally_curated
ja,v1,2,1438,1465,横浜,横浜,横浜,unknown,横浜,wordfreq:ja,wordfreq_seeded;deterministically_filtered;structurally_curated
ja,v1,2,1439,1466,現代,現代,現代,unknown,現代,wordfreq:ja,wordfreq_seeded;deterministically_filtered;structurally_curated
ja,v1,2,1440,1467,禁止,禁止,禁止,unknown,禁止,wordfreq:ja,wordfreq_seeded;deterministically_filtered;structurally_curated
ja,v1,2,1441,1468,総,総,総,unknown,総,wordfreq:ja,wordfreq_seeded;deterministically_filtered;structurally_curated
ja,v1,2,1442,1469,自体,自体,自体,unknown,自体,wordfreq:ja,wordfreq_seeded;deterministically_filtered;structurally_curated
ja,v1,2,1443,1470,遊び,遊び,遊び,unknown,遊び,wordfreq:ja,wordfreq_seeded;deterministically_filtered;structurally_curated
ja,v1,2,1444,1471,集,集,集,unknown,集,wordfreq:ja,wordfreq_seeded;deterministically_filtered;structurally_curated
ja,v1,2,1445,1472,首,首,首,unknown,首,wordfreq:ja,wordfreq_seeded;deterministically_filtered;structurally_curated
ja,v1,2,1446,1473,あるいは,あるいは,あるいは,unknown,あるいは,wordfreq:ja,wordfreq_seeded;deterministically_filtered;structurally_curated
ja,v1,2,1447,1474,がっ,がっ,がっ,unknown,がっ,wordfreq:ja,wordfreq_seeded;deterministically_filtered;structurally_curated
ja,v1,2,1448,1475,べ,べ,べ,unknown,べ,wordfreq:ja,wordfreq_seeded;deterministically_filtered;structurally_curated
ja,v1,2,1449,1476,アクセス,アクセス,アクセス,unknown,アクセス,wordfreq:ja,wordfreq_seeded;deterministically_filtered;structurally_curated
ja,v1,2,1450,1477,サイズ,サイズ,サイズ,unknown,サイズ,wordfreq:ja,wordfreq_seeded;deterministically_filtered;structurally_curated
ja,v1,2,1451,1478,スタイル,スタイル,スタイル,unknown,スタイル,wordfreq:ja,wordfreq_seeded;deterministically_filtered;structurally_curated
ja,v1,2,1452,1479,バンド,バンド,バンド,unknown,バンド,wordfreq:ja,wordfreq_seeded;deterministically_filtered;structurally_curated
ja,v1,2,1453,1480,フリー,フリー,フリー,unknown,フリー,wordfreq:ja,wordfreq_seeded;deterministically_filtered;structurally_curated
ja,v1,2,1454,1481,メイン,メイン,メイン,unknown,メイン,wordfreq:ja,wordfreq_seeded;deterministically_filtered;structurally_curated
ja,v1,2,1455,1482,付い,付い,付い,unknown,付い,wordfreq:ja,wordfreq_seeded;deterministically_filtered;structurally_curated
ja,v1,2,1456,1483,体験,体験,体験,unknown,体験,wordfreq:ja,wordfreq_seeded;deterministically_filtered;structurally_curated
ja,v1,2,1457,1484,借り,借り,借り,unknown,借り,wordfreq:ja,wordfreq_seeded;deterministically_filtered;structurally_curated
ja,v1,2,1458,1485,兄,兄,兄,unknown,兄,wordfreq:ja,wordfreq_seeded;deterministically_filtered;structurally_curated
ja,v1,2,1459,1486,八,八,八,unknown,八,wordfreq:ja,wordfreq_seeded;deterministically_filtered;structurally_curated
ja,v1,2,1460,1487,冬,冬,冬,unknown,冬,wordfreq:ja,wordfreq_seeded;deterministically_filtered;structurally_curated
ja,v1,2,1461,1488,売っ,売っ,売っ,unknown,売っ,wordfreq:ja,wordfreq_seeded;deterministically_filtered;structurally_curated
ja,v1,2,1462,1489,安,安,安,unknown,安,wordfreq:ja,wordfreq_seeded;deterministically_filtered;structurally_curated
ja,v1,2,1463,1490,安い,安い,安い,unknown,安い,wordfreq:ja,wordfreq_seeded;deterministically_filtered;structurally_curated
ja,v1,2,1464,1491,平和,平和,平和,unknown,平和,wordfreq:ja,wordfreq_seeded;deterministically_filtered;structurally_curated
ja,v1,2,1465,1492,広島,広島,広島,unknown,広島,wordfreq:ja,wordfreq_seeded;deterministically_filtered;structurally_curated
ja,v1,2,1466,1493,思い出し,思い出し,思い出し,unknown,思い出し,wordfreq:ja,wordfreq_seeded;deterministically_filtered;structurally_curated
ja,v1,2,1467,1494,最,最,最,unknown,最,wordfreq:ja,wordfreq_seeded;deterministically_filtered;structurally_curated
ja,v1,2,1468,1495,条,条,条,unknown,条,wordfreq:ja,wordfreq_seeded;deterministically_filtered;structurally_curated
ja,v1,2,1469,1496,機械,機械,機械,unknown,機械,wordfreq:ja,wordfreq_seeded;deterministically_filtered;structurally_curated
ja,v1,2,1470,1497,殺し,殺し,殺し,unknown,殺し,wordfreq:ja,wordfreq_seeded;deterministically_filtered;structurally_curated
ja,v1,2,1471,1498,穴,穴,穴,unknown,穴,wordfreq:ja,wordfreq_seeded;deterministically_filtered;structurally_curated
ja,v1,2,1472,1499,聞か,聞か,聞か,unknown,聞か,wordfreq:ja,wordfreq_seeded;deterministically_filtered;structurally_curated
ja,v1,2,1473,1500,舞台,舞台,舞台,unknown,舞台,wordfreq:ja,wordfreq_seeded;deterministically_filtered;structurally_curated
ja,v1,2,1474,1501,設置,設置,設置,unknown,設置,wordfreq:ja,wordfreq_seeded;deterministically_filtered;structurally_curated
ja,v1,2,1475,1502,雰囲気,雰囲気,雰囲気,unknown,雰囲気,wordfreq:ja,wordfreq_seeded;deterministically_filtered;structurally_curated
ja,v1,2,1476,1503,頂き,頂き,頂き,unknown,頂き,wordfreq:ja,wordfreq_seeded;deterministically_filtered;structurally_curated
ja,v1,2,1477,1504,on,on,on,unknown,on,wordfreq:ja,wordfreq_seeded;deterministically_filtered;structurally_curated
ja,v1,2,1478,1505,z,z,z,unknown,z,wordfreq:ja,wordfreq_seeded;deterministically_filtered;structurally_curated
ja,v1,2,1479,1506,かしら,かしら,かしら,unknown,かしら,wordfreq:ja,wordfreq_seeded;deterministically_filtered;structurally_curated
ja,v1,2,1480,1507,すら,すら,すら,unknown,すら,wordfreq:ja,wordfreq_seeded;deterministically_filtered;structurally_curated
ja,v1,2,1481,1508,そこで,そこで,そこで,unknown,そこで,wordfreq:ja,wordfreq_seeded;deterministically_filtered;structurally_curated
ja,v1,2,1482,1509,そろそろ,そろそろ,そろそろ,unknown,そろそろ,wordfreq:ja,wordfreq_seeded;deterministically_filtered;structurally_curated
ja,v1,2,1483,1510,っと,っと,っと,unknown,っと,wordfreq:ja,wordfreq_seeded;deterministically_filtered;structurally_curated
ja,v1,2,1484,1511,なるほど,なるほど,なるほど,unknown,なるほど,wordfreq:ja,wordfreq_seeded;deterministically_filtered;structurally_curated
ja,v1,2,1485,1512,ものの,ものの,ものの,unknown,ものの,wordfreq:ja,wordfreq_seeded;deterministically_filtered;structurally_curated
ja,v1,2,1486,1513,スマ,スマ,スマ,unknown,スマ,wordfreq:ja,wordfreq_seeded;deterministically_filtered;structurally_curated
ja,v1,2,1487,1514,信頼,信頼,信頼,unknown,信頼,wordfreq:ja,wordfreq_seeded;deterministically_filtered;structurally_curated
ja,v1,2,1488,1515,切れ,切れ,切れ,unknown,切れ,wordfreq:ja,wordfreq_seeded;deterministically_filtered;structurally_curated
ja,v1,2,1489,1516,勝ち,勝ち,勝ち,unknown,勝ち,wordfreq:ja,wordfreq_seeded;deterministically_filtered;structurally_curated
ja,v1,2,1490,1517,募集,募集,募集,unknown,募集,wordfreq:ja,wordfreq_seeded;deterministically_filtered;structurally_curated
ja,v1,2,1491,1518,半分,半分,半分,unknown,半分,wordfreq:ja,wordfreq_seeded;deterministically_filtered;structurally_curated
ja,v1,2,1492,1519,友,友,友,unknown,友,wordfreq:ja,wordfreq_seeded;deterministically_filtered;structurally_curated
ja,v1,2,1493,1520,始まっ,始まっ,始まっ,unknown,始まっ,wordfreq:ja,wordfreq_seeded;deterministically_filtered;structurally_curated
ja,v1,2,1494,1521,店舗,店舗,店舗,unknown,店舗,wordfreq:ja,wordfreq_seeded;deterministically_filtered;structurally_curated
ja,v1,2,1495,1522,感情,感情,感情,unknown,感情,wordfreq:ja,wordfreq_seeded;deterministically_filtered;structurally_curated
ja,v1,2,1496,1523,批判,批判,批判,unknown,批判,wordfreq:ja,wordfreq_seeded;deterministically_filtered;structurally_curated
ja,v1,2,1497,1524,既に,既に,既に,unknown,既に,wordfreq:ja,wordfreq_seeded;deterministically_filtered;structurally_curated
ja,v1,2,1498,1525,旧,旧,旧,unknown,旧,wordfreq:ja,wordfreq_seeded;deterministically_filtered;structurally_curated
ja,v1,2,1499,1526,業務,業務,業務,unknown,業務,wordfreq:ja,wordfreq_seeded;deterministically_filtered;structurally_curated
ja,v1,2,1500,1527,業界,業界,業界,unknown,業界,wordfreq:ja,wordfreq_seeded;deterministically_filtered;structurally_curated
ja,v1,2,1501,1528,無し,無し,無し,unknown,無し,wordfreq:ja,wordfreq_seeded;deterministically_filtered;structurally_curated
ja,v1,2,1502,1529,発言,発言,発言,unknown,発言,wordfreq:ja,wordfreq_seeded;deterministically_filtered;structurally_curated
ja,v1,2,1503,1530,相当,相当,相当,unknown,相当,wordfreq:ja,wordfreq_seeded;deterministically_filtered;structurally_curated
ja,v1,2,1504,1531,相談,相談,相談,unknown,相談,wordfreq:ja,wordfreq_seeded;deterministically_filtered;structurally_curated
ja,v1,2,1505,1532,維持,維持,維持,unknown,維持,wordfreq:ja,wordfreq_seeded;deterministically_filtered;structurally_curated
ja,v1,2,1506,1533,表,表,表,unknown,表,wordfreq:ja,wordfreq_seeded;deterministically_filtered;structurally_curated
ja,v1,2,1507,1534,西,西,西,unknown,西,wordfreq:ja,wordfreq_seeded;deterministically_filtered;structurally_curated
ja,v1,2,1508,1535,要素,要素,要素,unknown,要素,wordfreq:ja,wordfreq_seeded;deterministically_filtered;structurally_curated
ja,v1,2,1509,1536,視聴,視聴,視聴,unknown,視聴,wordfreq:ja,wordfreq_seeded;deterministically_filtered;structurally_curated
ja,v1,2,1510,1537,解説,解説,解説,unknown,解説,wordfreq:ja,wordfreq_seeded;deterministically_filtered;structurally_curated
ja,v1,2,1511,1538,言える,言える,言える,unknown,言える,wordfreq:ja,wordfreq_seeded;deterministically_filtered;structurally_curated
ja,v1,2,1512,1539,設計,設計,設計,unknown,設計,wordfreq:ja,wordfreq_seeded;deterministically_filtered;structurally_curated
ja,v1,2,1513,1540,試験,試験,試験,unknown,試験,wordfreq:ja,wordfreq_seeded;deterministically_filtered;structurally_curated
ja,v1,2,1514,1541,距離,距離,距離,unknown,距離,wordfreq:ja,wordfreq_seeded;deterministically_filtered;structurally_curated
ja,v1,2,1515,1542,身体,身体,身体,unknown,身体,wordfreq:ja,wordfreq_seeded;deterministically_filtered;structurally_curated
ja,v1,2,1516,1543,雑誌,雑誌,雑誌,unknown,雑誌,wordfreq:ja,wordfreq_seeded;deterministically_filtered;structurally_curated
ja,v1,2,1517,1544,青,青,青,unknown,青,wordfreq:ja,wordfreq_seeded;deterministically_filtered;structurally_curated
ja,v1,2,1518,1545,id,id,id,unknown,id,wordfreq:ja,wordfreq_seeded;deterministically_filtered;structurally_curated
ja,v1,2,1519,1546,iphone,iphone,iphone,unknown,iphone,wordfreq:ja,wordfreq_seeded;deterministically_filtered;structurally_curated
ja,v1,2,1520,1547,is,is,is,unknown,is,wordfreq:ja,wordfreq_seeded;deterministically_filtered;structurally_curated
ja,v1,2,1521,1548,かつ,かつ,かつ,unknown,かつ,wordfreq:ja,wordfreq_seeded;deterministically_filtered;structurally_curated
ja,v1,2,1522,1549,こんなに,こんなに,こんなに,unknown,こんなに,wordfreq:ja,wordfreq_seeded;deterministically_filtered;structurally_curated
ja,v1,2,1523,1550,せよ,せよ,せよ,unknown,せよ,wordfreq:ja,wordfreq_seeded;deterministically_filtered;structurally_curated
ja,v1,2,1524,1551,そ,そ,そ,unknown,そ,wordfreq:ja,wordfreq_seeded;deterministically_filtered;structurally_curated
ja,v1,2,1525,1552,だし,だし,だし,unknown,だし,wordfreq:ja,wordfreq_seeded;deterministically_filtered;structurally_curated
ja,v1,2,1526,1553,まったく,まったく,まったく,unknown,まったく,wordfreq:ja,wordfreq_seeded;deterministically_filtered;structurally_curated
ja,v1,2,1527,1554,オープン,オープン,オープン,unknown,オープン,wordfreq:ja,wordfreq_seeded;deterministically_filtered;structurally_curated
ja,v1,2,1528,1555,クラブ,クラブ,クラブ,unknown,クラブ,wordfreq:ja,wordfreq_seeded;deterministically_filtered;structurally_curated
ja,v1,2,1529,1556,スター,スター,スター,unknown,スター,wordfreq:ja,wordfreq_seeded;deterministically_filtered;structurally_curated
ja,v1,2,1530,1557,タイム,タイム,タイム,unknown,タイム,wordfreq:ja,wordfreq_seeded;deterministically_filtered;structurally_curated
ja,v1,2,1531,1558,リスト,リスト,リスト,unknown,リスト,wordfreq:ja,wordfreq_seeded;deterministically_filtered;structurally_curated
ja,v1,2,1532,1559,仕様,仕様,仕様,unknown,仕様,wordfreq:ja,wordfreq_seeded;deterministically_filtered;structurally_curated
ja,v1,2,1533,1560,公園,公園,公園,unknown,公園,wordfreq:ja,wordfreq_seeded;deterministically_filtered;structurally_curated
ja,v1,2,1534,1561,努力,努力,努力,unknown,努力,wordfreq:ja,wordfreq_seeded;deterministically_filtered;structurally_curated
ja,v1,2,1535,1562,同時に,同時に,同時に,unknown,同時に,wordfreq:ja,wordfreq_seeded;deterministically_filtered;structurally_curated
ja,v1,2,1536,1563,唯一,唯一,唯一,unknown,唯一,wordfreq:ja,wordfreq_seeded;deterministically_filtered;structurally_curated
ja,v1,2,1537,1564,城,城,城,unknown,城,wordfreq:ja,wordfreq_seeded;deterministically_filtered;structurally_curated
ja,v1,2,1538,1565,基準,基準,基準,unknown,基準,wordfreq:ja,wordfreq_seeded;deterministically_filtered;structurally_curated
ja,v1,2,1539,1566,始める,始める,始める,unknown,始める,wordfreq:ja,wordfreq_seeded;deterministically_filtered;structurally_curated
ja,v1,2,1540,1567,層,層,層,unknown,層,wordfreq:ja,wordfreq_seeded;deterministically_filtered;structurally_curated
ja,v1,2,1541,1568,得る,得る,得る,unknown,得る,wordfreq:ja,wordfreq_seeded;deterministically_filtered;structurally_curated
ja,v1,2,1542,1569,復活,復活,復活,unknown,復活,wordfreq:ja,wordfreq_seeded;deterministically_filtered;structurally_curated
ja,v1,2,1543,1570,性格,性格,性格,unknown,性格,wordfreq:ja,wordfreq_seeded;deterministically_filtered;structurally_curated
ja,v1,2,1544,1571,提案,提案,提案,unknown,提案,wordfreq:ja,wordfreq_seeded;deterministically_filtered;structurally_curated
ja,v1,2,1545,1572,最新,最新,最新,unknown,最新,wordfreq:ja,wordfreq_seeded;deterministically_filtered;structurally_curated
ja,v1,2,1546,1573,東,東,東,unknown,東,wordfreq:ja,wordfreq_seeded;deterministically_filtered;structurally_curated
ja,v1,2,1547,1574,桜,桜,桜,unknown,桜,wordfreq:ja,wordfreq_seeded;deterministically_filtered;structurally_curated
ja,v1,2,1548,1575,検査,検査,検査,unknown,検査,wordfreq:ja,wordfreq_seeded;deterministically_filtered;structurally_curated
ja,v1,2,1549,1576,比べ,比べ,比べ,unknown,比べ,wordfreq:ja,wordfreq_seeded;deterministically_filtered;structurally_curated
ja,v1,2,1550,1577,沢山,沢山,沢山,unknown,沢山,wordfreq:ja,wordfreq_seeded;deterministically_filtered;structurally_curated
ja,v1,2,1551,1578,確実,確実,確実,unknown,確実,wordfreq:ja,wordfreq_seeded;deterministically_filtered;structurally_curated
ja,v1,2,1552,1579,福島,福島,福島,unknown,福島,wordfreq:ja,wordfreq_seeded;deterministically_filtered;structurally_curated
ja,v1,2,1553,1580,終わる,終わる,終わる,unknown,終わる,wordfreq:ja,wordfreq_seeded;deterministically_filtered;structurally_curated
ja,v1,2,1554,1581,編,編,編,unknown,編,wordfreq:ja,wordfreq_seeded;deterministically_filtered;structurally_curated
ja,v1,2,1555,1582,自ら,自ら,自ら,unknown,自ら,wordfreq:ja,wordfreq_seeded;deterministically_filtered;structurally_curated
ja,v1,2,1556,1583,製品,製品,製品,unknown,製品,wordfreq:ja,wordfreq_seeded;deterministically_filtered;structurally_curated
ja,v1,2,1557,1584,見れ,見れ,見れ,unknown,見れ,wordfreq:ja,wordfreq_seeded;deterministically_filtered;structurally_curated
ja,v1,2,1558,1585,足り,足り,足り,unknown,足り,wordfreq:ja,wordfreq_seeded;deterministically_filtered;structurally_curated
ja,v1,2,1559,1586,連れ,連れ,連れ,unknown,連れ,wordfreq:ja,wordfreq_seeded;deterministically_filtered;structurally_curated
ja,v1,2,1560,1588,および,および,および,unknown,および,wordfreq:ja,wordfreq_seeded;deterministically_filtered;structurally_curated
ja,v1,2,1561,1589,ごめんなさい,ごめんなさい,ごめんなさい,unknown,ごめんなさい,wordfreq:ja,wordfreq_seeded;deterministically_filtered;structurally_curated
ja,v1,2,1562,1590,だい,だい,だい,unknown,だい,wordfreq:ja,wordfreq_seeded;deterministically_filtered;structurally_curated
ja,v1,2,1563,1591,だら,だら,だら,unknown,だら,wordfreq:ja,wordfreq_seeded;deterministically_filtered;structurally_curated
ja,v1,2,1564,1592,どんどん,どんどん,どんどん,unknown,どんどん,wordfreq:ja,wordfreq_seeded;deterministically_filtered;structurally_curated
ja,v1,2,1565,1593,アイテム,アイテム,アイテム,unknown,アイテム,wordfreq:ja,wordfreq_seeded;deterministically_filtered;structurally_curated
ja,v1,2,1566,1594,カラー,カラー,カラー,unknown,カラー,wordfreq:ja,wordfreq_seeded;deterministically_filtered;structurally_curated
ja,v1,2,1567,1595,ガス,ガス,ガス,unknown,ガス,wordfreq:ja,wordfreq_seeded;deterministically_filtered;structurally_curated
ja,v1,2,1568,1596,ボール,ボール,ボール,unknown,ボール,wordfreq:ja,wordfreq_seeded;deterministically_filtered;structurally_curated
ja,v1,2,1569,1597,レース,レース,レース,unknown,レース,wordfreq:ja,wordfreq_seeded;deterministically_filtered;structurally_curated
ja,v1,2,1570,1598,ヾ,ヾ,ヾ,unknown,ヾ,wordfreq:ja,wordfreq_seeded;deterministically_filtered;structurally_curated
ja,v1,2,1571,1599,世代,世代,世代,unknown,世代,wordfreq:ja,wordfreq_seeded;deterministically_filtered;structurally_curated
ja,v1,2,1572,1600,以来,以来,以来,unknown,以来,wordfreq:ja,wordfreq_seeded;deterministically_filtered;structurally_curated
ja,v1,2,1573,1601,余裕,余裕,余裕,unknown,余裕,wordfreq:ja,wordfreq_seeded;deterministically_filtered;structurally_curated
ja,v1,2,1574,1602,停止,停止,停止,unknown,停止,wordfreq:ja,wordfreq_seeded;deterministically_filtered;structurally_curated
ja,v1,2,1575,1603,剣,剣,剣,unknown,剣,wordfreq:ja,wordfreq_seeded;deterministically_filtered;structurally_curated
ja,v1,2,1576,1604,古い,古い,古い,unknown,古い,wordfreq:ja,wordfreq_seeded;deterministically_filtered;structurally_curated
ja,v1,2,1577,1605,同士,同士,同士,unknown,同士,wordfreq:ja,wordfreq_seeded;deterministically_filtered;structurally_curated
ja,v1,2,1578,1606,太,太,太,unknown,太,wordfreq:ja,wordfreq_seeded;deterministically_filtered;structurally_curated
ja,v1,2,1579,1607,家庭,家庭,家庭,unknown,家庭,wordfreq:ja,wordfreq_seeded;deterministically_filtered;structurally_curated
ja,v1,2,1580,1608,平均,平均,平均,unknown,平均,wordfreq:ja,wordfreq_seeded;deterministically_filtered;structurally_curated
ja,v1,2,1581,1609,年代,年代,年代,unknown,年代,wordfreq:ja,wordfreq_seeded;deterministically_filtered;structurally_curated
ja,v1,2,1582,1610,強,強,強,unknown,強,wordfreq:ja,wordfreq_seeded;deterministically_filtered;structurally_curated
ja,v1,2,1583,1611,後ろ,後ろ,後ろ,unknown,後ろ,wordfreq:ja,wordfreq_seeded;deterministically_filtered;structurally_curated
ja,v1,2,1584,1612,指,指,指,unknown,指,wordfreq:ja,wordfreq_seeded;deterministically_filtered;structurally_curated
ja,v1,2,1585,1613,挑戦,挑戦,挑戦,unknown,挑戦,wordfreq:ja,wordfreq_seeded;deterministically_filtered;structurally_curated
ja,v1,2,1586,1614,文,文,文,unknown,文,wordfreq:ja,wordfreq_seeded;deterministically_filtered;structurally_curated
ja,v1,2,1587,1615,書か,書か,書か,unknown,書か,wordfreq:ja,wordfreq_seeded;deterministically_filtered;structurally_curated
ja,v1,2,1588,1616,構造,構造,構造,unknown,構造,wordfreq:ja,wordfreq_seeded;deterministically_filtered;structurally_curated
ja,v1,2,1589,1617,権利,権利,権利,unknown,権利,wordfreq:ja,wordfreq_seeded;deterministically_filtered;structurally_curated
ja,v1,2,1590,1618,目標,目標,目標,unknown,目標,wordfreq:ja,wordfreq_seeded;deterministically_filtered;structurally_curated
ja,v1,2,1591,1619,知識,知識,知識,unknown,知識,wordfreq:ja,wordfreq_seeded;deterministically_filtered;structurally_curated
ja,v1,2,1592,1620,立て,立て,立て,unknown,立て,wordfreq:ja,wordfreq_seeded;deterministically_filtered;structurally_curated
ja,v1,2,1593,1621,続い,続い,続い,unknown,続い,wordfreq:ja,wordfreq_seeded;deterministically_filtered;structurally_curated
ja,v1,2,1594,1622,続く,続く,続く,unknown,続く,wordfreq:ja,wordfreq_seeded;deterministically_filtered;structurally_curated
ja,v1,2,1595,1623,逃げ,逃げ,逃げ,unknown,逃げ,wordfreq:ja,wordfreq_seeded;deterministically_filtered;structurally_curated
ja,v1,2,1596,1624,間違っ,間違っ,間違っ,unknown,間違っ,wordfreq:ja,wordfreq_seeded;deterministically_filtered;structurally_curated
ja,v1,2,1597,1625,雪,雪,雪,unknown,雪,wordfreq:ja,wordfreq_seeded;deterministically_filtered;structurally_curated
ja,v1,2,1598,1626,あら,あら,あら,unknown,あら,wordfreq:ja,wordfreq_seeded;deterministically_filtered;structurally_curated
ja,v1,2,1599,1627,いつか,いつか,いつか,unknown,いつか,wordfreq:ja,wordfreq_seeded;deterministically_filtered;structurally_curated
ja,v1,2,1600,1628,さっき,さっき,さっき,unknown,さっき,wordfreq:ja,wordfreq_seeded;deterministically_filtered;structurally_curated
ja,v1,2,1601,1629,ぜひ,ぜひ,ぜひ,unknown,ぜひ,wordfreq:ja,wordfreq_seeded;deterministically_filtered;structurally_curated
ja,v1,2,1602,1630,なれる,なれる,なれる,unknown,なれる,wordfreq:ja,wordfreq_seeded;deterministically_filtered;structurally_curated
ja,v1,2,1603,1631,ゆう,ゆう,ゆう,unknown,ゆう,wordfreq:ja,wordfreq_seeded;deterministically_filtered;structurally_curated
ja,v1,2,1604,1632,アルバム,アルバム,アルバム,unknown,アルバム,wordfreq:ja,wordfreq_seeded;deterministically_filtered;structurally_curated
ja,v1,2,1605,1633,キャラクター,キャラクター,キャラクター,unknown,キャラクター,wordfreq:ja,wordfreq_seeded;deterministically_filtered;structurally_curated
ja,v1,2,1606,1634,キー,キー,キー,unknown,キー,wordfreq:ja,wordfreq_seeded;deterministically_filtered;structurally_curated
ja,v1,2,1607,1635,ファイル,ファイル,ファイル,unknown,ファイル,wordfreq:ja,wordfreq_seeded;deterministically_filtered;structurally_curated
ja,v1,2,1608,1636,ベース,ベース,ベース,unknown,ベース,wordfreq:ja,wordfreq_seeded;deterministically_filtered;structurally_curated
ja,v1,2,1609,1637,マーク,マーク,マーク,unknown,マーク,wordfreq:ja,wordfreq_seeded;deterministically_filtered;structurally_curated
ja,v1,2,1610,1638,ラジオ,ラジオ,ラジオ,unknown,ラジオ,wordfreq:ja,wordfreq_seeded;deterministically_filtered;structurally_curated
ja,v1,2,1611,1639,不思議,不思議,不思議,unknown,不思議,wordfreq:ja,wordfreq_seeded;deterministically_filtered;structurally_curated
ja,v1,2,1612,1640,中央,中央,中央,unknown,中央,wordfreq:ja,wordfreq_seeded;deterministically_filtered;structurally_curated
ja,v1,2,1613,1641,主人公,主人公,主人公,unknown,主人公,wordfreq:ja,wordfreq_seeded;deterministically_filtered;structurally_curated
ja,v1,2,1614,1642,保存,保存,保存,unknown,保存,wordfreq:ja,wordfreq_seeded;deterministically_filtered;structurally_curated
ja,v1,2,1615,1643,保険,保険,保険,unknown,保険,wordfreq:ja,wordfreq_seeded;deterministically_filtered;structurally_curated
ja,v1,2,1616,1644,優勝,優勝,優勝,unknown,優勝,wordfreq:ja,wordfreq_seeded;deterministically_filtered;structurally_curated
ja,v1,2,1617,1645,助け,助け,助け,unknown,助け,wordfreq:ja,wordfreq_seeded;deterministically_filtered;structurally_curated
ja,v1,2,1618,1646,周辺,周辺,周辺,unknown,周辺,wordfreq:ja,wordfreq_seeded;deterministically_filtered;structurally_curated
ja,v1,2,1619,1647,団,団,団,unknown,団,wordfreq:ja,wordfreq_seeded;deterministically_filtered;structurally_curated
ja,v1,2,1620,1648,土地,土地,土地,unknown,土地,wordfreq:ja,wordfreq_seeded;deterministically_filtered;structurally_curated
ja,v1,2,1621,1649,字,字,字,unknown,字,wordfreq:ja,wordfreq_seeded;deterministically_filtered;structurally_curated
ja,v1,2,1622,1650,実験,実験,実験,unknown,実験,wordfreq:ja,wordfreq_seeded;deterministically_filtered;structurally_curated
ja,v1,2,1623,1651,対,対,対,unknown,対,wordfreq:ja,wordfreq_seeded;deterministically_filtered;structurally_curated
ja,v1,2,1624,1652,建物,建物,建物,unknown,建物,wordfreq:ja,wordfreq_seeded;deterministically_filtered;structurally_curated
ja,v1,2,1625,1653,御,御,御,unknown,御,wordfreq:ja,wordfreq_seeded;deterministically_filtered;structurally_curated
ja,v1,2,1626,1654,急,急,急,unknown,急,wordfreq:ja,wordfreq_seeded;deterministically_filtered;structurally_curated
ja,v1,2,1627,1655,患者,患者,患者,unknown,患者,wordfreq:ja,wordfreq_seeded;deterministically_filtered;structurally_curated
ja,v1,2,1628,1656,悪,悪,悪,unknown,悪,wordfreq:ja,wordfreq_seeded;deterministically_filtered;structurally_curated
ja,v1,2,1629,1657,愛し,愛し,愛し,unknown,愛し,wordfreq:ja,wordfreq_seeded;deterministically_filtered;structurally_curated
ja,v1,2,1630,1658,支配,支配,支配,unknown,支配,wordfreq:ja,wordfreq_seeded;deterministically_filtered;structurally_curated
ja,v1,2,1631,1659,残し,残し,残し,unknown,残し,wordfreq:ja,wordfreq_seeded;deterministically_filtered;structurally_curated
ja,v1,2,1632,1660,民,民,民,unknown,民,wordfreq:ja,wordfreq_seeded;deterministically_filtered;structurally_curated
ja,v1,2,1633,1661,規模,規模,規模,unknown,規模,wordfreq:ja,wordfreq_seeded;deterministically_filtered;structurally_curated
ja,v1,2,1634,1662,闇,闇,闇,unknown,闇,wordfreq:ja,wordfreq_seeded;deterministically_filtered;structurally_curated
ja,v1,2,1635,1663,魂,魂,魂,unknown,魂,wordfreq:ja,wordfreq_seeded;deterministically_filtered;structurally_curated
ja,v1,2,1636,1664,jr,jr,jr,unknown,jr,wordfreq:ja,wordfreq_seeded;deterministically_filtered;structurally_curated
ja,v1,2,1637,1665,おら,おら,おら,unknown,おら,wordfreq:ja,wordfreq_seeded;deterministically_filtered;structurally_curated
ja,v1,2,1638,1666,こんにちは,こんにちは,こんにちは,unknown,こんにちは,wordfreq:ja,wordfreq_seeded;deterministically_filtered;structurally_curated
ja,v1,2,1639,1667,さて,さて,さて,unknown,さて,wordfreq:ja,wordfreq_seeded;deterministically_filtered;structurally_curated
ja,v1,2,1640,1668,しばらく,しばらく,しばらく,unknown,しばらく,wordfreq:ja,wordfreq_seeded;deterministically_filtered;structurally_curated
ja,v1,2,1641,1669,そりゃ,そりゃ,そりゃ,unknown,そりゃ,wordfreq:ja,wordfreq_seeded;deterministically_filtered;structurally_curated
ja,v1,2,1642,1670,ただし,ただし,ただし,unknown,ただし,wordfreq:ja,wordfreq_seeded;deterministically_filtered;structurally_curated
ja,v1,2,1643,1671,なか,なか,なか,unknown,なか,wordfreq:ja,wordfreq_seeded;deterministically_filtered;structurally_curated
ja,v1,2,1644,1672,アカウント,アカウント,アカウント,unknown,アカウント,wordfreq:ja,wordfreq_seeded;deterministically_filtered;structurally_curated
ja,v1,2,1645,1673,エネルギー,エネルギー,エネルギー,unknown,エネルギー,wordfreq:ja,wordfreq_seeded;deterministically_filtered;structurally_curated
ja,v1,2,1646,1674,チャンス,チャンス,チャンス,unknown,チャンス,wordfreq:ja,wordfreq_seeded;deterministically_filtered;structurally_curated
ja,v1,2,1647,1675,バレ,バレ,バレ,unknown,バレ,wordfreq:ja,wordfreq_seeded;deterministically_filtered;structurally_curated
ja,v1,2,1648,1676,ミ,ミ,ミ,unknown,ミ,wordfreq:ja,wordfreq_seeded;deterministically_filtered;structurally_curated
ja,v1,2,1649,1677,リアル,リアル,リアル,unknown,リアル,wordfreq:ja,wordfreq_seeded;deterministically_filtered;structurally_curated
ja,v1,2,1650,1678,ルール,ルール,ルール,unknown,ルール,wordfreq:ja,wordfreq_seeded;deterministically_filtered;structurally_curated
ja,v1,2,1651,1679,上がっ,上がっ,上がっ,unknown,上がっ,wordfreq:ja,wordfreq_seeded;deterministically_filtered;structurally_curated
ja,v1,2,1652,1680,交通,交通,交通,unknown,交通,wordfreq:ja,wordfreq_seeded;deterministically_filtered;structurally_curated
ja,v1,2,1653,1681,他人,他人,他人,unknown,他人,wordfreq:ja,wordfreq_seeded;deterministically_filtered;structurally_curated
ja,v1,2,1654,1682,付,付,付,unknown,付,wordfreq:ja,wordfreq_seeded;deterministically_filtered;structurally_curated
ja,v1,2,1655,1683,低い,低い,低い,unknown,低い,wordfreq:ja,wordfreq_seeded;deterministically_filtered;structurally_curated
ja,v1,2,1656,1684,住ん,住ん,住ん,unknown,住ん,wordfreq:ja,wordfreq_seeded;deterministically_filtered;structurally_curated
ja,v1,2,1657,1685,再生,再生,再生,unknown,再生,wordfreq:ja,wordfreq_seeded;deterministically_filtered;structurally_curated
ja,v1,2,1658,1686,切っ,切っ,切っ,unknown,切っ,wordfreq:ja,wordfreq_seeded;deterministically_filtered;structurally_curated
ja,v1,2,1659,1687,博士,博士,博士,unknown,博士,wordfreq:ja,wordfreq_seeded;deterministically_filtered;structurally_curated
ja,v1,2,1660,1688,取れ,取れ,取れ,unknown,取れ,wordfreq:ja,wordfreq_seeded;deterministically_filtered;structurally_curated
ja,v1,2,1661,1689,取得,取得,取得,unknown,取得,wordfreq:ja,wordfreq_seeded;deterministically_filtered;structurally_curated
ja,v1,2,1662,1690,含ま,含ま,含ま,unknown,含ま,wordfreq:ja,wordfreq_seeded;deterministically_filtered;structurally_curated
ja,v1,2,1663,1691,回復,回復,回復,unknown,回復,wordfreq:ja,wordfreq_seeded;deterministically_filtered;structurally_curated
ja,v1,2,1664,1692,姫,姫,姫,unknown,姫,wordfreq:ja,wordfreq_seeded;deterministically_filtered;structurally_curated
ja,v1,2,1665,1693,子ども,子ども,子ども,unknown,子ども,wordfreq:ja,wordfreq_seeded;deterministically_filtered;structurally_curated
ja,v1,2,1666,1694,実行,実行,実行,unknown,実行,wordfreq:ja,wordfreq_seeded;deterministically_filtered;structurally_curated
ja,v1,2,1667,1695,引き,引き,引き,unknown,引き,wordfreq:ja,wordfreq_seeded;deterministically_filtered;structurally_curated
ja,v1,2,1668,1696,恋愛,恋愛,恋愛,unknown,恋愛,wordfreq:ja,wordfreq_seeded;deterministically_filtered;structurally_curated
ja,v1,2,1669,1697,戦闘,戦闘,戦闘,unknown,戦闘,wordfreq:ja,wordfreq_seeded;deterministically_filtered;structurally_curated
ja,v1,2,1670,1698,政策,政策,政策,unknown,政策,wordfreq:ja,wordfreq_seeded;deterministically_filtered;structurally_curated
ja,v1,2,1671,1699,様子,様子,様子,unknown,様子,wordfreq:ja,wordfreq_seeded;deterministically_filtered;structurally_curated
ja,v1,2,1672,1700,次第,次第,次第,unknown,次第,wordfreq:ja,wordfreq_seeded;deterministically_filtered;structurally_curated
ja,v1,2,1673,1701,殺人,殺人,殺人,unknown,殺人,wordfreq:ja,wordfreq_seeded;deterministically_filtered;structurally_curated
ja,v1,2,1674,1702,爆発,爆発,爆発,unknown,爆発,wordfreq:ja,wordfreq_seeded;deterministically_filtered;structurally_curated
ja,v1,2,1675,1703,界,界,界,unknown,界,wordfreq:ja,wordfreq_seeded;deterministically_filtered;structurally_curated
ja,v1,2,1676,1704,病気,病気,病気,unknown,病気,wordfreq:ja,wordfreq_seeded;deterministically_filtered;structurally_curated
ja,v1,2,1677,1705,痛い,痛い,痛い,unknown,痛い,wordfreq:ja,wordfreq_seeded;deterministically_filtered;structurally_curated
ja,v1,2,1678,1706,続き,続き,続き,unknown,続き,wordfreq:ja,wordfreq_seeded;deterministically_filtered;structurally_curated
ja,v1,2,1679,1707,総合,総合,総合,unknown,総合,wordfreq:ja,wordfreq_seeded;deterministically_filtered;structurally_curated
ja,v1,2,1680,1708,長く,長く,長く,unknown,長く,wordfreq:ja,wordfreq_seeded;deterministically_filtered;structurally_curated
ja,v1,2,1681,1709,面倒,面倒,面倒,unknown,面倒,wordfreq:ja,wordfreq_seeded;deterministically_filtered;structurally_curated
ja,v1,2,1682,1710,類,類,類,unknown,類,wordfreq:ja,wordfreq_seeded;deterministically_filtered;structurally_curated
ja,v1,2,1683,1711,館,館,館,unknown,館,wordfreq:ja,wordfreq_seeded;deterministically_filtered;structurally_curated
ja,v1,2,1684,1712,av,av,av,unknown,av,wordfreq:ja,wordfreq_seeded;deterministically_filtered;structurally_curated
ja,v1,2,1685,1713,おれ,おれ,おれ,unknown,おれ,wordfreq:ja,wordfreq_seeded;deterministically_filtered;structurally_curated
ja,v1,2,1686,1714,お互い,お互い,お互い,unknown,お互い,wordfreq:ja,wordfreq_seeded;deterministically_filtered;structurally_curated
ja,v1,2,1687,1715,かっ,かっ,かっ,unknown,かっ,wordfreq:ja,wordfreq_seeded;deterministically_filtered;structurally_curated
ja,v1,2,1688,1716,きれい,きれい,きれい,unknown,きれい,wordfreq:ja,wordfreq_seeded;deterministically_filtered;structurally_curated
ja,v1,2,1689,1717,さま,さま,さま,unknown,さま,wordfreq:ja,wordfreq_seeded;deterministically_filtered;structurally_curated
ja,v1,2,1690,1718,どうして,どうして,どうして,unknown,どうして,wordfreq:ja,wordfreq_seeded;deterministically_filtered;structurally_curated
ja,v1,2,1691,1719,にくい,にくい,にくい,unknown,にくい,wordfreq:ja,wordfreq_seeded;deterministically_filtered;structurally_curated
ja,v1,2,1692,1720,ひ,ひ,ひ,unknown,ひ,wordfreq:ja,wordfreq_seeded;deterministically_filtered;structurally_curated
ja,v1,2,1693,1721,まさに,まさに,まさに,unknown,まさに,wordfreq:ja,wordfreq_seeded;deterministically_filtered;structurally_curated
ja,v1,2,1694,1722,もらえる,もらえる,もらえる,unknown,もらえる,wordfreq:ja,wordfreq_seeded;deterministically_filtered;structurally_curated
ja,v1,2,1695,1723,やっと,やっと,やっと,unknown,やっと,wordfreq:ja,wordfreq_seeded;deterministically_filtered;structurally_curated
ja,v1,2,1696,1724,わか,わか,わか,unknown,わか,wordfreq:ja,wordfreq_seeded;deterministically_filtered;structurally_curated
ja,v1,2,1697,1725,ケース,ケース,ケース,unknown,ケース,wordfreq:ja,wordfreq_seeded;deterministically_filtered;structurally_curated
ja,v1,2,1698,1726,ステージ,ステージ,ステージ,unknown,ステージ,wordfreq:ja,wordfreq_seeded;deterministically_filtered;structurally_curated
ja,v1,2,1699,1727,バック,バック,バック,unknown,バック,wordfreq:ja,wordfreq_seeded;deterministically_filtered;structurally_curated
ja,v1,2,1700,1728,パンツ,パンツ,パンツ,unknown,パンツ,wordfreq:ja,wordfreq_seeded;deterministically_filtered;structurally_curated
ja,v1,2,1701,1729,ビジネス,ビジネス,ビジネス,unknown,ビジネス,wordfreq:ja,wordfreq_seeded;deterministically_filtered;structurally_curated
ja,v1,2,1702,1730,プログラム,プログラム,プログラム,unknown,プログラム,wordfreq:ja,wordfreq_seeded;deterministically_filtered;structurally_curated
ja,v1,2,1703,1731,リリース,リリース,リリース,unknown,リリース,wordfreq:ja,wordfreq_seeded;deterministically_filtered;structurally_curated
ja,v1,2,1704,1732,休み,休み,休み,unknown,休み,wordfreq:ja,wordfreq_seeded;deterministically_filtered;structurally_curated
ja,v1,2,1705,1733,値段,値段,値段,unknown,値段,wordfreq:ja,wordfreq_seeded;deterministically_filtered;structurally_curated
ja,v1,2,1706,1734,別に,別に,別に,unknown,別に,wordfreq:ja,wordfreq_seeded;deterministically_filtered;structurally_curated
ja,v1,2,1707,1735,取る,取る,取る,unknown,取る,wordfreq:ja,wordfreq_seeded;deterministically_filtered;structurally_curated
ja,v1,2,1708,1736,呼ぶ,呼ぶ,呼ぶ,unknown,呼ぶ,wordfreq:ja,wordfreq_seeded;deterministically_filtered;structurally_curated
ja,v1,2,1709,1737,変わら,変わら,変わら,unknown,変わら,wordfreq:ja,wordfreq_seeded;deterministically_filtered;structurally_curated
ja,v1,2,1710,1738,尻,尻,尻,unknown,尻,wordfreq:ja,wordfreq_seeded;deterministically_filtered;structurally_curated
ja,v1,2,1711,1739,工事,工事,工事,unknown,工事,wordfreq:ja,wordfreq_seeded;deterministically_filtered;structurally_curated
ja,v1,2,1712,1740,工場,工場,工場,unknown,工場,wordfreq:ja,wordfreq_seeded;deterministically_filtered;structurally_curated
ja,v1,2,1713,1741,我慢,我慢,我慢,unknown,我慢,wordfreq:ja,wordfreq_seeded;deterministically_filtered;structurally_curated
ja,v1,2,1714,1742,段階,段階,段階,unknown,段階,wordfreq:ja,wordfreq_seeded;deterministically_filtered;structurally_curated
ja,v1,2,1715,1743,激,激,激,unknown,激,wordfreq:ja,wordfreq_seeded;deterministically_filtered;structurally_curated
ja,v1,2,1716,1744,獣,獣,獣,unknown,獣,wordfreq:ja,wordfreq_seeded;deterministically_filtered;structurally_curated
ja,v1,2,1717,1745,突然,突然,突然,unknown,突然,wordfreq:ja,wordfreq_seeded;deterministically_filtered;structurally_curated
ja,v1,2,1718,1746,美味しい,美味しい,美味しい,unknown,美味しい,wordfreq:ja,wordfreq_seeded;deterministically_filtered;structurally_curated
ja,v1,2,1719,1747,葉,葉,葉,unknown,葉,wordfreq:ja,wordfreq_seeded;deterministically_filtered;structurally_curated
ja,v1,2,1720,1748,血,血,血,unknown,血,wordfreq:ja,wordfreq_seeded;deterministically_filtered;structurally_curated
ja,v1,2,1721,1749,行い,行い,行い,unknown,行い,wordfreq:ja,wordfreq_seeded;deterministically_filtered;structurally_curated
ja,v1,2,1722,1750,起こし,起こし,起こし,unknown,起こし,wordfreq:ja,wordfreq_seeded;deterministically_filtered;structurally_curated
ja,v1,2,1723,1751,週,週,週,unknown,週,wordfreq:ja,wordfreq_seeded;deterministically_filtered;structurally_curated
ja,v1,2,1724,1752,進め,進め,進め,unknown,進め,wordfreq:ja,wordfreq_seeded;deterministically_filtered;structurally_curated
ja,v1,2,1725,1753,com,com,com,unknown,com,wordfreq:ja,wordfreq_seeded;deterministically_filtered;structurally_curated
ja,v1,2,1726,1754,q,q,q,unknown,q,wordfreq:ja,wordfreq_seeded;deterministically_filtered;structurally_curated
ja,v1,2,1727,1755,web,web,web,unknown,web,wordfreq:ja,wordfreq_seeded;deterministically_filtered;structurally_curated
ja,v1,2,1728,1756,youtube,youtube,youtube,unknown,youtube,wordfreq:ja,wordfreq_seeded;deterministically_filtered;structurally_curated
ja,v1,2,1729,1757,お話,お話,お話,unknown,お話,wordfreq:ja,wordfreq_seeded;deterministically_filtered;structurally_curated
ja,v1,2,1730,1758,かね,かね,かね,unknown,かね,wordfreq:ja,wordfreq_seeded;deterministically_filtered;structurally_curated
ja,v1,2,1731,1759,それら,それら,それら,unknown,それら,wordfreq:ja,wordfreq_seeded;deterministically_filtered;structurally_curated
ja,v1,2,1732,1760,ちょうど,ちょうど,ちょうど,unknown,ちょうど,wordfreq:ja,wordfreq_seeded;deterministically_filtered;structurally_curated
ja,v1,2,1733,1761,つける,つける,つける,unknown,つける,wordfreq:ja,wordfreq_seeded;deterministically_filtered;structurally_curated
ja,v1,2,1734,1762,まさか,まさか,まさか,unknown,まさか,wordfreq:ja,wordfreq_seeded;deterministically_filtered;structurally_curated
ja,v1,2,1735,1763,イラスト,イラスト,イラスト,unknown,イラスト,wordfreq:ja,wordfreq_seeded;deterministically_filtered;structurally_curated
ja,v1,2,1736,1764,シャツ,シャツ,シャツ,unknown,シャツ,wordfreq:ja,wordfreq_seeded;deterministically_filtered;structurally_curated
ja,v1,2,1737,1765,ストーリー,ストーリー,ストーリー,unknown,ストーリー,wordfreq:ja,wordfreq_seeded;deterministically_filtered;structurally_curated
ja,v1,2,1738,1766,ゼロ,ゼロ,ゼロ,unknown,ゼロ,wordfreq:ja,wordfreq_seeded;deterministically_filtered;structurally_curated
ja,v1,2,1739,1767,ダンス,ダンス,ダンス,unknown,ダンス,wordfreq:ja,wordfreq_seeded;deterministically_filtered;structurally_curated
ja,v1,2,1740,1768,バー,バー,バー,unknown,バー,wordfreq:ja,wordfreq_seeded;deterministically_filtered;structurally_curated
ja,v1,2,1741,1769,ベッド,ベッド,ベッド,unknown,ベッド,wordfreq:ja,wordfreq_seeded;deterministically_filtered;structurally_curated
ja,v1,2,1742,1770,ラーメン,ラーメン,ラーメン,unknown,ラーメン,wordfreq:ja,wordfreq_seeded;deterministically_filtered;structurally_curated
ja,v1,2,1743,1771,一体,一体,一体,unknown,一体,wordfreq:ja,wordfreq_seeded;deterministically_filtered;structurally_curated
ja,v1,2,1744,1772,働い,働い,働い,unknown,働い,wordfreq:ja,wordfreq_seeded;deterministically_filtered;structurally_curated
ja,v1,2,1745,1773,剤,剤,剤,unknown,剤,wordfreq:ja,wordfreq_seeded;deterministically_filtered;structurally_curated
ja,v1,2,1746,1774,午後,午後,午後,unknown,午後,wordfreq:ja,wordfreq_seeded;deterministically_filtered;structurally_curated
ja,v1,2,1747,1775,基地,基地,基地,unknown,基地,wordfreq:ja,wordfreq_seeded;deterministically_filtered;structurally_curated
ja,v1,2,1748,1776,声優,声優,声優,unknown,声優,wordfreq:ja,wordfreq_seeded;deterministically_filtered;structurally_curated
ja,v1,2,1749,1777,女優,女優,女優,unknown,女優,wordfreq:ja,wordfreq_seeded;deterministically_filtered;structurally_curated
ja,v1,2,1750,1778,姉,姉,姉,unknown,姉,wordfreq:ja,wordfreq_seeded;deterministically_filtered;structurally_curated
ja,v1,2,1751,1779,帯,帯,帯,unknown,帯,wordfreq:ja,wordfreq_seeded;deterministically_filtered;structurally_curated
ja,v1,2,1752,1780,扱い,扱い,扱い,unknown,扱い,wordfreq:ja,wordfreq_seeded;deterministically_filtered;structurally_curated
ja,v1,2,1753,1781,支持,支持,支持,unknown,支持,wordfreq:ja,wordfreq_seeded;deterministically_filtered;structurally_curated
ja,v1,2,1754,1782,教授,教授,教授,unknown,教授,wordfreq:ja,wordfreq_seeded;deterministically_filtered;structurally_curated
ja,v1,2,1755,1783,料,料,料,unknown,料,wordfreq:ja,wordfreq_seeded;deterministically_filtered;structurally_curated
ja,v1,2,1756,1784,昭和,昭和,昭和,unknown,昭和,wordfreq:ja,wordfreq_seeded;deterministically_filtered;structurally_curated
ja,v1,2,1757,1785,本来,本来,本来,unknown,本来,wordfreq:ja,wordfreq_seeded;deterministically_filtered;structurally_curated
ja,v1,2,1758,1786,残り,残り,残り,unknown,残り,wordfreq:ja,wordfreq_seeded;deterministically_filtered;structurally_curated
ja,v1,2,1759,1787,気づい,気づい,気づい,unknown,気づい,wordfreq:ja,wordfreq_seeded;deterministically_filtered;structurally_curated
ja,v1,2,1760,1788,注目,注目,注目,unknown,注目,wordfreq:ja,wordfreq_seeded;deterministically_filtered;structurally_curated
ja,v1,2,1761,1789,消し,消し,消し,unknown,消し,wordfreq:ja,wordfreq_seeded;deterministically_filtered;structurally_curated
ja,v1,2,1762,1790,無事,無事,無事,unknown,無事,wordfreq:ja,wordfreq_seeded;deterministically_filtered;structurally_curated
ja,v1,2,1763,1791,異常,異常,異常,unknown,異常,wordfreq:ja,wordfreq_seeded;deterministically_filtered;structurally_curated
ja,v1,2,1764,1792,知る,知る,知る,unknown,知る,wordfreq:ja,wordfreq_seeded;deterministically_filtered;structurally_curated
ja,v1,2,1765,1793,立っ,立っ,立っ,unknown,立っ,wordfreq:ja,wordfreq_seeded;deterministically_filtered;structurally_curated
ja,v1,2,1766,1794,致し,致し,致し,unknown,致し,wordfreq:ja,wordfreq_seeded;deterministically_filtered;structurally_curated
ja,v1,2,1767,1795,要求,要求,要求,unknown,要求,wordfreq:ja,wordfreq_seeded;deterministically_filtered;structurally_curated
ja,v1,2,1768,1796,証明,証明,証明,unknown,証明,wordfreq:ja,wordfreq_seeded;deterministically_filtered;structurally_curated
ja,v1,2,1769,1797,認識,認識,認識,unknown,認識,wordfreq:ja,wordfreq_seeded;deterministically_filtered;structurally_curated
ja,v1,2,1770,1798,開い,開い,開い,unknown,開い,wordfreq:ja,wordfreq_seeded;deterministically_filtered;structurally_curated
ja,v1,2,1771,1799,集中,集中,集中,unknown,集中,wordfreq:ja,wordfreq_seeded;deterministically_filtered;structurally_curated
ja,v1,2,1772,1800,魅力,魅力,魅力,unknown,魅力,wordfreq:ja,wordfreq_seeded;deterministically_filtered;structurally_curated
ja,v1,2,1773,1801,my,my,my,unknown,my,wordfreq:ja,wordfreq_seeded;deterministically_filtered;structurally_curated
ja,v1,2,1774,1802,おけ,おけ,おけ,unknown,おけ,wordfreq:ja,wordfreq_seeded;deterministically_filtered;structurally_curated
ja,v1,2,1775,1803,こい,こい,こい,unknown,こい,wordfreq:ja,wordfreq_seeded;deterministically_filtered;structurally_curated
ja,v1,2,1776,1804,ずつ,ずつ,ずつ,unknown,ずつ,wordfreq:ja,wordfreq_seeded;deterministically_filtered;structurally_curated
ja,v1,2,1777,1805,とともに,とともに,とともに,unknown,とともに,wordfreq:ja,wordfreq_seeded;deterministically_filtered;structurally_curated
ja,v1,2,1778,1806,ひどい,ひどい,ひどい,unknown,ひどい,wordfreq:ja,wordfreq_seeded;deterministically_filtered;structurally_curated
ja,v1,2,1779,1807,もと,もと,もと,unknown,もと,wordfreq:ja,wordfreq_seeded;deterministically_filtered;structurally_curated
ja,v1,2,1780,1808,ブロック,ブロック,ブロック,unknown,ブロック,wordfreq:ja,wordfreq_seeded;deterministically_filtered;structurally_curated
ja,v1,2,1781,1809,人達,人達,人達,unknown,人達,wordfreq:ja,wordfreq_seeded;deterministically_filtered;structurally_curated
ja,v1,2,1782,1810,依頼,依頼,依頼,unknown,依頼,wordfreq:ja,wordfreq_seeded;deterministically_filtered;structurally_curated
ja,v1,2,1783,1811,兄弟,兄弟,兄弟,unknown,兄弟,wordfreq:ja,wordfreq_seeded;deterministically_filtered;structurally_curated
ja,v1,2,1784,1812,刑事,刑事,刑事,unknown,刑事,wordfreq:ja,wordfreq_seeded;deterministically_filtered;structurally_curated
ja,v1,2,1785,1813,園,園,園,unknown,園,wordfreq:ja,wordfreq_seeded;deterministically_filtered;structurally_curated
ja,v1,2,1786,1814,安倍,安倍,安倍,unknown,安倍,wordfreq:ja,wordfreq_seeded;deterministically_filtered;structurally_curated
ja,v1,2,1787,1815,完了,完了,完了,unknown,完了,wordfreq:ja,wordfreq_seeded;deterministically_filtered;structurally_curated
ja,v1,2,1788,1816,実現,実現,実現,unknown,実現,wordfreq:ja,wordfreq_seeded;deterministically_filtered;structurally_curated
ja,v1,2,1789,1817,放題,放題,放題,unknown,放題,wordfreq:ja,wordfreq_seeded;deterministically_filtered;structurally_curated
ja,v1,2,1790,1818,政権,政権,政権,unknown,政権,wordfreq:ja,wordfreq_seeded;deterministically_filtered;structurally_curated
ja,v1,2,1791,1819,新宿,新宿,新宿,unknown,新宿,wordfreq:ja,wordfreq_seeded;deterministically_filtered;structurally_curated
ja,v1,2,1792,1820,是非,是非,是非,unknown,是非,wordfreq:ja,wordfreq_seeded;deterministically_filtered;structurally_curated
ja,v1,2,1793,1821,更に,更に,更に,unknown,更に,wordfreq:ja,wordfreq_seeded;deterministically_filtered;structurally_curated
ja,v1,2,1794,1822,本物,本物,本物,unknown,本物,wordfreq:ja,wordfreq_seeded;deterministically_filtered;structurally_curated
ja,v1,2,1795,1823,案内,案内,案内,unknown,案内,wordfreq:ja,wordfreq_seeded;deterministically_filtered;structurally_curated
ja,v1,2,1796,1824,検討,検討,検討,unknown,検討,wordfreq:ja,wordfreq_seeded;deterministically_filtered;structurally_curated
ja,v1,2,1797,1825,構成,構成,構成,unknown,構成,wordfreq:ja,wordfreq_seeded;deterministically_filtered;structurally_curated
ja,v1,2,1798,1826,死亡,死亡,死亡,unknown,死亡,wordfreq:ja,wordfreq_seeded;deterministically_filtered;structurally_curated
ja,v1,2,1799,1827,母親,母親,母親,unknown,母親,wordfreq:ja,wordfreq_seeded;deterministically_filtered;structurally_curated
ja,v1,2,1800,1828,異なる,異なる,異なる,unknown,異なる,wordfreq:ja,wordfreq_seeded;deterministically_filtered;structurally_curated
ja,v1,2,1801,1829,空気,空気,空気,unknown,空気,wordfreq:ja,wordfreq_seeded;deterministically_filtered;structurally_curated
ja,v1,2,1802,1830,立場,立場,立場,unknown,立場,wordfreq:ja,wordfreq_seeded;deterministically_filtered;structurally_curated
ja,v1,2,1803,1831,納得,納得,納得,unknown,納得,wordfreq:ja,wordfreq_seeded;deterministically_filtered;structurally_curated
ja,v1,2,1804,1832,脚,脚,脚,unknown,脚,wordfreq:ja,wordfreq_seeded;deterministically_filtered;structurally_curated
ja,v1,2,1805,1833,腕,腕,腕,unknown,腕,wordfreq:ja,wordfreq_seeded;deterministically_filtered;structurally_curated
ja,v1,2,1806,1834,製造,製造,製造,unknown,製造,wordfreq:ja,wordfreq_seeded;deterministically_filtered;structurally_curated
ja,v1,2,1807,1835,詐欺,詐欺,詐欺,unknown,詐欺,wordfreq:ja,wordfreq_seeded;deterministically_filtered;structurally_curated
ja,v1,2,1808,1836,速,速,速,unknown,速,wordfreq:ja,wordfreq_seeded;deterministically_filtered;structurally_curated
ja,v1,2,1809,1837,魚,魚,魚,unknown,魚,wordfreq:ja,wordfreq_seeded;deterministically_filtered;structurally_curated
ja,v1,2,1810,1838,いわ,いわ,いわ,unknown,いわ,wordfreq:ja,wordfreq_seeded;deterministically_filtered;structurally_curated
ja,v1,2,1811,1839,すみません,すみません,すみません,unknown,すみません,wordfreq:ja,wordfreq_seeded;deterministically_filtered;structurally_curated
ja,v1,2,1812,1840,エッチ,エッチ,エッチ,unknown,エッチ,wordfreq:ja,wordfreq_seeded;deterministically_filtered;structurally_curated
ja,v1,2,1813,1841,エンジン,エンジン,エンジン,unknown,エンジン,wordfreq:ja,wordfreq_seeded;deterministically_filtered;structurally_curated
ja,v1,2,1814,1842,デビュー,デビュー,デビュー,unknown,デビュー,wordfreq:ja,wordfreq_seeded;deterministically_filtered;structurally_curated
ja,v1,2,1815,1843,ヤバ,ヤバ,ヤバ,unknown,ヤバ,wordfreq:ja,wordfreq_seeded;deterministically_filtered;structurally_curated
ja,v1,2,1816,1844,ワン,ワン,ワン,unknown,ワン,wordfreq:ja,wordfreq_seeded;deterministically_filtered;structurally_curated
ja,v1,2,1817,1845,人類,人類,人類,unknown,人類,wordfreq:ja,wordfreq_seeded;deterministically_filtered;structurally_curated
ja,v1,2,1818,1846,作成,作成,作成,unknown,作成,wordfreq:ja,wordfreq_seeded;deterministically_filtered;structurally_curated
ja,v1,2,1819,1847,内部,内部,内部,unknown,内部,wordfreq:ja,wordfreq_seeded;deterministically_filtered;structurally_curated
ja,v1,2,1820,1848,到着,到着,到着,unknown,到着,wordfreq:ja,wordfreq_seeded;deterministically_filtered;structurally_curated
ja,v1,2,1821,1849,収録,収録,収録,unknown,収録,wordfreq:ja,wordfreq_seeded;deterministically_filtered;structurally_curated
ja,v1,2,1822,1850,含む,含む,含む,unknown,含む,wordfreq:ja,wordfreq_seeded;deterministically_filtered;structurally_curated
ja,v1,2,1823,1851,固定,固定,固定,unknown,固定,wordfreq:ja,wordfreq_seeded;deterministically_filtered;structurally_curated
ja,v1,2,1824,1852,太郎,太郎,太郎,unknown,太郎,wordfreq:ja,wordfreq_seeded;deterministically_filtered;structurally_curated
ja,v1,2,1825,1853,始まる,始まる,始まる,unknown,始まる,wordfreq:ja,wordfreq_seeded;deterministically_filtered;structurally_curated
ja,v1,2,1826,1854,学園,学園,学園,unknown,学園,wordfreq:ja,wordfreq_seeded;deterministically_filtered;structurally_curated
ja,v1,2,1827,1855,守る,守る,守る,unknown,守る,wordfreq:ja,wordfreq_seeded;deterministically_filtered;structurally_curated
ja,v1,2,1828,1856,将来,将来,将来,unknown,将来,wordfreq:ja,wordfreq_seeded;deterministically_filtered;structurally_curated
ja,v1,2,1829,1857,手段,手段,手段,unknown,手段,wordfreq:ja,wordfreq_seeded;deterministically_filtered;structurally_curated
ja,v1,2,1830,1858,技,技,技,unknown,技,wordfreq:ja,wordfreq_seeded;deterministically_filtered;structurally_curated
ja,v1,2,1831,1859,指摘,指摘,指摘,unknown,指摘,wordfreq:ja,wordfreq_seeded;deterministically_filtered;structurally_curated
ja,v1,2,1832,1860,授業,授業,授業,unknown,授業,wordfreq:ja,wordfreq_seeded;deterministically_filtered;structurally_curated
ja,v1,2,1833,1861,末,末,末,unknown,末,wordfreq:ja,wordfreq_seeded;deterministically_filtered;structurally_curated
ja,v1,2,1834,1862,業,業,業,unknown,業,wordfreq:ja,wordfreq_seeded;deterministically_filtered;structurally_curated
ja,v1,2,1835,1863,楽天,楽天,楽天,unknown,楽天,wordfreq:ja,wordfreq_seeded;deterministically_filtered;structurally_curated
ja,v1,2,1836,1864,歩い,歩い,歩い,unknown,歩い,wordfreq:ja,wordfreq_seeded;deterministically_filtered;structurally_curated
ja,v1,2,1837,1865,死に,死に,死に,unknown,死に,wordfreq:ja,wordfreq_seeded;deterministically_filtered;structurally_curated
ja,v1,2,1838,1866,毛,毛,毛,unknown,毛,wordfreq:ja,wordfreq_seeded;deterministically_filtered;structurally_curated
ja,v1,2,1839,1867,確保,確保,確保,unknown,確保,wordfreq:ja,wordfreq_seeded;deterministically_filtered;structurally_curated
ja,v1,2,1840,1868,税,税,税,unknown,税,wordfreq:ja,wordfreq_seeded;deterministically_filtered;structurally_curated
ja,v1,2,1841,1869,腹,腹,腹,unknown,腹,wordfreq:ja,wordfreq_seeded;deterministically_filtered;structurally_curated
ja,v1,2,1842,1870,許さ,許さ,許さ,unknown,許さ,wordfreq:ja,wordfreq_seeded;deterministically_filtered;structurally_curated
ja,v1,2,1843,1871,詳しく,詳しく,詳しく,unknown,詳しく,wordfreq:ja,wordfreq_seeded;deterministically_filtered;structurally_curated
ja,v1,2,1844,1872,返し,返し,返し,unknown,返し,wordfreq:ja,wordfreq_seeded;deterministically_filtered;structurally_curated
ja,v1,2,1845,1873,連中,連中,連中,unknown,連中,wordfreq:ja,wordfreq_seeded;deterministically_filtered;structurally_curated
ja,v1,2,1846,1874,銃,銃,銃,unknown,銃,wordfreq:ja,wordfreq_seeded;deterministically_filtered;structurally_curated
ja,v1,2,1847,1875,開け,開け,開け,unknown,開け,wordfreq:ja,wordfreq_seeded;deterministically_filtered;structurally_curated
ja,v1,2,1848,1876,隣,隣,隣,unknown,隣,wordfreq:ja,wordfreq_seeded;deterministically_filtered;structurally_curated
ja,v1,2,1849,1877,集団,集団,集団,unknown,集団,wordfreq:ja,wordfreq_seeded;deterministically_filtered;structurally_curated
ja,v1,2,1850,1878,鳥,鳥,鳥,unknown,鳥,wordfreq:ja,wordfreq_seeded;deterministically_filtered;structurally_curated
ja,v1,2,1851,1879,line,line,line,unknown,line,wordfreq:ja,wordfreq_seeded;deterministically_filtered;structurally_curated
ja,v1,2,1852,1880,vs,vs,vs,unknown,vs,wordfreq:ja,wordfreq_seeded;deterministically_filtered;structurally_curated
ja,v1,2,1853,1882,げ,げ,げ,unknown,げ,wordfreq:ja,wordfreq_seeded;deterministically_filtered;structurally_curated
ja,v1,2,1854,1883,それで,それで,それで,unknown,それで,wordfreq:ja,wordfreq_seeded;deterministically_filtered;structurally_curated
ja,v1,2,1855,1884,たん,たん,たん,unknown,たん,wordfreq:ja,wordfreq_seeded;deterministically_filtered;structurally_curated
ja,v1,2,1856,1885,つき,つき,つき,unknown,つき,wordfreq:ja,wordfreq_seeded;deterministically_filtered;structurally_curated
ja,v1,2,1857,1886,まずは,まずは,まずは,unknown,まずは,wordfreq:ja,wordfreq_seeded;deterministically_filtered;structurally_curated
ja,v1,2,1858,1887,もしくは,もしくは,もしくは,unknown,もしくは,wordfreq:ja,wordfreq_seeded;deterministically_filtered;structurally_curated
ja,v1,2,1859,1888,クリア,クリア,クリア,unknown,クリア,wordfreq:ja,wordfreq_seeded;deterministically_filtered;structurally_curated
ja,v1,2,1860,1889,シングル,シングル,シングル,unknown,シングル,wordfreq:ja,wordfreq_seeded;deterministically_filtered;structurally_curated
ja,v1,2,1861,1890,フル,フル,フル,unknown,フル,wordfreq:ja,wordfreq_seeded;deterministically_filtered;structurally_curated
ja,v1,2,1862,1891,プロジェクト,プロジェクト,プロジェクト,unknown,プロジェクト,wordfreq:ja,wordfreq_seeded;deterministically_filtered;structurally_curated
ja,v1,2,1863,1892,ロボット,ロボット,ロボット,unknown,ロボット,wordfreq:ja,wordfreq_seeded;deterministically_filtered;structurally_curated
ja,v1,2,1864,1893,一覧,一覧,一覧,unknown,一覧,wordfreq:ja,wordfreq_seeded;deterministically_filtered;structurally_curated
ja,v1,2,1865,1894,上手く,上手く,上手く,unknown,上手く,wordfreq:ja,wordfreq_seeded;deterministically_filtered;structurally_curated
ja,v1,2,1866,1895,会員,会員,会員,unknown,会員,wordfreq:ja,wordfreq_seeded;deterministically_filtered;structurally_curated
ja,v1,2,1867,1896,便,便,便,unknown,便,wordfreq:ja,wordfreq_seeded;deterministically_filtered;structurally_curated
ja,v1,2,1868,1897,便利,便利,便利,unknown,便利,wordfreq:ja,wordfreq_seeded;deterministically_filtered;structurally_curated
ja,v1,2,1869,1898,信用,信用,信用,unknown,信用,wordfreq:ja,wordfreq_seeded;deterministically_filtered;structurally_curated
ja,v1,2,1870,1899,券,券,券,unknown,券,wordfreq:ja,wordfreq_seeded;deterministically_filtered;structurally_curated
ja,v1,2,1871,1900,困っ,困っ,困っ,unknown,困っ,wordfreq:ja,wordfreq_seeded;deterministically_filtered;structurally_curated
ja,v1,2,1872,1901,地獄,地獄,地獄,unknown,地獄,wordfreq:ja,wordfreq_seeded;deterministically_filtered;structurally_curated
ja,v1,2,1873,1902,始まり,始まり,始まり,unknown,始まり,wordfreq:ja,wordfreq_seeded;deterministically_filtered;structurally_curated
ja,v1,2,1874,1903,恋人,恋人,恋人,unknown,恋人,wordfreq:ja,wordfreq_seeded;deterministically_filtered;structurally_curated
ja,v1,2,1875,1904,捜査,捜査,捜査,unknown,捜査,wordfreq:ja,wordfreq_seeded;deterministically_filtered;structurally_curated
ja,v1,2,1876,1905,板,板,板,unknown,板,wordfreq:ja,wordfreq_seeded;deterministically_filtered;structurally_curated
ja,v1,2,1877,1906,歩,歩,歩,unknown,歩,wordfreq:ja,wordfreq_seeded;deterministically_filtered;structurally_curated
ja,v1,2,1878,1907,比較,比較,比較,unknown,比較,wordfreq:ja,wordfreq_seeded;deterministically_filtered;structurally_curated
ja,v1,2,1879,1908,派遣,派遣,派遣,unknown,派遣,wordfreq:ja,wordfreq_seeded;deterministically_filtered;structurally_curated
ja,v1,2,1880,1909,演奏,演奏,演奏,unknown,演奏,wordfreq:ja,wordfreq_seeded;deterministically_filtered;structurally_curated
ja,v1,2,1881,1910,父親,父親,父親,unknown,父親,wordfreq:ja,wordfreq_seeded;deterministically_filtered;structurally_curated
ja,v1,2,1882,1911,玉,玉,玉,unknown,玉,wordfreq:ja,wordfreq_seeded;deterministically_filtered;structurally_curated
ja,v1,2,1883,1912,病,病,病,unknown,病,wordfreq:ja,wordfreq_seeded;deterministically_filtered;structurally_curated
ja,v1,2,1884,1913,知れ,知れ,知れ,unknown,知れ,wordfreq:ja,wordfreq_seeded;deterministically_filtered;structurally_curated
ja,v1,2,1885,1914,社員,社員,社員,unknown,社員,wordfreq:ja,wordfreq_seeded;deterministically_filtered;structurally_curated
ja,v1,2,1886,1915,裁判,裁判,裁判,unknown,裁判,wordfreq:ja,wordfreq_seeded;deterministically_filtered;structurally_curated
ja,v1,2,1887,1916,証拠,証拠,証拠,unknown,証拠,wordfreq:ja,wordfreq_seeded;deterministically_filtered;structurally_curated
ja,v1,2,1888,1917,誌,誌,誌,unknown,誌,wordfreq:ja,wordfreq_seeded;deterministically_filtered;structurally_curated
ja,v1,2,1889,1918,調子,調子,調子,unknown,調子,wordfreq:ja,wordfreq_seeded;deterministically_filtered;structurally_curated
ja,v1,2,1890,1919,資金,資金,資金,unknown,資金,wordfreq:ja,wordfreq_seeded;deterministically_filtered;structurally_curated
ja,v1,2,1891,1920,選,選,選,unknown,選,wordfreq:ja,wordfreq_seeded;deterministically_filtered;structurally_curated
ja,v1,2,1892,1921,風呂,風呂,風呂,unknown,風呂,wordfreq:ja,wordfreq_seeded;deterministically_filtered;structurally_curated
ja,v1,2,1893,1922,go,go,go,unknown,go,wordfreq:ja,wordfreq_seeded;deterministically_filtered;structurally_curated
ja,v1,2,1894,1923,url,url,url,unknown,url,wordfreq:ja,wordfreq_seeded;deterministically_filtered;structurally_curated
ja,v1,2,1895,1924,あんな,あんな,あんな,unknown,あんな,wordfreq:ja,wordfreq_seeded;deterministically_filtered;structurally_curated
ja,v1,2,1896,1925,いろんな,いろんな,いろんな,unknown,いろんな,wordfreq:ja,wordfreq_seeded;deterministically_filtered;structurally_curated
ja,v1,2,1897,1926,すげ,すげ,すげ,unknown,すげ,wordfreq:ja,wordfreq_seeded;deterministically_filtered;structurally_curated
ja,v1,2,1898,1927,すん,すん,すん,unknown,すん,wordfreq:ja,wordfreq_seeded;deterministically_filtered;structurally_curated
ja,v1,2,1899,1928,とけ,とけ,とけ,unknown,とけ,wordfreq:ja,wordfreq_seeded;deterministically_filtered;structurally_curated
ja,v1,2,1900,1929,と共に,と共に,と共に,unknown,と共に,wordfreq:ja,wordfreq_seeded;deterministically_filtered;structurally_curated
ja,v1,2,1901,1930,なくなっ,なくなっ,なくなっ,unknown,なくなっ,wordfreq:ja,wordfreq_seeded;deterministically_filtered;structurally_curated
ja,v1,2,1902,1931,まくっ,まくっ,まくっ,unknown,まくっ,wordfreq:ja,wordfreq_seeded;deterministically_filtered;structurally_curated
ja,v1,2,1903,1932,まるで,まるで,まるで,unknown,まるで,wordfreq:ja,wordfreq_seeded;deterministically_filtered;structurally_curated
ja,v1,2,1904,1933,インターネット,インターネット,インターネット,unknown,インターネット,wordfreq:ja,wordfreq_seeded;deterministically_filtered;structurally_curated
ja,v1,2,1905,1934,タイ,タイ,タイ,unknown,タイ,wordfreq:ja,wordfreq_seeded;deterministically_filtered;structurally_curated
ja,v1,2,1906,1935,ダム,ダム,ダム,unknown,ダム,wordfreq:ja,wordfreq_seeded;deterministically_filtered;structurally_curated
ja,v1,2,1907,1936,パ,パ,パ,unknown,パ,wordfreq:ja,wordfreq_seeded;deterministically_filtered;structurally_curated
ja,v1,2,1908,1937,ビデオ,ビデオ,ビデオ,unknown,ビデオ,wordfreq:ja,wordfreq_seeded;deterministically_filtered;structurally_curated
ja,v1,2,1909,1938,ベスト,ベスト,ベスト,unknown,ベスト,wordfreq:ja,wordfreq_seeded;deterministically_filtered;structurally_curated
ja,v1,2,1910,1939,ホ,ホ,ホ,unknown,ホ,wordfreq:ja,wordfreq_seeded;deterministically_filtered;structurally_curated
ja,v1,2,1911,1940,ボタン,ボタン,ボタン,unknown,ボタン,wordfreq:ja,wordfreq_seeded;deterministically_filtered;structurally_curated
ja,v1,2,1912,1941,ミス,ミス,ミス,unknown,ミス,wordfreq:ja,wordfreq_seeded;deterministically_filtered;structurally_curated
ja,v1,2,1913,1942,モノ,モノ,モノ,unknown,モノ,wordfreq:ja,wordfreq_seeded;deterministically_filtered;structurally_curated
ja,v1,2,1914,1943,伝説,伝説,伝説,unknown,伝説,wordfreq:ja,wordfreq_seeded;deterministically_filtered;structurally_curated
ja,v1,2,1915,1944,修正,修正,修正,unknown,修正,wordfreq:ja,wordfreq_seeded;deterministically_filtered;structurally_curated
ja,v1,2,1916,1945,分析,分析,分析,unknown,分析,wordfreq:ja,wordfreq_seeded;deterministically_filtered;structurally_curated
ja,v1,2,1917,1946,初期,初期,初期,unknown,初期,wordfreq:ja,wordfreq_seeded;deterministically_filtered;structurally_curated
ja,v1,2,1918,1947,千葉,千葉,千葉,unknown,千葉,wordfreq:ja,wordfreq_seeded;deterministically_filtered;structurally_curated
ja,v1,2,1919,1948,居る,居る,居る,unknown,居る,wordfreq:ja,wordfreq_seeded;deterministically_filtered;structurally_curated
ja,v1,2,1920,1949,年度,年度,年度,unknown,年度,wordfreq:ja,wordfreq_seeded;deterministically_filtered;structurally_curated
ja,v1,2,1921,1950,強化,強化,強化,unknown,強化,wordfreq:ja,wordfreq_seeded;deterministically_filtered;structurally_curated
ja,v1,2,1922,1951,感想,感想,感想,unknown,感想,wordfreq:ja,wordfreq_seeded;deterministically_filtered;structurally_curated
ja,v1,2,1923,1952,感染,感染,感染,unknown,感染,wordfreq:ja,wordfreq_seeded;deterministically_filtered;structurally_curated
ja,v1,2,1924,1953,我々,我々,我々,unknown,我々,wordfreq:ja,wordfreq_seeded;deterministically_filtered;structurally_curated
ja,v1,2,1925,1954,掛け,掛け,掛け,unknown,掛け,wordfreq:ja,wordfreq_seeded;deterministically_filtered;structurally_curated
ja,v1,2,1926,1955,探す,探す,探す,unknown,探す,wordfreq:ja,wordfreq_seeded;deterministically_filtered;structurally_curated
ja,v1,2,1927,1956,書き,書き,書き,unknown,書き,wordfreq:ja,wordfreq_seeded;deterministically_filtered;structurally_curated
ja,v1,2,1928,1957,法人,法人,法人,unknown,法人,wordfreq:ja,wordfreq_seeded;deterministically_filtered;structurally_curated
ja,v1,2,1929,1958,深夜,深夜,深夜,unknown,深夜,wordfreq:ja,wordfreq_seeded;deterministically_filtered;structurally_curated
ja,v1,2,1930,1959,温泉,温泉,温泉,unknown,温泉,wordfreq:ja,wordfreq_seeded;deterministically_filtered;structurally_curated
ja,v1,2,1931,1960,無く,無く,無く,unknown,無く,wordfreq:ja,wordfreq_seeded;deterministically_filtered;structurally_curated
ja,v1,2,1932,1961,熱,熱,熱,unknown,熱,wordfreq:ja,wordfreq_seeded;deterministically_filtered;structurally_curated
ja,v1,2,1933,1962,画,画,画,unknown,画,wordfreq:ja,wordfreq_seeded;deterministically_filtered;structurally_curated
ja,v1,2,1934,1963,皆様,皆様,皆様,unknown,皆様,wordfreq:ja,wordfreq_seeded;deterministically_filtered;structurally_curated
ja,v1,2,1935,1964,範囲,範囲,範囲,unknown,範囲,wordfreq:ja,wordfreq_seeded;deterministically_filtered;structurally_curated
ja,v1,2,1936,1965,緑,緑,緑,unknown,緑,wordfreq:ja,wordfreq_seeded;deterministically_filtered;structurally_curated
ja,v1,2,1937,1966,自信,自信,自信,unknown,自信,wordfreq:ja,wordfreq_seeded;deterministically_filtered;structurally_curated
ja,v1,2,1938,1967,自動車,自動車,自動車,unknown,自動車,wordfreq:ja,wordfreq_seeded;deterministically_filtered;structurally_curated
ja,v1,2,1939,1968,自殺,自殺,自殺,unknown,自殺,wordfreq:ja,wordfreq_seeded;deterministically_filtered;structurally_curated
ja,v1,2,1940,1969,迷惑,迷惑,迷惑,unknown,迷惑,wordfreq:ja,wordfreq_seeded;deterministically_filtered;structurally_curated
ja,v1,2,1941,1970,運,運,運,unknown,運,wordfreq:ja,wordfreq_seeded;deterministically_filtered;structurally_curated
ja,v1,2,1942,1971,道路,道路,道路,unknown,道路,wordfreq:ja,wordfreq_seeded;deterministically_filtered;structurally_curated
ja,v1,2,1943,1972,達成,達成,達成,unknown,達成,wordfreq:ja,wordfreq_seeded;deterministically_filtered;structurally_curated
ja,v1,2,1944,1973,関西,関西,関西,unknown,関西,wordfreq:ja,wordfreq_seeded;deterministically_filtered;structurally_curated
ja,v1,2,1945,1974,live,live,live,unknown,live,wordfreq:ja,wordfreq_seeded;deterministically_filtered;structurally_curated
ja,v1,2,1946,1975,あいつ,あいつ,あいつ,unknown,あいつ,wordfreq:ja,wordfreq_seeded;deterministically_filtered;structurally_curated
ja,v1,2,1947,1976,おいしい,おいしい,おいしい,unknown,おいしい,wordfreq:ja,wordfreq_seeded;deterministically_filtered;structurally_curated
ja,v1,2,1948,1977,おすすめ,おすすめ,おすすめ,unknown,おすすめ,wordfreq:ja,wordfreq_seeded;deterministically_filtered;structurally_curated
ja,v1,2,1949,1978,そもそも,そもそも,そもそも,unknown,そもそも,wordfreq:ja,wordfreq_seeded;deterministically_filtered;structurally_curated
ja,v1,2,1950,1979,とい,とい,とい,unknown,とい,wordfreq:ja,wordfreq_seeded;deterministically_filtered;structurally_curated
ja,v1,2,1951,1980,とく,とく,とく,unknown,とく,wordfreq:ja,wordfreq_seeded;deterministically_filtered;structurally_curated
ja,v1,2,1952,1981,もう少し,もう少し,もう少し,unknown,もう少し,wordfreq:ja,wordfreq_seeded;deterministically_filtered;structurally_curated
ja,v1,2,1953,1982,よー,よー,よー,unknown,よー,wordfreq:ja,wordfreq_seeded;deterministically_filtered;structurally_curated
ja,v1,2,1954,1983,イン,イン,イン,unknown,イン,wordfreq:ja,wordfreq_seeded;deterministically_filtered;structurally_curated
ja,v1,2,1955,1984,キス,キス,キス,unknown,キス,wordfreq:ja,wordfreq_seeded;deterministically_filtered;structurally_curated
ja,v1,2,1956,1985,タイミング,タイミング,タイミング,unknown,タイミング,wordfreq:ja,wordfreq_seeded;deterministically_filtered;structurally_curated
ja,v1,2,1957,1986,ツイート,ツイート,ツイート,unknown,ツイート,wordfreq:ja,wordfreq_seeded;deterministically_filtered;structurally_curated
ja,v1,2,1958,1987,デジタル,デジタル,デジタル,unknown,デジタル,wordfreq:ja,wordfreq_seeded;deterministically_filtered;structurally_curated
ja,v1,2,1959,1988,デート,デート,デート,unknown,デート,wordfreq:ja,wordfreq_seeded;deterministically_filtered;structurally_curated
ja,v1,2,1960,1989,バイト,バイト,バイト,unknown,バイト,wordfreq:ja,wordfreq_seeded;deterministically_filtered;structurally_curated
ja,v1,2,1961,1990,パワー,パワー,パワー,unknown,パワー,wordfreq:ja,wordfreq_seeded;deterministically_filtered;structurally_curated
ja,v1,2,1962,1991,ビール,ビール,ビール,unknown,ビール,wordfreq:ja,wordfreq_seeded;deterministically_filtered;structurally_curated
ja,v1,2,1963,1992,与える,与える,与える,unknown,与える,wordfreq:ja,wordfreq_seeded;deterministically_filtered;structurally_curated
ja,v1,2,1964,1993,事前,事前,事前,unknown,事前,wordfreq:ja,wordfreq_seeded;deterministically_filtered;structurally_curated
ja,v1,2,1965,1994,出身,出身,出身,unknown,出身,wordfreq:ja,wordfreq_seeded;deterministically_filtered;structurally_curated
ja,v1,2,1966,1995,前回,前回,前回,unknown,前回,wordfreq:ja,wordfreq_seeded;deterministically_filtered;structurally_curated
ja,v1,2,1967,1996,劇場,劇場,劇場,unknown,劇場,wordfreq:ja,wordfreq_seeded;deterministically_filtered;structurally_curated
ja,v1,2,1968,1997,収入,収入,収入,unknown,収入,wordfreq:ja,wordfreq_seeded;deterministically_filtered;structurally_curated
ja,v1,2,1969,1998,向かっ,向かっ,向かっ,unknown,向かっ,wordfreq:ja,wordfreq_seeded;deterministically_filtered;structurally_curated
ja,v1,2,1970,1999,慣れ,慣れ,慣れ,unknown,慣れ,wordfreq:ja,wordfreq_seeded;deterministically_filtered;structurally_curated
ja,v1,2,1971,2000,投資,投資,投資,unknown,投資,wordfreq:ja,wordfreq_seeded;deterministically_filtered;structurally_curated
ja,v1,2,1972,2001,拡大,拡大,拡大,unknown,拡大,wordfreq:ja,wordfreq_seeded;deterministically_filtered;structurally_curated
ja,v1,2,1973,2002,改善,改善,改善,unknown,改善,wordfreq:ja,wordfreq_seeded;deterministically_filtered;structurally_curated
ja,v1,2,1974,2003,暮らし,暮らし,暮らし,unknown,暮らし,wordfreq:ja,wordfreq_seeded;deterministically_filtered;structurally_curated
ja,v1,2,1975,2004,書く,書く,書く,unknown,書く,wordfreq:ja,wordfreq_seeded;deterministically_filtered;structurally_curated
ja,v1,2,1976,2005,最低,最低,最低,unknown,最低,wordfreq:ja,wordfreq_seeded;deterministically_filtered;structurally_curated
ja,v1,2,1977,2006,歓迎,歓迎,歓迎,unknown,歓迎,wordfreq:ja,wordfreq_seeded;deterministically_filtered;structurally_curated
ja,v1,2,1978,2007,気軽,気軽,気軽,unknown,気軽,wordfreq:ja,wordfreq_seeded;deterministically_filtered;structurally_curated
ja,v1,2,1979,2008,済み,済み,済み,unknown,済み,wordfreq:ja,wordfreq_seeded;deterministically_filtered;structurally_curated
ja,v1,2,1980,2009,無かっ,無かっ,無かっ,unknown,無かっ,wordfreq:ja,wordfreq_seeded;deterministically_filtered;structurally_curated
ja,v1,2,1981,2010,現れ,現れ,現れ,unknown,現れ,wordfreq:ja,wordfreq_seeded;deterministically_filtered;structurally_curated
ja,v1,2,1982,2011,目指し,目指し,目指し,unknown,目指し,wordfreq:ja,wordfreq_seeded;deterministically_filtered;structurally_curated
ja,v1,2,1983,2012,窓,窓,窓,unknown,窓,wordfreq:ja,wordfreq_seeded;deterministically_filtered;structurally_curated
ja,v1,2,1984,2013,約束,約束,約束,unknown,約束,wordfreq:ja,wordfreq_seeded;deterministically_filtered;structurally_curated
ja,v1,2,1985,2014,自転車,自転車,自転車,unknown,自転車,wordfreq:ja,wordfreq_seeded;deterministically_filtered;structurally_curated
ja,v1,2,1986,2015,草,草,草,unknown,草,wordfreq:ja,wordfreq_seeded;deterministically_filtered;structurally_curated
ja,v1,2,1987,2016,落とし,落とし,落とし,unknown,落とし,wordfreq:ja,wordfreq_seeded;deterministically_filtered;structurally_curated
ja,v1,2,1988,2017,計算,計算,計算,unknown,計算,wordfreq:ja,wordfreq_seeded;deterministically_filtered;structurally_curated
ja,v1,2,1989,2018,訓練,訓練,訓練,unknown,訓練,wordfreq:ja,wordfreq_seeded;deterministically_filtered;structurally_curated
ja,v1,2,1990,2019,資料,資料,資料,unknown,資料,wordfreq:ja,wordfreq_seeded;deterministically_filtered;structurally_curated
ja,v1,2,1991,2020,連載,連載,連載,unknown,連載,wordfreq:ja,wordfreq_seeded;deterministically_filtered;structurally_curated
ja,v1,2,1992,2021,進化,進化,進化,unknown,進化,wordfreq:ja,wordfreq_seeded;deterministically_filtered;structurally_curated
ja,v1,2,1993,2022,院,院,院,unknown,院,wordfreq:ja,wordfreq_seeded;deterministically_filtered;structurally_curated
ja,v1,2,1994,2023,首相,首相,首相,unknown,首相,wordfreq:ja,wordfreq_seeded;deterministically_filtered;structurally_curated
ja,v1,2,1995,2024,かける,かける,かける,unknown,かける,wordfreq:ja,wordfreq_seeded;deterministically_filtered;structurally_curated
ja,v1,2,1996,2025,かつて,かつて,かつて,unknown,かつて,wordfreq:ja,wordfreq_seeded;deterministically_filtered;structurally_curated
ja,v1,2,1997,2026,そっち,そっち,そっち,unknown,そっち,wordfreq:ja,wordfreq_seeded;deterministically_filtered;structurally_curated
ja,v1,2,1998,2027,ついに,ついに,ついに,unknown,ついに,wordfreq:ja,wordfreq_seeded;deterministically_filtered;structurally_curated
ja,v1,2,1999,2028,はっきり,はっきり,はっきり,unknown,はっきり,wordfreq:ja,wordfreq_seeded;deterministically_filtered;structurally_curated
ja,v1,2,2000,2029,ひと,ひと,ひと,unknown,ひと,wordfreq:ja,wordfreq_seeded;deterministically_filtered;structurally_curated
ja,v1,3,2001,2030,まだまだ,まだまだ,まだまだ,unknown,まだまだ,wordfreq:ja,wordfreq_seeded;deterministically_filtered;structurally_curated
ja,v1,3,2002,2031,イカ,イカ,イカ,unknown,イカ,wordfreq:ja,wordfreq_seeded;deterministically_filtered;structurally_curated
ja,v1,3,2003,2032,イギリス,イギリス,イギリス,unknown,イギリス,wordfreq:ja,wordfreq_seeded;deterministically_filtered;structurally_curated
ja,v1,3,2004,2033,オリンピック,オリンピック,オリンピック,unknown,オリンピック,wordfreq:ja,wordfreq_seeded;deterministically_filtered;structurally_curated
ja,v1,3,2005,2034,ブランド,ブランド,ブランド,unknown,ブランド,wordfreq:ja,wordfreq_seeded;deterministically_filtered;structurally_curated
ja,v1,3,2006,2035,一切,一切,一切,unknown,一切,wordfreq:ja,wordfreq_seeded;deterministically_filtered;structurally_curated
ja,v1,3,2007,2036,七,七,七,unknown,七,wordfreq:ja,wordfreq_seeded;deterministically_filtered;structurally_curated
ja,v1,3,2008,2037,不足,不足,不足,unknown,不足,wordfreq:ja,wordfreq_seeded;deterministically_filtered;structurally_curated
ja,v1,3,2009,2038,世紀,世紀,世紀,unknown,世紀,wordfreq:ja,wordfreq_seeded;deterministically_filtered;structurally_curated
ja,v1,3,2010,2039,両,両,両,unknown,両,wordfreq:ja,wordfreq_seeded;deterministically_filtered;structurally_curated
ja,v1,3,2011,2040,久しぶり,久しぶり,久しぶり,unknown,久しぶり,wordfreq:ja,wordfreq_seeded;deterministically_filtered;structurally_curated
ja,v1,3,2012,2041,事態,事態,事態,unknown,事態,wordfreq:ja,wordfreq_seeded;deterministically_filtered;structurally_curated
ja,v1,3,2013,2042,以内,以内,以内,unknown,以内,wordfreq:ja,wordfreq_seeded;deterministically_filtered;structurally_curated
ja,v1,3,2014,2043,何で,何で,何で,unknown,何で,wordfreq:ja,wordfreq_seeded;deterministically_filtered;structurally_curated
ja,v1,3,2015,2044,候補,候補,候補,unknown,候補,wordfreq:ja,wordfreq_seeded;deterministically_filtered;structurally_curated
ja,v1,3,2016,2045,六,六,六,unknown,六,wordfreq:ja,wordfreq_seeded;deterministically_filtered;structurally_curated
ja,v1,3,2017,2046,原作,原作,原作,unknown,原作,wordfreq:ja,wordfreq_seeded;deterministically_filtered;structurally_curated
ja,v1,3,2018,2047,合う,合う,合う,unknown,合う,wordfreq:ja,wordfreq_seeded;deterministically_filtered;structurally_curated
ja,v1,3,2019,2048,変える,変える,変える,unknown,変える,wordfreq:ja,wordfreq_seeded;deterministically_filtered;structurally_curated
ja,v1,3,2020,2049,好み,好み,好み,unknown,好み,wordfreq:ja,wordfreq_seeded;deterministically_filtered;structurally_curated
ja,v1,3,2021,2050,押し,押し,押し,unknown,押し,wordfreq:ja,wordfreq_seeded;deterministically_filtered;structurally_curated
ja,v1,3,2022,2051,掃除,掃除,掃除,unknown,掃除,wordfreq:ja,wordfreq_seeded;deterministically_filtered;structurally_curated
ja,v1,3,2023,2052,接続,接続,接続,unknown,接続,wordfreq:ja,wordfreq_seeded;deterministically_filtered;structurally_curated
ja,v1,3,2024,2053,教師,教師,教師,unknown,教師,wordfreq:ja,wordfreq_seeded;deterministically_filtered;structurally_curated
ja,v1,3,2025,2054,日常,日常,日常,unknown,日常,wordfreq:ja,wordfreq_seeded;deterministically_filtered;structurally_curated
ja,v1,3,2026,2055,省,省,省,unknown,省,wordfreq:ja,wordfreq_seeded;deterministically_filtered;structurally_curated
ja,v1,3,2027,2056,確定,確定,確定,unknown,確定,wordfreq:ja,wordfreq_seeded;deterministically_filtered;structurally_curated
ja,v1,3,2028,2057,空間,空間,空間,unknown,空間,wordfreq:ja,wordfreq_seeded;deterministically_filtered;structurally_curated
ja,v1,3,2029,2058,立ち,立ち,立ち,unknown,立ち,wordfreq:ja,wordfreq_seeded;deterministically_filtered;structurally_curated
ja,v1,3,2030,2059,筋,筋,筋,unknown,筋,wordfreq:ja,wordfreq_seeded;deterministically_filtered;structurally_curated
ja,v1,3,2031,2060,職場,職場,職場,unknown,職場,wordfreq:ja,wordfreq_seeded;deterministically_filtered;structurally_curated
ja,v1,3,2032,2061,興奮,興奮,興奮,unknown,興奮,wordfreq:ja,wordfreq_seeded;deterministically_filtered;structurally_curated
ja,v1,3,2033,2062,規制,規制,規制,unknown,規制,wordfreq:ja,wordfreq_seeded;deterministically_filtered;structurally_curated
ja,v1,3,2034,2063,説,説,説,unknown,説,wordfreq:ja,wordfreq_seeded;deterministically_filtered;structurally_curated
ja,v1,3,2035,2064,辛い,辛い,辛い,unknown,辛い,wordfreq:ja,wordfreq_seeded;deterministically_filtered;structurally_curated
ja,v1,3,2036,2065,進ん,進ん,進ん,unknown,進ん,wordfreq:ja,wordfreq_seeded;deterministically_filtered;structurally_curated
ja,v1,3,2037,2066,遅れ,遅れ,遅れ,unknown,遅れ,wordfreq:ja,wordfreq_seeded;deterministically_filtered;structurally_curated
ja,v1,3,2038,2067,at,at,at,unknown,at,wordfreq:ja,wordfreq_seeded;deterministically_filtered;structurally_curated
ja,v1,3,2039,2068,km,km,km,unknown,km,wordfreq:ja,wordfreq_seeded;deterministically_filtered;structurally_curated
ja,v1,3,2040,2069,なんとか,なんとか,なんとか,unknown,なんとか,wordfreq:ja,wordfreq_seeded;deterministically_filtered;structurally_curated
ja,v1,3,2041,2070,ひとり,ひとり,ひとり,unknown,ひとり,wordfreq:ja,wordfreq_seeded;deterministically_filtered;structurally_curated
ja,v1,3,2042,2071,ぶっ,ぶっ,ぶっ,unknown,ぶっ,wordfreq:ja,wordfreq_seeded;deterministically_filtered;structurally_curated
ja,v1,3,2043,2072,カバー,カバー,カバー,unknown,カバー,wordfreq:ja,wordfreq_seeded;deterministically_filtered;structurally_curated
ja,v1,3,2044,2073,キャンペーン,キャンペーン,キャンペーン,unknown,キャンペーン,wordfreq:ja,wordfreq_seeded;deterministically_filtered;structurally_curated
ja,v1,3,2045,2074,シーズン,シーズン,シーズン,unknown,シーズン,wordfreq:ja,wordfreq_seeded;deterministically_filtered;structurally_curated
ja,v1,3,2046,2075,ストレス,ストレス,ストレス,unknown,ストレス,wordfreq:ja,wordfreq_seeded;deterministically_filtered;structurally_curated
ja,v1,3,2047,2076,ドラゴン,ドラゴン,ドラゴン,unknown,ドラゴン,wordfreq:ja,wordfreq_seeded;deterministically_filtered;structurally_curated
ja,v1,3,2048,2077,パソコン,パソコン,パソコン,unknown,パソコン,wordfreq:ja,wordfreq_seeded;deterministically_filtered;structurally_curated
ja,v1,3,2049,2078,ブラ,ブラ,ブラ,unknown,ブラ,wordfreq:ja,wordfreq_seeded;deterministically_filtered;structurally_curated
ja,v1,3,2050,2079,ホーム,ホーム,ホーム,unknown,ホーム,wordfreq:ja,wordfreq_seeded;deterministically_filtered;structurally_curated
ja,v1,3,2051,2080,ボス,ボス,ボス,unknown,ボス,wordfreq:ja,wordfreq_seeded;deterministically_filtered;structurally_curated
ja,v1,3,2052,2081,ヤツ,ヤツ,ヤツ,unknown,ヤツ,wordfreq:ja,wordfreq_seeded;deterministically_filtered;structurally_curated
ja,v1,3,2053,2082,ライト,ライト,ライト,unknown,ライト,wordfreq:ja,wordfreq_seeded;deterministically_filtered;structurally_curated
ja,v1,3,2054,2083,交渉,交渉,交渉,unknown,交渉,wordfreq:ja,wordfreq_seeded;deterministically_filtered;structurally_curated
ja,v1,3,2055,2084,住民,住民,住民,unknown,住民,wordfreq:ja,wordfreq_seeded;deterministically_filtered;structurally_curated
ja,v1,3,2056,2085,再び,再び,再び,unknown,再び,wordfreq:ja,wordfreq_seeded;deterministically_filtered;structurally_curated
ja,v1,3,2057,2086,合っ,合っ,合っ,unknown,合っ,wordfreq:ja,wordfreq_seeded;deterministically_filtered;structurally_curated
ja,v1,3,2058,2087,噂,噂,噂,unknown,噂,wordfreq:ja,wordfreq_seeded;deterministically_filtered;structurally_curated
ja,v1,3,2059,2088,天使,天使,天使,unknown,天使,wordfreq:ja,wordfreq_seeded;deterministically_filtered;structurally_curated
ja,v1,3,2060,2089,実,実,実,unknown,実,wordfreq:ja,wordfreq_seeded;deterministically_filtered;structurally_curated
ja,v1,3,2061,2090,小学校,小学校,小学校,unknown,小学校,wordfreq:ja,wordfreq_seeded;deterministically_filtered;structurally_curated
ja,v1,3,2062,2091,展示,展示,展示,unknown,展示,wordfreq:ja,wordfreq_seeded;deterministically_filtered;structurally_curated
ja,v1,3,2063,2092,後半,後半,後半,unknown,後半,wordfreq:ja,wordfreq_seeded;deterministically_filtered;structurally_curated
ja,v1,3,2064,2093,所有,所有,所有,unknown,所有,wordfreq:ja,wordfreq_seeded;deterministically_filtered;structurally_curated
ja,v1,3,2065,2094,抜け,抜け,抜け,unknown,抜け,wordfreq:ja,wordfreq_seeded;deterministically_filtered;structurally_curated
ja,v1,3,2066,2095,搭載,搭載,搭載,unknown,搭載,wordfreq:ja,wordfreq_seeded;deterministically_filtered;structurally_curated
ja,v1,3,2067,2096,新作,新作,新作,unknown,新作,wordfreq:ja,wordfreq_seeded;deterministically_filtered;structurally_curated
ja,v1,3,2068,2097,最悪,最悪,最悪,unknown,最悪,wordfreq:ja,wordfreq_seeded;deterministically_filtered;structurally_curated
ja,v1,3,2069,2098,模様,模様,模様,unknown,模様,wordfreq:ja,wordfreq_seeded;deterministically_filtered;structurally_curated
ja,v1,3,2070,2099,殺さ,殺さ,殺さ,unknown,殺さ,wordfreq:ja,wordfreq_seeded;deterministically_filtered;structurally_curated
ja,v1,3,2071,2100,産業,産業,産業,unknown,産業,wordfreq:ja,wordfreq_seeded;deterministically_filtered;structurally_curated
ja,v1,3,2072,2101,祭り,祭り,祭り,unknown,祭り,wordfreq:ja,wordfreq_seeded;deterministically_filtered;structurally_curated
ja,v1,3,2073,2102,細胞,細胞,細胞,unknown,細胞,wordfreq:ja,wordfreq_seeded;deterministically_filtered;structurally_curated
ja,v1,3,2074,2103,肌,肌,肌,unknown,肌,wordfreq:ja,wordfreq_seeded;deterministically_filtered;structurally_curated
ja,v1,3,2075,2104,背景,背景,背景,unknown,背景,wordfreq:ja,wordfreq_seeded;deterministically_filtered;structurally_curated
ja,v1,3,2076,2105,行,行,行,unknown,行,wordfreq:ja,wordfreq_seeded;deterministically_filtered;structurally_curated
ja,v1,3,2077,2106,言語,言語,言語,unknown,言語,wordfreq:ja,wordfreq_seeded;deterministically_filtered;structurally_curated
ja,v1,3,2078,2107,質,質,質,unknown,質,wordfreq:ja,wordfreq_seeded;deterministically_filtered;structurally_curated
ja,v1,3,2079,2108,近所,近所,近所,unknown,近所,wordfreq:ja,wordfreq_seeded;deterministically_filtered;structurally_curated
ja,v1,3,2080,2109,閲覧,閲覧,閲覧,unknown,閲覧,wordfreq:ja,wordfreq_seeded;deterministically_filtered;structurally_curated
ja,v1,3,2081,2110,ps,ps,ps,unknown,ps,wordfreq:ja,wordfreq_seeded;deterministically_filtered;structurally_curated
ja,v1,3,2082,2111,あん,あん,あん,unknown,あん,wordfreq:ja,wordfreq_seeded;deterministically_filtered;structurally_curated
ja,v1,3,2083,2112,あんまり,あんまり,あんまり,unknown,あんまり,wordfreq:ja,wordfreq_seeded;deterministically_filtered;structurally_curated
ja,v1,3,2084,2113,おじさん,おじさん,おじさん,unknown,おじさん,wordfreq:ja,wordfreq_seeded;deterministically_filtered;structurally_curated
ja,v1,3,2085,2114,ころ,ころ,ころ,unknown,ころ,wordfreq:ja,wordfreq_seeded;deterministically_filtered;structurally_curated
ja,v1,3,2086,2115,ちん,ちん,ちん,unknown,ちん,wordfreq:ja,wordfreq_seeded;deterministically_filtered;structurally_curated
ja,v1,3,2087,2116,むしろ,むしろ,むしろ,unknown,むしろ,wordfreq:ja,wordfreq_seeded;deterministically_filtered;structurally_curated
ja,v1,3,2088,2117,オススメ,オススメ,オススメ,unknown,オススメ,wordfreq:ja,wordfreq_seeded;deterministically_filtered;structurally_curated
ja,v1,3,2089,2118,ゴミ,ゴミ,ゴミ,unknown,ゴミ,wordfreq:ja,wordfreq_seeded;deterministically_filtered;structurally_curated
ja,v1,3,2090,2119,トラック,トラック,トラック,unknown,トラック,wordfreq:ja,wordfreq_seeded;deterministically_filtered;structurally_curated
ja,v1,3,2091,2120,ドン,ドン,ドン,unknown,ドン,wordfreq:ja,wordfreq_seeded;deterministically_filtered;structurally_curated
ja,v1,3,2092,2121,ポ,ポ,ポ,unknown,ポ,wordfreq:ja,wordfreq_seeded;deterministically_filtered;structurally_curated
ja,v1,3,2093,2122,モード,モード,モード,unknown,モード,wordfreq:ja,wordfreq_seeded;deterministically_filtered;structurally_curated
ja,v1,3,2094,2123,ロ,ロ,ロ,unknown,ロ,wordfreq:ja,wordfreq_seeded;deterministically_filtered;structurally_curated
ja,v1,3,2095,2124,伝統,伝統,伝統,unknown,伝統,wordfreq:ja,wordfreq_seeded;deterministically_filtered;structurally_curated
ja,v1,3,2096,2125,優先,優先,優先,unknown,優先,wordfreq:ja,wordfreq_seeded;deterministically_filtered;structurally_curated
ja,v1,3,2097,2126,先輩,先輩,先輩,unknown,先輩,wordfreq:ja,wordfreq_seeded;deterministically_filtered;structurally_curated
ja,v1,3,2098,2127,党,党,党,unknown,党,wordfreq:ja,wordfreq_seeded;deterministically_filtered;structurally_curated
ja,v1,3,2099,2128,処分,処分,処分,unknown,処分,wordfreq:ja,wordfreq_seeded;deterministically_filtered;structurally_curated
ja,v1,3,2100,2129,分野,分野,分野,unknown,分野,wordfreq:ja,wordfreq_seeded;deterministically_filtered;structurally_curated
ja,v1,3,2101,2130,医師,医師,医師,unknown,医師,wordfreq:ja,wordfreq_seeded;deterministically_filtered;structurally_curated
ja,v1,3,2102,2131,図,図,図,unknown,図,wordfreq:ja,wordfreq_seeded;deterministically_filtered;structurally_curated
ja,v1,3,2103,2132,宗教,宗教,宗教,unknown,宗教,wordfreq:ja,wordfreq_seeded;deterministically_filtered;structurally_curated
ja,v1,3,2104,2133,寝る,寝る,寝る,unknown,寝る,wordfreq:ja,wordfreq_seeded;deterministically_filtered;structurally_curated
ja,v1,3,2105,2134,巨大,巨大,巨大,unknown,巨大,wordfreq:ja,wordfreq_seeded;deterministically_filtered;structurally_curated
ja,v1,3,2106,2135,投げ,投げ,投げ,unknown,投げ,wordfreq:ja,wordfreq_seeded;deterministically_filtered;structurally_curated
ja,v1,3,2107,2136,持た,持た,持た,unknown,持た,wordfreq:ja,wordfreq_seeded;deterministically_filtered;structurally_curated
ja,v1,3,2108,2137,最強,最強,最強,unknown,最強,wordfreq:ja,wordfreq_seeded;deterministically_filtered;structurally_curated
ja,v1,3,2109,2138,渋谷,渋谷,渋谷,unknown,渋谷,wordfreq:ja,wordfreq_seeded;deterministically_filtered;structurally_curated
ja,v1,3,2110,2139,生命,生命,生命,unknown,生命,wordfreq:ja,wordfreq_seeded;deterministically_filtered;structurally_curated
ja,v1,3,2111,2140,男女,男女,男女,unknown,男女,wordfreq:ja,wordfreq_seeded;deterministically_filtered;structurally_curated
ja,v1,3,2112,2141,示し,示し,示し,unknown,示し,wordfreq:ja,wordfreq_seeded;deterministically_filtered;structurally_curated
ja,v1,3,2113,2142,緊急,緊急,緊急,unknown,緊急,wordfreq:ja,wordfreq_seeded;deterministically_filtered;structurally_curated
ja,v1,3,2114,2143,許可,許可,許可,unknown,許可,wordfreq:ja,wordfreq_seeded;deterministically_filtered;structurally_curated
ja,v1,3,2115,2144,通っ,通っ,通っ,unknown,通っ,wordfreq:ja,wordfreq_seeded;deterministically_filtered;structurally_curated
ja,v1,3,2116,2145,靴,靴,靴,unknown,靴,wordfreq:ja,wordfreq_seeded;deterministically_filtered;structurally_curated
ja,v1,3,2117,2146,高速,高速,高速,unknown,高速,wordfreq:ja,wordfreq_seeded;deterministically_filtered;structurally_curated
ja,v1,3,2118,2147,鬼,鬼,鬼,unknown,鬼,wordfreq:ja,wordfreq_seeded;deterministically_filtered;structurally_curated
ja,v1,3,2119,2149,あろ,あろ,あろ,unknown,あろ,wordfreq:ja,wordfreq_seeded;deterministically_filtered;structurally_curated
ja,v1,3,2120,2150,いける,いける,いける,unknown,いける,wordfreq:ja,wordfreq_seeded;deterministically_filtered;structurally_curated
ja,v1,3,2121,2151,うまい,うまい,うまい,unknown,うまい,wordfreq:ja,wordfreq_seeded;deterministically_filtered;structurally_curated
ja,v1,3,2122,2152,うーん,うーん,うーん,unknown,うーん,wordfreq:ja,wordfreq_seeded;deterministically_filtered;structurally_curated
ja,v1,3,2123,2153,ご覧,ご覧,ご覧,unknown,ご覧,wordfreq:ja,wordfreq_seeded;deterministically_filtered;structurally_curated
ja,v1,3,2124,2154,たった,たった,たった,unknown,たった,wordfreq:ja,wordfreq_seeded;deterministically_filtered;structurally_curated
ja,v1,3,2125,2155,だれ,だれ,だれ,unknown,だれ,wordfreq:ja,wordfreq_seeded;deterministically_filtered;structurally_curated
ja,v1,3,2126,2156,どうも,どうも,どうも,unknown,どうも,wordfreq:ja,wordfreq_seeded;deterministically_filtered;structurally_curated
ja,v1,3,2127,2157,やすく,やすく,やすく,unknown,やすく,wordfreq:ja,wordfreq_seeded;deterministically_filtered;structurally_curated
ja,v1,3,2128,2158,キロ,キロ,キロ,unknown,キロ,wordfreq:ja,wordfreq_seeded;deterministically_filtered;structurally_curated
ja,v1,3,2129,2159,テロ,テロ,テロ,unknown,テロ,wordfreq:ja,wordfreq_seeded;deterministically_filtered;structurally_curated
ja,v1,3,2130,2160,ニューヨーク,ニューヨーク,ニューヨーク,unknown,ニューヨーク,wordfreq:ja,wordfreq_seeded;deterministically_filtered;structurally_curated
ja,v1,3,2131,2161,ヒット,ヒット,ヒット,unknown,ヒット,wordfreq:ja,wordfreq_seeded;deterministically_filtered;structurally_curated
ja,v1,3,2132,2162,リスク,リスク,リスク,unknown,リスク,wordfreq:ja,wordfreq_seeded;deterministically_filtered;structurally_curated
ja,v1,3,2133,2163,ロー,ロー,ロー,unknown,ロー,wordfreq:ja,wordfreq_seeded;deterministically_filtered;structurally_curated
ja,v1,3,2134,2164,中身,中身,中身,unknown,中身,wordfreq:ja,wordfreq_seeded;deterministically_filtered;structurally_curated
ja,v1,3,2135,2165,事情,事情,事情,unknown,事情,wordfreq:ja,wordfreq_seeded;deterministically_filtered;structurally_curated
ja,v1,3,2136,2166,交流,交流,交流,unknown,交流,wordfreq:ja,wordfreq_seeded;deterministically_filtered;structurally_curated
ja,v1,3,2137,2167,人口,人口,人口,unknown,人口,wordfreq:ja,wordfreq_seeded;deterministically_filtered;structurally_curated
ja,v1,3,2138,2168,共,共,共,unknown,共,wordfreq:ja,wordfreq_seeded;deterministically_filtered;structurally_curated
ja,v1,3,2139,2169,利益,利益,利益,unknown,利益,wordfreq:ja,wordfreq_seeded;deterministically_filtered;structurally_curated
ja,v1,3,2140,2170,受け入れ,受け入れ,受け入れ,unknown,受け入れ,wordfreq:ja,wordfreq_seeded;deterministically_filtered;structurally_curated
ja,v1,3,2141,2171,地下,地下,地下,unknown,地下,wordfreq:ja,wordfreq_seeded;deterministically_filtered;structurally_curated
ja,v1,3,2142,2172,大臣,大臣,大臣,unknown,大臣,wordfreq:ja,wordfreq_seeded;deterministically_filtered;structurally_curated
ja,v1,3,2143,2173,宣伝,宣伝,宣伝,unknown,宣伝,wordfreq:ja,wordfreq_seeded;deterministically_filtered;structurally_curated
ja,v1,3,2144,2174,小学生,小学生,小学生,unknown,小学生,wordfreq:ja,wordfreq_seeded;deterministically_filtered;structurally_curated
ja,v1,3,2145,2175,帰る,帰る,帰る,unknown,帰る,wordfreq:ja,wordfreq_seeded;deterministically_filtered;structurally_curated
ja,v1,3,2146,2176,建設,建設,建設,unknown,建設,wordfreq:ja,wordfreq_seeded;deterministically_filtered;structurally_curated
ja,v1,3,2147,2177,当たり前,当たり前,当たり前,unknown,当たり前,wordfreq:ja,wordfreq_seeded;deterministically_filtered;structurally_curated
ja,v1,3,2148,2178,本日,本日,本日,unknown,本日,wordfreq:ja,wordfreq_seeded;deterministically_filtered;structurally_curated
ja,v1,3,2149,2179,正確,正確,正確,unknown,正確,wordfreq:ja,wordfreq_seeded;deterministically_filtered;structurally_curated
ja,v1,3,2150,2180,減っ,減っ,減っ,unknown,減っ,wordfreq:ja,wordfreq_seeded;deterministically_filtered;structurally_curated
ja,v1,3,2151,2181,物質,物質,物質,unknown,物質,wordfreq:ja,wordfreq_seeded;deterministically_filtered;structurally_curated
ja,v1,3,2152,2182,獲得,獲得,獲得,unknown,獲得,wordfreq:ja,wordfreq_seeded;deterministically_filtered;structurally_curated
ja,v1,3,2153,2183,痛み,痛み,痛み,unknown,痛み,wordfreq:ja,wordfreq_seeded;deterministically_filtered;structurally_curated
ja,v1,3,2154,2184,相,相,相,unknown,相,wordfreq:ja,wordfreq_seeded;deterministically_filtered;structurally_curated
ja,v1,3,2155,2185,記者,記者,記者,unknown,記者,wordfreq:ja,wordfreq_seeded;deterministically_filtered;structurally_curated
ja,v1,3,2156,2186,認定,認定,認定,unknown,認定,wordfreq:ja,wordfreq_seeded;deterministically_filtered;structurally_curated
ja,v1,3,2157,2187,調整,調整,調整,unknown,調整,wordfreq:ja,wordfreq_seeded;deterministically_filtered;structurally_curated
ja,v1,3,2158,2188,過ぎる,過ぎる,過ぎる,unknown,過ぎる,wordfreq:ja,wordfreq_seeded;deterministically_filtered;structurally_curated
ja,v1,3,2159,2189,電,電,電,unknown,電,wordfreq:ja,wordfreq_seeded;deterministically_filtered;structurally_curated
ja,v1,3,2160,2190,me,me,me,unknown,me,wordfreq:ja,wordfreq_seeded;deterministically_filtered;structurally_curated
ja,v1,3,2161,2191,あまりに,あまりに,あまりに,unknown,あまりに,wordfreq:ja,wordfreq_seeded;deterministically_filtered;structurally_curated
ja,v1,3,2162,2192,いきなり,いきなり,いきなり,unknown,いきなり,wordfreq:ja,wordfreq_seeded;deterministically_filtered;structurally_curated
ja,v1,3,2163,2193,お腹,お腹,お腹,unknown,お腹,wordfreq:ja,wordfreq_seeded;deterministically_filtered;structurally_curated
ja,v1,3,2164,2194,くそ,くそ,くそ,unknown,くそ,wordfreq:ja,wordfreq_seeded;deterministically_filtered;structurally_curated
ja,v1,3,2165,2195,びっくり,びっくり,びっくり,unknown,びっくり,wordfreq:ja,wordfreq_seeded;deterministically_filtered;structurally_curated
ja,v1,3,2166,2196,めっちゃ,めっちゃ,めっちゃ,unknown,めっちゃ,wordfreq:ja,wordfreq_seeded;deterministically_filtered;structurally_curated
ja,v1,3,2167,2197,ゆ,ゆ,ゆ,unknown,ゆ,wordfreq:ja,wordfreq_seeded;deterministically_filtered;structurally_curated
ja,v1,3,2168,2198,インタビュー,インタビュー,インタビュー,unknown,インタビュー,wordfreq:ja,wordfreq_seeded;deterministically_filtered;structurally_curated
ja,v1,3,2169,2199,ダイエット,ダイエット,ダイエット,unknown,ダイエット,wordfreq:ja,wordfreq_seeded;deterministically_filtered;structurally_curated
ja,v1,3,2170,2200,パーティー,パーティー,パーティー,unknown,パーティー,wordfreq:ja,wordfreq_seeded;deterministically_filtered;structurally_curated
ja,v1,3,2171,2201,ワロタ,ワロタ,ワロタ,unknown,ワロタ,wordfreq:ja,wordfreq_seeded;deterministically_filtered;structurally_curated
ja,v1,3,2172,2202,世,世,世,unknown,世,wordfreq:ja,wordfreq_seeded;deterministically_filtered;structurally_curated
ja,v1,3,2173,2203,住宅,住宅,住宅,unknown,住宅,wordfreq:ja,wordfreq_seeded;deterministically_filtered;structurally_curated
ja,v1,3,2174,2204,優しい,優しい,優しい,unknown,優しい,wordfreq:ja,wordfreq_seeded;deterministically_filtered;structurally_curated
ja,v1,3,2175,2205,副,副,副,unknown,副,wordfreq:ja,wordfreq_seeded;deterministically_filtered;structurally_curated
ja,v1,3,2176,2206,単位,単位,単位,unknown,単位,wordfreq:ja,wordfreq_seeded;deterministically_filtered;structurally_curated
ja,v1,3,2177,2207,増加,増加,増加,unknown,増加,wordfreq:ja,wordfreq_seeded;deterministically_filtered;structurally_curated
ja,v1,3,2178,2208,少なくとも,少なくとも,少なくとも,unknown,少なくとも,wordfreq:ja,wordfreq_seeded;deterministically_filtered;structurally_curated
ja,v1,3,2179,2209,届け,届け,届け,unknown,届け,wordfreq:ja,wordfreq_seeded;deterministically_filtered;structurally_curated
ja,v1,3,2180,2210,建築,建築,建築,unknown,建築,wordfreq:ja,wordfreq_seeded;deterministically_filtered;structurally_curated
ja,v1,3,2181,2211,心理,心理,心理,unknown,心理,wordfreq:ja,wordfreq_seeded;deterministically_filtered;structurally_curated
ja,v1,3,2182,2212,手術,手術,手術,unknown,手術,wordfreq:ja,wordfreq_seeded;deterministically_filtered;structurally_curated
ja,v1,3,2183,2213,書籍,書籍,書籍,unknown,書籍,wordfreq:ja,wordfreq_seeded;deterministically_filtered;structurally_curated
ja,v1,3,2184,2214,株,株,株,unknown,株,wordfreq:ja,wordfreq_seeded;deterministically_filtered;structurally_curated
ja,v1,3,2185,2215,楽しく,楽しく,楽しく,unknown,楽しく,wordfreq:ja,wordfreq_seeded;deterministically_filtered;structurally_curated
ja,v1,3,2186,2216,次元,次元,次元,unknown,次元,wordfreq:ja,wordfreq_seeded;deterministically_filtered;structurally_curated
ja,v1,3,2187,2217,求める,求める,求める,unknown,求める,wordfreq:ja,wordfreq_seeded;deterministically_filtered;structurally_curated
ja,v1,3,2188,2218,深い,深い,深い,unknown,深い,wordfreq:ja,wordfreq_seeded;deterministically_filtered;structurally_curated
ja,v1,3,2189,2219,無視,無視,無視,unknown,無視,wordfreq:ja,wordfreq_seeded;deterministically_filtered;structurally_curated
ja,v1,3,2190,2220,状,状,状,unknown,状,wordfreq:ja,wordfreq_seeded;deterministically_filtered;structurally_curated
ja,v1,3,2191,2221,生きる,生きる,生きる,unknown,生きる,wordfreq:ja,wordfreq_seeded;deterministically_filtered;structurally_curated
ja,v1,3,2192,2222,章,章,章,unknown,章,wordfreq:ja,wordfreq_seeded;deterministically_filtered;structurally_curated
ja,v1,3,2193,2223,笑顔,笑顔,笑顔,unknown,笑顔,wordfreq:ja,wordfreq_seeded;deterministically_filtered;structurally_curated
ja,v1,3,2194,2224,継続,継続,継続,unknown,継続,wordfreq:ja,wordfreq_seeded;deterministically_filtered;structurally_curated
ja,v1,3,2195,2225,美人,美人,美人,unknown,美人,wordfreq:ja,wordfreq_seeded;deterministically_filtered;structurally_curated
ja,v1,3,2196,2226,角,角,角,unknown,角,wordfreq:ja,wordfreq_seeded;deterministically_filtered;structurally_curated
ja,v1,3,2197,2227,触れ,触れ,触れ,unknown,触れ,wordfreq:ja,wordfreq_seeded;deterministically_filtered;structurally_curated
ja,v1,3,2198,2228,諦め,諦め,諦め,unknown,諦め,wordfreq:ja,wordfreq_seeded;deterministically_filtered;structurally_curated
ja,v1,3,2199,2229,議論,議論,議論,unknown,議論,wordfreq:ja,wordfreq_seeded;deterministically_filtered;structurally_curated
ja,v1,3,2200,2230,資格,資格,資格,unknown,資格,wordfreq:ja,wordfreq_seeded;deterministically_filtered;structurally_curated
ja,v1,3,2201,2231,運用,運用,運用,unknown,運用,wordfreq:ja,wordfreq_seeded;deterministically_filtered;structurally_curated
ja,v1,3,2202,2232,邪魔,邪魔,邪魔,unknown,邪魔,wordfreq:ja,wordfreq_seeded;deterministically_filtered;structurally_curated
ja,v1,3,2203,2233,部隊,部隊,部隊,unknown,部隊,wordfreq:ja,wordfreq_seeded;deterministically_filtered;structurally_curated
ja,v1,3,2204,2234,銀,銀,銀,unknown,銀,wordfreq:ja,wordfreq_seeded;deterministically_filtered;structurally_curated
ja,v1,3,2205,2235,間違え,間違え,間違え,unknown,間違え,wordfreq:ja,wordfreq_seeded;deterministically_filtered;structurally_curated
ja,v1,3,2206,2236,限ら,限ら,限ら,unknown,限ら,wordfreq:ja,wordfreq_seeded;deterministically_filtered;structurally_curated
ja,v1,3,2207,2237,隠し,隠し,隠し,unknown,隠し,wordfreq:ja,wordfreq_seeded;deterministically_filtered;structurally_curated
ja,v1,3,2208,2238,額,額,額,unknown,額,wordfreq:ja,wordfreq_seeded;deterministically_filtered;structurally_curated
ja,v1,3,2209,2239,駄目,駄目,駄目,unknown,駄目,wordfreq:ja,wordfreq_seeded;deterministically_filtered;structurally_curated
ja,v1,3,2210,2240,龍,龍,龍,unknown,龍,wordfreq:ja,wordfreq_seeded;deterministically_filtered;structurally_curated
ja,v1,3,2211,2241,or,or,or,unknown,or,wordfreq:ja,wordfreq_seeded;deterministically_filtered;structurally_curated
ja,v1,3,2212,2242,そば,そば,そば,unknown,そば,wordfreq:ja,wordfreq_seeded;deterministically_filtered;structurally_curated
ja,v1,3,2213,2243,っす,っす,っす,unknown,っす,wordfreq:ja,wordfreq_seeded;deterministically_filtered;structurally_curated
ja,v1,3,2214,2244,ほ,ほ,ほ,unknown,ほ,wordfreq:ja,wordfreq_seeded;deterministically_filtered;structurally_curated
ja,v1,3,2215,2245,ぽ,ぽ,ぽ,unknown,ぽ,wordfreq:ja,wordfreq_seeded;deterministically_filtered;structurally_curated
ja,v1,3,2216,2246,エリア,エリア,エリア,unknown,エリア,wordfreq:ja,wordfreq_seeded;deterministically_filtered;structurally_curated
ja,v1,3,2217,2247,ガ,ガ,ガ,unknown,ガ,wordfreq:ja,wordfreq_seeded;deterministically_filtered;structurally_curated
ja,v1,3,2218,2248,コス,コス,コス,unknown,コス,wordfreq:ja,wordfreq_seeded;deterministically_filtered;structurally_curated
ja,v1,3,2219,2249,サポート,サポート,サポート,unknown,サポート,wordfreq:ja,wordfreq_seeded;deterministically_filtered;structurally_curated
ja,v1,3,2220,2250,ショー,ショー,ショー,unknown,ショー,wordfreq:ja,wordfreq_seeded;deterministically_filtered;structurally_curated
ja,v1,3,2221,2251,バランス,バランス,バランス,unknown,バランス,wordfreq:ja,wordfreq_seeded;deterministically_filtered;structurally_curated
ja,v1,3,2222,2252,レッド,レッド,レッド,unknown,レッド,wordfreq:ja,wordfreq_seeded;deterministically_filtered;structurally_curated
ja,v1,3,2223,2253,両方,両方,両方,unknown,両方,wordfreq:ja,wordfreq_seeded;deterministically_filtered;structurally_curated
ja,v1,3,2224,2254,中止,中止,中止,unknown,中止,wordfreq:ja,wordfreq_seeded;deterministically_filtered;structurally_curated
ja,v1,3,2225,2255,優秀,優秀,優秀,unknown,優秀,wordfreq:ja,wordfreq_seeded;deterministically_filtered;structurally_curated
ja,v1,3,2226,2256,出会っ,出会っ,出会っ,unknown,出会っ,wordfreq:ja,wordfreq_seeded;deterministically_filtered;structurally_curated
ja,v1,3,2227,2257,出版,出版,出版,unknown,出版,wordfreq:ja,wordfreq_seeded;deterministically_filtered;structurally_curated
ja,v1,3,2228,2258,分け,分け,分け,unknown,分け,wordfreq:ja,wordfreq_seeded;deterministically_filtered;structurally_curated
ja,v1,3,2229,2259,卵,卵,卵,unknown,卵,wordfreq:ja,wordfreq_seeded;deterministically_filtered;structurally_curated
ja,v1,3,2230,2260,厳しい,厳しい,厳しい,unknown,厳しい,wordfreq:ja,wordfreq_seeded;deterministically_filtered;structurally_curated
ja,v1,3,2231,2261,台湾,台湾,台湾,unknown,台湾,wordfreq:ja,wordfreq_seeded;deterministically_filtered;structurally_curated
ja,v1,3,2232,2262,和,和,和,unknown,和,wordfreq:ja,wordfreq_seeded;deterministically_filtered;structurally_curated
ja,v1,3,2233,2263,埼玉,埼玉,埼玉,unknown,埼玉,wordfreq:ja,wordfreq_seeded;deterministically_filtered;structurally_curated
ja,v1,3,2234,2264,壊れ,壊れ,壊れ,unknown,壊れ,wordfreq:ja,wordfreq_seeded;deterministically_filtered;structurally_curated
ja,v1,3,2235,2265,太陽,太陽,太陽,unknown,太陽,wordfreq:ja,wordfreq_seeded;deterministically_filtered;structurally_curated
ja,v1,3,2236,2266,府,府,府,unknown,府,wordfreq:ja,wordfreq_seeded;deterministically_filtered;structurally_curated
ja,v1,3,2237,2267,座,座,座,unknown,座,wordfreq:ja,wordfreq_seeded;deterministically_filtered;structurally_curated
ja,v1,3,2238,2268,弱い,弱い,弱い,unknown,弱い,wordfreq:ja,wordfreq_seeded;deterministically_filtered;structurally_curated
ja,v1,3,2239,2269,得意,得意,得意,unknown,得意,wordfreq:ja,wordfreq_seeded;deterministically_filtered;structurally_curated
ja,v1,3,2240,2270,思い出,思い出,思い出,unknown,思い出,wordfreq:ja,wordfreq_seeded;deterministically_filtered;structurally_curated
ja,v1,3,2241,2271,悪魔,悪魔,悪魔,unknown,悪魔,wordfreq:ja,wordfreq_seeded;deterministically_filtered;structurally_curated
ja,v1,3,2242,2272,新規,新規,新規,unknown,新規,wordfreq:ja,wordfreq_seeded;deterministically_filtered;structurally_curated
ja,v1,3,2243,2273,核,核,核,unknown,核,wordfreq:ja,wordfreq_seeded;deterministically_filtered;structurally_curated
ja,v1,3,2244,2274,業者,業者,業者,unknown,業者,wordfreq:ja,wordfreq_seeded;deterministically_filtered;structurally_curated
ja,v1,3,2245,2275,残る,残る,残る,unknown,残る,wordfreq:ja,wordfreq_seeded;deterministically_filtered;structurally_curated
ja,v1,3,2246,2276,演出,演出,演出,unknown,演出,wordfreq:ja,wordfreq_seeded;deterministically_filtered;structurally_curated
ja,v1,3,2247,2277,牛,牛,牛,unknown,牛,wordfreq:ja,wordfreq_seeded;deterministically_filtered;structurally_curated
ja,v1,3,2248,2278,発展,発展,発展,unknown,発展,wordfreq:ja,wordfreq_seeded;deterministically_filtered;structurally_curated
ja,v1,3,2249,2279,翻訳,翻訳,翻訳,unknown,翻訳,wordfreq:ja,wordfreq_seeded;deterministically_filtered;structurally_curated
ja,v1,3,2250,2280,記載,記載,記載,unknown,記載,wordfreq:ja,wordfreq_seeded;deterministically_filtered;structurally_curated
ja,v1,3,2251,2281,話す,話す,話す,unknown,話す,wordfreq:ja,wordfreq_seeded;deterministically_filtered;structurally_curated
ja,v1,3,2252,2282,語っ,語っ,語っ,unknown,語っ,wordfreq:ja,wordfreq_seeded;deterministically_filtered;structurally_curated
ja,v1,3,2253,2283,送料,送料,送料,unknown,送料,wordfreq:ja,wordfreq_seeded;deterministically_filtered;structurally_curated
ja,v1,3,2254,2284,速度,速度,速度,unknown,速度,wordfreq:ja,wordfreq_seeded;deterministically_filtered;structurally_curated
ja,v1,3,2255,2285,遊ん,遊ん,遊ん,unknown,遊ん,wordfreq:ja,wordfreq_seeded;deterministically_filtered;structurally_curated
ja,v1,3,2256,2286,過ごし,過ごし,過ごし,unknown,過ごし,wordfreq:ja,wordfreq_seeded;deterministically_filtered;structurally_curated
ja,v1,3,2257,2287,選ば,選ば,選ば,unknown,選ば,wordfreq:ja,wordfreq_seeded;deterministically_filtered;structurally_curated
ja,v1,3,2258,2288,飛ん,飛ん,飛ん,unknown,飛ん,wordfreq:ja,wordfreq_seeded;deterministically_filtered;structurally_curated
ja,v1,3,2259,2290,japan,japan,japan,unknown,japan,wordfreq:ja,wordfreq_seeded;deterministically_filtered;structurally_curated
ja,v1,3,2260,2291,love,love,love,unknown,love,wordfreq:ja,wordfreq_seeded;deterministically_filtered;structurally_curated
ja,v1,3,2261,2292,あぁ,あぁ,あぁ,unknown,あぁ,wordfreq:ja,wordfreq_seeded;deterministically_filtered;structurally_curated
ja,v1,3,2262,2293,あたし,あたし,あたし,unknown,あたし,wordfreq:ja,wordfreq_seeded;deterministically_filtered;structurally_curated
ja,v1,3,2263,2294,では,では,では,unknown,では,wordfreq:ja,wordfreq_seeded;deterministically_filtered;structurally_curated
ja,v1,3,2264,2295,みなさん,みなさん,みなさん,unknown,みなさん,wordfreq:ja,wordfreq_seeded;deterministically_filtered;structurally_curated
ja,v1,3,2265,2296,アジア,アジア,アジア,unknown,アジア,wordfreq:ja,wordfreq_seeded;deterministically_filtered;structurally_curated
ja,v1,3,2266,2297,カレー,カレー,カレー,unknown,カレー,wordfreq:ja,wordfreq_seeded;deterministically_filtered;structurally_curated
ja,v1,3,2267,2298,チン,チン,チン,unknown,チン,wordfreq:ja,wordfreq_seeded;deterministically_filtered;structurally_curated
ja,v1,3,2268,2299,ブルー,ブルー,ブルー,unknown,ブルー,wordfreq:ja,wordfreq_seeded;deterministically_filtered;structurally_curated
ja,v1,3,2269,2300,マスター,マスター,マスター,unknown,マスター,wordfreq:ja,wordfreq_seeded;deterministically_filtered;structurally_curated
ja,v1,3,2270,2301,マンガ,マンガ,マンガ,unknown,マンガ,wordfreq:ja,wordfreq_seeded;deterministically_filtered;structurally_curated
ja,v1,3,2271,2302,二つ,二つ,二つ,unknown,二つ,wordfreq:ja,wordfreq_seeded;deterministically_filtered;structurally_curated
ja,v1,3,2272,2303,任せ,任せ,任せ,unknown,任せ,wordfreq:ja,wordfreq_seeded;deterministically_filtered;structurally_curated
ja,v1,3,2273,2304,何故,何故,何故,unknown,何故,wordfreq:ja,wordfreq_seeded;deterministically_filtered;structurally_curated
ja,v1,3,2274,2305,使い方,使い方,使い方,unknown,使い方,wordfreq:ja,wordfreq_seeded;deterministically_filtered;structurally_curated
ja,v1,3,2275,2306,傾向,傾向,傾向,unknown,傾向,wordfreq:ja,wordfreq_seeded;deterministically_filtered;structurally_curated
ja,v1,3,2276,2307,働く,働く,働く,unknown,働く,wordfreq:ja,wordfreq_seeded;deterministically_filtered;structurally_curated
ja,v1,3,2277,2308,初め,初め,初め,unknown,初め,wordfreq:ja,wordfreq_seeded;deterministically_filtered;structurally_curated
ja,v1,3,2278,2309,制御,制御,制御,unknown,制御,wordfreq:ja,wordfreq_seeded;deterministically_filtered;structurally_curated
ja,v1,3,2279,2310,前後,前後,前後,unknown,前後,wordfreq:ja,wordfreq_seeded;deterministically_filtered;structurally_curated
ja,v1,3,2280,2311,午前,午前,午前,unknown,午前,wordfreq:ja,wordfreq_seeded;deterministically_filtered;structurally_curated
ja,v1,3,2281,2312,喜ん,喜ん,喜ん,unknown,喜ん,wordfreq:ja,wordfreq_seeded;deterministically_filtered;structurally_curated
ja,v1,3,2282,2313,圏,圏,圏,unknown,圏,wordfreq:ja,wordfreq_seeded;deterministically_filtered;structurally_curated
ja,v1,3,2283,2314,大型,大型,大型,unknown,大型,wordfreq:ja,wordfreq_seeded;deterministically_filtered;structurally_curated
ja,v1,3,2284,2315,巨人,巨人,巨人,unknown,巨人,wordfreq:ja,wordfreq_seeded;deterministically_filtered;structurally_curated
ja,v1,3,2285,2316,抵抗,抵抗,抵抗,unknown,抵抗,wordfreq:ja,wordfreq_seeded;deterministically_filtered;structurally_curated
ja,v1,3,2286,2317,撮っ,撮っ,撮っ,unknown,撮っ,wordfreq:ja,wordfreq_seeded;deterministically_filtered;structurally_curated
ja,v1,3,2287,2318,毎年,毎年,毎年,unknown,毎年,wordfreq:ja,wordfreq_seeded;deterministically_filtered;structurally_curated
ja,v1,3,2288,2319,比,比,比,unknown,比,wordfreq:ja,wordfreq_seeded;deterministically_filtered;structurally_curated
ja,v1,3,2289,2320,王子,王子,王子,unknown,王子,wordfreq:ja,wordfreq_seeded;deterministically_filtered;structurally_curated
ja,v1,3,2290,2321,疑問,疑問,疑問,unknown,疑問,wordfreq:ja,wordfreq_seeded;deterministically_filtered;structurally_curated
ja,v1,3,2291,2322,神奈川,神奈川,神奈川,unknown,神奈川,wordfreq:ja,wordfreq_seeded;deterministically_filtered;structurally_curated
ja,v1,3,2292,2323,程,程,程,unknown,程,wordfreq:ja,wordfreq_seeded;deterministically_filtered;structurally_curated
ja,v1,3,2293,2324,経,経,経,unknown,経,wordfreq:ja,wordfreq_seeded;deterministically_filtered;structurally_curated
ja,v1,3,2294,2325,繰り返し,繰り返し,繰り返し,unknown,繰り返し,wordfreq:ja,wordfreq_seeded;deterministically_filtered;structurally_curated
ja,v1,3,2295,2326,聞こえ,聞こえ,聞こえ,unknown,聞こえ,wordfreq:ja,wordfreq_seeded;deterministically_filtered;structurally_curated
ja,v1,3,2296,2327,自宅,自宅,自宅,unknown,自宅,wordfreq:ja,wordfreq_seeded;deterministically_filtered;structurally_curated
ja,v1,3,2297,2328,臭い,臭い,臭い,unknown,臭い,wordfreq:ja,wordfreq_seeded;deterministically_filtered;structurally_curated
ja,v1,3,2298,2329,苦手,苦手,苦手,unknown,苦手,wordfreq:ja,wordfreq_seeded;deterministically_filtered;structurally_curated
ja,v1,3,2299,2330,走っ,走っ,走っ,unknown,走っ,wordfreq:ja,wordfreq_seeded;deterministically_filtered;structurally_curated
ja,v1,3,2300,2331,述べ,述べ,述べ,unknown,述べ,wordfreq:ja,wordfreq_seeded;deterministically_filtered;structurally_curated
ja,v1,3,2301,2332,選ぶ,選ぶ,選ぶ,unknown,選ぶ,wordfreq:ja,wordfreq_seeded;deterministically_filtered;structurally_curated
ja,v1,3,2302,2333,避け,避け,避け,unknown,避け,wordfreq:ja,wordfreq_seeded;deterministically_filtered;structurally_curated
ja,v1,3,2303,2334,魔,魔,魔,unknown,魔,wordfreq:ja,wordfreq_seeded;deterministically_filtered;structurally_curated
ja,v1,3,2304,2335,鼻,鼻,鼻,unknown,鼻,wordfreq:ja,wordfreq_seeded;deterministically_filtered;structurally_curated
ja,v1,3,2305,2336,be,be,be,unknown,be,wordfreq:ja,wordfreq_seeded;deterministically_filtered;structurally_curated
ja,v1,3,2306,2337,new,new,new,unknown,new,wordfreq:ja,wordfreq_seeded;deterministically_filtered;structurally_curated
ja,v1,3,2307,2338,だが,だが,だが,unknown,だが,wordfreq:ja,wordfreq_seeded;deterministically_filtered;structurally_curated
ja,v1,3,2308,2339,に対し,に対し,に対し,unknown,に対し,wordfreq:ja,wordfreq_seeded;deterministically_filtered;structurally_curated
ja,v1,3,2309,2340,やり方,やり方,やり方,unknown,やり方,wordfreq:ja,wordfreq_seeded;deterministically_filtered;structurally_curated
ja,v1,3,2310,2341,オンライン,オンライン,オンライン,unknown,オンライン,wordfreq:ja,wordfreq_seeded;deterministically_filtered;structurally_curated
ja,v1,3,2311,2342,スト,スト,スト,unknown,スト,wordfreq:ja,wordfreq_seeded;deterministically_filtered;structurally_curated
ja,v1,3,2312,2343,ノー,ノー,ノー,unknown,ノー,wordfreq:ja,wordfreq_seeded;deterministically_filtered;structurally_curated
ja,v1,3,2313,2344,バイク,バイク,バイク,unknown,バイク,wordfreq:ja,wordfreq_seeded;deterministically_filtered;structurally_curated
ja,v1,3,2314,2345,バージョン,バージョン,バージョン,unknown,バージョン,wordfreq:ja,wordfreq_seeded;deterministically_filtered;structurally_curated
ja,v1,3,2315,2346,ミニ,ミニ,ミニ,unknown,ミニ,wordfreq:ja,wordfreq_seeded;deterministically_filtered;structurally_curated
ja,v1,3,2316,2347,リーダー,リーダー,リーダー,unknown,リーダー,wordfreq:ja,wordfreq_seeded;deterministically_filtered;structurally_curated
ja,v1,3,2317,2348,体制,体制,体制,unknown,体制,wordfreq:ja,wordfreq_seeded;deterministically_filtered;structurally_curated
ja,v1,3,2318,2349,兵器,兵器,兵器,unknown,兵器,wordfreq:ja,wordfreq_seeded;deterministically_filtered;structurally_curated
ja,v1,3,2319,2350,出せ,出せ,出せ,unknown,出せ,wordfreq:ja,wordfreq_seeded;deterministically_filtered;structurally_curated
ja,v1,3,2320,2351,危機,危機,危機,unknown,危機,wordfreq:ja,wordfreq_seeded;deterministically_filtered;structurally_curated
ja,v1,3,2321,2352,即,即,即,unknown,即,wordfreq:ja,wordfreq_seeded;deterministically_filtered;structurally_curated
ja,v1,3,2322,2353,妄想,妄想,妄想,unknown,妄想,wordfreq:ja,wordfreq_seeded;deterministically_filtered;structurally_curated
ja,v1,3,2323,2354,安く,安く,安く,unknown,安く,wordfreq:ja,wordfreq_seeded;deterministically_filtered;structurally_curated
ja,v1,3,2324,2355,山田,山田,山田,unknown,山田,wordfreq:ja,wordfreq_seeded;deterministically_filtered;structurally_curated
ja,v1,3,2325,2356,当たり,当たり,当たり,unknown,当たり,wordfreq:ja,wordfreq_seeded;deterministically_filtered;structurally_curated
ja,v1,3,2326,2357,待ち,待ち,待ち,unknown,待ち,wordfreq:ja,wordfreq_seeded;deterministically_filtered;structurally_curated
ja,v1,3,2327,2358,悲しい,悲しい,悲しい,unknown,悲しい,wordfreq:ja,wordfreq_seeded;deterministically_filtered;structurally_curated
ja,v1,3,2328,2359,撮り,撮り,撮り,unknown,撮り,wordfreq:ja,wordfreq_seeded;deterministically_filtered;structurally_curated
ja,v1,3,2329,2360,段,段,段,unknown,段,wordfreq:ja,wordfreq_seeded;deterministically_filtered;structurally_curated
ja,v1,3,2330,2361,注文,注文,注文,unknown,注文,wordfreq:ja,wordfreq_seeded;deterministically_filtered;structurally_curated
ja,v1,3,2331,2362,独自,独自,独自,unknown,独自,wordfreq:ja,wordfreq_seeded;deterministically_filtered;structurally_curated
ja,v1,3,2332,2363,生物,生物,生物,unknown,生物,wordfreq:ja,wordfreq_seeded;deterministically_filtered;structurally_curated
ja,v1,3,2333,2364,産,産,産,unknown,産,wordfreq:ja,wordfreq_seeded;deterministically_filtered;structurally_curated
ja,v1,3,2334,2365,発行,発行,発行,unknown,発行,wordfreq:ja,wordfreq_seeded;deterministically_filtered;structurally_curated
ja,v1,3,2335,2366,監視,監視,監視,unknown,監視,wordfreq:ja,wordfreq_seeded;deterministically_filtered;structurally_curated
ja,v1,3,2336,2367,目指す,目指す,目指す,unknown,目指す,wordfreq:ja,wordfreq_seeded;deterministically_filtered;structurally_curated
ja,v1,3,2337,2368,確率,確率,確率,unknown,確率,wordfreq:ja,wordfreq_seeded;deterministically_filtered;structurally_curated
ja,v1,3,2338,2369,神経,神経,神経,unknown,神経,wordfreq:ja,wordfreq_seeded;deterministically_filtered;structurally_curated
ja,v1,3,2339,2370,職,職,職,unknown,職,wordfreq:ja,wordfreq_seeded;deterministically_filtered;structurally_curated
ja,v1,3,2340,2371,診断,診断,診断,unknown,診断,wordfreq:ja,wordfreq_seeded;deterministically_filtered;structurally_curated
ja,v1,3,2341,2372,身長,身長,身長,unknown,身長,wordfreq:ja,wordfreq_seeded;deterministically_filtered;structurally_curated
ja,v1,3,2342,2373,野菜,野菜,野菜,unknown,野菜,wordfreq:ja,wordfreq_seeded;deterministically_filtered;structurally_curated
ja,v1,3,2343,2374,防衛,防衛,防衛,unknown,防衛,wordfreq:ja,wordfreq_seeded;deterministically_filtered;structurally_curated
ja,v1,3,2344,2375,いただい,いただい,いただい,unknown,いただい,wordfreq:ja,wordfreq_seeded;deterministically_filtered;structurally_curated
ja,v1,3,2345,2376,おまえ,おまえ,おまえ,unknown,おまえ,wordfreq:ja,wordfreq_seeded;deterministically_filtered;structurally_curated
ja,v1,3,2346,2377,お母さん,お母さん,お母さん,unknown,お母さん,wordfreq:ja,wordfreq_seeded;deterministically_filtered;structurally_curated
ja,v1,3,2347,2378,がる,がる,がる,unknown,がる,wordfreq:ja,wordfreq_seeded;deterministically_filtered;structurally_curated
ja,v1,3,2348,2379,きっかけ,きっかけ,きっかけ,unknown,きっかけ,wordfreq:ja,wordfreq_seeded;deterministically_filtered;structurally_curated
ja,v1,3,2349,2380,くせ,くせ,くせ,unknown,くせ,wordfreq:ja,wordfreq_seeded;deterministically_filtered;structurally_curated
ja,v1,3,2350,2381,さぁ,さぁ,さぁ,unknown,さぁ,wordfreq:ja,wordfreq_seeded;deterministically_filtered;structurally_curated
ja,v1,3,2351,2382,だらけ,だらけ,だらけ,unknown,だらけ,wordfreq:ja,wordfreq_seeded;deterministically_filtered;structurally_curated
ja,v1,3,2352,2383,イタリア,イタリア,イタリア,unknown,イタリア,wordfreq:ja,wordfreq_seeded;deterministically_filtered;structurally_curated
ja,v1,3,2353,2384,ケーキ,ケーキ,ケーキ,unknown,ケーキ,wordfreq:ja,wordfreq_seeded;deterministically_filtered;structurally_curated
ja,v1,3,2354,2385,コンビニ,コンビニ,コンビニ,unknown,コンビニ,wordfreq:ja,wordfreq_seeded;deterministically_filtered;structurally_curated
ja,v1,3,2355,2386,スーツ,スーツ,スーツ,unknown,スーツ,wordfreq:ja,wordfreq_seeded;deterministically_filtered;structurally_curated
ja,v1,3,2356,2387,ドア,ドア,ドア,unknown,ドア,wordfreq:ja,wordfreq_seeded;deterministically_filtered;structurally_curated
ja,v1,3,2357,2388,ワイン,ワイン,ワイン,unknown,ワイン,wordfreq:ja,wordfreq_seeded;deterministically_filtered;structurally_curated
ja,v1,3,2358,2389,上手,上手,上手,unknown,上手,wordfreq:ja,wordfreq_seeded;deterministically_filtered;structurally_curated
ja,v1,3,2359,2390,乳,乳,乳,unknown,乳,wordfreq:ja,wordfreq_seeded;deterministically_filtered;structurally_curated
ja,v1,3,2360,2391,共通,共通,共通,unknown,共通,wordfreq:ja,wordfreq_seeded;deterministically_filtered;structurally_curated
ja,v1,3,2361,2392,具体,具体,具体,unknown,具体,wordfreq:ja,wordfreq_seeded;deterministically_filtered;structurally_curated
ja,v1,3,2362,2393,別れ,別れ,別れ,unknown,別れ,wordfreq:ja,wordfreq_seeded;deterministically_filtered;structurally_curated
ja,v1,3,2363,2394,動い,動い,動い,unknown,動い,wordfreq:ja,wordfreq_seeded;deterministically_filtered;structurally_curated
ja,v1,3,2364,2395,動く,動く,動く,unknown,動く,wordfreq:ja,wordfreq_seeded;deterministically_filtered;structurally_curated
ja,v1,3,2365,2396,勝っ,勝っ,勝っ,unknown,勝っ,wordfreq:ja,wordfreq_seeded;deterministically_filtered;structurally_curated
ja,v1,3,2366,2397,台風,台風,台風,unknown,台風,wordfreq:ja,wordfreq_seeded;deterministically_filtered;structurally_curated
ja,v1,3,2367,2398,否定,否定,否定,unknown,否定,wordfreq:ja,wordfreq_seeded;deterministically_filtered;structurally_curated
ja,v1,3,2368,2399,回転,回転,回転,unknown,回転,wordfreq:ja,wordfreq_seeded;deterministically_filtered;structurally_curated
ja,v1,3,2369,2400,塩,塩,塩,unknown,塩,wordfreq:ja,wordfreq_seeded;deterministically_filtered;structurally_curated
ja,v1,3,2370,2401,多かっ,多かっ,多かっ,unknown,多かっ,wordfreq:ja,wordfreq_seeded;deterministically_filtered;structurally_curated
ja,v1,3,2371,2402,将軍,将軍,将軍,unknown,将軍,wordfreq:ja,wordfreq_seeded;deterministically_filtered;structurally_curated
ja,v1,3,2372,2403,少なく,少なく,少なく,unknown,少なく,wordfreq:ja,wordfreq_seeded;deterministically_filtered;structurally_curated
ja,v1,3,2373,2404,崩壊,崩壊,崩壊,unknown,崩壊,wordfreq:ja,wordfreq_seeded;deterministically_filtered;structurally_curated
ja,v1,3,2374,2405,強制,強制,強制,unknown,強制,wordfreq:ja,wordfreq_seeded;deterministically_filtered;structurally_curated
ja,v1,3,2375,2406,当選,当選,当選,unknown,当選,wordfreq:ja,wordfreq_seeded;deterministically_filtered;structurally_curated
ja,v1,3,2376,2407,感動,感動,感動,unknown,感動,wordfreq:ja,wordfreq_seeded;deterministically_filtered;structurally_curated
ja,v1,3,2377,2408,憲法,憲法,憲法,unknown,憲法,wordfreq:ja,wordfreq_seeded;deterministically_filtered;structurally_curated
ja,v1,3,2378,2409,指示,指示,指示,unknown,指示,wordfreq:ja,wordfreq_seeded;deterministically_filtered;structurally_curated
ja,v1,3,2379,2410,教会,教会,教会,unknown,教会,wordfreq:ja,wordfreq_seeded;deterministically_filtered;structurally_curated
ja,v1,3,2380,2411,本格,本格,本格,unknown,本格,wordfreq:ja,wordfreq_seeded;deterministically_filtered;structurally_curated
ja,v1,3,2381,2412,橋,橋,橋,unknown,橋,wordfreq:ja,wordfreq_seeded;deterministically_filtered;structurally_curated
ja,v1,3,2382,2413,歯,歯,歯,unknown,歯,wordfreq:ja,wordfreq_seeded;deterministically_filtered;structurally_curated
ja,v1,3,2383,2414,汗,汗,汗,unknown,汗,wordfreq:ja,wordfreq_seeded;deterministically_filtered;structurally_curated
ja,v1,3,2384,2415,涙,涙,涙,unknown,涙,wordfreq:ja,wordfreq_seeded;deterministically_filtered;structurally_curated
ja,v1,3,2385,2416,炎,炎,炎,unknown,炎,wordfreq:ja,wordfreq_seeded;deterministically_filtered;structurally_curated
ja,v1,3,2386,2417,特殊,特殊,特殊,unknown,特殊,wordfreq:ja,wordfreq_seeded;deterministically_filtered;structurally_curated
ja,v1,3,2387,2418,現地,現地,現地,unknown,現地,wordfreq:ja,wordfreq_seeded;deterministically_filtered;structurally_curated
ja,v1,3,2388,2419,神戸,神戸,神戸,unknown,神戸,wordfreq:ja,wordfreq_seeded;deterministically_filtered;structurally_curated
ja,v1,3,2389,2420,美少女,美少女,美少女,unknown,美少女,wordfreq:ja,wordfreq_seeded;deterministically_filtered;structurally_curated
ja,v1,3,2390,2421,職員,職員,職員,unknown,職員,wordfreq:ja,wordfreq_seeded;deterministically_filtered;structurally_curated
ja,v1,3,2391,2422,術,術,術,unknown,術,wordfreq:ja,wordfreq_seeded;deterministically_filtered;structurally_curated
ja,v1,3,2392,2423,装備,装備,装備,unknown,装備,wordfreq:ja,wordfreq_seeded;deterministically_filtered;structurally_curated
ja,v1,3,2393,2424,負担,負担,負担,unknown,負担,wordfreq:ja,wordfreq_seeded;deterministically_filtered;structurally_curated
ja,v1,3,2394,2425,貴方,貴方,貴方,unknown,貴方,wordfreq:ja,wordfreq_seeded;deterministically_filtered;structurally_curated
ja,v1,3,2395,2426,酷い,酷い,酷い,unknown,酷い,wordfreq:ja,wordfreq_seeded;deterministically_filtered;structurally_curated
ja,v1,3,2396,2427,骨,骨,骨,unknown,骨,wordfreq:ja,wordfreq_seeded;deterministically_filtered;structurally_curated
ja,v1,3,2397,2428,sns,sns,sns,unknown,sns,wordfreq:ja,wordfreq_seeded;deterministically_filtered;structurally_curated
ja,v1,3,2398,2429,vol,vol,vol,unknown,vol,wordfreq:ja,wordfreq_seeded;deterministically_filtered;structurally_curated
ja,v1,3,2399,2430,with,with,with,unknown,with,wordfreq:ja,wordfreq_seeded;deterministically_filtered;structurally_curated
ja,v1,3,2400,2431,うれしい,うれしい,うれしい,unknown,うれしい,wordfreq:ja,wordfreq_seeded;deterministically_filtered;structurally_curated
ja,v1,3,2401,2432,ご飯,ご飯,ご飯,unknown,ご飯,wordfreq:ja,wordfreq_seeded;deterministically_filtered;structurally_curated
ja,v1,3,2402,2433,そのもの,そのもの,そのもの,unknown,そのもの,wordfreq:ja,wordfreq_seeded;deterministically_filtered;structurally_curated
ja,v1,3,2403,2434,ってな,ってな,ってな,unknown,ってな,wordfreq:ja,wordfreq_seeded;deterministically_filtered;structurally_curated
ja,v1,3,2404,2435,とっても,とっても,とっても,unknown,とっても,wordfreq:ja,wordfreq_seeded;deterministically_filtered;structurally_curated
ja,v1,3,2405,2436,どうしても,どうしても,どうしても,unknown,どうしても,wordfreq:ja,wordfreq_seeded;deterministically_filtered;structurally_curated
ja,v1,3,2406,2437,やばい,やばい,やばい,unknown,やばい,wordfreq:ja,wordfreq_seeded;deterministically_filtered;structurally_curated
ja,v1,3,2407,2438,らしく,らしく,らしく,unknown,らしく,wordfreq:ja,wordfreq_seeded;deterministically_filtered;structurally_curated
ja,v1,3,2408,2439,アレ,アレ,アレ,unknown,アレ,wordfreq:ja,wordfreq_seeded;deterministically_filtered;structurally_curated
ja,v1,3,2409,2440,オタク,オタク,オタク,unknown,オタク,wordfreq:ja,wordfreq_seeded;deterministically_filtered;structurally_curated
ja,v1,3,2410,2441,オフィス,オフィス,オフィス,unknown,オフィス,wordfreq:ja,wordfreq_seeded;deterministically_filtered;structurally_curated
ja,v1,3,2411,2442,カット,カット,カット,unknown,カット,wordfreq:ja,wordfreq_seeded;deterministically_filtered;structurally_curated
ja,v1,3,2412,2443,カフェ,カフェ,カフェ,unknown,カフェ,wordfreq:ja,wordfreq_seeded;deterministically_filtered;structurally_curated
ja,v1,3,2413,2444,カー,カー,カー,unknown,カー,wordfreq:ja,wordfreq_seeded;deterministically_filtered;structurally_curated
ja,v1,3,2414,2445,クリスマス,クリスマス,クリスマス,unknown,クリスマス,wordfreq:ja,wordfreq_seeded;deterministically_filtered;structurally_curated
ja,v1,3,2415,2446,グッズ,グッズ,グッズ,unknown,グッズ,wordfreq:ja,wordfreq_seeded;deterministically_filtered;structurally_curated
ja,v1,3,2416,2447,コレ,コレ,コレ,unknown,コレ,wordfreq:ja,wordfreq_seeded;deterministically_filtered;structurally_curated
ja,v1,3,2417,2448,パターン,パターン,パターン,unknown,パターン,wordfreq:ja,wordfreq_seeded;deterministically_filtered;structurally_curated
ja,v1,3,2418,2449,プレ,プレ,プレ,unknown,プレ,wordfreq:ja,wordfreq_seeded;deterministically_filtered;structurally_curated
ja,v1,3,2419,2450,一生,一生,一生,unknown,一生,wordfreq:ja,wordfreq_seeded;deterministically_filtered;structurally_curated
ja,v1,3,2420,2451,上司,上司,上司,unknown,上司,wordfreq:ja,wordfreq_seeded;deterministically_filtered;structurally_curated
ja,v1,3,2421,2452,今夜,今夜,今夜,unknown,今夜,wordfreq:ja,wordfreq_seeded;deterministically_filtered;structurally_curated
ja,v1,3,2422,2453,体重,体重,体重,unknown,体重,wordfreq:ja,wordfreq_seeded;deterministically_filtered;structurally_curated
ja,v1,3,2423,2454,共同,共同,共同,unknown,共同,wordfreq:ja,wordfreq_seeded;deterministically_filtered;structurally_curated
ja,v1,3,2424,2455,剛,剛,剛,unknown,剛,wordfreq:ja,wordfreq_seeded;deterministically_filtered;structurally_curated
ja,v1,3,2425,2456,去年,去年,去年,unknown,去年,wordfreq:ja,wordfreq_seeded;deterministically_filtered;structurally_curated
ja,v1,3,2426,2457,命令,命令,命令,unknown,命令,wordfreq:ja,wordfreq_seeded;deterministically_filtered;structurally_curated
ja,v1,3,2427,2458,奴隷,奴隷,奴隷,unknown,奴隷,wordfreq:ja,wordfreq_seeded;deterministically_filtered;structurally_curated
ja,v1,3,2428,2459,床,床,床,unknown,床,wordfreq:ja,wordfreq_seeded;deterministically_filtered;structurally_curated
ja,v1,3,2429,2460,当日,当日,当日,unknown,当日,wordfreq:ja,wordfreq_seeded;deterministically_filtered;structurally_curated
ja,v1,3,2430,2461,怒り,怒り,怒り,unknown,怒り,wordfreq:ja,wordfreq_seeded;deterministically_filtered;structurally_curated
ja,v1,3,2431,2462,戦略,戦略,戦略,unknown,戦略,wordfreq:ja,wordfreq_seeded;deterministically_filtered;structurally_curated
ja,v1,3,2432,2463,案,案,案,unknown,案,wordfreq:ja,wordfreq_seeded;deterministically_filtered;structurally_curated
ja,v1,3,2433,2464,熊本,熊本,熊本,unknown,熊本,wordfreq:ja,wordfreq_seeded;deterministically_filtered;structurally_curated
ja,v1,3,2434,2465,理想,理想,理想,unknown,理想,wordfreq:ja,wordfreq_seeded;deterministically_filtered;structurally_curated
ja,v1,3,2435,2466,甘い,甘い,甘い,unknown,甘い,wordfreq:ja,wordfreq_seeded;deterministically_filtered;structurally_curated
ja,v1,3,2436,2467,空港,空港,空港,unknown,空港,wordfreq:ja,wordfreq_seeded;deterministically_filtered;structurally_curated
ja,v1,3,2437,2468,袋,袋,袋,unknown,袋,wordfreq:ja,wordfreq_seeded;deterministically_filtered;structurally_curated
ja,v1,3,2438,2469,見た目,見た目,見た目,unknown,見た目,wordfreq:ja,wordfreq_seeded;deterministically_filtered;structurally_curated
ja,v1,3,2439,2470,豚,豚,豚,unknown,豚,wordfreq:ja,wordfreq_seeded;deterministically_filtered;structurally_curated
ja,v1,3,2440,2471,違反,違反,違反,unknown,違反,wordfreq:ja,wordfreq_seeded;deterministically_filtered;structurally_curated
ja,v1,3,2441,2472,都合,都合,都合,unknown,都合,wordfreq:ja,wordfreq_seeded;deterministically_filtered;structurally_curated
ja,v1,3,2442,2473,鍵,鍵,鍵,unknown,鍵,wordfreq:ja,wordfreq_seeded;deterministically_filtered;structurally_curated
ja,v1,3,2443,2474,関東,関東,関東,unknown,関東,wordfreq:ja,wordfreq_seeded;deterministically_filtered;structurally_curated
ja,v1,3,2444,2475,食品,食品,食品,unknown,食品,wordfreq:ja,wordfreq_seeded;deterministically_filtered;structurally_curated
ja,v1,3,2445,2476,jp,jp,jp,unknown,jp,wordfreq:ja,wordfreq_seeded;deterministically_filtered;structurally_curated
ja,v1,3,2446,2477,えー,えー,えー,unknown,えー,wordfreq:ja,wordfreq_seeded;deterministically_filtered;structurally_curated
ja,v1,3,2447,2478,かっこいい,かっこいい,かっこいい,unknown,かっこいい,wordfreq:ja,wordfreq_seeded;deterministically_filtered;structurally_curated
ja,v1,3,2448,2479,それとも,それとも,それとも,unknown,それとも,wordfreq:ja,wordfreq_seeded;deterministically_filtered;structurally_curated
ja,v1,3,2449,2480,たび,たび,たび,unknown,たび,wordfreq:ja,wordfreq_seeded;deterministically_filtered;structurally_curated
ja,v1,3,2450,2481,ねん,ねん,ねん,unknown,ねん,wordfreq:ja,wordfreq_seeded;deterministically_filtered;structurally_curated
ja,v1,3,2451,2482,アリ,アリ,アリ,unknown,アリ,wordfreq:ja,wordfreq_seeded;deterministically_filtered;structurally_curated
ja,v1,3,2452,2483,インド,インド,インド,unknown,インド,wordfreq:ja,wordfreq_seeded;deterministically_filtered;structurally_curated
ja,v1,3,2453,2484,ゲスト,ゲスト,ゲスト,unknown,ゲスト,wordfreq:ja,wordfreq_seeded;deterministically_filtered;structurally_curated
ja,v1,3,2454,2485,ジャンル,ジャンル,ジャンル,unknown,ジャンル,wordfreq:ja,wordfreq_seeded;deterministically_filtered;structurally_curated
ja,v1,3,2455,2486,ダウンロード,ダウンロード,ダウンロード,unknown,ダウンロード,wordfreq:ja,wordfreq_seeded;deterministically_filtered;structurally_curated
ja,v1,3,2456,2487,モンスター,モンスター,モンスター,unknown,モンスター,wordfreq:ja,wordfreq_seeded;deterministically_filtered;structurally_curated
ja,v1,3,2457,2488,人数,人数,人数,unknown,人数,wordfreq:ja,wordfreq_seeded;deterministically_filtered;structurally_curated
ja,v1,3,2458,2489,会う,会う,会う,unknown,会う,wordfreq:ja,wordfreq_seeded;deterministically_filtered;structurally_curated
ja,v1,3,2459,2490,会え,会え,会え,unknown,会え,wordfreq:ja,wordfreq_seeded;deterministically_filtered;structurally_curated
ja,v1,3,2460,2491,匂い,匂い,匂い,unknown,匂い,wordfreq:ja,wordfreq_seeded;deterministically_filtered;structurally_curated
ja,v1,3,2461,2492,協会,協会,協会,unknown,協会,wordfreq:ja,wordfreq_seeded;deterministically_filtered;structurally_curated
ja,v1,3,2462,2493,単純,単純,単純,unknown,単純,wordfreq:ja,wordfreq_seeded;deterministically_filtered;structurally_curated
ja,v1,3,2463,2494,困難,困難,困難,unknown,困難,wordfreq:ja,wordfreq_seeded;deterministically_filtered;structurally_curated
ja,v1,3,2464,2495,垢,垢,垢,unknown,垢,wordfreq:ja,wordfreq_seeded;deterministically_filtered;structurally_curated
ja,v1,3,2465,2496,大き,大き,大き,unknown,大き,wordfreq:ja,wordfreq_seeded;deterministically_filtered;structurally_curated
ja,v1,3,2466,2497,性能,性能,性能,unknown,性能,wordfreq:ja,wordfreq_seeded;deterministically_filtered;structurally_curated
ja,v1,3,2467,2498,拒否,拒否,拒否,unknown,拒否,wordfreq:ja,wordfreq_seeded;deterministically_filtered;structurally_curated
ja,v1,3,2468,2499,新潟,新潟,新潟,unknown,新潟,wordfreq:ja,wordfreq_seeded;deterministically_filtered;structurally_curated
ja,v1,3,2469,2500,札幌,札幌,札幌,unknown,札幌,wordfreq:ja,wordfreq_seeded;deterministically_filtered;structurally_curated
ja,v1,3,2470,2501,独立,独立,独立,unknown,独立,wordfreq:ja,wordfreq_seeded;deterministically_filtered;structurally_curated
ja,v1,3,2471,2502,理論,理論,理論,unknown,理論,wordfreq:ja,wordfreq_seeded;deterministically_filtered;structurally_curated
ja,v1,3,2472,2503,真実,真実,真実,unknown,真実,wordfreq:ja,wordfreq_seeded;deterministically_filtered;structurally_curated
ja,v1,3,2473,2504,積極,積極,積極,unknown,積極,wordfreq:ja,wordfreq_seeded;deterministically_filtered;structurally_curated
ja,v1,3,2474,2505,素材,素材,素材,unknown,素材,wordfreq:ja,wordfreq_seeded;deterministically_filtered;structurally_curated
ja,v1,3,2475,2506,虫,虫,虫,unknown,虫,wordfreq:ja,wordfreq_seeded;deterministically_filtered;structurally_curated
ja,v1,3,2476,2507,見かけ,見かけ,見かけ,unknown,見かけ,wordfreq:ja,wordfreq_seeded;deterministically_filtered;structurally_curated
ja,v1,3,2477,2508,解放,解放,解放,unknown,解放,wordfreq:ja,wordfreq_seeded;deterministically_filtered;structurally_curated
ja,v1,3,2478,2509,許し,許し,許し,unknown,許し,wordfreq:ja,wordfreq_seeded;deterministically_filtered;structurally_curated
ja,v1,3,2479,2510,貰っ,貰っ,貰っ,unknown,貰っ,wordfreq:ja,wordfreq_seeded;deterministically_filtered;structurally_curated
ja,v1,3,2480,2511,赤ちゃん,赤ちゃん,赤ちゃん,unknown,赤ちゃん,wordfreq:ja,wordfreq_seeded;deterministically_filtered;structurally_curated
ja,v1,3,2481,2512,輪,輪,輪,unknown,輪,wordfreq:ja,wordfreq_seeded;deterministically_filtered;structurally_curated
ja,v1,3,2482,2513,辞め,辞め,辞め,unknown,辞め,wordfreq:ja,wordfreq_seeded;deterministically_filtered;structurally_curated
ja,v1,3,2483,2514,適当,適当,適当,unknown,適当,wordfreq:ja,wordfreq_seeded;deterministically_filtered;structurally_curated
ja,v1,3,2484,2515,金融,金融,金融,unknown,金融,wordfreq:ja,wordfreq_seeded;deterministically_filtered;structurally_curated
ja,v1,3,2485,2516,鏡,鏡,鏡,unknown,鏡,wordfreq:ja,wordfreq_seeded;deterministically_filtered;structurally_curated
ja,v1,3,2486,2517,関心,関心,関心,unknown,関心,wordfreq:ja,wordfreq_seeded;deterministically_filtered;structurally_curated
ja,v1,3,2487,2518,all,all,all,unknown,all,wordfreq:ja,wordfreq_seeded;deterministically_filtered;structurally_curated
ja,v1,3,2488,2519,bot,bot,bot,unknown,bot,wordfreq:ja,wordfreq_seeded;deterministically_filtered;structurally_curated
ja,v1,3,2489,2520,windows,windows,windows,unknown,windows,wordfreq:ja,wordfreq_seeded;deterministically_filtered;structurally_curated
ja,v1,3,2490,2522,かん,かん,かん,unknown,かん,wordfreq:ja,wordfreq_seeded;deterministically_filtered;structurally_curated
ja,v1,3,2491,2523,たっ,たっ,たっ,unknown,たっ,wordfreq:ja,wordfreq_seeded;deterministically_filtered;structurally_curated
ja,v1,3,2492,2524,ども,ども,ども,unknown,ども,wordfreq:ja,wordfreq_seeded;deterministically_filtered;structurally_curated
ja,v1,3,2493,2525,サイド,サイド,サイド,unknown,サイド,wordfreq:ja,wordfreq_seeded;deterministically_filtered;structurally_curated
ja,v1,3,2494,2526,スキル,スキル,スキル,unknown,スキル,wordfreq:ja,wordfreq_seeded;deterministically_filtered;structurally_curated
ja,v1,3,2495,2527,チャンネル,チャンネル,チャンネル,unknown,チャンネル,wordfreq:ja,wordfreq_seeded;deterministically_filtered;structurally_curated
ja,v1,3,2496,2528,ツイッター,ツイッター,ツイッター,unknown,ツイッター,wordfreq:ja,wordfreq_seeded;deterministically_filtered;structurally_curated
ja,v1,3,2497,2529,トン,トン,トン,unknown,トン,wordfreq:ja,wordfreq_seeded;deterministically_filtered;structurally_curated
ja,v1,3,2498,2530,ニュー,ニュー,ニュー,unknown,ニュー,wordfreq:ja,wordfreq_seeded;deterministically_filtered;structurally_curated
ja,v1,3,2499,2531,マイ,マイ,マイ,unknown,マイ,wordfreq:ja,wordfreq_seeded;deterministically_filtered;structurally_curated
ja,v1,3,2500,2532,ランク,ランク,ランク,unknown,ランク,wordfreq:ja,wordfreq_seeded;deterministically_filtered;structurally_curated
ja,v1,3,2501,2533,ロード,ロード,ロード,unknown,ロード,wordfreq:ja,wordfreq_seeded;deterministically_filtered;structurally_curated
ja,v1,3,2502,2534,上位,上位,上位,unknown,上位,wordfreq:ja,wordfreq_seeded;deterministically_filtered;structurally_curated
ja,v1,3,2503,2535,不可能,不可能,不可能,unknown,不可能,wordfreq:ja,wordfreq_seeded;deterministically_filtered;structurally_curated
ja,v1,3,2504,2536,九,九,九,unknown,九,wordfreq:ja,wordfreq_seeded;deterministically_filtered;structurally_curated
ja,v1,3,2505,2537,予算,予算,予算,unknown,予算,wordfreq:ja,wordfreq_seeded;deterministically_filtered;structurally_curated
ja,v1,3,2506,2538,会長,会長,会長,unknown,会長,wordfreq:ja,wordfreq_seeded;deterministically_filtered;structurally_curated
ja,v1,3,2507,2539,伝,伝,伝,unknown,伝,wordfreq:ja,wordfreq_seeded;deterministically_filtered;structurally_curated
ja,v1,3,2508,2540,作家,作家,作家,unknown,作家,wordfreq:ja,wordfreq_seeded;deterministically_filtered;structurally_curated
ja,v1,3,2509,2541,保証,保証,保証,unknown,保証,wordfreq:ja,wordfreq_seeded;deterministically_filtered;structurally_curated
ja,v1,3,2510,2542,備え,備え,備え,unknown,備え,wordfreq:ja,wordfreq_seeded;deterministically_filtered;structurally_curated
ja,v1,3,2511,2543,公,公,公,unknown,公,wordfreq:ja,wordfreq_seeded;deterministically_filtered;structurally_curated
ja,v1,3,2512,2544,兵,兵,兵,unknown,兵,wordfreq:ja,wordfreq_seeded;deterministically_filtered;structurally_curated
ja,v1,3,2513,2545,列,列,列,unknown,列,wordfreq:ja,wordfreq_seeded;deterministically_filtered;structurally_curated
ja,v1,3,2514,2546,匹,匹,匹,unknown,匹,wordfreq:ja,wordfreq_seeded;deterministically_filtered;structurally_curated
ja,v1,3,2515,2547,取ら,取ら,取ら,unknown,取ら,wordfreq:ja,wordfreq_seeded;deterministically_filtered;structurally_curated
ja,v1,3,2516,2548,取材,取材,取材,unknown,取材,wordfreq:ja,wordfreq_seeded;deterministically_filtered;structurally_curated
ja,v1,3,2517,2549,困る,困る,困る,unknown,困る,wordfreq:ja,wordfreq_seeded;deterministically_filtered;structurally_curated
ja,v1,3,2518,2550,学習,学習,学習,unknown,学習,wordfreq:ja,wordfreq_seeded;deterministically_filtered;structurally_curated
ja,v1,3,2519,2551,完璧,完璧,完璧,unknown,完璧,wordfreq:ja,wordfreq_seeded;deterministically_filtered;structurally_curated
ja,v1,3,2520,2552,容疑,容疑,容疑,unknown,容疑,wordfreq:ja,wordfreq_seeded;deterministically_filtered;structurally_curated
ja,v1,3,2521,2553,役割,役割,役割,unknown,役割,wordfreq:ja,wordfreq_seeded;deterministically_filtered;structurally_curated
ja,v1,3,2522,2554,後悔,後悔,後悔,unknown,後悔,wordfreq:ja,wordfreq_seeded;deterministically_filtered;structurally_curated
ja,v1,3,2523,2555,挨拶,挨拶,挨拶,unknown,挨拶,wordfreq:ja,wordfreq_seeded;deterministically_filtered;structurally_curated
ja,v1,3,2524,2556,正義,正義,正義,unknown,正義,wordfreq:ja,wordfreq_seeded;deterministically_filtered;structurally_curated
ja,v1,3,2525,2557,決して,決して,決して,unknown,決して,wordfreq:ja,wordfreq_seeded;deterministically_filtered;structurally_curated
ja,v1,3,2526,2558,災害,災害,災害,unknown,災害,wordfreq:ja,wordfreq_seeded;deterministically_filtered;structurally_curated
ja,v1,3,2527,2559,真面目,真面目,真面目,unknown,真面目,wordfreq:ja,wordfreq_seeded;deterministically_filtered;structurally_curated
ja,v1,3,2528,2560,肩,肩,肩,unknown,肩,wordfreq:ja,wordfreq_seeded;deterministically_filtered;structurally_curated
ja,v1,3,2529,2561,自,自,自,unknown,自,wordfreq:ja,wordfreq_seeded;deterministically_filtered;structurally_curated
ja,v1,3,2530,2562,落ち着い,落ち着い,落ち着い,unknown,落ち着い,wordfreq:ja,wordfreq_seeded;deterministically_filtered;structurally_curated
ja,v1,3,2531,2563,衝撃,衝撃,衝撃,unknown,衝撃,wordfreq:ja,wordfreq_seeded;deterministically_filtered;structurally_curated
ja,v1,3,2532,2564,課題,課題,課題,unknown,課題,wordfreq:ja,wordfreq_seeded;deterministically_filtered;structurally_curated
ja,v1,3,2533,2565,避難,避難,避難,unknown,避難,wordfreq:ja,wordfreq_seeded;deterministically_filtered;structurally_curated
ja,v1,3,2534,2566,野郎,野郎,野郎,unknown,野郎,wordfreq:ja,wordfreq_seeded;deterministically_filtered;structurally_curated
ja,v1,3,2535,2567,面白,面白,面白,unknown,面白,wordfreq:ja,wordfreq_seeded;deterministically_filtered;structurally_curated
ja,v1,3,2536,2568,革命,革命,革命,unknown,革命,wordfreq:ja,wordfreq_seeded;deterministically_filtered;structurally_curated
ja,v1,3,2537,2569,hp,hp,hp,unknown,hp,wordfreq:ja,wordfreq_seeded;deterministically_filtered;structurally_curated
ja,v1,3,2538,2570,up,up,up,unknown,up,wordfreq:ja,wordfreq_seeded;deterministically_filtered;structurally_curated
ja,v1,3,2539,2571,あらゆる,あらゆる,あらゆる,unknown,あらゆる,wordfreq:ja,wordfreq_seeded;deterministically_filtered;structurally_curated
ja,v1,3,2540,2572,おそらく,おそらく,おそらく,unknown,おそらく,wordfreq:ja,wordfreq_seeded;deterministically_filtered;structurally_curated
ja,v1,3,2541,2573,お待ち,お待ち,お待ち,unknown,お待ち,wordfreq:ja,wordfreq_seeded;deterministically_filtered;structurally_curated
ja,v1,3,2542,2574,がち,がち,がち,unknown,がち,wordfreq:ja,wordfreq_seeded;deterministically_filtered;structurally_curated
ja,v1,3,2543,2575,すき,すき,すき,unknown,すき,wordfreq:ja,wordfreq_seeded;deterministically_filtered;structurally_curated
ja,v1,3,2544,2576,ばっかり,ばっかり,ばっかり,unknown,ばっかり,wordfreq:ja,wordfreq_seeded;deterministically_filtered;structurally_curated
ja,v1,3,2545,2577,イヤ,イヤ,イヤ,unknown,イヤ,wordfreq:ja,wordfreq_seeded;deterministically_filtered;structurally_curated
ja,v1,3,2546,2578,ガチ,ガチ,ガチ,unknown,ガチ,wordfreq:ja,wordfreq_seeded;deterministically_filtered;structurally_curated
ja,v1,3,2547,2579,コピー,コピー,コピー,unknown,コピー,wordfreq:ja,wordfreq_seeded;deterministically_filtered;structurally_curated
ja,v1,3,2548,2580,コンテンツ,コンテンツ,コンテンツ,unknown,コンテンツ,wordfreq:ja,wordfreq_seeded;deterministically_filtered;structurally_curated
ja,v1,3,2549,2581,コーナー,コーナー,コーナー,unknown,コーナー,wordfreq:ja,wordfreq_seeded;deterministically_filtered;structurally_curated
ja,v1,3,2550,2582,サイン,サイン,サイン,unknown,サイン,wordfreq:ja,wordfreq_seeded;deterministically_filtered;structurally_curated
ja,v1,3,2551,2583,トーク,トーク,トーク,unknown,トーク,wordfreq:ja,wordfreq_seeded;deterministically_filtered;structurally_curated
ja,v1,3,2552,2584,プレイヤー,プレイヤー,プレイヤー,unknown,プレイヤー,wordfreq:ja,wordfreq_seeded;deterministically_filtered;structurally_curated
ja,v1,3,2553,2585,ロンドン,ロンドン,ロンドン,unknown,ロンドン,wordfreq:ja,wordfreq_seeded;deterministically_filtered;structurally_curated
ja,v1,3,2554,2586,佐藤,佐藤,佐藤,unknown,佐藤,wordfreq:ja,wordfreq_seeded;deterministically_filtered;structurally_curated
ja,v1,3,2555,2587,何とか,何とか,何とか,unknown,何とか,wordfreq:ja,wordfreq_seeded;deterministically_filtered;structurally_curated
ja,v1,3,2556,2588,勤務,勤務,勤務,unknown,勤務,wordfreq:ja,wordfreq_seeded;deterministically_filtered;structurally_curated
ja,v1,3,2557,2589,医,医,医,unknown,医,wordfreq:ja,wordfreq_seeded;deterministically_filtered;structurally_curated
ja,v1,3,2558,2590,同意,同意,同意,unknown,同意,wordfreq:ja,wordfreq_seeded;deterministically_filtered;structurally_curated
ja,v1,3,2559,2591,向こう,向こう,向こう,unknown,向こう,wordfreq:ja,wordfreq_seeded;deterministically_filtered;structurally_curated
ja,v1,3,2560,2592,地区,地区,地区,unknown,地区,wordfreq:ja,wordfreq_seeded;deterministically_filtered;structurally_curated
ja,v1,3,2561,2593,売れ,売れ,売れ,unknown,売れ,wordfreq:ja,wordfreq_seeded;deterministically_filtered;structurally_curated
ja,v1,3,2562,2594,天才,天才,天才,unknown,天才,wordfreq:ja,wordfreq_seeded;deterministically_filtered;structurally_curated
ja,v1,3,2563,2595,天気,天気,天気,unknown,天気,wordfreq:ja,wordfreq_seeded;deterministically_filtered;structurally_curated
ja,v1,3,2564,2596,奴ら,奴ら,奴ら,unknown,奴ら,wordfreq:ja,wordfreq_seeded;deterministically_filtered;structurally_curated
ja,v1,3,2565,2597,実況,実況,実況,unknown,実況,wordfreq:ja,wordfreq_seeded;deterministically_filtered;structurally_curated
ja,v1,3,2566,2598,寒い,寒い,寒い,unknown,寒い,wordfreq:ja,wordfreq_seeded;deterministically_filtered;structurally_curated
ja,v1,3,2567,2599,展,展,展,unknown,展,wordfreq:ja,wordfreq_seeded;deterministically_filtered;structurally_curated
ja,v1,3,2568,2600,彩,彩,彩,unknown,彩,wordfreq:ja,wordfreq_seeded;deterministically_filtered;structurally_curated
ja,v1,3,2569,2601,影,影,影,unknown,影,wordfreq:ja,wordfreq_seeded;deterministically_filtered;structurally_curated
ja,v1,3,2570,2602,彼氏,彼氏,彼氏,unknown,彼氏,wordfreq:ja,wordfreq_seeded;deterministically_filtered;structurally_curated
ja,v1,3,2571,2603,恐怖,恐怖,恐怖,unknown,恐怖,wordfreq:ja,wordfreq_seeded;deterministically_filtered;structurally_curated
ja,v1,3,2572,2604,愛知,愛知,愛知,unknown,愛知,wordfreq:ja,wordfreq_seeded;deterministically_filtered;structurally_curated
ja,v1,3,2573,2605,整備,整備,整備,unknown,整備,wordfreq:ja,wordfreq_seeded;deterministically_filtered;structurally_curated
ja,v1,3,2574,2606,暇,暇,暇,unknown,暇,wordfreq:ja,wordfreq_seeded;deterministically_filtered;structurally_curated
ja,v1,3,2575,2607,有効,有効,有効,unknown,有効,wordfreq:ja,wordfreq_seeded;deterministically_filtered;structurally_curated
ja,v1,3,2576,2608,標準,標準,標準,unknown,標準,wordfreq:ja,wordfreq_seeded;deterministically_filtered;structurally_curated
ja,v1,3,2577,2609,決める,決める,決める,unknown,決める,wordfreq:ja,wordfreq_seeded;deterministically_filtered;structurally_curated
ja,v1,3,2578,2610,流し,流し,流し,unknown,流し,wordfreq:ja,wordfreq_seeded;deterministically_filtered;structurally_curated
ja,v1,3,2579,2611,深,深,深,unknown,深,wordfreq:ja,wordfreq_seeded;deterministically_filtered;structurally_curated
ja,v1,3,2580,2612,特集,特集,特集,unknown,特集,wordfreq:ja,wordfreq_seeded;deterministically_filtered;structurally_curated
ja,v1,3,2581,2613,白い,白い,白い,unknown,白い,wordfreq:ja,wordfreq_seeded;deterministically_filtered;structurally_curated
ja,v1,3,2582,2614,終わら,終わら,終わら,unknown,終わら,wordfreq:ja,wordfreq_seeded;deterministically_filtered;structurally_curated
ja,v1,3,2583,2615,育て,育て,育て,unknown,育て,wordfreq:ja,wordfreq_seeded;deterministically_filtered;structurally_curated
ja,v1,3,2584,2616,育成,育成,育成,unknown,育成,wordfreq:ja,wordfreq_seeded;deterministically_filtered;structurally_curated
ja,v1,3,2585,2617,芸術,芸術,芸術,unknown,芸術,wordfreq:ja,wordfreq_seeded;deterministically_filtered;structurally_curated
ja,v1,3,2586,2618,行ける,行ける,行ける,unknown,行ける,wordfreq:ja,wordfreq_seeded;deterministically_filtered;structurally_curated
ja,v1,3,2587,2619,解散,解散,解散,unknown,解散,wordfreq:ja,wordfreq_seeded;deterministically_filtered;structurally_curated
ja,v1,3,2588,2620,車両,車両,車両,unknown,車両,wordfreq:ja,wordfreq_seeded;deterministically_filtered;structurally_curated
ja,v1,3,2589,2621,込ん,込ん,込ん,unknown,込ん,wordfreq:ja,wordfreq_seeded;deterministically_filtered;structurally_curated
ja,v1,3,2590,2622,頼む,頼む,頼む,unknown,頼む,wordfreq:ja,wordfreq_seeded;deterministically_filtered;structurally_curated
ja,v1,3,2591,2623,驚き,驚き,驚き,unknown,驚き,wordfreq:ja,wordfreq_seeded;deterministically_filtered;structurally_curated
ja,v1,3,2592,2624,高校生,高校生,高校生,unknown,高校生,wordfreq:ja,wordfreq_seeded;deterministically_filtered;structurally_curated
ja,v1,3,2593,2625,one,one,one,unknown,one,wordfreq:ja,wordfreq_seeded;deterministically_filtered;structurally_curated
ja,v1,3,2594,2626,this,this,this,unknown,this,wordfreq:ja,wordfreq_seeded;deterministically_filtered;structurally_curated
ja,v1,3,2595,2627,ありがと,ありがと,ありがと,unknown,ありがと,wordfreq:ja,wordfreq_seeded;deterministically_filtered;structurally_curated
ja,v1,3,2596,2628,アホ,アホ,アホ,unknown,アホ,wordfreq:ja,wordfreq_seeded;deterministically_filtered;structurally_curated
ja,v1,3,2597,2629,スペシャル,スペシャル,スペシャル,unknown,スペシャル,wordfreq:ja,wordfreq_seeded;deterministically_filtered;structurally_curated
ja,v1,3,2598,2630,スペース,スペース,スペース,unknown,スペース,wordfreq:ja,wordfreq_seeded;deterministically_filtered;structurally_curated
ja,v1,3,2599,2631,ダメージ,ダメージ,ダメージ,unknown,ダメージ,wordfreq:ja,wordfreq_seeded;deterministically_filtered;structurally_curated
ja,v1,3,2600,2632,ポスト,ポスト,ポスト,unknown,ポスト,wordfreq:ja,wordfreq_seeded;deterministically_filtered;structurally_curated
ja,v1,3,2601,2633,マシン,マシン,マシン,unknown,マシン,wordfreq:ja,wordfreq_seeded;deterministically_filtered;structurally_curated
ja,v1,3,2602,2634,レイ,レイ,レイ,unknown,レイ,wordfreq:ja,wordfreq_seeded;deterministically_filtered;structurally_curated
ja,v1,3,2603,2635,一時,一時,一時,unknown,一時,wordfreq:ja,wordfreq_seeded;deterministically_filtered;structurally_curated
ja,v1,3,2604,2636,一瞬,一瞬,一瞬,unknown,一瞬,wordfreq:ja,wordfreq_seeded;deterministically_filtered;structurally_curated
ja,v1,3,2605,2637,世の中,世の中,世の中,unknown,世の中,wordfreq:ja,wordfreq_seeded;deterministically_filtered;structurally_curated
ja,v1,3,2606,2638,世界中,世界中,世界中,unknown,世界中,wordfreq:ja,wordfreq_seeded;deterministically_filtered;structurally_curated
ja,v1,3,2607,2639,両親,両親,両親,unknown,両親,wordfreq:ja,wordfreq_seeded;deterministically_filtered;structurally_curated
ja,v1,3,2608,2640,今週,今週,今週,unknown,今週,wordfreq:ja,wordfreq_seeded;deterministically_filtered;structurally_curated
ja,v1,3,2609,2641,働き,働き,働き,unknown,働き,wordfreq:ja,wordfreq_seeded;deterministically_filtered;structurally_curated
ja,v1,3,2610,2642,元々,元々,元々,unknown,元々,wordfreq:ja,wordfreq_seeded;deterministically_filtered;structurally_curated
ja,v1,3,2611,2643,加工,加工,加工,unknown,加工,wordfreq:ja,wordfreq_seeded;deterministically_filtered;structurally_curated
ja,v1,3,2612,2644,参戦,参戦,参戦,unknown,参戦,wordfreq:ja,wordfreq_seeded;deterministically_filtered;structurally_curated
ja,v1,3,2613,2645,反,反,反,unknown,反,wordfreq:ja,wordfreq_seeded;deterministically_filtered;structurally_curated
ja,v1,3,2614,2646,史,史,史,unknown,史,wordfreq:ja,wordfreq_seeded;deterministically_filtered;structurally_curated
ja,v1,3,2615,2647,向い,向い,向い,unknown,向い,wordfreq:ja,wordfreq_seeded;deterministically_filtered;structurally_curated
ja,v1,3,2616,2648,売り,売り,売り,unknown,売り,wordfreq:ja,wordfreq_seeded;deterministically_filtered;structurally_curated
ja,v1,3,2617,2649,妊娠,妊娠,妊娠,unknown,妊娠,wordfreq:ja,wordfreq_seeded;deterministically_filtered;structurally_curated
ja,v1,3,2618,2650,審査,審査,審査,unknown,審査,wordfreq:ja,wordfreq_seeded;deterministically_filtered;structurally_curated
ja,v1,3,2619,2651,山口,山口,山口,unknown,山口,wordfreq:ja,wordfreq_seeded;deterministically_filtered;structurally_curated
ja,v1,3,2620,2652,平,平,平,unknown,平,wordfreq:ja,wordfreq_seeded;deterministically_filtered;structurally_curated
ja,v1,3,2621,2653,建て,建て,建て,unknown,建て,wordfreq:ja,wordfreq_seeded;deterministically_filtered;structurally_curated
ja,v1,3,2622,2654,怒ら,怒ら,怒ら,unknown,怒ら,wordfreq:ja,wordfreq_seeded;deterministically_filtered;structurally_curated
ja,v1,3,2623,2655,戦う,戦う,戦う,unknown,戦う,wordfreq:ja,wordfreq_seeded;deterministically_filtered;structurally_curated
ja,v1,3,2624,2656,招待,招待,招待,unknown,招待,wordfreq:ja,wordfreq_seeded;deterministically_filtered;structurally_curated
ja,v1,3,2625,2657,教室,教室,教室,unknown,教室,wordfreq:ja,wordfreq_seeded;deterministically_filtered;structurally_curated
ja,v1,3,2626,2658,植物,植物,植物,unknown,植物,wordfreq:ja,wordfreq_seeded;deterministically_filtered;structurally_curated
ja,v1,3,2627,2659,殺す,殺す,殺す,unknown,殺す,wordfreq:ja,wordfreq_seeded;deterministically_filtered;structurally_curated
ja,v1,3,2628,2660,殺害,殺害,殺害,unknown,殺害,wordfreq:ja,wordfreq_seeded;deterministically_filtered;structurally_curated
ja,v1,3,2629,2661,毎回,毎回,毎回,unknown,毎回,wordfreq:ja,wordfreq_seeded;deterministically_filtered;structurally_curated
ja,v1,3,2630,2662,波,波,波,unknown,波,wordfreq:ja,wordfreq_seeded;deterministically_filtered;structurally_curated
ja,v1,3,2631,2663,流,流,流,unknown,流,wordfreq:ja,wordfreq_seeded;deterministically_filtered;structurally_curated
ja,v1,3,2632,2664,焼き,焼き,焼き,unknown,焼き,wordfreq:ja,wordfreq_seeded;deterministically_filtered;structurally_curated
ja,v1,3,2633,2665,特典,特典,特典,unknown,特典,wordfreq:ja,wordfreq_seeded;deterministically_filtered;structurally_curated
ja,v1,3,2634,2666,現,現,現,unknown,現,wordfreq:ja,wordfreq_seeded;deterministically_filtered;structurally_curated
ja,v1,3,2635,2667,用い,用い,用い,unknown,用い,wordfreq:ja,wordfreq_seeded;deterministically_filtered;structurally_curated
ja,v1,3,2636,2668,異,異,異,unknown,異,wordfreq:ja,wordfreq_seeded;deterministically_filtered;structurally_curated
ja,v1,3,2637,2669,看護,看護,看護,unknown,看護,wordfreq:ja,wordfreq_seeded;deterministically_filtered;structurally_curated
ja,v1,3,2638,2670,義務,義務,義務,unknown,義務,wordfreq:ja,wordfreq_seeded;deterministically_filtered;structurally_curated
ja,v1,3,2639,2671,聖,聖,聖,unknown,聖,wordfreq:ja,wordfreq_seeded;deterministically_filtered;structurally_curated
ja,v1,3,2640,2672,職業,職業,職業,unknown,職業,wordfreq:ja,wordfreq_seeded;deterministically_filtered;structurally_curated
ja,v1,3,2641,2673,複雑,複雑,複雑,unknown,複雑,wordfreq:ja,wordfreq_seeded;deterministically_filtered;structurally_curated
ja,v1,3,2642,2674,視,視,視,unknown,視,wordfreq:ja,wordfreq_seeded;deterministically_filtered;structurally_curated
ja,v1,3,2643,2675,赤い,赤い,赤い,unknown,赤い,wordfreq:ja,wordfreq_seeded;deterministically_filtered;structurally_curated
ja,v1,3,2644,2676,起きる,起きる,起きる,unknown,起きる,wordfreq:ja,wordfreq_seeded;deterministically_filtered;structurally_curated
ja,v1,3,2645,2677,起こっ,起こっ,起こっ,unknown,起こっ,wordfreq:ja,wordfreq_seeded;deterministically_filtered;structurally_curated
ja,v1,3,2646,2678,通,通,通,unknown,通,wordfreq:ja,wordfreq_seeded;deterministically_filtered;structurally_curated
ja,v1,3,2647,2679,運命,運命,運命,unknown,運命,wordfreq:ja,wordfreq_seeded;deterministically_filtered;structurally_curated
ja,v1,3,2648,2680,食べ物,食べ物,食べ物,unknown,食べ物,wordfreq:ja,wordfreq_seeded;deterministically_filtered;structurally_curated
ja,v1,3,2649,2681,やめろ,やめろ,やめろ,unknown,やめろ,wordfreq:ja,wordfreq_seeded;deterministically_filtered;structurally_curated
ja,v1,3,2650,2682,グリーン,グリーン,グリーン,unknown,グリーン,wordfreq:ja,wordfreq_seeded;deterministically_filtered;structurally_curated
ja,v1,3,2651,2683,コミック,コミック,コミック,unknown,コミック,wordfreq:ja,wordfreq_seeded;deterministically_filtered;structurally_curated
ja,v1,3,2652,2684,ショップ,ショップ,ショップ,unknown,ショップ,wordfreq:ja,wordfreq_seeded;deterministically_filtered;structurally_curated
ja,v1,3,2653,2685,タグ,タグ,タグ,unknown,タグ,wordfreq:ja,wordfreq_seeded;deterministically_filtered;structurally_curated
ja,v1,3,2654,2686,トラブル,トラブル,トラブル,unknown,トラブル,wordfreq:ja,wordfreq_seeded;deterministically_filtered;structurally_curated
ja,v1,3,2655,2687,バトル,バトル,バトル,unknown,バトル,wordfreq:ja,wordfreq_seeded;deterministically_filtered;structurally_curated
ja,v1,3,2656,2688,パリ,パリ,パリ,unknown,パリ,wordfreq:ja,wordfreq_seeded;deterministically_filtered;structurally_curated
ja,v1,3,2657,2689,リア,リア,リア,unknown,リア,wordfreq:ja,wordfreq_seeded;deterministically_filtered;structurally_curated
ja,v1,3,2658,2690,上昇,上昇,上昇,unknown,上昇,wordfreq:ja,wordfreq_seeded;deterministically_filtered;structurally_curated
ja,v1,3,2659,2691,不満,不満,不満,unknown,不満,wordfreq:ja,wordfreq_seeded;deterministically_filtered;structurally_curated
ja,v1,3,2660,2692,仲,仲,仲,unknown,仲,wordfreq:ja,wordfreq_seeded;deterministically_filtered;structurally_curated
ja,v1,3,2661,2693,保障,保障,保障,unknown,保障,wordfreq:ja,wordfreq_seeded;deterministically_filtered;structurally_curated
ja,v1,3,2662,2694,入手,入手,入手,unknown,入手,wordfreq:ja,wordfreq_seeded;deterministically_filtered;structurally_curated
ja,v1,3,2663,2695,分の,分の,分の,unknown,分の,wordfreq:ja,wordfreq_seeded;deterministically_filtered;structurally_curated
ja,v1,3,2664,2696,列車,列車,列車,unknown,列車,wordfreq:ja,wordfreq_seeded;deterministically_filtered;structurally_curated
ja,v1,3,2665,2697,勝負,勝負,勝負,unknown,勝負,wordfreq:ja,wordfreq_seeded;deterministically_filtered;structurally_curated
ja,v1,3,2666,2698,司令,司令,司令,unknown,司令,wordfreq:ja,wordfreq_seeded;deterministically_filtered;structurally_curated
ja,v1,3,2667,2699,向かう,向かう,向かう,unknown,向かう,wordfreq:ja,wordfreq_seeded;deterministically_filtered;structurally_curated
ja,v1,3,2668,2700,周囲,周囲,周囲,unknown,周囲,wordfreq:ja,wordfreq_seeded;deterministically_filtered;structurally_curated
ja,v1,3,2669,2701,国会,国会,国会,unknown,国会,wordfreq:ja,wordfreq_seeded;deterministically_filtered;structurally_curated
ja,v1,3,2670,2702,基礎,基礎,基礎,unknown,基礎,wordfreq:ja,wordfreq_seeded;deterministically_filtered;structurally_curated
ja,v1,3,2671,2703,増える,増える,増える,unknown,増える,wordfreq:ja,wordfreq_seeded;deterministically_filtered;structurally_curated
ja,v1,3,2672,2704,売る,売る,売る,unknown,売る,wordfreq:ja,wordfreq_seeded;deterministically_filtered;structurally_curated
ja,v1,3,2673,2705,姿勢,姿勢,姿勢,unknown,姿勢,wordfreq:ja,wordfreq_seeded;deterministically_filtered;structurally_curated
ja,v1,3,2674,2706,宣言,宣言,宣言,unknown,宣言,wordfreq:ja,wordfreq_seeded;deterministically_filtered;structurally_curated
ja,v1,3,2675,2707,山本,山本,山本,unknown,山本,wordfreq:ja,wordfreq_seeded;deterministically_filtered;structurally_curated
ja,v1,3,2676,2708,形式,形式,形式,unknown,形式,wordfreq:ja,wordfreq_seeded;deterministically_filtered;structurally_curated
ja,v1,3,2677,2709,忙しい,忙しい,忙しい,unknown,忙しい,wordfreq:ja,wordfreq_seeded;deterministically_filtered;structurally_curated
ja,v1,3,2678,2710,思想,思想,思想,unknown,思想,wordfreq:ja,wordfreq_seeded;deterministically_filtered;structurally_curated
ja,v1,3,2679,2711,描く,描く,描く,unknown,描く,wordfreq:ja,wordfreq_seeded;deterministically_filtered;structurally_curated
ja,v1,3,2680,2712,改正,改正,改正,unknown,改正,wordfreq:ja,wordfreq_seeded;deterministically_filtered;structurally_curated
ja,v1,3,2681,2713,数字,数字,数字,unknown,数字,wordfreq:ja,wordfreq_seeded;deterministically_filtered;structurally_curated
ja,v1,3,2682,2714,整理,整理,整理,unknown,整理,wordfreq:ja,wordfreq_seeded;deterministically_filtered;structurally_curated
ja,v1,3,2683,2715,方針,方針,方針,unknown,方針,wordfreq:ja,wordfreq_seeded;deterministically_filtered;structurally_curated
ja,v1,3,2684,2716,時計,時計,時計,unknown,時計,wordfreq:ja,wordfreq_seeded;deterministically_filtered;structurally_curated
ja,v1,3,2685,2717,機器,機器,機器,unknown,機器,wordfreq:ja,wordfreq_seeded;deterministically_filtered;structurally_curated
ja,v1,3,2686,2718,現状,現状,現状,unknown,現状,wordfreq:ja,wordfreq_seeded;deterministically_filtered;structurally_curated
ja,v1,3,2687,2719,発射,発射,発射,unknown,発射,wordfreq:ja,wordfreq_seeded;deterministically_filtered;structurally_curated
ja,v1,3,2688,2720,発電,発電,発電,unknown,発電,wordfreq:ja,wordfreq_seeded;deterministically_filtered;structurally_curated
ja,v1,3,2689,2721,組み合わせ,組み合わせ,組み合わせ,unknown,組み合わせ,wordfreq:ja,wordfreq_seeded;deterministically_filtered;structurally_curated
ja,v1,3,2690,2722,緊張,緊張,緊張,unknown,緊張,wordfreq:ja,wordfreq_seeded;deterministically_filtered;structurally_curated
ja,v1,3,2691,2723,芸能,芸能,芸能,unknown,芸能,wordfreq:ja,wordfreq_seeded;deterministically_filtered;structurally_curated
ja,v1,3,2692,2724,若者,若者,若者,unknown,若者,wordfreq:ja,wordfreq_seeded;deterministically_filtered;structurally_curated
ja,v1,3,2693,2725,荷物,荷物,荷物,unknown,荷物,wordfreq:ja,wordfreq_seeded;deterministically_filtered;structurally_curated
ja,v1,3,2694,2726,著作,著作,著作,unknown,著作,wordfreq:ja,wordfreq_seeded;deterministically_filtered;structurally_curated
ja,v1,3,2695,2727,行政,行政,行政,unknown,行政,wordfreq:ja,wordfreq_seeded;deterministically_filtered;structurally_curated
ja,v1,3,2696,2728,衣装,衣装,衣装,unknown,衣装,wordfreq:ja,wordfreq_seeded;deterministically_filtered;structurally_curated
ja,v1,3,2697,2729,計,計,計,unknown,計,wordfreq:ja,wordfreq_seeded;deterministically_filtered;structurally_curated
ja,v1,3,2698,2730,買い物,買い物,買い物,unknown,買い物,wordfreq:ja,wordfreq_seeded;deterministically_filtered;structurally_curated
ja,v1,3,2699,2731,買え,買え,買え,unknown,買え,wordfreq:ja,wordfreq_seeded;deterministically_filtered;structurally_curated
ja,v1,3,2700,2732,起こる,起こる,起こる,unknown,起こる,wordfreq:ja,wordfreq_seeded;deterministically_filtered;structurally_curated
ja,v1,3,2701,2733,超える,超える,超える,unknown,超える,wordfreq:ja,wordfreq_seeded;deterministically_filtered;structurally_curated
ja,v1,3,2702,2734,連,連,連,unknown,連,wordfreq:ja,wordfreq_seeded;deterministically_filtered;structurally_curated
ja,v1,3,2703,2735,進む,進む,進む,unknown,進む,wordfreq:ja,wordfreq_seeded;deterministically_filtered;structurally_curated
ja,v1,3,2704,2736,進行,進行,進行,unknown,進行,wordfreq:ja,wordfreq_seeded;deterministically_filtered;structurally_curated
ja,v1,3,2705,2737,遅い,遅い,遅い,unknown,遅い,wordfreq:ja,wordfreq_seeded;deterministically_filtered;structurally_curated
ja,v1,3,2706,2738,遅く,遅く,遅く,unknown,遅く,wordfreq:ja,wordfreq_seeded;deterministically_filtered;structurally_curated
ja,v1,3,2707,2739,限界,限界,限界,unknown,限界,wordfreq:ja,wordfreq_seeded;deterministically_filtered;structurally_curated
ja,v1,3,2708,2740,集まっ,集まっ,集まっ,unknown,集まっ,wordfreq:ja,wordfreq_seeded;deterministically_filtered;structurally_curated
ja,v1,3,2709,2741,静岡,静岡,静岡,unknown,静岡,wordfreq:ja,wordfreq_seeded;deterministically_filtered;structurally_curated
ja,v1,3,2710,2742,飯,飯,飯,unknown,飯,wordfreq:ja,wordfreq_seeded;deterministically_filtered;structurally_curated
ja,v1,3,2711,2743,駐車,駐車,駐車,unknown,駐車,wordfreq:ja,wordfreq_seeded;deterministically_filtered;structurally_curated
ja,v1,3,2712,2744,驚い,驚い,驚い,unknown,驚い,wordfreq:ja,wordfreq_seeded;deterministically_filtered;structurally_curated
ja,v1,3,2713,2746,お客様,お客様,お客様,unknown,お客様,wordfreq:ja,wordfreq_seeded;deterministically_filtered;structurally_curated
ja,v1,3,2714,2747,お気に入り,お気に入り,お気に入り,unknown,お気に入り,wordfreq:ja,wordfreq_seeded;deterministically_filtered;structurally_curated
ja,v1,3,2715,2748,きれ,きれ,きれ,unknown,きれ,wordfreq:ja,wordfreq_seeded;deterministically_filtered;structurally_curated
ja,v1,3,2716,2749,どうせ,どうせ,どうせ,unknown,どうせ,wordfreq:ja,wordfreq_seeded;deterministically_filtered;structurally_curated
ja,v1,3,2717,2750,まじ,まじ,まじ,unknown,まじ,wordfreq:ja,wordfreq_seeded;deterministically_filtered;structurally_curated
ja,v1,3,2718,2751,もはや,もはや,もはや,unknown,もはや,wordfreq:ja,wordfreq_seeded;deterministically_filtered;structurally_curated
ja,v1,3,2719,2752,アナ,アナ,アナ,unknown,アナ,wordfreq:ja,wordfreq_seeded;deterministically_filtered;structurally_curated
ja,v1,3,2720,2753,アン,アン,アン,unknown,アン,wordfreq:ja,wordfreq_seeded;deterministically_filtered;structurally_curated
ja,v1,3,2721,2754,コスト,コスト,コスト,unknown,コスト,wordfreq:ja,wordfreq_seeded;deterministically_filtered;structurally_curated
ja,v1,3,2722,2755,シ,シ,シ,unknown,シ,wordfreq:ja,wordfreq_seeded;deterministically_filtered;structurally_curated
ja,v1,3,2723,2756,ショック,ショック,ショック,unknown,ショック,wordfreq:ja,wordfreq_seeded;deterministically_filtered;structurally_curated
ja,v1,3,2724,2757,セフレ,セフレ,セフレ,unknown,セフレ,wordfreq:ja,wordfreq_seeded;deterministically_filtered;structurally_curated
ja,v1,3,2725,2758,タバコ,タバコ,タバコ,unknown,タバコ,wordfreq:ja,wordfreq_seeded;deterministically_filtered;structurally_curated
ja,v1,3,2726,2759,ダウン,ダウン,ダウン,unknown,ダウン,wordfreq:ja,wordfreq_seeded;deterministically_filtered;structurally_curated
ja,v1,3,2727,2760,ネットワーク,ネットワーク,ネットワーク,unknown,ネットワーク,wordfreq:ja,wordfreq_seeded;deterministically_filtered;structurally_curated
ja,v1,3,2728,2761,パパ,パパ,パパ,unknown,パパ,wordfreq:ja,wordfreq_seeded;deterministically_filtered;structurally_curated
ja,v1,3,2729,2762,ホール,ホール,ホール,unknown,ホール,wordfreq:ja,wordfreq_seeded;deterministically_filtered;structurally_curated
ja,v1,3,2730,2763,ボックス,ボックス,ボックス,unknown,ボックス,wordfreq:ja,wordfreq_seeded;deterministically_filtered;structurally_curated
ja,v1,3,2731,2764,ヨーロッパ,ヨーロッパ,ヨーロッパ,unknown,ヨーロッパ,wordfreq:ja,wordfreq_seeded;deterministically_filtered;structurally_curated
ja,v1,3,2732,2765,リング,リング,リング,unknown,リング,wordfreq:ja,wordfreq_seeded;deterministically_filtered;structurally_curated
ja,v1,3,2733,2766,一応,一応,一応,unknown,一応,wordfreq:ja,wordfreq_seeded;deterministically_filtered;structurally_curated
ja,v1,3,2734,2767,伸び,伸び,伸び,unknown,伸び,wordfreq:ja,wordfreq_seeded;deterministically_filtered;structurally_curated
ja,v1,3,2735,2768,信号,信号,信号,unknown,信号,wordfreq:ja,wordfreq_seeded;deterministically_filtered;structurally_curated
ja,v1,3,2736,2769,傷,傷,傷,unknown,傷,wordfreq:ja,wordfreq_seeded;deterministically_filtered;structurally_curated
ja,v1,3,2737,2770,入力,入力,入力,unknown,入力,wordfreq:ja,wordfreq_seeded;deterministically_filtered;structurally_curated
ja,v1,3,2738,2771,共有,共有,共有,unknown,共有,wordfreq:ja,wordfreq_seeded;deterministically_filtered;structurally_curated
ja,v1,3,2739,2772,初心者,初心者,初心者,unknown,初心者,wordfreq:ja,wordfreq_seeded;deterministically_filtered;structurally_curated
ja,v1,3,2740,2773,効率,効率,効率,unknown,効率,wordfreq:ja,wordfreq_seeded;deterministically_filtered;structurally_curated
ja,v1,3,2741,2774,名誉,名誉,名誉,unknown,名誉,wordfreq:ja,wordfreq_seeded;deterministically_filtered;structurally_curated
ja,v1,3,2742,2775,向上,向上,向上,unknown,向上,wordfreq:ja,wordfreq_seeded;deterministically_filtered;structurally_curated
ja,v1,3,2743,2776,喜び,喜び,喜び,unknown,喜び,wordfreq:ja,wordfreq_seeded;deterministically_filtered;structurally_curated
ja,v1,3,2744,2777,嵐,嵐,嵐,unknown,嵐,wordfreq:ja,wordfreq_seeded;deterministically_filtered;structurally_curated
ja,v1,3,2745,2778,差別,差別,差別,unknown,差別,wordfreq:ja,wordfreq_seeded;deterministically_filtered;structurally_curated
ja,v1,3,2746,2779,当て,当て,当て,unknown,当て,wordfreq:ja,wordfreq_seeded;deterministically_filtered;structurally_curated
ja,v1,3,2747,2780,徒歩,徒歩,徒歩,unknown,徒歩,wordfreq:ja,wordfreq_seeded;deterministically_filtered;structurally_curated
ja,v1,3,2748,2781,恐れ,恐れ,恐れ,unknown,恐れ,wordfreq:ja,wordfreq_seeded;deterministically_filtered;structurally_curated
ja,v1,3,2749,2782,手紙,手紙,手紙,unknown,手紙,wordfreq:ja,wordfreq_seeded;deterministically_filtered;structurally_curated
ja,v1,3,2750,2783,払っ,払っ,払っ,unknown,払っ,wordfreq:ja,wordfreq_seeded;deterministically_filtered;structurally_curated
ja,v1,3,2751,2784,文章,文章,文章,unknown,文章,wordfreq:ja,wordfreq_seeded;deterministically_filtered;structurally_curated
ja,v1,3,2752,2785,日々,日々,日々,unknown,日々,wordfreq:ja,wordfreq_seeded;deterministically_filtered;structurally_curated
ja,v1,3,2753,2786,明確,明確,明確,unknown,明確,wordfreq:ja,wordfreq_seeded;deterministically_filtered;structurally_curated
ja,v1,3,2754,2787,昼,昼,昼,unknown,昼,wordfreq:ja,wordfreq_seeded;deterministically_filtered;structurally_curated
ja,v1,3,2755,2788,本当は,本当は,本当は,unknown,本当は,wordfreq:ja,wordfreq_seeded;deterministically_filtered;structurally_curated
ja,v1,3,2756,2789,本部,本部,本部,unknown,本部,wordfreq:ja,wordfreq_seeded;deterministically_filtered;structurally_curated
ja,v1,3,2757,2790,気付い,気付い,気付い,unknown,気付い,wordfreq:ja,wordfreq_seeded;deterministically_filtered;structurally_curated
ja,v1,3,2758,2791,水着,水着,水着,unknown,水着,wordfreq:ja,wordfreq_seeded;deterministically_filtered;structurally_curated
ja,v1,3,2759,2792,永遠,永遠,永遠,unknown,永遠,wordfreq:ja,wordfreq_seeded;deterministically_filtered;structurally_curated
ja,v1,3,2760,2793,特,特,特,unknown,特,wordfreq:ja,wordfreq_seeded;deterministically_filtered;structurally_curated
ja,v1,3,2761,2794,現象,現象,現象,unknown,現象,wordfreq:ja,wordfreq_seeded;deterministically_filtered;structurally_curated
ja,v1,3,2762,2795,田中,田中,田中,unknown,田中,wordfreq:ja,wordfreq_seeded;deterministically_filtered;structurally_curated
ja,v1,3,2763,2796,示す,示す,示す,unknown,示す,wordfreq:ja,wordfreq_seeded;deterministically_filtered;structurally_curated
ja,v1,3,2764,2797,神社,神社,神社,unknown,神社,wordfreq:ja,wordfreq_seeded;deterministically_filtered;structurally_curated
ja,v1,3,2765,2798,結婚式,結婚式,結婚式,unknown,結婚式,wordfreq:ja,wordfreq_seeded;deterministically_filtered;structurally_curated
ja,v1,3,2766,2799,英,英,英,unknown,英,wordfreq:ja,wordfreq_seeded;deterministically_filtered;structurally_curated
ja,v1,3,2767,2800,血液,血液,血液,unknown,血液,wordfreq:ja,wordfreq_seeded;deterministically_filtered;structurally_curated
ja,v1,3,2768,2801,覚悟,覚悟,覚悟,unknown,覚悟,wordfreq:ja,wordfreq_seeded;deterministically_filtered;structurally_curated
ja,v1,3,2769,2802,詳しい,詳しい,詳しい,unknown,詳しい,wordfreq:ja,wordfreq_seeded;deterministically_filtered;structurally_curated
ja,v1,3,2770,2803,語る,語る,語る,unknown,語る,wordfreq:ja,wordfreq_seeded;deterministically_filtered;structurally_curated
ja,v1,3,2771,2804,辺,辺,辺,unknown,辺,wordfreq:ja,wordfreq_seeded;deterministically_filtered;structurally_curated
ja,v1,3,2772,2805,送る,送る,送る,unknown,送る,wordfreq:ja,wordfreq_seeded;deterministically_filtered;structurally_curated
ja,v1,3,2773,2806,鉄,鉄,鉄,unknown,鉄,wordfreq:ja,wordfreq_seeded;deterministically_filtered;structurally_curated
ja,v1,3,2774,2807,音声,音声,音声,unknown,音声,wordfreq:ja,wordfreq_seeded;deterministically_filtered;structurally_curated
ja,v1,3,2775,2808,頂い,頂い,頂い,unknown,頂い,wordfreq:ja,wordfreq_seeded;deterministically_filtered;structurally_curated
ja,v1,3,2776,2810,ぁ,ぁ,ぁ,unknown,ぁ,wordfreq:ja,wordfreq_seeded;deterministically_filtered;structurally_curated
ja,v1,3,2777,2811,あい,あい,あい,unknown,あい,wordfreq:ja,wordfreq_seeded;deterministically_filtered;structurally_curated
ja,v1,3,2778,2812,いこ,いこ,いこ,unknown,いこ,wordfreq:ja,wordfreq_seeded;deterministically_filtered;structurally_curated
ja,v1,3,2779,2813,いわゆる,いわゆる,いわゆる,unknown,いわゆる,wordfreq:ja,wordfreq_seeded;deterministically_filtered;structurally_curated
ja,v1,3,2780,2814,がん,がん,がん,unknown,がん,wordfreq:ja,wordfreq_seeded;deterministically_filtered;structurally_curated
ja,v1,3,2781,2815,たろ,たろ,たろ,unknown,たろ,wordfreq:ja,wordfreq_seeded;deterministically_filtered;structurally_curated
ja,v1,3,2782,2816,とり,とり,とり,unknown,とり,wordfreq:ja,wordfreq_seeded;deterministically_filtered;structurally_curated
ja,v1,3,2783,2817,とんでも,とんでも,とんでも,unknown,とんでも,wordfreq:ja,wordfreq_seeded;deterministically_filtered;structurally_curated
ja,v1,3,2784,2818,アート,アート,アート,unknown,アート,wordfreq:ja,wordfreq_seeded;deterministically_filtered;structurally_curated
ja,v1,3,2785,2819,コントロール,コントロール,コントロール,unknown,コントロール,wordfreq:ja,wordfreq_seeded;deterministically_filtered;structurally_curated
ja,v1,3,2786,2820,ジャンプ,ジャンプ,ジャンプ,unknown,ジャンプ,wordfreq:ja,wordfreq_seeded;deterministically_filtered;structurally_curated
ja,v1,3,2787,2821,スピード,スピード,スピード,unknown,スピード,wordfreq:ja,wordfreq_seeded;deterministically_filtered;structurally_curated
ja,v1,3,2788,2822,ソロ,ソロ,ソロ,unknown,ソロ,wordfreq:ja,wordfreq_seeded;deterministically_filtered;structurally_curated
ja,v1,3,2789,2823,ピン,ピン,ピン,unknown,ピン,wordfreq:ja,wordfreq_seeded;deterministically_filtered;structurally_curated
ja,v1,3,2790,2824,ピンク,ピンク,ピンク,unknown,ピンク,wordfreq:ja,wordfreq_seeded;deterministically_filtered;structurally_curated
ja,v1,3,2791,2825,プラス,プラス,プラス,unknown,プラス,wordfreq:ja,wordfreq_seeded;deterministically_filtered;structurally_curated
ja,v1,3,2792,2826,リー,リー,リー,unknown,リー,wordfreq:ja,wordfreq_seeded;deterministically_filtered;structurally_curated
ja,v1,3,2793,2827,リーグ,リーグ,リーグ,unknown,リーグ,wordfreq:ja,wordfreq_seeded;deterministically_filtered;structurally_curated
ja,v1,3,2794,2828,上記,上記,上記,unknown,上記,wordfreq:ja,wordfreq_seeded;deterministically_filtered;structurally_curated
ja,v1,3,2795,2829,事務,事務,事務,unknown,事務,wordfreq:ja,wordfreq_seeded;deterministically_filtered;structurally_curated
ja,v1,3,2796,2830,人形,人形,人形,unknown,人形,wordfreq:ja,wordfreq_seeded;deterministically_filtered;structurally_curated
ja,v1,3,2797,2831,修理,修理,修理,unknown,修理,wordfreq:ja,wordfreq_seeded;deterministically_filtered;structurally_curated
ja,v1,3,2798,2832,児童,児童,児童,unknown,児童,wordfreq:ja,wordfreq_seeded;deterministically_filtered;structurally_curated
ja,v1,3,2799,2833,公共,公共,公共,unknown,公共,wordfreq:ja,wordfreq_seeded;deterministically_filtered;structurally_curated
ja,v1,3,2800,2834,原,原,原,unknown,原,wordfreq:ja,wordfreq_seeded;deterministically_filtered;structurally_curated
ja,v1,3,2801,2835,可,可,可,unknown,可,wordfreq:ja,wordfreq_seeded;deterministically_filtered;structurally_curated
ja,v1,3,2802,2836,喧嘩,喧嘩,喧嘩,unknown,喧嘩,wordfreq:ja,wordfreq_seeded;deterministically_filtered;structurally_curated
ja,v1,3,2803,2837,坂,坂,坂,unknown,坂,wordfreq:ja,wordfreq_seeded;deterministically_filtered;structurally_curated
ja,v1,3,2804,2838,学者,学者,学者,unknown,学者,wordfreq:ja,wordfreq_seeded;deterministically_filtered;structurally_curated
ja,v1,3,2805,2839,引退,引退,引退,unknown,引退,wordfreq:ja,wordfreq_seeded;deterministically_filtered;structurally_curated
ja,v1,3,2806,2840,当たる,当たる,当たる,unknown,当たる,wordfreq:ja,wordfreq_seeded;deterministically_filtered;structurally_curated
ja,v1,3,2807,2841,成立,成立,成立,unknown,成立,wordfreq:ja,wordfreq_seeded;deterministically_filtered;structurally_curated
ja,v1,3,2808,2842,推進,推進,推進,unknown,推進,wordfreq:ja,wordfreq_seeded;deterministically_filtered;structurally_curated
ja,v1,3,2809,2843,放置,放置,放置,unknown,放置,wordfreq:ja,wordfreq_seeded;deterministically_filtered;structurally_curated
ja,v1,3,2810,2844,料金,料金,料金,unknown,料金,wordfreq:ja,wordfreq_seeded;deterministically_filtered;structurally_curated
ja,v1,3,2811,2845,旦那,旦那,旦那,unknown,旦那,wordfreq:ja,wordfreq_seeded;deterministically_filtered;structurally_curated
ja,v1,3,2812,2846,暴力,暴力,暴力,unknown,暴力,wordfreq:ja,wordfreq_seeded;deterministically_filtered;structurally_curated
ja,v1,3,2813,2847,有,有,有,unknown,有,wordfreq:ja,wordfreq_seeded;deterministically_filtered;structurally_curated
ja,v1,3,2814,2848,民間,民間,民間,unknown,民間,wordfreq:ja,wordfreq_seeded;deterministically_filtered;structurally_curated
ja,v1,3,2815,2849,気に入っ,気に入っ,気に入っ,unknown,気に入っ,wordfreq:ja,wordfreq_seeded;deterministically_filtered;structurally_curated
ja,v1,3,2816,2850,源,源,源,unknown,源,wordfreq:ja,wordfreq_seeded;deterministically_filtered;structurally_curated
ja,v1,3,2817,2851,燃料,燃料,燃料,unknown,燃料,wordfreq:ja,wordfreq_seeded;deterministically_filtered;structurally_curated
ja,v1,3,2818,2852,知り合い,知り合い,知り合い,unknown,知り合い,wordfreq:ja,wordfreq_seeded;deterministically_filtered;structurally_curated
ja,v1,3,2819,2853,素人,素人,素人,unknown,素人,wordfreq:ja,wordfreq_seeded;deterministically_filtered;structurally_curated
ja,v1,3,2820,2854,統一,統一,統一,unknown,統一,wordfreq:ja,wordfreq_seeded;deterministically_filtered;structurally_curated
ja,v1,3,2821,2855,背中,背中,背中,unknown,背中,wordfreq:ja,wordfreq_seeded;deterministically_filtered;structurally_curated
ja,v1,3,2822,2856,解消,解消,解消,unknown,解消,wordfreq:ja,wordfreq_seeded;deterministically_filtered;structurally_curated
ja,v1,3,2823,2857,財布,財布,財布,unknown,財布,wordfreq:ja,wordfreq_seeded;deterministically_filtered;structurally_curated
ja,v1,3,2824,2858,越え,越え,越え,unknown,越え,wordfreq:ja,wordfreq_seeded;deterministically_filtered;structurally_curated
ja,v1,3,2825,2859,速報,速報,速報,unknown,速報,wordfreq:ja,wordfreq_seeded;deterministically_filtered;structurally_curated
ja,v1,3,2826,2860,遺産,遺産,遺産,unknown,遺産,wordfreq:ja,wordfreq_seeded;deterministically_filtered;structurally_curated
ja,v1,3,2827,2861,配置,配置,配置,unknown,配置,wordfreq:ja,wordfreq_seeded;deterministically_filtered;structurally_curated
ja,v1,3,2828,2862,電力,電力,電力,unknown,電力,wordfreq:ja,wordfreq_seeded;deterministically_filtered;structurally_curated
ja,v1,3,2829,2863,android,android,android,unknown,android,wordfreq:ja,wordfreq_seeded;deterministically_filtered;structurally_curated
ja,v1,3,2830,2864,うわ,うわ,うわ,unknown,うわ,wordfreq:ja,wordfreq_seeded;deterministically_filtered;structurally_curated
ja,v1,3,2831,2865,おる,おる,おる,unknown,おる,wordfreq:ja,wordfreq_seeded;deterministically_filtered;structurally_curated
ja,v1,3,2832,2866,だり,だり,だり,unknown,だり,wordfreq:ja,wordfreq_seeded;deterministically_filtered;structurally_curated
ja,v1,3,2833,2867,とおり,とおり,とおり,unknown,とおり,wordfreq:ja,wordfreq_seeded;deterministically_filtered;structurally_curated
ja,v1,3,2834,2868,なんだか,なんだか,なんだか,unknown,なんだか,wordfreq:ja,wordfreq_seeded;deterministically_filtered;structurally_curated
ja,v1,3,2835,2869,ほんとに,ほんとに,ほんとに,unknown,ほんとに,wordfreq:ja,wordfreq_seeded;deterministically_filtered;structurally_curated
ja,v1,3,2836,2870,やってき,やってき,やってき,unknown,やってき,wordfreq:ja,wordfreq_seeded;deterministically_filtered;structurally_curated
ja,v1,3,2837,2871,わざわざ,わざわざ,わざわざ,unknown,わざわざ,wordfreq:ja,wordfreq_seeded;deterministically_filtered;structurally_curated
ja,v1,3,2838,2872,わずか,わずか,わずか,unknown,わずか,wordfreq:ja,wordfreq_seeded;deterministically_filtered;structurally_curated
ja,v1,3,2839,2873,クズ,クズ,クズ,unknown,クズ,wordfreq:ja,wordfreq_seeded;deterministically_filtered;structurally_curated
ja,v1,3,2840,2874,スペイン,スペイン,スペイン,unknown,スペイン,wordfreq:ja,wordfreq_seeded;deterministically_filtered;structurally_curated
ja,v1,3,2841,2875,チケット,チケット,チケット,unknown,チケット,wordfreq:ja,wordfreq_seeded;deterministically_filtered;structurally_curated
ja,v1,3,2842,2876,プール,プール,プール,unknown,プール,wordfreq:ja,wordfreq_seeded;deterministically_filtered;structurally_curated
ja,v1,3,2843,2877,ルート,ルート,ルート,unknown,ルート,wordfreq:ja,wordfreq_seeded;deterministically_filtered;structurally_curated
ja,v1,3,2844,2878,レビュー,レビュー,レビュー,unknown,レビュー,wordfreq:ja,wordfreq_seeded;deterministically_filtered;structurally_curated
ja,v1,3,2845,2879,ローン,ローン,ローン,unknown,ローン,wordfreq:ja,wordfreq_seeded;deterministically_filtered;structurally_curated
ja,v1,3,2846,2880,一定,一定,一定,unknown,一定,wordfreq:ja,wordfreq_seeded;deterministically_filtered;structurally_curated
ja,v1,3,2847,2881,中学,中学,中学,unknown,中学,wordfreq:ja,wordfreq_seeded;deterministically_filtered;structurally_curated
ja,v1,3,2848,2882,乗る,乗る,乗る,unknown,乗る,wordfreq:ja,wordfreq_seeded;deterministically_filtered;structurally_curated
ja,v1,3,2849,2883,優れ,優れ,優れ,unknown,優れ,wordfreq:ja,wordfreq_seeded;deterministically_filtered;structurally_curated
ja,v1,3,2850,2884,共に,共に,共に,unknown,共に,wordfreq:ja,wordfreq_seeded;deterministically_filtered;structurally_curated
ja,v1,3,2851,2885,再現,再現,再現,unknown,再現,wordfreq:ja,wordfreq_seeded;deterministically_filtered;structurally_curated
ja,v1,3,2852,2886,勝,勝,勝,unknown,勝,wordfreq:ja,wordfreq_seeded;deterministically_filtered;structurally_curated
ja,v1,3,2853,2887,味方,味方,味方,unknown,味方,wordfreq:ja,wordfreq_seeded;deterministically_filtered;structurally_curated
ja,v1,3,2854,2888,回収,回収,回収,unknown,回収,wordfreq:ja,wordfreq_seeded;deterministically_filtered;structurally_curated
ja,v1,3,2855,2889,回答,回答,回答,unknown,回答,wordfreq:ja,wordfreq_seeded;deterministically_filtered;structurally_curated
ja,v1,3,2856,2890,圧倒的,圧倒的,圧倒的,unknown,圧倒的,wordfreq:ja,wordfreq_seeded;deterministically_filtered;structurally_curated
ja,v1,3,2857,2891,地図,地図,地図,unknown,地図,wordfreq:ja,wordfreq_seeded;deterministically_filtered;structurally_curated
ja,v1,3,2858,2892,報酬,報酬,報酬,unknown,報酬,wordfreq:ja,wordfreq_seeded;deterministically_filtered;structurally_curated
ja,v1,3,2859,2893,場面,場面,場面,unknown,場面,wordfreq:ja,wordfreq_seeded;deterministically_filtered;structurally_curated
ja,v1,3,2860,2894,変わり,変わり,変わり,unknown,変わり,wordfreq:ja,wordfreq_seeded;deterministically_filtered;structurally_curated
ja,v1,3,2861,2895,変態,変態,変態,unknown,変態,wordfreq:ja,wordfreq_seeded;deterministically_filtered;structurally_curated
ja,v1,3,2862,2896,変換,変換,変換,unknown,変換,wordfreq:ja,wordfreq_seeded;deterministically_filtered;structurally_curated
ja,v1,3,2863,2897,失っ,失っ,失っ,unknown,失っ,wordfreq:ja,wordfreq_seeded;deterministically_filtered;structurally_curated
ja,v1,3,2864,2898,季節,季節,季節,unknown,季節,wordfreq:ja,wordfreq_seeded;deterministically_filtered;structurally_curated
ja,v1,3,2865,2899,学ん,学ん,学ん,unknown,学ん,wordfreq:ja,wordfreq_seeded;deterministically_filtered;structurally_curated
ja,v1,3,2866,2900,就職,就職,就職,unknown,就職,wordfreq:ja,wordfreq_seeded;deterministically_filtered;structurally_curated
ja,v1,3,2867,2901,幅,幅,幅,unknown,幅,wordfreq:ja,wordfreq_seeded;deterministically_filtered;structurally_curated
ja,v1,3,2868,2902,平日,平日,平日,unknown,平日,wordfreq:ja,wordfreq_seeded;deterministically_filtered;structurally_curated
ja,v1,3,2869,2903,応募,応募,応募,unknown,応募,wordfreq:ja,wordfreq_seeded;deterministically_filtered;structurally_curated
ja,v1,3,2870,2904,態度,態度,態度,unknown,態度,wordfreq:ja,wordfreq_seeded;deterministically_filtered;structurally_curated
ja,v1,3,2871,2905,戦士,戦士,戦士,unknown,戦士,wordfreq:ja,wordfreq_seeded;deterministically_filtered;structurally_curated
ja,v1,3,2872,2906,扉,扉,扉,unknown,扉,wordfreq:ja,wordfreq_seeded;deterministically_filtered;structurally_curated
ja,v1,3,2873,2907,指揮,指揮,指揮,unknown,指揮,wordfreq:ja,wordfreq_seeded;deterministically_filtered;structurally_curated
ja,v1,3,2874,2908,掲示板,掲示板,掲示板,unknown,掲示板,wordfreq:ja,wordfreq_seeded;deterministically_filtered;structurally_curated
ja,v1,3,2875,2909,改めて,改めて,改めて,unknown,改めて,wordfreq:ja,wordfreq_seeded;deterministically_filtered;structurally_curated
ja,v1,3,2876,2910,正,正,正,unknown,正,wordfreq:ja,wordfreq_seeded;deterministically_filtered;structurally_curated
ja,v1,3,2877,2911,狙っ,狙っ,狙っ,unknown,狙っ,wordfreq:ja,wordfreq_seeded;deterministically_filtered;structurally_curated
ja,v1,3,2878,2912,男の子,男の子,男の子,unknown,男の子,wordfreq:ja,wordfreq_seeded;deterministically_filtered;structurally_curated
ja,v1,3,2879,2913,直後,直後,直後,unknown,直後,wordfreq:ja,wordfreq_seeded;deterministically_filtered;structurally_curated
ja,v1,3,2880,2914,筋肉,筋肉,筋肉,unknown,筋肉,wordfreq:ja,wordfreq_seeded;deterministically_filtered;structurally_curated
ja,v1,3,2881,2915,純,純,純,unknown,純,wordfreq:ja,wordfreq_seeded;deterministically_filtered;structurally_curated
ja,v1,3,2882,2916,置く,置く,置く,unknown,置く,wordfreq:ja,wordfreq_seeded;deterministically_filtered;structurally_curated
ja,v1,3,2883,2917,美容,美容,美容,unknown,美容,wordfreq:ja,wordfreq_seeded;deterministically_filtered;structurally_curated
ja,v1,3,2884,2918,腰,腰,腰,unknown,腰,wordfreq:ja,wordfreq_seeded;deterministically_filtered;structurally_curated
ja,v1,3,2885,2919,航空,航空,航空,unknown,航空,wordfreq:ja,wordfreq_seeded;deterministically_filtered;structurally_curated
ja,v1,3,2886,2920,製作,製作,製作,unknown,製作,wordfreq:ja,wordfreq_seeded;deterministically_filtered;structurally_curated
ja,v1,3,2887,2921,見事,見事,見事,unknown,見事,wordfreq:ja,wordfreq_seeded;deterministically_filtered;structurally_curated
ja,v1,3,2888,2922,規則,規則,規則,unknown,規則,wordfreq:ja,wordfreq_seeded;deterministically_filtered;structurally_curated
ja,v1,3,2889,2923,規定,規定,規定,unknown,規定,wordfreq:ja,wordfreq_seeded;deterministically_filtered;structurally_curated
ja,v1,3,2890,2924,設備,設備,設備,unknown,設備,wordfreq:ja,wordfreq_seeded;deterministically_filtered;structurally_curated
ja,v1,3,2891,2925,谷,谷,谷,unknown,谷,wordfreq:ja,wordfreq_seeded;deterministically_filtered;structurally_curated
ja,v1,3,2892,2926,起動,起動,起動,unknown,起動,wordfreq:ja,wordfreq_seeded;deterministically_filtered;structurally_curated
ja,v1,3,2893,2927,送り,送り,送り,unknown,送り,wordfreq:ja,wordfreq_seeded;deterministically_filtered;structurally_curated
ja,v1,3,2894,2928,適用,適用,適用,unknown,適用,wordfreq:ja,wordfreq_seeded;deterministically_filtered;structurally_curated
ja,v1,3,2895,2929,選択肢,選択肢,選択肢,unknown,選択肢,wordfreq:ja,wordfreq_seeded;deterministically_filtered;structurally_curated
ja,v1,3,2896,2930,鈴木,鈴木,鈴木,unknown,鈴木,wordfreq:ja,wordfreq_seeded;deterministically_filtered;structurally_curated
ja,v1,3,2897,2931,鉄道,鉄道,鉄道,unknown,鉄道,wordfreq:ja,wordfreq_seeded;deterministically_filtered;structurally_curated
ja,v1,3,2898,2932,高級,高級,高級,unknown,高級,wordfreq:ja,wordfreq_seeded;deterministically_filtered;structurally_curated
ja,v1,3,2899,2933,麺,麺,麺,unknown,麺,wordfreq:ja,wordfreq_seeded;deterministically_filtered;structurally_curated
ja,v1,3,2900,2934,うる,うる,うる,unknown,うる,wordfreq:ja,wordfreq_seeded;deterministically_filtered;structurally_curated
ja,v1,3,2901,2935,お知らせ,お知らせ,お知らせ,unknown,お知らせ,wordfreq:ja,wordfreq_seeded;deterministically_filtered;structurally_curated
ja,v1,3,2902,2936,お茶,お茶,お茶,unknown,お茶,wordfreq:ja,wordfreq_seeded;deterministically_filtered;structurally_curated
ja,v1,3,2903,2937,ざる,ざる,ざる,unknown,ざる,wordfreq:ja,wordfreq_seeded;deterministically_filtered;structurally_curated
ja,v1,3,2904,2938,せっかく,せっかく,せっかく,unknown,せっかく,wordfreq:ja,wordfreq_seeded;deterministically_filtered;structurally_curated
ja,v1,3,2905,2939,そっ,そっ,そっ,unknown,そっ,wordfreq:ja,wordfreq_seeded;deterministically_filtered;structurally_curated
ja,v1,3,2906,2940,ばっか,ばっか,ばっか,unknown,ばっか,wordfreq:ja,wordfreq_seeded;deterministically_filtered;structurally_curated
ja,v1,3,2907,2941,へん,へん,へん,unknown,へん,wordfreq:ja,wordfreq_seeded;deterministically_filtered;structurally_curated
ja,v1,3,2908,2942,ほら,ほら,ほら,unknown,ほら,wordfreq:ja,wordfreq_seeded;deterministically_filtered;structurally_curated
ja,v1,3,2909,2943,みな,みな,みな,unknown,みな,wordfreq:ja,wordfreq_seeded;deterministically_filtered;structurally_curated
ja,v1,3,2910,2944,サブ,サブ,サブ,unknown,サブ,wordfreq:ja,wordfreq_seeded;deterministically_filtered;structurally_curated
ja,v1,3,2911,2945,デ,デ,デ,unknown,デ,wordfreq:ja,wordfreq_seeded;deterministically_filtered;structurally_curated
ja,v1,3,2912,2946,ドライブ,ドライブ,ドライブ,unknown,ドライブ,wordfreq:ja,wordfreq_seeded;deterministically_filtered;structurally_curated
ja,v1,3,2913,2947,ニーズ,ニーズ,ニーズ,unknown,ニーズ,wordfreq:ja,wordfreq_seeded;deterministically_filtered;structurally_curated
ja,v1,3,2914,2948,ハウス,ハウス,ハウス,unknown,ハウス,wordfreq:ja,wordfreq_seeded;deterministically_filtered;structurally_curated
ja,v1,3,2915,2949,ハート,ハート,ハート,unknown,ハート,wordfreq:ja,wordfreq_seeded;deterministically_filtered;structurally_curated
ja,v1,3,2916,2950,パック,パック,パック,unknown,パック,wordfreq:ja,wordfreq_seeded;deterministically_filtered;structurally_curated
ja,v1,3,2917,2951,一気に,一気に,一気に,unknown,一気に,wordfreq:ja,wordfreq_seeded;deterministically_filtered;structurally_curated
ja,v1,3,2918,2952,上がる,上がる,上がる,unknown,上がる,wordfreq:ja,wordfreq_seeded;deterministically_filtered;structurally_curated
ja,v1,3,2919,2953,乗り,乗り,乗り,unknown,乗り,wordfreq:ja,wordfreq_seeded;deterministically_filtered;structurally_curated
ja,v1,3,2920,2954,九州,九州,九州,unknown,九州,wordfreq:ja,wordfreq_seeded;deterministically_filtered;structurally_curated
ja,v1,3,2921,2955,人工,人工,人工,unknown,人工,wordfreq:ja,wordfreq_seeded;deterministically_filtered;structurally_curated
ja,v1,3,2922,2956,免許,免許,免許,unknown,免許,wordfreq:ja,wordfreq_seeded;deterministically_filtered;structurally_curated
ja,v1,3,2923,2957,入ら,入ら,入ら,unknown,入ら,wordfreq:ja,wordfreq_seeded;deterministically_filtered;structurally_curated
ja,v1,3,2924,2958,全力,全力,全力,unknown,全力,wordfreq:ja,wordfreq_seeded;deterministically_filtered;structurally_curated
ja,v1,3,2925,2959,全身,全身,全身,unknown,全身,wordfreq:ja,wordfreq_seeded;deterministically_filtered;structurally_curated
ja,v1,3,2926,2960,内閣,内閣,内閣,unknown,内閣,wordfreq:ja,wordfreq_seeded;deterministically_filtered;structurally_curated
ja,v1,3,2927,2961,切り,切り,切り,unknown,切り,wordfreq:ja,wordfreq_seeded;deterministically_filtered;structurally_curated
ja,v1,3,2928,2962,初回,初回,初回,unknown,初回,wordfreq:ja,wordfreq_seeded;deterministically_filtered;structurally_curated
ja,v1,3,2929,2963,同僚,同僚,同僚,unknown,同僚,wordfreq:ja,wordfreq_seeded;deterministically_filtered;structurally_curated
ja,v1,3,2930,2964,大手,大手,大手,unknown,大手,wordfreq:ja,wordfreq_seeded;deterministically_filtered;structurally_curated
ja,v1,3,2931,2965,夫婦,夫婦,夫婦,unknown,夫婦,wordfreq:ja,wordfreq_seeded;deterministically_filtered;structurally_curated
ja,v1,3,2932,2966,奥,奥,奥,unknown,奥,wordfreq:ja,wordfreq_seeded;deterministically_filtered;structurally_curated
ja,v1,3,2933,2967,実家,実家,実家,unknown,実家,wordfreq:ja,wordfreq_seeded;deterministically_filtered;structurally_curated
ja,v1,3,2934,2968,当たっ,当たっ,当たっ,unknown,当たっ,wordfreq:ja,wordfreq_seeded;deterministically_filtered;structurally_curated
ja,v1,3,2935,2969,応じ,応じ,応じ,unknown,応じ,wordfreq:ja,wordfreq_seeded;deterministically_filtered;structurally_curated
ja,v1,3,2936,2970,恐ろしい,恐ろしい,恐ろしい,unknown,恐ろしい,wordfreq:ja,wordfreq_seeded;deterministically_filtered;structurally_curated
ja,v1,3,2937,2971,戻る,戻る,戻る,unknown,戻る,wordfreq:ja,wordfreq_seeded;deterministically_filtered;structurally_curated
ja,v1,3,2938,2972,挙げ,挙げ,挙げ,unknown,挙げ,wordfreq:ja,wordfreq_seeded;deterministically_filtered;structurally_curated
ja,v1,3,2939,2973,描か,描か,描か,unknown,描か,wordfreq:ja,wordfreq_seeded;deterministically_filtered;structurally_curated
ja,v1,3,2940,2974,文句,文句,文句,unknown,文句,wordfreq:ja,wordfreq_seeded;deterministically_filtered;structurally_curated
ja,v1,3,2941,2975,文書,文書,文書,unknown,文書,wordfreq:ja,wordfreq_seeded;deterministically_filtered;structurally_curated
ja,v1,3,2942,2976,普及,普及,普及,unknown,普及,wordfreq:ja,wordfreq_seeded;deterministically_filtered;structurally_curated
ja,v1,3,2943,2977,来年,来年,来年,unknown,来年,wordfreq:ja,wordfreq_seeded;deterministically_filtered;structurally_curated
ja,v1,3,2944,2978,歌詞,歌詞,歌詞,unknown,歌詞,wordfreq:ja,wordfreq_seeded;deterministically_filtered;structurally_curated
ja,v1,3,2945,2979,死ね,死ね,死ね,unknown,死ね,wordfreq:ja,wordfreq_seeded;deterministically_filtered;structurally_curated
ja,v1,3,2946,2980,毒,毒,毒,unknown,毒,wordfreq:ja,wordfreq_seeded;deterministically_filtered;structurally_curated
ja,v1,3,2947,2981,泣い,泣い,泣い,unknown,泣い,wordfreq:ja,wordfreq_seeded;deterministically_filtered;structurally_curated
ja,v1,3,2948,2982,活用,活用,活用,unknown,活用,wordfreq:ja,wordfreq_seeded;deterministically_filtered;structurally_curated
ja,v1,3,2949,2983,犯人,犯人,犯人,unknown,犯人,wordfreq:ja,wordfreq_seeded;deterministically_filtered;structurally_curated
ja,v1,3,2950,2984,申請,申請,申請,unknown,申請,wordfreq:ja,wordfreq_seeded;deterministically_filtered;structurally_curated
ja,v1,3,2951,2985,盤,盤,盤,unknown,盤,wordfreq:ja,wordfreq_seeded;deterministically_filtered;structurally_curated
ja,v1,3,2952,2986,直し,直し,直し,unknown,直し,wordfreq:ja,wordfreq_seeded;deterministically_filtered;structurally_curated
ja,v1,3,2953,2987,福祉,福祉,福祉,unknown,福祉,wordfreq:ja,wordfreq_seeded;deterministically_filtered;structurally_curated
ja,v1,3,2954,2988,笑う,笑う,笑う,unknown,笑う,wordfreq:ja,wordfreq_seeded;deterministically_filtered;structurally_curated
ja,v1,3,2955,2989,策,策,策,unknown,策,wordfreq:ja,wordfreq_seeded;deterministically_filtered;structurally_curated
ja,v1,3,2956,2990,解除,解除,解除,unknown,解除,wordfreq:ja,wordfreq_seeded;deterministically_filtered;structurally_curated
ja,v1,3,2957,2991,読める,読める,読める,unknown,読める,wordfreq:ja,wordfreq_seeded;deterministically_filtered;structurally_curated
ja,v1,3,2958,2992,軽く,軽く,軽く,unknown,軽く,wordfreq:ja,wordfreq_seeded;deterministically_filtered;structurally_curated
ja,v1,3,2959,2993,長官,長官,長官,unknown,長官,wordfreq:ja,wordfreq_seeded;deterministically_filtered;structurally_curated
ja,v1,3,2960,2994,長野,長野,長野,unknown,長野,wordfreq:ja,wordfreq_seeded;deterministically_filtered;structurally_curated
ja,v1,3,2961,2995,降り,降り,降り,unknown,降り,wordfreq:ja,wordfreq_seeded;deterministically_filtered;structurally_curated
ja,v1,3,2962,2996,離婚,離婚,離婚,unknown,離婚,wordfreq:ja,wordfreq_seeded;deterministically_filtered;structurally_curated
ja,v1,3,2963,2997,食い,食い,食い,unknown,食い,wordfreq:ja,wordfreq_seeded;deterministically_filtered;structurally_curated
ja,v1,3,2964,2998,飽き,飽き,飽き,unknown,飽き,wordfreq:ja,wordfreq_seeded;deterministically_filtered;structurally_curated
ja,v1,3,2965,2999,高齢,高齢,高齢,unknown,高齢,wordfreq:ja,wordfreq_seeded;deterministically_filtered;structurally_curated
ja,v1,3,2966,3000,op,op,op,unknown,op,wordfreq:ja,wordfreq_seeded;deterministically_filtered;structurally_curated
ja,v1,3,2967,3001,that,that,that,unknown,that,wordfreq:ja,wordfreq_seeded;deterministically_filtered;structurally_curated
ja,v1,3,2968,3002,か月,か月,か月,unknown,か月,wordfreq:ja,wordfreq_seeded;deterministically_filtered;structurally_curated
ja,v1,3,2969,3003,さあ,さあ,さあ,unknown,さあ,wordfreq:ja,wordfreq_seeded;deterministically_filtered;structurally_curated
ja,v1,3,2970,3004,さくら,さくら,さくら,unknown,さくら,wordfreq:ja,wordfreq_seeded;deterministically_filtered;structurally_curated
ja,v1,3,2971,3005,にゃ,にゃ,にゃ,unknown,にゃ,wordfreq:ja,wordfreq_seeded;deterministically_filtered;structurally_curated
ja,v1,3,2972,3006,ようやく,ようやく,ようやく,unknown,ようやく,wordfreq:ja,wordfreq_seeded;deterministically_filtered;structurally_curated
ja,v1,3,2973,3007,ギター,ギター,ギター,unknown,ギター,wordfreq:ja,wordfreq_seeded;deterministically_filtered;structurally_curated
ja,v1,3,2974,3008,コミュニティ,コミュニティ,コミュニティ,unknown,コミュニティ,wordfreq:ja,wordfreq_seeded;deterministically_filtered;structurally_curated
ja,v1,3,2975,3009,ピアノ,ピアノ,ピアノ,unknown,ピアノ,wordfreq:ja,wordfreq_seeded;deterministically_filtered;structurally_curated
ja,v1,3,2976,3010,ポケモン,ポケモン,ポケモン,unknown,ポケモン,wordfreq:ja,wordfreq_seeded;deterministically_filtered;structurally_curated
ja,v1,3,2977,3011,メートル,メートル,メートル,unknown,メートル,wordfreq:ja,wordfreq_seeded;deterministically_filtered;structurally_curated
ja,v1,3,2978,3012,ユニット,ユニット,ユニット,unknown,ユニット,wordfreq:ja,wordfreq_seeded;deterministically_filtered;structurally_curated
ja,v1,3,2979,3013,伝える,伝える,伝える,unknown,伝える,wordfreq:ja,wordfreq_seeded;deterministically_filtered;structurally_curated
ja,v1,3,2980,3014,削除,削除,削除,unknown,削除,wordfreq:ja,wordfreq_seeded;deterministically_filtered;structurally_curated
ja,v1,3,2981,3015,勇気,勇気,勇気,unknown,勇気,wordfreq:ja,wordfreq_seeded;deterministically_filtered;structurally_curated
ja,v1,3,2982,3016,勢い,勢い,勢い,unknown,勢い,wordfreq:ja,wordfreq_seeded;deterministically_filtered;structurally_curated
ja,v1,3,2983,3017,参照,参照,参照,unknown,参照,wordfreq:ja,wordfreq_seeded;deterministically_filtered;structurally_curated
ja,v1,3,2984,3018,合格,合格,合格,unknown,合格,wordfreq:ja,wordfreq_seeded;deterministically_filtered;structurally_curated
ja,v1,3,2985,3019,同じく,同じく,同じく,unknown,同じく,wordfreq:ja,wordfreq_seeded;deterministically_filtered;structurally_curated
ja,v1,3,2986,3020,回し,回し,回し,unknown,回し,wordfreq:ja,wordfreq_seeded;deterministically_filtered;structurally_curated
ja,v1,3,2987,3021,多少,多少,多少,unknown,多少,wordfreq:ja,wordfreq_seeded;deterministically_filtered;structurally_curated
ja,v1,3,2988,3022,学ぶ,学ぶ,学ぶ,unknown,学ぶ,wordfreq:ja,wordfreq_seeded;deterministically_filtered;structurally_curated
ja,v1,3,2989,3023,宮,宮,宮,unknown,宮,wordfreq:ja,wordfreq_seeded;deterministically_filtered;structurally_curated
ja,v1,3,2990,3024,対処,対処,対処,unknown,対処,wordfreq:ja,wordfreq_seeded;deterministically_filtered;structurally_curated
ja,v1,3,2991,3025,座っ,座っ,座っ,unknown,座っ,wordfreq:ja,wordfreq_seeded;deterministically_filtered;structurally_curated
ja,v1,3,2992,3026,当初,当初,当初,unknown,当初,wordfreq:ja,wordfreq_seeded;deterministically_filtered;structurally_curated
ja,v1,3,2993,3027,必死,必死,必死,unknown,必死,wordfreq:ja,wordfreq_seeded;deterministically_filtered;structurally_curated
ja,v1,3,2994,3028,怖く,怖く,怖く,unknown,怖く,wordfreq:ja,wordfreq_seeded;deterministically_filtered;structurally_curated
ja,v1,3,2995,3029,意思,意思,意思,unknown,意思,wordfreq:ja,wordfreq_seeded;deterministically_filtered;structurally_curated
ja,v1,3,2996,3030,所属,所属,所属,unknown,所属,wordfreq:ja,wordfreq_seeded;deterministically_filtered;structurally_curated
ja,v1,3,2997,3031,提出,提出,提出,unknown,提出,wordfreq:ja,wordfreq_seeded;deterministically_filtered;structurally_curated
ja,v1,3,2998,3032,楽しかっ,楽しかっ,楽しかっ,unknown,楽しかっ,wordfreq:ja,wordfreq_seeded;deterministically_filtered;structurally_curated
ja,v1,3,2999,3033,深く,深く,深く,unknown,深く,wordfreq:ja,wordfreq_seeded;deterministically_filtered;structurally_curated
ja,v1,3,3000,3034,環,環,環,unknown,環,wordfreq:ja,wordfreq_seeded;deterministically_filtered;structurally_curated
