language,frequency_list_version,level,rank,source_rank,display_form,lemma,lemma_key,part_of_speech,definition_seed,source_provenance,curation_flags
nl,v1,1,1,1,de,de,de,unknown,de,wordfreq:nl,wordfreq_seeded;deterministically_filtered;structurally_curated
nl,v1,1,2,2,van,van,van,unknown,van,wordfreq:nl,wordfreq_seeded;deterministically_filtered;structurally_curated
nl,v1,1,3,3,het,het,het,unknown,het,wordfreq:nl,wordfreq_seeded;deterministically_filtered;structurally_curated
nl,v1,1,4,4,een,een,een,unknown,een,wordfreq:nl,wordfreq_seeded;deterministically_filtered;structurally_curated
nl,v1,1,5,5,en,en,en,unknown,en,wordfreq:nl,wordfreq_seeded;deterministically_filtered;structurally_curated
nl,v1,1,6,6,in,in,in,unknown,in,wordfreq:nl,wordfreq_seeded;deterministically_filtered;structurally_curated
nl,v1,1,7,7,is,is,is,unknown,is,wordfreq:nl,wordfreq_seeded;deterministically_filtered;structurally_curated
nl,v1,1,8,8,op,op,op,unknown,op,wordfreq:nl,wordfreq_seeded;deterministically_filtered;structurally_curated
nl,v1,1,9,9,ik,ik,ik,unknown,ik,wordfreq:nl,wordfreq_seeded;deterministically_filtered;structurally_curated
nl,v1,1,10,10,dat,dat,dat,unknown,dat,wordfreq:nl,wordfreq_seeded;deterministically_filtered;structurally_curated
nl,v1,1,11,11,voor,voor,voor,unknown,voor,wordfreq:nl,wordfreq_seeded;deterministically_filtered;structurally_curated
nl,v1,1,12,12,je,je,je,unknown,je,wordfreq:nl,wordfreq_seeded;deterministically_filtered;structurally_curated
nl,v1,1,13,13,te,te,te,unknown,te,wordfreq:nl,wordfreq_seeded;deterministically_filtered;structurally_curated
nl,v1,1,14,14,met,met,met,unknown,met,wordfreq:nl,wordfreq_seeded;deterministically_filtered;structurally_curated
nl,v1,1,15,15,niet,niet,niet,unknown,niet,wordfreq:nl,wordfreq_seeded;deterministically_filtered;structurally_curated
nl,v1,1,16,16,zijn,zijn,zijn,unknown,zijn,wordfreq:nl,wordfreq_seeded;deterministically_filtered;structurally_curated
nl,v1,1,17,18,die,die,die,unknown,die,wordfreq:nl,wordfreq_seeded;deterministically_filtered;structurally_curated
nl,v1,1,18,19,als,als,als,unknown,als,wordfreq:nl,wordfreq_seeded;deterministically_filtered;structurally_curated
nl,v1,1,19,20,er,er,er,unknown,er,wordfreq:nl,wordfreq_seeded;deterministically_filtered;structurally_curated
nl,v1,1,20,21,maar,maar,maar,unknown,maar,wordfreq:nl,wordfreq_seeded;deterministically_filtered;structurally_curated
nl,v1,1,21,22,om,om,om,unknown,om,wordfreq:nl,wordfreq_seeded;deterministically_filtered;structurally_curated
nl,v1,1,22,23,aan,aan,aan,unknown,aan,wordfreq:nl,wordfreq_seeded;deterministically_filtered;structurally_curated
nl,v1,1,23,24,hij,hij,hij,unknown,hij,wordfreq:nl,wordfreq_seeded;deterministically_filtered;structurally_curated
nl,v1,1,24,25,ook,ook,ook,unknown,ook,wordfreq:nl,wordfreq_seeded;deterministically_filtered;structurally_curated
nl,v1,1,25,26,ze,ze,ze,unknown,ze,wordfreq:nl,wordfreq_seeded;deterministically_filtered;structurally_curated
nl,v1,1,26,27,door,door,door,unknown,door,wordfreq:nl,wordfreq_seeded;deterministically_filtered;structurally_curated
nl,v1,1,27,28,naar,naar,naar,unknown,naar,wordfreq:nl,wordfreq_seeded;deterministically_filtered;structurally_curated
nl,v1,1,28,29,uit,uit,uit,unknown,uit,wordfreq:nl,wordfreq_seeded;deterministically_filtered;structurally_curated
nl,v1,1,29,31,bij,bij,bij,unknown,bij,wordfreq:nl,wordfreq_seeded;deterministically_filtered;structurally_curated
nl,v1,1,30,32,dan,dan,dan,unknown,dan,wordfreq:nl,wordfreq_seeded;deterministically_filtered;structurally_curated
nl,v1,1,31,33,dit,dit,dit,unknown,dit,wordfreq:nl,wordfreq_seeded;deterministically_filtered;structurally_curated
nl,v1,1,32,34,was,was,was,unknown,was,wordfreq:nl,wordfreq_seeded;deterministically_filtered;structurally_curated
nl,v1,1,33,35,we,we,we,unknown,we,wordfreq:nl,wordfreq_seeded;deterministically_filtered;structurally_curated
nl,v1,1,34,36,wat,wat,wat,unknown,wat,wordfreq:nl,wordfreq_seeded;deterministically_filtered;structurally_curated
nl,v1,1,35,37,heeft,heeft,heeft,unknown,heeft,wordfreq:nl,wordfreq_seeded;deterministically_filtered;structurally_curated
nl,v1,1,36,38,of,of,of,unknown,of,wordfreq:nl,wordfreq_seeded;deterministically_filtered;structurally_curated
nl,v1,1,37,39,over,over,over,unknown,over,wordfreq:nl,wordfreq_seeded;deterministically_filtered;structurally_curated
nl,v1,1,38,40,nog,nog,nog,unknown,nog,wordfreq:nl,wordfreq_seeded;deterministically_filtered;structurally_curated
nl,v1,1,39,41,deze,deze,deze,unknown,deze,wordfreq:nl,wordfreq_seeded;deterministically_filtered;structurally_curated
nl,v1,1,40,42,hebben,hebben,hebben,unknown,hebben,wordfreq:nl,wordfreq_seeded;deterministically_filtered;structurally_curated
nl,v1,1,41,43,kan,kan,kan,unknown,kan,wordfreq:nl,wordfreq_seeded;deterministically_filtered;structurally_curated
nl,v1,1,42,44,meer,meer,meer,unknown,meer,wordfreq:nl,wordfreq_seeded;deterministically_filtered;structurally_curated
nl,v1,1,43,45,zo,zo,zo,unknown,zo,wordfreq:nl,wordfreq_seeded;deterministically_filtered;structurally_curated
nl,v1,1,44,46,al,al,al,unknown,al,wordfreq:nl,wordfreq_seeded;deterministically_filtered;structurally_curated
nl,v1,1,45,47,geen,geen,geen,unknown,geen,wordfreq:nl,wordfreq_seeded;deterministically_filtered;structurally_curated
nl,v1,1,46,48,mijn,mijn,mijn,unknown,mijn,wordfreq:nl,wordfreq_seeded;deterministically_filtered;structurally_curated
nl,v1,1,47,49,wel,wel,wel,unknown,wel,wordfreq:nl,wordfreq_seeded;deterministically_filtered;structurally_curated
nl,v1,1,48,50,tot,tot,tot,unknown,tot,wordfreq:nl,wordfreq_seeded;deterministically_filtered;structurally_curated
nl,v1,1,49,51,u,u,u,unknown,u,wordfreq:nl,wordfreq_seeded;deterministically_filtered;structurally_curated
nl,v1,1,50,52,wordt,wordt,wordt,unknown,wordt,wordfreq:nl,wordfreq_seeded;deterministically_filtered;structurally_curated
nl,v1,1,51,53,heb,heb,heb,unknown,heb,wordfreq:nl,wordfreq_seeded;deterministically_filtered;structurally_curated
nl,v1,1,52,54,worden,worden,worden,unknown,worden,wordfreq:nl,wordfreq_seeded;deterministically_filtered;structurally_curated
nl,v1,1,53,55,nu,nu,nu,unknown,nu,wordfreq:nl,wordfreq_seeded;deterministically_filtered;structurally_curated
nl,v1,1,54,56,haar,haar,haar,unknown,haar,wordfreq:nl,wordfreq_seeded;deterministically_filtered;structurally_curated
nl,v1,1,55,57,ben,ben,ben,unknown,ben,wordfreq:nl,wordfreq_seeded;deterministically_filtered;structurally_curated
nl,v1,1,56,58,kunnen,kunnen,kunnen,unknown,kunnen,wordfreq:nl,wordfreq_seeded;deterministically_filtered;structurally_curated
nl,v1,1,57,59,veel,veel,veel,unknown,veel,wordfreq:nl,wordfreq_seeded;deterministically_filtered;structurally_curated
nl,v1,1,58,60,jaar,jaar,jaar,unknown,jaar,wordfreq:nl,wordfreq_seeded;deterministically_filtered;structurally_curated
nl,v1,1,59,61,me,me,me,unknown,me,wordfreq:nl,wordfreq_seeded;deterministically_filtered;structurally_curated
nl,v1,1,60,62,moet,moet,moet,unknown,moet,wordfreq:nl,wordfreq_seeded;deterministically_filtered;structurally_curated
nl,v1,1,61,63,hoe,hoe,hoe,unknown,hoe,wordfreq:nl,wordfreq_seeded;deterministically_filtered;structurally_curated
nl,v1,1,62,64,mensen,mensen,mensen,unknown,mensen,wordfreq:nl,wordfreq_seeded;deterministically_filtered;structurally_curated
nl,v1,1,63,65,na,na,na,unknown,na,wordfreq:nl,wordfreq_seeded;deterministically_filtered;structurally_curated
nl,v1,1,64,66,ons,ons,ons,unknown,ons,wordfreq:nl,wordfreq_seeded;deterministically_filtered;structurally_curated
nl,v1,1,65,67,waar,waar,waar,unknown,waar,wordfreq:nl,wordfreq_seeded;deterministically_filtered;structurally_curated
nl,v1,1,66,68,werd,werd,werd,unknown,werd,wordfreq:nl,wordfreq_seeded;deterministically_filtered;structurally_curated
nl,v1,1,67,70,goed,goed,goed,unknown,goed,wordfreq:nl,wordfreq_seeded;deterministically_filtered;structurally_curated
nl,v1,1,68,71,gaan,gaan,gaan,unknown,gaan,wordfreq:nl,wordfreq_seeded;deterministically_filtered;structurally_curated
nl,v1,1,69,72,gaat,gaat,gaat,unknown,gaat,wordfreq:nl,wordfreq_seeded;deterministically_filtered;structurally_curated
nl,v1,1,70,73,onze,onze,onze,unknown,onze,wordfreq:nl,wordfreq_seeded;deterministically_filtered;structurally_curated
nl,v1,1,71,74,wil,wil,wil,unknown,wil,wordfreq:nl,wordfreq_seeded;deterministically_filtered;structurally_curated
nl,v1,1,72,75,zich,zich,zich,unknown,zich,wordfreq:nl,wordfreq_seeded;deterministically_filtered;structurally_curated
nl,v1,1,73,76,zou,zou,zou,unknown,zou,wordfreq:nl,wordfreq_seeded;deterministically_filtered;structurally_curated
nl,v1,1,74,77,doen,doen,doen,unknown,doen,wordfreq:nl,wordfreq_seeded;deterministically_filtered;structurally_curated
nl,v1,1,75,78,andere,andere,andere,unknown,andere,wordfreq:nl,wordfreq_seeded;deterministically_filtered;structurally_curated
nl,v1,1,76,79,hier,hier,hier,unknown,hier,wordfreq:nl,wordfreq_seeded;deterministically_filtered;structurally_curated
nl,v1,1,77,80,dus,dus,dus,unknown,dus,wordfreq:nl,wordfreq_seeded;deterministically_filtered;structurally_curated
nl,v1,1,78,81,tegen,tegen,tegen,unknown,tegen,wordfreq:nl,wordfreq_seeded;deterministically_filtered;structurally_curated
nl,v1,1,79,82,maken,maken,maken,unknown,maken,wordfreq:nl,wordfreq_seeded;deterministically_filtered;structurally_curated
nl,v1,1,80,83,alleen,alleen,alleen,unknown,alleen,wordfreq:nl,wordfreq_seeded;deterministically_filtered;structurally_curated
nl,v1,1,81,84,mij,mij,mij,unknown,mij,wordfreq:nl,wordfreq_seeded;deterministically_filtered;structurally_curated
nl,v1,1,82,85,onder,onder,onder,unknown,onder,wordfreq:nl,wordfreq_seeded;deterministically_filtered;structurally_curated
nl,v1,1,83,87,had,had,had,unknown,had,wordfreq:nl,wordfreq_seeded;deterministically_filtered;structurally_curated
nl,v1,1,84,88,hun,hun,hun,unknown,hun,wordfreq:nl,wordfreq_seeded;deterministically_filtered;structurally_curated
nl,v1,1,85,89,twee,twee,twee,unknown,twee,wordfreq:nl,wordfreq_seeded;deterministically_filtered;structurally_curated
nl,v1,1,86,90,nieuwe,nieuwe,nieuwe,unknown,nieuwe,wordfreq:nl,wordfreq_seeded;deterministically_filtered;structurally_curated
nl,v1,1,87,91,weer,weer,weer,unknown,weer,wordfreq:nl,wordfreq_seeded;deterministically_filtered;structurally_curated
nl,v1,1,88,92,zien,zien,zien,unknown,zien,wordfreq:nl,wordfreq_seeded;deterministically_filtered;structurally_curated
nl,v1,1,89,93,zal,zal,zal,unknown,zal,wordfreq:nl,wordfreq_seeded;deterministically_filtered;structurally_curated
nl,v1,1,90,94,jij,jij,jij,unknown,jij,wordfreq:nl,wordfreq_seeded;deterministically_filtered;structurally_curated
nl,v1,1,91,95,moeten,moeten,moeten,unknown,moeten,wordfreq:nl,wordfreq_seeded;deterministically_filtered;structurally_curated
nl,v1,1,92,96,eerste,eerste,eerste,unknown,eerste,wordfreq:nl,wordfreq_seeded;deterministically_filtered;structurally_curated
nl,v1,1,93,97,komt,komt,komt,unknown,komt,wordfreq:nl,wordfreq_seeded;deterministically_filtered;structurally_curated
nl,v1,1,94,98,wij,wij,wij,unknown,wij,wordfreq:nl,wordfreq_seeded;deterministically_filtered;structurally_curated
nl,v1,1,95,99,echt,echt,echt,unknown,echt,wordfreq:nl,wordfreq_seeded;deterministically_filtered;structurally_curated
nl,v1,1,96,100,eens,eens,eens,unknown,eens,wordfreq:nl,wordfreq_seeded;deterministically_filtered;structurally_curated
nl,v1,1,97,101,daar,daar,daar,unknown,daar,wordfreq:nl,wordfreq_seeded;deterministically_filtered;structurally_curated
nl,v1,1,98,102,heel,heel,heel,unknown,heel,wordfreq:nl,wordfreq_seeded;deterministically_filtered;structurally_curated
nl,v1,1,99,103,toch,toch,toch,unknown,toch,wordfreq:nl,wordfreq_seeded;deterministically_filtered;structurally_curated
nl,v1,1,100,105,dag,dag,dag,unknown,dag,wordfreq:nl,wordfreq_seeded;deterministically_filtered;structurally_curated
nl,v1,1,101,106,mee,mee,mee,unknown,mee,wordfreq:nl,wordfreq_seeded;deterministically_filtered;structurally_curated
nl,v1,1,102,107,staat,staat,staat,unknown,staat,wordfreq:nl,wordfreq_seeded;deterministically_filtered;structurally_curated
nl,v1,1,103,108,alle,alle,alle,unknown,alle,wordfreq:nl,wordfreq_seeded;deterministically_filtered;structurally_curated
nl,v1,1,104,109,tijd,tijd,tijd,unknown,tijd,wordfreq:nl,wordfreq_seeded;deterministically_filtered;structurally_curated
nl,v1,1,105,110,zij,zij,zij,unknown,zij,wordfreq:nl,wordfreq_seeded;deterministically_filtered;structurally_curated
nl,v1,1,106,111,zoals,zoals,zoals,unknown,zoals,wordfreq:nl,wordfreq_seeded;deterministically_filtered;structurally_curated
nl,v1,1,107,112,iets,iets,iets,unknown,iets,wordfreq:nl,wordfreq_seeded;deterministically_filtered;structurally_curated
nl,v1,1,108,113,komen,komen,komen,unknown,komen,wordfreq:nl,wordfreq_seeded;deterministically_filtered;structurally_curated
nl,v1,1,109,114,leven,leven,leven,unknown,leven,wordfreq:nl,wordfreq_seeded;deterministically_filtered;structurally_curated
nl,v1,1,110,115,omdat,omdat,omdat,unknown,omdat,wordfreq:nl,wordfreq_seeded;deterministically_filtered;structurally_curated
nl,v1,1,111,116,toen,toen,toen,unknown,toen,wordfreq:nl,wordfreq_seeded;deterministically_filtered;structurally_curated
nl,v1,1,112,117,ga,ga,ga,unknown,ga,wordfreq:nl,wordfreq_seeded;deterministically_filtered;structurally_curated
nl,v1,1,113,118,t,t,t,unknown,t,wordfreq:nl,wordfreq_seeded;deterministically_filtered;structurally_curated
nl,v1,1,114,119,waren,waren,waren,unknown,waren,wordfreq:nl,wordfreq_seeded;deterministically_filtered;structurally_curated
nl,v1,1,115,120,hem,hem,hem,unknown,hem,wordfreq:nl,wordfreq_seeded;deterministically_filtered;structurally_curated
nl,v1,1,116,121,jullie,jullie,jullie,unknown,jullie,wordfreq:nl,wordfreq_seeded;deterministically_filtered;structurally_curated
nl,v1,1,117,122,tijdens,tijdens,tijdens,unknown,tijdens,wordfreq:nl,wordfreq_seeded;deterministically_filtered;structurally_curated
nl,v1,1,118,123,altijd,altijd,altijd,unknown,altijd,wordfreq:nl,wordfreq_seeded;deterministically_filtered;structurally_curated
nl,v1,1,119,124,tussen,tussen,tussen,unknown,tussen,wordfreq:nl,wordfreq_seeded;deterministically_filtered;structurally_curated
nl,v1,1,120,125,ja,ja,ja,unknown,ja,wordfreq:nl,wordfreq_seeded;deterministically_filtered;structurally_curated
nl,v1,1,121,126,weet,weet,weet,unknown,weet,wordfreq:nl,wordfreq_seeded;deterministically_filtered;structurally_curated
nl,v1,1,122,127,wie,wie,wie,unknown,wie,wordfreq:nl,wordfreq_seeded;deterministically_filtered;structurally_curated
nl,v1,1,123,128,laten,laten,laten,unknown,laten,wordfreq:nl,wordfreq_seeded;deterministically_filtered;structurally_curated
nl,v1,1,124,129,waarom,waarom,waarom,unknown,waarom,wordfreq:nl,wordfreq_seeded;deterministically_filtered;structurally_curated
nl,v1,1,125,131,alles,alles,alles,unknown,alles,wordfreq:nl,wordfreq_seeded;deterministically_filtered;structurally_curated
nl,v1,1,126,132,net,net,net,unknown,net,wordfreq:nl,wordfreq_seeded;deterministically_filtered;structurally_curated
nl,v1,1,127,133,via,via,via,unknown,via,wordfreq:nl,wordfreq_seeded;deterministically_filtered;structurally_curated
nl,v1,1,128,134,even,even,even,unknown,even,wordfreq:nl,wordfreq_seeded;deterministically_filtered;structurally_curated
nl,v1,1,129,135,gewoon,gewoon,gewoon,unknown,gewoon,wordfreq:nl,wordfreq_seeded;deterministically_filtered;structurally_curated
nl,v1,1,130,136,grote,grote,grote,unknown,grote,wordfreq:nl,wordfreq_seeded;deterministically_filtered;structurally_curated
nl,v1,1,131,137,man,man,man,unknown,man,wordfreq:nl,wordfreq_seeded;deterministically_filtered;structurally_curated
nl,v1,1,132,138,terug,terug,terug,unknown,terug,wordfreq:nl,wordfreq_seeded;deterministically_filtered;structurally_curated
nl,v1,1,133,139,af,af,af,unknown,af,wordfreq:nl,wordfreq_seeded;deterministically_filtered;structurally_curated
nl,v1,1,134,140,laat,laat,laat,unknown,laat,wordfreq:nl,wordfreq_seeded;deterministically_filtered;structurally_curated
nl,v1,1,135,141,zonder,zonder,zonder,unknown,zonder,wordfreq:nl,wordfreq_seeded;deterministically_filtered;structurally_curated
nl,v1,1,136,142,uur,uur,uur,unknown,uur,wordfreq:nl,wordfreq_seeded;deterministically_filtered;structurally_curated
nl,v1,1,137,143,steeds,steeds,steeds,unknown,steeds,wordfreq:nl,wordfreq_seeded;deterministically_filtered;structurally_curated
nl,v1,1,138,144,zie,zie,zie,unknown,zie,wordfreq:nl,wordfreq_seeded;deterministically_filtered;structurally_curated
nl,v1,1,139,145,bent,bent,bent,unknown,bent,wordfreq:nl,wordfreq_seeded;deterministically_filtered;structurally_curated
nl,v1,1,140,146,eigen,eigen,eigen,unknown,eigen,wordfreq:nl,wordfreq_seeded;deterministically_filtered;structurally_curated
nl,v1,1,141,147,keer,keer,keer,unknown,keer,wordfreq:nl,wordfreq_seeded;deterministically_filtered;structurally_curated
nl,v1,1,142,148,maakt,maakt,maakt,unknown,maakt,wordfreq:nl,wordfreq_seeded;deterministically_filtered;structurally_curated
nl,v1,1,143,149,willen,willen,willen,unknown,willen,wordfreq:nl,wordfreq_seeded;deterministically_filtered;structurally_curated
nl,v1,1,144,150,iedereen,iedereen,iedereen,unknown,iedereen,wordfreq:nl,wordfreq_seeded;deterministically_filtered;structurally_curated
nl,v1,1,145,151,weg,weg,weg,unknown,weg,wordfreq:nl,wordfreq_seeded;deterministically_filtered;structurally_curated
nl,v1,1,146,152,hele,hele,hele,unknown,hele,wordfreq:nl,wordfreq_seeded;deterministically_filtered;structurally_curated
nl,v1,1,147,153,iemand,iemand,iemand,unknown,iemand,wordfreq:nl,wordfreq_seeded;deterministically_filtered;structurally_curated
nl,v1,1,148,154,binnen,binnen,binnen,unknown,binnen,wordfreq:nl,wordfreq_seeded;deterministically_filtered;structurally_curated
nl,v1,1,149,155,uw,uw,uw,unknown,uw,wordfreq:nl,wordfreq_seeded;deterministically_filtered;structurally_curated
nl,v1,1,150,156,werden,werden,werden,unknown,werden,wordfreq:nl,wordfreq_seeded;deterministically_filtered;structurally_curated
nl,v1,1,151,157,werk,werk,werk,unknown,werk,wordfreq:nl,wordfreq_seeded;deterministically_filtered;structurally_curated
nl,v1,1,152,158,nooit,nooit,nooit,unknown,nooit,wordfreq:nl,wordfreq_seeded;deterministically_filtered;structurally_curated
nl,v1,1,153,159,zit,zit,zit,unknown,zit,wordfreq:nl,wordfreq_seeded;deterministically_filtered;structurally_curated
nl,v1,1,154,160,één,één,één,unknown,één,wordfreq:nl,wordfreq_seeded;deterministically_filtered;structurally_curated
nl,v1,1,155,161,drie,drie,drie,unknown,drie,wordfreq:nl,wordfreq_seeded;deterministically_filtered;structurally_curated
nl,v1,1,156,162,the,the,the,unknown,the,wordfreq:nl,wordfreq_seeded;deterministically_filtered;structurally_curated
nl,v1,1,157,163,zelf,zelf,zelf,unknown,zelf,wordfreq:nl,wordfreq_seeded;deterministically_filtered;structurally_curated
nl,v1,1,158,165,aantal,aantal,aantal,unknown,aantal,wordfreq:nl,wordfreq_seeded;deterministically_filtered;structurally_curated
nl,v1,1,159,166,geven,geven,geven,unknown,geven,wordfreq:nl,wordfreq_seeded;deterministically_filtered;structurally_curated
nl,v1,1,160,167,hebt,hebt,hebt,unknown,hebt,wordfreq:nl,wordfreq_seeded;deterministically_filtered;structurally_curated
nl,v1,1,161,168,kinderen,kinderen,kinderen,unknown,kinderen,wordfreq:nl,wordfreq_seeded;deterministically_filtered;structurally_curated
nl,v1,1,162,169,samen,samen,samen,unknown,samen,wordfreq:nl,wordfreq_seeded;deterministically_filtered;structurally_curated
nl,v1,1,163,170,vinden,vinden,vinden,unknown,vinden,wordfreq:nl,wordfreq_seeded;deterministically_filtered;structurally_curated
nl,v1,1,164,171,kunt,kunt,kunt,unknown,kunt,wordfreq:nl,wordfreq_seeded;deterministically_filtered;structurally_curated
nl,v1,1,165,172,plaats,plaats,plaats,unknown,plaats,wordfreq:nl,wordfreq_seeded;deterministically_filtered;structurally_curated
nl,v1,1,166,173,snel,snel,snel,unknown,snel,wordfreq:nl,wordfreq_seeded;deterministically_filtered;structurally_curated
nl,v1,1,167,174,toe,toe,toe,unknown,toe,wordfreq:nl,wordfreq_seeded;deterministically_filtered;structurally_curated
nl,v1,1,168,175,deel,deel,deel,unknown,deel,wordfreq:nl,wordfreq_seeded;deterministically_filtered;structurally_curated
nl,v1,1,169,176,elkaar,elkaar,elkaar,unknown,elkaar,wordfreq:nl,wordfreq_seeded;deterministically_filtered;structurally_curated
nl,v1,1,170,177,huis,huis,huis,unknown,huis,wordfreq:nl,wordfreq_seeded;deterministically_filtered;structurally_curated
nl,v1,1,171,178,laatste,laatste,laatste,unknown,laatste,wordfreq:nl,wordfreq_seeded;deterministically_filtered;structurally_curated
nl,v1,1,172,179,mag,mag,mag,unknown,mag,wordfreq:nl,wordfreq_seeded;deterministically_filtered;structurally_curated
nl,v1,1,173,180,nederland,nederland,nederland,unknown,nederland,wordfreq:nl,wordfreq_seeded;deterministically_filtered;structurally_curated
nl,v1,1,174,181,nodig,nodig,nodig,unknown,nodig,wordfreq:nl,wordfreq_seeded;deterministically_filtered;structurally_curated
nl,v1,1,175,182,vanaf,vanaf,vanaf,unknown,vanaf,wordfreq:nl,wordfreq_seeded;deterministically_filtered;structurally_curated
nl,v1,1,176,183,vind,vind,vind,unknown,vind,wordfreq:nl,wordfreq_seeded;deterministically_filtered;structurally_curated
nl,v1,1,177,184,vrouw,vrouw,vrouw,unknown,vrouw,wordfreq:nl,wordfreq_seeded;deterministically_filtered;structurally_curated
nl,v1,1,178,185,weten,weten,weten,unknown,weten,wordfreq:nl,wordfreq_seeded;deterministically_filtered;structurally_curated
nl,v1,1,179,186,doet,doet,doet,unknown,doet,wordfreq:nl,wordfreq_seeded;deterministically_filtered;structurally_curated
nl,v1,1,180,187,krijgen,krijgen,krijgen,unknown,krijgen,wordfreq:nl,wordfreq_seeded;deterministically_filtered;structurally_curated
nl,v1,1,181,188,m,m,m,unknown,m,wordfreq:nl,wordfreq_seeded;deterministically_filtered;structurally_curated
nl,v1,1,182,189,want,want,want,unknown,want,wordfreq:nl,wordfreq_seeded;deterministically_filtered;structurally_curated
nl,v1,1,183,190,allemaal,allemaal,allemaal,unknown,allemaal,wordfreq:nl,wordfreq_seeded;deterministically_filtered;structurally_curated
nl,v1,1,184,191,beter,beter,beter,unknown,beter,wordfreq:nl,wordfreq_seeded;deterministically_filtered;structurally_curated
nl,v1,1,185,192,erg,erg,erg,unknown,erg,wordfreq:nl,wordfreq_seeded;deterministically_filtered;structurally_curated
nl,v1,1,186,193,staan,staan,staan,unknown,staan,wordfreq:nl,wordfreq_seeded;deterministically_filtered;structurally_curated
nl,v1,1,187,194,zeggen,zeggen,zeggen,unknown,zeggen,wordfreq:nl,wordfreq_seeded;deterministically_filtered;structurally_curated
nl,v1,1,188,196,zegt,zegt,zegt,unknown,zegt,wordfreq:nl,wordfreq_seeded;deterministically_filtered;structurally_curated
nl,v1,1,189,197,denk,denk,denk,unknown,denk,wordfreq:nl,wordfreq_seeded;deterministically_filtered;structurally_curated
nl,v1,1,190,198,gemaakt,gemaakt,gemaakt,unknown,gemaakt,wordfreq:nl,wordfreq_seeded;deterministically_filtered;structurally_curated
nl,v1,1,191,199,land,land,land,unknown,land,wordfreq:nl,wordfreq_seeded;deterministically_filtered;structurally_curated
nl,v1,1,192,200,naam,naam,naam,unknown,naam,wordfreq:nl,wordfreq_seeded;deterministically_filtered;structurally_curated
nl,v1,1,193,201,zeker,zeker,zeker,unknown,zeker,wordfreq:nl,wordfreq_seeded;deterministically_filtered;structurally_curated
nl,v1,1,194,202,zullen,zullen,zullen,unknown,zullen,wordfreq:nl,wordfreq_seeded;deterministically_filtered;structurally_curated
nl,v1,1,195,203,misschien,misschien,misschien,unknown,misschien,wordfreq:nl,wordfreq_seeded;deterministically_filtered;structurally_curated
nl,v1,1,196,204,stad,stad,stad,unknown,stad,wordfreq:nl,wordfreq_seeded;deterministically_filtered;structurally_curated
nl,v1,1,197,205,verschillende,verschillende,verschillende,unknown,verschillende,wordfreq:nl,wordfreq_seeded;deterministically_filtered;structurally_curated
nl,v1,1,198,206,volgens,volgens,volgens,unknown,volgens,wordfreq:nl,wordfreq_seeded;deterministically_filtered;structurally_curated
nl,v1,1,199,207,anders,anders,anders,unknown,anders,wordfreq:nl,wordfreq_seeded;deterministically_filtered;structurally_curated
nl,v1,1,200,208,goede,goede,goede,unknown,goede,wordfreq:nl,wordfreq_seeded;deterministically_filtered;structurally_curated
nl,v1,1,201,209,houden,houden,houden,unknown,houden,wordfreq:nl,wordfreq_seeded;deterministically_filtered;structurally_curated
nl,v1,1,202,210,volgende,volgende,volgende,unknown,volgende,wordfreq:nl,wordfreq_seeded;deterministically_filtered;structurally_curated
nl,v1,1,203,211,blijven,blijven,blijven,unknown,blijven,wordfreq:nl,wordfreq_seeded;deterministically_filtered;structurally_curated
nl,v1,1,204,212,graag,graag,graag,unknown,graag,wordfreq:nl,wordfreq_seeded;deterministically_filtered;structurally_curated
nl,v1,1,205,213,jou,jou,jou,unknown,jou,wordfreq:nl,wordfreq_seeded;deterministically_filtered;structurally_curated
nl,v1,1,206,214,kwam,kwam,kwam,unknown,kwam,wordfreq:nl,wordfreq_seeded;deterministically_filtered;structurally_curated
nl,v1,1,207,215,verder,verder,verder,unknown,verder,wordfreq:nl,wordfreq_seeded;deterministically_filtered;structurally_curated
nl,v1,1,208,216,wanneer,wanneer,wanneer,unknown,wanneer,wordfreq:nl,wordfreq_seeded;deterministically_filtered;structurally_curated
nl,v1,1,209,217,beste,beste,beste,unknown,beste,wordfreq:nl,wordfreq_seeded;deterministically_filtered;structurally_curated
nl,v1,1,210,218,lang,lang,lang,unknown,lang,wordfreq:nl,wordfreq_seeded;deterministically_filtered;structurally_curated
nl,v1,1,211,219,niets,niets,niets,unknown,niets,wordfreq:nl,wordfreq_seeded;deterministically_filtered;structurally_curated
nl,v1,1,212,220,per,per,per,unknown,per,wordfreq:nl,wordfreq_seeded;deterministically_filtered;structurally_curated
nl,v1,1,213,221,vandaag,vandaag,vandaag,unknown,vandaag,wordfreq:nl,wordfreq_seeded;deterministically_filtered;structurally_curated
nl,v1,1,214,222,vragen,vragen,vragen,unknown,vragen,wordfreq:nl,wordfreq_seeded;deterministically_filtered;structurally_curated
nl,v1,1,215,223,werken,werken,werken,unknown,werken,wordfreq:nl,wordfreq_seeded;deterministically_filtered;structurally_curated
nl,v1,1,216,224,dagen,dagen,dagen,unknown,dagen,wordfreq:nl,wordfreq_seeded;deterministically_filtered;structurally_curated
nl,v1,1,217,225,eerst,eerst,eerst,unknown,eerst,wordfreq:nl,wordfreq_seeded;deterministically_filtered;structurally_curated
nl,v1,1,218,226,elke,elke,elke,unknown,elke,wordfreq:nl,wordfreq_seeded;deterministically_filtered;structurally_curated
nl,v1,1,219,227,s,s,s,unknown,s,wordfreq:nl,wordfreq_seeded;deterministically_filtered;structurally_curated
nl,v1,1,220,228,vraag,vraag,vraag,unknown,vraag,wordfreq:nl,wordfreq_seeded;deterministically_filtered;structurally_curated
nl,v1,1,221,229,zelfs,zelfs,zelfs,unknown,zelfs,wordfreq:nl,wordfreq_seeded;deterministically_filtered;structurally_curated
nl,v1,1,222,230,gebruikt,gebruikt,gebruikt,unknown,gebruikt,wordfreq:nl,wordfreq_seeded;deterministically_filtered;structurally_curated
nl,v1,1,223,231,gezien,gezien,gezien,unknown,gezien,wordfreq:nl,wordfreq_seeded;deterministically_filtered;structurally_curated
nl,v1,1,224,232,ging,ging,ging,unknown,ging,wordfreq:nl,wordfreq_seeded;deterministically_filtered;structurally_curated
nl,v1,1,225,233,nee,nee,nee,unknown,nee,wordfreq:nl,wordfreq_seeded;deterministically_filtered;structurally_curated
nl,v1,1,226,234,wereld,wereld,wereld,unknown,wereld,wordfreq:nl,wordfreq_seeded;deterministically_filtered;structurally_curated
nl,v1,1,227,235,a,a,a,unknown,a,wordfreq:nl,wordfreq_seeded;deterministically_filtered;structurally_curated
nl,v1,1,228,236,helemaal,helemaal,helemaal,unknown,helemaal,wordfreq:nl,wordfreq_seeded;deterministically_filtered;structurally_curated
nl,v1,1,229,237,jaren,jaren,jaren,unknown,jaren,wordfreq:nl,wordfreq_seeded;deterministically_filtered;structurally_curated
nl,v1,1,230,238,kom,kom,kom,unknown,kom,wordfreq:nl,wordfreq_seeded;deterministically_filtered;structurally_curated
nl,v1,1,231,239,lijkt,lijkt,lijkt,unknown,lijkt,wordfreq:nl,wordfreq_seeded;deterministically_filtered;structurally_curated
nl,v1,1,232,240,paar,paar,paar,unknown,paar,wordfreq:nl,wordfreq_seeded;deterministically_filtered;structurally_curated
nl,v1,1,233,241,doe,doe,doe,unknown,doe,wordfreq:nl,wordfreq_seeded;deterministically_filtered;structurally_curated
nl,v1,1,234,242,foto,foto,foto,unknown,foto,wordfreq:nl,wordfreq_seeded;deterministically_filtered;structurally_curated
nl,v1,1,235,243,geld,geld,geld,unknown,geld,wordfreq:nl,wordfreq_seeded;deterministically_filtered;structurally_curated
nl,v1,1,236,244,kijk,kijk,kijk,unknown,kijk,wordfreq:nl,wordfreq_seeded;deterministically_filtered;structurally_curated
nl,v1,1,237,245,vooral,vooral,vooral,unknown,vooral,wordfreq:nl,wordfreq_seeded;deterministically_filtered;structurally_curated
nl,v1,1,238,246,leuk,leuk,leuk,unknown,leuk,wordfreq:nl,wordfreq_seeded;deterministically_filtered;structurally_curated
nl,v1,1,239,247,nemen,nemen,nemen,unknown,nemen,wordfreq:nl,wordfreq_seeded;deterministically_filtered;structurally_curated
nl,v1,1,240,248,vaak,vaak,vaak,unknown,vaak,wordfreq:nl,wordfreq_seeded;deterministically_filtered;structurally_curated
nl,v1,1,241,249,achter,achter,achter,unknown,achter,wordfreq:nl,wordfreq_seeded;deterministically_filtered;structurally_curated
nl,v1,1,242,250,gedaan,gedaan,gedaan,unknown,gedaan,wordfreq:nl,wordfreq_seeded;deterministically_filtered;structurally_curated
nl,v1,1,243,251,groot,groot,groot,unknown,groot,wordfreq:nl,wordfreq_seeded;deterministically_filtered;structurally_curated
nl,v1,1,244,252,natuurlijk,natuurlijk,natuurlijk,unknown,natuurlijk,wordfreq:nl,wordfreq_seeded;deterministically_filtered;structurally_curated
nl,v1,1,245,253,sinds,sinds,sinds,unknown,sinds,wordfreq:nl,wordfreq_seeded;deterministically_filtered;structurally_curated
nl,v1,1,246,254,zo'n,zo'n,zo'n,unknown,zo'n,wordfreq:nl,wordfreq_seeded;deterministically_filtered;structurally_curated
nl,v1,1,247,255,bijna,bijna,bijna,unknown,bijna,wordfreq:nl,wordfreq_seeded;deterministically_filtered;structurally_curated
nl,v1,1,248,256,geeft,geeft,geeft,unknown,geeft,wordfreq:nl,wordfreq_seeded;deterministically_filtered;structurally_curated
nl,v1,1,249,257,kijken,kijken,kijken,unknown,kijken,wordfreq:nl,wordfreq_seeded;deterministically_filtered;structurally_curated
nl,v1,1,250,258,mooi,mooi,mooi,unknown,mooi,wordfreq:nl,wordfreq_seeded;deterministically_filtered;structurally_curated
nl,v1,1,251,259,ten,ten,ten,unknown,ten,wordfreq:nl,wordfreq_seeded;deterministically_filtered;structurally_curated
nl,v1,1,252,260,week,week,week,unknown,week,wordfreq:nl,wordfreq_seeded;deterministically_filtered;structurally_curated
nl,v1,1,253,262,dood,dood,dood,unknown,dood,wordfreq:nl,wordfreq_seeded;deterministically_filtered;structurally_curated
nl,v1,1,254,263,hadden,hadden,hadden,unknown,hadden,wordfreq:nl,wordfreq_seeded;deterministically_filtered;structurally_curated
nl,v1,1,255,264,familie,familie,familie,unknown,familie,wordfreq:nl,wordfreq_seeded;deterministically_filtered;structurally_curated
nl,v1,1,256,265,kon,kon,kon,unknown,kon,wordfreq:nl,wordfreq_seeded;deterministically_filtered;structurally_curated
nl,v1,1,257,266,nieuws,nieuws,nieuws,unknown,nieuws,wordfreq:nl,wordfreq_seeded;deterministically_filtered;structurally_curated
nl,v1,1,258,267,rond,rond,rond,unknown,rond,wordfreq:nl,wordfreq_seeded;deterministically_filtered;structurally_curated
nl,v1,1,259,268,website,website,website,unknown,website,wordfreq:nl,wordfreq_seeded;deterministically_filtered;structurally_curated
nl,v1,1,260,269,wilt,wilt,wilt,unknown,wilt,wordfreq:nl,wordfreq_seeded;deterministically_filtered;structurally_curated
nl,v1,1,261,270,zitten,zitten,zitten,unknown,zitten,wordfreq:nl,wordfreq_seeded;deterministically_filtered;structurally_curated
nl,v1,1,262,271,jouw,jouw,jouw,unknown,jouw,wordfreq:nl,wordfreq_seeded;deterministically_filtered;structurally_curated
nl,v1,1,263,272,kleine,kleine,kleine,unknown,kleine,wordfreq:nl,wordfreq_seeded;deterministically_filtered;structurally_curated
nl,v1,1,264,273,online,online,online,unknown,online,wordfreq:nl,wordfreq_seeded;deterministically_filtered;structurally_curated
nl,v1,1,265,274,moment,moment,moment,unknown,moment,wordfreq:nl,wordfreq_seeded;deterministically_filtered;structurally_curated
nl,v1,1,266,275,tweede,tweede,tweede,unknown,tweede,wordfreq:nl,wordfreq_seeded;deterministically_filtered;structurally_curated
nl,v1,1,267,276,vrouwen,vrouwen,vrouwen,unknown,vrouwen,wordfreq:nl,wordfreq_seeded;deterministically_filtered;structurally_curated
nl,v1,1,268,278,ligt,ligt,ligt,unknown,ligt,wordfreq:nl,wordfreq_seeded;deterministically_filtered;structurally_curated
nl,v1,1,269,279,manier,manier,manier,unknown,manier,wordfreq:nl,wordfreq_seeded;deterministically_filtered;structurally_curated
nl,v1,1,270,280,politie,politie,politie,unknown,politie,wordfreq:nl,wordfreq_seeded;deterministically_filtered;structurally_curated
nl,v1,1,271,281,welke,welke,welke,unknown,welke,wordfreq:nl,wordfreq_seeded;deterministically_filtered;structurally_curated
nl,v1,1,272,282,buiten,buiten,buiten,unknown,buiten,wordfreq:nl,wordfreq_seeded;deterministically_filtered;structurally_curated
nl,v1,1,273,283,enkele,enkele,enkele,unknown,enkele,wordfreq:nl,wordfreq_seeded;deterministically_filtered;structurally_curated
nl,v1,1,274,284,geleden,geleden,geleden,unknown,geleden,wordfreq:nl,wordfreq_seeded;deterministically_filtered;structurally_curated
nl,v1,1,275,285,geweest,geweest,geweest,unknown,geweest,wordfreq:nl,wordfreq_seeded;deterministically_filtered;structurally_curated
nl,v1,1,276,286,kun,kun,kun,unknown,kun,wordfreq:nl,wordfreq_seeded;deterministically_filtered;structurally_curated
nl,v1,1,277,287,water,water,water,unknown,water,wordfreq:nl,wordfreq_seeded;deterministically_filtered;structurally_curated
nl,v1,1,278,288,zei,zei,zei,unknown,zei,wordfreq:nl,wordfreq_seeded;deterministically_filtered;structurally_curated
nl,v1,1,279,290,eten,eten,eten,unknown,eten,wordfreq:nl,wordfreq_seeded;deterministically_filtered;structurally_curated
nl,v1,1,280,291,klaar,klaar,klaar,unknown,klaar,wordfreq:nl,wordfreq_seeded;deterministically_filtered;structurally_curated
nl,v1,1,281,292,mannen,mannen,mannen,unknown,mannen,wordfreq:nl,wordfreq_seeded;deterministically_filtered;structurally_curated
nl,v1,1,282,293,nieuw,nieuw,nieuw,unknown,nieuw,wordfreq:nl,wordfreq_seeded;deterministically_filtered;structurally_curated
nl,v1,1,283,294,oude,oude,oude,unknown,oude,wordfreq:nl,wordfreq_seeded;deterministically_filtered;structurally_curated
nl,v1,1,284,295,september,september,september,unknown,september,wordfreq:nl,wordfreq_seeded;deterministically_filtered;structurally_curated
nl,v1,1,285,296,ter,ter,ter,unknown,ter,wordfreq:nl,wordfreq_seeded;deterministically_filtered;structurally_curated
nl,v1,1,286,297,denken,denken,denken,unknown,denken,wordfreq:nl,wordfreq_seeded;deterministically_filtered;structurally_curated
nl,v1,1,287,298,echter,echter,echter,unknown,echter,wordfreq:nl,wordfreq_seeded;deterministically_filtered;structurally_curated
nl,v1,1,288,299,enige,enige,enige,unknown,enige,wordfreq:nl,wordfreq_seeded;deterministically_filtered;structurally_curated
nl,v1,1,289,300,gebruik,gebruik,gebruik,unknown,gebruik,wordfreq:nl,wordfreq_seeded;deterministically_filtered;structurally_curated
nl,v1,1,290,301,helpen,helpen,helpen,unknown,helpen,wordfreq:nl,wordfreq_seeded;deterministically_filtered;structurally_curated
nl,v1,1,291,302,hoop,hoop,hoop,unknown,hoop,wordfreq:nl,wordfreq_seeded;deterministically_filtered;structurally_curated
nl,v1,1,292,303,men,men,men,unknown,men,wordfreq:nl,wordfreq_seeded;deterministically_filtered;structurally_curated
nl,v1,1,293,304,minder,minder,minder,unknown,minder,wordfreq:nl,wordfreq_seeded;deterministically_filtered;structurally_curated
nl,v1,1,294,305,nou,nou,nou,unknown,nou,wordfreq:nl,wordfreq_seeded;deterministically_filtered;structurally_curated
nl,v1,1,295,306,open,open,open,unknown,open,wordfreq:nl,wordfreq_seeded;deterministically_filtered;structurally_curated
nl,v1,1,296,307,beetje,beetje,beetje,unknown,beetje,wordfreq:nl,wordfreq_seeded;deterministically_filtered;structurally_curated
nl,v1,1,297,308,bekend,bekend,bekend,unknown,bekend,wordfreq:nl,wordfreq_seeded;deterministically_filtered;structurally_curated
nl,v1,1,298,309,dingen,dingen,dingen,unknown,dingen,wordfreq:nl,wordfreq_seeded;deterministically_filtered;structurally_curated
nl,v1,1,299,310,genoeg,genoeg,genoeg,unknown,genoeg,wordfreq:nl,wordfreq_seeded;deterministically_filtered;structurally_curated
nl,v1,1,300,311,groep,groep,groep,unknown,groep,wordfreq:nl,wordfreq_seeded;deterministically_filtered;structurally_curated
nl,v1,1,301,312,later,later,later,unknown,later,wordfreq:nl,wordfreq_seeded;deterministically_filtered;structurally_curated
nl,v1,1,302,313,maart,maart,maart,unknown,maart,wordfreq:nl,wordfreq_seeded;deterministically_filtered;structurally_curated
nl,v1,1,303,314,mogelijk,mogelijk,mogelijk,unknown,mogelijk,wordfreq:nl,wordfreq_seeded;deterministically_filtered;structurally_curated
nl,v1,1,304,315,ziet,ziet,ziet,unknown,ziet,wordfreq:nl,wordfreq_seeded;deterministically_filtered;structurally_curated
nl,v1,1,305,316,auto,auto,auto,unknown,auto,wordfreq:nl,wordfreq_seeded;deterministically_filtered;structurally_curated
nl,v1,1,306,317,school,school,school,unknown,school,wordfreq:nl,wordfreq_seeded;deterministically_filtered;structurally_curated
nl,v1,1,307,318,soms,soms,soms,unknown,soms,wordfreq:nl,wordfreq_seeded;deterministically_filtered;structurally_curated
nl,v1,1,308,319,thuis,thuis,thuis,unknown,thuis,wordfreq:nl,wordfreq_seeded;deterministically_filtered;structurally_curated
nl,v1,1,309,320,den,den,den,unknown,den,wordfreq:nl,wordfreq_seeded;deterministically_filtered;structurally_curated
nl,v1,1,310,321,film,film,film,unknown,film,wordfreq:nl,wordfreq_seeded;deterministically_filtered;structurally_curated
nl,v1,1,311,322,gebruiken,gebruiken,gebruiken,unknown,gebruiken,wordfreq:nl,wordfreq_seeded;deterministically_filtered;structurally_curated
nl,v1,1,312,323,krijgt,krijgt,krijgt,unknown,krijgt,wordfreq:nl,wordfreq_seeded;deterministically_filtered;structurally_curated
nl,v1,1,313,324,mooie,mooie,mooie,unknown,mooie,wordfreq:nl,wordfreq_seeded;deterministically_filtered;structurally_curated
nl,v1,1,314,325,niks,niks,niks,unknown,niks,wordfreq:nl,wordfreq_seeded;deterministically_filtered;structurally_curated
nl,v1,1,315,326,spelen,spelen,spelen,unknown,spelen,wordfreq:nl,wordfreq_seeded;deterministically_filtered;structurally_curated
nl,v1,1,316,327,zoek,zoek,zoek,unknown,zoek,wordfreq:nl,wordfreq_seeded;deterministically_filtered;structurally_curated
nl,v1,1,317,328,blijft,blijft,blijft,unknown,blijft,wordfreq:nl,wordfreq_seeded;deterministically_filtered;structurally_curated
nl,v1,1,318,329,hen,hen,hen,unknown,hen,wordfreq:nl,wordfreq_seeded;deterministically_filtered;structurally_curated
nl,v1,1,319,330,onderzoek,onderzoek,onderzoek,unknown,onderzoek,wordfreq:nl,wordfreq_seeded;deterministically_filtered;structurally_curated
nl,v1,1,320,331,terwijl,terwijl,terwijl,unknown,terwijl,wordfreq:nl,wordfreq_seeded;deterministically_filtered;structurally_curated
nl,v1,1,321,332,vier,vier,vier,unknown,vier,wordfreq:nl,wordfreq_seeded;deterministically_filtered;structurally_curated
nl,v1,1,322,333,zeg,zeg,zeg,unknown,zeg,wordfreq:nl,wordfreq_seeded;deterministically_filtered;structurally_curated
nl,v1,1,323,334,zorgen,zorgen,zorgen,unknown,zorgen,wordfreq:nl,wordfreq_seeded;deterministically_filtered;structurally_curated
nl,v1,1,324,335,eigenlijk,eigenlijk,eigenlijk,unknown,eigenlijk,wordfreq:nl,wordfreq_seeded;deterministically_filtered;structurally_curated
nl,v1,1,325,336,informatie,informatie,informatie,unknown,informatie,wordfreq:nl,wordfreq_seeded;deterministically_filtered;structurally_curated
nl,v1,1,326,337,pas,pas,pas,unknown,pas,wordfreq:nl,wordfreq_seeded;deterministically_filtered;structurally_curated
nl,v1,1,327,338,waarin,waarin,waarin,unknown,waarin,wordfreq:nl,wordfreq_seeded;deterministically_filtered;structurally_curated
nl,v1,1,328,339,amsterdam,amsterdam,amsterdam,unknown,amsterdam,wordfreq:nl,wordfreq_seeded;deterministically_filtered;structurally_curated
nl,v1,1,329,340,april,april,april,unknown,april,wordfreq:nl,wordfreq_seeded;deterministically_filtered;structurally_curated
nl,v1,1,330,341,nederlandse,nederlandse,nederlandse,unknown,nederlandse,wordfreq:nl,wordfreq_seeded;deterministically_filtered;structurally_curated
nl,v1,1,331,342,probleem,probleem,probleem,unknown,probleem,wordfreq:nl,wordfreq_seeded;deterministically_filtered;structurally_curated
nl,v1,1,332,343,vanuit,vanuit,vanuit,unknown,vanuit,wordfreq:nl,wordfreq_seeded;deterministically_filtered;structurally_curated
nl,v1,1,333,344,video,video,video,unknown,video,wordfreq:nl,wordfreq_seeded;deterministically_filtered;structurally_curated
nl,v1,1,334,345,vindt,vindt,vindt,unknown,vindt,wordfreq:nl,wordfreq_seeded;deterministically_filtered;structurally_curated
nl,v1,1,335,346,zouden,zouden,zouden,unknown,zouden,wordfreq:nl,wordfreq_seeded;deterministically_filtered;structurally_curated
nl,v1,1,336,347,maak,maak,maak,unknown,maak,wordfreq:nl,wordfreq_seeded;deterministically_filtered;structurally_curated
nl,v1,1,337,348,n,n,n,unknown,n,wordfreq:nl,wordfreq_seeded;deterministically_filtered;structurally_curated
nl,v1,1,338,349,ooit,ooit,ooit,unknown,ooit,wordfreq:nl,wordfreq_seeded;deterministically_filtered;structurally_curated
nl,v1,1,339,350,soort,soort,soort,unknown,soort,wordfreq:nl,wordfreq_seeded;deterministically_filtered;structurally_curated
nl,v1,1,340,351,vader,vader,vader,unknown,vader,wordfreq:nl,wordfreq_seeded;deterministically_filtered;structurally_curated
nl,v1,1,341,352,vast,vast,vast,unknown,vast,wordfreq:nl,wordfreq_seeded;deterministically_filtered;structurally_curated
nl,v1,1,342,353,vrienden,vrienden,vrienden,unknown,vrienden,wordfreq:nl,wordfreq_seeded;deterministically_filtered;structurally_curated
nl,v1,1,343,354,zeer,zeer,zeer,unknown,zeer,wordfreq:nl,wordfreq_seeded;deterministically_filtered;structurally_curated
nl,v1,1,344,355,zuid,zuid,zuid,unknown,zuid,wordfreq:nl,wordfreq_seeded;deterministically_filtered;structurally_curated
nl,v1,1,345,357,artikel,artikel,artikel,unknown,artikel,wordfreq:nl,wordfreq_seeded;deterministically_filtered;structurally_curated
nl,v1,1,346,358,begin,begin,begin,unknown,begin,wordfreq:nl,wordfreq_seeded;deterministically_filtered;structurally_curated
nl,v1,1,347,359,gebied,gebied,gebied,unknown,gebied,wordfreq:nl,wordfreq_seeded;deterministically_filtered;structurally_curated
nl,v1,1,348,360,moest,moest,moest,unknown,moest,wordfreq:nl,wordfreq_seeded;deterministically_filtered;structurally_curated
nl,v1,1,349,361,vrij,vrij,vrij,unknown,vrij,wordfreq:nl,wordfreq_seeded;deterministically_filtered;structurally_curated
nl,v1,1,350,362,werkt,werkt,werkt,unknown,werkt,wordfreq:nl,wordfreq_seeded;deterministically_filtered;structurally_curated
nl,v1,1,351,363,zodat,zodat,zodat,unknown,zodat,wordfreq:nl,wordfreq_seeded;deterministically_filtered;structurally_curated
nl,v1,1,352,365,amerikaanse,amerikaanse,amerikaanse,unknown,amerikaanse,wordfreq:nl,wordfreq_seeded;deterministically_filtered;structurally_curated
nl,v1,1,353,366,best,best,best,unknown,best,wordfreq:nl,wordfreq_seeded;deterministically_filtered;structurally_curated
nl,v1,1,354,367,daarom,daarom,daarom,unknown,daarom,wordfreq:nl,wordfreq_seeded;deterministically_filtered;structurally_curated
nl,v1,1,355,368,idee,idee,idee,unknown,idee,wordfreq:nl,wordfreq_seeded;deterministically_filtered;structurally_curated
nl,v1,1,356,369,leren,leren,leren,unknown,leren,wordfreq:nl,wordfreq_seeded;deterministically_filtered;structurally_curated
nl,v1,1,357,370,moeder,moeder,moeder,unknown,moeder,wordfreq:nl,wordfreq_seeded;deterministically_filtered;structurally_curated
nl,v1,1,358,371,ongeveer,ongeveer,ongeveer,unknown,ongeveer,wordfreq:nl,wordfreq_seeded;deterministically_filtered;structurally_curated
nl,v1,1,359,372,regio,regio,regio,unknown,regio,wordfreq:nl,wordfreq_seeded;deterministically_filtered;structurally_curated
nl,v1,1,360,373,vijf,vijf,vijf,unknown,vijf,wordfreq:nl,wordfreq_seeded;deterministically_filtered;structurally_curated
nl,v1,1,361,374,boven,boven,boven,unknown,boven,wordfreq:nl,wordfreq_seeded;deterministically_filtered;structurally_curated
nl,v1,1,362,375,der,der,der,unknown,der,wordfreq:nl,wordfreq_seeded;deterministically_filtered;structurally_curated
nl,v1,1,363,376,e,e,e,unknown,e,wordfreq:nl,wordfreq_seeded;deterministically_filtered;structurally_curated
nl,v1,1,364,377,foto's,foto's,foto's,unknown,foto's,wordfreq:nl,wordfreq_seeded;deterministically_filtered;structurally_curated
nl,v1,1,365,378,niemand,niemand,niemand,unknown,niemand,wordfreq:nl,wordfreq_seeded;deterministically_filtered;structurally_curated
nl,v1,1,366,379,oktober,oktober,oktober,unknown,oktober,wordfreq:nl,wordfreq_seeded;deterministically_filtered;structurally_curated
nl,v1,1,367,380,verhaal,verhaal,verhaal,unknown,verhaal,wordfreq:nl,wordfreq_seeded;deterministically_filtered;structurally_curated
nl,v1,1,368,381,brengen,brengen,brengen,unknown,brengen,wordfreq:nl,wordfreq_seeded;deterministically_filtered;structurally_curated
nl,v1,1,369,382,eerder,eerder,eerder,unknown,eerder,wordfreq:nl,wordfreq_seeded;deterministically_filtered;structurally_curated
nl,v1,1,370,383,kans,kans,kans,unknown,kans,wordfreq:nl,wordfreq_seeded;deterministically_filtered;structurally_curated
nl,v1,1,371,384,meest,meest,meest,unknown,meest,wordfreq:nl,wordfreq_seeded;deterministically_filtered;structurally_curated
nl,v1,1,372,386,d,d,d,unknown,d,wordfreq:nl,wordfreq_seeded;deterministically_filtered;structurally_curated
nl,v1,1,373,387,grootste,grootste,grootste,unknown,grootste,wordfreq:nl,wordfreq_seeded;deterministically_filtered;structurally_curated
nl,v1,1,374,388,hand,hand,hand,unknown,hand,wordfreq:nl,wordfreq_seeded;deterministically_filtered;structurally_curated
nl,v1,1,375,389,horen,horen,horen,unknown,horen,wordfreq:nl,wordfreq_seeded;deterministically_filtered;structurally_curated
nl,v1,1,376,390,november,november,november,unknown,november,wordfreq:nl,wordfreq_seeded;deterministically_filtered;structurally_curated
nl,v1,1,377,391,opnieuw,opnieuw,opnieuw,unknown,opnieuw,wordfreq:nl,wordfreq_seeded;deterministically_filtered;structurally_curated
nl,v1,1,378,392,ander,ander,ander,unknown,ander,wordfreq:nl,wordfreq_seeded;deterministically_filtered;structurally_curated
nl,v1,1,379,393,bestaat,bestaat,bestaat,unknown,bestaat,wordfreq:nl,wordfreq_seeded;deterministically_filtered;structurally_curated
nl,v1,1,380,394,echte,echte,echte,unknown,echte,wordfreq:nl,wordfreq_seeded;deterministically_filtered;structurally_curated
nl,v1,1,381,395,kreeg,kreeg,kreeg,unknown,kreeg,wordfreq:nl,wordfreq_seeded;deterministically_filtered;structurally_curated
nl,v1,1,382,396,meisje,meisje,meisje,unknown,meisje,wordfreq:nl,wordfreq_seeded;deterministically_filtered;structurally_curated
nl,v1,1,383,397,muziek,muziek,muziek,unknown,muziek,wordfreq:nl,wordfreq_seeded;deterministically_filtered;structurally_curated
nl,v1,1,384,398,naast,naast,naast,unknown,naast,wordfreq:nl,wordfreq_seeded;deterministically_filtered;structurally_curated
nl,v1,1,385,399,slechts,slechts,slechts,unknown,slechts,wordfreq:nl,wordfreq_seeded;deterministically_filtered;structurally_curated
nl,v1,1,386,400,waarbij,waarbij,waarbij,unknown,waarbij,wordfreq:nl,wordfreq_seeded;deterministically_filtered;structurally_curated
nl,v1,1,387,401,zetten,zetten,zetten,unknown,zetten,wordfreq:nl,wordfreq_seeded;deterministically_filtered;structurally_curated
nl,v1,1,388,402,zoon,zoon,zoon,unknown,zoon,wordfreq:nl,wordfreq_seeded;deterministically_filtered;structurally_curated
nl,v1,1,389,403,daarna,daarna,daarna,unknown,daarna,wordfreq:nl,wordfreq_seeded;deterministically_filtered;structurally_curated
nl,v1,1,390,404,duidelijk,duidelijk,duidelijk,unknown,duidelijk,wordfreq:nl,wordfreq_seeded;deterministically_filtered;structurally_curated
nl,v1,1,391,405,hoofd,hoofd,hoofd,unknown,hoofd,wordfreq:nl,wordfreq_seeded;deterministically_filtered;structurally_curated
nl,v1,1,392,406,kind,kind,kind,unknown,kind,wordfreq:nl,wordfreq_seeded;deterministically_filtered;structurally_curated
nl,v1,1,393,407,minuten,minuten,minuten,unknown,minuten,wordfreq:nl,wordfreq_seeded;deterministically_filtered;structurally_curated
nl,v1,1,394,408,vond,vond,vond,unknown,vond,wordfreq:nl,wordfreq_seeded;deterministically_filtered;structurally_curated
nl,v1,1,395,409,wachten,wachten,wachten,unknown,wachten,wordfreq:nl,wordfreq_seeded;deterministically_filtered;structurally_curated
nl,v1,1,396,410,zorg,zorg,zorg,unknown,zorg,wordfreq:nl,wordfreq_seeded;deterministically_filtered;structurally_curated
nl,v1,1,397,411,zowel,zowel,zowel,unknown,zowel,wordfreq:nl,wordfreq_seeded;deterministically_filtered;structurally_curated
nl,v1,1,398,412,boek,boek,boek,unknown,boek,wordfreq:nl,wordfreq_seeded;deterministically_filtered;structurally_curated
nl,v1,1,399,413,dank,dank,dank,unknown,dank,wordfreq:nl,wordfreq_seeded;deterministically_filtered;structurally_curated
nl,v1,1,400,414,gehad,gehad,gehad,unknown,gehad,wordfreq:nl,wordfreq_seeded;deterministically_filtered;structurally_curated
nl,v1,1,401,415,gemeente,gemeente,gemeente,unknown,gemeente,wordfreq:nl,wordfreq_seeded;deterministically_filtered;structurally_curated
nl,v1,1,402,416,gratis,gratis,gratis,unknown,gratis,wordfreq:nl,wordfreq_seeded;deterministically_filtered;structurally_curated
nl,v1,1,403,417,hoor,hoor,hoor,unknown,hoor,wordfreq:nl,wordfreq_seeded;deterministically_filtered;structurally_curated
nl,v1,1,404,418,hou,hou,hou,unknown,hou,wordfreq:nl,wordfreq_seeded;deterministically_filtered;structurally_curated
nl,v1,1,405,419,lekker,lekker,lekker,unknown,lekker,wordfreq:nl,wordfreq_seeded;deterministically_filtered;structurally_curated
nl,v1,1,406,420,maanden,maanden,maanden,unknown,maanden,wordfreq:nl,wordfreq_seeded;deterministically_filtered;structurally_curated
nl,v1,1,407,421,problemen,problemen,problemen,unknown,problemen,wordfreq:nl,wordfreq_seeded;deterministically_filtered;structurally_curated
nl,v1,1,408,422,team,team,team,unknown,team,wordfreq:nl,wordfreq_seeded;deterministically_filtered;structurally_curated
nl,v1,1,409,423,vroeg,vroeg,vroeg,unknown,vroeg,wordfreq:nl,wordfreq_seeded;deterministically_filtered;structurally_curated
nl,v1,1,410,424,weinig,weinig,weinig,unknown,weinig,wordfreq:nl,wordfreq_seeded;deterministically_filtered;structurally_curated
nl,v1,1,411,425,belangrijk,belangrijk,belangrijk,unknown,belangrijk,wordfreq:nl,wordfreq_seeded;deterministically_filtered;structurally_curated
nl,v1,1,412,426,blij,blij,blij,unknown,blij,wordfreq:nl,wordfreq_seeded;deterministically_filtered;structurally_curated
nl,v1,1,413,427,druk,druk,druk,unknown,druk,wordfreq:nl,wordfreq_seeded;deterministically_filtered;structurally_curated
nl,v1,1,414,428,gelijk,gelijk,gelijk,unknown,gelijk,wordfreq:nl,wordfreq_seeded;deterministically_filtered;structurally_curated
nl,v1,1,415,429,houdt,houdt,houdt,unknown,houdt,wordfreq:nl,wordfreq_seeded;deterministically_filtered;structurally_curated
nl,v1,1,416,430,lopen,lopen,lopen,unknown,lopen,wordfreq:nl,wordfreq_seeded;deterministically_filtered;structurally_curated
nl,v1,1,417,431,mogen,mogen,mogen,unknown,mogen,wordfreq:nl,wordfreq_seeded;deterministically_filtered;structurally_curated
nl,v1,1,418,432,oud,oud,oud,unknown,oud,wordfreq:nl,wordfreq_seeded;deterministically_filtered;structurally_curated
nl,v1,1,419,433,precies,precies,precies,unknown,precies,wordfreq:nl,wordfreq_seeded;deterministically_filtered;structurally_curated
nl,v1,1,420,434,vol,vol,vol,unknown,vol,wordfreq:nl,wordfreq_seeded;deterministically_filtered;structurally_curated
nl,v1,1,421,435,afgelopen,afgelopen,afgelopen,unknown,afgelopen,wordfreq:nl,wordfreq_seeded;deterministically_filtered;structurally_curated
nl,v1,1,422,436,beginnen,beginnen,beginnen,unknown,beginnen,wordfreq:nl,wordfreq_seeded;deterministically_filtered;structurally_curated
nl,v1,1,423,437,betekent,betekent,betekent,unknown,betekent,wordfreq:nl,wordfreq_seeded;deterministically_filtered;structurally_curated
nl,v1,1,424,438,december,december,december,unknown,december,wordfreq:nl,wordfreq_seeded;deterministically_filtered;structurally_curated
nl,v1,1,425,439,dezelfde,dezelfde,dezelfde,unknown,dezelfde,wordfreq:nl,wordfreq_seeded;deterministically_filtered;structurally_curated
nl,v1,1,426,440,geval,geval,geval,unknown,geval,wordfreq:nl,wordfreq_seeded;deterministically_filtered;structurally_curated
nl,v1,1,427,441,miljoen,miljoen,miljoen,unknown,miljoen,wordfreq:nl,wordfreq_seeded;deterministically_filtered;structurally_curated
nl,v1,1,428,442,o,o,o,unknown,o,wordfreq:nl,wordfreq_seeded;deterministically_filtered;structurally_curated
nl,v1,1,429,443,sommige,sommige,sommige,unknown,sommige,wordfreq:nl,wordfreq_seeded;deterministically_filtered;structurally_curated
nl,v1,1,430,444,zoeken,zoeken,zoeken,unknown,zoeken,wordfreq:nl,wordfreq_seeded;deterministically_filtered;structurally_curated
nl,v1,1,431,445,zoveel,zoveel,zoveel,unknown,zoveel,wordfreq:nl,wordfreq_seeded;deterministically_filtered;structurally_curated
nl,v1,1,432,446,halen,halen,halen,unknown,halen,wordfreq:nl,wordfreq_seeded;deterministically_filtered;structurally_curated
nl,v1,1,433,447,lange,lange,lange,unknown,lange,wordfreq:nl,wordfreq_seeded;deterministically_filtered;structurally_curated
nl,v1,1,434,448,lezen,lezen,lezen,unknown,lezen,wordfreq:nl,wordfreq_seeded;deterministically_filtered;structurally_curated
nl,v1,1,435,449,mei,mei,mei,unknown,mei,wordfreq:nl,wordfreq_seeded;deterministically_filtered;structurally_curated
nl,v1,1,436,450,moeilijk,moeilijk,moeilijk,unknown,moeilijk,wordfreq:nl,wordfreq_seeded;deterministically_filtered;structurally_curated
nl,v1,1,437,451,nummer,nummer,nummer,unknown,nummer,wordfreq:nl,wordfreq_seeded;deterministically_filtered;structurally_curated
nl,v1,1,438,452,ouders,ouders,ouders,unknown,ouders,wordfreq:nl,wordfreq_seeded;deterministically_filtered;structurally_curated
nl,v1,1,439,453,partij,partij,partij,unknown,partij,wordfreq:nl,wordfreq_seeded;deterministically_filtered;structurally_curated
nl,v1,1,440,454,top,top,top,unknown,top,wordfreq:nl,wordfreq_seeded;deterministically_filtered;structurally_curated
nl,v1,1,441,455,weken,weken,weken,unknown,weken,wordfreq:nl,wordfreq_seeded;deterministically_filtered;structurally_curated
nl,v1,1,442,456,zaken,zaken,zaken,unknown,zaken,wordfreq:nl,wordfreq_seeded;deterministically_filtered;structurally_curated
nl,v1,1,443,457,bezig,bezig,bezig,unknown,bezig,wordfreq:nl,wordfreq_seeded;deterministically_filtered;structurally_curated
nl,v1,1,444,458,i,i,i,unknown,i,wordfreq:nl,wordfreq_seeded;deterministically_filtered;structurally_curated
nl,v1,1,445,459,januari,januari,januari,unknown,januari,wordfreq:nl,wordfreq_seeded;deterministically_filtered;structurally_curated
nl,v1,1,446,460,langs,langs,langs,unknown,langs,wordfreq:nl,wordfreq_seeded;deterministically_filtered;structurally_curated
nl,v1,1,447,461,morgen,morgen,morgen,unknown,morgen,wordfreq:nl,wordfreq_seeded;deterministically_filtered;structurally_curated
nl,v1,1,448,462,hulp,hulp,hulp,unknown,hulp,wordfreq:nl,wordfreq_seeded;deterministically_filtered;structurally_curated
nl,v1,1,449,463,klein,klein,klein,unknown,klein,wordfreq:nl,wordfreq_seeded;deterministically_filtered;structurally_curated
nl,v1,1,450,464,krijg,krijg,krijg,unknown,krijg,wordfreq:nl,wordfreq_seeded;deterministically_filtered;structurally_curated
nl,v1,1,451,465,m'n,m'n,m'n,unknown,m'n,wordfreq:nl,wordfreq_seeded;deterministically_filtered;structurally_curated
nl,v1,1,452,466,nadat,nadat,nadat,unknown,nadat,wordfreq:nl,wordfreq_seeded;deterministically_filtered;structurally_curated
nl,v1,1,453,467,vele,vele,vele,unknown,vele,wordfreq:nl,wordfreq_seeded;deterministically_filtered;structurally_curated
nl,v1,1,454,468,bedankt,bedankt,bedankt,unknown,bedankt,wordfreq:nl,wordfreq_seeded;deterministically_filtered;structurally_curated
nl,v1,1,455,469,bijvoorbeeld,bijvoorbeeld,bijvoorbeeld,unknown,bijvoorbeeld,wordfreq:nl,wordfreq_seeded;deterministically_filtered;structurally_curated
nl,v1,1,456,470,delen,delen,delen,unknown,delen,wordfreq:nl,wordfreq_seeded;deterministically_filtered;structurally_curated
nl,v1,1,457,471,gevonden,gevonden,gevonden,unknown,gevonden,wordfreq:nl,wordfreq_seeded;deterministically_filtered;structurally_curated
nl,v1,1,458,472,maand,maand,maand,unknown,maand,wordfreq:nl,wordfreq_seeded;deterministically_filtered;structurally_curated
nl,v1,1,459,473,noord,noord,noord,unknown,noord,wordfreq:nl,wordfreq_seeded;deterministically_filtered;structurally_curated
nl,v1,1,460,474,oorlog,oorlog,oorlog,unknown,oorlog,wordfreq:nl,wordfreq_seeded;deterministically_filtered;structurally_curated
nl,v1,1,461,475,praten,praten,praten,unknown,praten,wordfreq:nl,wordfreq_seeded;deterministically_filtered;structurally_curated
nl,v1,1,462,476,recht,recht,recht,unknown,recht,wordfreq:nl,wordfreq_seeded;deterministically_filtered;structurally_curated
nl,v1,1,463,477,wilde,wilde,wilde,unknown,wilde,wordfreq:nl,wordfreq_seeded;deterministically_filtered;structurally_curated
nl,v1,1,464,478,zag,zag,zag,unknown,zag,wordfreq:nl,wordfreq_seeded;deterministically_filtered;structurally_curated
nl,v1,1,465,479,zet,zet,zet,unknown,zet,wordfreq:nl,wordfreq_seeded;deterministically_filtered;structurally_curated
nl,v1,1,466,480,begon,begon,begon,unknown,begon,wordfreq:nl,wordfreq_seeded;deterministically_filtered;structurally_curated
nl,v1,1,467,481,einde,einde,einde,unknown,einde,wordfreq:nl,wordfreq_seeded;deterministically_filtered;structurally_curated
nl,v1,1,468,482,kamer,kamer,kamer,unknown,kamer,wordfreq:nl,wordfreq_seeded;deterministically_filtered;structurally_curated
nl,v1,1,469,483,maakte,maakte,maakte,unknown,maakte,wordfreq:nl,wordfreq_seeded;deterministically_filtered;structurally_curated
nl,v1,1,470,484,meeste,meeste,meeste,unknown,meeste,wordfreq:nl,wordfreq_seeded;deterministically_filtered;structurally_curated
nl,v1,1,471,485,plaatsen,plaatsen,plaatsen,unknown,plaatsen,wordfreq:nl,wordfreq_seeded;deterministically_filtered;structurally_curated
nl,v1,1,472,486,prijs,prijs,prijs,unknown,prijs,wordfreq:nl,wordfreq_seeded;deterministically_filtered;structurally_curated
nl,v1,1,473,487,programma,programma,programma,unknown,programma,wordfreq:nl,wordfreq_seeded;deterministically_filtered;structurally_curated
nl,v1,1,474,488,stond,stond,stond,unknown,stond,wordfreq:nl,wordfreq_seeded;deterministically_filtered;structurally_curated
nl,v1,1,475,489,twitter,twitter,twitter,unknown,twitter,wordfreq:nl,wordfreq_seeded;deterministically_filtered;structurally_curated
nl,v1,1,476,491,b,b,b,unknown,b,wordfreq:nl,wordfreq_seeded;deterministically_filtered;structurally_curated
nl,v1,1,477,492,c,c,c,unknown,c,wordfreq:nl,wordfreq_seeded;deterministically_filtered;structurally_curated
nl,v1,1,478,494,gaf,gaf,gaf,unknown,gaf,wordfreq:nl,wordfreq_seeded;deterministically_filtered;structurally_curated
nl,v1,1,479,495,liggen,liggen,liggen,unknown,liggen,wordfreq:nl,wordfreq_seeded;deterministically_filtered;structurally_curated
nl,v1,1,480,496,meisjes,meisjes,meisjes,unknown,meisjes,wordfreq:nl,wordfreq_seeded;deterministically_filtered;structurally_curated
nl,v1,1,481,497,neem,neem,neem,unknown,neem,wordfreq:nl,wordfreq_seeded;deterministically_filtered;structurally_curated
nl,v1,1,482,498,orde,orde,orde,unknown,orde,wordfreq:nl,wordfreq_seeded;deterministically_filtered;structurally_curated
nl,v1,1,483,499,volgen,volgen,volgen,unknown,volgen,wordfreq:nl,wordfreq_seeded;deterministically_filtered;structurally_curated
nl,v1,1,484,500,deed,deed,deed,unknown,deed,wordfreq:nl,wordfreq_seeded;deterministically_filtered;structurally_curated
nl,v1,1,485,501,geef,geef,geef,unknown,geef,wordfreq:nl,wordfreq_seeded;deterministically_filtered;structurally_curated
nl,v1,1,486,502,geplaatst,geplaatst,geplaatst,unknown,geplaatst,wordfreq:nl,wordfreq_seeded;deterministically_filtered;structurally_curated
nl,v1,1,487,503,juist,juist,juist,unknown,juist,wordfreq:nl,wordfreq_seeded;deterministically_filtered;structurally_curated
nl,v1,1,488,504,kant,kant,kant,unknown,kant,wordfreq:nl,wordfreq_seeded;deterministically_filtered;structurally_curated
nl,v1,1,489,505,landen,landen,landen,unknown,landen,wordfreq:nl,wordfreq_seeded;deterministically_filtered;structurally_curated
nl,v1,1,490,506,reden,reden,reden,unknown,reden,wordfreq:nl,wordfreq_seeded;deterministically_filtered;structurally_curated
nl,v1,1,491,507,vanwege,vanwege,vanwege,unknown,vanwege,wordfreq:nl,wordfreq_seeded;deterministically_filtered;structurally_curated
nl,v1,1,492,508,waardoor,waardoor,waardoor,unknown,waardoor,wordfreq:nl,wordfreq_seeded;deterministically_filtered;structurally_curated
nl,v1,1,493,509,zaak,zaak,zaak,unknown,zaak,wordfreq:nl,wordfreq_seeded;deterministically_filtered;structurally_curated
nl,v1,1,494,511,elk,elk,elk,unknown,elk,wordfreq:nl,wordfreq_seeded;deterministically_filtered;structurally_curated
nl,v1,1,495,512,euro,euro,euro,unknown,euro,wordfreq:nl,wordfreq_seeded;deterministically_filtered;structurally_curated
nl,v1,1,496,513,europa,europa,europa,unknown,europa,wordfreq:nl,wordfreq_seeded;deterministically_filtered;structurally_curated
nl,v1,1,497,514,gevoel,gevoel,gevoel,unknown,gevoel,wordfreq:nl,wordfreq_seeded;deterministically_filtered;structurally_curated
nl,v1,1,498,515,geworden,geworden,geworden,unknown,geworden,wordfreq:nl,wordfreq_seeded;deterministically_filtered;structurally_curated
nl,v1,1,499,516,jonge,jonge,jonge,unknown,jonge,wordfreq:nl,wordfreq_seeded;deterministically_filtered;structurally_curated
nl,v1,1,500,517,media,media,media,unknown,media,wordfreq:nl,wordfreq_seeded;deterministically_filtered;structurally_curated
nl,v1,1,501,518,tv,tv,tv,unknown,tv,wordfreq:nl,wordfreq_seeded;deterministically_filtered;structurally_curated
nl,v1,1,502,519,valt,valt,valt,unknown,valt,wordfreq:nl,wordfreq_seeded;deterministically_filtered;structurally_curated
nl,v1,1,503,520,voordat,voordat,voordat,unknown,voordat,wordfreq:nl,wordfreq_seeded;deterministically_filtered;structurally_curated
nl,v1,1,504,521,aandacht,aandacht,aandacht,unknown,aandacht,wordfreq:nl,wordfreq_seeded;deterministically_filtered;structurally_curated
nl,v1,1,505,522,anderen,anderen,anderen,unknown,anderen,wordfreq:nl,wordfreq_seeded;deterministically_filtered;structurally_curated
nl,v1,1,506,523,beide,beide,beide,unknown,beide,wordfreq:nl,wordfreq_seeded;deterministically_filtered;structurally_curated
nl,v1,1,507,524,dacht,dacht,dacht,unknown,dacht,wordfreq:nl,wordfreq_seeded;deterministically_filtered;structurally_curated
nl,v1,1,508,525,geschiedenis,geschiedenis,geschiedenis,unknown,geschiedenis,wordfreq:nl,wordfreq_seeded;deterministically_filtered;structurally_curated
nl,v1,1,509,526,hetzelfde,hetzelfde,hetzelfde,unknown,hetzelfde,wordfreq:nl,wordfreq_seeded;deterministically_filtered;structurally_curated
nl,v1,1,510,527,juli,juli,juli,unknown,juli,wordfreq:nl,wordfreq_seeded;deterministically_filtered;structurally_curated
nl,v1,1,511,528,lees,lees,lees,unknown,lees,wordfreq:nl,wordfreq_seeded;deterministically_filtered;structurally_curated
nl,v1,1,512,529,midden,midden,midden,unknown,midden,wordfreq:nl,wordfreq_seeded;deterministically_filtered;structurally_curated
nl,v1,1,513,530,new,new,new,unknown,new,wordfreq:nl,wordfreq_seeded;deterministically_filtered;structurally_curated
nl,v1,1,514,531,ogen,ogen,ogen,unknown,ogen,wordfreq:nl,wordfreq_seeded;deterministically_filtered;structurally_curated
nl,v1,1,515,532,proberen,proberen,proberen,unknown,proberen,wordfreq:nl,wordfreq_seeded;deterministically_filtered;structurally_curated
nl,v1,1,516,533,slecht,slecht,slecht,unknown,slecht,wordfreq:nl,wordfreq_seeded;deterministically_filtered;structurally_curated
nl,v1,1,517,534,stuk,stuk,stuk,unknown,stuk,wordfreq:nl,wordfreq_seeded;deterministically_filtered;structurally_curated
nl,v1,1,518,535,to,to,to,unknown,to,wordfreq:nl,wordfreq_seeded;deterministically_filtered;structurally_curated
nl,v1,1,519,536,vervolgens,vervolgens,vervolgens,unknown,vervolgens,wordfreq:nl,wordfreq_seeded;deterministically_filtered;structurally_curated
nl,v1,1,520,537,waarschijnlijk,waarschijnlijk,waarschijnlijk,unknown,waarschijnlijk,wordfreq:nl,wordfreq_seeded;deterministically_filtered;structurally_curated
nl,v1,1,521,538,bedrijf,bedrijf,bedrijf,unknown,bedrijf,wordfreq:nl,wordfreq_seeded;deterministically_filtered;structurally_curated
nl,v1,1,522,539,februari,februari,februari,unknown,februari,wordfreq:nl,wordfreq_seeded;deterministically_filtered;structurally_curated
nl,v1,1,523,540,gegeven,gegeven,gegeven,unknown,gegeven,wordfreq:nl,wordfreq_seeded;deterministically_filtered;structurally_curated
nl,v1,1,524,541,gelukkig,gelukkig,gelukkig,unknown,gelukkig,wordfreq:nl,wordfreq_seeded;deterministically_filtered;structurally_curated
nl,v1,1,525,542,handen,handen,handen,unknown,handen,wordfreq:nl,wordfreq_seeded;deterministically_filtered;structurally_curated
nl,v1,1,526,543,juni,juni,juni,unknown,juni,wordfreq:nl,wordfreq_seeded;deterministically_filtered;structurally_curated
nl,v1,1,527,544,leden,leden,leden,unknown,leden,wordfreq:nl,wordfreq_seeded;deterministically_filtered;structurally_curated
nl,v1,1,528,545,lichaam,lichaam,lichaam,unknown,lichaam,wordfreq:nl,wordfreq_seeded;deterministically_filtered;structurally_curated
nl,v1,1,529,546,onderwijs,onderwijs,onderwijs,unknown,onderwijs,wordfreq:nl,wordfreq_seeded;deterministically_filtered;structurally_curated
nl,v1,1,530,547,plek,plek,plek,unknown,plek,wordfreq:nl,wordfreq_seeded;deterministically_filtered;structurally_curated
nl,v1,1,531,548,stellen,stellen,stellen,unknown,stellen,wordfreq:nl,wordfreq_seeded;deterministically_filtered;structurally_curated
nl,v1,1,532,549,wedstrijd,wedstrijd,wedstrijd,unknown,wedstrijd,wordfreq:nl,wordfreq_seeded;deterministically_filtered;structurally_curated
nl,v1,1,533,550,wist,wist,wist,unknown,wist,wordfreq:nl,wordfreq_seeded;deterministically_filtered;structurally_curated
nl,v1,1,534,551,zes,zes,zes,unknown,zes,wordfreq:nl,wordfreq_seeded;deterministically_filtered;structurally_curated
nl,v1,1,535,552,dochter,dochter,dochter,unknown,dochter,wordfreq:nl,wordfreq_seeded;deterministically_filtered;structurally_curated
nl,v1,1,536,553,ervan,ervan,ervan,unknown,ervan,wordfreq:nl,wordfreq_seeded;deterministically_filtered;structurally_curated
nl,v1,1,537,554,meteen,meteen,meteen,unknown,meteen,wordfreq:nl,wordfreq_seeded;deterministically_filtered;structurally_curated
nl,v1,1,538,555,persoon,persoon,persoon,unknown,persoon,wordfreq:nl,wordfreq_seeded;deterministically_filtered;structurally_curated
nl,v1,1,539,556,rol,rol,rol,unknown,rol,wordfreq:nl,wordfreq_seeded;deterministically_filtered;structurally_curated
nl,v1,1,540,557,uiteindelijk,uiteindelijk,uiteindelijk,unknown,uiteindelijk,wordfreq:nl,wordfreq_seeded;deterministically_filtered;structurally_curated
nl,v1,1,541,558,vorm,vorm,vorm,unknown,vorm,wordfreq:nl,wordfreq_seeded;deterministically_filtered;structurally_curated
nl,v1,1,542,559,woord,woord,woord,unknown,woord,wordfreq:nl,wordfreq_seeded;deterministically_filtered;structurally_curated
nl,v1,1,543,560,word,word,word,unknown,word,wordfreq:nl,wordfreq_seeded;deterministically_filtered;structurally_curated
nl,v1,1,544,561,augustus,augustus,augustus,unknown,augustus,wordfreq:nl,wordfreq_seeded;deterministically_filtered;structurally_curated
nl,v1,1,545,562,buurt,buurt,buurt,unknown,buurt,wordfreq:nl,wordfreq_seeded;deterministically_filtered;structurally_curated
nl,v1,1,546,563,contact,contact,contact,unknown,contact,wordfreq:nl,wordfreq_seeded;deterministically_filtered;structurally_curated
nl,v1,1,547,564,gepubliceerd,gepubliceerd,gepubliceerd,unknown,gepubliceerd,wordfreq:nl,wordfreq_seeded;deterministically_filtered;structurally_curated
nl,v1,1,548,565,hoge,hoge,hoge,unknown,hoge,wordfreq:nl,wordfreq_seeded;deterministically_filtered;structurally_curated
nl,v1,1,549,566,kopen,kopen,kopen,unknown,kopen,wordfreq:nl,wordfreq_seeded;deterministically_filtered;structurally_curated
nl,v1,1,550,567,leeftijd,leeftijd,leeftijd,unknown,leeftijd,wordfreq:nl,wordfreq_seeded;deterministically_filtered;structurally_curated
nl,v1,1,551,568,lid,lid,lid,unknown,lid,wordfreq:nl,wordfreq_seeded;deterministically_filtered;structurally_curated
nl,v1,1,552,569,liefde,liefde,liefde,unknown,liefde,wordfreq:nl,wordfreq_seeded;deterministically_filtered;structurally_curated
nl,v1,1,553,570,minister,minister,minister,unknown,minister,wordfreq:nl,wordfreq_seeded;deterministically_filtered;structurally_curated
nl,v1,1,554,571,neemt,neemt,neemt,unknown,neemt,wordfreq:nl,wordfreq_seeded;deterministically_filtered;structurally_curated
nl,v1,1,555,572,toekomst,toekomst,toekomst,unknown,toekomst,wordfreq:nl,wordfreq_seeded;deterministically_filtered;structurally_curated
nl,v1,1,556,573,verenigde,verenigde,verenigde,unknown,verenigde,wordfreq:nl,wordfreq_seeded;deterministically_filtered;structurally_curated
nl,v1,1,557,574,zat,zat,zat,unknown,zat,wordfreq:nl,wordfreq_seeded;deterministically_filtered;structurally_curated
nl,v1,1,558,576,and,and,and,unknown,and,wordfreq:nl,wordfreq_seeded;deterministically_filtered;structurally_curated
nl,v1,1,559,577,avond,avond,avond,unknown,avond,wordfreq:nl,wordfreq_seeded;deterministically_filtered;structurally_curated
nl,v1,1,560,578,betalen,betalen,betalen,unknown,betalen,wordfreq:nl,wordfreq_seeded;deterministically_filtered;structurally_curated
nl,v1,1,561,579,denkt,denkt,denkt,unknown,denkt,wordfreq:nl,wordfreq_seeded;deterministically_filtered;structurally_curated
nl,v1,1,562,580,doel,doel,doel,unknown,doel,wordfreq:nl,wordfreq_seeded;deterministically_filtered;structurally_curated
nl,v1,1,563,581,hart,hart,hart,unknown,hart,wordfreq:nl,wordfreq_seeded;deterministically_filtered;structurally_curated
nl,v1,1,564,582,heen,heen,heen,unknown,heen,wordfreq:nl,wordfreq_seeded;deterministically_filtered;structurally_curated
nl,v1,1,565,583,ieder,ieder,ieder,unknown,ieder,wordfreq:nl,wordfreq_seeded;deterministically_filtered;structurally_curated
nl,v1,1,566,584,organisatie,organisatie,organisatie,unknown,organisatie,wordfreq:nl,wordfreq_seeded;deterministically_filtered;structurally_curated
nl,v1,1,567,585,provincie,provincie,provincie,unknown,provincie,wordfreq:nl,wordfreq_seeded;deterministically_filtered;structurally_curated
nl,v1,1,568,586,tien,tien,tien,unknown,tien,wordfreq:nl,wordfreq_seeded;deterministically_filtered;structurally_curated
nl,v1,1,569,587,vergeten,vergeten,vergeten,unknown,vergeten,wordfreq:nl,wordfreq_seeded;deterministically_filtered;structurally_curated
nl,v1,1,570,588,actie,actie,actie,unknown,actie,wordfreq:nl,wordfreq_seeded;deterministically_filtered;structurally_curated
nl,v1,1,571,589,belangrijke,belangrijke,belangrijke,unknown,belangrijke,wordfreq:nl,wordfreq_seeded;deterministically_filtered;structurally_curated
nl,v1,1,572,590,huidige,huidige,huidige,unknown,huidige,wordfreq:nl,wordfreq_seeded;deterministically_filtered;structurally_curated
nl,v1,1,573,591,km,km,km,unknown,km,wordfreq:nl,wordfreq_seeded;deterministically_filtered;structurally_curated
nl,v1,1,574,592,nationale,nationale,nationale,unknown,nationale,wordfreq:nl,wordfreq_seeded;deterministically_filtered;structurally_curated
nl,v1,1,575,593,p,p,p,unknown,p,wordfreq:nl,wordfreq_seeded;deterministically_filtered;structurally_curated
nl,v1,1,576,594,rest,rest,rest,unknown,rest,wordfreq:nl,wordfreq_seeded;deterministically_filtered;structurally_curated
nl,v1,1,577,595,bang,bang,bang,unknown,bang,wordfreq:nl,wordfreq_seeded;deterministically_filtered;structurally_curated
nl,v1,1,578,596,begint,begint,begint,unknown,begint,wordfreq:nl,wordfreq_seeded;deterministically_filtered;structurally_curated
nl,v1,1,579,597,centrum,centrum,centrum,unknown,centrum,wordfreq:nl,wordfreq_seeded;deterministically_filtered;structurally_curated
nl,v1,1,580,598,direct,direct,direct,unknown,direct,wordfreq:nl,wordfreq_seeded;deterministically_filtered;structurally_curated
nl,v1,1,581,599,gezegd,gezegd,gezegd,unknown,gezegd,wordfreq:nl,wordfreq_seeded;deterministically_filtered;structurally_curated
nl,v1,1,582,600,god,god,god,unknown,god,wordfreq:nl,wordfreq_seeded;deterministically_filtered;structurally_curated
nl,v1,1,583,601,internet,internet,internet,unknown,internet,wordfreq:nl,wordfreq_seeded;deterministically_filtered;structurally_curated
nl,v1,1,584,602,inwoners,inwoners,inwoners,unknown,inwoners,wordfreq:nl,wordfreq_seeded;deterministically_filtered;structurally_curated
nl,v1,1,585,603,jan,jan,jan,unknown,jan,wordfreq:nl,wordfreq_seeded;deterministically_filtered;structurally_curated
nl,v1,1,586,604,jarige,jarige,jarige,unknown,jarige,wordfreq:nl,wordfreq_seeded;deterministically_filtered;structurally_curated
nl,v1,1,587,605,kwamen,kwamen,kwamen,unknown,kwamen,wordfreq:nl,wordfreq_seeded;deterministically_filtered;structurally_curated
nl,v1,1,588,606,leuke,leuke,leuke,unknown,leuke,wordfreq:nl,wordfreq_seeded;deterministically_filtered;structurally_curated
nl,v1,1,589,607,loopt,loopt,loopt,unknown,loopt,wordfreq:nl,wordfreq_seeded;deterministically_filtered;structurally_curated
nl,v1,1,590,608,oh,oh,oh,unknown,oh,wordfreq:nl,wordfreq_seeded;deterministically_filtered;structurally_curated
nl,v1,1,591,609,plan,plan,plan,unknown,plan,wordfreq:nl,wordfreq_seeded;deterministically_filtered;structurally_curated
nl,v1,1,592,610,president,president,president,unknown,president,wordfreq:nl,wordfreq_seeded;deterministically_filtered;structurally_curated
nl,v1,1,593,611,zichzelf,zichzelf,zichzelf,unknown,zichzelf,wordfreq:nl,wordfreq_seeded;deterministically_filtered;structurally_curated
nl,v1,1,594,612,alsof,alsof,alsof,unknown,alsof,wordfreq:nl,wordfreq_seeded;deterministically_filtered;structurally_curated
nl,v1,1,595,613,basis,basis,basis,unknown,basis,wordfreq:nl,wordfreq_seeded;deterministically_filtered;structurally_curated
nl,v1,1,596,614,derde,derde,derde,unknown,derde,wordfreq:nl,wordfreq_seeded;deterministically_filtered;structurally_curated
nl,v1,1,597,615,enkel,enkel,enkel,unknown,enkel,wordfreq:nl,wordfreq_seeded;deterministically_filtered;structurally_curated
nl,v1,1,598,616,geloof,geloof,geloof,unknown,geloof,wordfreq:nl,wordfreq_seeded;deterministically_filtered;structurally_curated
nl,v1,1,599,617,genoemd,genoemd,genoemd,unknown,genoemd,wordfreq:nl,wordfreq_seeded;deterministically_filtered;structurally_curated
nl,v1,1,600,619,mens,mens,mens,unknown,mens,wordfreq:nl,wordfreq_seeded;deterministically_filtered;structurally_curated
nl,v1,1,601,620,overal,overal,overal,unknown,overal,wordfreq:nl,wordfreq_seeded;deterministically_filtered;structurally_curated
nl,v1,1,602,621,politiek,politiek,politiek,unknown,politiek,wordfreq:nl,wordfreq_seeded;deterministically_filtered;structurally_curated
nl,v1,1,603,622,project,project,project,unknown,project,wordfreq:nl,wordfreq_seeded;deterministically_filtered;structurally_curated
nl,v1,1,604,623,staten,staten,staten,unknown,staten,wordfreq:nl,wordfreq_seeded;deterministically_filtered;structurally_curated
nl,v1,1,605,624,vertellen,vertellen,vertellen,unknown,vertellen,wordfreq:nl,wordfreq_seeded;deterministically_filtered;structurally_curated
nl,v1,1,606,625,waarvan,waarvan,waarvan,unknown,waarvan,wordfreq:nl,wordfreq_seeded;deterministically_filtered;structurally_curated
nl,v1,1,607,626,woorden,woorden,woorden,unknown,woorden,wordfreq:nl,wordfreq_seeded;deterministically_filtered;structurally_curated
nl,v1,1,608,627,x,x,x,unknown,x,wordfreq:nl,wordfreq_seeded;deterministically_filtered;structurally_curated
nl,v1,1,609,628,zin,zin,zin,unknown,zin,wordfreq:nl,wordfreq_seeded;deterministically_filtered;structurally_curated
nl,v1,1,610,629,bestaan,bestaan,bestaan,unknown,bestaan,wordfreq:nl,wordfreq_seeded;deterministically_filtered;structurally_curated
nl,v1,1,611,630,ervoor,ervoor,ervoor,unknown,ervoor,wordfreq:nl,wordfreq_seeded;deterministically_filtered;structurally_curated
nl,v1,1,612,631,europese,europese,europese,unknown,europese,wordfreq:nl,wordfreq_seeded;deterministically_filtered;structurally_curated
nl,v1,1,613,632,extra,extra,extra,unknown,extra,wordfreq:nl,wordfreq_seeded;deterministically_filtered;structurally_curated
nl,v1,1,614,633,grond,grond,grond,unknown,grond,wordfreq:nl,wordfreq_seeded;deterministically_filtered;structurally_curated
nl,v1,1,615,634,hoeveel,hoeveel,hoeveel,unknown,hoeveel,wordfreq:nl,wordfreq_seeded;deterministically_filtered;structurally_curated
nl,v1,1,616,635,konden,konden,konden,unknown,konden,wordfreq:nl,wordfreq_seeded;deterministically_filtered;structurally_curated
nl,v1,1,617,636,kort,kort,kort,unknown,kort,wordfreq:nl,wordfreq_seeded;deterministically_filtered;structurally_curated
nl,v1,1,618,637,leiden,leiden,leiden,unknown,leiden,wordfreq:nl,wordfreq_seeded;deterministically_filtered;structurally_curated
nl,v1,1,619,638,seizoen,seizoen,seizoen,unknown,seizoen,wordfreq:nl,wordfreq_seeded;deterministically_filtered;structurally_curated
nl,v1,1,620,639,vallen,vallen,vallen,unknown,vallen,wordfreq:nl,wordfreq_seeded;deterministically_filtered;structurally_curated
nl,v1,1,621,640,algemeen,algemeen,algemeen,unknown,algemeen,wordfreq:nl,wordfreq_seeded;deterministically_filtered;structurally_curated
nl,v1,1,622,641,antwoord,antwoord,antwoord,unknown,antwoord,wordfreq:nl,wordfreq_seeded;deterministically_filtered;structurally_curated
nl,v1,1,623,642,bericht,bericht,bericht,unknown,bericht,wordfreq:nl,wordfreq_seeded;deterministically_filtered;structurally_curated
nl,v1,1,624,643,daarmee,daarmee,daarmee,unknown,daarmee,wordfreq:nl,wordfreq_seeded;deterministically_filtered;structurally_curated
nl,v1,1,625,644,doden,doden,doden,unknown,doden,wordfreq:nl,wordfreq_seeded;deterministically_filtered;structurally_curated
nl,v1,1,626,645,eind,eind,eind,unknown,eind,wordfreq:nl,wordfreq_seeded;deterministically_filtered;structurally_curated
nl,v1,1,627,646,geweldig,geweldig,geweldig,unknown,geweldig,wordfreq:nl,wordfreq_seeded;deterministically_filtered;structurally_curated
nl,v1,1,628,647,hard,hard,hard,unknown,hard,wordfreq:nl,wordfreq_seeded;deterministically_filtered;structurally_curated
nl,v1,1,629,648,korte,korte,korte,unknown,korte,wordfreq:nl,wordfreq_seeded;deterministically_filtered;structurally_curated
nl,v1,1,630,649,links,links,links,unknown,links,wordfreq:nl,wordfreq_seeded;deterministically_filtered;structurally_curated
nl,v1,1,631,650,meter,meter,meter,unknown,meter,wordfreq:nl,wordfreq_seeded;deterministically_filtered;structurally_curated
nl,v1,1,632,651,nam,nam,nam,unknown,nam,wordfreq:nl,wordfreq_seeded;deterministically_filtered;structurally_curated
nl,v1,1,633,652,omgeving,omgeving,omgeving,unknown,omgeving,wordfreq:nl,wordfreq_seeded;deterministically_filtered;structurally_curated
nl,v1,1,634,653,onderdeel,onderdeel,onderdeel,unknown,onderdeel,wordfreq:nl,wordfreq_seeded;deterministically_filtered;structurally_curated
nl,v1,1,635,654,speelt,speelt,speelt,unknown,speelt,wordfreq:nl,wordfreq_seeded;deterministically_filtered;structurally_curated
nl,v1,1,636,655,succes,succes,succes,unknown,succes,wordfreq:nl,wordfreq_seeded;deterministically_filtered;structurally_curated
nl,v1,1,637,656,vanavond,vanavond,vanavond,unknown,vanavond,wordfreq:nl,wordfreq_seeded;deterministically_filtered;structurally_curated
nl,v1,1,638,657,ver,ver,ver,unknown,ver,wordfreq:nl,wordfreq_seeded;deterministically_filtered;structurally_curated
nl,v1,1,639,658,welkom,welkom,welkom,unknown,welkom,wordfreq:nl,wordfreq_seeded;deterministically_filtered;structurally_curated
nl,v1,1,640,659,wet,wet,wet,unknown,wet,wordfreq:nl,wordfreq_seeded;deterministically_filtered;structurally_curated
nl,v1,1,641,660,boeken,boeken,boeken,unknown,boeken,wordfreq:nl,wordfreq_seeded;deterministically_filtered;structurally_curated
nl,v1,1,642,661,gebeurt,gebeurt,gebeurt,unknown,gebeurt,wordfreq:nl,wordfreq_seeded;deterministically_filtered;structurally_curated
nl,v1,1,643,662,gehouden,gehouden,gehouden,unknown,gehouden,wordfreq:nl,wordfreq_seeded;deterministically_filtered;structurally_curated
nl,v1,1,644,663,hoewel,hoewel,hoewel,unknown,hoewel,wordfreq:nl,wordfreq_seeded;deterministically_filtered;structurally_curated
nl,v1,1,645,664,iedere,iedere,iedere,unknown,iedere,wordfreq:nl,wordfreq_seeded;deterministically_filtered;structurally_curated
nl,v1,1,646,665,kleur,kleur,kleur,unknown,kleur,wordfreq:nl,wordfreq_seeded;deterministically_filtered;structurally_curated
nl,v1,1,647,666,langer,langer,langer,unknown,langer,wordfreq:nl,wordfreq_seeded;deterministically_filtered;structurally_curated
nl,v1,1,648,667,site,site,site,unknown,site,wordfreq:nl,wordfreq_seeded;deterministically_filtered;structurally_curated
nl,v1,1,649,668,stap,stap,stap,unknown,stap,wordfreq:nl,wordfreq_seeded;deterministically_filtered;structurally_curated
nl,v1,1,650,669,telefoon,telefoon,telefoon,unknown,telefoon,wordfreq:nl,wordfreq_seeded;deterministically_filtered;structurally_curated
nl,v1,1,651,670,vorige,vorige,vorige,unknown,vorige,wordfreq:nl,wordfreq_seeded;deterministically_filtered;structurally_curated
nl,v1,1,652,671,waarmee,waarmee,waarmee,unknown,waarmee,wordfreq:nl,wordfreq_seeded;deterministically_filtered;structurally_curated
nl,v1,1,653,672,waarop,waarop,waarop,unknown,waarop,wordfreq:nl,wordfreq_seeded;deterministically_filtered;structurally_curated
nl,v1,1,654,673,wonen,wonen,wonen,unknown,wonen,wordfreq:nl,wordfreq_seeded;deterministically_filtered;structurally_curated
nl,v1,1,655,674,bed,bed,bed,unknown,bed,wordfreq:nl,wordfreq_seeded;deterministically_filtered;structurally_curated
nl,v1,1,656,675,beeld,beeld,beeld,unknown,beeld,wordfreq:nl,wordfreq_seeded;deterministically_filtered;structurally_curated
nl,v1,1,657,676,bezoek,bezoek,bezoek,unknown,bezoek,wordfreq:nl,wordfreq_seeded;deterministically_filtered;structurally_curated
nl,v1,1,658,677,dienst,dienst,dienst,unknown,dienst,wordfreq:nl,wordfreq_seeded;deterministically_filtered;structurally_curated
nl,v1,1,659,678,gek,gek,gek,unknown,gek,wordfreq:nl,wordfreq_seeded;deterministically_filtered;structurally_curated
nl,v1,1,660,679,inderdaad,inderdaad,inderdaad,unknown,inderdaad,wordfreq:nl,wordfreq_seeded;deterministically_filtered;structurally_curated
nl,v1,1,661,680,jezelf,jezelf,jezelf,unknown,jezelf,wordfreq:nl,wordfreq_seeded;deterministically_filtered;structurally_curated
nl,v1,1,662,681,jongens,jongens,jongens,unknown,jongens,wordfreq:nl,wordfreq_seeded;deterministically_filtered;structurally_curated
nl,v1,1,663,682,leger,leger,leger,unknown,leger,wordfreq:nl,wordfreq_seeded;deterministically_filtered;structurally_curated
nl,v1,1,664,683,lijst,lijst,lijst,unknown,lijst,wordfreq:nl,wordfreq_seeded;deterministically_filtered;structurally_curated
nl,v1,1,665,684,los,los,los,unknown,los,wordfreq:nl,wordfreq_seeded;deterministically_filtered;structurally_curated
nl,v1,1,666,685,personen,personen,personen,unknown,personen,wordfreq:nl,wordfreq_seeded;deterministically_filtered;structurally_curated
nl,v1,1,667,686,rijden,rijden,rijden,unknown,rijden,wordfreq:nl,wordfreq_seeded;deterministically_filtered;structurally_curated
nl,v1,1,668,687,stem,stem,stem,unknown,stem,wordfreq:nl,wordfreq_seeded;deterministically_filtered;structurally_curated
nl,v1,1,669,688,verloren,verloren,verloren,unknown,verloren,wordfreq:nl,wordfreq_seeded;deterministically_filtered;structurally_curated
nl,v1,1,670,689,zwarte,zwarte,zwarte,unknown,zwarte,wordfreq:nl,wordfreq_seeded;deterministically_filtered;structurally_curated
nl,v1,1,671,690,belangrijkste,belangrijkste,belangrijkste,unknown,belangrijkste,wordfreq:nl,wordfreq_seeded;deterministically_filtered;structurally_curated
nl,v1,1,672,691,blijf,blijf,blijf,unknown,blijf,wordfreq:nl,wordfreq_seeded;deterministically_filtered;structurally_curated
nl,v1,1,673,692,club,club,club,unknown,club,wordfreq:nl,wordfreq_seeded;deterministically_filtered;structurally_curated
nl,v1,1,674,693,erop,erop,erop,unknown,erop,wordfreq:nl,wordfreq_seeded;deterministically_filtered;structurally_curated
nl,v1,1,675,694,frankrijk,frankrijk,frankrijk,unknown,frankrijk,wordfreq:nl,wordfreq_seeded;deterministically_filtered;structurally_curated
nl,v1,1,676,695,geboren,geboren,geboren,unknown,geboren,wordfreq:nl,wordfreq_seeded;deterministically_filtered;structurally_curated
nl,v1,1,677,696,genomen,genomen,genomen,unknown,genomen,wordfreq:nl,wordfreq_seeded;deterministically_filtered;structurally_curated
nl,v1,1,678,697,helaas,helaas,helaas,unknown,helaas,wordfreq:nl,wordfreq_seeded;deterministically_filtered;structurally_curated
nl,v1,1,679,698,kent,kent,kent,unknown,kent,wordfreq:nl,wordfreq_seeded;deterministically_filtered;structurally_curated
nl,v1,1,680,699,mis,mis,mis,unknown,mis,wordfreq:nl,wordfreq_seeded;deterministically_filtered;structurally_curated
nl,v1,1,681,700,ontwikkeling,ontwikkeling,ontwikkeling,unknown,ontwikkeling,wordfreq:nl,wordfreq_seeded;deterministically_filtered;structurally_curated
nl,v1,1,682,701,rode,rode,rode,unknown,rode,wordfreq:nl,wordfreq_seeded;deterministically_filtered;structurally_curated
nl,v1,1,683,702,spel,spel,spel,unknown,spel,wordfreq:nl,wordfreq_seeded;deterministically_filtered;structurally_curated
nl,v1,1,684,703,sterk,sterk,sterk,unknown,sterk,wordfreq:nl,wordfreq_seeded;deterministically_filtered;structurally_curated
nl,v1,1,685,704,totaal,totaal,totaal,unknown,totaal,wordfreq:nl,wordfreq_seeded;deterministically_filtered;structurally_curated
nl,v1,1,686,705,veilig,veilig,veilig,unknown,veilig,wordfreq:nl,wordfreq_seeded;deterministically_filtered;structurally_curated
nl,v1,1,687,706,vriend,vriend,vriend,unknown,vriend,wordfreq:nl,wordfreq_seeded;deterministically_filtered;structurally_curated
nl,v1,1,688,707,waaronder,waaronder,waaronder,unknown,waaronder,wordfreq:nl,wordfreq_seeded;deterministically_filtered;structurally_curated
nl,v1,1,689,708,bedrijven,bedrijven,bedrijven,unknown,bedrijven,wordfreq:nl,wordfreq_seeded;deterministically_filtered;structurally_curated
nl,v1,1,690,709,begonnen,begonnen,begonnen,unknown,begonnen,wordfreq:nl,wordfreq_seeded;deterministically_filtered;structurally_curated
nl,v1,1,691,710,diverse,diverse,diverse,unknown,diverse,wordfreq:nl,wordfreq_seeded;deterministically_filtered;structurally_curated
nl,v1,1,692,711,inmiddels,inmiddels,inmiddels,unknown,inmiddels,wordfreq:nl,wordfreq_seeded;deterministically_filtered;structurally_curated
nl,v1,1,693,712,internationale,internationale,internationale,unknown,internationale,wordfreq:nl,wordfreq_seeded;deterministically_filtered;structurally_curated
nl,v1,1,694,713,licht,licht,licht,unknown,licht,wordfreq:nl,wordfreq_seeded;deterministically_filtered;structurally_curated
nl,v1,1,695,714,sociale,sociale,sociale,unknown,sociale,wordfreq:nl,wordfreq_seeded;deterministically_filtered;structurally_curated
nl,v1,1,696,715,v,v,v,unknown,v,wordfreq:nl,wordfreq_seeded;deterministically_filtered;structurally_curated
nl,v1,1,697,716,veranderen,veranderen,veranderen,unknown,veranderen,wordfreq:nl,wordfreq_seeded;deterministically_filtered;structurally_curated
nl,v1,1,698,717,voorbij,voorbij,voorbij,unknown,voorbij,wordfreq:nl,wordfreq_seeded;deterministically_filtered;structurally_curated
nl,v1,1,699,718,voorkomen,voorkomen,voorkomen,unknown,voorkomen,wordfreq:nl,wordfreq_seeded;deterministically_filtered;structurally_curated
nl,v1,1,700,719,vormen,vormen,vormen,unknown,vormen,wordfreq:nl,wordfreq_seeded;deterministically_filtered;structurally_curated
nl,v1,1,701,720,aanwezig,aanwezig,aanwezig,unknown,aanwezig,wordfreq:nl,wordfreq_seeded;deterministically_filtered;structurally_curated
nl,v1,1,702,721,duitsland,duitsland,duitsland,unknown,duitsland,wordfreq:nl,wordfreq_seeded;deterministically_filtered;structurally_curated
nl,v1,1,703,722,eiland,eiland,eiland,unknown,eiland,wordfreq:nl,wordfreq_seeded;deterministically_filtered;structurally_curated
nl,v1,1,704,723,geschreven,geschreven,geschreven,unknown,geschreven,wordfreq:nl,wordfreq_seeded;deterministically_filtered;structurally_curated
nl,v1,1,705,724,hoeft,hoeft,hoeft,unknown,hoeft,wordfreq:nl,wordfreq_seeded;deterministically_filtered;structurally_curated
nl,v1,1,706,725,jongen,jongen,jongen,unknown,jongen,wordfreq:nl,wordfreq_seeded;deterministically_filtered;structurally_curated
nl,v1,1,707,726,ken,ken,ken,unknown,ken,wordfreq:nl,wordfreq_seeded;deterministically_filtered;structurally_curated
nl,v1,1,708,727,la,la,la,unknown,la,wordfreq:nl,wordfreq_seeded;deterministically_filtered;structurally_curated
nl,v1,1,709,728,link,link,link,unknown,link,wordfreq:nl,wordfreq_seeded;deterministically_filtered;structurally_curated
nl,v1,1,710,729,meestal,meestal,meestal,unknown,meestal,wordfreq:nl,wordfreq_seeded;deterministically_filtered;structurally_curated
nl,v1,1,711,730,pijn,pijn,pijn,unknown,pijn,wordfreq:nl,wordfreq_seeded;deterministically_filtered;structurally_curated
nl,v1,1,712,731,prima,prima,prima,unknown,prima,wordfreq:nl,wordfreq_seeded;deterministically_filtered;structurally_curated
nl,v1,1,713,732,punt,punt,punt,unknown,punt,wordfreq:nl,wordfreq_seeded;deterministically_filtered;structurally_curated
nl,v1,1,714,733,stoppen,stoppen,stoppen,unknown,stoppen,wordfreq:nl,wordfreq_seeded;deterministically_filtered;structurally_curated
nl,v1,1,715,734,verwacht,verwacht,verwacht,unknown,verwacht,wordfreq:nl,wordfreq_seeded;deterministically_filtered;structurally_curated
nl,v1,1,716,735,volgt,volgt,volgt,unknown,volgt,wordfreq:nl,wordfreq_seeded;deterministically_filtered;structurally_curated
nl,v1,1,717,737,actief,actief,actief,unknown,actief,wordfreq:nl,wordfreq_seeded;deterministically_filtered;structurally_curated
nl,v1,1,718,738,fijn,fijn,fijn,unknown,fijn,wordfreq:nl,wordfreq_seeded;deterministically_filtered;structurally_curated
nl,v1,1,719,739,gekomen,gekomen,gekomen,unknown,gekomen,wordfreq:nl,wordfreq_seeded;deterministically_filtered;structurally_curated
nl,v1,1,720,740,gekregen,gekregen,gekregen,unknown,gekregen,wordfreq:nl,wordfreq_seeded;deterministically_filtered;structurally_curated
nl,v1,1,721,741,koning,koning,koning,unknown,koning,wordfreq:nl,wordfreq_seeded;deterministically_filtered;structurally_curated
nl,v1,1,722,742,kop,kop,kop,unknown,kop,wordfreq:nl,wordfreq_seeded;deterministically_filtered;structurally_curated
nl,v1,1,723,743,liet,liet,liet,unknown,liet,wordfreq:nl,wordfreq_seeded;deterministically_filtered;structurally_curated
nl,v1,1,724,744,meerdere,meerdere,meerdere,unknown,meerdere,wordfreq:nl,wordfreq_seeded;deterministically_filtered;structurally_curated
nl,v1,1,725,745,nacht,nacht,nacht,unknown,nacht,wordfreq:nl,wordfreq_seeded;deterministically_filtered;structurally_curated
nl,v1,1,726,746,normaal,normaal,normaal,unknown,normaal,wordfreq:nl,wordfreq_seeded;deterministically_filtered;structurally_curated
nl,v1,1,727,747,politieke,politieke,politieke,unknown,politieke,wordfreq:nl,wordfreq_seeded;deterministically_filtered;structurally_curated
nl,v1,1,728,748,prachtig,prachtig,prachtig,unknown,prachtig,wordfreq:nl,wordfreq_seeded;deterministically_filtered;structurally_curated
nl,v1,1,729,749,regering,regering,regering,unknown,regering,wordfreq:nl,wordfreq_seeded;deterministically_filtered;structurally_curated
nl,v1,1,730,750,straat,straat,straat,unknown,straat,wordfreq:nl,wordfreq_seeded;deterministically_filtered;structurally_curated
nl,v1,1,731,751,trots,trots,trots,unknown,trots,wordfreq:nl,wordfreq_seeded;deterministically_filtered;structurally_curated
nl,v1,1,732,752,voel,voel,voel,unknown,voel,wordfreq:nl,wordfreq_seeded;deterministically_filtered;structurally_curated
nl,v1,1,733,753,vraagt,vraagt,vraagt,unknown,vraagt,wordfreq:nl,wordfreq_seeded;deterministically_filtered;structurally_curated
nl,v1,1,734,754,vrije,vrije,vrije,unknown,vrije,wordfreq:nl,wordfreq_seeded;deterministically_filtered;structurally_curated
nl,v1,1,735,755,zaterdag,zaterdag,zaterdag,unknown,zaterdag,wordfreq:nl,wordfreq_seeded;deterministically_filtered;structurally_curated
nl,v1,1,736,756,belang,belang,belang,unknown,belang,wordfreq:nl,wordfreq_seeded;deterministically_filtered;structurally_curated
nl,v1,1,737,757,bovendien,bovendien,bovendien,unknown,bovendien,wordfreq:nl,wordfreq_seeded;deterministically_filtered;structurally_curated
nl,v1,1,738,758,broer,broer,broer,unknown,broer,wordfreq:nl,wordfreq_seeded;deterministically_filtered;structurally_curated
nl,v1,1,739,759,eindelijk,eindelijk,eindelijk,unknown,eindelijk,wordfreq:nl,wordfreq_seeded;deterministically_filtered;structurally_curated
nl,v1,1,740,760,ergens,ergens,ergens,unknown,ergens,wordfreq:nl,wordfreq_seeded;deterministically_filtered;structurally_curated
nl,v1,1,741,761,kennen,kennen,kennen,unknown,kennen,wordfreq:nl,wordfreq_seeded;deterministically_filtered;structurally_curated
nl,v1,1,742,762,live,live,live,unknown,live,wordfreq:nl,wordfreq_seeded;deterministically_filtered;structurally_curated
nl,v1,1,743,763,namen,namen,namen,unknown,namen,wordfreq:nl,wordfreq_seeded;deterministically_filtered;structurally_curated
nl,v1,1,744,764,nederlands,nederlands,nederlands,unknown,nederlands,wordfreq:nl,wordfreq_seeded;deterministically_filtered;structurally_curated
nl,v1,1,745,765,noemen,noemen,noemen,unknown,noemen,wordfreq:nl,wordfreq_seeded;deterministically_filtered;structurally_curated
nl,v1,1,746,766,on,on,on,unknown,on,wordfreq:nl,wordfreq_seeded;deterministically_filtered;structurally_curated
nl,v1,1,747,767,partijen,partijen,partijen,unknown,partijen,wordfreq:nl,wordfreq_seeded;deterministically_filtered;structurally_curated
nl,v1,1,748,768,periode,periode,periode,unknown,periode,wordfreq:nl,wordfreq_seeded;deterministically_filtered;structurally_curated
nl,v1,1,749,769,richting,richting,richting,unknown,richting,wordfreq:nl,wordfreq_seeded;deterministically_filtered;structurally_curated
nl,v1,1,750,770,schreef,schreef,schreef,unknown,schreef,wordfreq:nl,wordfreq_seeded;deterministically_filtered;structurally_curated
nl,v1,1,751,771,titel,titel,titel,unknown,titel,wordfreq:nl,wordfreq_seeded;deterministically_filtered;structurally_curated
nl,v1,1,752,772,universiteit,universiteit,universiteit,unknown,universiteit,wordfreq:nl,wordfreq_seeded;deterministically_filtered;structurally_curated
nl,v1,1,753,773,volledig,volledig,volledig,unknown,volledig,wordfreq:nl,wordfreq_seeded;deterministically_filtered;structurally_curated
nl,v1,1,754,774,zee,zee,zee,unknown,zee,wordfreq:nl,wordfreq_seeded;deterministically_filtered;structurally_curated
nl,v1,1,755,775,belgië,belgië,belgië,unknown,belgië,wordfreq:nl,wordfreq_seeded;deterministically_filtered;structurally_curated
nl,v1,1,756,776,bepaalde,bepaalde,bepaalde,unknown,bepaalde,wordfreq:nl,wordfreq_seeded;deterministically_filtered;structurally_curated
nl,v1,1,757,777,brengt,brengt,brengt,unknown,brengt,wordfreq:nl,wordfreq_seeded;deterministically_filtered;structurally_curated
nl,v1,1,758,778,dorp,dorp,dorp,unknown,dorp,wordfreq:nl,wordfreq_seeded;deterministically_filtered;structurally_curated
nl,v1,1,759,779,dr,dr,dr,unknown,dr,wordfreq:nl,wordfreq_seeded;deterministically_filtered;structurally_curated
nl,v1,1,760,780,for,for,for,unknown,for,wordfreq:nl,wordfreq_seeded;deterministically_filtered;structurally_curated
nl,v1,1,761,781,gisteren,gisteren,gisteren,unknown,gisteren,wordfreq:nl,wordfreq_seeded;deterministically_filtered;structurally_curated
nl,v1,1,762,782,kiezen,kiezen,kiezen,unknown,kiezen,wordfreq:nl,wordfreq_seeded;deterministically_filtered;structurally_curated
nl,v1,1,763,783,officiële,officiële,officiële,unknown,officiële,wordfreq:nl,wordfreq_seeded;deterministically_filtered;structurally_curated
nl,v1,1,764,784,schrijven,schrijven,schrijven,unknown,schrijven,wordfreq:nl,wordfreq_seeded;deterministically_filtered;structurally_curated
nl,v1,1,765,785,afrika,afrika,afrika,unknown,afrika,wordfreq:nl,wordfreq_seeded;deterministically_filtered;structurally_curated
nl,v1,1,766,786,blijkt,blijkt,blijkt,unknown,blijkt,wordfreq:nl,wordfreq_seeded;deterministically_filtered;structurally_curated
nl,v1,1,767,787,daarnaast,daarnaast,daarnaast,unknown,daarnaast,wordfreq:nl,wordfreq_seeded;deterministically_filtered;structurally_curated
nl,v1,1,768,788,heerlijk,heerlijk,heerlijk,unknown,heerlijk,wordfreq:nl,wordfreq_seeded;deterministically_filtered;structurally_curated
nl,v1,1,769,789,hoogte,hoogte,hoogte,unknown,hoogte,wordfreq:nl,wordfreq_seeded;deterministically_filtered;structurally_curated
nl,v1,1,770,790,john,john,john,unknown,john,wordfreq:nl,wordfreq_seeded;deterministically_filtered;structurally_curated
nl,v1,1,771,791,mocht,mocht,mocht,unknown,mocht,wordfreq:nl,wordfreq_seeded;deterministically_filtered;structurally_curated
nl,v1,1,772,792,ondanks,ondanks,ondanks,unknown,ondanks,wordfreq:nl,wordfreq_seeded;deterministically_filtered;structurally_curated
nl,v1,1,773,793,overleden,overleden,overleden,unknown,overleden,wordfreq:nl,wordfreq_seeded;deterministically_filtered;structurally_curated
nl,v1,1,774,794,raad,raad,raad,unknown,raad,wordfreq:nl,wordfreq_seeded;deterministically_filtered;structurally_curated
nl,v1,1,775,795,reis,reis,reis,unknown,reis,wordfreq:nl,wordfreq_seeded;deterministically_filtered;structurally_curated
nl,v1,1,776,796,serie,serie,serie,unknown,serie,wordfreq:nl,wordfreq_seeded;deterministically_filtered;structurally_curated
nl,v1,1,777,797,slapen,slapen,slapen,unknown,slapen,wordfreq:nl,wordfreq_seeded;deterministically_filtered;structurally_curated
nl,v1,1,778,798,start,start,start,unknown,start,wordfreq:nl,wordfreq_seeded;deterministically_filtered;structurally_curated
nl,v1,1,779,799,stel,stel,stel,unknown,stel,wordfreq:nl,wordfreq_seeded;deterministically_filtered;structurally_curated
nl,v1,1,780,800,stemmen,stemmen,stemmen,unknown,stemmen,wordfreq:nl,wordfreq_seeded;deterministically_filtered;structurally_curated
nl,v1,1,781,801,sturen,sturen,sturen,unknown,sturen,wordfreq:nl,wordfreq_seeded;deterministically_filtered;structurally_curated
nl,v1,1,782,802,tegenwoordig,tegenwoordig,tegenwoordig,unknown,tegenwoordig,wordfreq:nl,wordfreq_seeded;deterministically_filtered;structurally_curated
nl,v1,1,783,803,utrecht,utrecht,utrecht,unknown,utrecht,wordfreq:nl,wordfreq_seeded;deterministically_filtered;structurally_curated
nl,v1,1,784,804,versie,versie,versie,unknown,versie,wordfreq:nl,wordfreq_seeded;deterministically_filtered;structurally_curated
nl,v1,1,785,805,vertrouwen,vertrouwen,vertrouwen,unknown,vertrouwen,wordfreq:nl,wordfreq_seeded;deterministically_filtered;structurally_curated
nl,v1,1,786,806,vriendin,vriendin,vriendin,unknown,vriendin,wordfreq:nl,wordfreq_seeded;deterministically_filtered;structurally_curated
nl,v1,1,787,807,wakker,wakker,wakker,unknown,wakker,wordfreq:nl,wordfreq_seeded;deterministically_filtered;structurally_curated
nl,v1,1,788,808,z'n,z'n,z'n,unknown,z'n,wordfreq:nl,wordfreq_seeded;deterministically_filtered;structurally_curated
nl,v1,1,789,809,ziekenhuis,ziekenhuis,ziekenhuis,unknown,ziekenhuis,wordfreq:nl,wordfreq_seeded;deterministically_filtered;structurally_curated
nl,v1,1,790,811,acht,acht,acht,unknown,acht,wordfreq:nl,wordfreq_seeded;deterministically_filtered;structurally_curated
nl,v1,1,791,812,baan,baan,baan,unknown,baan,wordfreq:nl,wordfreq_seeded;deterministically_filtered;structurally_curated
nl,v1,1,792,813,centraal,centraal,centraal,unknown,centraal,wordfreq:nl,wordfreq_seeded;deterministically_filtered;structurally_curated
nl,v1,1,793,814,dicht,dicht,dicht,unknown,dicht,wordfreq:nl,wordfreq_seeded;deterministically_filtered;structurally_curated
nl,v1,1,794,815,dieren,dieren,dieren,unknown,dieren,wordfreq:nl,wordfreq_seeded;deterministically_filtered;structurally_curated
nl,v1,1,795,816,gebracht,gebracht,gebracht,unknown,gebracht,wordfreq:nl,wordfreq_seeded;deterministically_filtered;structurally_curated
nl,v1,1,796,817,gegaan,gegaan,gegaan,unknown,gegaan,wordfreq:nl,wordfreq_seeded;deterministically_filtered;structurally_curated
nl,v1,1,797,818,gewonnen,gewonnen,gewonnen,unknown,gewonnen,wordfreq:nl,wordfreq_seeded;deterministically_filtered;structurally_curated
nl,v1,1,798,819,half,half,half,unknown,half,wordfreq:nl,wordfreq_seeded;deterministically_filtered;structurally_curated
nl,v1,1,799,820,ie,ie,ie,unknown,ie,wordfreq:nl,wordfreq_seeded;deterministically_filtered;structurally_curated
nl,v1,1,800,821,no,no,no,unknown,no,wordfreq:nl,wordfreq_seeded;deterministically_filtered;structurally_curated
nl,v1,1,801,822,overheid,overheid,overheid,unknown,overheid,wordfreq:nl,wordfreq_seeded;deterministically_filtered;structurally_curated
nl,v1,1,802,823,relatie,relatie,relatie,unknown,relatie,wordfreq:nl,wordfreq_seeded;deterministically_filtered;structurally_curated
nl,v1,1,803,824,ruim,ruim,ruim,unknown,ruim,wordfreq:nl,wordfreq_seeded;deterministically_filtered;structurally_curated
nl,v1,1,804,825,rust,rust,rust,unknown,rust,wordfreq:nl,wordfreq_seeded;deterministically_filtered;structurally_curated
nl,v1,1,805,826,slechte,slechte,slechte,unknown,slechte,wordfreq:nl,wordfreq_seeded;deterministically_filtered;structurally_curated
nl,v1,1,806,827,tekst,tekst,tekst,unknown,tekst,wordfreq:nl,wordfreq_seeded;deterministically_filtered;structurally_curated
nl,v1,1,807,828,vrijdag,vrijdag,vrijdag,unknown,vrijdag,wordfreq:nl,wordfreq_seeded;deterministically_filtered;structurally_curated
nl,v1,1,808,829,vs,vs,vs,unknown,vs,wordfreq:nl,wordfreq_seeded;deterministically_filtered;structurally_curated
nl,v1,1,809,830,witte,witte,witte,unknown,witte,wordfreq:nl,wordfreq_seeded;deterministically_filtered;structurally_curated
nl,v1,1,810,831,york,york,york,unknown,york,wordfreq:nl,wordfreq_seeded;deterministically_filtered;structurally_curated
nl,v1,1,811,832,bank,bank,bank,unknown,bank,wordfreq:nl,wordfreq_seeded;deterministically_filtered;structurally_curated
nl,v1,1,812,833,energie,energie,energie,unknown,energie,wordfreq:nl,wordfreq_seeded;deterministically_filtered;structurally_curated
nl,v1,1,813,834,gebouw,gebouw,gebouw,unknown,gebouw,wordfreq:nl,wordfreq_seeded;deterministically_filtered;structurally_curated
nl,v1,1,814,835,gingen,gingen,gingen,unknown,gingen,wordfreq:nl,wordfreq_seeded;deterministically_filtered;structurally_curated
nl,v1,1,815,836,h,h,h,unknown,h,wordfreq:nl,wordfreq_seeded;deterministically_filtered;structurally_curated
nl,v1,1,816,837,helft,helft,helft,unknown,helft,wordfreq:nl,wordfreq_seeded;deterministically_filtered;structurally_curated
nl,v1,1,817,838,helpt,helpt,helpt,unknown,helpt,wordfreq:nl,wordfreq_seeded;deterministically_filtered;structurally_curated
nl,v1,1,818,839,hoog,hoog,hoog,unknown,hoog,wordfreq:nl,wordfreq_seeded;deterministically_filtered;structurally_curated
nl,v1,1,819,840,juiste,juiste,juiste,unknown,juiste,wordfreq:nl,wordfreq_seeded;deterministically_filtered;structurally_curated
nl,v1,1,820,841,klopt,klopt,klopt,unknown,klopt,wordfreq:nl,wordfreq_seeded;deterministically_filtered;structurally_curated
nl,v1,1,821,842,kracht,kracht,kracht,unknown,kracht,wordfreq:nl,wordfreq_seeded;deterministically_filtered;structurally_curated
nl,v1,1,822,843,les,les,les,unknown,les,wordfreq:nl,wordfreq_seeded;deterministically_filtered;structurally_curated
nl,v1,1,823,844,ontvangen,ontvangen,ontvangen,unknown,ontvangen,wordfreq:nl,wordfreq_seeded;deterministically_filtered;structurally_curated
nl,v1,1,824,845,pagina,pagina,pagina,unknown,pagina,wordfreq:nl,wordfreq_seeded;deterministically_filtered;structurally_curated
nl,v1,1,825,846,reactie,reactie,reactie,unknown,reactie,wordfreq:nl,wordfreq_seeded;deterministically_filtered;structurally_curated
nl,v1,1,826,847,ruimte,ruimte,ruimte,unknown,ruimte,wordfreq:nl,wordfreq_seeded;deterministically_filtered;structurally_curated
nl,v1,1,827,848,situatie,situatie,situatie,unknown,situatie,wordfreq:nl,wordfreq_seeded;deterministically_filtered;structurally_curated
nl,v1,1,828,849,sorry,sorry,sorry,unknown,sorry,wordfreq:nl,wordfreq_seeded;deterministically_filtered;structurally_curated
nl,v1,1,829,850,spreken,spreken,spreken,unknown,spreken,wordfreq:nl,wordfreq_seeded;deterministically_filtered;structurally_curated
nl,v1,1,830,851,systeem,systeem,systeem,unknown,systeem,wordfreq:nl,wordfreq_seeded;deterministically_filtered;structurally_curated
nl,v1,1,831,852,voelen,voelen,voelen,unknown,voelen,wordfreq:nl,wordfreq_seeded;deterministically_filtered;structurally_curated
nl,v1,1,832,853,voelt,voelt,voelt,unknown,voelt,wordfreq:nl,wordfreq_seeded;deterministically_filtered;structurally_curated
nl,v1,1,833,854,zeven,zeven,zeven,unknown,zeven,wordfreq:nl,wordfreq_seeded;deterministically_filtered;structurally_curated
nl,v1,1,834,855,zondag,zondag,zondag,unknown,zondag,wordfreq:nl,wordfreq_seeded;deterministically_filtered;structurally_curated
nl,v1,1,835,857,bekende,bekende,bekende,unknown,bekende,wordfreq:nl,wordfreq_seeded;deterministically_filtered;structurally_curated
nl,v1,1,836,858,dankzij,dankzij,dankzij,unknown,dankzij,wordfreq:nl,wordfreq_seeded;deterministically_filtered;structurally_curated
nl,v1,1,837,859,gebeuren,gebeuren,gebeuren,unknown,gebeuren,wordfreq:nl,wordfreq_seeded;deterministically_filtered;structurally_curated
nl,v1,1,838,860,geheel,geheel,geheel,unknown,geheel,wordfreq:nl,wordfreq_seeded;deterministically_filtered;structurally_curated
nl,v1,1,839,861,hoort,hoort,hoort,unknown,hoort,wordfreq:nl,wordfreq_seeded;deterministically_filtered;structurally_curated
nl,v1,1,840,862,kaart,kaart,kaart,unknown,kaart,wordfreq:nl,wordfreq_seeded;deterministically_filtered;structurally_curated
nl,v1,1,841,863,kerk,kerk,kerk,unknown,kerk,wordfreq:nl,wordfreq_seeded;deterministically_filtered;structurally_curated
nl,v1,1,842,864,liever,liever,liever,unknown,liever,wordfreq:nl,wordfreq_seeded;deterministically_filtered;structurally_curated
nl,v1,1,843,865,taal,taal,taal,unknown,taal,wordfreq:nl,wordfreq_seeded;deterministically_filtered;structurally_curated
nl,v1,1,844,866,voorbeeld,voorbeeld,voorbeeld,unknown,voorbeeld,wordfreq:nl,wordfreq_seeded;deterministically_filtered;structurally_curated
nl,v1,1,845,867,vroeger,vroeger,vroeger,unknown,vroeger,wordfreq:nl,wordfreq_seeded;deterministically_filtered;structurally_curated
nl,v1,1,846,868,west,west,west,unknown,west,wordfreq:nl,wordfreq_seeded;deterministically_filtered;structurally_curated
nl,v1,1,847,869,bron,bron,bron,unknown,bron,wordfreq:nl,wordfreq_seeded;deterministically_filtered;structurally_curated
nl,v1,1,848,870,feit,feit,feit,unknown,feit,wordfreq:nl,wordfreq_seeded;deterministically_filtered;structurally_curated
nl,v1,1,849,871,gevolg,gevolg,gevolg,unknown,gevolg,wordfreq:nl,wordfreq_seeded;deterministically_filtered;structurally_curated
nl,v1,1,850,872,gezet,gezet,gezet,unknown,gezet,wordfreq:nl,wordfreq_seeded;deterministically_filtered;structurally_curated
nl,v1,1,851,873,gezicht,gezicht,gezicht,unknown,gezicht,wordfreq:nl,wordfreq_seeded;deterministically_filtered;structurally_curated
nl,v1,1,852,874,heet,heet,heet,unknown,heet,wordfreq:nl,wordfreq_seeded;deterministically_filtered;structurally_curated
nl,v1,1,853,875,prachtige,prachtige,prachtige,unknown,prachtige,wordfreq:nl,wordfreq_seeded;deterministically_filtered;structurally_curated
nl,v1,1,854,876,punten,punten,punten,unknown,punten,wordfreq:nl,wordfreq_seeded;deterministically_filtered;structurally_curated
nl,v1,1,855,877,radio,radio,radio,unknown,radio,wordfreq:nl,wordfreq_seeded;deterministically_filtered;structurally_curated
nl,v1,1,856,878,rotterdam,rotterdam,rotterdam,unknown,rotterdam,wordfreq:nl,wordfreq_seeded;deterministically_filtered;structurally_curated
nl,v1,1,857,879,amerika,amerika,amerika,unknown,amerika,wordfreq:nl,wordfreq_seeded;deterministically_filtered;structurally_curated
nl,v1,1,858,880,beschikbaar,beschikbaar,beschikbaar,unknown,beschikbaar,wordfreq:nl,wordfreq_seeded;deterministically_filtered;structurally_curated
nl,v1,1,859,881,betrokken,betrokken,betrokken,unknown,betrokken,wordfreq:nl,wordfreq_seeded;deterministically_filtered;structurally_curated
nl,v1,1,860,882,blog,blog,blog,unknown,blog,wordfreq:nl,wordfreq_seeded;deterministically_filtered;structurally_curated
nl,v1,1,861,883,dragen,dragen,dragen,unknown,dragen,wordfreq:nl,wordfreq_seeded;deterministically_filtered;structurally_curated
nl,v1,1,862,884,fc,fc,fc,unknown,fc,wordfreq:nl,wordfreq_seeded;deterministically_filtered;structurally_curated
nl,v1,1,863,885,gehoord,gehoord,gehoord,unknown,gehoord,wordfreq:nl,wordfreq_seeded;deterministically_filtered;structurally_curated
nl,v1,1,864,886,gelegen,gelegen,gelegen,unknown,gelegen,wordfreq:nl,wordfreq_seeded;deterministically_filtered;structurally_curated
nl,v1,1,865,887,gevallen,gevallen,gevallen,unknown,gevallen,wordfreq:nl,wordfreq_seeded;deterministically_filtered;structurally_curated
nl,v1,1,866,888,heer,heer,heer,unknown,heer,wordfreq:nl,wordfreq_seeded;deterministically_filtered;structurally_curated
nl,v1,1,867,889,jong,jong,jong,unknown,jong,wordfreq:nl,wordfreq_seeded;deterministically_filtered;structurally_curated
nl,v1,1,868,890,kennis,kennis,kennis,unknown,kennis,wordfreq:nl,wordfreq_seeded;deterministically_filtered;structurally_curated
nl,v1,1,869,891,keuze,keuze,keuze,unknown,keuze,wordfreq:nl,wordfreq_seeded;deterministically_filtered;structurally_curated
nl,v1,1,870,892,plezier,plezier,plezier,unknown,plezier,wordfreq:nl,wordfreq_seeded;deterministically_filtered;structurally_curated
nl,v1,1,871,893,slag,slag,slag,unknown,slag,wordfreq:nl,wordfreq_seeded;deterministically_filtered;structurally_curated
nl,v1,1,872,894,speciale,speciale,speciale,unknown,speciale,wordfreq:nl,wordfreq_seeded;deterministically_filtered;structurally_curated
nl,v1,1,873,895,activiteiten,activiteiten,activiteiten,unknown,activiteiten,wordfreq:nl,wordfreq_seeded;deterministically_filtered;structurally_curated
nl,v1,1,874,896,cultuur,cultuur,cultuur,unknown,cultuur,wordfreq:nl,wordfreq_seeded;deterministically_filtered;structurally_curated
nl,v1,1,875,897,daarvan,daarvan,daarvan,unknown,daarvan,wordfreq:nl,wordfreq_seeded;deterministically_filtered;structurally_curated
nl,v1,1,876,898,duitse,duitse,duitse,unknown,duitse,wordfreq:nl,wordfreq_seeded;deterministically_filtered;structurally_curated
nl,v1,1,877,899,economie,economie,economie,unknown,economie,wordfreq:nl,wordfreq_seeded;deterministically_filtered;structurally_curated
nl,v1,1,878,900,eerlijk,eerlijk,eerlijk,unknown,eerlijk,wordfreq:nl,wordfreq_seeded;deterministically_filtered;structurally_curated
nl,v1,1,879,901,ene,ene,ene,unknown,ene,wordfreq:nl,wordfreq_seeded;deterministically_filtered;structurally_curated
nl,v1,1,880,902,gekozen,gekozen,gekozen,unknown,gekozen,wordfreq:nl,wordfreq_seeded;deterministically_filtered;structurally_curated
nl,v1,1,881,903,haag,haag,haag,unknown,haag,wordfreq:nl,wordfreq_seeded;deterministically_filtered;structurally_curated
nl,v1,1,882,904,hotel,hotel,hotel,unknown,hotel,wordfreq:nl,wordfreq_seeded;deterministically_filtered;structurally_curated
nl,v1,1,883,905,leggen,leggen,leggen,unknown,leggen,wordfreq:nl,wordfreq_seeded;deterministically_filtered;structurally_curated
nl,v1,1,884,906,markt,markt,markt,unknown,markt,wordfreq:nl,wordfreq_seeded;deterministically_filtered;structurally_curated
nl,v1,1,885,907,resultaten,resultaten,resultaten,unknown,resultaten,wordfreq:nl,wordfreq_seeded;deterministically_filtered;structurally_curated
nl,v1,1,886,908,rustig,rustig,rustig,unknown,rustig,wordfreq:nl,wordfreq_seeded;deterministically_filtered;structurally_curated
nl,v1,1,887,909,samenwerking,samenwerking,samenwerking,unknown,samenwerking,wordfreq:nl,wordfreq_seeded;deterministically_filtered;structurally_curated
nl,v1,1,888,910,snap,snap,snap,unknown,snap,wordfreq:nl,wordfreq_seeded;deterministically_filtered;structurally_curated
nl,v1,1,889,911,winnen,winnen,winnen,unknown,winnen,wordfreq:nl,wordfreq_seeded;deterministically_filtered;structurally_curated
nl,v1,1,890,912,wit,wit,wit,unknown,wit,wordfreq:nl,wordfreq_seeded;deterministically_filtered;structurally_curated
nl,v1,1,891,913,zomer,zomer,zomer,unknown,zomer,wordfreq:nl,wordfreq_seeded;deterministically_filtered;structurally_curated
nl,v1,1,892,914,zwart,zwart,zwart,unknown,zwart,wordfreq:nl,wordfreq_seeded;deterministically_filtered;structurally_curated
nl,v1,1,893,915,bijzonder,bijzonder,bijzonder,unknown,bijzonder,wordfreq:nl,wordfreq_seeded;deterministically_filtered;structurally_curated
nl,v1,1,894,916,fout,fout,fout,unknown,fout,wordfreq:nl,wordfreq_seeded;deterministically_filtered;structurally_curated
nl,v1,1,895,917,franse,franse,franse,unknown,franse,wordfreq:nl,wordfreq_seeded;deterministically_filtered;structurally_curated
nl,v1,1,896,918,gedurende,gedurende,gedurende,unknown,gedurende,wordfreq:nl,wordfreq_seeded;deterministically_filtered;structurally_curated
nl,v1,1,897,919,geloven,geloven,geloven,unknown,geloven,wordfreq:nl,wordfreq_seeded;deterministically_filtered;structurally_curated
nl,v1,1,898,920,genieten,genieten,genieten,unknown,genieten,wordfreq:nl,wordfreq_seeded;deterministically_filtered;structurally_curated
nl,v1,1,899,921,gesprek,gesprek,gesprek,unknown,gesprek,wordfreq:nl,wordfreq_seeded;deterministically_filtered;structurally_curated
nl,v1,1,900,922,lokale,lokale,lokale,unknown,lokale,wordfreq:nl,wordfreq_seeded;deterministically_filtered;structurally_curated
nl,v1,1,901,923,lucht,lucht,lucht,unknown,lucht,wordfreq:nl,wordfreq_seeded;deterministically_filtered;structurally_curated
nl,v1,1,902,924,makkelijk,makkelijk,makkelijk,unknown,makkelijk,wordfreq:nl,wordfreq_seeded;deterministically_filtered;structurally_curated
nl,v1,1,903,925,pakken,pakken,pakken,unknown,pakken,wordfreq:nl,wordfreq_seeded;deterministically_filtered;structurally_curated
nl,v1,1,904,926,publiek,publiek,publiek,unknown,publiek,wordfreq:nl,wordfreq_seeded;deterministically_filtered;structurally_curated
nl,v1,1,905,927,r,r,r,unknown,r,wordfreq:nl,wordfreq_seeded;deterministically_filtered;structurally_curated
nl,v1,1,906,928,regels,regels,regels,unknown,regels,wordfreq:nl,wordfreq_seeded;deterministically_filtered;structurally_curated
nl,v1,1,907,929,val,val,val,unknown,val,wordfreq:nl,wordfreq_seeded;deterministically_filtered;structurally_curated
nl,v1,1,908,930,verhalen,verhalen,verhalen,unknown,verhalen,wordfreq:nl,wordfreq_seeded;deterministically_filtered;structurally_curated
nl,v1,1,909,931,verschil,verschil,verschil,unknown,verschil,wordfreq:nl,wordfreq_seeded;deterministically_filtered;structurally_curated
nl,v1,1,910,932,voetbal,voetbal,voetbal,unknown,voetbal,wordfreq:nl,wordfreq_seeded;deterministically_filtered;structurally_curated
nl,v1,1,911,934,behalve,behalve,behalve,unknown,behalve,wordfreq:nl,wordfreq_seeded;deterministically_filtered;structurally_curated
nl,v1,1,912,935,bereiken,bereiken,bereiken,unknown,bereiken,wordfreq:nl,wordfreq_seeded;deterministically_filtered;structurally_curated
nl,v1,1,913,936,brand,brand,brand,unknown,brand,wordfreq:nl,wordfreq_seeded;deterministically_filtered;structurally_curated
nl,v1,1,914,937,eraan,eraan,eraan,unknown,eraan,wordfreq:nl,wordfreq_seeded;deterministically_filtered;structurally_curated
nl,v1,1,915,938,geslacht,geslacht,geslacht,unknown,geslacht,wordfreq:nl,wordfreq_seeded;deterministically_filtered;structurally_curated
nl,v1,1,916,939,geweldige,geweldige,geweldige,unknown,geweldige,wordfreq:nl,wordfreq_seeded;deterministically_filtered;structurally_curated
nl,v1,1,917,941,haat,haat,haat,unknown,haat,wordfreq:nl,wordfreq_seeded;deterministically_filtered;structurally_curated
nl,v1,1,918,942,invloed,invloed,invloed,unknown,invloed,wordfreq:nl,wordfreq_seeded;deterministically_filtered;structurally_curated
nl,v1,1,919,943,kunst,kunst,kunst,unknown,kunst,wordfreq:nl,wordfreq_seeded;deterministically_filtered;structurally_curated
nl,v1,1,920,944,moesten,moesten,moesten,unknown,moesten,wordfreq:nl,wordfreq_seeded;deterministically_filtered;structurally_curated
nl,v1,1,921,945,moord,moord,moord,unknown,moord,wordfreq:nl,wordfreq_seeded;deterministically_filtered;structurally_curated
nl,v1,1,922,946,park,park,park,unknown,park,wordfreq:nl,wordfreq_seeded;deterministically_filtered;structurally_curated
nl,v1,1,923,947,sport,sport,sport,unknown,sport,wordfreq:nl,wordfreq_seeded;deterministically_filtered;structurally_curated
nl,v1,1,924,948,stelt,stelt,stelt,unknown,stelt,wordfreq:nl,wordfreq_seeded;deterministically_filtered;structurally_curated
nl,v1,1,925,949,strijd,strijd,strijd,unknown,strijd,wordfreq:nl,wordfreq_seeded;deterministically_filtered;structurally_curated
nl,v1,1,926,950,wk,wk,wk,unknown,wk,wordfreq:nl,wordfreq_seeded;deterministically_filtered;structurally_curated
nl,v1,1,927,951,bekijk,bekijk,bekijk,unknown,bekijk,wordfreq:nl,wordfreq_seeded;deterministically_filtered;structurally_curated
nl,v1,1,928,952,controle,controle,controle,unknown,controle,wordfreq:nl,wordfreq_seeded;deterministically_filtered;structurally_curated
nl,v1,1,929,953,dames,dames,dames,unknown,dames,wordfreq:nl,wordfreq_seeded;deterministically_filtered;structurally_curated
nl,v1,1,930,954,engels,engels,engels,unknown,engels,wordfreq:nl,wordfreq_seeded;deterministically_filtered;structurally_curated
nl,v1,1,931,955,geluk,geluk,geluk,unknown,geluk,wordfreq:nl,wordfreq_seeded;deterministically_filtered;structurally_curated
nl,v1,1,932,956,gesproken,gesproken,gesproken,unknown,gesproken,wordfreq:nl,wordfreq_seeded;deterministically_filtered;structurally_curated
nl,v1,1,933,957,jongeren,jongeren,jongeren,unknown,jongeren,wordfreq:nl,wordfreq_seeded;deterministically_filtered;structurally_curated
nl,v1,1,934,958,koffie,koffie,koffie,unknown,koffie,wordfreq:nl,wordfreq_seeded;deterministically_filtered;structurally_curated
nl,v1,1,935,959,loop,loop,loop,unknown,loop,wordfreq:nl,wordfreq_seeded;deterministically_filtered;structurally_curated
nl,v1,1,936,960,macht,macht,macht,unknown,macht,wordfreq:nl,wordfreq_seeded;deterministically_filtered;structurally_curated
nl,v1,1,937,961,moeite,moeite,moeite,unknown,moeite,wordfreq:nl,wordfreq_seeded;deterministically_filtered;structurally_curated
nl,v1,1,938,962,ontstaan,ontstaan,ontstaan,unknown,ontstaan,wordfreq:nl,wordfreq_seeded;deterministically_filtered;structurally_curated
nl,v1,1,939,963,persoonlijke,persoonlijke,persoonlijke,unknown,persoonlijke,wordfreq:nl,wordfreq_seeded;deterministically_filtered;structurally_curated
nl,v1,1,940,964,procent,procent,procent,unknown,procent,wordfreq:nl,wordfreq_seeded;deterministically_filtered;structurally_curated
nl,v1,1,941,965,stop,stop,stop,unknown,stop,wordfreq:nl,wordfreq_seeded;deterministically_filtered;structurally_curated
nl,v1,1,942,966,super,super,super,unknown,super,wordfreq:nl,wordfreq_seeded;deterministically_filtered;structurally_curated
nl,v1,1,943,967,trekken,trekken,trekken,unknown,trekken,wordfreq:nl,wordfreq_seeded;deterministically_filtered;structurally_curated
nl,v1,1,944,968,verkiezingen,verkiezingen,verkiezingen,unknown,verkiezingen,wordfreq:nl,wordfreq_seeded;deterministically_filtered;structurally_curated
nl,v1,1,945,969,waard,waard,waard,unknown,waard,wordfreq:nl,wordfreq_seeded;deterministically_filtered;structurally_curated
nl,v1,1,946,970,aarde,aarde,aarde,unknown,aarde,wordfreq:nl,wordfreq_seeded;deterministically_filtered;structurally_curated
nl,v1,1,947,971,band,band,band,unknown,band,wordfreq:nl,wordfreq_seeded;deterministically_filtered;structurally_curated
nl,v1,1,948,972,begrijpen,begrijpen,begrijpen,unknown,begrijpen,wordfreq:nl,wordfreq_seeded;deterministically_filtered;structurally_curated
nl,v1,1,949,973,betere,betere,betere,unknown,betere,wordfreq:nl,wordfreq_seeded;deterministically_filtered;structurally_curated
nl,v1,1,950,974,china,china,china,unknown,china,wordfreq:nl,wordfreq_seeded;deterministically_filtered;structurally_curated
nl,v1,1,951,975,eeuw,eeuw,eeuw,unknown,eeuw,wordfreq:nl,wordfreq_seeded;deterministically_filtered;structurally_curated
nl,v1,1,952,976,feest,feest,feest,unknown,feest,wordfreq:nl,wordfreq_seeded;deterministically_filtered;structurally_curated
nl,v1,1,953,977,g,g,g,unknown,g,wordfreq:nl,wordfreq_seeded;deterministically_filtered;structurally_curated
nl,v1,1,954,978,gevraagd,gevraagd,gevraagd,unknown,gevraagd,wordfreq:nl,wordfreq_seeded;deterministically_filtered;structurally_curated
nl,v1,1,955,979,gewone,gewone,gewone,unknown,gewone,wordfreq:nl,wordfreq_seeded;deterministically_filtered;structurally_curated
nl,v1,1,956,980,hond,hond,hond,unknown,hond,wordfreq:nl,wordfreq_seeded;deterministically_filtered;structurally_curated
nl,v1,1,957,981,huwelijk,huwelijk,huwelijk,unknown,huwelijk,wordfreq:nl,wordfreq_seeded;deterministically_filtered;structurally_curated
nl,v1,1,958,982,tevens,tevens,tevens,unknown,tevens,wordfreq:nl,wordfreq_seeded;deterministically_filtered;structurally_curated
nl,v1,1,959,983,vakantie,vakantie,vakantie,unknown,vakantie,wordfreq:nl,wordfreq_seeded;deterministically_filtered;structurally_curated
nl,v1,1,960,984,veiligheid,veiligheid,veiligheid,unknown,veiligheid,wordfreq:nl,wordfreq_seeded;deterministically_filtered;structurally_curated
nl,v1,1,961,985,waarheid,waarheid,waarheid,unknown,waarheid,wordfreq:nl,wordfreq_seeded;deterministically_filtered;structurally_curated
nl,v1,1,962,986,wacht,wacht,wacht,unknown,wacht,wordfreq:nl,wordfreq_seeded;deterministically_filtered;structurally_curated
nl,v1,1,963,987,wees,wees,wees,unknown,wees,wordfreq:nl,wordfreq_seeded;deterministically_filtered;structurally_curated
nl,v1,1,964,988,bevolking,bevolking,bevolking,unknown,bevolking,wordfreq:nl,wordfreq_seeded;deterministically_filtered;structurally_curated
nl,v1,1,965,989,bieden,bieden,bieden,unknown,bieden,wordfreq:nl,wordfreq_seeded;deterministically_filtered;structurally_curated
nl,v1,1,966,990,bouwen,bouwen,bouwen,unknown,bouwen,wordfreq:nl,wordfreq_seeded;deterministically_filtered;structurally_curated
nl,v1,1,967,991,deur,deur,deur,unknown,deur,wordfreq:nl,wordfreq_seeded;deterministically_filtered;structurally_curated
nl,v1,1,968,992,erbij,erbij,erbij,unknown,erbij,wordfreq:nl,wordfreq_seeded;deterministically_filtered;structurally_curated
nl,v1,1,969,993,ervaring,ervaring,ervaring,unknown,ervaring,wordfreq:nl,wordfreq_seeded;deterministically_filtered;structurally_curated
nl,v1,1,970,994,films,films,films,unknown,films,wordfreq:nl,wordfreq_seeded;deterministically_filtered;structurally_curated
nl,v1,1,971,995,gebeurd,gebeurd,gebeurd,unknown,gebeurd,wordfreq:nl,wordfreq_seeded;deterministically_filtered;structurally_curated
nl,v1,1,972,996,groningen,groningen,groningen,unknown,groningen,wordfreq:nl,wordfreq_seeded;deterministically_filtered;structurally_curated
nl,v1,1,973,997,holland,holland,holland,unknown,holland,wordfreq:nl,wordfreq_seeded;deterministically_filtered;structurally_curated
nl,v1,1,974,998,l,l,l,unknown,l,wordfreq:nl,wordfreq_seeded;deterministically_filtered;structurally_curated
nl,v1,1,975,999,mezelf,mezelf,mezelf,unknown,mezelf,wordfreq:nl,wordfreq_seeded;deterministically_filtered;structurally_curated
nl,v1,1,976,1000,opgenomen,opgenomen,opgenomen,unknown,opgenomen,wordfreq:nl,wordfreq_seeded;deterministically_filtered;structurally_curated
nl,v1,1,977,1001,stand,stand,stand,unknown,stand,wordfreq:nl,wordfreq_seeded;deterministically_filtered;structurally_curated
nl,v1,1,978,1002,studenten,studenten,studenten,unknown,studenten,wordfreq:nl,wordfreq_seeded;deterministically_filtered;structurally_curated
nl,v1,1,979,1003,terecht,terecht,terecht,unknown,terecht,wordfreq:nl,wordfreq_seeded;deterministically_filtered;structurally_curated
nl,v1,1,980,1004,vermoord,vermoord,vermoord,unknown,vermoord,wordfreq:nl,wordfreq_seeded;deterministically_filtered;structurally_curated
nl,v1,1,981,1005,viel,viel,viel,unknown,viel,wordfreq:nl,wordfreq_seeded;deterministically_filtered;structurally_curated
nl,v1,1,982,1006,voormalige,voormalige,voormalige,unknown,voormalige,wordfreq:nl,wordfreq_seeded;deterministically_filtered;structurally_curated
nl,v1,1,983,1007,vorig,vorig,vorig,unknown,vorig,wordfreq:nl,wordfreq_seeded;deterministically_filtered;structurally_curated
nl,v1,1,984,1008,bevat,bevat,bevat,unknown,bevat,wordfreq:nl,wordfreq_seeded;deterministically_filtered;structurally_curated
nl,v1,1,985,1009,bracht,bracht,bracht,unknown,bracht,wordfreq:nl,wordfreq_seeded;deterministically_filtered;structurally_curated
nl,v1,1,986,1010,britse,britse,britse,unknown,britse,wordfreq:nl,wordfreq_seeded;deterministically_filtered;structurally_curated
nl,v1,1,987,1011,burgemeester,burgemeester,burgemeester,unknown,burgemeester,wordfreq:nl,wordfreq_seeded;deterministically_filtered;structurally_curated
nl,v1,1,988,1012,doordat,doordat,doordat,unknown,doordat,wordfreq:nl,wordfreq_seeded;deterministically_filtered;structurally_curated
nl,v1,1,989,1013,international,international,international,unknown,international,wordfreq:nl,wordfreq_seeded;deterministically_filtered;structurally_curated
nl,v1,1,990,1014,kilometer,kilometer,kilometer,unknown,kilometer,wordfreq:nl,wordfreq_seeded;deterministically_filtered;structurally_curated
nl,v1,1,991,1015,kosten,kosten,kosten,unknown,kosten,wordfreq:nl,wordfreq_seeded;deterministically_filtered;structurally_curated
nl,v1,1,992,1016,let,let,let,unknown,let,wordfreq:nl,wordfreq_seeded;deterministically_filtered;structurally_curated
nl,v1,1,993,1017,lijn,lijn,lijn,unknown,lijn,wordfreq:nl,wordfreq_seeded;deterministically_filtered;structurally_curated
nl,v1,1,994,1018,namelijk,namelijk,namelijk,unknown,namelijk,wordfreq:nl,wordfreq_seeded;deterministically_filtered;structurally_curated
nl,v1,1,995,1019,opdracht,opdracht,opdracht,unknown,opdracht,wordfreq:nl,wordfreq_seeded;deterministically_filtered;structurally_curated
nl,v1,1,996,1020,oplossing,oplossing,oplossing,unknown,oplossing,wordfreq:nl,wordfreq_seeded;deterministically_filtered;structurally_curated
nl,v1,1,997,1021,peter,peter,peter,unknown,peter,wordfreq:nl,wordfreq_seeded;deterministically_filtered;structurally_curated
nl,v1,1,998,1022,ronde,ronde,ronde,unknown,ronde,wordfreq:nl,wordfreq_seeded;deterministically_filtered;structurally_curated
nl,v1,1,999,1023,rusland,rusland,rusland,unknown,rusland,wordfreq:nl,wordfreq_seeded;deterministically_filtered;structurally_curated
nl,v1,1,1000,1024,schuld,schuld,schuld,unknown,schuld,wordfreq:nl,wordfreq_seeded;deterministically_filtered;structurally_curated
nl,v1,2,1001,1025,seks,seks,seks,unknown,seks,wordfreq:nl,wordfreq_seeded;deterministically_filtered;structurally_curated
nl,v1,2,1002,1026,verlaten,verlaten,verlaten,unknown,verlaten,wordfreq:nl,wordfreq_seeded;deterministically_filtered;structurally_curated
nl,v1,2,1003,1027,welk,welk,welk,unknown,welk,wordfreq:nl,wordfreq_seeded;deterministically_filtered;structurally_curated
nl,v1,2,1004,1028,zoekt,zoekt,zoekt,unknown,zoekt,wordfreq:nl,wordfreq_seeded;deterministically_filtered;structurally_curated
nl,v1,2,1005,1029,drinken,drinken,drinken,unknown,drinken,wordfreq:nl,wordfreq_seeded;deterministically_filtered;structurally_curated
nl,v1,2,1006,1030,gezin,gezin,gezin,unknown,gezin,wordfreq:nl,wordfreq_seeded;deterministically_filtered;structurally_curated
nl,v1,2,1007,1031,hoger,hoger,hoger,unknown,hoger,wordfreq:nl,wordfreq_seeded;deterministically_filtered;structurally_curated
nl,v1,2,1008,1032,kwijt,kwijt,kwijt,unknown,kwijt,wordfreq:nl,wordfreq_seeded;deterministically_filtered;structurally_curated
nl,v1,2,1009,1033,mening,mening,mening,unknown,mening,wordfreq:nl,wordfreq_seeded;deterministically_filtered;structurally_curated
nl,v1,2,1010,1034,niveau,niveau,niveau,unknown,niveau,wordfreq:nl,wordfreq_seeded;deterministically_filtered;structurally_curated
nl,v1,2,1011,1035,post,post,post,unknown,post,wordfreq:nl,wordfreq_seeded;deterministically_filtered;structurally_curated
nl,v1,2,1012,1036,stuur,stuur,stuur,unknown,stuur,wordfreq:nl,wordfreq_seeded;deterministically_filtered;structurally_curated
nl,v1,2,1013,1037,verleden,verleden,verleden,unknown,verleden,wordfreq:nl,wordfreq_seeded;deterministically_filtered;structurally_curated
nl,v1,2,1014,1038,zon,zon,zon,unknown,zon,wordfreq:nl,wordfreq_seeded;deterministically_filtered;structurally_curated
nl,v1,2,1015,1039,afstand,afstand,afstand,unknown,afstand,wordfreq:nl,wordfreq_seeded;deterministically_filtered;structurally_curated
nl,v1,2,1016,1040,beelden,beelden,beelden,unknown,beelden,wordfreq:nl,wordfreq_seeded;deterministically_filtered;structurally_curated
nl,v1,2,1017,1041,beschermen,beschermen,beschermen,unknown,beschermen,wordfreq:nl,wordfreq_seeded;deterministically_filtered;structurally_curated
nl,v1,2,1018,1042,betreft,betreft,betreft,unknown,betreft,wordfreq:nl,wordfreq_seeded;deterministically_filtered;structurally_curated
nl,v1,2,1019,1043,bleef,bleef,bleef,unknown,bleef,wordfreq:nl,wordfreq_seeded;deterministically_filtered;structurally_curated
nl,v1,2,1020,1044,blijkbaar,blijkbaar,blijkbaar,unknown,blijkbaar,wordfreq:nl,wordfreq_seeded;deterministically_filtered;structurally_curated
nl,v1,2,1021,1045,festival,festival,festival,unknown,festival,wordfreq:nl,wordfreq_seeded;deterministically_filtered;structurally_curated
nl,v1,2,1022,1046,functie,functie,functie,unknown,functie,wordfreq:nl,wordfreq_seeded;deterministically_filtered;structurally_curated
nl,v1,2,1023,1047,jeugd,jeugd,jeugd,unknown,jeugd,wordfreq:nl,wordfreq_seeded;deterministically_filtered;structurally_curated
nl,v1,2,1024,1048,komende,komende,komende,unknown,komende,wordfreq:nl,wordfreq_seeded;deterministically_filtered;structurally_curated
nl,v1,2,1025,1049,last,last,last,unknown,last,wordfreq:nl,wordfreq_seeded;deterministically_filtered;structurally_curated
nl,v1,2,1026,1050,londen,londen,londen,unknown,londen,wordfreq:nl,wordfreq_seeded;deterministically_filtered;structurally_curated
nl,v1,2,1027,1051,mm,mm,mm,unknown,mm,wordfreq:nl,wordfreq_seeded;deterministically_filtered;structurally_curated
nl,v1,2,1028,1052,name,name,name,unknown,name,wordfreq:nl,wordfreq_seeded;deterministically_filtered;structurally_curated
nl,v1,2,1029,1053,perfect,perfect,perfect,unknown,perfect,wordfreq:nl,wordfreq_seeded;deterministically_filtered;structurally_curated
nl,v1,2,1030,1054,plannen,plannen,plannen,unknown,plannen,wordfreq:nl,wordfreq_seeded;deterministically_filtered;structurally_curated
nl,v1,2,1031,1055,rechter,rechter,rechter,unknown,rechter,wordfreq:nl,wordfreq_seeded;deterministically_filtered;structurally_curated
nl,v1,2,1032,1056,respect,respect,respect,unknown,respect,wordfreq:nl,wordfreq_seeded;deterministically_filtered;structurally_curated
nl,v1,2,1033,1057,schip,schip,schip,unknown,schip,wordfreq:nl,wordfreq_seeded;deterministically_filtered;structurally_curated
nl,v1,2,1034,1058,spanje,spanje,spanje,unknown,spanje,wordfreq:nl,wordfreq_seeded;deterministically_filtered;structurally_curated
nl,v1,2,1035,1059,speciaal,speciaal,speciaal,unknown,speciaal,wordfreq:nl,wordfreq_seeded;deterministically_filtered;structurally_curated
nl,v1,2,1036,1060,veranderd,veranderd,veranderd,unknown,veranderd,wordfreq:nl,wordfreq_seeded;deterministically_filtered;structurally_curated
nl,v1,2,1037,1061,vlak,vlak,vlak,unknown,vlak,wordfreq:nl,wordfreq_seeded;deterministically_filtered;structurally_curated
nl,v1,2,1038,1062,volk,volk,volk,unknown,volk,wordfreq:nl,wordfreq_seeded;deterministically_filtered;structurally_curated
nl,v1,2,1039,1063,boos,boos,boos,unknown,boos,wordfreq:nl,wordfreq_seeded;deterministically_filtered;structurally_curated
nl,v1,2,1040,1064,enorm,enorm,enorm,unknown,enorm,wordfreq:nl,wordfreq_seeded;deterministically_filtered;structurally_curated
nl,v1,2,1041,1065,houd,houd,houd,unknown,houd,wordfreq:nl,wordfreq_seeded;deterministically_filtered;structurally_curated
nl,v1,2,1042,1066,kijkt,kijkt,kijkt,unknown,kijkt,wordfreq:nl,wordfreq_seeded;deterministically_filtered;structurally_curated
nl,v1,2,1043,1067,kost,kost,kost,unknown,kost,wordfreq:nl,wordfreq_seeded;deterministically_filtered;structurally_curated
nl,v1,2,1044,1068,lijken,lijken,lijken,unknown,lijken,wordfreq:nl,wordfreq_seeded;deterministically_filtered;structurally_curated
nl,v1,2,1045,1069,maandag,maandag,maandag,unknown,maandag,wordfreq:nl,wordfreq_seeded;deterministically_filtered;structurally_curated
nl,v1,2,1046,1070,museum,museum,museum,unknown,museum,wordfreq:nl,wordfreq_seeded;deterministically_filtered;structurally_curated
nl,v1,2,1047,1071,oosten,oosten,oosten,unknown,oosten,wordfreq:nl,wordfreq_seeded;deterministically_filtered;structurally_curated
nl,v1,2,1048,1072,overzicht,overzicht,overzicht,unknown,overzicht,wordfreq:nl,wordfreq_seeded;deterministically_filtered;structurally_curated
nl,v1,2,1049,1073,praat,praat,praat,unknown,praat,wordfreq:nl,wordfreq_seeded;deterministically_filtered;structurally_curated
nl,v1,2,1050,1074,rij,rij,rij,unknown,rij,wordfreq:nl,wordfreq_seeded;deterministically_filtered;structurally_curated
nl,v1,2,1051,1075,schade,schade,schade,unknown,schade,wordfreq:nl,wordfreq_seeded;deterministically_filtered;structurally_curated
nl,v1,2,1052,1076,soorten,soorten,soorten,unknown,soorten,wordfreq:nl,wordfreq_seeded;deterministically_filtered;structurally_curated
nl,v1,2,1053,1077,steden,steden,steden,unknown,steden,wordfreq:nl,wordfreq_seeded;deterministically_filtered;structurally_curated
nl,v1,2,1054,1078,stil,stil,stil,unknown,stil,wordfreq:nl,wordfreq_seeded;deterministically_filtered;structurally_curated
nl,v1,2,1055,1079,toegang,toegang,toegang,unknown,toegang,wordfreq:nl,wordfreq_seeded;deterministically_filtered;structurally_curated
nl,v1,2,1056,1080,vergeet,vergeet,vergeet,unknown,vergeet,wordfreq:nl,wordfreq_seeded;deterministically_filtered;structurally_curated
nl,v1,2,1057,1081,vertelt,vertelt,vertelt,unknown,vertelt,wordfreq:nl,wordfreq_seeded;deterministically_filtered;structurally_curated
nl,v1,2,1058,1082,zwaar,zwaar,zwaar,unknown,zwaar,wordfreq:nl,wordfreq_seeded;deterministically_filtered;structurally_curated
nl,v1,2,1059,1083,zware,zware,zware,unknown,zware,wordfreq:nl,wordfreq_seeded;deterministically_filtered;structurally_curated
nl,v1,2,1060,1084,app,app,app,unknown,app,wordfreq:nl,wordfreq_seeded;deterministically_filtered;structurally_curated
nl,v1,2,1061,1085,baby,baby,baby,unknown,baby,wordfreq:nl,wordfreq_seeded;deterministically_filtered;structurally_curated
nl,v1,2,1062,1086,betaald,betaald,betaald,unknown,betaald,wordfreq:nl,wordfreq_seeded;deterministically_filtered;structurally_curated
nl,v1,2,1063,1087,biedt,biedt,biedt,unknown,biedt,wordfreq:nl,wordfreq_seeded;deterministically_filtered;structurally_curated
nl,v1,2,1064,1088,brief,brief,brief,unknown,brief,wordfreq:nl,wordfreq_seeded;deterministically_filtered;structurally_curated
nl,v1,2,1065,1089,bus,bus,bus,unknown,bus,wordfreq:nl,wordfreq_seeded;deterministically_filtered;structurally_curated
nl,v1,2,1066,1090,daarbij,daarbij,daarbij,unknown,daarbij,wordfreq:nl,wordfreq_seeded;deterministically_filtered;structurally_curated
nl,v1,2,1067,1091,daarvoor,daarvoor,daarvoor,unknown,daarvoor,wordfreq:nl,wordfreq_seeded;deterministically_filtered;structurally_curated
nl,v1,2,1068,1092,deelnemers,deelnemers,deelnemers,unknown,deelnemers,wordfreq:nl,wordfreq_seeded;deterministically_filtered;structurally_curated
nl,v1,2,1069,1093,frans,frans,frans,unknown,frans,wordfreq:nl,wordfreq_seeded;deterministically_filtered;structurally_curated
nl,v1,2,1070,1094,gebaseerd,gebaseerd,gebaseerd,unknown,gebaseerd,wordfreq:nl,wordfreq_seeded;deterministically_filtered;structurally_curated
nl,v1,2,1071,1095,gesloten,gesloten,gesloten,unknown,gesloten,wordfreq:nl,wordfreq_seeded;deterministically_filtered;structurally_curated
nl,v1,2,1072,1096,hield,hield,hield,unknown,hield,wordfreq:nl,wordfreq_seeded;deterministically_filtered;structurally_curated
nl,v1,2,1073,1097,hierdoor,hierdoor,hierdoor,unknown,hierdoor,wordfreq:nl,wordfreq_seeded;deterministically_filtered;structurally_curated
nl,v1,2,1074,1098,hieronder,hieronder,hieronder,unknown,hieronder,wordfreq:nl,wordfreq_seeded;deterministically_filtered;structurally_curated
nl,v1,2,1075,1099,hoi,hoi,hoi,unknown,hoi,wordfreq:nl,wordfreq_seeded;deterministically_filtered;structurally_curated
nl,v1,2,1076,1100,hopen,hopen,hopen,unknown,hopen,wordfreq:nl,wordfreq_seeded;deterministically_filtered;structurally_curated
nl,v1,2,1077,1101,luisteren,luisteren,luisteren,unknown,luisteren,wordfreq:nl,wordfreq_seeded;deterministically_filtered;structurally_curated
nl,v1,2,1078,1102,mail,mail,mail,unknown,mail,wordfreq:nl,wordfreq_seeded;deterministically_filtered;structurally_curated
nl,v1,2,1079,1103,nergens,nergens,nergens,unknown,nergens,wordfreq:nl,wordfreq_seeded;deterministically_filtered;structurally_curated
nl,v1,2,1080,1104,persoonlijk,persoonlijk,persoonlijk,unknown,persoonlijk,wordfreq:nl,wordfreq_seeded;deterministically_filtered;structurally_curated
nl,v1,2,1081,1105,positie,positie,positie,unknown,positie,wordfreq:nl,wordfreq_seeded;deterministically_filtered;structurally_curated
nl,v1,2,1082,1106,probeert,probeert,probeert,unknown,probeert,wordfreq:nl,wordfreq_seeded;deterministically_filtered;structurally_curated
nl,v1,2,1083,1107,russische,russische,russische,unknown,russische,wordfreq:nl,wordfreq_seeded;deterministically_filtered;structurally_curated
nl,v1,2,1084,1108,sluiten,sluiten,sluiten,unknown,sluiten,wordfreq:nl,wordfreq_seeded;deterministically_filtered;structurally_curated
nl,v1,2,1085,1109,spelers,spelers,spelers,unknown,spelers,wordfreq:nl,wordfreq_seeded;deterministically_filtered;structurally_curated
nl,v1,2,1086,1110,straks,straks,straks,unknown,straks,wordfreq:nl,wordfreq_seeded;deterministically_filtered;structurally_curated
nl,v1,2,1087,1111,uitgevoerd,uitgevoerd,uitgevoerd,unknown,uitgevoerd,wordfreq:nl,wordfreq_seeded;deterministically_filtered;structurally_curated
nl,v1,2,1088,1112,up,up,up,unknown,up,wordfreq:nl,wordfreq_seeded;deterministically_filtered;structurally_curated
nl,v1,2,1089,1113,wegens,wegens,wegens,unknown,wegens,wordfreq:nl,wordfreq_seeded;deterministically_filtered;structurally_curated
nl,v1,2,1090,1114,zomaar,zomaar,zomaar,unknown,zomaar,wordfreq:nl,wordfreq_seeded;deterministically_filtered;structurally_curated
nl,v1,2,1091,1115,bellen,bellen,bellen,unknown,bellen,wordfreq:nl,wordfreq_seeded;deterministically_filtered;structurally_curated
nl,v1,2,1092,1116,dagelijks,dagelijks,dagelijks,unknown,dagelijks,wordfreq:nl,wordfreq_seeded;deterministically_filtered;structurally_curated
nl,v1,2,1093,1117,david,david,david,unknown,david,wordfreq:nl,wordfreq_seeded;deterministically_filtered;structurally_curated
nl,v1,2,1094,1118,gang,gang,gang,unknown,gang,wordfreq:nl,wordfreq_seeded;deterministically_filtered;structurally_curated
nl,v1,2,1095,1119,generaal,generaal,generaal,unknown,generaal,wordfreq:nl,wordfreq_seeded;deterministically_filtered;structurally_curated
nl,v1,2,1096,1120,hiermee,hiermee,hiermee,unknown,hiermee,wordfreq:nl,wordfreq_seeded;deterministically_filtered;structurally_curated
nl,v1,2,1097,1121,kregen,kregen,kregen,unknown,kregen,wordfreq:nl,wordfreq_seeded;deterministically_filtered;structurally_curated
nl,v1,2,1098,1122,middel,middel,middel,unknown,middel,wordfreq:nl,wordfreq_seeded;deterministically_filtered;structurally_curated
nl,v1,2,1099,1123,militaire,militaire,militaire,unknown,militaire,wordfreq:nl,wordfreq_seeded;deterministically_filtered;structurally_curated
nl,v1,2,1100,1124,mond,mond,mond,unknown,mond,wordfreq:nl,wordfreq_seeded;deterministically_filtered;structurally_curated
nl,v1,2,1101,1125,oog,oog,oog,unknown,oog,wordfreq:nl,wordfreq_seeded;deterministically_filtered;structurally_curated
nl,v1,2,1102,1126,optreden,optreden,optreden,unknown,optreden,wordfreq:nl,wordfreq_seeded;deterministically_filtered;structurally_curated
nl,v1,2,1103,1127,schrijver,schrijver,schrijver,unknown,schrijver,wordfreq:nl,wordfreq_seeded;deterministically_filtered;structurally_curated
nl,v1,2,1104,1128,serieus,serieus,serieus,unknown,serieus,wordfreq:nl,wordfreq_seeded;deterministically_filtered;structurally_curated
nl,v1,2,1105,1129,sta,sta,sta,unknown,sta,wordfreq:nl,wordfreq_seeded;deterministically_filtered;structurally_curated
nl,v1,2,1106,1130,steun,steun,steun,unknown,steun,wordfreq:nl,wordfreq_seeded;deterministically_filtered;structurally_curated
nl,v1,2,1107,1131,verband,verband,verband,unknown,verband,wordfreq:nl,wordfreq_seeded;deterministically_filtered;structurally_curated
nl,v1,2,1108,1132,wijk,wijk,wijk,unknown,wijk,wordfreq:nl,wordfreq_seeded;deterministically_filtered;structurally_curated
nl,v1,2,1109,1133,winkel,winkel,winkel,unknown,winkel,wordfreq:nl,wordfreq_seeded;deterministically_filtered;structurally_curated
nl,v1,2,1110,1134,you,you,you,unknown,you,wordfreq:nl,wordfreq_seeded;deterministically_filtered;structurally_curated
nl,v1,2,1111,1135,aangezien,aangezien,aangezien,unknown,aangezien,wordfreq:nl,wordfreq_seeded;deterministically_filtered;structurally_curated
nl,v1,2,1112,1136,algemene,algemene,algemene,unknown,algemene,wordfreq:nl,wordfreq_seeded;deterministically_filtered;structurally_curated
nl,v1,2,1113,1137,beleid,beleid,beleid,unknown,beleid,wordfreq:nl,wordfreq_seeded;deterministically_filtered;structurally_curated
nl,v1,2,1114,1138,besloten,besloten,besloten,unknown,besloten,wordfreq:nl,wordfreq_seeded;deterministically_filtered;structurally_curated
nl,v1,2,1115,1139,bestuur,bestuur,bestuur,unknown,bestuur,wordfreq:nl,wordfreq_seeded;deterministically_filtered;structurally_curated
nl,v1,2,1116,1140,beweging,beweging,beweging,unknown,beweging,wordfreq:nl,wordfreq_seeded;deterministically_filtered;structurally_curated
nl,v1,2,1117,1141,bewijs,bewijs,bewijs,unknown,bewijs,wordfreq:nl,wordfreq_seeded;deterministically_filtered;structurally_curated
nl,v1,2,1118,1142,bouw,bouw,bouw,unknown,bouw,wordfreq:nl,wordfreq_seeded;deterministically_filtered;structurally_curated
nl,v1,2,1119,1143,eruit,eruit,eruit,unknown,eruit,wordfreq:nl,wordfreq_seeded;deterministically_filtered;structurally_curated
nl,v1,2,1120,1144,gebieden,gebieden,gebieden,unknown,gebieden,wordfreq:nl,wordfreq_seeded;deterministically_filtered;structurally_curated
nl,v1,2,1121,1145,groter,groter,groter,unknown,groter,wordfreq:nl,wordfreq_seeded;deterministically_filtered;structurally_curated
nl,v1,2,1122,1146,interessant,interessant,interessant,unknown,interessant,wordfreq:nl,wordfreq_seeded;deterministically_filtered;structurally_curated
nl,v1,2,1123,1147,it,it,it,unknown,it,wordfreq:nl,wordfreq_seeded;deterministically_filtered;structurally_curated
nl,v1,2,1124,1148,parijs,parijs,parijs,unknown,parijs,wordfreq:nl,wordfreq_seeded;deterministically_filtered;structurally_curated
nl,v1,2,1125,1149,prijzen,prijzen,prijzen,unknown,prijzen,wordfreq:nl,wordfreq_seeded;deterministically_filtered;structurally_curated
nl,v1,2,1126,1150,regelmatig,regelmatig,regelmatig,unknown,regelmatig,wordfreq:nl,wordfreq_seeded;deterministically_filtered;structurally_curated
nl,v1,2,1127,1151,resultaat,resultaat,resultaat,unknown,resultaat,wordfreq:nl,wordfreq_seeded;deterministically_filtered;structurally_curated
nl,v1,2,1128,1152,spaanse,spaanse,spaanse,unknown,spaanse,wordfreq:nl,wordfreq_seeded;deterministically_filtered;structurally_curated
nl,v1,2,1129,1153,verantwoordelijk,verantwoordelijk,verantwoordelijk,unknown,verantwoordelijk,wordfreq:nl,wordfreq_seeded;deterministically_filtered;structurally_curated
nl,v1,2,1130,1154,verkopen,verkopen,verkopen,unknown,verkopen,wordfreq:nl,wordfreq_seeded;deterministically_filtered;structurally_curated
nl,v1,2,1131,1155,weekend,weekend,weekend,unknown,weekend,wordfreq:nl,wordfreq_seeded;deterministically_filtered;structurally_curated
nl,v1,2,1132,1156,bel,bel,bel,unknown,bel,wordfreq:nl,wordfreq_seeded;deterministically_filtered;structurally_curated
nl,v1,2,1133,1157,directeur,directeur,directeur,unknown,directeur,wordfreq:nl,wordfreq_seeded;deterministically_filtered;structurally_curated
nl,v1,2,1134,1158,enorme,enorme,enorme,unknown,enorme,wordfreq:nl,wordfreq_seeded;deterministically_filtered;structurally_curated
nl,v1,2,1135,1159,gedrag,gedrag,gedrag,unknown,gedrag,wordfreq:nl,wordfreq_seeded;deterministically_filtered;structurally_curated
nl,v1,2,1136,1160,gezondheid,gezondheid,gezondheid,unknown,gezondheid,wordfreq:nl,wordfreq_seeded;deterministically_filtered;structurally_curated
nl,v1,2,1137,1161,groene,groene,groene,unknown,groene,wordfreq:nl,wordfreq_seeded;deterministically_filtered;structurally_curated
nl,v1,2,1138,1162,help,help,help,unknown,help,wordfreq:nl,wordfreq_seeded;deterministically_filtered;structurally_curated
nl,v1,2,1139,1163,kantoor,kantoor,kantoor,unknown,kantoor,wordfreq:nl,wordfreq_seeded;deterministically_filtered;structurally_curated
nl,v1,2,1140,1164,klinkt,klinkt,klinkt,unknown,klinkt,wordfreq:nl,wordfreq_seeded;deterministically_filtered;structurally_curated
nl,v1,2,1141,1165,lieve,lieve,lieve,unknown,lieve,wordfreq:nl,wordfreq_seeded;deterministically_filtered;structurally_curated
nl,v1,2,1142,1166,mama,mama,mama,unknown,mama,wordfreq:nl,wordfreq_seeded;deterministically_filtered;structurally_curated
nl,v1,2,1143,1167,probeer,probeer,probeer,unknown,probeer,wordfreq:nl,wordfreq_seeded;deterministically_filtered;structurally_curated
nl,v1,2,1144,1168,proces,proces,proces,unknown,proces,wordfreq:nl,wordfreq_seeded;deterministically_filtered;structurally_curated
nl,v1,2,1145,1169,slaan,slaan,slaan,unknown,slaan,wordfreq:nl,wordfreq_seeded;deterministically_filtered;structurally_curated
nl,v1,2,1146,1170,stichting,stichting,stichting,unknown,stichting,wordfreq:nl,wordfreq_seeded;deterministically_filtered;structurally_curated
nl,v1,2,1147,1171,vervangen,vervangen,vervangen,unknown,vervangen,wordfreq:nl,wordfreq_seeded;deterministically_filtered;structurally_curated
nl,v1,2,1148,1172,voeren,voeren,voeren,unknown,voeren,wordfreq:nl,wordfreq_seeded;deterministically_filtered;structurally_curated
nl,v1,2,1149,1173,vrijheid,vrijheid,vrijheid,unknown,vrijheid,wordfreq:nl,wordfreq_seeded;deterministically_filtered;structurally_curated
nl,v1,2,1150,1174,werkte,werkte,werkte,unknown,werkte,wordfreq:nl,wordfreq_seeded;deterministically_filtered;structurally_curated
nl,v1,2,1151,1175,zover,zover,zover,unknown,zover,wordfreq:nl,wordfreq_seeded;deterministically_filtered;structurally_curated
nl,v1,2,1152,1176,allen,allen,allen,unknown,allen,wordfreq:nl,wordfreq_seeded;deterministically_filtered;structurally_curated
nl,v1,2,1153,1177,allerlei,allerlei,allerlei,unknown,allerlei,wordfreq:nl,wordfreq_seeded;deterministically_filtered;structurally_curated
nl,v1,2,1154,1178,bepaald,bepaald,bepaald,unknown,bepaald,wordfreq:nl,wordfreq_seeded;deterministically_filtered;structurally_curated
nl,v1,2,1155,1179,bestaande,bestaande,bestaande,unknown,bestaande,wordfreq:nl,wordfreq_seeded;deterministically_filtered;structurally_curated
nl,v1,2,1156,1180,ding,ding,ding,unknown,ding,wordfreq:nl,wordfreq_seeded;deterministically_filtered;structurally_curated
nl,v1,2,1157,1181,economische,economische,economische,unknown,economische,wordfreq:nl,wordfreq_seeded;deterministically_filtered;structurally_curated
nl,v1,2,1158,1182,ex,ex,ex,unknown,ex,wordfreq:nl,wordfreq_seeded;deterministically_filtered;structurally_curated
nl,v1,2,1159,1183,frank,frank,frank,unknown,frank,wordfreq:nl,wordfreq_seeded;deterministically_filtered;structurally_curated
nl,v1,2,1160,1184,lag,lag,lag,unknown,lag,wordfreq:nl,wordfreq_seeded;deterministically_filtered;structurally_curated
nl,v1,2,1161,1185,liep,liep,liep,unknown,liep,wordfreq:nl,wordfreq_seeded;deterministically_filtered;structurally_curated
nl,v1,2,1162,1186,max,max,max,unknown,max,wordfreq:nl,wordfreq_seeded;deterministically_filtered;structurally_curated
nl,v1,2,1163,1187,netwerk,netwerk,netwerk,unknown,netwerk,wordfreq:nl,wordfreq_seeded;deterministically_filtered;structurally_curated
nl,v1,2,1164,1188,opleiding,opleiding,opleiding,unknown,opleiding,wordfreq:nl,wordfreq_seeded;deterministically_filtered;structurally_curated
nl,v1,2,1165,1189,rechten,rechten,rechten,unknown,rechten,wordfreq:nl,wordfreq_seeded;deterministically_filtered;structurally_curated
nl,v1,2,1166,1190,rijk,rijk,rijk,unknown,rijk,wordfreq:nl,wordfreq_seeded;deterministically_filtered;structurally_curated
nl,v1,2,1167,1191,rug,rug,rug,unknown,rug,wordfreq:nl,wordfreq_seeded;deterministically_filtered;structurally_curated
nl,v1,2,1168,1192,show,show,show,unknown,show,wordfreq:nl,wordfreq_seeded;deterministically_filtered;structurally_curated
nl,v1,2,1169,1193,slachtoffer,slachtoffer,slachtoffer,unknown,slachtoffer,wordfreq:nl,wordfreq_seeded;deterministically_filtered;structurally_curated
nl,v1,2,1170,1194,stappen,stappen,stappen,unknown,stappen,wordfreq:nl,wordfreq_seeded;deterministically_filtered;structurally_curated
nl,v1,2,1171,1195,trein,trein,trein,unknown,trein,wordfreq:nl,wordfreq_seeded;deterministically_filtered;structurally_curated
nl,v1,2,1172,1196,type,type,type,unknown,type,wordfreq:nl,wordfreq_seeded;deterministically_filtered;structurally_curated
nl,v1,2,1173,1197,verkocht,verkocht,verkocht,unknown,verkocht,wordfreq:nl,wordfreq_seeded;deterministically_filtered;structurally_curated
nl,v1,2,1174,1198,vonden,vonden,vonden,unknown,vonden,wordfreq:nl,wordfreq_seeded;deterministically_filtered;structurally_curated
nl,v1,2,1175,1199,voorzitter,voorzitter,voorzitter,unknown,voorzitter,wordfreq:nl,wordfreq_seeded;deterministically_filtered;structurally_curated
nl,v1,2,1176,1200,waarde,waarde,waarde,unknown,waarde,wordfreq:nl,wordfreq_seeded;deterministically_filtered;structurally_curated
nl,v1,2,1177,1201,warm,warm,warm,unknown,warm,wordfreq:nl,wordfreq_seeded;deterministically_filtered;structurally_curated
nl,v1,2,1178,1202,woont,woont,woont,unknown,woont,wordfreq:nl,wordfreq_seeded;deterministically_filtered;structurally_curated
nl,v1,2,1179,1203,world,world,world,unknown,world,wordfreq:nl,wordfreq_seeded;deterministically_filtered;structurally_curated
nl,v1,2,1180,1204,ziek,ziek,ziek,unknown,ziek,wordfreq:nl,wordfreq_seeded;deterministically_filtered;structurally_curated
nl,v1,2,1181,1205,zorgt,zorgt,zorgt,unknown,zorgt,wordfreq:nl,wordfreq_seeded;deterministically_filtered;structurally_curated
nl,v1,2,1182,1207,advies,advies,advies,unknown,advies,wordfreq:nl,wordfreq_seeded;deterministically_filtered;structurally_curated
nl,v1,2,1183,1208,bleek,bleek,bleek,unknown,bleek,wordfreq:nl,wordfreq_seeded;deterministically_filtered;structurally_curated
nl,v1,2,1184,1209,gesteld,gesteld,gesteld,unknown,gesteld,wordfreq:nl,wordfreq_seeded;deterministically_filtered;structurally_curated
nl,v1,2,1185,1210,hoogste,hoogste,hoogste,unknown,hoogste,wordfreq:nl,wordfreq_seeded;deterministically_filtered;structurally_curated
nl,v1,2,1186,1211,jammer,jammer,jammer,unknown,jammer,wordfreq:nl,wordfreq_seeded;deterministically_filtered;structurally_curated
nl,v1,2,1187,1212,koop,koop,koop,unknown,koop,wordfreq:nl,wordfreq_seeded;deterministically_filtered;structurally_curated
nl,v1,2,1188,1213,natuur,natuur,natuur,unknown,natuur,wordfreq:nl,wordfreq_seeded;deterministically_filtered;structurally_curated
nl,v1,2,1189,1214,officieel,officieel,officieel,unknown,officieel,wordfreq:nl,wordfreq_seeded;deterministically_filtered;structurally_curated
nl,v1,2,1190,1215,oost,oost,oost,unknown,oost,wordfreq:nl,wordfreq_seeded;deterministically_filtered;structurally_curated
nl,v1,2,1191,1216,openbaar,openbaar,openbaar,unknown,openbaar,wordfreq:nl,wordfreq_seeded;deterministically_filtered;structurally_curated
nl,v1,2,1192,1217,verdienen,verdienen,verdienen,unknown,verdienen,wordfreq:nl,wordfreq_seeded;deterministically_filtered;structurally_curated
nl,v1,2,1193,1218,vertelde,vertelde,vertelde,unknown,vertelde,wordfreq:nl,wordfreq_seeded;deterministically_filtered;structurally_curated
nl,v1,2,1194,1219,winnaar,winnaar,winnaar,unknown,winnaar,wordfreq:nl,wordfreq_seeded;deterministically_filtered;structurally_curated
nl,v1,2,1195,1221,bedoeld,bedoeld,bedoeld,unknown,bedoeld,wordfreq:nl,wordfreq_seeded;deterministically_filtered;structurally_curated
nl,v1,2,1196,1222,bekijken,bekijken,bekijken,unknown,bekijken,wordfreq:nl,wordfreq_seeded;deterministically_filtered;structurally_curated
nl,v1,2,1197,1223,bos,bos,bos,unknown,bos,wordfreq:nl,wordfreq_seeded;deterministically_filtered;structurally_curated
nl,v1,2,1198,1224,by,by,by,unknown,by,wordfreq:nl,wordfreq_seeded;deterministically_filtered;structurally_curated
nl,v1,2,1199,1225,donderdag,donderdag,donderdag,unknown,donderdag,wordfreq:nl,wordfreq_seeded;deterministically_filtered;structurally_curated
nl,v1,2,1200,1226,duurt,duurt,duurt,unknown,duurt,wordfreq:nl,wordfreq_seeded;deterministically_filtered;structurally_curated
nl,v1,2,1201,1227,financiële,financiële,financiële,unknown,financiële,wordfreq:nl,wordfreq_seeded;deterministically_filtered;structurally_curated
nl,v1,2,1202,1228,gebruikte,gebruikte,gebruikte,unknown,gebruikte,wordfreq:nl,wordfreq_seeded;deterministically_filtered;structurally_curated
nl,v1,2,1203,1229,gevangenis,gevangenis,gevangenis,unknown,gevangenis,wordfreq:nl,wordfreq_seeded;deterministically_filtered;structurally_curated
nl,v1,2,1204,1230,gewerkt,gewerkt,gewerkt,unknown,gewerkt,wordfreq:nl,wordfreq_seeded;deterministically_filtered;structurally_curated
nl,v1,2,1205,1231,grappig,grappig,grappig,unknown,grappig,wordfreq:nl,wordfreq_seeded;deterministically_filtered;structurally_curated
nl,v1,2,1206,1232,grens,grens,grens,unknown,grens,wordfreq:nl,wordfreq_seeded;deterministically_filtered;structurally_curated
nl,v1,2,1207,1233,groepen,groepen,groepen,unknown,groepen,wordfreq:nl,wordfreq_seeded;deterministically_filtered;structurally_curated
nl,v1,2,1208,1234,historische,historische,historische,unknown,historische,wordfreq:nl,wordfreq_seeded;deterministically_filtered;structurally_curated
nl,v1,2,1209,1235,islam,islam,islam,unknown,islam,wordfreq:nl,wordfreq_seeded;deterministically_filtered;structurally_curated
nl,v1,2,1210,1236,koninkrijk,koninkrijk,koninkrijk,unknown,koninkrijk,wordfreq:nl,wordfreq_seeded;deterministically_filtered;structurally_curated
nl,v1,2,1211,1237,locatie,locatie,locatie,unknown,locatie,wordfreq:nl,wordfreq_seeded;deterministically_filtered;structurally_curated
nl,v1,2,1212,1238,ondertussen,ondertussen,ondertussen,unknown,ondertussen,wordfreq:nl,wordfreq_seeded;deterministically_filtered;structurally_curated
nl,v1,2,1213,1239,onderweg,onderweg,onderweg,unknown,onderweg,wordfreq:nl,wordfreq_seeded;deterministically_filtered;structurally_curated
nl,v1,2,1214,1240,paul,paul,paul,unknown,paul,wordfreq:nl,wordfreq_seeded;deterministically_filtered;structurally_curated
nl,v1,2,1215,1241,rechts,rechts,rechts,unknown,rechts,wordfreq:nl,wordfreq_seeded;deterministically_filtered;structurally_curated
nl,v1,2,1216,1242,rivier,rivier,rivier,unknown,rivier,wordfreq:nl,wordfreq_seeded;deterministically_filtered;structurally_curated
nl,v1,2,1217,1243,rood,rood,rood,unknown,rood,wordfreq:nl,wordfreq_seeded;deterministically_filtered;structurally_curated
nl,v1,2,1218,1244,san,san,san,unknown,san,wordfreq:nl,wordfreq_seeded;deterministically_filtered;structurally_curated
nl,v1,2,1219,1245,schoenen,schoenen,schoenen,unknown,schoenen,wordfreq:nl,wordfreq_seeded;deterministically_filtered;structurally_curated
nl,v1,2,1220,1246,scholen,scholen,scholen,unknown,scholen,wordfreq:nl,wordfreq_seeded;deterministically_filtered;structurally_curated
nl,v1,2,1221,1247,spreekt,spreekt,spreekt,unknown,spreekt,wordfreq:nl,wordfreq_seeded;deterministically_filtered;structurally_curated
nl,v1,2,1222,1248,station,station,station,unknown,station,wordfreq:nl,wordfreq_seeded;deterministically_filtered;structurally_curated
nl,v1,2,1223,1249,vaker,vaker,vaker,unknown,vaker,wordfreq:nl,wordfreq_seeded;deterministically_filtered;structurally_curated
nl,v1,2,1224,1250,verkeerd,verkeerd,verkeerd,unknown,verkeerd,wordfreq:nl,wordfreq_seeded;deterministically_filtered;structurally_curated
nl,v1,2,1225,1251,wapen,wapen,wapen,unknown,wapen,wordfreq:nl,wordfreq_seeded;deterministically_filtered;structurally_curated
nl,v1,2,1226,1252,wilden,wilden,wilden,unknown,wilden,wordfreq:nl,wordfreq_seeded;deterministically_filtered;structurally_curated
nl,v1,2,1227,1253,aanval,aanval,aanval,unknown,aanval,wordfreq:nl,wordfreq_seeded;deterministically_filtered;structurally_curated
nl,v1,2,1228,1254,advocaat,advocaat,advocaat,unknown,advocaat,wordfreq:nl,wordfreq_seeded;deterministically_filtered;structurally_curated
nl,v1,2,1229,1255,angst,angst,angst,unknown,angst,wordfreq:nl,wordfreq_seeded;deterministically_filtered;structurally_curated
nl,v1,2,1230,1256,antwerpen,antwerpen,antwerpen,unknown,antwerpen,wordfreq:nl,wordfreq_seeded;deterministically_filtered;structurally_curated
nl,v1,2,1231,1257,artikelen,artikelen,artikelen,unknown,artikelen,wordfreq:nl,wordfreq_seeded;deterministically_filtered;structurally_curated
nl,v1,2,1232,1258,bedoel,bedoel,bedoel,unknown,bedoel,wordfreq:nl,wordfreq_seeded;deterministically_filtered;structurally_curated
nl,v1,2,1233,1259,bereikt,bereikt,bereikt,unknown,bereikt,wordfreq:nl,wordfreq_seeded;deterministically_filtered;structurally_curated
nl,v1,2,1234,1260,bureau,bureau,bureau,unknown,bureau,wordfreq:nl,wordfreq_seeded;deterministically_filtered;structurally_curated
nl,v1,2,1235,1261,camera,camera,camera,unknown,camera,wordfreq:nl,wordfreq_seeded;deterministically_filtered;structurally_curated
nl,v1,2,1236,1262,cijfers,cijfers,cijfers,unknown,cijfers,wordfreq:nl,wordfreq_seeded;deterministically_filtered;structurally_curated
nl,v1,2,1237,1263,digitale,digitale,digitale,unknown,digitale,wordfreq:nl,wordfreq_seeded;deterministically_filtered;structurally_curated
nl,v1,2,1238,1264,erin,erin,erin,unknown,erin,wordfreq:nl,wordfreq_seeded;deterministically_filtered;structurally_curated
nl,v1,2,1239,1265,gedachten,gedachten,gedachten,unknown,gedachten,wordfreq:nl,wordfreq_seeded;deterministically_filtered;structurally_curated
nl,v1,2,1240,1266,gegevens,gegevens,gegevens,unknown,gegevens,wordfreq:nl,wordfreq_seeded;deterministically_filtered;structurally_curated
nl,v1,2,1241,1267,gespeeld,gespeeld,gespeeld,unknown,gespeeld,wordfreq:nl,wordfreq_seeded;deterministically_filtered;structurally_curated
nl,v1,2,1242,1268,gestuurd,gestuurd,gestuurd,unknown,gestuurd,wordfreq:nl,wordfreq_seeded;deterministically_filtered;structurally_curated
nl,v1,2,1243,1269,goud,goud,goud,unknown,goud,wordfreq:nl,wordfreq_seeded;deterministically_filtered;structurally_curated
nl,v1,2,1244,1270,hoofdstad,hoofdstad,hoofdstad,unknown,hoofdstad,wordfreq:nl,wordfreq_seeded;deterministically_filtered;structurally_curated
nl,v1,2,1245,1271,interview,interview,interview,unknown,interview,wordfreq:nl,wordfreq_seeded;deterministically_filtered;structurally_curated
nl,v1,2,1246,1272,japan,japan,japan,unknown,japan,wordfreq:nl,wordfreq_seeded;deterministically_filtered;structurally_curated
nl,v1,2,1247,1273,jezus,jezus,jezus,unknown,jezus,wordfreq:nl,wordfreq_seeded;deterministically_filtered;structurally_curated
nl,v1,2,1248,1274,leeft,leeft,leeft,unknown,leeft,wordfreq:nl,wordfreq_seeded;deterministically_filtered;structurally_curated
nl,v1,2,1249,1275,leek,leek,leek,unknown,leek,wordfreq:nl,wordfreq_seeded;deterministically_filtered;structurally_curated
nl,v1,2,1250,1276,leiding,leiding,leiding,unknown,leiding,wordfreq:nl,wordfreq_seeded;deterministically_filtered;structurally_curated
nl,v1,2,1251,1277,momenteel,momenteel,momenteel,unknown,momenteel,wordfreq:nl,wordfreq_seeded;deterministically_filtered;structurally_curated
nl,v1,2,1252,1278,muur,muur,muur,unknown,muur,wordfreq:nl,wordfreq_seeded;deterministically_filtered;structurally_curated
nl,v1,2,1253,1279,nr,nr,nr,unknown,nr,wordfreq:nl,wordfreq_seeded;deterministically_filtered;structurally_curated
nl,v1,2,1254,1280,tafel,tafel,tafel,unknown,tafel,wordfreq:nl,wordfreq_seeded;deterministically_filtered;structurally_curated
nl,v1,2,1255,1281,toestemming,toestemming,toestemming,unknown,toestemming,wordfreq:nl,wordfreq_seeded;deterministically_filtered;structurally_curated
nl,v1,2,1256,1282,trouwens,trouwens,trouwens,unknown,trouwens,wordfreq:nl,wordfreq_seeded;deterministically_filtered;structurally_curated
nl,v1,2,1257,1283,verliezen,verliezen,verliezen,unknown,verliezen,wordfreq:nl,wordfreq_seeded;deterministically_filtered;structurally_curated
nl,v1,2,1258,1284,volledige,volledige,volledige,unknown,volledige,wordfreq:nl,wordfreq_seeded;deterministically_filtered;structurally_curated
nl,v1,2,1259,1285,voorzien,voorzien,voorzien,unknown,voorzien,wordfreq:nl,wordfreq_seeded;deterministically_filtered;structurally_curated
nl,v1,2,1260,1286,wijze,wijze,wijze,unknown,wijze,wordfreq:nl,wordfreq_seeded;deterministically_filtered;structurally_curated
nl,v1,2,1261,1287,achtergrond,achtergrond,achtergrond,unknown,achtergrond,wordfreq:nl,wordfreq_seeded;deterministically_filtered;structurally_curated
nl,v1,2,1262,1288,belgische,belgische,belgische,unknown,belgische,wordfreq:nl,wordfreq_seeded;deterministically_filtered;structurally_curated
nl,v1,2,1263,1289,finale,finale,finale,unknown,finale,wordfreq:nl,wordfreq_seeded;deterministically_filtered;structurally_curated
nl,v1,2,1264,1290,gehaald,gehaald,gehaald,unknown,gehaald,wordfreq:nl,wordfreq_seeded;deterministically_filtered;structurally_curated
nl,v1,2,1265,1291,gelezen,gelezen,gelezen,unknown,gelezen,wordfreq:nl,wordfreq_seeded;deterministically_filtered;structurally_curated
nl,v1,2,1266,1292,gevaar,gevaar,gevaar,unknown,gevaar,wordfreq:nl,wordfreq_seeded;deterministically_filtered;structurally_curated
nl,v1,2,1267,1293,groen,groen,groen,unknown,groen,wordfreq:nl,wordfreq_seeded;deterministically_filtered;structurally_curated
nl,v1,2,1268,1294,hallo,hallo,hallo,unknown,hallo,wordfreq:nl,wordfreq_seeded;deterministically_filtered;structurally_curated
nl,v1,2,1269,1295,hoorde,hoorde,hoorde,unknown,hoorde,wordfreq:nl,wordfreq_seeded;deterministically_filtered;structurally_curated
nl,v1,2,1270,1296,inhoud,inhoud,inhoud,unknown,inhoud,wordfreq:nl,wordfreq_seeded;deterministically_filtered;structurally_curated
nl,v1,2,1271,1297,model,model,model,unknown,model,wordfreq:nl,wordfreq_seeded;deterministically_filtered;structurally_curated
nl,v1,2,1272,1298,mr,mr,mr,unknown,mr,wordfreq:nl,wordfreq_seeded;deterministically_filtered;structurally_curated
nl,v1,2,1273,1299,ok,ok,ok,unknown,ok,wordfreq:nl,wordfreq_seeded;deterministically_filtered;structurally_curated
nl,v1,2,1274,1300,premier,premier,premier,unknown,premier,wordfreq:nl,wordfreq_seeded;deterministically_filtered;structurally_curated
nl,v1,2,1275,1301,reizen,reizen,reizen,unknown,reizen,wordfreq:nl,wordfreq_seeded;deterministically_filtered;structurally_curated
nl,v1,2,1276,1302,risico,risico,risico,unknown,risico,wordfreq:nl,wordfreq_seeded;deterministically_filtered;structurally_curated
nl,v1,2,1277,1303,schrijf,schrijf,schrijf,unknown,schrijf,wordfreq:nl,wordfreq_seeded;deterministically_filtered;structurally_curated
nl,v1,2,1278,1304,sneller,sneller,sneller,unknown,sneller,wordfreq:nl,wordfreq_seeded;deterministically_filtered;structurally_curated
nl,v1,2,1279,1305,sterke,sterke,sterke,unknown,sterke,wordfreq:nl,wordfreq_seeded;deterministically_filtered;structurally_curated
nl,v1,2,1280,1306,vereniging,vereniging,vereniging,unknown,vereniging,wordfreq:nl,wordfreq_seeded;deterministically_filtered;structurally_curated
nl,v1,2,1281,1307,vlaanderen,vlaanderen,vlaanderen,unknown,vlaanderen,wordfreq:nl,wordfreq_seeded;deterministically_filtered;structurally_curated
nl,v1,2,1282,1308,westen,westen,westen,unknown,westen,wordfreq:nl,wordfreq_seeded;deterministically_filtered;structurally_curated
nl,v1,2,1283,1309,zodra,zodra,zodra,unknown,zodra,wordfreq:nl,wordfreq_seeded;deterministically_filtered;structurally_curated
nl,v1,2,1284,1311,besluit,besluit,besluit,unknown,besluit,wordfreq:nl,wordfreq_seeded;deterministically_filtered;structurally_curated
nl,v1,2,1285,1312,commissie,commissie,commissie,unknown,commissie,wordfreq:nl,wordfreq_seeded;deterministically_filtered;structurally_curated
nl,v1,2,1286,1313,daardoor,daardoor,daardoor,unknown,daardoor,wordfreq:nl,wordfreq_seeded;deterministically_filtered;structurally_curated
nl,v1,2,1287,1314,draagt,draagt,draagt,unknown,draagt,wordfreq:nl,wordfreq_seeded;deterministically_filtered;structurally_curated
nl,v1,2,1288,1315,el,el,el,unknown,el,wordfreq:nl,wordfreq_seeded;deterministically_filtered;structurally_curated
nl,v1,2,1289,1316,favoriete,favoriete,favoriete,unknown,favoriete,wordfreq:nl,wordfreq_seeded;deterministically_filtered;structurally_curated
nl,v1,2,1290,1317,geniet,geniet,geniet,unknown,geniet,wordfreq:nl,wordfreq_seeded;deterministically_filtered;structurally_curated
nl,v1,2,1291,1318,georganiseerd,georganiseerd,georganiseerd,unknown,georganiseerd,wordfreq:nl,wordfreq_seeded;deterministically_filtered;structurally_curated
nl,v1,2,1292,1319,gericht,gericht,gericht,unknown,gericht,wordfreq:nl,wordfreq_seeded;deterministically_filtered;structurally_curated
nl,v1,2,1293,1320,gevolgen,gevolgen,gevolgen,unknown,gevolgen,wordfreq:nl,wordfreq_seeded;deterministically_filtered;structurally_curated
nl,v1,2,1294,1321,gouden,gouden,gouden,unknown,gouden,wordfreq:nl,wordfreq_seeded;deterministically_filtered;structurally_curated
nl,v1,2,1295,1322,grotere,grotere,grotere,unknown,grotere,wordfreq:nl,wordfreq_seeded;deterministically_filtered;structurally_curated
nl,v1,2,1296,1323,halve,halve,halve,unknown,halve,wordfreq:nl,wordfreq_seeded;deterministically_filtered;structurally_curated
nl,v1,2,1297,1324,hierbij,hierbij,hierbij,unknown,hierbij,wordfreq:nl,wordfreq_seeded;deterministically_filtered;structurally_curated
nl,v1,2,1298,1325,indruk,indruk,indruk,unknown,indruk,wordfreq:nl,wordfreq_seeded;deterministically_filtered;structurally_curated
nl,v1,2,1299,1326,lastig,lastig,lastig,unknown,lastig,wordfreq:nl,wordfreq_seeded;deterministically_filtered;structurally_curated
nl,v1,2,1300,1327,moderne,moderne,moderne,unknown,moderne,wordfreq:nl,wordfreq_seeded;deterministically_filtered;structurally_curated
nl,v1,2,1301,1328,ochtend,ochtend,ochtend,unknown,ochtend,wordfreq:nl,wordfreq_seeded;deterministically_filtered;structurally_curated
nl,v1,2,1302,1329,vlucht,vlucht,vlucht,unknown,vlucht,wordfreq:nl,wordfreq_seeded;deterministically_filtered;structurally_curated
nl,v1,2,1303,1330,vuur,vuur,vuur,unknown,vuur,wordfreq:nl,wordfreq_seeded;deterministically_filtered;structurally_curated
nl,v1,2,1304,1331,zolang,zolang,zolang,unknown,zolang,wordfreq:nl,wordfreq_seeded;deterministically_filtered;structurally_curated
nl,v1,2,1305,1333,absoluut,absoluut,absoluut,unknown,absoluut,wordfreq:nl,wordfreq_seeded;deterministically_filtered;structurally_curated
nl,v1,2,1306,1334,afdeling,afdeling,afdeling,unknown,afdeling,wordfreq:nl,wordfreq_seeded;deterministically_filtered;structurally_curated
nl,v1,2,1307,1335,afkomstig,afkomstig,afkomstig,unknown,afkomstig,wordfreq:nl,wordfreq_seeded;deterministically_filtered;structurally_curated
nl,v1,2,1308,1336,auto's,auto's,auto's,unknown,auto's,wordfreq:nl,wordfreq_seeded;deterministically_filtered;structurally_curated
nl,v1,2,1309,1337,bewoners,bewoners,bewoners,unknown,bewoners,wordfreq:nl,wordfreq_seeded;deterministically_filtered;structurally_curated
nl,v1,2,1310,1338,dikke,dikke,dikke,unknown,dikke,wordfreq:nl,wordfreq_seeded;deterministically_filtered;structurally_curated
nl,v1,2,1311,1339,dollar,dollar,dollar,unknown,dollar,wordfreq:nl,wordfreq_seeded;deterministically_filtered;structurally_curated
nl,v1,2,1312,1340,heren,heren,heren,unknown,heren,wordfreq:nl,wordfreq_seeded;deterministically_filtered;structurally_curated
nl,v1,2,1313,1341,keren,keren,keren,unknown,keren,wordfreq:nl,wordfreq_seeded;deterministically_filtered;structurally_curated
nl,v1,2,1314,1342,maat,maat,maat,unknown,maat,wordfreq:nl,wordfreq_seeded;deterministically_filtered;structurally_curated
nl,v1,2,1315,1343,medewerkers,medewerkers,medewerkers,unknown,medewerkers,wordfreq:nl,wordfreq_seeded;deterministically_filtered;structurally_curated
nl,v1,2,1316,1344,mogelijke,mogelijke,mogelijke,unknown,mogelijke,wordfreq:nl,wordfreq_seeded;deterministically_filtered;structurally_curated
nl,v1,2,1317,1345,mogelijkheid,mogelijkheid,mogelijkheid,unknown,mogelijkheid,wordfreq:nl,wordfreq_seeded;deterministically_filtered;structurally_curated
nl,v1,2,1318,1346,omstandigheden,omstandigheden,omstandigheden,unknown,omstandigheden,wordfreq:nl,wordfreq_seeded;deterministically_filtered;structurally_curated
nl,v1,2,1319,1347,onderwerp,onderwerp,onderwerp,unknown,onderwerp,wordfreq:nl,wordfreq_seeded;deterministically_filtered;structurally_curated
nl,v1,2,1320,1348,ongeluk,ongeluk,ongeluk,unknown,ongeluk,wordfreq:nl,wordfreq_seeded;deterministically_filtered;structurally_curated
nl,v1,2,1321,1349,redden,redden,redden,unknown,redden,wordfreq:nl,wordfreq_seeded;deterministically_filtered;structurally_curated
nl,v1,2,1322,1350,sociaal,sociaal,sociaal,unknown,sociaal,wordfreq:nl,wordfreq_seeded;deterministically_filtered;structurally_curated
nl,v1,2,1323,1351,volg,volg,volg,unknown,volg,wordfreq:nl,wordfreq_seeded;deterministically_filtered;structurally_curated
nl,v1,2,1324,1352,woensdag,woensdag,woensdag,unknown,woensdag,wordfreq:nl,wordfreq_seeded;deterministically_filtered;structurally_curated
nl,v1,2,1325,1353,wou,wou,wou,unknown,wou,wordfreq:nl,wordfreq_seeded;deterministically_filtered;structurally_curated
nl,v1,2,1326,1354,zuiden,zuiden,zuiden,unknown,zuiden,wordfreq:nl,wordfreq_seeded;deterministically_filtered;structurally_curated
nl,v1,2,1327,1355,zus,zus,zus,unknown,zus,wordfreq:nl,wordfreq_seeded;deterministically_filtered;structurally_curated
nl,v1,2,1328,1356,aflevering,aflevering,aflevering,unknown,aflevering,wordfreq:nl,wordfreq_seeded;deterministically_filtered;structurally_curated
nl,v1,2,1329,1357,bezoekers,bezoekers,bezoekers,unknown,bezoekers,wordfreq:nl,wordfreq_seeded;deterministically_filtered;structurally_curated
nl,v1,2,1330,1358,brussel,brussel,brussel,unknown,brussel,wordfreq:nl,wordfreq_seeded;deterministically_filtered;structurally_curated
nl,v1,2,1331,1359,burgers,burgers,burgers,unknown,burgers,wordfreq:nl,wordfreq_seeded;deterministically_filtered;structurally_curated
nl,v1,2,1332,1360,collega's,collega's,collega's,unknown,collega's,wordfreq:nl,wordfreq_seeded;deterministically_filtered;structurally_curated
nl,v1,2,1333,1361,college,college,college,unknown,college,wordfreq:nl,wordfreq_seeded;deterministically_filtered;structurally_curated
nl,v1,2,1334,1362,dak,dak,dak,unknown,dak,wordfreq:nl,wordfreq_seeded;deterministically_filtered;structurally_curated
nl,v1,2,1335,1363,deden,deden,deden,unknown,deden,wordfreq:nl,wordfreq_seeded;deterministically_filtered;structurally_curated
nl,v1,2,1336,1364,gebeurde,gebeurde,gebeurde,unknown,gebeurde,wordfreq:nl,wordfreq_seeded;deterministically_filtered;structurally_curated
nl,v1,2,1337,1365,hiervan,hiervan,hiervan,unknown,hiervan,wordfreq:nl,wordfreq_seeded;deterministically_filtered;structurally_curated
nl,v1,2,1338,1366,inclusief,inclusief,inclusief,unknown,inclusief,wordfreq:nl,wordfreq_seeded;deterministically_filtered;structurally_curated
nl,v1,2,1339,1367,j,j,j,unknown,j,wordfreq:nl,wordfreq_seeded;deterministically_filtered;structurally_curated
nl,v1,2,1340,1368,k,k,k,unknown,k,wordfreq:nl,wordfreq_seeded;deterministically_filtered;structurally_curated
nl,v1,2,1341,1369,neer,neer,neer,unknown,neer,wordfreq:nl,wordfreq_seeded;deterministically_filtered;structurally_curated
nl,v1,2,1342,1370,noemt,noemt,noemt,unknown,noemt,wordfreq:nl,wordfreq_seeded;deterministically_filtered;structurally_curated
nl,v1,2,1343,1371,noorden,noorden,noorden,unknown,noorden,wordfreq:nl,wordfreq_seeded;deterministically_filtered;structurally_curated
nl,v1,2,1344,1372,reacties,reacties,reacties,unknown,reacties,wordfreq:nl,wordfreq_seeded;deterministically_filtered;structurally_curated
nl,v1,2,1345,1373,reeds,reeds,reeds,unknown,reeds,wordfreq:nl,wordfreq_seeded;deterministically_filtered;structurally_curated
nl,v1,2,1346,1374,rekening,rekening,rekening,unknown,rekening,wordfreq:nl,wordfreq_seeded;deterministically_filtered;structurally_curated
nl,v1,2,1347,1375,sint,sint,sint,unknown,sint,wordfreq:nl,wordfreq_seeded;deterministically_filtered;structurally_curated
nl,v1,2,1348,1376,tegenover,tegenover,tegenover,unknown,tegenover,wordfreq:nl,wordfreq_seeded;deterministically_filtered;structurally_curated
nl,v1,2,1349,1377,teken,teken,teken,unknown,teken,wordfreq:nl,wordfreq_seeded;deterministically_filtered;structurally_curated
nl,v1,2,1350,1378,tijden,tijden,tijden,unknown,tijden,wordfreq:nl,wordfreq_seeded;deterministically_filtered;structurally_curated
nl,v1,2,1351,1379,tips,tips,tips,unknown,tips,wordfreq:nl,wordfreq_seeded;deterministically_filtered;structurally_curated
nl,v1,2,1352,1380,totdat,totdat,totdat,unknown,totdat,wordfreq:nl,wordfreq_seeded;deterministically_filtered;structurally_curated
nl,v1,2,1353,1381,verkeerde,verkeerde,verkeerde,unknown,verkeerde,wordfreq:nl,wordfreq_seeded;deterministically_filtered;structurally_curated
nl,v1,2,1354,1382,vervoer,vervoer,vervoer,unknown,vervoer,wordfreq:nl,wordfreq_seeded;deterministically_filtered;structurally_curated
nl,v1,2,1355,1383,voormalig,voormalig,voormalig,unknown,voormalig,wordfreq:nl,wordfreq_seeded;deterministically_filtered;structurally_curated
nl,v1,2,1356,1384,voorstellen,voorstellen,voorstellen,unknown,voorstellen,wordfreq:nl,wordfreq_seeded;deterministically_filtered;structurally_curated
nl,v1,2,1357,1385,account,account,account,unknown,account,wordfreq:nl,wordfreq_seeded;deterministically_filtered;structurally_curated
nl,v1,2,1358,1386,beroep,beroep,beroep,unknown,beroep,wordfreq:nl,wordfreq_seeded;deterministically_filtered;structurally_curated
nl,v1,2,1359,1387,betrekking,betrekking,betrekking,unknown,betrekking,wordfreq:nl,wordfreq_seeded;deterministically_filtered;structurally_curated
nl,v1,2,1360,1388,blauwe,blauwe,blauwe,unknown,blauwe,wordfreq:nl,wordfreq_seeded;deterministically_filtered;structurally_curated
nl,v1,2,1361,1389,erger,erger,erger,unknown,erger,wordfreq:nl,wordfreq_seeded;deterministically_filtered;structurally_curated
nl,v1,2,1362,1390,f,f,f,unknown,f,wordfreq:nl,wordfreq_seeded;deterministically_filtered;structurally_curated
nl,v1,2,1363,1391,gaten,gaten,gaten,unknown,gaten,wordfreq:nl,wordfreq_seeded;deterministically_filtered;structurally_curated
nl,v1,2,1364,1392,gedood,gedood,gedood,unknown,gedood,wordfreq:nl,wordfreq_seeded;deterministically_filtered;structurally_curated
nl,v1,2,1365,1393,geldt,geldt,geldt,unknown,geldt,wordfreq:nl,wordfreq_seeded;deterministically_filtered;structurally_curated
nl,v1,2,1366,1394,gemeenten,gemeenten,gemeenten,unknown,gemeenten,wordfreq:nl,wordfreq_seeded;deterministically_filtered;structurally_curated
nl,v1,2,1367,1395,geopend,geopend,geopend,unknown,geopend,wordfreq:nl,wordfreq_seeded;deterministically_filtered;structurally_curated
nl,v1,2,1368,1396,geweld,geweld,geweld,unknown,geweld,wordfreq:nl,wordfreq_seeded;deterministically_filtered;structurally_curated
nl,v1,2,1369,1397,hiervoor,hiervoor,hiervoor,unknown,hiervoor,wordfreq:nl,wordfreq_seeded;deterministically_filtered;structurally_curated
nl,v1,2,1370,1398,huizen,huizen,huizen,unknown,huizen,wordfreq:nl,wordfreq_seeded;deterministically_filtered;structurally_curated
nl,v1,2,1371,1399,leerlingen,leerlingen,leerlingen,unknown,leerlingen,wordfreq:nl,wordfreq_seeded;deterministically_filtered;structurally_curated
nl,v1,2,1372,1400,leider,leider,leider,unknown,leider,wordfreq:nl,wordfreq_seeded;deterministically_filtered;structurally_curated
nl,v1,2,1373,1401,leidt,leidt,leidt,unknown,leidt,wordfreq:nl,wordfreq_seeded;deterministically_filtered;structurally_curated
nl,v1,2,1374,1402,mede,mede,mede,unknown,mede,wordfreq:nl,wordfreq_seeded;deterministically_filtered;structurally_curated
nl,v1,2,1375,1403,michael,michael,michael,unknown,michael,wordfreq:nl,wordfreq_seeded;deterministically_filtered;structurally_curated
nl,v1,2,1376,1404,miljard,miljard,miljard,unknown,miljard,wordfreq:nl,wordfreq_seeded;deterministically_filtered;structurally_curated
nl,v1,2,1377,1405,one,one,one,unknown,one,wordfreq:nl,wordfreq_seeded;deterministically_filtered;structurally_curated
nl,v1,2,1378,1406,openbare,openbare,openbare,unknown,openbare,wordfreq:nl,wordfreq_seeded;deterministically_filtered;structurally_curated
nl,v1,2,1379,1407,stijl,stijl,stijl,unknown,stijl,wordfreq:nl,wordfreq_seeded;deterministically_filtered;structurally_curated
nl,v1,2,1380,1408,turkije,turkije,turkije,unknown,turkije,wordfreq:nl,wordfreq_seeded;deterministically_filtered;structurally_curated
nl,v1,2,1381,1409,uitgebreid,uitgebreid,uitgebreid,unknown,uitgebreid,wordfreq:nl,wordfreq_seeded;deterministically_filtered;structurally_curated
nl,v1,2,1382,1410,vaste,vaste,vaste,unknown,vaste,wordfreq:nl,wordfreq_seeded;deterministically_filtered;structurally_curated
nl,v1,2,1383,1411,verdwenen,verdwenen,verdwenen,unknown,verdwenen,wordfreq:nl,wordfreq_seeded;deterministically_filtered;structurally_curated
nl,v1,2,1384,1412,wind,wind,wind,unknown,wind,wordfreq:nl,wordfreq_seeded;deterministically_filtered;structurally_curated
nl,v1,2,1385,1413,zulke,zulke,zulke,unknown,zulke,wordfreq:nl,wordfreq_seeded;deterministically_filtered;structurally_curated
nl,v1,2,1386,1414,aardig,aardig,aardig,unknown,aardig,wordfreq:nl,wordfreq_seeded;deterministically_filtered;structurally_curated
nl,v1,2,1387,1415,afspraak,afspraak,afspraak,unknown,afspraak,wordfreq:nl,wordfreq_seeded;deterministically_filtered;structurally_curated
nl,v1,2,1388,1416,begrijp,begrijp,begrijp,unknown,begrijp,wordfreq:nl,wordfreq_seeded;deterministically_filtered;structurally_curated
nl,v1,2,1389,1417,bescherming,bescherming,bescherming,unknown,bescherming,wordfreq:nl,wordfreq_seeded;deterministically_filtered;structurally_curated
nl,v1,2,1390,1418,bezit,bezit,bezit,unknown,bezit,wordfreq:nl,wordfreq_seeded;deterministically_filtered;structurally_curated
nl,v1,2,1391,1419,binnenkort,binnenkort,binnenkort,unknown,binnenkort,wordfreq:nl,wordfreq_seeded;deterministically_filtered;structurally_curated
nl,v1,2,1392,1420,chinese,chinese,chinese,unknown,chinese,wordfreq:nl,wordfreq_seeded;deterministically_filtered;structurally_curated
nl,v1,2,1393,1421,eet,eet,eet,unknown,eet,wordfreq:nl,wordfreq_seeded;deterministically_filtered;structurally_curated
nl,v1,2,1394,1422,eisen,eisen,eisen,unknown,eisen,wordfreq:nl,wordfreq_seeded;deterministically_filtered;structurally_curated
nl,v1,2,1395,1423,fantastisch,fantastisch,fantastisch,unknown,fantastisch,wordfreq:nl,wordfreq_seeded;deterministically_filtered;structurally_curated
nl,v1,2,1396,1424,fiets,fiets,fiets,unknown,fiets,wordfreq:nl,wordfreq_seeded;deterministically_filtered;structurally_curated
nl,v1,2,1397,1425,gekocht,gekocht,gekocht,unknown,gekocht,wordfreq:nl,wordfreq_seeded;deterministically_filtered;structurally_curated
nl,v1,2,1398,1426,geleerd,geleerd,geleerd,unknown,geleerd,wordfreq:nl,wordfreq_seeded;deterministically_filtered;structurally_curated
nl,v1,2,1399,1427,hoef,hoef,hoef,unknown,hoef,wordfreq:nl,wordfreq_seeded;deterministically_filtered;structurally_curated
nl,v1,2,1400,1428,hoek,hoek,hoek,unknown,hoek,wordfreq:nl,wordfreq_seeded;deterministically_filtered;structurally_curated
nl,v1,2,1401,1429,internationaal,internationaal,internationaal,unknown,internationaal,wordfreq:nl,wordfreq_seeded;deterministically_filtered;structurally_curated
nl,v1,2,1402,1430,japanse,japanse,japanse,unknown,japanse,wordfreq:nl,wordfreq_seeded;deterministically_filtered;structurally_curated
nl,v1,2,1403,1431,kleding,kleding,kleding,unknown,kleding,wordfreq:nl,wordfreq_seeded;deterministically_filtered;structurally_curated
nl,v1,2,1404,1432,krant,krant,krant,unknown,krant,wordfreq:nl,wordfreq_seeded;deterministically_filtered;structurally_curated
nl,v1,2,1405,1433,laag,laag,laag,unknown,laag,wordfreq:nl,wordfreq_seeded;deterministically_filtered;structurally_curated
nl,v1,2,1406,1434,maatregelen,maatregelen,maatregelen,unknown,maatregelen,wordfreq:nl,wordfreq_seeded;deterministically_filtered;structurally_curated
nl,v1,2,1407,1435,maatschappij,maatschappij,maatschappij,unknown,maatschappij,wordfreq:nl,wordfreq_seeded;deterministically_filtered;structurally_curated
nl,v1,2,1408,1436,nogal,nogal,nogal,unknown,nogal,wordfreq:nl,wordfreq_seeded;deterministically_filtered;structurally_curated
nl,v1,2,1409,1437,onderzoeken,onderzoeken,onderzoeken,unknown,onderzoeken,wordfreq:nl,wordfreq_seeded;deterministically_filtered;structurally_curated
nl,v1,2,1410,1438,oranje,oranje,oranje,unknown,oranje,wordfreq:nl,wordfreq_seeded;deterministically_filtered;structurally_curated
nl,v1,2,1411,1439,organisaties,organisaties,organisaties,unknown,organisaties,wordfreq:nl,wordfreq_seeded;deterministically_filtered;structurally_curated
nl,v1,2,1412,1440,overwinning,overwinning,overwinning,unknown,overwinning,wordfreq:nl,wordfreq_seeded;deterministically_filtered;structurally_curated
nl,v1,2,1413,1441,pro,pro,pro,unknown,pro,wordfreq:nl,wordfreq_seeded;deterministically_filtered;structurally_curated
nl,v1,2,1414,1442,red,red,red,unknown,red,wordfreq:nl,wordfreq_seeded;deterministically_filtered;structurally_curated
nl,v1,2,1415,1443,samenleving,samenleving,samenleving,unknown,samenleving,wordfreq:nl,wordfreq_seeded;deterministically_filtered;structurally_curated
nl,v1,2,1416,1444,slaap,slaap,slaap,unknown,slaap,wordfreq:nl,wordfreq_seeded;deterministically_filtered;structurally_curated
nl,v1,2,1417,1445,sluit,sluit,sluit,unknown,sluit,wordfreq:nl,wordfreq_seeded;deterministically_filtered;structurally_curated
nl,v1,2,1418,1446,toegevoegd,toegevoegd,toegevoegd,unknown,toegevoegd,wordfreq:nl,wordfreq_seeded;deterministically_filtered;structurally_curated
nl,v1,2,1419,1447,tom,tom,tom,unknown,tom,wordfreq:nl,wordfreq_seeded;deterministically_filtered;structurally_curated
nl,v1,2,1420,1448,toont,toont,toont,unknown,toont,wordfreq:nl,wordfreq_seeded;deterministically_filtered;structurally_curated
nl,v1,2,1421,1449,uren,uren,uren,unknown,uren,wordfreq:nl,wordfreq_seeded;deterministically_filtered;structurally_curated
nl,v1,2,1422,1450,verdachte,verdachte,verdachte,unknown,verdachte,wordfreq:nl,wordfreq_seeded;deterministically_filtered;structurally_curated
nl,v1,2,1423,1451,vieren,vieren,vieren,unknown,vieren,wordfreq:nl,wordfreq_seeded;deterministically_filtered;structurally_curated
nl,v1,2,1424,1452,vlees,vlees,vlees,unknown,vlees,wordfreq:nl,wordfreq_seeded;deterministically_filtered;structurally_curated
nl,v1,2,1425,1453,vrijwel,vrijwel,vrijwel,unknown,vrijwel,wordfreq:nl,wordfreq_seeded;deterministically_filtered;structurally_curated
nl,v1,2,1426,1454,woning,woning,woning,unknown,woning,wordfreq:nl,wordfreq_seeded;deterministically_filtered;structurally_curated
nl,v1,2,1427,1455,ziekte,ziekte,ziekte,unknown,ziekte,wordfreq:nl,wordfreq_seeded;deterministically_filtered;structurally_curated
nl,v1,2,1428,1456,album,album,album,unknown,album,wordfreq:nl,wordfreq_seeded;deterministically_filtered;structurally_curated
nl,v1,2,1429,1457,aldus,aldus,aldus,unknown,aldus,wordfreq:nl,wordfreq_seeded;deterministically_filtered;structurally_curated
nl,v1,2,1430,1458,australië,australië,australië,unknown,australië,wordfreq:nl,wordfreq_seeded;deterministically_filtered;structurally_curated
nl,v1,2,1431,1459,bezoeken,bezoeken,bezoeken,unknown,bezoeken,wordfreq:nl,wordfreq_seeded;deterministically_filtered;structurally_curated
nl,v1,2,1432,1460,brug,brug,brug,unknown,brug,wordfreq:nl,wordfreq_seeded;deterministically_filtered;structurally_curated
nl,v1,2,1433,1461,buitenland,buitenland,buitenland,unknown,buitenland,wordfreq:nl,wordfreq_seeded;deterministically_filtered;structurally_curated
nl,v1,2,1434,1462,centrale,centrale,centrale,unknown,centrale,wordfreq:nl,wordfreq_seeded;deterministically_filtered;structurally_curated
nl,v1,2,1435,1463,dergelijke,dergelijke,dergelijke,unknown,dergelijke,wordfreq:nl,wordfreq_seeded;deterministically_filtered;structurally_curated
nl,v1,2,1436,1464,diep,diep,diep,unknown,diep,wordfreq:nl,wordfreq_seeded;deterministically_filtered;structurally_curated
nl,v1,2,1437,1465,eigenaar,eigenaar,eigenaar,unknown,eigenaar,wordfreq:nl,wordfreq_seeded;deterministically_filtered;structurally_curated
nl,v1,2,1438,1466,eén,eén,eén,unknown,eén,wordfreq:nl,wordfreq_seeded;deterministically_filtered;structurally_curated
nl,v1,2,1439,1467,gebouwd,gebouwd,gebouwd,unknown,gebouwd,wordfreq:nl,wordfreq_seeded;deterministically_filtered;structurally_curated
nl,v1,2,1440,1468,geluid,geluid,geluid,unknown,geluid,wordfreq:nl,wordfreq_seeded;deterministically_filtered;structurally_curated
nl,v1,2,1441,1469,gevolgd,gevolgd,gevolgd,unknown,gevolgd,wordfreq:nl,wordfreq_seeded;deterministically_filtered;structurally_curated
nl,v1,2,1442,1470,harde,harde,harde,unknown,harde,wordfreq:nl,wordfreq_seeded;deterministically_filtered;structurally_curated
nl,v1,2,1443,1471,he,he,he,unknown,he,wordfreq:nl,wordfreq_seeded;deterministically_filtered;structurally_curated
nl,v1,2,1444,1472,hey,hey,hey,unknown,hey,wordfreq:nl,wordfreq_seeded;deterministically_filtered;structurally_curated
nl,v1,2,1445,1473,ii,ii,ii,unknown,ii,wordfreq:nl,wordfreq_seeded;deterministically_filtered;structurally_curated
nl,v1,2,1446,1474,kamp,kamp,kamp,unknown,kamp,wordfreq:nl,wordfreq_seeded;deterministically_filtered;structurally_curated
nl,v1,2,1447,1475,klanten,klanten,klanten,unknown,klanten,wordfreq:nl,wordfreq_seeded;deterministically_filtered;structurally_curated
nl,v1,2,1448,1476,lachen,lachen,lachen,unknown,lachen,wordfreq:nl,wordfreq_seeded;deterministically_filtered;structurally_curated
nl,v1,2,1449,1477,lage,lage,lage,unknown,lage,wordfreq:nl,wordfreq_seeded;deterministically_filtered;structurally_curated
nl,v1,2,1450,1478,leidde,leidde,leidde,unknown,leidde,wordfreq:nl,wordfreq_seeded;deterministically_filtered;structurally_curated
nl,v1,2,1451,1479,lief,lief,lief,unknown,lief,wordfreq:nl,wordfreq_seeded;deterministically_filtered;structurally_curated
nl,v1,2,1452,1480,negen,negen,negen,unknown,negen,wordfreq:nl,wordfreq_seeded;deterministically_filtered;structurally_curated
nl,v1,2,1453,1481,neuken,neuken,neuken,unknown,neuken,wordfreq:nl,wordfreq_seeded;deterministically_filtered;structurally_curated
nl,v1,2,1454,1482,ontwerp,ontwerp,ontwerp,unknown,ontwerp,wordfreq:nl,wordfreq_seeded;deterministically_filtered;structurally_curated
nl,v1,2,1455,1483,reageren,reageren,reageren,unknown,reageren,wordfreq:nl,wordfreq_seeded;deterministically_filtered;structurally_curated
nl,v1,2,1456,1484,strand,strand,strand,unknown,strand,wordfreq:nl,wordfreq_seeded;deterministically_filtered;structurally_curated
nl,v1,2,1457,1485,stukje,stukje,stukje,unknown,stukje,wordfreq:nl,wordfreq_seeded;deterministically_filtered;structurally_curated
nl,v1,2,1458,1486,tuin,tuin,tuin,unknown,tuin,wordfreq:nl,wordfreq_seeded;deterministically_filtered;structurally_curated
nl,v1,2,1459,1487,tweets,tweets,tweets,unknown,tweets,wordfreq:nl,wordfreq_seeded;deterministically_filtered;structurally_curated
nl,v1,2,1460,1488,vandaan,vandaan,vandaan,unknown,vandaan,wordfreq:nl,wordfreq_seeded;deterministically_filtered;structurally_curated
nl,v1,2,1461,1489,vrede,vrede,vrede,unknown,vrede,wordfreq:nl,wordfreq_seeded;deterministically_filtered;structurally_curated
nl,v1,2,1462,1490,vreemd,vreemd,vreemd,unknown,vreemd,wordfreq:nl,wordfreq_seeded;deterministically_filtered;structurally_curated
nl,v1,2,1463,1491,zingen,zingen,zingen,unknown,zingen,wordfreq:nl,wordfreq_seeded;deterministically_filtered;structurally_curated
nl,v1,2,1464,1494,behandeling,behandeling,behandeling,unknown,behandeling,wordfreq:nl,wordfreq_seeded;deterministically_filtered;structurally_curated
nl,v1,2,1465,1495,beneden,beneden,beneden,unknown,beneden,wordfreq:nl,wordfreq_seeded;deterministically_filtered;structurally_curated
nl,v1,2,1466,1496,berichten,berichten,berichten,unknown,berichten,wordfreq:nl,wordfreq_seeded;deterministically_filtered;structurally_curated
nl,v1,2,1467,1497,brabant,brabant,brabant,unknown,brabant,wordfreq:nl,wordfreq_seeded;deterministically_filtered;structurally_curated
nl,v1,2,1468,1498,code,code,code,unknown,code,wordfreq:nl,wordfreq_seeded;deterministically_filtered;structurally_curated
nl,v1,2,1469,1499,eenmaal,eenmaal,eenmaal,unknown,eenmaal,wordfreq:nl,wordfreq_seeded;deterministically_filtered;structurally_curated
nl,v1,2,1470,1500,ermee,ermee,ermee,unknown,ermee,wordfreq:nl,wordfreq_seeded;deterministically_filtered;structurally_curated
nl,v1,2,1471,1501,gebouwen,gebouwen,gebouwen,unknown,gebouwen,wordfreq:nl,wordfreq_seeded;deterministically_filtered;structurally_curated
nl,v1,2,1472,1502,geraakt,geraakt,geraakt,unknown,geraakt,wordfreq:nl,wordfreq_seeded;deterministically_filtered;structurally_curated
nl,v1,2,1473,1503,honger,honger,honger,unknown,honger,wordfreq:nl,wordfreq_seeded;deterministically_filtered;structurally_curated
nl,v1,2,1474,1504,ideeën,ideeën,ideeën,unknown,ideeën,wordfreq:nl,wordfreq_seeded;deterministically_filtered;structurally_curated
nl,v1,2,1475,1505,italië,italië,italië,unknown,italië,wordfreq:nl,wordfreq_seeded;deterministically_filtered;structurally_curated
nl,v1,2,1476,1506,leer,leer,leer,unknown,leer,wordfreq:nl,wordfreq_seeded;deterministically_filtered;structurally_curated
nl,v1,2,1477,1507,meid,meid,meid,unknown,meid,wordfreq:nl,wordfreq_seeded;deterministically_filtered;structurally_curated
nl,v1,2,1478,1508,min,min,min,unknown,min,wordfreq:nl,wordfreq_seeded;deterministically_filtered;structurally_curated
nl,v1,2,1479,1509,mogelijkheden,mogelijkheden,mogelijkheden,unknown,mogelijkheden,wordfreq:nl,wordfreq_seeded;deterministically_filtered;structurally_curated
nl,v1,2,1480,1510,my,my,my,unknown,my,wordfreq:nl,wordfreq_seeded;deterministically_filtered;structurally_curated
nl,v1,2,1481,1512,partner,partner,partner,unknown,partner,wordfreq:nl,wordfreq_seeded;deterministically_filtered;structurally_curated
nl,v1,2,1482,1513,producten,producten,producten,unknown,producten,wordfreq:nl,wordfreq_seeded;deterministically_filtered;structurally_curated
nl,v1,2,1483,1514,productie,productie,productie,unknown,productie,wordfreq:nl,wordfreq_seeded;deterministically_filtered;structurally_curated
nl,v1,2,1484,1515,regen,regen,regen,unknown,regen,wordfreq:nl,wordfreq_seeded;deterministically_filtered;structurally_curated
nl,v1,2,1485,1516,speler,speler,speler,unknown,speler,wordfreq:nl,wordfreq_seeded;deterministically_filtered;structurally_curated
nl,v1,2,1486,1517,st,st,st,unknown,st,wordfreq:nl,wordfreq_seeded;deterministically_filtered;structurally_curated
nl,v1,2,1487,1518,veld,veld,veld,unknown,veld,wordfreq:nl,wordfreq_seeded;deterministically_filtered;structurally_curated
nl,v1,2,1488,1519,verjaardag,verjaardag,verjaardag,unknown,verjaardag,wordfreq:nl,wordfreq_seeded;deterministically_filtered;structurally_curated
nl,v1,2,1489,1520,verlies,verlies,verlies,unknown,verlies,wordfreq:nl,wordfreq_seeded;deterministically_filtered;structurally_curated
nl,v1,2,1490,1521,vertaling,vertaling,vertaling,unknown,vertaling,wordfreq:nl,wordfreq_seeded;deterministically_filtered;structurally_curated
nl,v1,2,1491,1522,voorbeelden,voorbeelden,voorbeelden,unknown,voorbeelden,wordfreq:nl,wordfreq_seeded;deterministically_filtered;structurally_curated
nl,v1,2,1492,1523,w,w,w,unknown,w,wordfreq:nl,wordfreq_seeded;deterministically_filtered;structurally_curated
nl,v1,2,1493,1524,waarvoor,waarvoor,waarvoor,unknown,waarvoor,wordfreq:nl,wordfreq_seeded;deterministically_filtered;structurally_curated
nl,v1,2,1494,1525,zogenaamde,zogenaamde,zogenaamde,unknown,zogenaamde,wordfreq:nl,wordfreq_seeded;deterministically_filtered;structurally_curated
nl,v1,2,1495,1526,afhankelijk,afhankelijk,afhankelijk,unknown,afhankelijk,wordfreq:nl,wordfreq_seeded;deterministically_filtered;structurally_curated
nl,v1,2,1496,1527,bal,bal,bal,unknown,bal,wordfreq:nl,wordfreq_seeded;deterministically_filtered;structurally_curated
nl,v1,2,1497,1528,besloot,besloot,besloot,unknown,besloot,wordfreq:nl,wordfreq_seeded;deterministically_filtered;structurally_curated
nl,v1,2,1498,1529,boom,boom,boom,unknown,boom,wordfreq:nl,wordfreq_seeded;deterministically_filtered;structurally_curated
nl,v1,2,1499,1530,buitenlandse,buitenlandse,buitenlandse,unknown,buitenlandse,wordfreq:nl,wordfreq_seeded;deterministically_filtered;structurally_curated
nl,v1,2,1500,1531,cm,cm,cm,unknown,cm,wordfreq:nl,wordfreq_seeded;deterministically_filtered;structurally_curated
nl,v1,2,1501,1532,degene,degene,degene,unknown,degene,wordfreq:nl,wordfreq_seeded;deterministically_filtered;structurally_curated
nl,v1,2,1502,1533,des,des,des,unknown,des,wordfreq:nl,wordfreq_seeded;deterministically_filtered;structurally_curated
nl,v1,2,1503,1534,discussie,discussie,discussie,unknown,discussie,wordfreq:nl,wordfreq_seeded;deterministically_filtered;structurally_curated
nl,v1,2,1504,1535,duizenden,duizenden,duizenden,unknown,duizenden,wordfreq:nl,wordfreq_seeded;deterministically_filtered;structurally_curated
nl,v1,2,1505,1536,etc,etc,etc,unknown,etc,wordfreq:nl,wordfreq_seeded;deterministically_filtered;structurally_curated
nl,v1,2,1506,1537,eu,eu,eu,unknown,eu,wordfreq:nl,wordfreq_seeded;deterministically_filtered;structurally_curated
nl,v1,2,1507,1538,fijne,fijne,fijne,unknown,fijne,wordfreq:nl,wordfreq_seeded;deterministically_filtered;structurally_curated
nl,v1,2,1508,1539,gasten,gasten,gasten,unknown,gasten,wordfreq:nl,wordfreq_seeded;deterministically_filtered;structurally_curated
nl,v1,2,1509,1540,geest,geest,geest,unknown,geest,wordfreq:nl,wordfreq_seeded;deterministically_filtered;structurally_curated
nl,v1,2,1510,1541,kritiek,kritiek,kritiek,unknown,kritiek,wordfreq:nl,wordfreq_seeded;deterministically_filtered;structurally_curated
nl,v1,2,1511,1542,love,love,love,unknown,love,wordfreq:nl,wordfreq_seeded;deterministically_filtered;structurally_curated
nl,v1,2,1512,1543,lukt,lukt,lukt,unknown,lukt,wordfreq:nl,wordfreq_seeded;deterministically_filtered;structurally_curated
nl,v1,2,1513,1544,mooiste,mooiste,mooiste,unknown,mooiste,wordfreq:nl,wordfreq_seeded;deterministically_filtered;structurally_curated
nl,v1,2,1514,1545,pak,pak,pak,unknown,pak,wordfreq:nl,wordfreq_seeded;deterministically_filtered;structurally_curated
nl,v1,2,1515,1546,parlement,parlement,parlement,unknown,parlement,wordfreq:nl,wordfreq_seeded;deterministically_filtered;structurally_curated
nl,v1,2,1516,1547,rapport,rapport,rapport,unknown,rapport,wordfreq:nl,wordfreq_seeded;deterministically_filtered;structurally_curated
nl,v1,2,1517,1548,slachtoffers,slachtoffers,slachtoffers,unknown,slachtoffers,wordfreq:nl,wordfreq_seeded;deterministically_filtered;structurally_curated
nl,v1,2,1518,1549,sprake,sprake,sprake,unknown,sprake,wordfreq:nl,wordfreq_seeded;deterministically_filtered;structurally_curated
nl,v1,2,1519,1550,tijdje,tijdje,tijdje,unknown,tijdje,wordfreq:nl,wordfreq_seeded;deterministically_filtered;structurally_curated
nl,v1,2,1520,1551,verbeteren,verbeteren,verbeteren,unknown,verbeteren,wordfreq:nl,wordfreq_seeded;deterministically_filtered;structurally_curated
nl,v1,2,1521,1552,verklaring,verklaring,verklaring,unknown,verklaring,wordfreq:nl,wordfreq_seeded;deterministically_filtered;structurally_curated
nl,v1,2,1522,1553,verwachten,verwachten,verwachten,unknown,verwachten,wordfreq:nl,wordfreq_seeded;deterministically_filtered;structurally_curated
nl,v1,2,1523,1554,vlag,vlag,vlag,unknown,vlag,wordfreq:nl,wordfreq_seeded;deterministically_filtered;structurally_curated
nl,v1,2,1524,1555,vliegen,vliegen,vliegen,unknown,vliegen,wordfreq:nl,wordfreq_seeded;deterministically_filtered;structurally_curated
nl,v1,2,1525,1556,voet,voet,voet,unknown,voet,wordfreq:nl,wordfreq_seeded;deterministically_filtered;structurally_curated
nl,v1,2,1526,1557,voldoende,voldoende,voldoende,unknown,voldoende,wordfreq:nl,wordfreq_seeded;deterministically_filtered;structurally_curated
nl,v1,2,1527,1558,vrouwelijke,vrouwelijke,vrouwelijke,unknown,vrouwelijke,wordfreq:nl,wordfreq_seeded;deterministically_filtered;structurally_curated
nl,v1,2,1528,1559,wens,wens,wens,unknown,wens,wordfreq:nl,wordfreq_seeded;deterministically_filtered;structurally_curated
nl,v1,2,1529,1560,arts,arts,arts,unknown,arts,wordfreq:nl,wordfreq_seeded;deterministically_filtered;structurally_curated
nl,v1,2,1530,1561,bijdrage,bijdrage,bijdrage,unknown,bijdrage,wordfreq:nl,wordfreq_seeded;deterministically_filtered;structurally_curated
nl,v1,2,1531,1562,bijzondere,bijzondere,bijzondere,unknown,bijzondere,wordfreq:nl,wordfreq_seeded;deterministically_filtered;structurally_curated
nl,v1,2,1532,1563,blauw,blauw,blauw,unknown,blauw,wordfreq:nl,wordfreq_seeded;deterministically_filtered;structurally_curated
nl,v1,2,1533,1564,city,city,city,unknown,city,wordfreq:nl,wordfreq_seeded;deterministically_filtered;structurally_curated
nl,v1,2,1534,1565,dinsdag,dinsdag,dinsdag,unknown,dinsdag,wordfreq:nl,wordfreq_seeded;deterministically_filtered;structurally_curated
nl,v1,2,1535,1566,dromen,dromen,dromen,unknown,dromen,wordfreq:nl,wordfreq_seeded;deterministically_filtered;structurally_curated
nl,v1,2,1536,1567,editie,editie,editie,unknown,editie,wordfreq:nl,wordfreq_seeded;deterministically_filtered;structurally_curated
nl,v1,2,1537,1568,gebruikers,gebruikers,gebruikers,unknown,gebruikers,wordfreq:nl,wordfreq_seeded;deterministically_filtered;structurally_curated
nl,v1,2,1538,1569,genaamd,genaamd,genaamd,unknown,genaamd,wordfreq:nl,wordfreq_seeded;deterministically_filtered;structurally_curated
nl,v1,2,1539,1570,hangt,hangt,hangt,unknown,hangt,wordfreq:nl,wordfreq_seeded;deterministically_filtered;structurally_curated
nl,v1,2,1540,1571,heerlijke,heerlijke,heerlijke,unknown,heerlijke,wordfreq:nl,wordfreq_seeded;deterministically_filtered;structurally_curated
nl,v1,2,1541,1572,hopelijk,hopelijk,hopelijk,unknown,hopelijk,wordfreq:nl,wordfreq_seeded;deterministically_filtered;structurally_curated
nl,v1,2,1542,1573,inzet,inzet,inzet,unknown,inzet,wordfreq:nl,wordfreq_seeded;deterministically_filtered;structurally_curated
nl,v1,2,1543,1574,kust,kust,kust,unknown,kust,wordfreq:nl,wordfreq_seeded;deterministically_filtered;structurally_curated
nl,v1,2,1544,1575,langzaam,langzaam,langzaam,unknown,langzaam,wordfreq:nl,wordfreq_seeded;deterministically_filtered;structurally_curated
nl,v1,2,1545,1576,le,le,le,unknown,le,wordfreq:nl,wordfreq_seeded;deterministically_filtered;structurally_curated
nl,v1,2,1546,1577,legt,legt,legt,unknown,legt,wordfreq:nl,wordfreq_seeded;deterministically_filtered;structurally_curated
nl,v1,2,1547,1578,limburg,limburg,limburg,unknown,limburg,wordfreq:nl,wordfreq_seeded;deterministically_filtered;structurally_curated
nl,v1,2,1548,1579,melden,melden,melden,unknown,melden,wordfreq:nl,wordfreq_seeded;deterministically_filtered;structurally_curated
nl,v1,2,1549,1580,moslims,moslims,moslims,unknown,moslims,wordfreq:nl,wordfreq_seeded;deterministically_filtered;structurally_curated
nl,v1,2,1550,1581,motor,motor,motor,unknown,motor,wordfreq:nl,wordfreq_seeded;deterministically_filtered;structurally_curated
nl,v1,2,1551,1582,nationaal,nationaal,nationaal,unknown,nationaal,wordfreq:nl,wordfreq_seeded;deterministically_filtered;structurally_curated
nl,v1,2,1552,1583,nl,nl,nl,unknown,nl,wordfreq:nl,wordfreq_seeded;deterministically_filtered;structurally_curated
nl,v1,2,1553,1584,ontdekt,ontdekt,ontdekt,unknown,ontdekt,wordfreq:nl,wordfreq_seeded;deterministically_filtered;structurally_curated
nl,v1,2,1554,1585,personeel,personeel,personeel,unknown,personeel,wordfreq:nl,wordfreq_seeded;deterministically_filtered;structurally_curated
nl,v1,2,1555,1586,raken,raken,raken,unknown,raken,wordfreq:nl,wordfreq_seeded;deterministically_filtered;structurally_curated
nl,v1,2,1556,1587,schrijft,schrijft,schrijft,unknown,schrijft,wordfreq:nl,wordfreq_seeded;deterministically_filtered;structurally_curated
nl,v1,2,1557,1588,spijt,spijt,spijt,unknown,spijt,wordfreq:nl,wordfreq_seeded;deterministically_filtered;structurally_curated
nl,v1,2,1558,1589,storm,storm,storm,unknown,storm,wordfreq:nl,wordfreq_seeded;deterministically_filtered;structurally_curated
nl,v1,2,1559,1590,tonen,tonen,tonen,unknown,tonen,wordfreq:nl,wordfreq_seeded;deterministically_filtered;structurally_curated
nl,v1,2,1560,1591,training,training,training,unknown,training,wordfreq:nl,wordfreq_seeded;deterministically_filtered;structurally_curated
nl,v1,2,1561,1592,verbonden,verbonden,verbonden,unknown,verbonden,wordfreq:nl,wordfreq_seeded;deterministically_filtered;structurally_curated
nl,v1,2,1562,1593,verdient,verdient,verdient,unknown,verdient,wordfreq:nl,wordfreq_seeded;deterministically_filtered;structurally_curated
nl,v1,2,1563,1594,wijn,wijn,wijn,unknown,wijn,wordfreq:nl,wordfreq_seeded;deterministically_filtered;structurally_curated
nl,v1,2,1564,1595,youtube,youtube,youtube,unknown,youtube,wordfreq:nl,wordfreq_seeded;deterministically_filtered;structurally_curated
nl,v1,2,1565,1596,zoiets,zoiets,zoiets,unknown,zoiets,wordfreq:nl,wordfreq_seeded;deterministically_filtered;structurally_curated
nl,v1,2,1566,1597,beperkt,beperkt,beperkt,unknown,beperkt,wordfreq:nl,wordfreq_seeded;deterministically_filtered;structurally_curated
nl,v1,2,1567,1598,bergen,bergen,bergen,unknown,bergen,wordfreq:nl,wordfreq_seeded;deterministically_filtered;structurally_curated
nl,v1,2,1568,1599,bewust,bewust,bewust,unknown,bewust,wordfreq:nl,wordfreq_seeded;deterministically_filtered;structurally_curated
nl,v1,2,1569,1600,bloed,bloed,bloed,unknown,bloed,wordfreq:nl,wordfreq_seeded;deterministically_filtered;structurally_curated
nl,v1,2,1570,1601,boodschap,boodschap,boodschap,unknown,boodschap,wordfreq:nl,wordfreq_seeded;deterministically_filtered;structurally_curated
nl,v1,2,1571,1602,bronnen,bronnen,bronnen,unknown,bronnen,wordfreq:nl,wordfreq_seeded;deterministically_filtered;structurally_curated
nl,v1,2,1572,1603,campagne,campagne,campagne,unknown,campagne,wordfreq:nl,wordfreq_seeded;deterministically_filtered;structurally_curated
nl,v1,2,1573,1604,collectie,collectie,collectie,unknown,collectie,wordfreq:nl,wordfreq_seeded;deterministically_filtered;structurally_curated
nl,v1,2,1574,1605,contract,contract,contract,unknown,contract,wordfreq:nl,wordfreq_seeded;deterministically_filtered;structurally_curated
nl,v1,2,1575,1606,droom,droom,droom,unknown,droom,wordfreq:nl,wordfreq_seeded;deterministically_filtered;structurally_curated
nl,v1,2,1576,1607,eentje,eentje,eentje,unknown,eentje,wordfreq:nl,wordfreq_seeded;deterministically_filtered;structurally_curated
nl,v1,2,1577,1608,hè,hè,hè,unknown,hè,wordfreq:nl,wordfreq_seeded;deterministically_filtered;structurally_curated
nl,v1,2,1578,1609,james,james,james,unknown,james,wordfreq:nl,wordfreq_seeded;deterministically_filtered;structurally_curated
nl,v1,2,1579,1610,koud,koud,koud,unknown,koud,wordfreq:nl,wordfreq_seeded;deterministically_filtered;structurally_curated
nl,v1,2,1580,1611,kwaliteit,kwaliteit,kwaliteit,unknown,kwaliteit,wordfreq:nl,wordfreq_seeded;deterministically_filtered;structurally_curated
nl,v1,2,1581,1612,luister,luister,luister,unknown,luister,wordfreq:nl,wordfreq_seeded;deterministically_filtered;structurally_curated
nl,v1,2,1582,1613,mark,mark,mark,unknown,mark,wordfreq:nl,wordfreq_seeded;deterministically_filtered;structurally_curated
nl,v1,2,1583,1614,mexico,mexico,mexico,unknown,mexico,wordfreq:nl,wordfreq_seeded;deterministically_filtered;structurally_curated
nl,v1,2,1584,1615,ministerie,ministerie,ministerie,unknown,ministerie,wordfreq:nl,wordfreq_seeded;deterministically_filtered;structurally_curated
nl,v1,2,1585,1616,nauwelijks,nauwelijks,nauwelijks,unknown,nauwelijks,wordfreq:nl,wordfreq_seeded;deterministically_filtered;structurally_curated
nl,v1,2,1586,1617,ontwikkeld,ontwikkeld,ontwikkeld,unknown,ontwikkeld,wordfreq:nl,wordfreq_seeded;deterministically_filtered;structurally_curated
nl,v1,2,1587,1618,projecten,projecten,projecten,unknown,projecten,wordfreq:nl,wordfreq_seeded;deterministically_filtered;structurally_curated
nl,v1,2,1588,1619,redenen,redenen,redenen,unknown,redenen,wordfreq:nl,wordfreq_seeded;deterministically_filtered;structurally_curated
nl,v1,2,1589,1620,standaard,standaard,standaard,unknown,standaard,wordfreq:nl,wordfreq_seeded;deterministically_filtered;structurally_curated
nl,v1,2,1590,1621,stonden,stonden,stonden,unknown,stonden,wordfreq:nl,wordfreq_seeded;deterministically_filtered;structurally_curated
nl,v1,2,1591,1622,studie,studie,studie,unknown,studie,wordfreq:nl,wordfreq_seeded;deterministically_filtered;structurally_curated
nl,v1,2,1592,1623,televisie,televisie,televisie,unknown,televisie,wordfreq:nl,wordfreq_seeded;deterministically_filtered;structurally_curated
nl,v1,2,1593,1624,totale,totale,totale,unknown,totale,wordfreq:nl,wordfreq_seeded;deterministically_filtered;structurally_curated
nl,v1,2,1594,1625,troepen,troepen,troepen,unknown,troepen,wordfreq:nl,wordfreq_seeded;deterministically_filtered;structurally_curated
nl,v1,2,1595,1626,verliefd,verliefd,verliefd,unknown,verliefd,wordfreq:nl,wordfreq_seeded;deterministically_filtered;structurally_curated
nl,v1,2,1596,1627,volle,volle,volle,unknown,volle,wordfreq:nl,wordfreq_seeded;deterministically_filtered;structurally_curated
nl,v1,2,1597,1628,vormt,vormt,vormt,unknown,vormt,wordfreq:nl,wordfreq_seeded;deterministically_filtered;structurally_curated
nl,v1,2,1598,1629,baas,baas,baas,unknown,baas,wordfreq:nl,wordfreq_seeded;deterministically_filtered;structurally_curated
nl,v1,2,1599,1630,communicatie,communicatie,communicatie,unknown,communicatie,wordfreq:nl,wordfreq_seeded;deterministically_filtered;structurally_curated
nl,v1,2,1600,1631,duur,duur,duur,unknown,duur,wordfreq:nl,wordfreq_seeded;deterministically_filtered;structurally_curated
nl,v1,2,1601,1632,engelse,engelse,engelse,unknown,engelse,wordfreq:nl,wordfreq_seeded;deterministically_filtered;structurally_curated
nl,v1,2,1602,1633,ervaren,ervaren,ervaren,unknown,ervaren,wordfreq:nl,wordfreq_seeded;deterministically_filtered;structurally_curated
nl,v1,2,1603,1634,gefeliciteerd,gefeliciteerd,gefeliciteerd,unknown,gefeliciteerd,wordfreq:nl,wordfreq_seeded;deterministically_filtered;structurally_curated
nl,v1,2,1604,1635,gezond,gezond,gezond,unknown,gezond,wordfreq:nl,wordfreq_seeded;deterministically_filtered;structurally_curated
nl,v1,2,1605,1636,goeie,goeie,goeie,unknown,goeie,wordfreq:nl,wordfreq_seeded;deterministically_filtered;structurally_curated
nl,v1,2,1606,1637,haalt,haalt,haalt,unknown,haalt,wordfreq:nl,wordfreq_seeded;deterministically_filtered;structurally_curated
nl,v1,2,1607,1638,initiatief,initiatief,initiatief,unknown,initiatief,wordfreq:nl,wordfreq_seeded;deterministically_filtered;structurally_curated
nl,v1,2,1608,1639,kaarten,kaarten,kaarten,unknown,kaarten,wordfreq:nl,wordfreq_seeded;deterministically_filtered;structurally_curated
nl,v1,2,1609,1640,kleuren,kleuren,kleuren,unknown,kleuren,wordfreq:nl,wordfreq_seeded;deterministically_filtered;structurally_curated
nl,v1,2,1610,1641,medische,medische,medische,unknown,medische,wordfreq:nl,wordfreq_seeded;deterministically_filtered;structurally_curated
nl,v1,2,1611,1642,meneer,meneer,meneer,unknown,meneer,wordfreq:nl,wordfreq_seeded;deterministically_filtered;structurally_curated
nl,v1,2,1612,1643,missen,missen,missen,unknown,missen,wordfreq:nl,wordfreq_seeded;deterministically_filtered;structurally_curated
nl,v1,2,1613,1644,omhoog,omhoog,omhoog,unknown,omhoog,wordfreq:nl,wordfreq_seeded;deterministically_filtered;structurally_curated
nl,v1,2,1614,1645,positieve,positieve,positieve,unknown,positieve,wordfreq:nl,wordfreq_seeded;deterministically_filtered;structurally_curated
nl,v1,2,1615,1646,rechtbank,rechtbank,rechtbank,unknown,rechtbank,wordfreq:nl,wordfreq_seeded;deterministically_filtered;structurally_curated
nl,v1,2,1616,1647,republiek,republiek,republiek,unknown,republiek,wordfreq:nl,wordfreq_seeded;deterministically_filtered;structurally_curated
nl,v1,2,1617,1648,soldaten,soldaten,soldaten,unknown,soldaten,wordfreq:nl,wordfreq_seeded;deterministically_filtered;structurally_curated
nl,v1,2,1618,1649,tenzij,tenzij,tenzij,unknown,tenzij,wordfreq:nl,wordfreq_seeded;deterministically_filtered;structurally_curated
nl,v1,2,1619,1650,verkeer,verkeer,verkeer,unknown,verkeer,wordfreq:nl,wordfreq_seeded;deterministically_filtered;structurally_curated
nl,v1,2,1620,1651,voedsel,voedsel,voedsel,unknown,voedsel,wordfreq:nl,wordfreq_seeded;deterministically_filtered;structurally_curated
nl,v1,2,1621,1652,vrijwilligers,vrijwilligers,vrijwilligers,unknown,vrijwilligers,wordfreq:nl,wordfreq_seeded;deterministically_filtered;structurally_curated
nl,v1,2,1622,1653,wellicht,wellicht,wellicht,unknown,wellicht,wordfreq:nl,wordfreq_seeded;deterministically_filtered;structurally_curated
nl,v1,2,1623,1654,werkelijk,werkelijk,werkelijk,unknown,werkelijk,wordfreq:nl,wordfreq_seeded;deterministically_filtered;structurally_curated
nl,v1,2,1624,1655,willem,willem,willem,unknown,willem,wordfreq:nl,wordfreq_seeded;deterministically_filtered;structurally_curated
nl,v1,2,1625,1656,aangeboden,aangeboden,aangeboden,unknown,aangeboden,wordfreq:nl,wordfreq_seeded;deterministically_filtered;structurally_curated
nl,v1,2,1626,1657,all,all,all,unknown,all,wordfreq:nl,wordfreq_seeded;deterministically_filtered;structurally_curated
nl,v1,2,1627,1658,alweer,alweer,alweer,unknown,alweer,wordfreq:nl,wordfreq_seeded;deterministically_filtered;structurally_curated
nl,v1,2,1628,1659,bad,bad,bad,unknown,bad,wordfreq:nl,wordfreq_seeded;deterministically_filtered;structurally_curated
nl,v1,2,1629,1660,beslissing,beslissing,beslissing,unknown,beslissing,wordfreq:nl,wordfreq_seeded;deterministically_filtered;structurally_curated
nl,v1,2,1630,1661,categorie,categorie,categorie,unknown,categorie,wordfreq:nl,wordfreq_seeded;deterministically_filtered;structurally_curated
nl,v1,2,1631,1662,combinatie,combinatie,combinatie,unknown,combinatie,wordfreq:nl,wordfreq_seeded;deterministically_filtered;structurally_curated
nl,v1,2,1632,1663,gelegenheid,gelegenheid,gelegenheid,unknown,gelegenheid,wordfreq:nl,wordfreq_seeded;deterministically_filtered;structurally_curated
nl,v1,2,1633,1664,george,george,george,unknown,george,wordfreq:nl,wordfreq_seeded;deterministically_filtered;structurally_curated
nl,v1,2,1634,1665,hoeven,hoeven,hoeven,unknown,hoeven,wordfreq:nl,wordfreq_seeded;deterministically_filtered;structurally_curated
nl,v1,2,1635,1666,interesse,interesse,interesse,unknown,interesse,wordfreq:nl,wordfreq_seeded;deterministically_filtered;structurally_curated
nl,v1,2,1636,1667,kapot,kapot,kapot,unknown,kapot,wordfreq:nl,wordfreq_seeded;deterministically_filtered;structurally_curated
nl,v1,2,1637,1668,klasse,klasse,klasse,unknown,klasse,wordfreq:nl,wordfreq_seeded;deterministically_filtered;structurally_curated
nl,v1,2,1638,1669,laatst,laatst,laatst,unknown,laatst,wordfreq:nl,wordfreq_seeded;deterministically_filtered;structurally_curated
nl,v1,2,1639,1670,olympische,olympische,olympische,unknown,olympische,wordfreq:nl,wordfreq_seeded;deterministically_filtered;structurally_curated
nl,v1,2,1640,1671,onzin,onzin,onzin,unknown,onzin,wordfreq:nl,wordfreq_seeded;deterministically_filtered;structurally_curated
nl,v1,2,1641,1672,opgericht,opgericht,opgericht,unknown,opgericht,wordfreq:nl,wordfreq_seeded;deterministically_filtered;structurally_curated
nl,v1,2,1642,1673,organiseren,organiseren,organiseren,unknown,organiseren,wordfreq:nl,wordfreq_seeded;deterministically_filtered;structurally_curated
nl,v1,2,1643,1674,ouder,ouder,ouder,unknown,ouder,wordfreq:nl,wordfreq_seeded;deterministically_filtered;structurally_curated
nl,v1,2,1644,1675,past,past,past,unknown,past,wordfreq:nl,wordfreq_seeded;deterministically_filtered;structurally_curated
nl,v1,2,1645,1676,probeerde,probeerde,probeerde,unknown,probeerde,wordfreq:nl,wordfreq_seeded;deterministically_filtered;structurally_curated
nl,v1,2,1646,1677,schat,schat,schat,unknown,schat,wordfreq:nl,wordfreq_seeded;deterministically_filtered;structurally_curated
nl,v1,2,1647,1678,selectie,selectie,selectie,unknown,selectie,wordfreq:nl,wordfreq_seeded;deterministically_filtered;structurally_curated
nl,v1,2,1648,1679,stelde,stelde,stelde,unknown,stelde,wordfreq:nl,wordfreq_seeded;deterministically_filtered;structurally_curated
nl,v1,2,1649,1680,thee,thee,thee,unknown,thee,wordfreq:nl,wordfreq_seeded;deterministically_filtered;structurally_curated
nl,v1,2,1650,1681,twintig,twintig,twintig,unknown,twintig,wordfreq:nl,wordfreq_seeded;deterministically_filtered;structurally_curated
nl,v1,2,1651,1682,uitspraak,uitspraak,uitspraak,unknown,uitspraak,wordfreq:nl,wordfreq_seeded;deterministically_filtered;structurally_curated
nl,v1,2,1652,1683,vechten,vechten,vechten,unknown,vechten,wordfreq:nl,wordfreq_seeded;deterministically_filtered;structurally_curated
nl,v1,2,1653,1684,veroorzaakt,veroorzaakt,veroorzaakt,unknown,veroorzaakt,wordfreq:nl,wordfreq_seeded;deterministically_filtered;structurally_curated
nl,v1,2,1654,1685,wapens,wapens,wapens,unknown,wapens,wordfreq:nl,wordfreq_seeded;deterministically_filtered;structurally_curated
nl,v1,2,1655,1686,wensen,wensen,wensen,unknown,wensen,wordfreq:nl,wordfreq_seeded;deterministically_filtered;structurally_curated
nl,v1,2,1656,1687,werknemers,werknemers,werknemers,unknown,werknemers,wordfreq:nl,wordfreq_seeded;deterministically_filtered;structurally_curated
nl,v1,2,1657,1688,zagen,zagen,zagen,unknown,zagen,wordfreq:nl,wordfreq_seeded;deterministically_filtered;structurally_curated
nl,v1,2,1658,1689,zeeland,zeeland,zeeland,unknown,zeeland,wordfreq:nl,wordfreq_seeded;deterministically_filtered;structurally_curated
nl,v1,2,1659,1690,én,én,én,unknown,én,wordfreq:nl,wordfreq_seeded;deterministically_filtered;structurally_curated
nl,v1,2,1660,1691,akkoord,akkoord,akkoord,unknown,akkoord,wordfreq:nl,wordfreq_seeded;deterministically_filtered;structurally_curated
nl,v1,2,1661,1692,anti,anti,anti,unknown,anti,wordfreq:nl,wordfreq_seeded;deterministically_filtered;structurally_curated
nl,v1,2,1662,1693,as,as,as,unknown,as,wordfreq:nl,wordfreq_seeded;deterministically_filtered;structurally_curated
nl,v1,2,1663,1694,bedoeling,bedoeling,bedoeling,unknown,bedoeling,wordfreq:nl,wordfreq_seeded;deterministically_filtered;structurally_curated
nl,v1,2,1664,1695,bereid,bereid,bereid,unknown,bereid,wordfreq:nl,wordfreq_seeded;deterministically_filtered;structurally_curated
nl,v1,2,1665,1696,boot,boot,boot,unknown,boot,wordfreq:nl,wordfreq_seeded;deterministically_filtered;structurally_curated
nl,v1,2,1666,1697,dansen,dansen,dansen,unknown,dansen,wordfreq:nl,wordfreq_seeded;deterministically_filtered;structurally_curated
nl,v1,2,1667,1698,dienen,dienen,dienen,unknown,dienen,wordfreq:nl,wordfreq_seeded;deterministically_filtered;structurally_curated
nl,v1,2,1668,1699,draaien,draaien,draaien,unknown,draaien,wordfreq:nl,wordfreq_seeded;deterministically_filtered;structurally_curated
nl,v1,2,1669,1700,draait,draait,draait,unknown,draait,wordfreq:nl,wordfreq_seeded;deterministically_filtered;structurally_curated
nl,v1,2,1670,1701,feiten,feiten,feiten,unknown,feiten,wordfreq:nl,wordfreq_seeded;deterministically_filtered;structurally_curated
nl,v1,2,1671,1702,fouten,fouten,fouten,unknown,fouten,wordfreq:nl,wordfreq_seeded;deterministically_filtered;structurally_curated
nl,v1,2,1672,1703,gast,gast,gast,unknown,gast,wordfreq:nl,wordfreq_seeded;deterministically_filtered;structurally_curated
nl,v1,2,1673,1704,geile,geile,geile,unknown,geile,wordfreq:nl,wordfreq_seeded;deterministically_filtered;structurally_curated
nl,v1,2,1674,1705,gemakkelijk,gemakkelijk,gemakkelijk,unknown,gemakkelijk,wordfreq:nl,wordfreq_seeded;deterministically_filtered;structurally_curated
nl,v1,2,1675,1706,gemiddelde,gemiddelde,gemiddelde,unknown,gemiddelde,wordfreq:nl,wordfreq_seeded;deterministically_filtered;structurally_curated
nl,v1,2,1676,1707,getrouwd,getrouwd,getrouwd,unknown,getrouwd,wordfreq:nl,wordfreq_seeded;deterministically_filtered;structurally_curated
nl,v1,2,1677,1708,gewond,gewond,gewond,unknown,gewond,wordfreq:nl,wordfreq_seeded;deterministically_filtered;structurally_curated
nl,v1,2,1678,1709,gezocht,gezocht,gezocht,unknown,gezocht,wordfreq:nl,wordfreq_seeded;deterministically_filtered;structurally_curated
nl,v1,2,1679,1710,hangen,hangen,hangen,unknown,hangen,wordfreq:nl,wordfreq_seeded;deterministically_filtered;structurally_curated
nl,v1,2,1680,1711,heilige,heilige,heilige,unknown,heilige,wordfreq:nl,wordfreq_seeded;deterministically_filtered;structurally_curated
nl,v1,2,1681,1712,italiaanse,italiaanse,italiaanse,unknown,italiaanse,wordfreq:nl,wordfreq_seeded;deterministically_filtered;structurally_curated
nl,v1,2,1682,1713,kampioen,kampioen,kampioen,unknown,kampioen,wordfreq:nl,wordfreq_seeded;deterministically_filtered;structurally_curated
nl,v1,2,1683,1714,koningin,koningin,koningin,unknown,koningin,wordfreq:nl,wordfreq_seeded;deterministically_filtered;structurally_curated
nl,v1,2,1684,1715,manieren,manieren,manieren,unknown,manieren,wordfreq:nl,wordfreq_seeded;deterministically_filtered;structurally_curated
nl,v1,2,1685,1716,materiaal,materiaal,materiaal,unknown,materiaal,wordfreq:nl,wordfreq_seeded;deterministically_filtered;structurally_curated
nl,v1,2,1686,1717,meiden,meiden,meiden,unknown,meiden,wordfreq:nl,wordfreq_seeded;deterministically_filtered;structurally_curated
nl,v1,2,1687,1718,merk,merk,merk,unknown,merk,wordfreq:nl,wordfreq_seeded;deterministically_filtered;structurally_curated
nl,v1,2,1688,1719,mobiele,mobiele,mobiele,unknown,mobiele,wordfreq:nl,wordfreq_seeded;deterministically_filtered;structurally_curated
nl,v1,2,1689,1720,oke,oke,oke,unknown,oke,wordfreq:nl,wordfreq_seeded;deterministically_filtered;structurally_curated
nl,v1,2,1690,1721,olie,olie,olie,unknown,olie,wordfreq:nl,wordfreq_seeded;deterministically_filtered;structurally_curated
nl,v1,2,1691,1722,ontwikkelen,ontwikkelen,ontwikkelen,unknown,ontwikkelen,wordfreq:nl,wordfreq_seeded;deterministically_filtered;structurally_curated
nl,v1,2,1692,1723,oudere,oudere,oudere,unknown,oudere,wordfreq:nl,wordfreq_seeded;deterministically_filtered;structurally_curated
nl,v1,2,1693,1724,pad,pad,pad,unknown,pad,wordfreq:nl,wordfreq_seeded;deterministically_filtered;structurally_curated
nl,v1,2,1694,1725,passen,passen,passen,unknown,passen,wordfreq:nl,wordfreq_seeded;deterministically_filtered;structurally_curated
nl,v1,2,1695,1726,politici,politici,politici,unknown,politici,wordfreq:nl,wordfreq_seeded;deterministically_filtered;structurally_curated
nl,v1,2,1696,1727,positief,positief,positief,unknown,positief,wordfreq:nl,wordfreq_seeded;deterministically_filtered;structurally_curated
nl,v1,2,1697,1728,raakte,raakte,raakte,unknown,raakte,wordfreq:nl,wordfreq_seeded;deterministically_filtered;structurally_curated
nl,v1,2,1698,1729,restaurant,restaurant,restaurant,unknown,restaurant,wordfreq:nl,wordfreq_seeded;deterministically_filtered;structurally_curated
nl,v1,2,1699,1730,schoon,schoon,schoon,unknown,schoon,wordfreq:nl,wordfreq_seeded;deterministically_filtered;structurally_curated
nl,v1,2,1700,1731,simpel,simpel,simpel,unknown,simpel,wordfreq:nl,wordfreq_seeded;deterministically_filtered;structurally_curated
nl,v1,2,1701,1732,social,social,social,unknown,social,wordfreq:nl,wordfreq_seeded;deterministically_filtered;structurally_curated
nl,v1,2,1702,1733,sprak,sprak,sprak,unknown,sprak,wordfreq:nl,wordfreq_seeded;deterministically_filtered;structurally_curated
nl,v1,2,1703,1734,stierf,stierf,stierf,unknown,stierf,wordfreq:nl,wordfreq_seeded;deterministically_filtered;structurally_curated
nl,v1,2,1704,1735,tenminste,tenminste,tenminste,unknown,tenminste,wordfreq:nl,wordfreq_seeded;deterministically_filtered;structurally_curated
nl,v1,2,1705,1736,test,test,test,unknown,test,wordfreq:nl,wordfreq_seeded;deterministically_filtered;structurally_curated
nl,v1,2,1706,1737,tweet,tweet,tweet,unknown,tweet,wordfreq:nl,wordfreq_seeded;deterministically_filtered;structurally_curated
nl,v1,2,1707,1738,twijfel,twijfel,twijfel,unknown,twijfel,wordfreq:nl,wordfreq_seeded;deterministically_filtered;structurally_curated
nl,v1,2,1708,1739,unieke,unieke,unieke,unknown,unieke,wordfreq:nl,wordfreq_seeded;deterministically_filtered;structurally_curated
nl,v1,2,1709,1740,verkoop,verkoop,verkoop,unknown,verkoop,wordfreq:nl,wordfreq_seeded;deterministically_filtered;structurally_curated
nl,v1,2,1710,1741,verzoek,verzoek,verzoek,unknown,verzoek,wordfreq:nl,wordfreq_seeded;deterministically_filtered;structurally_curated
nl,v1,2,1711,1742,vierde,vierde,vierde,unknown,vierde,wordfreq:nl,wordfreq_seeded;deterministically_filtered;structurally_curated
nl,v1,2,1712,1743,voelde,voelde,voelde,unknown,voelde,wordfreq:nl,wordfreq_seeded;deterministically_filtered;structurally_curated
nl,v1,2,1713,1744,voornamelijk,voornamelijk,voornamelijk,unknown,voornamelijk,wordfreq:nl,wordfreq_seeded;deterministically_filtered;structurally_curated
nl,v1,2,1714,1745,wedstrijden,wedstrijden,wedstrijden,unknown,wedstrijden,wordfreq:nl,wordfreq_seeded;deterministically_filtered;structurally_curated
nl,v1,2,1715,1746,winkels,winkels,winkels,unknown,winkels,wordfreq:nl,wordfreq_seeded;deterministically_filtered;structurally_curated
nl,v1,2,1716,1747,winter,winter,winter,unknown,winter,wordfreq:nl,wordfreq_seeded;deterministically_filtered;structurally_curated
nl,v1,2,1717,1748,won,won,won,unknown,won,wordfreq:nl,wordfreq_seeded;deterministically_filtered;structurally_curated
nl,v1,2,1718,1749,adres,adres,adres,unknown,adres,wordfreq:nl,wordfreq_seeded;deterministically_filtered;structurally_curated
nl,v1,2,1719,1750,at,at,at,unknown,at,wordfreq:nl,wordfreq_seeded;deterministically_filtered;structurally_curated
nl,v1,2,1720,1751,behulp,behulp,behulp,unknown,behulp,wordfreq:nl,wordfreq_seeded;deterministically_filtered;structurally_curated
nl,v1,2,1721,1752,berg,berg,berg,unknown,berg,wordfreq:nl,wordfreq_seeded;deterministically_filtered;structurally_curated
nl,v1,2,1722,1753,bevindt,bevindt,bevindt,unknown,bevindt,wordfreq:nl,wordfreq_seeded;deterministically_filtered;structurally_curated
nl,v1,2,1723,1754,bier,bier,bier,unknown,bier,wordfreq:nl,wordfreq_seeded;deterministically_filtered;structurally_curated
nl,v1,2,1724,1755,compleet,compleet,compleet,unknown,compleet,wordfreq:nl,wordfreq_seeded;deterministically_filtered;structurally_curated
nl,v1,2,1725,1756,computer,computer,computer,unknown,computer,wordfreq:nl,wordfreq_seeded;deterministically_filtered;structurally_curated
nl,v1,2,1726,1757,daarop,daarop,daarop,unknown,daarop,wordfreq:nl,wordfreq_seeded;deterministically_filtered;structurally_curated
nl,v1,2,1727,1758,dame,dame,dame,unknown,dame,wordfreq:nl,wordfreq_seeded;deterministically_filtered;structurally_curated
nl,v1,2,1728,1759,debat,debat,debat,unknown,debat,wordfreq:nl,wordfreq_seeded;deterministically_filtered;structurally_curated
nl,v1,2,1729,1760,district,district,district,unknown,district,wordfreq:nl,wordfreq_seeded;deterministically_filtered;structurally_curated
nl,v1,2,1730,1761,effect,effect,effect,unknown,effect,wordfreq:nl,wordfreq_seeded;deterministically_filtered;structurally_curated
nl,v1,2,1731,1762,evenement,evenement,evenement,unknown,evenement,wordfreq:nl,wordfreq_seeded;deterministically_filtered;structurally_curated
nl,v1,2,1732,1763,gedeelte,gedeelte,gedeelte,unknown,gedeelte,wordfreq:nl,wordfreq_seeded;deterministically_filtered;structurally_curated
nl,v1,2,1733,1764,gevoelens,gevoelens,gevoelens,unknown,gevoelens,wordfreq:nl,wordfreq_seeded;deterministically_filtered;structurally_curated
nl,v1,2,1734,1765,haal,haal,haal,unknown,haal,wordfreq:nl,wordfreq_seeded;deterministically_filtered;structurally_curated
nl,v1,2,1735,1766,israël,israël,israël,unknown,israël,wordfreq:nl,wordfreq_seeded;deterministically_filtered;structurally_curated
nl,v1,2,1736,1767,leveren,leveren,leveren,unknown,leveren,wordfreq:nl,wordfreq_seeded;deterministically_filtered;structurally_curated
nl,v1,2,1737,1768,natuurlijke,natuurlijke,natuurlijke,unknown,natuurlijke,wordfreq:nl,wordfreq_seeded;deterministically_filtered;structurally_curated
nl,v1,2,1738,1769,oma,oma,oma,unknown,oma,wordfreq:nl,wordfreq_seeded;deterministically_filtered;structurally_curated
nl,v1,2,1739,1770,ontzettend,ontzettend,ontzettend,unknown,ontzettend,wordfreq:nl,wordfreq_seeded;deterministically_filtered;structurally_curated
nl,v1,2,1740,1771,raar,raar,raar,unknown,raar,wordfreq:nl,wordfreq_seeded;deterministically_filtered;structurally_curated
nl,v1,2,1741,1772,steken,steken,steken,unknown,steken,wordfreq:nl,wordfreq_seeded;deterministically_filtered;structurally_curated
nl,v1,2,1742,1773,ton,ton,ton,unknown,ton,wordfreq:nl,wordfreq_seeded;deterministically_filtered;structurally_curated
nl,v1,2,1743,1774,traditionele,traditionele,traditionele,unknown,traditionele,wordfreq:nl,wordfreq_seeded;deterministically_filtered;structurally_curated
nl,v1,2,1744,1775,verbinding,verbinding,verbinding,unknown,verbinding,wordfreq:nl,wordfreq_seeded;deterministically_filtered;structurally_curated
nl,v1,2,1745,1776,verenigd,verenigd,verenigd,unknown,verenigd,wordfreq:nl,wordfreq_seeded;deterministically_filtered;structurally_curated
nl,v1,2,1746,1777,verschenen,verschenen,verschenen,unknown,verschenen,wordfreq:nl,wordfreq_seeded;deterministically_filtered;structurally_curated
nl,v1,2,1747,1778,verschillen,verschillen,verschillen,unknown,verschillen,wordfreq:nl,wordfreq_seeded;deterministically_filtered;structurally_curated
nl,v1,2,1748,1779,verwijderd,verwijderd,verwijderd,unknown,verwijderd,wordfreq:nl,wordfreq_seeded;deterministically_filtered;structurally_curated
nl,v1,2,1749,1780,verwijderen,verwijderen,verwijderen,unknown,verwijderen,wordfreq:nl,wordfreq_seeded;deterministically_filtered;structurally_curated
nl,v1,2,1750,1781,vóór,vóór,vóór,unknown,vóór,wordfreq:nl,wordfreq_seeded;deterministically_filtered;structurally_curated
nl,v1,2,1751,1782,ware,ware,ware,unknown,ware,wordfreq:nl,wordfreq_seeded;deterministically_filtered;structurally_curated
nl,v1,2,1752,1783,wint,wint,wint,unknown,wint,wordfreq:nl,wordfreq_seeded;deterministically_filtered;structurally_curated
nl,v1,2,1753,1784,zaten,zaten,zaten,unknown,zaten,wordfreq:nl,wordfreq_seeded;deterministically_filtered;structurally_curated
nl,v1,2,1754,1785,afgesloten,afgesloten,afgesloten,unknown,afgesloten,wordfreq:nl,wordfreq_seeded;deterministically_filtered;structurally_curated
nl,v1,2,1755,1786,arm,arm,arm,unknown,arm,wordfreq:nl,wordfreq_seeded;deterministically_filtered;structurally_curated
nl,v1,2,1756,1787,auteur,auteur,auteur,unknown,auteur,wordfreq:nl,wordfreq_seeded;deterministically_filtered;structurally_curated
nl,v1,2,1757,1788,bomen,bomen,bomen,unknown,bomen,wordfreq:nl,wordfreq_seeded;deterministically_filtered;structurally_curated
nl,v1,2,1758,1789,broek,broek,broek,unknown,broek,wordfreq:nl,wordfreq_seeded;deterministically_filtered;structurally_curated
nl,v1,2,1759,1790,dichtbij,dichtbij,dichtbij,unknown,dichtbij,wordfreq:nl,wordfreq_seeded;deterministically_filtered;structurally_curated
nl,v1,2,1760,1791,diensten,diensten,diensten,unknown,diensten,wordfreq:nl,wordfreq_seeded;deterministically_filtered;structurally_curated
nl,v1,2,1761,1792,dom,dom,dom,unknown,dom,wordfreq:nl,wordfreq_seeded;deterministically_filtered;structurally_curated
nl,v1,2,1762,1793,flink,flink,flink,unknown,flink,wordfreq:nl,wordfreq_seeded;deterministically_filtered;structurally_curated
nl,v1,2,1763,1794,gemeenschap,gemeenschap,gemeenschap,unknown,gemeenschap,wordfreq:nl,wordfreq_seeded;deterministically_filtered;structurally_curated
nl,v1,2,1764,1795,gent,gent,gent,unknown,gent,wordfreq:nl,wordfreq_seeded;deterministically_filtered;structurally_curated
nl,v1,2,1765,1796,geregeld,geregeld,geregeld,unknown,geregeld,wordfreq:nl,wordfreq_seeded;deterministically_filtered;structurally_curated
nl,v1,2,1766,1797,hogere,hogere,hogere,unknown,hogere,wordfreq:nl,wordfreq_seeded;deterministically_filtered;structurally_curated
nl,v1,2,1767,1798,ineens,ineens,ineens,unknown,ineens,wordfreq:nl,wordfreq_seeded;deterministically_filtered;structurally_curated
nl,v1,2,1768,1799,leeg,leeg,leeg,unknown,leeg,wordfreq:nl,wordfreq_seeded;deterministically_filtered;structurally_curated
nl,v1,2,1769,1800,life,life,life,unknown,life,wordfreq:nl,wordfreq_seeded;deterministically_filtered;structurally_curated
nl,v1,2,1770,1801,overigens,overigens,overigens,unknown,overigens,wordfreq:nl,wordfreq_seeded;deterministically_filtered;structurally_curated
nl,v1,2,1771,1802,status,status,status,unknown,status,wordfreq:nl,wordfreq_seeded;deterministically_filtered;structurally_curated
nl,v1,2,1772,1803,stof,stof,stof,unknown,stof,wordfreq:nl,wordfreq_seeded;deterministically_filtered;structurally_curated
nl,v1,2,1773,1804,time,time,time,unknown,time,wordfreq:nl,wordfreq_seeded;deterministically_filtered;structurally_curated
nl,v1,2,1774,1805,verboden,verboden,verboden,unknown,verboden,wordfreq:nl,wordfreq_seeded;deterministically_filtered;structurally_curated
nl,v1,2,1775,1806,vergadering,vergadering,vergadering,unknown,vergadering,wordfreq:nl,wordfreq_seeded;deterministically_filtered;structurally_curated
nl,v1,2,1776,1807,verslag,verslag,verslag,unknown,verslag,wordfreq:nl,wordfreq_seeded;deterministically_filtered;structurally_curated
nl,v1,2,1777,1808,verteld,verteld,verteld,unknown,verteld,wordfreq:nl,wordfreq_seeded;deterministically_filtered;structurally_curated
nl,v1,2,1778,1809,vluchtelingen,vluchtelingen,vluchtelingen,unknown,vluchtelingen,wordfreq:nl,wordfreq_seeded;deterministically_filtered;structurally_curated
nl,v1,2,1779,1811,aanleiding,aanleiding,aanleiding,unknown,aanleiding,wordfreq:nl,wordfreq_seeded;deterministically_filtered;structurally_curated
nl,v1,2,1780,1812,art,art,art,unknown,art,wordfreq:nl,wordfreq_seeded;deterministically_filtered;structurally_curated
nl,v1,2,1781,1813,betekenis,betekenis,betekenis,unknown,betekenis,wordfreq:nl,wordfreq_seeded;deterministically_filtered;structurally_curated
nl,v1,2,1782,1814,details,details,details,unknown,details,wordfreq:nl,wordfreq_seeded;deterministically_filtered;structurally_curated
nl,v1,2,1783,1815,eenheid,eenheid,eenheid,unknown,eenheid,wordfreq:nl,wordfreq_seeded;deterministically_filtered;structurally_curated
nl,v1,2,1784,1816,excuses,excuses,excuses,unknown,excuses,wordfreq:nl,wordfreq_seeded;deterministically_filtered;structurally_curated
nl,v1,2,1785,1817,geholpen,geholpen,geholpen,unknown,geholpen,wordfreq:nl,wordfreq_seeded;deterministically_filtered;structurally_curated
nl,v1,2,1786,1818,gemist,gemist,gemist,unknown,gemist,wordfreq:nl,wordfreq_seeded;deterministically_filtered;structurally_curated
nl,v1,2,1787,1819,gesprekken,gesprekken,gesprekken,unknown,gesprekken,wordfreq:nl,wordfreq_seeded;deterministically_filtered;structurally_curated
nl,v1,2,1788,1820,india,india,india,unknown,india,wordfreq:nl,wordfreq_seeded;deterministically_filtered;structurally_curated
nl,v1,2,1789,1821,iphone,iphone,iphone,unknown,iphone,wordfreq:nl,wordfreq_seeded;deterministically_filtered;structurally_curated
nl,v1,2,1790,1822,kader,kader,kader,unknown,kader,wordfreq:nl,wordfreq_seeded;deterministically_filtered;structurally_curated
nl,v1,2,1791,1823,keuken,keuken,keuken,unknown,keuken,wordfreq:nl,wordfreq_seeded;deterministically_filtered;structurally_curated
nl,v1,2,1792,1824,klant,klant,klant,unknown,klant,wordfreq:nl,wordfreq_seeded;deterministically_filtered;structurally_curated
nl,v1,2,1793,1825,klas,klas,klas,unknown,klas,wordfreq:nl,wordfreq_seeded;deterministically_filtered;structurally_curated
nl,v1,2,1794,1826,medewerker,medewerker,medewerker,unknown,medewerker,wordfreq:nl,wordfreq_seeded;deterministically_filtered;structurally_curated
nl,v1,2,1795,1827,mevrouw,mevrouw,mevrouw,unknown,mevrouw,wordfreq:nl,wordfreq_seeded;deterministically_filtered;structurally_curated
nl,v1,2,1796,1828,operatie,operatie,operatie,unknown,operatie,wordfreq:nl,wordfreq_seeded;deterministically_filtered;structurally_curated
nl,v1,2,1797,1829,paard,paard,paard,unknown,paard,wordfreq:nl,wordfreq_seeded;deterministically_filtered;structurally_curated
nl,v1,2,1798,1830,pers,pers,pers,unknown,pers,wordfreq:nl,wordfreq_seeded;deterministically_filtered;structurally_curated
nl,v1,2,1799,1831,professor,professor,professor,unknown,professor,wordfreq:nl,wordfreq_seeded;deterministically_filtered;structurally_curated
nl,v1,2,1800,1832,route,route,route,unknown,route,wordfreq:nl,wordfreq_seeded;deterministically_filtered;structurally_curated
nl,v1,2,1801,1833,service,service,service,unknown,service,wordfreq:nl,wordfreq_seeded;deterministically_filtered;structurally_curated
nl,v1,2,1802,1834,stukken,stukken,stukken,unknown,stukken,wordfreq:nl,wordfreq_seeded;deterministically_filtered;structurally_curated
nl,v1,2,1803,1835,technische,technische,technische,unknown,technische,wordfreq:nl,wordfreq_seeded;deterministically_filtered;structurally_curated
nl,v1,2,1804,1836,teksten,teksten,teksten,unknown,teksten,wordfreq:nl,wordfreq_seeded;deterministically_filtered;structurally_curated
nl,v1,2,1805,1837,teveel,teveel,teveel,unknown,teveel,wordfreq:nl,wordfreq_seeded;deterministically_filtered;structurally_curated
nl,v1,2,1806,1838,tevreden,tevreden,tevreden,unknown,tevreden,wordfreq:nl,wordfreq_seeded;deterministically_filtered;structurally_curated
nl,v1,2,1807,1839,uiteraard,uiteraard,uiteraard,unknown,uiteraard,wordfreq:nl,wordfreq_seeded;deterministically_filtered;structurally_curated
nl,v1,2,1808,1840,verandering,verandering,verandering,unknown,verandering,wordfreq:nl,wordfreq_seeded;deterministically_filtered;structurally_curated
nl,v1,2,1809,1841,vis,vis,vis,unknown,vis,wordfreq:nl,wordfreq_seeded;deterministically_filtered;structurally_curated
nl,v1,2,1810,1842,vliegtuig,vliegtuig,vliegtuig,unknown,vliegtuig,wordfreq:nl,wordfreq_seeded;deterministically_filtered;structurally_curated
nl,v1,2,1811,1843,zult,zult,zult,unknown,zult,wordfreq:nl,wordfreq_seeded;deterministically_filtered;structurally_curated
nl,v1,2,1812,1844,anna,anna,anna,unknown,anna,wordfreq:nl,wordfreq_seeded;deterministically_filtered;structurally_curated
nl,v1,2,1813,1845,begraven,begraven,begraven,unknown,begraven,wordfreq:nl,wordfreq_seeded;deterministically_filtered;structurally_curated
nl,v1,2,1814,1846,bepalen,bepalen,bepalen,unknown,bepalen,wordfreq:nl,wordfreq_seeded;deterministically_filtered;structurally_curated
nl,v1,2,1815,1847,bewijzen,bewijzen,bewijzen,unknown,bewijzen,wordfreq:nl,wordfreq_seeded;deterministically_filtered;structurally_curated
nl,v1,2,1816,1848,bloemen,bloemen,bloemen,unknown,bloemen,wordfreq:nl,wordfreq_seeded;deterministically_filtered;structurally_curated
nl,v1,2,1817,1849,brazilië,brazilië,brazilië,unknown,brazilië,wordfreq:nl,wordfreq_seeded;deterministically_filtered;structurally_curated
nl,v1,2,1818,1850,concert,concert,concert,unknown,concert,wordfreq:nl,wordfreq_seeded;deterministically_filtered;structurally_curated
nl,v1,2,1819,1851,daarin,daarin,daarin,unknown,daarin,wordfreq:nl,wordfreq_seeded;deterministically_filtered;structurally_curated
nl,v1,2,1820,1852,date,date,date,unknown,date,wordfreq:nl,wordfreq_seeded;deterministically_filtered;structurally_curated
nl,v1,2,1821,1853,directe,directe,directe,unknown,directe,wordfreq:nl,wordfreq_seeded;deterministically_filtered;structurally_curated
nl,v1,2,1822,1854,duits,duits,duits,unknown,duits,wordfreq:nl,wordfreq_seeded;deterministically_filtered;structurally_curated
nl,v1,2,1823,1855,eenvoudig,eenvoudig,eenvoudig,unknown,eenvoudig,wordfreq:nl,wordfreq_seeded;deterministically_filtered;structurally_curated
nl,v1,2,1824,1856,erover,erover,erover,unknown,erover,wordfreq:nl,wordfreq_seeded;deterministically_filtered;structurally_curated
nl,v1,2,1825,1857,ervaringen,ervaringen,ervaringen,unknown,ervaringen,wordfreq:nl,wordfreq_seeded;deterministically_filtered;structurally_curated
nl,v1,2,1826,1858,gehele,gehele,gehele,unknown,gehele,wordfreq:nl,wordfreq_seeded;deterministically_filtered;structurally_curated
nl,v1,2,1827,1859,generatie,generatie,generatie,unknown,generatie,wordfreq:nl,wordfreq_seeded;deterministically_filtered;structurally_curated
nl,v1,2,1828,1860,gevestigd,gevestigd,gevestigd,unknown,gevestigd,wordfreq:nl,wordfreq_seeded;deterministically_filtered;structurally_curated
nl,v1,2,1829,1861,glas,glas,glas,unknown,glas,wordfreq:nl,wordfreq_seeded;deterministically_filtered;structurally_curated
nl,v1,2,1830,1862,golf,golf,golf,unknown,golf,wordfreq:nl,wordfreq_seeded;deterministically_filtered;structurally_curated
nl,v1,2,1831,1863,landelijke,landelijke,landelijke,unknown,landelijke,wordfreq:nl,wordfreq_seeded;deterministically_filtered;structurally_curated
nl,v1,2,1832,1864,las,las,las,unknown,las,wordfreq:nl,wordfreq_seeded;deterministically_filtered;structurally_curated
nl,v1,2,1833,1865,maakten,maakten,maakten,unknown,maakten,wordfreq:nl,wordfreq_seeded;deterministically_filtered;structurally_curated
nl,v1,2,1834,1866,milieu,milieu,milieu,unknown,milieu,wordfreq:nl,wordfreq_seeded;deterministically_filtered;structurally_curated
nl,v1,2,1835,1867,minuut,minuut,minuut,unknown,minuut,wordfreq:nl,wordfreq_seeded;deterministically_filtered;structurally_curated
nl,v1,2,1836,1868,news,news,news,unknown,news,wordfreq:nl,wordfreq_seeded;deterministically_filtered;structurally_curated
nl,v1,2,1837,1869,onmogelijk,onmogelijk,onmogelijk,unknown,onmogelijk,wordfreq:nl,wordfreq_seeded;deterministically_filtered;structurally_curated
nl,v1,2,1838,1870,populair,populair,populair,unknown,populair,wordfreq:nl,wordfreq_seeded;deterministically_filtered;structurally_curated
nl,v1,2,1839,1871,rijdt,rijdt,rijdt,unknown,rijdt,wordfreq:nl,wordfreq_seeded;deterministically_filtered;structurally_curated
nl,v1,2,1840,1872,rondom,rondom,rondom,unknown,rondom,wordfreq:nl,wordfreq_seeded;deterministically_filtered;structurally_curated
nl,v1,2,1841,1873,schatje,schatje,schatje,unknown,schatje,wordfreq:nl,wordfreq_seeded;deterministically_filtered;structurally_curated
nl,v1,2,1842,1874,sfeer,sfeer,sfeer,unknown,sfeer,wordfreq:nl,wordfreq_seeded;deterministically_filtered;structurally_curated
nl,v1,2,1843,1875,slim,slim,slim,unknown,slim,wordfreq:nl,wordfreq_seeded;deterministically_filtered;structurally_curated
nl,v1,2,1844,1876,speelde,speelde,speelde,unknown,speelde,wordfreq:nl,wordfreq_seeded;deterministically_filtered;structurally_curated
nl,v1,2,1845,1877,spoor,spoor,spoor,unknown,spoor,wordfreq:nl,wordfreq_seeded;deterministically_filtered;structurally_curated
nl,v1,2,1846,1878,stadion,stadion,stadion,unknown,stadion,wordfreq:nl,wordfreq_seeded;deterministically_filtered;structurally_curated
nl,v1,2,1847,1879,tour,tour,tour,unknown,tour,wordfreq:nl,wordfreq_seeded;deterministically_filtered;structurally_curated
nl,v1,2,1848,1880,vlaamse,vlaamse,vlaamse,unknown,vlaamse,wordfreq:nl,wordfreq_seeded;deterministically_filtered;structurally_curated
nl,v1,2,1849,1881,voeten,voeten,voeten,unknown,voeten,wordfreq:nl,wordfreq_seeded;deterministically_filtered;structurally_curated
nl,v1,2,1850,1882,voort,voort,voort,unknown,voort,wordfreq:nl,wordfreq_seeded;deterministically_filtered;structurally_curated
nl,v1,2,1851,1883,vooruit,vooruit,vooruit,unknown,vooruit,wordfreq:nl,wordfreq_seeded;deterministically_filtered;structurally_curated
nl,v1,2,1852,1884,wegen,wegen,wegen,unknown,wegen,wordfreq:nl,wordfreq_seeded;deterministically_filtered;structurally_curated
nl,v1,2,1853,1885,woon,woon,woon,unknown,woon,wordfreq:nl,wordfreq_seeded;deterministically_filtered;structurally_curated
nl,v1,2,1854,1886,agenten,agenten,agenten,unknown,agenten,wordfreq:nl,wordfreq_seeded;deterministically_filtered;structurally_curated
nl,v1,2,1855,1887,antwoorden,antwoorden,antwoorden,unknown,antwoorden,wordfreq:nl,wordfreq_seeded;deterministically_filtered;structurally_curated
nl,v1,2,1856,1888,belachelijk,belachelijk,belachelijk,unknown,belachelijk,wordfreq:nl,wordfreq_seeded;deterministically_filtered;structurally_curated
nl,v1,2,1857,1889,betekenen,betekenen,betekenen,unknown,betekenen,wordfreq:nl,wordfreq_seeded;deterministically_filtered;structurally_curated
nl,v1,2,1858,1890,big,big,big,unknown,big,wordfreq:nl,wordfreq_seeded;deterministically_filtered;structurally_curated
nl,v1,2,1859,1891,black,black,black,unknown,black,wordfreq:nl,wordfreq_seeded;deterministically_filtered;structurally_curated
nl,v1,2,1860,1892,ca,ca,ca,unknown,ca,wordfreq:nl,wordfreq_seeded;deterministically_filtered;structurally_curated
nl,v1,2,1861,1893,canada,canada,canada,unknown,canada,wordfreq:nl,wordfreq_seeded;deterministically_filtered;structurally_curated
nl,v1,2,1862,1894,day,day,day,unknown,day,wordfreq:nl,wordfreq_seeded;deterministically_filtered;structurally_curated
nl,v1,2,1863,1895,gedacht,gedacht,gedacht,unknown,gedacht,wordfreq:nl,wordfreq_seeded;deterministically_filtered;structurally_curated
nl,v1,2,1864,1896,gestart,gestart,gestart,unknown,gestart,wordfreq:nl,wordfreq_seeded;deterministically_filtered;structurally_curated
nl,v1,2,1865,1897,gezellig,gezellig,gezellig,unknown,gezellig,wordfreq:nl,wordfreq_seeded;deterministically_filtered;structurally_curated
nl,v1,2,1866,1898,graden,graden,graden,unknown,graden,wordfreq:nl,wordfreq_seeded;deterministically_filtered;structurally_curated
nl,v1,2,1867,1899,grenzen,grenzen,grenzen,unknown,grenzen,wordfreq:nl,wordfreq_seeded;deterministically_filtered;structurally_curated
nl,v1,2,1868,1900,groei,groei,groei,unknown,groei,wordfreq:nl,wordfreq_seeded;deterministically_filtered;structurally_curated
nl,v1,2,1869,1901,handel,handel,handel,unknown,handel,wordfreq:nl,wordfreq_seeded;deterministically_filtered;structurally_curated
nl,v1,2,1870,1902,hans,hans,hans,unknown,hans,wordfreq:nl,wordfreq_seeded;deterministically_filtered;structurally_curated
nl,v1,2,1871,1903,herinneren,herinneren,herinneren,unknown,herinneren,wordfreq:nl,wordfreq_seeded;deterministically_filtered;structurally_curated
nl,v1,2,1872,1904,industrie,industrie,industrie,unknown,industrie,wordfreq:nl,wordfreq_seeded;deterministically_filtered;structurally_curated
nl,v1,2,1873,1905,jaarlijks,jaarlijks,jaarlijks,unknown,jaarlijks,wordfreq:nl,wordfreq_seeded;deterministically_filtered;structurally_curated
nl,v1,2,1874,1906,keek,keek,keek,unknown,keek,wordfreq:nl,wordfreq_seeded;deterministically_filtered;structurally_curated
nl,v1,2,1875,1907,levert,levert,levert,unknown,levert,wordfreq:nl,wordfreq_seeded;deterministically_filtered;structurally_curated
nl,v1,2,1876,1908,middelen,middelen,middelen,unknown,middelen,wordfreq:nl,wordfreq_seeded;deterministically_filtered;structurally_curated
nl,v1,2,1877,1909,moe,moe,moe,unknown,moe,wordfreq:nl,wordfreq_seeded;deterministically_filtered;structurally_curated
nl,v1,2,1878,1910,out,out,out,unknown,out,wordfreq:nl,wordfreq_seeded;deterministically_filtered;structurally_curated
nl,v1,2,1879,1911,overeenkomst,overeenkomst,overeenkomst,unknown,overeenkomst,wordfreq:nl,wordfreq_seeded;deterministically_filtered;structurally_curated
nl,v1,2,1880,1912,product,product,product,unknown,product,wordfreq:nl,wordfreq_seeded;deterministically_filtered;structurally_curated
nl,v1,2,1881,1913,reeks,reeks,reeks,unknown,reeks,wordfreq:nl,wordfreq_seeded;deterministically_filtered;structurally_curated
nl,v1,2,1882,1914,schuldig,schuldig,schuldig,unknown,schuldig,wordfreq:nl,wordfreq_seeded;deterministically_filtered;structurally_curated
nl,v1,2,1883,1915,snelle,snelle,snelle,unknown,snelle,wordfreq:nl,wordfreq_seeded;deterministically_filtered;structurally_curated
nl,v1,2,1884,1916,sporen,sporen,sporen,unknown,sporen,wordfreq:nl,wordfreq_seeded;deterministically_filtered;structurally_curated
nl,v1,2,1885,1917,taak,taak,taak,unknown,taak,wordfreq:nl,wordfreq_seeded;deterministically_filtered;structurally_curated
nl,v1,2,1886,1918,techniek,techniek,techniek,unknown,techniek,wordfreq:nl,wordfreq_seeded;deterministically_filtered;structurally_curated
nl,v1,2,1887,1919,temperatuur,temperatuur,temperatuur,unknown,temperatuur,wordfreq:nl,wordfreq_seeded;deterministically_filtered;structurally_curated
nl,v1,2,1888,1920,thema,thema,thema,unknown,thema,wordfreq:nl,wordfreq_seeded;deterministically_filtered;structurally_curated
nl,v1,2,1889,1921,tijdelijk,tijdelijk,tijdelijk,unknown,tijdelijk,wordfreq:nl,wordfreq_seeded;deterministically_filtered;structurally_curated
nl,v1,2,1890,1922,turkse,turkse,turkse,unknown,turkse,wordfreq:nl,wordfreq_seeded;deterministically_filtered;structurally_curated
nl,v1,2,1891,1923,unie,unie,unie,unknown,unie,wordfreq:nl,wordfreq_seeded;deterministically_filtered;structurally_curated
nl,v1,2,1892,1924,verantwoordelijkheid,verantwoordelijkheid,verantwoordelijkheid,unknown,verantwoordelijkheid,wordfreq:nl,wordfreq_seeded;deterministically_filtered;structurally_curated
nl,v1,2,1893,1925,verplicht,verplicht,verplicht,unknown,verplicht,wordfreq:nl,wordfreq_seeded;deterministically_filtered;structurally_curated
nl,v1,2,1894,1926,voorstel,voorstel,voorstel,unknown,voorstel,wordfreq:nl,wordfreq_seeded;deterministically_filtered;structurally_curated
nl,v1,2,1895,1927,websites,websites,websites,unknown,websites,wordfreq:nl,wordfreq_seeded;deterministically_filtered;structurally_curated
nl,v1,2,1896,1928,wereldwijd,wereldwijd,wereldwijd,unknown,wereldwijd,wordfreq:nl,wordfreq_seeded;deterministically_filtered;structurally_curated
nl,v1,2,1897,1929,alsjeblieft,alsjeblieft,alsjeblieft,unknown,alsjeblieft,wordfreq:nl,wordfreq_seeded;deterministically_filtered;structurally_curated
nl,v1,2,1898,1930,arme,arme,arme,unknown,arme,wordfreq:nl,wordfreq_seeded;deterministically_filtered;structurally_curated
nl,v1,2,1899,1931,be,be,be,unknown,be,wordfreq:nl,wordfreq_seeded;deterministically_filtered;structurally_curated
nl,v1,2,1900,1932,beiden,beiden,beiden,unknown,beiden,wordfreq:nl,wordfreq_seeded;deterministically_filtered;structurally_curated
nl,v1,2,1901,1933,beschreven,beschreven,beschreven,unknown,beschreven,wordfreq:nl,wordfreq_seeded;deterministically_filtered;structurally_curated
nl,v1,2,1902,1934,dagelijkse,dagelijkse,dagelijkse,unknown,dagelijkse,wordfreq:nl,wordfreq_seeded;deterministically_filtered;structurally_curated
nl,v1,2,1903,1935,game,game,game,unknown,game,wordfreq:nl,wordfreq_seeded;deterministically_filtered;structurally_curated
nl,v1,2,1904,1936,gevaarlijk,gevaarlijk,gevaarlijk,unknown,gevaarlijk,wordfreq:nl,wordfreq_seeded;deterministically_filtered;structurally_curated
nl,v1,2,1905,1937,groeien,groeien,groeien,unknown,groeien,wordfreq:nl,wordfreq_seeded;deterministically_filtered;structurally_curated
nl,v1,2,1906,1938,harry,harry,harry,unknown,harry,wordfreq:nl,wordfreq_seeded;deterministically_filtered;structurally_curated
nl,v1,2,1907,1939,hof,hof,hof,unknown,hof,wordfreq:nl,wordfreq_seeded;deterministically_filtered;structurally_curated
nl,v1,2,1908,1940,journalist,journalist,journalist,unknown,journalist,wordfreq:nl,wordfreq_seeded;deterministically_filtered;structurally_curated
nl,v1,2,1909,1941,kwaad,kwaad,kwaad,unknown,kwaad,wordfreq:nl,wordfreq_seeded;deterministically_filtered;structurally_curated
nl,v1,2,1910,1942,league,league,league,unknown,league,wordfreq:nl,wordfreq_seeded;deterministically_filtered;structurally_curated
nl,v1,2,1911,1943,lengte,lengte,lengte,unknown,lengte,wordfreq:nl,wordfreq_seeded;deterministically_filtered;structurally_curated
nl,v1,2,1912,1944,ma,ma,ma,unknown,ma,wordfreq:nl,wordfreq_seeded;deterministically_filtered;structurally_curated
nl,v1,2,1913,1945,mate,mate,mate,unknown,mate,wordfreq:nl,wordfreq_seeded;deterministically_filtered;structurally_curated
nl,v1,2,1914,1946,neus,neus,neus,unknown,neus,wordfreq:nl,wordfreq_seeded;deterministically_filtered;structurally_curated
nl,v1,2,1915,1947,oorspronkelijk,oorspronkelijk,oorspronkelijk,unknown,oorspronkelijk,wordfreq:nl,wordfreq_seeded;deterministically_filtered;structurally_curated
nl,v1,2,1916,1948,opening,opening,opening,unknown,opening,wordfreq:nl,wordfreq_seeded;deterministically_filtered;structurally_curated
nl,v1,2,1917,1949,originele,originele,originele,unknown,originele,wordfreq:nl,wordfreq_seeded;deterministically_filtered;structurally_curated
nl,v1,2,1918,1950,paus,paus,paus,unknown,paus,wordfreq:nl,wordfreq_seeded;deterministically_filtered;structurally_curated
nl,v1,2,1919,1951,plekken,plekken,plekken,unknown,plekken,wordfreq:nl,wordfreq_seeded;deterministically_filtered;structurally_curated
nl,v1,2,1920,1952,presentatie,presentatie,presentatie,unknown,presentatie,wordfreq:nl,wordfreq_seeded;deterministically_filtered;structurally_curated
nl,v1,2,1921,1953,richten,richten,richten,unknown,richten,wordfreq:nl,wordfreq_seeded;deterministically_filtered;structurally_curated
nl,v1,2,1922,1954,shit,shit,shit,unknown,shit,wordfreq:nl,wordfreq_seeded;deterministically_filtered;structurally_curated
nl,v1,2,1923,1955,slot,slot,slot,unknown,slot,wordfreq:nl,wordfreq_seeded;deterministically_filtered;structurally_curated
nl,v1,2,1924,1956,stroom,stroom,stroom,unknown,stroom,wordfreq:nl,wordfreq_seeded;deterministically_filtered;structurally_curated
nl,v1,2,1925,1957,trap,trap,trap,unknown,trap,wordfreq:nl,wordfreq_seeded;deterministically_filtered;structurally_curated
nl,v1,2,1926,1958,verandert,verandert,verandert,unknown,verandert,wordfreq:nl,wordfreq_seeded;deterministically_filtered;structurally_curated
nl,v1,2,1927,1959,verdeeld,verdeeld,verdeeld,unknown,verdeeld,wordfreq:nl,wordfreq_seeded;deterministically_filtered;structurally_curated
nl,v1,2,1928,1960,winst,winst,winst,unknown,winst,wordfreq:nl,wordfreq_seeded;deterministically_filtered;structurally_curated
nl,v1,2,1929,1961,zette,zette,zette,unknown,zette,wordfreq:nl,wordfreq_seeded;deterministically_filtered;structurally_curated
nl,v1,2,1930,1962,behoefte,behoefte,behoefte,unknown,behoefte,wordfreq:nl,wordfreq_seeded;deterministically_filtered;structurally_curated
nl,v1,2,1931,1963,beurt,beurt,beurt,unknown,beurt,wordfreq:nl,wordfreq_seeded;deterministically_filtered;structurally_curated
nl,v1,2,1932,1964,coach,coach,coach,unknown,coach,wordfreq:nl,wordfreq_seeded;deterministically_filtered;structurally_curated
nl,v1,2,1933,1965,collega,collega,collega,unknown,collega,wordfreq:nl,wordfreq_seeded;deterministically_filtered;structurally_curated
nl,v1,2,1934,1966,concept,concept,concept,unknown,concept,wordfreq:nl,wordfreq_seeded;deterministically_filtered;structurally_curated
nl,v1,2,1935,1967,datum,datum,datum,unknown,datum,wordfreq:nl,wordfreq_seeded;deterministically_filtered;structurally_curated
nl,v1,2,1936,1968,deuren,deuren,deuren,unknown,deuren,wordfreq:nl,wordfreq_seeded;deterministically_filtered;structurally_curated
nl,v1,2,1937,1969,duren,duren,duren,unknown,duren,wordfreq:nl,wordfreq_seeded;deterministically_filtered;structurally_curated
nl,v1,2,1938,1970,et,et,et,unknown,et,wordfreq:nl,wordfreq_seeded;deterministically_filtered;structurally_curated
nl,v1,2,1939,1971,griekenland,griekenland,griekenland,unknown,griekenland,wordfreq:nl,wordfreq_seeded;deterministically_filtered;structurally_curated
nl,v1,2,1940,1972,hoeveelheid,hoeveelheid,hoeveelheid,unknown,hoeveelheid,wordfreq:nl,wordfreq_seeded;deterministically_filtered;structurally_curated
nl,v1,2,1941,1973,honden,honden,honden,unknown,honden,wordfreq:nl,wordfreq_seeded;deterministically_filtered;structurally_curated
nl,v1,2,1942,1974,indien,indien,indien,unknown,indien,wordfreq:nl,wordfreq_seeded;deterministically_filtered;structurally_curated
nl,v1,2,1943,1975,ingezet,ingezet,ingezet,unknown,ingezet,wordfreq:nl,wordfreq_seeded;deterministically_filtered;structurally_curated
nl,v1,2,1944,1976,kwestie,kwestie,kwestie,unknown,kwestie,wordfreq:nl,wordfreq_seeded;deterministically_filtered;structurally_curated
nl,v1,2,1945,1977,leg,leg,leg,unknown,leg,wordfreq:nl,wordfreq_seeded;deterministically_filtered;structurally_curated
nl,v1,2,1946,1978,lekkere,lekkere,lekkere,unknown,lekkere,wordfreq:nl,wordfreq_seeded;deterministically_filtered;structurally_curated
nl,v1,2,1947,1979,liefst,liefst,liefst,unknown,liefst,wordfreq:nl,wordfreq_seeded;deterministically_filtered;structurally_curated
nl,v1,2,1948,1980,lul,lul,lul,unknown,lul,wordfreq:nl,wordfreq_seeded;deterministically_filtered;structurally_curated
nl,v1,2,1949,1981,menselijke,menselijke,menselijke,unknown,menselijke,wordfreq:nl,wordfreq_seeded;deterministically_filtered;structurally_curated
nl,v1,2,1950,1982,noemde,noemde,noemde,unknown,noemde,wordfreq:nl,wordfreq_seeded;deterministically_filtered;structurally_curated
nl,v1,2,1951,1983,normale,normale,normale,unknown,normale,wordfreq:nl,wordfreq_seeded;deterministically_filtered;structurally_curated
nl,v1,2,1952,1984,onafhankelijke,onafhankelijke,onafhankelijke,unknown,onafhankelijke,wordfreq:nl,wordfreq_seeded;deterministically_filtered;structurally_curated
nl,v1,2,1953,1985,ontmoet,ontmoet,ontmoet,unknown,ontmoet,wordfreq:nl,wordfreq_seeded;deterministically_filtered;structurally_curated
nl,v1,2,1954,1986,oorzaak,oorzaak,oorzaak,unknown,oorzaak,wordfreq:nl,wordfreq_seeded;deterministically_filtered;structurally_curated
nl,v1,2,1955,1987,platform,platform,platform,unknown,platform,wordfreq:nl,wordfreq_seeded;deterministically_filtered;structurally_curated
nl,v1,2,1956,1988,profiel,profiel,profiel,unknown,profiel,wordfreq:nl,wordfreq_seeded;deterministically_filtered;structurally_curated
nl,v1,2,1957,1989,raakt,raakt,raakt,unknown,raakt,wordfreq:nl,wordfreq_seeded;deterministically_filtered;structurally_curated
nl,v1,2,1958,1990,relatief,relatief,relatief,unknown,relatief,wordfreq:nl,wordfreq_seeded;deterministically_filtered;structurally_curated
nl,v1,2,1959,1991,roepen,roepen,roepen,unknown,roepen,wordfreq:nl,wordfreq_seeded;deterministically_filtered;structurally_curated
nl,v1,2,1960,1992,schiet,schiet,schiet,unknown,schiet,wordfreq:nl,wordfreq_seeded;deterministically_filtered;structurally_curated
nl,v1,2,1961,1993,sexy,sexy,sexy,unknown,sexy,wordfreq:nl,wordfreq_seeded;deterministically_filtered;structurally_curated
nl,v1,2,1962,1994,spullen,spullen,spullen,unknown,spullen,wordfreq:nl,wordfreq_seeded;deterministically_filtered;structurally_curated
nl,v1,2,1963,1995,sterven,sterven,sterven,unknown,sterven,wordfreq:nl,wordfreq_seeded;deterministically_filtered;structurally_curated
nl,v1,2,1964,1996,street,street,street,unknown,street,wordfreq:nl,wordfreq_seeded;deterministically_filtered;structurally_curated
nl,v1,2,1965,1997,studio,studio,studio,unknown,studio,wordfreq:nl,wordfreq_seeded;deterministically_filtered;structurally_curated
nl,v1,2,1966,1998,tas,tas,tas,unknown,tas,wordfreq:nl,wordfreq_seeded;deterministically_filtered;structurally_curated
nl,v1,2,1967,1999,tegelijkertijd,tegelijkertijd,tegelijkertijd,unknown,tegelijkertijd,wordfreq:nl,wordfreq_seeded;deterministically_filtered;structurally_curated
nl,v1,2,1968,2000,termijn,termijn,termijn,unknown,termijn,wordfreq:nl,wordfreq_seeded;deterministically_filtered;structurally_curated
nl,v1,2,1969,2001,tijdschrift,tijdschrift,tijdschrift,unknown,tijdschrift,wordfreq:nl,wordfreq_seeded;deterministically_filtered;structurally_curated
nl,v1,2,1970,2002,trekt,trekt,trekt,unknown,trekt,wordfreq:nl,wordfreq_seeded;deterministically_filtered;structurally_curated
nl,v1,2,1971,2003,twaalf,twaalf,twaalf,unknown,twaalf,wordfreq:nl,wordfreq_seeded;deterministically_filtered;structurally_curated
nl,v1,2,1972,2004,vermeld,vermeld,vermeld,unknown,vermeld,wordfreq:nl,wordfreq_seeded;deterministically_filtered;structurally_curated
nl,v1,2,1973,2005,verscheen,verscheen,verscheen,unknown,verscheen,wordfreq:nl,wordfreq_seeded;deterministically_filtered;structurally_curated
nl,v1,2,1974,2006,vertrek,vertrek,vertrek,unknown,vertrek,wordfreq:nl,wordfreq_seeded;deterministically_filtered;structurally_curated
nl,v1,2,1975,2007,volwassen,volwassen,volwassen,unknown,volwassen,wordfreq:nl,wordfreq_seeded;deterministically_filtered;structurally_curated
nl,v1,2,1976,2008,wetenschap,wetenschap,wetenschap,unknown,wetenschap,wordfreq:nl,wordfreq_seeded;deterministically_filtered;structurally_curated
nl,v1,2,1977,2009,z,z,z,unknown,z,wordfreq:nl,wordfreq_seeded;deterministically_filtered;structurally_curated
nl,v1,2,1978,2010,afrikaanse,afrikaanse,afrikaanse,unknown,afrikaanse,wordfreq:nl,wordfreq_seeded;deterministically_filtered;structurally_curated
nl,v1,2,1979,2011,bespreken,bespreken,bespreken,unknown,bespreken,wordfreq:nl,wordfreq_seeded;deterministically_filtered;structurally_curated
nl,v1,2,1980,2012,bob,bob,bob,unknown,bob,wordfreq:nl,wordfreq_seeded;deterministically_filtered;structurally_curated
nl,v1,2,1981,2013,brood,brood,brood,unknown,brood,wordfreq:nl,wordfreq_seeded;deterministically_filtered;structurally_curated
nl,v1,2,1982,2014,burger,burger,burger,unknown,burger,wordfreq:nl,wordfreq_seeded;deterministically_filtered;structurally_curated
nl,v1,2,1983,2015,cc,cc,cc,unknown,cc,wordfreq:nl,wordfreq_seeded;deterministically_filtered;structurally_curated
nl,v1,2,1984,2016,controleren,controleren,controleren,unknown,controleren,wordfreq:nl,wordfreq_seeded;deterministically_filtered;structurally_curated
nl,v1,2,1985,2017,dode,dode,dode,unknown,dode,wordfreq:nl,wordfreq_seeded;deterministically_filtered;structurally_curated
nl,v1,2,1986,2018,doorgaan,doorgaan,doorgaan,unknown,doorgaan,wordfreq:nl,wordfreq_seeded;deterministically_filtered;structurally_curated
nl,v1,2,1987,2019,eveneens,eveneens,eveneens,unknown,eveneens,wordfreq:nl,wordfreq_seeded;deterministically_filtered;structurally_curated
nl,v1,2,1988,2020,gelooft,gelooft,gelooft,unknown,gelooft,wordfreq:nl,wordfreq_seeded;deterministically_filtered;structurally_curated
nl,v1,2,1989,2021,gestolen,gestolen,gestolen,unknown,gestolen,wordfreq:nl,wordfreq_seeded;deterministically_filtered;structurally_curated
nl,v1,2,1990,2022,gevangen,gevangen,gevangen,unknown,gevangen,wordfreq:nl,wordfreq_seeded;deterministically_filtered;structurally_curated
nl,v1,2,1991,2023,gooien,gooien,gooien,unknown,gooien,wordfreq:nl,wordfreq_seeded;deterministically_filtered;structurally_curated
nl,v1,2,1992,2024,interessante,interessante,interessante,unknown,interessante,wordfreq:nl,wordfreq_seeded;deterministically_filtered;structurally_curated
nl,v1,2,1993,2025,jack,jack,jack,unknown,jack,wordfreq:nl,wordfreq_seeded;deterministically_filtered;structurally_curated
nl,v1,2,1994,2026,kansen,kansen,kansen,unknown,kansen,wordfreq:nl,wordfreq_seeded;deterministically_filtered;structurally_curated
nl,v1,2,1995,2027,kende,kende,kende,unknown,kende,wordfreq:nl,wordfreq_seeded;deterministically_filtered;structurally_curated
nl,v1,2,1996,2028,kont,kont,kont,unknown,kont,wordfreq:nl,wordfreq_seeded;deterministically_filtered;structurally_curated
nl,v1,2,1997,2029,maria,maria,maria,unknown,maria,wordfreq:nl,wordfreq_seeded;deterministically_filtered;structurally_curated
nl,v1,2,1998,2030,onmiddellijk,onmiddellijk,onmiddellijk,unknown,onmiddellijk,wordfreq:nl,wordfreq_seeded;deterministically_filtered;structurally_curated
nl,v1,2,1999,2031,ontworpen,ontworpen,ontworpen,unknown,ontworpen,wordfreq:nl,wordfreq_seeded;deterministically_filtered;structurally_curated
nl,v1,2,2000,2032,oplossen,oplossen,oplossen,unknown,oplossen,wordfreq:nl,wordfreq_seeded;deterministically_filtered;structurally_curated
nl,v1,3,2001,2033,overige,overige,overige,unknown,overige,wordfreq:nl,wordfreq_seeded;deterministically_filtered;structurally_curated
nl,v1,3,2002,2034,prins,prins,prins,unknown,prins,wordfreq:nl,wordfreq_seeded;deterministically_filtered;structurally_curated
nl,v1,3,2003,2035,ring,ring,ring,unknown,ring,wordfreq:nl,wordfreq_seeded;deterministically_filtered;structurally_curated
nl,v1,3,2004,2036,seconden,seconden,seconden,unknown,seconden,wordfreq:nl,wordfreq_seeded;deterministically_filtered;structurally_curated
nl,v1,3,2005,2037,sterren,sterren,sterren,unknown,sterren,wordfreq:nl,wordfreq_seeded;deterministically_filtered;structurally_curated
nl,v1,3,2006,2038,technologie,technologie,technologie,unknown,technologie,wordfreq:nl,wordfreq_seeded;deterministically_filtered;structurally_curated
nl,v1,3,2007,2039,terrein,terrein,terrein,unknown,terrein,wordfreq:nl,wordfreq_seeded;deterministically_filtered;structurally_curated
nl,v1,3,2008,2040,trainer,trainer,trainer,unknown,trainer,wordfreq:nl,wordfreq_seeded;deterministically_filtered;structurally_curated
nl,v1,3,2009,2041,trouwen,trouwen,trouwen,unknown,trouwen,wordfreq:nl,wordfreq_seeded;deterministically_filtered;structurally_curated
nl,v1,3,2010,2042,verdwijnen,verdwijnen,verdwijnen,unknown,verdwijnen,wordfreq:nl,wordfreq_seeded;deterministically_filtered;structurally_curated
nl,v1,3,2011,2043,zeiden,zeiden,zeiden,unknown,zeiden,wordfreq:nl,wordfreq_seeded;deterministically_filtered;structurally_curated
nl,v1,3,2012,2045,aangenomen,aangenomen,aangenomen,unknown,aangenomen,wordfreq:nl,wordfreq_seeded;deterministically_filtered;structurally_curated
nl,v1,3,2013,2046,begrip,begrip,begrip,unknown,begrip,wordfreq:nl,wordfreq_seeded;deterministically_filtered;structurally_curated
nl,v1,3,2014,2047,benen,benen,benen,unknown,benen,wordfreq:nl,wordfreq_seeded;deterministically_filtered;structurally_curated
nl,v1,3,2015,2048,beschouwd,beschouwd,beschouwd,unknown,beschouwd,wordfreq:nl,wordfreq_seeded;deterministically_filtered;structurally_curated
nl,v1,3,2016,2049,bezocht,bezocht,bezocht,unknown,bezocht,wordfreq:nl,wordfreq_seeded;deterministically_filtered;structurally_curated
nl,v1,3,2017,2050,bijeenkomst,bijeenkomst,bijeenkomst,unknown,bijeenkomst,wordfreq:nl,wordfreq_seeded;deterministically_filtered;structurally_curated
nl,v1,3,2018,2051,boord,boord,boord,unknown,boord,wordfreq:nl,wordfreq_seeded;deterministically_filtered;structurally_curated
nl,v1,3,2019,2052,crisis,crisis,crisis,unknown,crisis,wordfreq:nl,wordfreq_seeded;deterministically_filtered;structurally_curated
nl,v1,3,2020,2053,da,da,da,unknown,da,wordfreq:nl,wordfreq_seeded;deterministically_filtered;structurally_curated
nl,v1,3,2021,2054,data,data,data,unknown,data,wordfreq:nl,wordfreq_seeded;deterministically_filtered;structurally_curated
nl,v1,3,2022,2055,engeland,engeland,engeland,unknown,engeland,wordfreq:nl,wordfreq_seeded;deterministically_filtered;structurally_curated
nl,v1,3,2023,2056,europees,europees,europees,unknown,europees,wordfreq:nl,wordfreq_seeded;deterministically_filtered;structurally_curated
nl,v1,3,2024,2057,feestje,feestje,feestje,unknown,feestje,wordfreq:nl,wordfreq_seeded;deterministically_filtered;structurally_curated
nl,v1,3,2025,2058,fietsen,fietsen,fietsen,unknown,fietsen,wordfreq:nl,wordfreq_seeded;deterministically_filtered;structurally_curated
nl,v1,3,2026,2059,gele,gele,gele,unknown,gele,wordfreq:nl,wordfreq_seeded;deterministically_filtered;structurally_curated
nl,v1,3,2027,2060,geprobeerd,geprobeerd,geprobeerd,unknown,geprobeerd,wordfreq:nl,wordfreq_seeded;deterministically_filtered;structurally_curated
nl,v1,3,2028,2061,grap,grap,grap,unknown,grap,wordfreq:nl,wordfreq_seeded;deterministically_filtered;structurally_curated
nl,v1,3,2029,2062,held,held,held,unknown,held,wordfreq:nl,wordfreq_seeded;deterministically_filtered;structurally_curated
nl,v1,3,2030,2063,homo,homo,homo,unknown,homo,wordfreq:nl,wordfreq_seeded;deterministically_filtered;structurally_curated
nl,v1,3,2031,2064,honderd,honderd,honderd,unknown,honderd,wordfreq:nl,wordfreq_seeded;deterministically_filtered;structurally_curated
nl,v1,3,2032,2065,honderden,honderden,honderden,unknown,honderden,wordfreq:nl,wordfreq_seeded;deterministically_filtered;structurally_curated
nl,v1,3,2033,2066,indonesië,indonesië,indonesië,unknown,indonesië,wordfreq:nl,wordfreq_seeded;deterministically_filtered;structurally_curated
nl,v1,3,2034,2067,kandidaat,kandidaat,kandidaat,unknown,kandidaat,wordfreq:nl,wordfreq_seeded;deterministically_filtered;structurally_curated
nl,v1,3,2035,2068,karakter,karakter,karakter,unknown,karakter,wordfreq:nl,wordfreq_seeded;deterministically_filtered;structurally_curated
nl,v1,3,2036,2069,koken,koken,koken,unknown,koken,wordfreq:nl,wordfreq_seeded;deterministically_filtered;structurally_curated
nl,v1,3,2037,2070,leest,leest,leest,unknown,leest,wordfreq:nl,wordfreq_seeded;deterministically_filtered;structurally_curated
nl,v1,3,2038,2071,meerderheid,meerderheid,meerderheid,unknown,meerderheid,wordfreq:nl,wordfreq_seeded;deterministically_filtered;structurally_curated
nl,v1,3,2039,2072,onderstaande,onderstaande,onderstaande,unknown,onderstaande,wordfreq:nl,wordfreq_seeded;deterministically_filtered;structurally_curated
nl,v1,3,2040,2073,ontbijt,ontbijt,ontbijt,unknown,ontbijt,wordfreq:nl,wordfreq_seeded;deterministically_filtered;structurally_curated
nl,v1,3,2041,2074,ontmoeten,ontmoeten,ontmoeten,unknown,ontmoeten,wordfreq:nl,wordfreq_seeded;deterministically_filtered;structurally_curated
nl,v1,3,2042,2075,openen,openen,openen,unknown,openen,wordfreq:nl,wordfreq_seeded;deterministically_filtered;structurally_curated
nl,v1,3,2043,2076,perfecte,perfecte,perfecte,unknown,perfecte,wordfreq:nl,wordfreq_seeded;deterministically_filtered;structurally_curated
nl,v1,3,2044,2077,planten,planten,planten,unknown,planten,wordfreq:nl,wordfreq_seeded;deterministically_filtered;structurally_curated
nl,v1,3,2045,2078,poging,poging,poging,unknown,poging,wordfreq:nl,wordfreq_seeded;deterministically_filtered;structurally_curated
nl,v1,3,2046,2079,populaire,populaire,populaire,unknown,populaire,wordfreq:nl,wordfreq_seeded;deterministically_filtered;structurally_curated
nl,v1,3,2047,2080,publieke,publieke,publieke,unknown,publieke,wordfreq:nl,wordfreq_seeded;deterministically_filtered;structurally_curated
nl,v1,3,2048,2081,race,race,race,unknown,race,wordfreq:nl,wordfreq_seeded;deterministically_filtered;structurally_curated
nl,v1,3,2049,2082,regionale,regionale,regionale,unknown,regionale,wordfreq:nl,wordfreq_seeded;deterministically_filtered;structurally_curated
nl,v1,3,2050,2083,sector,sector,sector,unknown,sector,wordfreq:nl,wordfreq_seeded;deterministically_filtered;structurally_curated
nl,v1,3,2051,2084,single,single,single,unknown,single,wordfreq:nl,wordfreq_seeded;deterministically_filtered;structurally_curated
nl,v1,3,2052,2085,slaat,slaat,slaat,unknown,slaat,wordfreq:nl,wordfreq_seeded;deterministically_filtered;structurally_curated
nl,v1,3,2053,2086,snelheid,snelheid,snelheid,unknown,snelheid,wordfreq:nl,wordfreq_seeded;deterministically_filtered;structurally_curated
nl,v1,3,2054,2087,starten,starten,starten,unknown,starten,wordfreq:nl,wordfreq_seeded;deterministically_filtered;structurally_curated
nl,v1,3,2055,2088,sterker,sterker,sterker,unknown,sterker,wordfreq:nl,wordfreq_seeded;deterministically_filtered;structurally_curated
nl,v1,3,2056,2089,tekenen,tekenen,tekenen,unknown,tekenen,wordfreq:nl,wordfreq_seeded;deterministically_filtered;structurally_curated
nl,v1,3,2057,2090,thomas,thomas,thomas,unknown,thomas,wordfreq:nl,wordfreq_seeded;deterministically_filtered;structurally_curated
nl,v1,3,2058,2091,vertel,vertel,vertel,unknown,vertel,wordfreq:nl,wordfreq_seeded;deterministically_filtered;structurally_curated
nl,v1,3,2059,2092,vreselijk,vreselijk,vreselijk,unknown,vreselijk,wordfreq:nl,wordfreq_seeded;deterministically_filtered;structurally_curated
nl,v1,3,2060,2093,with,with,with,unknown,with,wordfreq:nl,wordfreq_seeded;deterministically_filtered;structurally_curated
nl,v1,3,2061,2094,zak,zak,zak,unknown,zak,wordfreq:nl,wordfreq_seeded;deterministically_filtered;structurally_curated
nl,v1,3,2062,2095,zwemmen,zwemmen,zwemmen,unknown,zwemmen,wordfreq:nl,wordfreq_seeded;deterministically_filtered;structurally_curated
nl,v1,3,2063,2096,acties,acties,acties,unknown,acties,wordfreq:nl,wordfreq_seeded;deterministically_filtered;structurally_curated
nl,v1,3,2064,2097,afbeelding,afbeelding,afbeelding,unknown,afbeelding,wordfreq:nl,wordfreq_seeded;deterministically_filtered;structurally_curated
nl,v1,3,2065,2098,allebei,allebei,allebei,unknown,allebei,wordfreq:nl,wordfreq_seeded;deterministically_filtered;structurally_curated
nl,v1,3,2066,2099,avonds,avonds,avonds,unknown,avonds,wordfreq:nl,wordfreq_seeded;deterministically_filtered;structurally_curated
nl,v1,3,2067,2100,bar,bar,bar,unknown,bar,wordfreq:nl,wordfreq_seeded;deterministically_filtered;structurally_curated
nl,v1,3,2068,2101,behoorlijk,behoorlijk,behoorlijk,unknown,behoorlijk,wordfreq:nl,wordfreq_seeded;deterministically_filtered;structurally_curated
nl,v1,3,2069,2102,charles,charles,charles,unknown,charles,wordfreq:nl,wordfreq_seeded;deterministically_filtered;structurally_curated
nl,v1,3,2070,2103,culturele,culturele,culturele,unknown,culturele,wordfreq:nl,wordfreq_seeded;deterministically_filtered;structurally_curated
nl,v1,3,2071,2104,democratie,democratie,democratie,unknown,democratie,wordfreq:nl,wordfreq_seeded;deterministically_filtered;structurally_curated
nl,v1,3,2072,2105,dik,dik,dik,unknown,dik,wordfreq:nl,wordfreq_seeded;deterministically_filtered;structurally_curated
nl,v1,3,2073,2106,dubbele,dubbele,dubbele,unknown,dubbele,wordfreq:nl,wordfreq_seeded;deterministically_filtered;structurally_curated
nl,v1,3,2074,2107,eer,eer,eer,unknown,eer,wordfreq:nl,wordfreq_seeded;deterministically_filtered;structurally_curated
nl,v1,3,2075,2108,eindhoven,eindhoven,eindhoven,unknown,eindhoven,wordfreq:nl,wordfreq_seeded;deterministically_filtered;structurally_curated
nl,v1,3,2076,2109,fans,fans,fans,unknown,fans,wordfreq:nl,wordfreq_seeded;deterministically_filtered;structurally_curated
nl,v1,3,2077,2110,fantastische,fantastische,fantastische,unknown,fantastische,wordfreq:nl,wordfreq_seeded;deterministically_filtered;structurally_curated
nl,v1,3,2078,2111,gebrek,gebrek,gebrek,unknown,gebrek,wordfreq:nl,wordfreq_seeded;deterministically_filtered;structurally_curated
nl,v1,3,2079,2112,gisteravond,gisteravond,gisteravond,unknown,gisteravond,wordfreq:nl,wordfreq_seeded;deterministically_filtered;structurally_curated
nl,v1,3,2080,2113,hierin,hierin,hierin,unknown,hierin,wordfreq:nl,wordfreq_seeded;deterministically_filtered;structurally_curated
nl,v1,3,2081,2114,home,home,home,unknown,home,wordfreq:nl,wordfreq_seeded;deterministically_filtered;structurally_curated
nl,v1,3,2082,2115,houten,houten,houten,unknown,houten,wordfreq:nl,wordfreq_seeded;deterministically_filtered;structurally_curated
nl,v1,3,2083,2116,info,info,info,unknown,info,wordfreq:nl,wordfreq_seeded;deterministically_filtered;structurally_curated
nl,v1,3,2084,2117,jaarlijkse,jaarlijkse,jaarlijkse,unknown,jaarlijkse,wordfreq:nl,wordfreq_seeded;deterministically_filtered;structurally_curated
nl,v1,3,2085,2118,kat,kat,kat,unknown,kat,wordfreq:nl,wordfreq_seeded;deterministically_filtered;structurally_curated
nl,v1,3,2086,2119,kies,kies,kies,unknown,kies,wordfreq:nl,wordfreq_seeded;deterministically_filtered;structurally_curated
nl,v1,3,2087,2120,kleren,kleren,kleren,unknown,kleren,wordfreq:nl,wordfreq_seeded;deterministically_filtered;structurally_curated
nl,v1,3,2088,2121,letterlijk,letterlijk,letterlijk,unknown,letterlijk,wordfreq:nl,wordfreq_seeded;deterministically_filtered;structurally_curated
nl,v1,3,2089,2122,manager,manager,manager,unknown,manager,wordfreq:nl,wordfreq_seeded;deterministically_filtered;structurally_curated
nl,v1,3,2090,2123,miljoenen,miljoenen,miljoenen,unknown,miljoenen,wordfreq:nl,wordfreq_seeded;deterministically_filtered;structurally_curated
nl,v1,3,2091,2124,minstens,minstens,minstens,unknown,minstens,wordfreq:nl,wordfreq_seeded;deterministically_filtered;structurally_curated
nl,v1,3,2092,2125,miss,miss,miss,unknown,miss,wordfreq:nl,wordfreq_seeded;deterministically_filtered;structurally_curated
nl,v1,3,2093,2126,missie,missie,missie,unknown,missie,wordfreq:nl,wordfreq_seeded;deterministically_filtered;structurally_curated
nl,v1,3,2094,2127,moeders,moeders,moeders,unknown,moeders,wordfreq:nl,wordfreq_seeded;deterministically_filtered;structurally_curated
nl,v1,3,2095,2128,onderwerpen,onderwerpen,onderwerpen,unknown,onderwerpen,wordfreq:nl,wordfreq_seeded;deterministically_filtered;structurally_curated
nl,v1,3,2096,2129,opnemen,opnemen,opnemen,unknown,opnemen,wordfreq:nl,wordfreq_seeded;deterministically_filtered;structurally_curated
nl,v1,3,2097,2130,opzichte,opzichte,opzichte,unknown,opzichte,wordfreq:nl,wordfreq_seeded;deterministically_filtered;structurally_curated
nl,v1,3,2098,2131,plus,plus,plus,unknown,plus,wordfreq:nl,wordfreq_seeded;deterministically_filtered;structurally_curated
nl,v1,3,2099,2132,real,real,real,unknown,real,wordfreq:nl,wordfreq_seeded;deterministically_filtered;structurally_curated
nl,v1,3,2100,2133,spaans,spaans,spaans,unknown,spaans,wordfreq:nl,wordfreq_seeded;deterministically_filtered;structurally_curated
nl,v1,3,2101,2134,steen,steen,steen,unknown,steen,wordfreq:nl,wordfreq_seeded;deterministically_filtered;structurally_curated
nl,v1,3,2102,2135,talen,talen,talen,unknown,talen,wordfreq:nl,wordfreq_seeded;deterministically_filtered;structurally_curated
nl,v1,3,2103,2136,uitdaging,uitdaging,uitdaging,unknown,uitdaging,wordfreq:nl,wordfreq_seeded;deterministically_filtered;structurally_curated
nl,v1,3,2104,2137,uitgezonden,uitgezonden,uitgezonden,unknown,uitgezonden,wordfreq:nl,wordfreq_seeded;deterministically_filtered;structurally_curated
nl,v1,3,2105,2138,uitslag,uitslag,uitslag,unknown,uitslag,wordfreq:nl,wordfreq_seeded;deterministically_filtered;structurally_curated
nl,v1,3,2106,2139,voordeel,voordeel,voordeel,unknown,voordeel,wordfreq:nl,wordfreq_seeded;deterministically_filtered;structurally_curated
nl,v1,3,2107,2140,afbeeldingen,afbeeldingen,afbeeldingen,unknown,afbeeldingen,wordfreq:nl,wordfreq_seeded;deterministically_filtered;structurally_curated
nl,v1,3,2108,2141,appartement,appartement,appartement,unknown,appartement,wordfreq:nl,wordfreq_seeded;deterministically_filtered;structurally_curated
nl,v1,3,2109,2142,bibliotheek,bibliotheek,bibliotheek,unknown,bibliotheek,wordfreq:nl,wordfreq_seeded;deterministically_filtered;structurally_curated
nl,v1,3,2110,2143,cd,cd,cd,unknown,cd,wordfreq:nl,wordfreq_seeded;deterministically_filtered;structurally_curated
nl,v1,3,2111,2144,creëren,creëren,creëren,unknown,creëren,wordfreq:nl,wordfreq_seeded;deterministically_filtered;structurally_curated
nl,v1,3,2112,2145,gelukt,gelukt,gelukt,unknown,gelukt,wordfreq:nl,wordfreq_seeded;deterministically_filtered;structurally_curated
nl,v1,3,2113,2146,handig,handig,handig,unknown,handig,wordfreq:nl,wordfreq_seeded;deterministically_filtered;structurally_curated
nl,v1,3,2114,2147,hierover,hierover,hierover,unknown,hierover,wordfreq:nl,wordfreq_seeded;deterministically_filtered;structurally_curated
nl,v1,3,2115,2148,high,high,high,unknown,high,wordfreq:nl,wordfreq_seeded;deterministically_filtered;structurally_curated
nl,v1,3,2116,2149,maatschappelijke,maatschappelijke,maatschappelijke,unknown,maatschappelijke,wordfreq:nl,wordfreq_seeded;deterministically_filtered;structurally_curated
nl,v1,3,2117,2150,martin,martin,martin,unknown,martin,wordfreq:nl,wordfreq_seeded;deterministically_filtered;structurally_curated
nl,v1,3,2118,2151,nogmaals,nogmaals,nogmaals,unknown,nogmaals,wordfreq:nl,wordfreq_seeded;deterministically_filtered;structurally_curated
nl,v1,3,2119,2152,non,non,non,unknown,non,wordfreq:nl,wordfreq_seeded;deterministically_filtered;structurally_curated
nl,v1,3,2120,2153,nummers,nummers,nummers,unknown,nummers,wordfreq:nl,wordfreq_seeded;deterministically_filtered;structurally_curated
nl,v1,3,2121,2154,ontslagen,ontslagen,ontslagen,unknown,ontslagen,wordfreq:nl,wordfreq_seeded;deterministically_filtered;structurally_curated
nl,v1,3,2122,2155,papa,papa,papa,unknown,papa,wordfreq:nl,wordfreq_seeded;deterministically_filtered;structurally_curated
nl,v1,3,2123,2156,richard,richard,richard,unknown,richard,wordfreq:nl,wordfreq_seeded;deterministically_filtered;structurally_curated
nl,v1,3,2124,2157,ruzie,ruzie,ruzie,unknown,ruzie,wordfreq:nl,wordfreq_seeded;deterministically_filtered;structurally_curated
nl,v1,3,2125,2158,sommigen,sommigen,sommigen,unknown,sommigen,wordfreq:nl,wordfreq_seeded;deterministically_filtered;structurally_curated
nl,v1,3,2126,2159,trek,trek,trek,unknown,trek,wordfreq:nl,wordfreq_seeded;deterministically_filtered;structurally_curated
nl,v1,3,2127,2160,trok,trok,trok,unknown,trok,wordfreq:nl,wordfreq_seeded;deterministically_filtered;structurally_curated
nl,v1,3,2128,2161,velen,velen,velen,unknown,velen,wordfreq:nl,wordfreq_seeded;deterministically_filtered;structurally_curated
nl,v1,3,2129,2162,vissen,vissen,vissen,unknown,vissen,wordfreq:nl,wordfreq_seeded;deterministically_filtered;structurally_curated
nl,v1,3,2130,2163,workshop,workshop,workshop,unknown,workshop,wordfreq:nl,wordfreq_seeded;deterministically_filtered;structurally_curated
nl,v1,3,2131,2164,zweden,zweden,zweden,unknown,zweden,wordfreq:nl,wordfreq_seeded;deterministically_filtered;structurally_curated
nl,v1,3,2132,2165,aanvallen,aanvallen,aanvallen,unknown,aanvallen,wordfreq:nl,wordfreq_seeded;deterministically_filtered;structurally_curated
nl,v1,3,2133,2166,aanwezigheid,aanwezigheid,aanwezigheid,unknown,aanwezigheid,wordfreq:nl,wordfreq_seeded;deterministically_filtered;structurally_curated
nl,v1,3,2134,2167,an,an,an,unknown,an,wordfreq:nl,wordfreq_seeded;deterministically_filtered;structurally_curated
nl,v1,3,2135,2169,been,been,been,unknown,been,wordfreq:nl,wordfreq_seeded;deterministically_filtered;structurally_curated
nl,v1,3,2136,2170,begrepen,begrepen,begrepen,unknown,begrepen,wordfreq:nl,wordfreq_seeded;deterministically_filtered;structurally_curated
nl,v1,3,2137,2171,behandeld,behandeld,behandeld,unknown,behandeld,wordfreq:nl,wordfreq_seeded;deterministically_filtered;structurally_curated
nl,v1,3,2138,2172,behouden,behouden,behouden,unknown,behouden,wordfreq:nl,wordfreq_seeded;deterministically_filtered;structurally_curated
nl,v1,3,2139,2173,bekeken,bekeken,bekeken,unknown,bekeken,wordfreq:nl,wordfreq_seeded;deterministically_filtered;structurally_curated
nl,v1,3,2140,2174,berlijn,berlijn,berlijn,unknown,berlijn,wordfreq:nl,wordfreq_seeded;deterministically_filtered;structurally_curated
nl,v1,3,2141,2175,beschermd,beschermd,beschermd,unknown,beschermd,wordfreq:nl,wordfreq_seeded;deterministically_filtered;structurally_curated
nl,v1,3,2142,2176,betaalt,betaalt,betaalt,unknown,betaalt,wordfreq:nl,wordfreq_seeded;deterministically_filtered;structurally_curated
nl,v1,3,2143,2177,bewegen,bewegen,bewegen,unknown,bewegen,wordfreq:nl,wordfreq_seeded;deterministically_filtered;structurally_curated
nl,v1,3,2144,2178,dier,dier,dier,unknown,dier,wordfreq:nl,wordfreq_seeded;deterministically_filtered;structurally_curated
nl,v1,3,2145,2179,duurzame,duurzame,duurzame,unknown,duurzame,wordfreq:nl,wordfreq_seeded;deterministically_filtered;structurally_curated
nl,v1,3,2146,2180,elektrische,elektrische,elektrische,unknown,elektrische,wordfreq:nl,wordfreq_seeded;deterministically_filtered;structurally_curated
nl,v1,3,2147,2181,ernstig,ernstig,ernstig,unknown,ernstig,wordfreq:nl,wordfreq_seeded;deterministically_filtered;structurally_curated
nl,v1,3,2148,2182,goedemorgen,goedemorgen,goedemorgen,unknown,goedemorgen,wordfreq:nl,wordfreq_seeded;deterministically_filtered;structurally_curated
nl,v1,3,2149,2183,haven,haven,haven,unknown,haven,wordfreq:nl,wordfreq_seeded;deterministically_filtered;structurally_curated
nl,v1,3,2150,2184,kabinet,kabinet,kabinet,unknown,kabinet,wordfreq:nl,wordfreq_seeded;deterministically_filtered;structurally_curated
nl,v1,3,2151,2185,lager,lager,lager,unknown,lager,wordfreq:nl,wordfreq_seeded;deterministically_filtered;structurally_curated
nl,v1,3,2152,2186,machine,machine,machine,unknown,machine,wordfreq:nl,wordfreq_seeded;deterministically_filtered;structurally_curated
nl,v1,3,2153,2187,namens,namens,namens,unknown,namens,wordfreq:nl,wordfreq_seeded;deterministically_filtered;structurally_curated
nl,v1,3,2154,2188,oceaan,oceaan,oceaan,unknown,oceaan,wordfreq:nl,wordfreq_seeded;deterministically_filtered;structurally_curated
nl,v1,3,2155,2189,oproep,oproep,oproep,unknown,oproep,wordfreq:nl,wordfreq_seeded;deterministically_filtered;structurally_curated
nl,v1,3,2156,2190,patiënten,patiënten,patiënten,unknown,patiënten,wordfreq:nl,wordfreq_seeded;deterministically_filtered;structurally_curated
nl,v1,3,2157,2191,polen,polen,polen,unknown,polen,wordfreq:nl,wordfreq_seeded;deterministically_filtered;structurally_curated
nl,v1,3,2158,2192,privé,privé,privé,unknown,privé,wordfreq:nl,wordfreq_seeded;deterministically_filtered;structurally_curated
nl,v1,3,2159,2193,reed,reed,reed,unknown,reed,wordfreq:nl,wordfreq_seeded;deterministically_filtered;structurally_curated
nl,v1,3,2160,2194,roept,roept,roept,unknown,roept,wordfreq:nl,wordfreq_seeded;deterministically_filtered;structurally_curated
nl,v1,3,2161,2195,shirt,shirt,shirt,unknown,shirt,wordfreq:nl,wordfreq_seeded;deterministically_filtered;structurally_curated
nl,v1,3,2162,2196,speel,speel,speel,unknown,speel,wordfreq:nl,wordfreq_seeded;deterministically_filtered;structurally_curated
nl,v1,3,2163,2197,telt,telt,telt,unknown,telt,wordfreq:nl,wordfreq_seeded;deterministically_filtered;structurally_curated
nl,v1,3,2164,2198,term,term,term,unknown,term,wordfreq:nl,wordfreq_seeded;deterministically_filtered;structurally_curated
nl,v1,3,2165,2199,theorie,theorie,theorie,unknown,theorie,wordfreq:nl,wordfreq_seeded;deterministically_filtered;structurally_curated
nl,v1,3,2166,2200,toon,toon,toon,unknown,toon,wordfreq:nl,wordfreq_seeded;deterministically_filtered;structurally_curated
nl,v1,3,2167,2201,verdere,verdere,verdere,unknown,verdere,wordfreq:nl,wordfreq_seeded;deterministically_filtered;structurally_curated
nl,v1,3,2168,2202,vergelijking,vergelijking,vergelijking,unknown,vergelijking,wordfreq:nl,wordfreq_seeded;deterministically_filtered;structurally_curated
nl,v1,3,2169,2203,vertrekken,vertrekken,vertrekken,unknown,vertrekken,wordfreq:nl,wordfreq_seeded;deterministically_filtered;structurally_curated
nl,v1,3,2170,2204,verzet,verzet,verzet,unknown,verzet,wordfreq:nl,wordfreq_seeded;deterministically_filtered;structurally_curated
nl,v1,3,2171,2205,vreemde,vreemde,vreemde,unknown,vreemde,wordfreq:nl,wordfreq_seeded;deterministically_filtered;structurally_curated
nl,v1,3,2172,2206,waarna,waarna,waarna,unknown,waarna,wordfreq:nl,wordfreq_seeded;deterministically_filtered;structurally_curated
nl,v1,3,2173,2207,aanbod,aanbod,aanbod,unknown,aanbod,wordfreq:nl,wordfreq_seeded;deterministically_filtered;structurally_curated
nl,v1,3,2174,2208,agenda,agenda,agenda,unknown,agenda,wordfreq:nl,wordfreq_seeded;deterministically_filtered;structurally_curated
nl,v1,3,2175,2209,agent,agent,agent,unknown,agent,wordfreq:nl,wordfreq_seeded;deterministically_filtered;structurally_curated
nl,v1,3,2176,2210,bestellen,bestellen,bestellen,unknown,bestellen,wordfreq:nl,wordfreq_seeded;deterministically_filtered;structurally_curated
nl,v1,3,2177,2211,carrière,carrière,carrière,unknown,carrière,wordfreq:nl,wordfreq_seeded;deterministically_filtered;structurally_curated
nl,v1,3,2178,2212,deelname,deelname,deelname,unknown,deelname,wordfreq:nl,wordfreq_seeded;deterministically_filtered;structurally_curated
nl,v1,3,2179,2213,dichter,dichter,dichter,unknown,dichter,wordfreq:nl,wordfreq_seeded;deterministically_filtered;structurally_curated
nl,v1,3,2180,2214,gebeurtenissen,gebeurtenissen,gebeurtenissen,unknown,gebeurtenissen,wordfreq:nl,wordfreq_seeded;deterministically_filtered;structurally_curated
nl,v1,3,2181,2215,gebleven,gebleven,gebleven,unknown,gebleven,wordfreq:nl,wordfreq_seeded;deterministically_filtered;structurally_curated
nl,v1,3,2182,2216,gebruiker,gebruiker,gebruiker,unknown,gebruiker,wordfreq:nl,wordfreq_seeded;deterministically_filtered;structurally_curated
nl,v1,3,2183,2217,gedragen,gedragen,gedragen,unknown,gedragen,wordfreq:nl,wordfreq_seeded;deterministically_filtered;structurally_curated
nl,v1,3,2184,2218,huid,huid,huid,unknown,huid,wordfreq:nl,wordfreq_seeded;deterministically_filtered;structurally_curated
nl,v1,3,2185,2219,hé,hé,hé,unknown,hé,wordfreq:nl,wordfreq_seeded;deterministically_filtered;structurally_curated
nl,v1,3,2186,2220,inspiratie,inspiratie,inspiratie,unknown,inspiratie,wordfreq:nl,wordfreq_seeded;deterministically_filtered;structurally_curated
nl,v1,3,2187,2221,kanaal,kanaal,kanaal,unknown,kanaal,wordfreq:nl,wordfreq_seeded;deterministically_filtered;structurally_curated
nl,v1,3,2188,2222,klassieke,klassieke,klassieke,unknown,klassieke,wordfreq:nl,wordfreq_seeded;deterministically_filtered;structurally_curated
nl,v1,3,2189,2223,klik,klik,klik,unknown,klik,wordfreq:nl,wordfreq_seeded;deterministically_filtered;structurally_curated
nl,v1,3,2190,2224,korting,korting,korting,unknown,korting,wordfreq:nl,wordfreq_seeded;deterministically_filtered;structurally_curated
nl,v1,3,2191,2225,lagen,lagen,lagen,unknown,lagen,wordfreq:nl,wordfreq_seeded;deterministically_filtered;structurally_curated
nl,v1,3,2192,2226,maastricht,maastricht,maastricht,unknown,maastricht,wordfreq:nl,wordfreq_seeded;deterministically_filtered;structurally_curated
nl,v1,3,2193,2227,meedoen,meedoen,meedoen,unknown,meedoen,wordfreq:nl,wordfreq_seeded;deterministically_filtered;structurally_curated
nl,v1,3,2194,2228,meester,meester,meester,unknown,meester,wordfreq:nl,wordfreq_seeded;deterministically_filtered;structurally_curated
nl,v1,3,2195,2229,mochten,mochten,mochten,unknown,mochten,wordfreq:nl,wordfreq_seeded;deterministically_filtered;structurally_curated
nl,v1,3,2196,2230,nijmegen,nijmegen,nijmegen,unknown,nijmegen,wordfreq:nl,wordfreq_seeded;deterministically_filtered;structurally_curated
nl,v1,3,2197,2231,ontwikkelingen,ontwikkelingen,ontwikkelingen,unknown,ontwikkelingen,wordfreq:nl,wordfreq_seeded;deterministically_filtered;structurally_curated
nl,v1,3,2198,2232,praktijk,praktijk,praktijk,unknown,praktijk,wordfreq:nl,wordfreq_seeded;deterministically_filtered;structurally_curated
nl,v1,3,2199,2233,sindsdien,sindsdien,sindsdien,unknown,sindsdien,wordfreq:nl,wordfreq_seeded;deterministically_filtered;structurally_curated
nl,v1,3,2200,2234,stenen,stenen,stenen,unknown,stenen,wordfreq:nl,wordfreq_seeded;deterministically_filtered;structurally_curated
nl,v1,3,2201,2235,straf,straf,straf,unknown,straf,wordfreq:nl,wordfreq_seeded;deterministically_filtered;structurally_curated
nl,v1,3,2202,2236,testen,testen,testen,unknown,testen,wordfreq:nl,wordfreq_seeded;deterministically_filtered;structurally_curated
nl,v1,3,2203,2237,toevallig,toevallig,toevallig,unknown,toevallig,wordfreq:nl,wordfreq_seeded;deterministically_filtered;structurally_curated
nl,v1,3,2204,2238,trouw,trouw,trouw,unknown,trouw,wordfreq:nl,wordfreq_seeded;deterministically_filtered;structurally_curated
nl,v1,3,2205,2239,vermist,vermist,vermist,unknown,vermist,wordfreq:nl,wordfreq_seeded;deterministically_filtered;structurally_curated
nl,v1,3,2206,2240,waarden,waarden,waarden,unknown,waarden,wordfreq:nl,wordfreq_seeded;deterministically_filtered;structurally_curated
nl,v1,3,2207,2241,war,war,war,unknown,war,wordfreq:nl,wordfreq_seeded;deterministically_filtered;structurally_curated
nl,v1,3,2208,2242,washington,washington,washington,unknown,washington,wordfreq:nl,wordfreq_seeded;deterministically_filtered;structurally_curated
nl,v1,3,2209,2243,actieve,actieve,actieve,unknown,actieve,wordfreq:nl,wordfreq_seeded;deterministically_filtered;structurally_curated
nl,v1,3,2210,2244,armen,armen,armen,unknown,armen,wordfreq:nl,wordfreq_seeded;deterministically_filtered;structurally_curated
nl,v1,3,2211,2245,azië,azië,azië,unknown,azië,wordfreq:nl,wordfreq_seeded;deterministically_filtered;structurally_curated
nl,v1,3,2212,2246,bezorgd,bezorgd,bezorgd,unknown,bezorgd,wordfreq:nl,wordfreq_seeded;deterministically_filtered;structurally_curated
nl,v1,3,2213,2247,breed,breed,breed,unknown,breed,wordfreq:nl,wordfreq_seeded;deterministically_filtered;structurally_curated
nl,v1,3,2214,2248,bv,bv,bv,unknown,bv,wordfreq:nl,wordfreq_seeded;deterministically_filtered;structurally_curated
nl,v1,3,2215,2249,cel,cel,cel,unknown,cel,wordfreq:nl,wordfreq_seeded;deterministically_filtered;structurally_curated
nl,v1,3,2216,2250,do,do,do,unknown,do,wordfreq:nl,wordfreq_seeded;deterministically_filtered;structurally_curated
nl,v1,3,2217,2251,duizend,duizend,duizend,unknown,duizend,wordfreq:nl,wordfreq_seeded;deterministically_filtered;structurally_curated
nl,v1,3,2218,2252,enig,enig,enig,unknown,enig,wordfreq:nl,wordfreq_seeded;deterministically_filtered;structurally_curated
nl,v1,3,2219,2253,evenals,evenals,evenals,unknown,evenals,wordfreq:nl,wordfreq_seeded;deterministically_filtered;structurally_curated
nl,v1,3,2220,2254,forum,forum,forum,unknown,forum,wordfreq:nl,wordfreq_seeded;deterministically_filtered;structurally_curated
nl,v1,3,2221,2255,friesland,friesland,friesland,unknown,friesland,wordfreq:nl,wordfreq_seeded;deterministically_filtered;structurally_curated
nl,v1,3,2222,2256,gas,gas,gas,unknown,gas,wordfreq:nl,wordfreq_seeded;deterministically_filtered;structurally_curated
nl,v1,3,2223,2257,gaven,gaven,gaven,unknown,gaven,wordfreq:nl,wordfreq_seeded;deterministically_filtered;structurally_curated
nl,v1,3,2224,2258,geleid,geleid,geleid,unknown,geleid,wordfreq:nl,wordfreq_seeded;deterministically_filtered;structurally_curated
nl,v1,3,2225,2259,geleverd,geleverd,geleverd,unknown,geleverd,wordfreq:nl,wordfreq_seeded;deterministically_filtered;structurally_curated
nl,v1,3,2226,2260,gemiddeld,gemiddeld,gemiddeld,unknown,gemiddeld,wordfreq:nl,wordfreq_seeded;deterministically_filtered;structurally_curated
nl,v1,3,2227,2261,geschikt,geschikt,geschikt,unknown,geschikt,wordfreq:nl,wordfreq_seeded;deterministically_filtered;structurally_curated
nl,v1,3,2228,2262,haarlem,haarlem,haarlem,unknown,haarlem,wordfreq:nl,wordfreq_seeded;deterministically_filtered;structurally_curated
nl,v1,3,2229,2263,individuele,individuele,individuele,unknown,individuele,wordfreq:nl,wordfreq_seeded;deterministically_filtered;structurally_curated
nl,v1,3,2230,2264,justitie,justitie,justitie,unknown,justitie,wordfreq:nl,wordfreq_seeded;deterministically_filtered;structurally_curated
nl,v1,3,2231,2265,kim,kim,kim,unknown,kim,wordfreq:nl,wordfreq_seeded;deterministically_filtered;structurally_curated
nl,v1,3,2232,2266,kut,kut,kut,unknown,kut,wordfreq:nl,wordfreq_seeded;deterministically_filtered;structurally_curated
nl,v1,3,2233,2267,lossen,lossen,lossen,unknown,lossen,wordfreq:nl,wordfreq_seeded;deterministically_filtered;structurally_curated
nl,v1,3,2234,2268,madrid,madrid,madrid,unknown,madrid,wordfreq:nl,wordfreq_seeded;deterministically_filtered;structurally_curated
nl,v1,3,2235,2269,mannelijke,mannelijke,mannelijke,unknown,mannelijke,wordfreq:nl,wordfreq_seeded;deterministically_filtered;structurally_curated
nl,v1,3,2236,2270,momenten,momenten,momenten,unknown,momenten,wordfreq:nl,wordfreq_seeded;deterministically_filtered;structurally_curated
nl,v1,3,2237,2271,national,national,national,unknown,national,wordfreq:nl,wordfreq_seeded;deterministically_filtered;structurally_curated
nl,v1,3,2238,2272,noem,noem,noem,unknown,noem,wordfreq:nl,wordfreq_seeded;deterministically_filtered;structurally_curated
nl,v1,3,2239,2273,onlangs,onlangs,onlangs,unknown,onlangs,wordfreq:nl,wordfreq_seeded;deterministically_filtered;structurally_curated
nl,v1,3,2240,2274,ontslag,ontslag,ontslag,unknown,ontslag,wordfreq:nl,wordfreq_seeded;deterministically_filtered;structurally_curated
nl,v1,3,2241,2275,ploeg,ploeg,ploeg,unknown,ploeg,wordfreq:nl,wordfreq_seeded;deterministically_filtered;structurally_curated
nl,v1,3,2242,2276,programma's,programma's,programma's,unknown,programma's,wordfreq:nl,wordfreq_seeded;deterministically_filtered;structurally_curated
nl,v1,3,2243,2277,regel,regel,regel,unknown,regel,wordfreq:nl,wordfreq_seeded;deterministically_filtered;structurally_curated
nl,v1,3,2244,2278,regelen,regelen,regelen,unknown,regelen,wordfreq:nl,wordfreq_seeded;deterministically_filtered;structurally_curated
nl,v1,3,2245,2279,richt,richt,richt,unknown,richt,wordfreq:nl,wordfreq_seeded;deterministically_filtered;structurally_curated
nl,v1,3,2246,2280,rijke,rijke,rijke,unknown,rijke,wordfreq:nl,wordfreq_seeded;deterministically_filtered;structurally_curated
nl,v1,3,2247,2281,sex,sex,sex,unknown,sex,wordfreq:nl,wordfreq_seeded;deterministically_filtered;structurally_curated
nl,v1,3,2248,2282,ster,ster,ster,unknown,ster,wordfreq:nl,wordfreq_seeded;deterministically_filtered;structurally_curated
nl,v1,3,2249,2283,stoel,stoel,stoel,unknown,stoel,wordfreq:nl,wordfreq_seeded;deterministically_filtered;structurally_curated
nl,v1,3,2250,2284,veilige,veilige,veilige,unknown,veilige,wordfreq:nl,wordfreq_seeded;deterministically_filtered;structurally_curated
nl,v1,3,2251,2285,vluchten,vluchten,vluchten,unknown,vluchten,wordfreq:nl,wordfreq_seeded;deterministically_filtered;structurally_curated
nl,v1,3,2252,2286,volgde,volgde,volgde,unknown,volgde,wordfreq:nl,wordfreq_seeded;deterministically_filtered;structurally_curated
nl,v1,3,2253,2287,werkelijkheid,werkelijkheid,werkelijkheid,unknown,werkelijkheid,wordfreq:nl,wordfreq_seeded;deterministically_filtered;structurally_curated
nl,v1,3,2254,2288,wijzen,wijzen,wijzen,unknown,wijzen,wordfreq:nl,wordfreq_seeded;deterministically_filtered;structurally_curated
nl,v1,3,2255,2289,wisten,wisten,wisten,unknown,wisten,wordfreq:nl,wordfreq_seeded;deterministically_filtered;structurally_curated
nl,v1,3,2256,2290,zwanger,zwanger,zwanger,unknown,zwanger,wordfreq:nl,wordfreq_seeded;deterministically_filtered;structurally_curated
nl,v1,3,2257,2291,aanpak,aanpak,aanpak,unknown,aanpak,wordfreq:nl,wordfreq_seeded;deterministically_filtered;structurally_curated
nl,v1,3,2258,2292,afscheid,afscheid,afscheid,unknown,afscheid,wordfreq:nl,wordfreq_seeded;deterministically_filtered;structurally_curated
nl,v1,3,2259,2293,barcelona,barcelona,barcelona,unknown,barcelona,wordfreq:nl,wordfreq_seeded;deterministically_filtered;structurally_curated
nl,v1,3,2260,2294,bedacht,bedacht,bedacht,unknown,bedacht,wordfreq:nl,wordfreq_seeded;deterministically_filtered;structurally_curated
nl,v1,3,2261,2295,benieuwd,benieuwd,benieuwd,unknown,benieuwd,wordfreq:nl,wordfreq_seeded;deterministically_filtered;structurally_curated
nl,v1,3,2262,2296,bevestigd,bevestigd,bevestigd,unknown,bevestigd,wordfreq:nl,wordfreq_seeded;deterministically_filtered;structurally_curated
nl,v1,3,2263,2297,buren,buren,buren,unknown,buren,wordfreq:nl,wordfreq_seeded;deterministically_filtered;structurally_curated
nl,v1,3,2264,2298,christus,christus,christus,unknown,christus,wordfreq:nl,wordfreq_seeded;deterministically_filtered;structurally_curated
nl,v1,3,2265,2299,dans,dans,dans,unknown,dans,wordfreq:nl,wordfreq_seeded;deterministically_filtered;structurally_curated
nl,v1,3,2266,2300,dating,dating,dating,unknown,dating,wordfreq:nl,wordfreq_seeded;deterministically_filtered;structurally_curated
nl,v1,3,2267,2301,free,free,free,unknown,free,wordfreq:nl,wordfreq_seeded;deterministically_filtered;structurally_curated
nl,v1,3,2268,2302,geel,geel,geel,unknown,geel,wordfreq:nl,wordfreq_seeded;deterministically_filtered;structurally_curated
nl,v1,3,2269,2303,geheim,geheim,geheim,unknown,geheim,wordfreq:nl,wordfreq_seeded;deterministically_filtered;structurally_curated
nl,v1,3,2270,2304,herinneringen,herinneringen,herinneringen,unknown,herinneringen,wordfreq:nl,wordfreq_seeded;deterministically_filtered;structurally_curated
nl,v1,3,2271,2305,instantie,instantie,instantie,unknown,instantie,wordfreq:nl,wordfreq_seeded;deterministically_filtered;structurally_curated
nl,v1,3,2272,2306,landschap,landschap,landschap,unknown,landschap,wordfreq:nl,wordfreq_seeded;deterministically_filtered;structurally_curated
nl,v1,3,2273,2307,lot,lot,lot,unknown,lot,wordfreq:nl,wordfreq_seeded;deterministically_filtered;structurally_curated
nl,v1,3,2274,2308,makkelijker,makkelijker,makkelijker,unknown,makkelijker,wordfreq:nl,wordfreq_seeded;deterministically_filtered;structurally_curated
nl,v1,3,2275,2309,melding,melding,melding,unknown,melding,wordfreq:nl,wordfreq_seeded;deterministically_filtered;structurally_curated
nl,v1,3,2276,2310,netjes,netjes,netjes,unknown,netjes,wordfreq:nl,wordfreq_seeded;deterministically_filtered;structurally_curated
nl,v1,3,2277,2311,oké,oké,oké,unknown,oké,wordfreq:nl,wordfreq_seeded;deterministically_filtered;structurally_curated
nl,v1,3,2278,2312,piet,piet,piet,unknown,piet,wordfreq:nl,wordfreq_seeded;deterministically_filtered;structurally_curated
nl,v1,3,2279,2313,qua,qua,qua,unknown,qua,wordfreq:nl,wordfreq_seeded;deterministically_filtered;structurally_curated
nl,v1,3,2280,2314,rio,rio,rio,unknown,rio,wordfreq:nl,wordfreq_seeded;deterministically_filtered;structurally_curated
nl,v1,3,2281,2315,schaal,schaal,schaal,unknown,schaal,wordfreq:nl,wordfreq_seeded;deterministically_filtered;structurally_curated
nl,v1,3,2282,2316,stopt,stopt,stopt,unknown,stopt,wordfreq:nl,wordfreq_seeded;deterministically_filtered;structurally_curated
nl,v1,3,2283,2317,syrië,syrië,syrië,unknown,syrië,wordfreq:nl,wordfreq_seeded;deterministically_filtered;structurally_curated
nl,v1,3,2284,2318,talent,talent,talent,unknown,talent,wordfreq:nl,wordfreq_seeded;deterministically_filtered;structurally_curated
nl,v1,3,2285,2319,toilet,toilet,toilet,unknown,toilet,wordfreq:nl,wordfreq_seeded;deterministically_filtered;structurally_curated
nl,v1,3,2286,2320,us,us,us,unknown,us,wordfreq:nl,wordfreq_seeded;deterministically_filtered;structurally_curated
nl,v1,3,2287,2321,veranderingen,veranderingen,veranderingen,unknown,veranderingen,wordfreq:nl,wordfreq_seeded;deterministically_filtered;structurally_curated
nl,v1,3,2288,2322,verrassing,verrassing,verrassing,unknown,verrassing,wordfreq:nl,wordfreq_seeded;deterministically_filtered;structurally_curated
nl,v1,3,2289,2323,verslagen,verslagen,verslagen,unknown,verslagen,wordfreq:nl,wordfreq_seeded;deterministically_filtered;structurally_curated
nl,v1,3,2290,2324,vn,vn,vn,unknown,vn,wordfreq:nl,wordfreq_seeded;deterministically_filtered;structurally_curated
nl,v1,3,2291,2325,warme,warme,warme,unknown,warme,wordfreq:nl,wordfreq_seeded;deterministically_filtered;structurally_curated
nl,v1,3,2292,2326,behandelen,behandelen,behandelen,unknown,behandelen,wordfreq:nl,wordfreq_seeded;deterministically_filtered;structurally_curated
nl,v1,3,2293,2327,beveiliging,beveiliging,beveiliging,unknown,beveiliging,wordfreq:nl,wordfreq_seeded;deterministically_filtered;structurally_curated
nl,v1,3,2294,2328,blik,blik,blik,unknown,blik,wordfreq:nl,wordfreq_seeded;deterministically_filtered;structurally_curated
nl,v1,3,2295,2329,boeren,boeren,boeren,unknown,boeren,wordfreq:nl,wordfreq_seeded;deterministically_filtered;structurally_curated
nl,v1,3,2296,2330,broers,broers,broers,unknown,broers,wordfreq:nl,wordfreq_seeded;deterministically_filtered;structurally_curated
nl,v1,3,2297,2331,donker,donker,donker,unknown,donker,wordfreq:nl,wordfreq_seeded;deterministically_filtered;structurally_curated
nl,v1,3,2298,2332,duurde,duurde,duurde,unknown,duurde,wordfreq:nl,wordfreq_seeded;deterministically_filtered;structurally_curated
nl,v1,3,2299,2333,fifa,fifa,fifa,unknown,fifa,wordfreq:nl,wordfreq_seeded;deterministically_filtered;structurally_curated
nl,v1,3,2300,2334,geslagen,geslagen,geslagen,unknown,geslagen,wordfreq:nl,wordfreq_seeded;deterministically_filtered;structurally_curated
nl,v1,3,2301,2335,geïnteresseerd,geïnteresseerd,geïnteresseerd,unknown,geïnteresseerd,wordfreq:nl,wordfreq_seeded;deterministically_filtered;structurally_curated
nl,v1,3,2302,2336,haalde,haalde,haalde,unknown,haalde,wordfreq:nl,wordfreq_seeded;deterministically_filtered;structurally_curated
nl,v1,3,2303,2337,hout,hout,hout,unknown,hout,wordfreq:nl,wordfreq_seeded;deterministically_filtered;structurally_curated
nl,v1,3,2304,2338,humor,humor,humor,unknown,humor,wordfreq:nl,wordfreq_seeded;deterministically_filtered;structurally_curated
nl,v1,3,2305,2339,instituut,instituut,instituut,unknown,instituut,wordfreq:nl,wordfreq_seeded;deterministically_filtered;structurally_curated
nl,v1,3,2306,2340,islamitische,islamitische,islamitische,unknown,islamitische,wordfreq:nl,wordfreq_seeded;deterministically_filtered;structurally_curated
nl,v1,3,2307,2341,kanten,kanten,kanten,unknown,kanten,wordfreq:nl,wordfreq_seeded;deterministically_filtered;structurally_curated
nl,v1,3,2308,2342,kilo,kilo,kilo,unknown,kilo,wordfreq:nl,wordfreq_seeded;deterministically_filtered;structurally_curated
nl,v1,3,2309,2343,klimaat,klimaat,klimaat,unknown,klimaat,wordfreq:nl,wordfreq_seeded;deterministically_filtered;structurally_curated
nl,v1,3,2310,2344,lagere,lagere,lagere,unknown,lagere,wordfreq:nl,wordfreq_seeded;deterministically_filtered;structurally_curated
nl,v1,3,2311,2345,nachts,nachts,nachts,unknown,nachts,wordfreq:nl,wordfreq_seeded;deterministically_filtered;structurally_curated
nl,v1,3,2312,2346,noch,noch,noch,unknown,noch,wordfreq:nl,wordfreq_seeded;deterministically_filtered;structurally_curated
nl,v1,3,2313,2347,omgaan,omgaan,omgaan,unknown,omgaan,wordfreq:nl,wordfreq_seeded;deterministically_filtered;structurally_curated
nl,v1,3,2314,2348,optie,optie,optie,unknown,optie,wordfreq:nl,wordfreq_seeded;deterministically_filtered;structurally_curated
nl,v1,3,2315,2349,pensioen,pensioen,pensioen,unknown,pensioen,wordfreq:nl,wordfreq_seeded;deterministically_filtered;structurally_curated
nl,v1,3,2316,2350,podium,podium,podium,unknown,podium,wordfreq:nl,wordfreq_seeded;deterministically_filtered;structurally_curated
nl,v1,3,2317,2351,privacy,privacy,privacy,unknown,privacy,wordfreq:nl,wordfreq_seeded;deterministically_filtered;structurally_curated
nl,v1,3,2318,2352,rand,rand,rand,unknown,rand,wordfreq:nl,wordfreq_seeded;deterministically_filtered;structurally_curated
nl,v1,3,2319,2353,reageert,reageert,reageert,unknown,reageert,wordfreq:nl,wordfreq_seeded;deterministically_filtered;structurally_curated
nl,v1,3,2320,2354,robert,robert,robert,unknown,robert,wordfreq:nl,wordfreq_seeded;deterministically_filtered;structurally_curated
nl,v1,3,2321,2355,succesvol,succesvol,succesvol,unknown,succesvol,wordfreq:nl,wordfreq_seeded;deterministically_filtered;structurally_curated
nl,v1,3,2322,2356,theater,theater,theater,unknown,theater,wordfreq:nl,wordfreq_seeded;deterministically_filtered;structurally_curated
nl,v1,3,2323,2357,uitzending,uitzending,uitzending,unknown,uitzending,wordfreq:nl,wordfreq_seeded;deterministically_filtered;structurally_curated
nl,v1,3,2324,2358,uitzondering,uitzondering,uitzondering,unknown,uitzondering,wordfreq:nl,wordfreq_seeded;deterministically_filtered;structurally_curated
nl,v1,3,2325,2359,verloor,verloor,verloor,unknown,verloor,wordfreq:nl,wordfreq_seeded;deterministically_filtered;structurally_curated
nl,v1,3,2326,2360,verzamelen,verzamelen,verzamelen,unknown,verzamelen,wordfreq:nl,wordfreq_seeded;deterministically_filtered;structurally_curated
nl,v1,3,2327,2361,vogels,vogels,vogels,unknown,vogels,wordfreq:nl,wordfreq_seeded;deterministically_filtered;structurally_curated
nl,v1,3,2328,2362,vriendelijk,vriendelijk,vriendelijk,unknown,vriendelijk,wordfreq:nl,wordfreq_seeded;deterministically_filtered;structurally_curated
nl,v1,3,2329,2363,zetels,zetels,zetels,unknown,zetels,wordfreq:nl,wordfreq_seeded;deterministically_filtered;structurally_curated
nl,v1,3,2330,2364,zichtbaar,zichtbaar,zichtbaar,unknown,zichtbaar,wordfreq:nl,wordfreq_seeded;deterministically_filtered;structurally_curated
nl,v1,3,2331,2365,aangepast,aangepast,aangepast,unknown,aangepast,wordfreq:nl,wordfreq_seeded;deterministically_filtered;structurally_curated
nl,v1,3,2332,2366,aanslag,aanslag,aanslag,unknown,aanslag,wordfreq:nl,wordfreq_seeded;deterministically_filtered;structurally_curated
nl,v1,3,2333,2367,banden,banden,banden,unknown,banden,wordfreq:nl,wordfreq_seeded;deterministically_filtered;structurally_curated
nl,v1,3,2334,2368,bedreigd,bedreigd,bedreigd,unknown,bedreigd,wordfreq:nl,wordfreq_seeded;deterministically_filtered;structurally_curated
nl,v1,3,2335,2369,belangrijker,belangrijker,belangrijker,unknown,belangrijker,wordfreq:nl,wordfreq_seeded;deterministically_filtered;structurally_curated
nl,v1,3,2336,2370,beroemde,beroemde,beroemde,unknown,beroemde,wordfreq:nl,wordfreq_seeded;deterministically_filtered;structurally_curated
nl,v1,3,2337,2371,bevatten,bevatten,bevatten,unknown,bevatten,wordfreq:nl,wordfreq_seeded;deterministically_filtered;structurally_curated
nl,v1,3,2338,2372,bijdragen,bijdragen,bijdragen,unknown,bijdragen,wordfreq:nl,wordfreq_seeded;deterministically_filtered;structurally_curated
nl,v1,3,2339,2373,bleven,bleven,bleven,unknown,bleven,wordfreq:nl,wordfreq_seeded;deterministically_filtered;structurally_curated
nl,v1,3,2340,2374,breng,breng,breng,unknown,breng,wordfreq:nl,wordfreq_seeded;deterministically_filtered;structurally_curated
nl,v1,3,2341,2375,commentaar,commentaar,commentaar,unknown,commentaar,wordfreq:nl,wordfreq_seeded;deterministically_filtered;structurally_curated
nl,v1,3,2342,2376,cup,cup,cup,unknown,cup,wordfreq:nl,wordfreq_seeded;deterministically_filtered;structurally_curated
nl,v1,3,2343,2377,dient,dient,dient,unknown,dient,wordfreq:nl,wordfreq_seeded;deterministically_filtered;structurally_curated
nl,v1,3,2344,2378,documenten,documenten,documenten,unknown,documenten,wordfreq:nl,wordfreq_seeded;deterministically_filtered;structurally_curated
nl,v1,3,2345,2379,duidelijke,duidelijke,duidelijke,unknown,duidelijke,wordfreq:nl,wordfreq_seeded;deterministically_filtered;structurally_curated
nl,v1,3,2346,2380,echtgenoot,echtgenoot,echtgenoot,unknown,echtgenoot,wordfreq:nl,wordfreq_seeded;deterministically_filtered;structurally_curated
nl,v1,3,2347,2381,eenvoudige,eenvoudige,eenvoudige,unknown,eenvoudige,wordfreq:nl,wordfreq_seeded;deterministically_filtered;structurally_curated
nl,v1,3,2348,2382,eigendom,eigendom,eigendom,unknown,eigendom,wordfreq:nl,wordfreq_seeded;deterministically_filtered;structurally_curated
nl,v1,3,2349,2383,enz,enz,enz,unknown,enz,wordfreq:nl,wordfreq_seeded;deterministically_filtered;structurally_curated
nl,v1,3,2350,2384,fase,fase,fase,unknown,fase,wordfreq:nl,wordfreq_seeded;deterministically_filtered;structurally_curated
nl,v1,3,2351,2385,games,games,games,unknown,games,wordfreq:nl,wordfreq_seeded;deterministically_filtered;structurally_curated
nl,v1,3,2352,2386,gearresteerd,gearresteerd,gearresteerd,unknown,gearresteerd,wordfreq:nl,wordfreq_seeded;deterministically_filtered;structurally_curated
nl,v1,3,2353,2387,gedwongen,gedwongen,gedwongen,unknown,gedwongen,wordfreq:nl,wordfreq_seeded;deterministically_filtered;structurally_curated
nl,v1,3,2354,2388,gegeten,gegeten,gegeten,unknown,gegeten,wordfreq:nl,wordfreq_seeded;deterministically_filtered;structurally_curated
nl,v1,3,2355,2389,geheime,geheime,geheime,unknown,geheime,wordfreq:nl,wordfreq_seeded;deterministically_filtered;structurally_curated
nl,v1,3,2356,2390,go,go,go,unknown,go,wordfreq:nl,wordfreq_seeded;deterministically_filtered;structurally_curated
nl,v1,3,2357,2391,instellingen,instellingen,instellingen,unknown,instellingen,wordfreq:nl,wordfreq_seeded;deterministically_filtered;structurally_curated
nl,v1,3,2358,2392,joden,joden,joden,unknown,joden,wordfreq:nl,wordfreq_seeded;deterministically_filtered;structurally_curated
nl,v1,3,2359,2393,kanker,kanker,kanker,unknown,kanker,wordfreq:nl,wordfreq_seeded;deterministically_filtered;structurally_curated
nl,v1,3,2360,2394,kast,kast,kast,unknown,kast,wordfreq:nl,wordfreq_seeded;deterministically_filtered;structurally_curated
nl,v1,3,2361,2395,kiest,kiest,kiest,unknown,kiest,wordfreq:nl,wordfreq_seeded;deterministically_filtered;structurally_curated
nl,v1,3,2362,2396,koos,koos,koos,unknown,koos,wordfreq:nl,wordfreq_seeded;deterministically_filtered;structurally_curated
nl,v1,3,2363,2397,logisch,logisch,logisch,unknown,logisch,wordfreq:nl,wordfreq_seeded;deterministically_filtered;structurally_curated
nl,v1,3,2364,2398,maan,maan,maan,unknown,maan,wordfreq:nl,wordfreq_seeded;deterministically_filtered;structurally_curated
nl,v1,3,2365,2399,mike,mike,mike,unknown,mike,wordfreq:nl,wordfreq_seeded;deterministically_filtered;structurally_curated
nl,v1,3,2366,2400,moeilijke,moeilijke,moeilijke,unknown,moeilijke,wordfreq:nl,wordfreq_seeded;deterministically_filtered;structurally_curated
nl,v1,3,2367,2401,onafhankelijk,onafhankelijk,onafhankelijk,unknown,onafhankelijk,wordfreq:nl,wordfreq_seeded;deterministically_filtered;structurally_curated
nl,v1,3,2368,2402,roze,roze,roze,unknown,roze,wordfreq:nl,wordfreq_seeded;deterministically_filtered;structurally_curated
nl,v1,3,2369,2403,student,student,student,unknown,student,wordfreq:nl,wordfreq_seeded;deterministically_filtered;structurally_curated
nl,v1,3,2370,2404,teams,teams,teams,unknown,teams,wordfreq:nl,wordfreq_seeded;deterministically_filtered;structurally_curated
nl,v1,3,2371,2405,tegelijk,tegelijk,tegelijk,unknown,tegelijk,wordfreq:nl,wordfreq_seeded;deterministically_filtered;structurally_curated
nl,v1,3,2372,2406,tentoonstelling,tentoonstelling,tentoonstelling,unknown,tentoonstelling,wordfreq:nl,wordfreq_seeded;deterministically_filtered;structurally_curated
nl,v1,3,2373,2407,this,this,this,unknown,this,wordfreq:nl,wordfreq_seeded;deterministically_filtered;structurally_curated
nl,v1,3,2374,2408,tientallen,tientallen,tientallen,unknown,tientallen,wordfreq:nl,wordfreq_seeded;deterministically_filtered;structurally_curated
nl,v1,3,2375,2409,toegestaan,toegestaan,toegestaan,unknown,toegestaan,wordfreq:nl,wordfreq_seeded;deterministically_filtered;structurally_curated
nl,v1,3,2376,2410,uitleg,uitleg,uitleg,unknown,uitleg,wordfreq:nl,wordfreq_seeded;deterministically_filtered;structurally_curated
nl,v1,3,2377,2411,vastgesteld,vastgesteld,vastgesteld,unknown,vastgesteld,wordfreq:nl,wordfreq_seeded;deterministically_filtered;structurally_curated
nl,v1,3,2378,2412,virus,virus,virus,unknown,virus,wordfreq:nl,wordfreq_seeded;deterministically_filtered;structurally_curated
nl,v1,3,2379,2413,visie,visie,visie,unknown,visie,wordfreq:nl,wordfreq_seeded;deterministically_filtered;structurally_curated
nl,v1,3,2380,2414,zakken,zakken,zakken,unknown,zakken,wordfreq:nl,wordfreq_seeded;deterministically_filtered;structurally_curated
nl,v1,3,2381,2415,zwembad,zwembad,zwembad,unknown,zwembad,wordfreq:nl,wordfreq_seeded;deterministically_filtered;structurally_curated
nl,v1,3,2382,2417,albert,albert,albert,unknown,albert,wordfreq:nl,wordfreq_seeded;deterministically_filtered;structurally_curated
nl,v1,3,2383,2418,alsnog,alsnog,alsnog,unknown,alsnog,wordfreq:nl,wordfreq_seeded;deterministically_filtered;structurally_curated
nl,v1,3,2384,2419,arnhem,arnhem,arnhem,unknown,arnhem,wordfreq:nl,wordfreq_seeded;deterministically_filtered;structurally_curated
nl,v1,3,2385,2420,begrijpt,begrijpt,begrijpt,unknown,begrijpt,wordfreq:nl,wordfreq_seeded;deterministically_filtered;structurally_curated
nl,v1,3,2386,2421,behoren,behoren,behoren,unknown,behoren,wordfreq:nl,wordfreq_seeded;deterministically_filtered;structurally_curated
nl,v1,3,2387,2422,chris,chris,chris,unknown,chris,wordfreq:nl,wordfreq_seeded;deterministically_filtered;structurally_curated
nl,v1,3,2388,2423,co,co,co,unknown,co,wordfreq:nl,wordfreq_seeded;deterministically_filtered;structurally_curated
nl,v1,3,2389,2424,cool,cool,cool,unknown,cool,wordfreq:nl,wordfreq_seeded;deterministically_filtered;structurally_curated
nl,v1,3,2390,2425,dokter,dokter,dokter,unknown,dokter,wordfreq:nl,wordfreq_seeded;deterministically_filtered;structurally_curated
nl,v1,3,2391,2426,droog,droog,droog,unknown,droog,wordfreq:nl,wordfreq_seeded;deterministically_filtered;structurally_curated
nl,v1,3,2392,2427,egypte,egypte,egypte,unknown,egypte,wordfreq:nl,wordfreq_seeded;deterministically_filtered;structurally_curated
nl,v1,3,2393,2428,evenementen,evenementen,evenementen,unknown,evenementen,wordfreq:nl,wordfreq_seeded;deterministically_filtered;structurally_curated
nl,v1,3,2394,2429,gevecht,gevecht,gevecht,unknown,gevecht,wordfreq:nl,wordfreq_seeded;deterministically_filtered;structurally_curated
nl,v1,3,2395,2430,gooi,gooi,gooi,unknown,gooi,wordfreq:nl,wordfreq_seeded;deterministically_filtered;structurally_curated
nl,v1,3,2396,2431,kampen,kampen,kampen,unknown,kampen,wordfreq:nl,wordfreq_seeded;deterministically_filtered;structurally_curated
nl,v1,3,2397,2432,komst,komst,komst,unknown,komst,wordfreq:nl,wordfreq_seeded;deterministically_filtered;structurally_curated
nl,v1,3,2398,2433,kunstenaar,kunstenaar,kunstenaar,unknown,kunstenaar,wordfreq:nl,wordfreq_seeded;deterministically_filtered;structurally_curated
nl,v1,3,2399,2434,leraar,leraar,leraar,unknown,leraar,wordfreq:nl,wordfreq_seeded;deterministically_filtered;structurally_curated
nl,v1,3,2400,2435,lied,lied,lied,unknown,lied,wordfreq:nl,wordfreq_seeded;deterministically_filtered;structurally_curated
nl,v1,3,2401,2436,lijden,lijden,lijden,unknown,lijden,wordfreq:nl,wordfreq_seeded;deterministically_filtered;structurally_curated
nl,v1,3,2402,2437,literatuur,literatuur,literatuur,unknown,literatuur,wordfreq:nl,wordfreq_seeded;deterministically_filtered;structurally_curated
nl,v1,3,2403,2438,logo,logo,logo,unknown,logo,wordfreq:nl,wordfreq_seeded;deterministically_filtered;structurally_curated
nl,v1,3,2404,2439,monument,monument,monument,unknown,monument,wordfreq:nl,wordfreq_seeded;deterministically_filtered;structurally_curated
nl,v1,3,2405,2440,nabij,nabij,nabij,unknown,nabij,wordfreq:nl,wordfreq_seeded;deterministically_filtered;structurally_curated
nl,v1,3,2406,2441,naties,naties,naties,unknown,naties,wordfreq:nl,wordfreq_seeded;deterministically_filtered;structurally_curated
nl,v1,3,2407,2442,negatieve,negatieve,negatieve,unknown,negatieve,wordfreq:nl,wordfreq_seeded;deterministically_filtered;structurally_curated
nl,v1,3,2408,2443,opeens,opeens,opeens,unknown,opeens,wordfreq:nl,wordfreq_seeded;deterministically_filtered;structurally_curated
nl,v1,3,2409,2444,overgenomen,overgenomen,overgenomen,unknown,overgenomen,wordfreq:nl,wordfreq_seeded;deterministically_filtered;structurally_curated
nl,v1,3,2410,2445,overleven,overleven,overleven,unknown,overleven,wordfreq:nl,wordfreq_seeded;deterministically_filtered;structurally_curated
nl,v1,3,2411,2446,papier,papier,papier,unknown,papier,wordfreq:nl,wordfreq_seeded;deterministically_filtered;structurally_curated
nl,v1,3,2412,2447,patiënt,patiënt,patiënt,unknown,patiënt,wordfreq:nl,wordfreq_seeded;deterministically_filtered;structurally_curated
nl,v1,3,2413,2448,sam,sam,sam,unknown,sam,wordfreq:nl,wordfreq_seeded;deterministically_filtered;structurally_curated
nl,v1,3,2414,2449,stilte,stilte,stilte,unknown,stilte,wordfreq:nl,wordfreq_seeded;deterministically_filtered;structurally_curated
nl,v1,3,2415,2450,stuurt,stuurt,stuurt,unknown,stuurt,wordfreq:nl,wordfreq_seeded;deterministically_filtered;structurally_curated
nl,v1,3,2416,2451,toernooi,toernooi,toernooi,unknown,toernooi,wordfreq:nl,wordfreq_seeded;deterministically_filtered;structurally_curated
nl,v1,3,2417,2452,traditie,traditie,traditie,unknown,traditie,wordfreq:nl,wordfreq_seeded;deterministically_filtered;structurally_curated
nl,v1,3,2418,2453,uitgebreide,uitgebreide,uitgebreide,unknown,uitgebreide,wordfreq:nl,wordfreq_seeded;deterministically_filtered;structurally_curated
nl,v1,3,2419,2454,vanmorgen,vanmorgen,vanmorgen,unknown,vanmorgen,wordfreq:nl,wordfreq_seeded;deterministically_filtered;structurally_curated
nl,v1,3,2420,2455,voorlopig,voorlopig,voorlopig,unknown,voorlopig,wordfreq:nl,wordfreq_seeded;deterministically_filtered;structurally_curated
nl,v1,3,2421,2456,wezen,wezen,wezen,unknown,wezen,wordfreq:nl,wordfreq_seeded;deterministically_filtered;structurally_curated
nl,v1,3,2422,2457,woningen,woningen,woningen,unknown,woningen,wordfreq:nl,wordfreq_seeded;deterministically_filtered;structurally_curated
nl,v1,3,2423,2458,y,y,y,unknown,y,wordfreq:nl,wordfreq_seeded;deterministically_filtered;structurally_curated
nl,v1,3,2424,2460,aangesloten,aangesloten,aangesloten,unknown,aangesloten,wordfreq:nl,wordfreq_seeded;deterministically_filtered;structurally_curated
nl,v1,3,2425,2461,analyse,analyse,analyse,unknown,analyse,wordfreq:nl,wordfreq_seeded;deterministically_filtered;structurally_curated
nl,v1,3,2426,2462,assistent,assistent,assistent,unknown,assistent,wordfreq:nl,wordfreq_seeded;deterministically_filtered;structurally_curated
nl,v1,3,2427,2463,bak,bak,bak,unknown,bak,wordfreq:nl,wordfreq_seeded;deterministically_filtered;structurally_curated
nl,v1,3,2428,2464,banen,banen,banen,unknown,banen,wordfreq:nl,wordfreq_seeded;deterministically_filtered;structurally_curated
nl,v1,3,2429,2465,bevinden,bevinden,bevinden,unknown,bevinden,wordfreq:nl,wordfreq_seeded;deterministically_filtered;structurally_curated
nl,v1,3,2430,2466,café,café,café,unknown,café,wordfreq:nl,wordfreq_seeded;deterministically_filtered;structurally_curated
nl,v1,3,2431,2467,center,center,center,unknown,center,wordfreq:nl,wordfreq_seeded;deterministically_filtered;structurally_curated
nl,v1,3,2432,2468,congres,congres,congres,unknown,congres,wordfreq:nl,wordfreq_seeded;deterministically_filtered;structurally_curated
nl,v1,3,2433,2469,content,content,content,unknown,content,wordfreq:nl,wordfreq_seeded;deterministically_filtered;structurally_curated
nl,v1,3,2434,2470,dertig,dertig,dertig,unknown,dertig,wordfreq:nl,wordfreq_seeded;deterministically_filtered;structurally_curated
nl,v1,3,2435,2471,dubbel,dubbel,dubbel,unknown,dubbel,wordfreq:nl,wordfreq_seeded;deterministically_filtered;structurally_curated
nl,v1,3,2436,2472,eerdere,eerdere,eerdere,unknown,eerdere,wordfreq:nl,wordfreq_seeded;deterministically_filtered;structurally_curated
nl,v1,3,2437,2473,enthousiast,enthousiast,enthousiast,unknown,enthousiast,wordfreq:nl,wordfreq_seeded;deterministically_filtered;structurally_curated
nl,v1,3,2438,2474,gedachte,gedachte,gedachte,unknown,gedachte,wordfreq:nl,wordfreq_seeded;deterministically_filtered;structurally_curated
nl,v1,3,2439,2475,groeit,groeit,groeit,unknown,groeit,wordfreq:nl,wordfreq_seeded;deterministically_filtered;structurally_curated
nl,v1,3,2440,2476,heden,heden,heden,unknown,heden,wordfreq:nl,wordfreq_seeded;deterministically_filtered;structurally_curated
nl,v1,3,2441,2477,helder,helder,helder,unknown,helder,wordfreq:nl,wordfreq_seeded;deterministically_filtered;structurally_curated
nl,v1,3,2442,2478,herstellen,herstellen,herstellen,unknown,herstellen,wordfreq:nl,wordfreq_seeded;deterministically_filtered;structurally_curated
nl,v1,3,2443,2479,jarig,jarig,jarig,unknown,jarig,wordfreq:nl,wordfreq_seeded;deterministically_filtered;structurally_curated
nl,v1,3,2444,2480,klacht,klacht,klacht,unknown,klacht,wordfreq:nl,wordfreq_seeded;deterministically_filtered;structurally_curated
nl,v1,3,2445,2481,magazine,magazine,magazine,unknown,magazine,wordfreq:nl,wordfreq_seeded;deterministically_filtered;structurally_curated
nl,v1,3,2446,2482,middag,middag,middag,unknown,middag,wordfreq:nl,wordfreq_seeded;deterministically_filtered;structurally_curated
nl,v1,3,2447,2483,mist,mist,mist,unknown,mist,wordfreq:nl,wordfreq_seeded;deterministically_filtered;structurally_curated
nl,v1,3,2448,2484,ondernemers,ondernemers,ondernemers,unknown,ondernemers,wordfreq:nl,wordfreq_seeded;deterministically_filtered;structurally_curated
nl,v1,3,2449,2485,ontdekken,ontdekken,ontdekken,unknown,ontdekken,wordfreq:nl,wordfreq_seeded;deterministically_filtered;structurally_curated
nl,v1,3,2450,2486,ontstond,ontstond,ontstond,unknown,ontstond,wordfreq:nl,wordfreq_seeded;deterministically_filtered;structurally_curated
nl,v1,3,2451,2487,opgelost,opgelost,opgelost,unknown,opgelost,wordfreq:nl,wordfreq_seeded;deterministically_filtered;structurally_curated
nl,v1,3,2452,2488,oudste,oudste,oudste,unknown,oudste,wordfreq:nl,wordfreq_seeded;deterministically_filtered;structurally_curated
nl,v1,3,2453,2489,overleed,overleed,overleed,unknown,overleed,wordfreq:nl,wordfreq_seeded;deterministically_filtered;structurally_curated
nl,v1,3,2454,2490,party,party,party,unknown,party,wordfreq:nl,wordfreq_seeded;deterministically_filtered;structurally_curated
nl,v1,3,2455,2491,plastic,plastic,plastic,unknown,plastic,wordfreq:nl,wordfreq_seeded;deterministically_filtered;structurally_curated
nl,v1,3,2456,2492,plein,plein,plein,unknown,plein,wordfreq:nl,wordfreq_seeded;deterministically_filtered;structurally_curated
nl,v1,3,2457,2493,professionele,professionele,professionele,unknown,professionele,wordfreq:nl,wordfreq_seeded;deterministically_filtered;structurally_curated
nl,v1,3,2458,2494,raam,raam,raam,unknown,raam,wordfreq:nl,wordfreq_seeded;deterministically_filtered;structurally_curated
nl,v1,3,2459,2495,revolutie,revolutie,revolutie,unknown,revolutie,wordfreq:nl,wordfreq_seeded;deterministically_filtered;structurally_curated
nl,v1,3,2460,2496,schieten,schieten,schieten,unknown,schieten,wordfreq:nl,wordfreq_seeded;deterministically_filtered;structurally_curated
nl,v1,3,2461,2497,schijnt,schijnt,schijnt,unknown,schijnt,wordfreq:nl,wordfreq_seeded;deterministically_filtered;structurally_curated
nl,v1,3,2462,2498,smaak,smaak,smaak,unknown,smaak,wordfreq:nl,wordfreq_seeded;deterministically_filtered;structurally_curated
nl,v1,3,2463,2499,star,star,star,unknown,star,wordfreq:nl,wordfreq_seeded;deterministically_filtered;structurally_curated
nl,v1,3,2464,2500,studeren,studeren,studeren,unknown,studeren,wordfreq:nl,wordfreq_seeded;deterministically_filtered;structurally_curated
nl,v1,3,2465,2501,tanden,tanden,tanden,unknown,tanden,wordfreq:nl,wordfreq_seeded;deterministically_filtered;structurally_curated
nl,v1,3,2466,2502,telkens,telkens,telkens,unknown,telkens,wordfreq:nl,wordfreq_seeded;deterministically_filtered;structurally_curated
nl,v1,3,2467,2503,tijdelijke,tijdelijke,tijdelijke,unknown,tijdelijke,wordfreq:nl,wordfreq_seeded;deterministically_filtered;structurally_curated
nl,v1,3,2468,2504,uitgegeven,uitgegeven,uitgegeven,unknown,uitgegeven,wordfreq:nl,wordfreq_seeded;deterministically_filtered;structurally_curated
nl,v1,3,2469,2505,update,update,update,unknown,update,wordfreq:nl,wordfreq_seeded;deterministically_filtered;structurally_curated
nl,v1,3,2470,2506,verspreid,verspreid,verspreid,unknown,verspreid,wordfreq:nl,wordfreq_seeded;deterministically_filtered;structurally_curated
nl,v1,3,2471,2507,vertaald,vertaald,vertaald,unknown,vertaald,wordfreq:nl,wordfreq_seeded;deterministically_filtered;structurally_curated
nl,v1,3,2472,2508,vogel,vogel,vogel,unknown,vogel,wordfreq:nl,wordfreq_seeded;deterministically_filtered;structurally_curated
nl,v1,3,2473,2509,volgend,volgend,volgend,unknown,volgend,wordfreq:nl,wordfreq_seeded;deterministically_filtered;structurally_curated
nl,v1,3,2474,2510,vroege,vroege,vroege,unknown,vroege,wordfreq:nl,wordfreq_seeded;deterministically_filtered;structurally_curated
nl,v1,3,2475,2511,winnaars,winnaars,winnaars,unknown,winnaars,wordfreq:nl,wordfreq_seeded;deterministically_filtered;structurally_curated
nl,v1,3,2476,2512,zicht,zicht,zicht,unknown,zicht,wordfreq:nl,wordfreq_seeded;deterministically_filtered;structurally_curated
nl,v1,3,2477,2514,beslist,beslist,beslist,unknown,beslist,wordfreq:nl,wordfreq_seeded;deterministically_filtered;structurally_curated
nl,v1,3,2478,2515,boerderij,boerderij,boerderij,unknown,boerderij,wordfreq:nl,wordfreq_seeded;deterministically_filtered;structurally_curated
nl,v1,3,2479,2516,braziliaanse,braziliaanse,braziliaanse,unknown,braziliaanse,wordfreq:nl,wordfreq_seeded;deterministically_filtered;structurally_curated
nl,v1,3,2480,2517,dorpen,dorpen,dorpen,unknown,dorpen,wordfreq:nl,wordfreq_seeded;deterministically_filtered;structurally_curated
nl,v1,3,2481,2518,draag,draag,draag,unknown,draag,wordfreq:nl,wordfreq_seeded;deterministically_filtered;structurally_curated
nl,v1,3,2482,2519,eilanden,eilanden,eilanden,unknown,eilanden,wordfreq:nl,wordfreq_seeded;deterministically_filtered;structurally_curated
nl,v1,3,2483,2520,eindigt,eindigt,eindigt,unknown,eindigt,wordfreq:nl,wordfreq_seeded;deterministically_filtered;structurally_curated
nl,v1,3,2484,2521,gat,gat,gat,unknown,gat,wordfreq:nl,wordfreq_seeded;deterministically_filtered;structurally_curated
nl,v1,3,2485,2522,getuigen,getuigen,getuigen,unknown,getuigen,wordfreq:nl,wordfreq_seeded;deterministically_filtered;structurally_curated
nl,v1,3,2486,2523,gezonde,gezonde,gezonde,unknown,gezonde,wordfreq:nl,wordfreq_seeded;deterministically_filtered;structurally_curated
nl,v1,3,2487,2524,grotendeels,grotendeels,grotendeels,unknown,grotendeels,wordfreq:nl,wordfreq_seeded;deterministically_filtered;structurally_curated
nl,v1,3,2488,2525,henry,henry,henry,unknown,henry,wordfreq:nl,wordfreq_seeded;deterministically_filtered;structurally_curated
nl,v1,3,2489,2526,house,house,house,unknown,house,wordfreq:nl,wordfreq_seeded;deterministically_filtered;structurally_curated
nl,v1,3,2490,2527,ict,ict,ict,unknown,ict,wordfreq:nl,wordfreq_seeded;deterministically_filtered;structurally_curated
nl,v1,3,2491,2528,jas,jas,jas,unknown,jas,wordfreq:nl,wordfreq_seeded;deterministically_filtered;structurally_curated
nl,v1,3,2492,2529,lente,lente,lente,unknown,lente,wordfreq:nl,wordfreq_seeded;deterministically_filtered;structurally_curated
nl,v1,3,2493,2530,lunch,lunch,lunch,unknown,lunch,wordfreq:nl,wordfreq_seeded;deterministically_filtered;structurally_curated
nl,v1,3,2494,2531,medisch,medisch,medisch,unknown,medisch,wordfreq:nl,wordfreq_seeded;deterministically_filtered;structurally_curated
nl,v1,3,2495,2532,moskou,moskou,moskou,unknown,moskou,wordfreq:nl,wordfreq_seeded;deterministically_filtered;structurally_curated
nl,v1,3,2496,2533,muren,muren,muren,unknown,muren,wordfreq:nl,wordfreq_seeded;deterministically_filtered;structurally_curated
nl,v1,3,2497,2534,nederlanders,nederlanders,nederlanders,unknown,nederlanders,wordfreq:nl,wordfreq_seeded;deterministically_filtered;structurally_curated
nl,v1,3,2498,2535,nieuwste,nieuwste,nieuwste,unknown,nieuwste,wordfreq:nl,wordfreq_seeded;deterministically_filtered;structurally_curated
nl,v1,3,2499,2536,opstand,opstand,opstand,unknown,opstand,wordfreq:nl,wordfreq_seeded;deterministically_filtered;structurally_curated
nl,v1,3,2500,2537,reclame,reclame,reclame,unknown,reclame,wordfreq:nl,wordfreq_seeded;deterministically_filtered;structurally_curated
nl,v1,3,2501,2538,samenwerken,samenwerken,samenwerken,unknown,samenwerken,wordfreq:nl,wordfreq_seeded;deterministically_filtered;structurally_curated
nl,v1,3,2502,2539,schepen,schepen,schepen,unknown,schepen,wordfreq:nl,wordfreq_seeded;deterministically_filtered;structurally_curated
nl,v1,3,2503,2540,scherp,scherp,scherp,unknown,scherp,wordfreq:nl,wordfreq_seeded;deterministically_filtered;structurally_curated
nl,v1,3,2504,2541,set,set,set,unknown,set,wordfreq:nl,wordfreq_seeded;deterministically_filtered;structurally_curated
nl,v1,3,2505,2542,sites,sites,sites,unknown,sites,wordfreq:nl,wordfreq_seeded;deterministically_filtered;structurally_curated
nl,v1,3,2506,2543,steunen,steunen,steunen,unknown,steunen,wordfreq:nl,wordfreq_seeded;deterministically_filtered;structurally_curated
nl,v1,3,2507,2544,suriname,suriname,suriname,unknown,suriname,wordfreq:nl,wordfreq_seeded;deterministically_filtered;structurally_curated
nl,v1,3,2508,2545,tegenstelling,tegenstelling,tegenstelling,unknown,tegenstelling,wordfreq:nl,wordfreq_seeded;deterministically_filtered;structurally_curated
nl,v1,3,2509,2546,tip,tip,tip,unknown,tip,wordfreq:nl,wordfreq_seeded;deterministically_filtered;structurally_curated
nl,v1,3,2510,2547,tuurlijk,tuurlijk,tuurlijk,unknown,tuurlijk,wordfreq:nl,wordfreq_seeded;deterministically_filtered;structurally_curated
nl,v1,3,2511,2548,uiterlijk,uiterlijk,uiterlijk,unknown,uiterlijk,wordfreq:nl,wordfreq_seeded;deterministically_filtered;structurally_curated
nl,v1,3,2512,2549,vanochtend,vanochtend,vanochtend,unknown,vanochtend,wordfreq:nl,wordfreq_seeded;deterministically_filtered;structurally_curated
nl,v1,3,2513,2550,vermogen,vermogen,vermogen,unknown,vermogen,wordfreq:nl,wordfreq_seeded;deterministically_filtered;structurally_curated
nl,v1,3,2514,2551,video's,video's,video's,unknown,video's,wordfreq:nl,wordfreq_seeded;deterministically_filtered;structurally_curated
nl,v1,3,2515,2552,voorkeur,voorkeur,voorkeur,unknown,voorkeur,wordfreq:nl,wordfreq_seeded;deterministically_filtered;structurally_curated
nl,v1,3,2516,2553,voren,voren,voren,unknown,voren,wordfreq:nl,wordfreq_seeded;deterministically_filtered;structurally_curated
nl,v1,3,2517,2554,wederom,wederom,wederom,unknown,wederom,wordfreq:nl,wordfreq_seeded;deterministically_filtered;structurally_curated
nl,v1,3,2518,2555,woonde,woonde,woonde,unknown,woonde,wordfreq:nl,wordfreq_seeded;deterministically_filtered;structurally_curated
nl,v1,3,2519,2556,xxx,xxx,xxx,unknown,xxx,wordfreq:nl,wordfreq_seeded;deterministically_filtered;structurally_curated
nl,v1,3,2520,2557,zorgde,zorgde,zorgde,unknown,zorgde,wordfreq:nl,wordfreq_seeded;deterministically_filtered;structurally_curated
nl,v1,3,2521,2558,accepteren,accepteren,accepteren,unknown,accepteren,wordfreq:nl,wordfreq_seeded;deterministically_filtered;structurally_curated
nl,v1,3,2522,2559,ach,ach,ach,unknown,ach,wordfreq:nl,wordfreq_seeded;deterministically_filtered;structurally_curated
nl,v1,3,2523,2560,amerikanen,amerikanen,amerikanen,unknown,amerikanen,wordfreq:nl,wordfreq_seeded;deterministically_filtered;structurally_curated
nl,v1,3,2524,2561,banken,banken,banken,unknown,banken,wordfreq:nl,wordfreq_seeded;deterministically_filtered;structurally_curated
nl,v1,3,2525,2562,bedrag,bedrag,bedrag,unknown,bedrag,wordfreq:nl,wordfreq_seeded;deterministically_filtered;structurally_curated
nl,v1,3,2526,2563,breda,breda,breda,unknown,breda,wordfreq:nl,wordfreq_seeded;deterministically_filtered;structurally_curated
nl,v1,3,2527,2564,competitie,competitie,competitie,unknown,competitie,wordfreq:nl,wordfreq_seeded;deterministically_filtered;structurally_curated
nl,v1,3,2528,2565,donkere,donkere,donkere,unknown,donkere,wordfreq:nl,wordfreq_seeded;deterministically_filtered;structurally_curated
nl,v1,3,2529,2566,droeg,droeg,droeg,unknown,droeg,wordfreq:nl,wordfreq_seeded;deterministically_filtered;structurally_curated
nl,v1,3,2530,2567,drugs,drugs,drugs,unknown,drugs,wordfreq:nl,wordfreq_seeded;deterministically_filtered;structurally_curated
nl,v1,3,2531,2568,elementen,elementen,elementen,unknown,elementen,wordfreq:nl,wordfreq_seeded;deterministically_filtered;structurally_curated
nl,v1,3,2532,2569,erkend,erkend,erkend,unknown,erkend,wordfreq:nl,wordfreq_seeded;deterministically_filtered;structurally_curated
nl,v1,3,2533,2570,gekeken,gekeken,gekeken,unknown,gekeken,wordfreq:nl,wordfreq_seeded;deterministically_filtered;structurally_curated
nl,v1,3,2534,2571,gewend,gewend,gewend,unknown,gewend,wordfreq:nl,wordfreq_seeded;deterministically_filtered;structurally_curated
nl,v1,3,2535,2572,gewicht,gewicht,gewicht,unknown,gewicht,wordfreq:nl,wordfreq_seeded;deterministically_filtered;structurally_curated
nl,v1,3,2536,2573,griekse,griekse,griekse,unknown,griekse,wordfreq:nl,wordfreq_seeded;deterministically_filtered;structurally_curated
nl,v1,3,2537,2574,ha,ha,ha,unknown,ha,wordfreq:nl,wordfreq_seeded;deterministically_filtered;structurally_curated
nl,v1,3,2538,2575,hierna,hierna,hierna,unknown,hierna,wordfreq:nl,wordfreq_seeded;deterministically_filtered;structurally_curated
nl,v1,3,2539,2576,hot,hot,hot,unknown,hot,wordfreq:nl,wordfreq_seeded;deterministically_filtered;structurally_curated
nl,v1,3,2540,2578,huilen,huilen,huilen,unknown,huilen,wordfreq:nl,wordfreq_seeded;deterministically_filtered;structurally_curated
nl,v1,3,2541,2579,huur,huur,huur,unknown,huur,wordfreq:nl,wordfreq_seeded;deterministically_filtered;structurally_curated
nl,v1,3,2542,2580,indiase,indiase,indiase,unknown,indiase,wordfreq:nl,wordfreq_seeded;deterministically_filtered;structurally_curated
nl,v1,3,2543,2581,inzetten,inzetten,inzetten,unknown,inzetten,wordfreq:nl,wordfreq_seeded;deterministically_filtered;structurally_curated
nl,v1,3,2544,2582,katholieke,katholieke,katholieke,unknown,katholieke,wordfreq:nl,wordfreq_seeded;deterministically_filtered;structurally_curated
nl,v1,3,2545,2583,klachten,klachten,klachten,unknown,klachten,wordfreq:nl,wordfreq_seeded;deterministically_filtered;structurally_curated
nl,v1,3,2546,2584,krachten,krachten,krachten,unknown,krachten,wordfreq:nl,wordfreq_seeded;deterministically_filtered;structurally_curated
nl,v1,3,2547,2585,lessen,lessen,lessen,unknown,lessen,wordfreq:nl,wordfreq_seeded;deterministically_filtered;structurally_curated
nl,v1,3,2548,2586,locaties,locaties,locaties,unknown,locaties,wordfreq:nl,wordfreq_seeded;deterministically_filtered;structurally_curated
nl,v1,3,2549,2587,lol,lol,lol,unknown,lol,wordfreq:nl,wordfreq_seeded;deterministically_filtered;structurally_curated
nl,v1,3,2550,2588,mars,mars,mars,unknown,mars,wordfreq:nl,wordfreq_seeded;deterministically_filtered;structurally_curated
nl,v1,3,2551,2589,meegemaakt,meegemaakt,meegemaakt,unknown,meegemaakt,wordfreq:nl,wordfreq_seeded;deterministically_filtered;structurally_curated
nl,v1,3,2552,2590,mobiel,mobiel,mobiel,unknown,mobiel,wordfreq:nl,wordfreq_seeded;deterministically_filtered;structurally_curated
nl,v1,3,2553,2591,oefenen,oefenen,oefenen,unknown,oefenen,wordfreq:nl,wordfreq_seeded;deterministically_filtered;structurally_curated
nl,v1,3,2554,2592,ondersteuning,ondersteuning,ondersteuning,unknown,ondersteuning,wordfreq:nl,wordfreq_seeded;deterministically_filtered;structurally_curated
nl,v1,3,2555,2593,oorspronkelijke,oorspronkelijke,oorspronkelijke,unknown,oorspronkelijke,wordfreq:nl,wordfreq_seeded;deterministically_filtered;structurally_curated
nl,v1,3,2556,2594,opgepakt,opgepakt,opgepakt,unknown,opgepakt,wordfreq:nl,wordfreq_seeded;deterministically_filtered;structurally_curated
nl,v1,3,2557,2595,overlijden,overlijden,overlijden,unknown,overlijden,wordfreq:nl,wordfreq_seeded;deterministically_filtered;structurally_curated
nl,v1,3,2558,2596,paarden,paarden,paarden,unknown,paarden,wordfreq:nl,wordfreq_seeded;deterministically_filtered;structurally_curated
nl,v1,3,2559,2597,plaatselijke,plaatselijke,plaatselijke,unknown,plaatselijke,wordfreq:nl,wordfreq_seeded;deterministically_filtered;structurally_curated
nl,v1,3,2560,2598,pop,pop,pop,unknown,pop,wordfreq:nl,wordfreq_seeded;deterministically_filtered;structurally_curated
nl,v1,3,2561,2599,rekenen,rekenen,rekenen,unknown,rekenen,wordfreq:nl,wordfreq_seeded;deterministically_filtered;structurally_curated
nl,v1,3,2562,2600,rook,rook,rook,unknown,rook,wordfreq:nl,wordfreq_seeded;deterministically_filtered;structurally_curated
nl,v1,3,2563,2601,samenvatting,samenvatting,samenvatting,unknown,samenvatting,wordfreq:nl,wordfreq_seeded;deterministically_filtered;structurally_curated
nl,v1,3,2564,2602,software,software,software,unknown,software,wordfreq:nl,wordfreq_seeded;deterministically_filtered;structurally_curated
nl,v1,3,2565,2603,steek,steek,steek,unknown,steek,wordfreq:nl,wordfreq_seeded;deterministically_filtered;structurally_curated
nl,v1,3,2566,2604,technisch,technisch,technisch,unknown,technisch,wordfreq:nl,wordfreq_seeded;deterministically_filtered;structurally_curated
nl,v1,3,2567,2605,toezicht,toezicht,toezicht,unknown,toezicht,wordfreq:nl,wordfreq_seeded;deterministically_filtered;structurally_curated
nl,v1,3,2568,2606,treinen,treinen,treinen,unknown,treinen,wordfreq:nl,wordfreq_seeded;deterministically_filtered;structurally_curated
nl,v1,3,2569,2607,uitvoering,uitvoering,uitvoering,unknown,uitvoering,wordfreq:nl,wordfreq_seeded;deterministically_filtered;structurally_curated
nl,v1,3,2570,2608,vak,vak,vak,unknown,vak,wordfreq:nl,wordfreq_seeded;deterministically_filtered;structurally_curated
nl,v1,3,2571,2609,veroordeeld,veroordeeld,veroordeeld,unknown,veroordeeld,wordfreq:nl,wordfreq_seeded;deterministically_filtered;structurally_curated
nl,v1,3,2572,2610,verschrikkelijk,verschrikkelijk,verschrikkelijk,unknown,verschrikkelijk,wordfreq:nl,wordfreq_seeded;deterministically_filtered;structurally_curated
nl,v1,3,2573,2611,villa,villa,villa,unknown,villa,wordfreq:nl,wordfreq_seeded;deterministically_filtered;structurally_curated
nl,v1,3,2574,2612,vingers,vingers,vingers,unknown,vingers,wordfreq:nl,wordfreq_seeded;deterministically_filtered;structurally_curated
nl,v1,3,2575,2613,vliegveld,vliegveld,vliegveld,unknown,vliegveld,wordfreq:nl,wordfreq_seeded;deterministically_filtered;structurally_curated
nl,v1,3,2576,2614,vocht,vocht,vocht,unknown,vocht,wordfreq:nl,wordfreq_seeded;deterministically_filtered;structurally_curated
nl,v1,3,2577,2615,voert,voert,voert,unknown,voert,wordfreq:nl,wordfreq_seeded;deterministically_filtered;structurally_curated
nl,v1,3,2578,2616,werkzaamheden,werkzaamheden,werkzaamheden,unknown,werkzaamheden,wordfreq:nl,wordfreq_seeded;deterministically_filtered;structurally_curated
nl,v1,3,2579,2617,wild,wild,wild,unknown,wild,wordfreq:nl,wordfreq_seeded;deterministically_filtered;structurally_curated
nl,v1,3,2580,2618,zaal,zaal,zaal,unknown,zaal,wordfreq:nl,wordfreq_seeded;deterministically_filtered;structurally_curated
nl,v1,3,2581,2619,ziel,ziel,ziel,unknown,ziel,wordfreq:nl,wordfreq_seeded;deterministically_filtered;structurally_curated
nl,v1,3,2582,2620,zwolle,zwolle,zwolle,unknown,zwolle,wordfreq:nl,wordfreq_seeded;deterministically_filtered;structurally_curated
nl,v1,3,2583,2621,bevel,bevel,bevel,unknown,bevel,wordfreq:nl,wordfreq_seeded;deterministically_filtered;structurally_curated
nl,v1,3,2584,2622,boer,boer,boer,unknown,boer,wordfreq:nl,wordfreq_seeded;deterministically_filtered;structurally_curated
nl,v1,3,2585,2623,commerciële,commerciële,commerciële,unknown,commerciële,wordfreq:nl,wordfreq_seeded;deterministically_filtered;structurally_curated
nl,v1,3,2586,2624,deels,deels,deels,unknown,deels,wordfreq:nl,wordfreq_seeded;deterministically_filtered;structurally_curated
nl,v1,3,2587,2625,duurzaam,duurzaam,duurzaam,unknown,duurzaam,wordfreq:nl,wordfreq_seeded;deterministically_filtered;structurally_curated
nl,v1,3,2588,2626,ed,ed,ed,unknown,ed,wordfreq:nl,wordfreq_seeded;deterministically_filtered;structurally_curated
nl,v1,3,2589,2627,elf,elf,elf,unknown,elf,wordfreq:nl,wordfreq_seeded;deterministically_filtered;structurally_curated
nl,v1,3,2590,2628,financieel,financieel,financieel,unknown,financieel,wordfreq:nl,wordfreq_seeded;deterministically_filtered;structurally_curated
nl,v1,3,2591,2629,gelegd,gelegd,gelegd,unknown,gelegd,wordfreq:nl,wordfreq_seeded;deterministically_filtered;structurally_curated
nl,v1,3,2592,2630,gestopt,gestopt,gestopt,unknown,gestopt,wordfreq:nl,wordfreq_seeded;deterministically_filtered;structurally_curated
nl,v1,3,2593,2631,getuige,getuige,getuige,unknown,getuige,wordfreq:nl,wordfreq_seeded;deterministically_filtered;structurally_curated
nl,v1,3,2594,2632,gevaarlijke,gevaarlijke,gevaarlijke,unknown,gevaarlijke,wordfreq:nl,wordfreq_seeded;deterministically_filtered;structurally_curated
nl,v1,3,2595,2633,girl,girl,girl,unknown,girl,wordfreq:nl,wordfreq_seeded;deterministically_filtered;structurally_curated
nl,v1,3,2596,2634,happy,happy,happy,unknown,happy,wordfreq:nl,wordfreq_seeded;deterministically_filtered;structurally_curated
nl,v1,3,2597,2635,historisch,historisch,historisch,unknown,historisch,wordfreq:nl,wordfreq_seeded;deterministically_filtered;structurally_curated
nl,v1,3,2598,2636,hoezo,hoezo,hoezo,unknown,hoezo,wordfreq:nl,wordfreq_seeded;deterministically_filtered;structurally_curated
nl,v1,3,2599,2637,hongarije,hongarije,hongarije,unknown,hongarije,wordfreq:nl,wordfreq_seeded;deterministically_filtered;structurally_curated
nl,v1,3,2600,2638,ijs,ijs,ijs,unknown,ijs,wordfreq:nl,wordfreq_seeded;deterministically_filtered;structurally_curated
nl,v1,3,2601,2639,immers,immers,immers,unknown,immers,wordfreq:nl,wordfreq_seeded;deterministically_filtered;structurally_curated
nl,v1,3,2602,2640,ingang,ingang,ingang,unknown,ingang,wordfreq:nl,wordfreq_seeded;deterministically_filtered;structurally_curated
nl,v1,3,2603,2641,knap,knap,knap,unknown,knap,wordfreq:nl,wordfreq_seeded;deterministically_filtered;structurally_curated
nl,v1,3,2604,2642,koninklijke,koninklijke,koninklijke,unknown,koninklijke,wordfreq:nl,wordfreq_seeded;deterministically_filtered;structurally_curated
nl,v1,3,2605,2643,legde,legde,legde,unknown,legde,wordfreq:nl,wordfreq_seeded;deterministically_filtered;structurally_curated
nl,v1,3,2606,2644,levens,levens,levens,unknown,levens,wordfreq:nl,wordfreq_seeded;deterministically_filtered;structurally_curated
nl,v1,3,2607,2645,liedjes,liedjes,liedjes,unknown,liedjes,wordfreq:nl,wordfreq_seeded;deterministically_filtered;structurally_curated
nl,v1,3,2608,2646,marine,marine,marine,unknown,marine,wordfreq:nl,wordfreq_seeded;deterministically_filtered;structurally_curated
nl,v1,3,2609,2647,meegenomen,meegenomen,meegenomen,unknown,meegenomen,wordfreq:nl,wordfreq_seeded;deterministically_filtered;structurally_curated
nl,v1,3,2610,2648,meldt,meldt,meldt,unknown,meldt,wordfreq:nl,wordfreq_seeded;deterministically_filtered;structurally_curated
nl,v1,3,2611,2649,ondernemen,ondernemen,ondernemen,unknown,ondernemen,wordfreq:nl,wordfreq_seeded;deterministically_filtered;structurally_curated
nl,v1,3,2612,2650,ondernemer,ondernemer,ondernemer,unknown,ondernemer,wordfreq:nl,wordfreq_seeded;deterministically_filtered;structurally_curated
nl,v1,3,2613,2651,ondersteunen,ondersteunen,ondersteunen,unknown,ondersteunen,wordfreq:nl,wordfreq_seeded;deterministically_filtered;structurally_curated
nl,v1,3,2614,2652,onderzocht,onderzocht,onderzocht,unknown,onderzocht,wordfreq:nl,wordfreq_seeded;deterministically_filtered;structurally_curated
nl,v1,3,2615,2653,opa,opa,opa,unknown,opa,wordfreq:nl,wordfreq_seeded;deterministically_filtered;structurally_curated
nl,v1,3,2616,2654,ophalen,ophalen,ophalen,unknown,ophalen,wordfreq:nl,wordfreq_seeded;deterministically_filtered;structurally_curated
nl,v1,3,2617,2655,paleis,paleis,paleis,unknown,paleis,wordfreq:nl,wordfreq_seeded;deterministically_filtered;structurally_curated
nl,v1,3,2618,2656,prinses,prinses,prinses,unknown,prinses,wordfreq:nl,wordfreq_seeded;deterministically_filtered;structurally_curated
nl,v1,3,2619,2657,recente,recente,recente,unknown,recente,wordfreq:nl,wordfreq_seeded;deterministically_filtered;structurally_curated
nl,v1,3,2620,2658,redelijk,redelijk,redelijk,unknown,redelijk,wordfreq:nl,wordfreq_seeded;deterministically_filtered;structurally_curated
nl,v1,3,2621,2659,relaties,relaties,relaties,unknown,relaties,wordfreq:nl,wordfreq_seeded;deterministically_filtered;structurally_curated
nl,v1,3,2622,2660,roken,roken,roken,unknown,roken,wordfreq:nl,wordfreq_seeded;deterministically_filtered;structurally_curated
nl,v1,3,2623,2661,soldaat,soldaat,soldaat,unknown,soldaat,wordfreq:nl,wordfreq_seeded;deterministically_filtered;structurally_curated
nl,v1,3,2624,2662,spanning,spanning,spanning,unknown,spanning,wordfreq:nl,wordfreq_seeded;deterministically_filtered;structurally_curated
nl,v1,3,2625,2663,steve,steve,steve,unknown,steve,wordfreq:nl,wordfreq_seeded;deterministically_filtered;structurally_curated
nl,v1,3,2626,2664,succesvolle,succesvolle,succesvolle,unknown,succesvolle,wordfreq:nl,wordfreq_seeded;deterministically_filtered;structurally_curated
nl,v1,3,2627,2665,toegankelijk,toegankelijk,toegankelijk,unknown,toegankelijk,wordfreq:nl,wordfreq_seeded;deterministically_filtered;structurally_curated
nl,v1,3,2628,2666,toepassing,toepassing,toepassing,unknown,toepassing,wordfreq:nl,wordfreq_seeded;deterministically_filtered;structurally_curated
nl,v1,3,2629,2667,vangen,vangen,vangen,unknown,vangen,wordfreq:nl,wordfreq_seeded;deterministically_filtered;structurally_curated
nl,v1,3,2630,2668,verklaard,verklaard,verklaard,unknown,verklaard,wordfreq:nl,wordfreq_seeded;deterministically_filtered;structurally_curated
nl,v1,3,2631,2669,vertrokken,vertrokken,vertrokken,unknown,vertrokken,wordfreq:nl,wordfreq_seeded;deterministically_filtered;structurally_curated
nl,v1,3,2632,2670,vijftig,vijftig,vijftig,unknown,vijftig,wordfreq:nl,wordfreq_seeded;deterministically_filtered;structurally_curated
nl,v1,3,2633,2671,voorkomt,voorkomt,voorkomt,unknown,voorkomt,wordfreq:nl,wordfreq_seeded;deterministically_filtered;structurally_curated
nl,v1,3,2634,2672,wagen,wagen,wagen,unknown,wagen,wordfreq:nl,wordfreq_seeded;deterministically_filtered;structurally_curated
nl,v1,3,2635,2673,wereldoorlog,wereldoorlog,wereldoorlog,unknown,wereldoorlog,wordfreq:nl,wordfreq_seeded;deterministically_filtered;structurally_curated
nl,v1,3,2636,2674,werkzaam,werkzaam,werkzaam,unknown,werkzaam,wordfreq:nl,wordfreq_seeded;deterministically_filtered;structurally_curated
nl,v1,3,2637,2675,aangevallen,aangevallen,aangevallen,unknown,aangevallen,wordfreq:nl,wordfreq_seeded;deterministically_filtered;structurally_curated
nl,v1,3,2638,2676,afval,afval,afval,unknown,afval,wordfreq:nl,wordfreq_seeded;deterministically_filtered;structurally_curated
nl,v1,3,2639,2677,alvast,alvast,alvast,unknown,alvast,wordfreq:nl,wordfreq_seeded;deterministically_filtered;structurally_curated
nl,v1,3,2640,2678,bestuurder,bestuurder,bestuurder,unknown,bestuurder,wordfreq:nl,wordfreq_seeded;deterministically_filtered;structurally_curated
nl,v1,3,2641,2679,bill,bill,bill,unknown,bill,wordfreq:nl,wordfreq_seeded;deterministically_filtered;structurally_curated
nl,v1,3,2642,2680,christelijke,christelijke,christelijke,unknown,christelijke,wordfreq:nl,wordfreq_seeded;deterministically_filtered;structurally_curated
nl,v1,3,2643,2681,conflict,conflict,conflict,unknown,conflict,wordfreq:nl,wordfreq_seeded;deterministically_filtered;structurally_curated
nl,v1,3,2644,2682,erfgoed,erfgoed,erfgoed,unknown,erfgoed,wordfreq:nl,wordfreq_seeded;deterministically_filtered;structurally_curated
nl,v1,3,2645,2683,ergste,ergste,ergste,unknown,ergste,wordfreq:nl,wordfreq_seeded;deterministically_filtered;structurally_curated
nl,v1,3,2646,2684,gebeld,gebeld,gebeld,unknown,gebeld,wordfreq:nl,wordfreq_seeded;deterministically_filtered;structurally_curated
nl,v1,3,2647,2685,hemel,hemel,hemel,unknown,hemel,wordfreq:nl,wordfreq_seeded;deterministically_filtered;structurally_curated
nl,v1,3,2648,2686,inkomen,inkomen,inkomen,unknown,inkomen,wordfreq:nl,wordfreq_seeded;deterministically_filtered;structurally_curated
nl,v1,3,2649,2687,kasteel,kasteel,kasteel,unknown,kasteel,wordfreq:nl,wordfreq_seeded;deterministically_filtered;structurally_curated
nl,v1,3,2650,2688,kg,kg,kg,unknown,kg,wordfreq:nl,wordfreq_seeded;deterministically_filtered;structurally_curated
nl,v1,3,2651,2689,klagen,klagen,klagen,unknown,klagen,wordfreq:nl,wordfreq_seeded;deterministically_filtered;structurally_curated
nl,v1,3,2652,2690,korea,korea,korea,unknown,korea,wordfreq:nl,wordfreq_seeded;deterministically_filtered;structurally_curated
nl,v1,3,2653,2691,landbouw,landbouw,landbouw,unknown,landbouw,wordfreq:nl,wordfreq_seeded;deterministically_filtered;structurally_curated
nl,v1,3,2654,2692,laptop,laptop,laptop,unknown,laptop,wordfreq:nl,wordfreq_seeded;deterministically_filtered;structurally_curated
nl,v1,3,2655,2693,leert,leert,leert,unknown,leert,wordfreq:nl,wordfreq_seeded;deterministically_filtered;structurally_curated
nl,v1,3,2656,2694,maximaal,maximaal,maximaal,unknown,maximaal,wordfreq:nl,wordfreq_seeded;deterministically_filtered;structurally_curated
nl,v1,3,2657,2695,not,not,not,unknown,not,wordfreq:nl,wordfreq_seeded;deterministically_filtered;structurally_curated
nl,v1,3,2658,2696,ongelooflijk,ongelooflijk,ongelooflijk,unknown,ongelooflijk,wordfreq:nl,wordfreq_seeded;deterministically_filtered;structurally_curated
nl,v1,3,2659,2697,ontmoeting,ontmoeting,ontmoeting,unknown,ontmoeting,wordfreq:nl,wordfreq_seeded;deterministically_filtered;structurally_curated
nl,v1,3,2660,2698,ontstaat,ontstaat,ontstaat,unknown,ontstaat,wordfreq:nl,wordfreq_seeded;deterministically_filtered;structurally_curated
nl,v1,3,2661,2699,oplossingen,oplossingen,oplossingen,unknown,oplossingen,wordfreq:nl,wordfreq_seeded;deterministically_filtered;structurally_curated
nl,v1,3,2662,2700,overtuigd,overtuigd,overtuigd,unknown,overtuigd,wordfreq:nl,wordfreq_seeded;deterministically_filtered;structurally_curated
nl,v1,3,2663,2701,pagina's,pagina's,pagina's,unknown,pagina's,wordfreq:nl,wordfreq_seeded;deterministically_filtered;structurally_curated
nl,v1,3,2664,2702,paniek,paniek,paniek,unknown,paniek,wordfreq:nl,wordfreq_seeded;deterministically_filtered;structurally_curated
nl,v1,3,2665,2703,plaatste,plaatste,plaatste,unknown,plaatste,wordfreq:nl,wordfreq_seeded;deterministically_filtered;structurally_curated
nl,v1,3,2666,2704,poort,poort,poort,unknown,poort,wordfreq:nl,wordfreq_seeded;deterministically_filtered;structurally_curated
nl,v1,3,2667,2705,principe,principe,principe,unknown,principe,wordfreq:nl,wordfreq_seeded;deterministically_filtered;structurally_curated
nl,v1,3,2668,2706,puur,puur,puur,unknown,puur,wordfreq:nl,wordfreq_seeded;deterministically_filtered;structurally_curated
nl,v1,3,2669,2707,stress,stress,stress,unknown,stress,wordfreq:nl,wordfreq_seeded;deterministically_filtered;structurally_curated
nl,v1,3,2670,2708,verborgen,verborgen,verborgen,unknown,verborgen,wordfreq:nl,wordfreq_seeded;deterministically_filtered;structurally_curated
nl,v1,3,2671,2709,verdieping,verdieping,verdieping,unknown,verdieping,wordfreq:nl,wordfreq_seeded;deterministically_filtered;structurally_curated
nl,v1,3,2672,2710,verkoopt,verkoopt,verkoopt,unknown,verkoopt,wordfreq:nl,wordfreq_seeded;deterministically_filtered;structurally_curated
nl,v1,3,2673,2711,waaraan,waaraan,waaraan,unknown,waaraan,wordfreq:nl,wordfreq_seeded;deterministically_filtered;structurally_curated
nl,v1,3,2674,2712,wiens,wiens,wiens,unknown,wiens,wordfreq:nl,wordfreq_seeded;deterministically_filtered;structurally_curated
nl,v1,3,2675,2713,alex,alex,alex,unknown,alex,wordfreq:nl,wordfreq_seeded;deterministically_filtered;structurally_curated
nl,v1,3,2676,2714,alexander,alexander,alexander,unknown,alexander,wordfreq:nl,wordfreq_seeded;deterministically_filtered;structurally_curated
nl,v1,3,2677,2715,arabische,arabische,arabische,unknown,arabische,wordfreq:nl,wordfreq_seeded;deterministically_filtered;structurally_curated
nl,v1,3,2678,2716,bedenken,bedenken,bedenken,unknown,bedenken,wordfreq:nl,wordfreq_seeded;deterministically_filtered;structurally_curated
nl,v1,3,2679,2717,bedoelde,bedoelde,bedoelde,unknown,bedoelde,wordfreq:nl,wordfreq_seeded;deterministically_filtered;structurally_curated
nl,v1,3,2680,2718,beschrijving,beschrijving,beschrijving,unknown,beschrijving,wordfreq:nl,wordfreq_seeded;deterministically_filtered;structurally_curated
nl,v1,3,2681,2719,besteld,besteld,besteld,unknown,besteld,wordfreq:nl,wordfreq_seeded;deterministically_filtered;structurally_curated
nl,v1,3,2682,2720,breken,breken,breken,unknown,breken,wordfreq:nl,wordfreq_seeded;deterministically_filtered;structurally_curated
nl,v1,3,2683,2721,buik,buik,buik,unknown,buik,wordfreq:nl,wordfreq_seeded;deterministically_filtered;structurally_curated
nl,v1,3,2684,2722,cadeau,cadeau,cadeau,unknown,cadeau,wordfreq:nl,wordfreq_seeded;deterministically_filtered;structurally_curated
nl,v1,3,2685,2723,complete,complete,complete,unknown,complete,wordfreq:nl,wordfreq_seeded;deterministically_filtered;structurally_curated
nl,v1,3,2686,2724,das,das,das,unknown,das,wordfreq:nl,wordfreq_seeded;deterministically_filtered;structurally_curated
nl,v1,3,2687,2725,definitief,definitief,definitief,unknown,definitief,wordfreq:nl,wordfreq_seeded;deterministically_filtered;structurally_curated
nl,v1,3,2688,2726,del,del,del,unknown,del,wordfreq:nl,wordfreq_seeded;deterministically_filtered;structurally_curated
nl,v1,3,2689,2727,domein,domein,domein,unknown,domein,wordfreq:nl,wordfreq_seeded;deterministically_filtered;structurally_curated
nl,v1,3,2690,2728,durf,durf,durf,unknown,durf,wordfreq:nl,wordfreq_seeded;deterministically_filtered;structurally_curated
nl,v1,3,2691,2729,ernstige,ernstige,ernstige,unknown,ernstige,wordfreq:nl,wordfreq_seeded;deterministically_filtered;structurally_curated
nl,v1,3,2692,2730,extreem,extreem,extreem,unknown,extreem,wordfreq:nl,wordfreq_seeded;deterministically_filtered;structurally_curated
nl,v1,3,2693,2731,feite,feite,feite,unknown,feite,wordfreq:nl,wordfreq_seeded;deterministically_filtered;structurally_curated
nl,v1,3,2694,2732,from,from,from,unknown,from,wordfreq:nl,wordfreq_seeded;deterministically_filtered;structurally_curated
nl,v1,3,2695,2733,geboorte,geboorte,geboorte,unknown,geboorte,wordfreq:nl,wordfreq_seeded;deterministically_filtered;structurally_curated
nl,v1,3,2696,2734,gereden,gereden,gereden,unknown,gereden,wordfreq:nl,wordfreq_seeded;deterministically_filtered;structurally_curated
nl,v1,3,2697,2735,gerust,gerust,gerust,unknown,gerust,wordfreq:nl,wordfreq_seeded;deterministically_filtered;structurally_curated
nl,v1,3,2698,2736,geslaagd,geslaagd,geslaagd,unknown,geslaagd,wordfreq:nl,wordfreq_seeded;deterministically_filtered;structurally_curated
nl,v1,3,2699,2737,goederen,goederen,goederen,unknown,goederen,wordfreq:nl,wordfreq_seeded;deterministically_filtered;structurally_curated
nl,v1,3,2700,2738,gouverneur,gouverneur,gouverneur,unknown,gouverneur,wordfreq:nl,wordfreq_seeded;deterministically_filtered;structurally_curated
nl,v1,3,2701,2739,hierop,hierop,hierop,unknown,hierop,wordfreq:nl,wordfreq_seeded;deterministically_filtered;structurally_curated
nl,v1,3,2702,2740,houding,houding,houding,unknown,houding,wordfreq:nl,wordfreq_seeded;deterministically_filtered;structurally_curated
nl,v1,3,2703,2741,identiteit,identiteit,identiteit,unknown,identiteit,wordfreq:nl,wordfreq_seeded;deterministically_filtered;structurally_curated
nl,v1,3,2704,2742,kapitein,kapitein,kapitein,unknown,kapitein,wordfreq:nl,wordfreq_seeded;deterministically_filtered;structurally_curated
nl,v1,3,2705,2743,kevin,kevin,kevin,unknown,kevin,wordfreq:nl,wordfreq_seeded;deterministically_filtered;structurally_curated
nl,v1,3,2706,2744,koers,koers,koers,unknown,koers,wordfreq:nl,wordfreq_seeded;deterministically_filtered;structurally_curated
nl,v1,3,2707,2745,kunstenaars,kunstenaars,kunstenaars,unknown,kunstenaars,wordfreq:nl,wordfreq_seeded;deterministically_filtered;structurally_curated
nl,v1,3,2708,2746,leerde,leerde,leerde,unknown,leerde,wordfreq:nl,wordfreq_seeded;deterministically_filtered;structurally_curated
nl,v1,3,2709,2747,merken,merken,merken,unknown,merken,wordfreq:nl,wordfreq_seeded;deterministically_filtered;structurally_curated
nl,v1,3,2710,2748,mode,mode,mode,unknown,mode,wordfreq:nl,wordfreq_seeded;deterministically_filtered;structurally_curated
nl,v1,3,2711,2749,moed,moed,moed,unknown,moed,wordfreq:nl,wordfreq_seeded;deterministically_filtered;structurally_curated
nl,v1,3,2712,2750,nadenken,nadenken,nadenken,unknown,nadenken,wordfreq:nl,wordfreq_seeded;deterministically_filtered;structurally_curated
nl,v1,3,2713,2751,nek,nek,nek,unknown,nek,wordfreq:nl,wordfreq_seeded;deterministically_filtered;structurally_curated
nl,v1,3,2714,2752,onderdelen,onderdelen,onderdelen,unknown,onderdelen,wordfreq:nl,wordfreq_seeded;deterministically_filtered;structurally_curated
nl,v1,3,2715,2753,ouderen,ouderen,ouderen,unknown,ouderen,wordfreq:nl,wordfreq_seeded;deterministically_filtered;structurally_curated
nl,v1,3,2716,2754,passie,passie,passie,unknown,passie,wordfreq:nl,wordfreq_seeded;deterministically_filtered;structurally_curated
nl,v1,3,2717,2755,religie,religie,religie,unknown,religie,wordfreq:nl,wordfreq_seeded;deterministically_filtered;structurally_curated
nl,v1,3,2718,2756,religieuze,religieuze,religieuze,unknown,religieuze,wordfreq:nl,wordfreq_seeded;deterministically_filtered;structurally_curated
nl,v1,3,2719,2757,slimme,slimme,slimme,unknown,slimme,wordfreq:nl,wordfreq_seeded;deterministically_filtered;structurally_curated
nl,v1,3,2720,2758,sms,sms,sms,unknown,sms,wordfreq:nl,wordfreq_seeded;deterministically_filtered;structurally_curated
nl,v1,3,2721,2759,sneeuw,sneeuw,sneeuw,unknown,sneeuw,wordfreq:nl,wordfreq_seeded;deterministically_filtered;structurally_curated
nl,v1,3,2722,2760,springen,springen,springen,unknown,springen,wordfreq:nl,wordfreq_seeded;deterministically_filtered;structurally_curated
nl,v1,3,2723,2761,straten,straten,straten,unknown,straten,wordfreq:nl,wordfreq_seeded;deterministically_filtered;structurally_curated
nl,v1,3,2724,2762,stuurde,stuurde,stuurde,unknown,stuurde,wordfreq:nl,wordfreq_seeded;deterministically_filtered;structurally_curated
nl,v1,3,2725,2763,symbool,symbool,symbool,unknown,symbool,wordfreq:nl,wordfreq_seeded;deterministically_filtered;structurally_curated
nl,v1,3,2726,2764,tekort,tekort,tekort,unknown,tekort,wordfreq:nl,wordfreq_seeded;deterministically_filtered;structurally_curated
nl,v1,3,2727,2765,tim,tim,tim,unknown,tim,wordfreq:nl,wordfreq_seeded;deterministically_filtered;structurally_curated
nl,v1,3,2728,2766,tony,tony,tony,unknown,tony,wordfreq:nl,wordfreq_seeded;deterministically_filtered;structurally_curated
nl,v1,3,2729,2767,uitgebracht,uitgebracht,uitgebracht,unknown,uitgebracht,wordfreq:nl,wordfreq_seeded;deterministically_filtered;structurally_curated
nl,v1,3,2730,2768,vandaar,vandaar,vandaar,unknown,vandaar,wordfreq:nl,wordfreq_seeded;deterministically_filtered;structurally_curated
nl,v1,3,2731,2769,vannacht,vannacht,vannacht,unknown,vannacht,wordfreq:nl,wordfreq_seeded;deterministically_filtered;structurally_curated
nl,v1,3,2732,2770,vecht,vecht,vecht,unknown,vecht,wordfreq:nl,wordfreq_seeded;deterministically_filtered;structurally_curated
nl,v1,3,2733,2771,verdrag,verdrag,verdrag,unknown,verdrag,wordfreq:nl,wordfreq_seeded;deterministically_filtered;structurally_curated
nl,v1,3,2734,2772,vernietigd,vernietigd,vernietigd,unknown,vernietigd,wordfreq:nl,wordfreq_seeded;deterministically_filtered;structurally_curated
nl,v1,3,2735,2773,volgers,volgers,volgers,unknown,volgers,wordfreq:nl,wordfreq_seeded;deterministically_filtered;structurally_curated
nl,v1,3,2736,2774,web,web,web,unknown,web,wordfreq:nl,wordfreq_seeded;deterministically_filtered;structurally_curated
nl,v1,3,2737,2775,wijst,wijst,wijst,unknown,wijst,wordfreq:nl,wordfreq_seeded;deterministically_filtered;structurally_curated
nl,v1,3,2738,2776,zand,zand,zand,unknown,zand,wordfreq:nl,wordfreq_seeded;deterministically_filtered;structurally_curated
nl,v1,3,2739,2777,zone,zone,zone,unknown,zone,wordfreq:nl,wordfreq_seeded;deterministically_filtered;structurally_curated
nl,v1,3,2740,2778,zwak,zwak,zwak,unknown,zwak,wordfreq:nl,wordfreq_seeded;deterministically_filtered;structurally_curated
nl,v1,3,2741,2779,aanbieden,aanbieden,aanbieden,unknown,aanbieden,wordfreq:nl,wordfreq_seeded;deterministically_filtered;structurally_curated
nl,v1,3,2742,2780,artiesten,artiesten,artiesten,unknown,artiesten,wordfreq:nl,wordfreq_seeded;deterministically_filtered;structurally_curated
nl,v1,3,2743,2781,behoort,behoort,behoort,unknown,behoort,wordfreq:nl,wordfreq_seeded;deterministically_filtered;structurally_curated
nl,v1,3,2744,2782,bodem,bodem,bodem,unknown,bodem,wordfreq:nl,wordfreq_seeded;deterministically_filtered;structurally_curated
nl,v1,3,2745,2783,bosch,bosch,bosch,unknown,bosch,wordfreq:nl,wordfreq_seeded;deterministically_filtered;structurally_curated
nl,v1,3,2746,2784,chauffeur,chauffeur,chauffeur,unknown,chauffeur,wordfreq:nl,wordfreq_seeded;deterministically_filtered;structurally_curated
nl,v1,3,2747,2785,chinees,chinees,chinees,unknown,chinees,wordfreq:nl,wordfreq_seeded;deterministically_filtered;structurally_curated
nl,v1,3,2748,2786,conclusie,conclusie,conclusie,unknown,conclusie,wordfreq:nl,wordfreq_seeded;deterministically_filtered;structurally_curated
nl,v1,3,2749,2787,defensie,defensie,defensie,unknown,defensie,wordfreq:nl,wordfreq_seeded;deterministically_filtered;structurally_curated
nl,v1,3,2750,2788,di,di,di,unknown,di,wordfreq:nl,wordfreq_seeded;deterministically_filtered;structurally_curated
nl,v1,3,2751,2789,dj,dj,dj,unknown,dj,wordfreq:nl,wordfreq_seeded;deterministically_filtered;structurally_curated
nl,v1,3,2752,2790,doelen,doelen,doelen,unknown,doelen,wordfreq:nl,wordfreq_seeded;deterministically_filtered;structurally_curated
nl,v1,3,2753,2791,eric,eric,eric,unknown,eric,wordfreq:nl,wordfreq_seeded;deterministically_filtered;structurally_curated
nl,v1,3,2754,2792,gay,gay,gay,unknown,gay,wordfreq:nl,wordfreq_seeded;deterministically_filtered;structurally_curated
nl,v1,3,2755,2793,gepland,gepland,gepland,unknown,gepland,wordfreq:nl,wordfreq_seeded;deterministically_filtered;structurally_curated
nl,v1,3,2756,2794,gescheiden,gescheiden,gescheiden,unknown,gescheiden,wordfreq:nl,wordfreq_seeded;deterministically_filtered;structurally_curated
nl,v1,3,2757,2795,getekend,getekend,getekend,unknown,getekend,wordfreq:nl,wordfreq_seeded;deterministically_filtered;structurally_curated
nl,v1,3,2758,2796,green,green,green,unknown,green,wordfreq:nl,wordfreq_seeded;deterministically_filtered;structurally_curated
nl,v1,3,2759,2797,herinnering,herinnering,herinnering,unknown,herinnering,wordfreq:nl,wordfreq_seeded;deterministically_filtered;structurally_curated
nl,v1,3,2760,2798,kenmerken,kenmerken,kenmerken,unknown,kenmerken,wordfreq:nl,wordfreq_seeded;deterministically_filtered;structurally_curated
nl,v1,3,2761,2799,kerst,kerst,kerst,unknown,kerst,wordfreq:nl,wordfreq_seeded;deterministically_filtered;structurally_curated
nl,v1,3,2762,2800,kleiner,kleiner,kleiner,unknown,kleiner,wordfreq:nl,wordfreq_seeded;deterministically_filtered;structurally_curated
nl,v1,3,2763,2801,kleinere,kleinere,kleinere,unknown,kleinere,wordfreq:nl,wordfreq_seeded;deterministically_filtered;structurally_curated
nl,v1,3,2764,2802,leef,leef,leef,unknown,leef,wordfreq:nl,wordfreq_seeded;deterministically_filtered;structurally_curated
nl,v1,3,2765,2803,lieten,lieten,lieten,unknown,lieten,wordfreq:nl,wordfreq_seeded;deterministically_filtered;structurally_curated
nl,v1,3,2766,2804,line,line,line,unknown,line,wordfreq:nl,wordfreq_seeded;deterministically_filtered;structurally_curated
nl,v1,3,2767,2805,louis,louis,louis,unknown,louis,wordfreq:nl,wordfreq_seeded;deterministically_filtered;structurally_curated
nl,v1,3,2768,2806,minste,minste,minste,unknown,minste,wordfreq:nl,wordfreq_seeded;deterministically_filtered;structurally_curated
nl,v1,3,2769,2807,negatief,negatief,negatief,unknown,negatief,wordfreq:nl,wordfreq_seeded;deterministically_filtered;structurally_curated
nl,v1,3,2770,2808,pand,pand,pand,unknown,pand,wordfreq:nl,wordfreq_seeded;deterministically_filtered;structurally_curated
nl,v1,3,2771,2809,pc,pc,pc,unknown,pc,wordfreq:nl,wordfreq_seeded;deterministically_filtered;structurally_curated
nl,v1,3,2772,2810,plaat,plaat,plaat,unknown,plaat,wordfreq:nl,wordfreq_seeded;deterministically_filtered;structurally_curated
nl,v1,3,2773,2811,realiseren,realiseren,realiseren,unknown,realiseren,wordfreq:nl,wordfreq_seeded;deterministically_filtered;structurally_curated
nl,v1,3,2774,2812,sloot,sloot,sloot,unknown,sloot,wordfreq:nl,wordfreq_seeded;deterministically_filtered;structurally_curated
nl,v1,3,2775,2813,toekomstige,toekomstige,toekomstige,unknown,toekomstige,wordfreq:nl,wordfreq_seeded;deterministically_filtered;structurally_curated
nl,v1,3,2776,2814,tranen,tranen,tranen,unknown,tranen,wordfreq:nl,wordfreq_seeded;deterministically_filtered;structurally_curated
nl,v1,3,2777,2815,treden,treden,treden,unknown,treden,wordfreq:nl,wordfreq_seeded;deterministically_filtered;structurally_curated
nl,v1,3,2778,2816,united,united,united,unknown,united,wordfreq:nl,wordfreq_seeded;deterministically_filtered;structurally_curated
nl,v1,3,2779,2817,verdedigen,verdedigen,verdedigen,unknown,verdedigen,wordfreq:nl,wordfreq_seeded;deterministically_filtered;structurally_curated
nl,v1,3,2780,2818,vet,vet,vet,unknown,vet,wordfreq:nl,wordfreq_seeded;deterministically_filtered;structurally_curated
nl,v1,3,2781,2819,vijfde,vijfde,vijfde,unknown,vijfde,wordfreq:nl,wordfreq_seeded;deterministically_filtered;structurally_curated
nl,v1,3,2782,2820,voorwaarden,voorwaarden,voorwaarden,unknown,voorwaarden,wordfreq:nl,wordfreq_seeded;deterministically_filtered;structurally_curated
nl,v1,3,2783,2821,werking,werking,werking,unknown,werking,wordfreq:nl,wordfreq_seeded;deterministically_filtered;structurally_curated
nl,v1,3,2784,2822,westerse,westerse,westerse,unknown,westerse,wordfreq:nl,wordfreq_seeded;deterministically_filtered;structurally_curated
nl,v1,3,2785,2823,zijde,zijde,zijde,unknown,zijde,wordfreq:nl,wordfreq_seeded;deterministically_filtered;structurally_curated
nl,v1,3,2786,2824,air,air,air,unknown,air,wordfreq:nl,wordfreq_seeded;deterministically_filtered;structurally_curated
nl,v1,3,2787,2825,alcohol,alcohol,alcohol,unknown,alcohol,wordfreq:nl,wordfreq_seeded;deterministically_filtered;structurally_curated
nl,v1,3,2788,2826,award,award,award,unknown,award,wordfreq:nl,wordfreq_seeded;deterministically_filtered;structurally_curated
nl,v1,3,2789,2827,aziatische,aziatische,aziatische,unknown,aziatische,wordfreq:nl,wordfreq_seeded;deterministically_filtered;structurally_curated
nl,v1,3,2790,2828,beheer,beheer,beheer,unknown,beheer,wordfreq:nl,wordfreq_seeded;deterministically_filtered;structurally_curated
nl,v1,3,2791,2829,belangen,belangen,belangen,unknown,belangen,wordfreq:nl,wordfreq_seeded;deterministically_filtered;structurally_curated
nl,v1,3,2792,2830,bestond,bestond,bestond,unknown,bestond,wordfreq:nl,wordfreq_seeded;deterministically_filtered;structurally_curated
nl,v1,3,2793,2831,boodschappen,boodschappen,boodschappen,unknown,boodschappen,wordfreq:nl,wordfreq_seeded;deterministically_filtered;structurally_curated
nl,v1,3,2794,2832,bord,bord,bord,unknown,bord,wordfreq:nl,wordfreq_seeded;deterministically_filtered;structurally_curated
nl,v1,3,2795,2833,brieven,brieven,brieven,unknown,brieven,wordfreq:nl,wordfreq_seeded;deterministically_filtered;structurally_curated
nl,v1,3,2796,2834,daniel,daniel,daniel,unknown,daniel,wordfreq:nl,wordfreq_seeded;deterministically_filtered;structurally_curated
nl,v1,3,2797,2835,delft,delft,delft,unknown,delft,wordfreq:nl,wordfreq_seeded;deterministically_filtered;structurally_curated
nl,v1,3,2798,2836,docent,docent,docent,unknown,docent,wordfreq:nl,wordfreq_seeded;deterministically_filtered;structurally_curated
nl,v1,3,2799,2837,eieren,eieren,eieren,unknown,eieren,wordfreq:nl,wordfreq_seeded;deterministically_filtered;structurally_curated
nl,v1,3,2800,2838,fan,fan,fan,unknown,fan,wordfreq:nl,wordfreq_seeded;deterministically_filtered;structurally_curated
nl,v1,3,2801,2839,gaande,gaande,gaande,unknown,gaande,wordfreq:nl,wordfreq_seeded;deterministically_filtered;structurally_curated
nl,v1,3,2802,2840,gauw,gauw,gauw,unknown,gauw,wordfreq:nl,wordfreq_seeded;deterministically_filtered;structurally_curated
nl,v1,3,2803,2841,gebroken,gebroken,gebroken,unknown,gebroken,wordfreq:nl,wordfreq_seeded;deterministically_filtered;structurally_curated
nl,v1,3,2804,2842,genoten,genoten,genoten,unknown,genoten,wordfreq:nl,wordfreq_seeded;deterministically_filtered;structurally_curated
nl,v1,3,2805,2843,gevormd,gevormd,gevormd,unknown,gevormd,wordfreq:nl,wordfreq_seeded;deterministically_filtered;structurally_curated
nl,v1,3,2806,2844,goedkoop,goedkoop,goedkoop,unknown,goedkoop,wordfreq:nl,wordfreq_seeded;deterministically_filtered;structurally_curated
nl,v1,3,2807,2845,henk,henk,henk,unknown,henk,wordfreq:nl,wordfreq_seeded;deterministically_filtered;structurally_curated
nl,v1,3,2808,2846,interne,interne,interne,unknown,interne,wordfreq:nl,wordfreq_seeded;deterministically_filtered;structurally_curated
nl,v1,3,2809,2847,jean,jean,jean,unknown,jean,wordfreq:nl,wordfreq_seeded;deterministically_filtered;structurally_curated
nl,v1,3,2810,2848,joe,joe,joe,unknown,joe,wordfreq:nl,wordfreq_seeded;deterministically_filtered;structurally_curated
nl,v1,3,2811,2849,jr,jr,jr,unknown,jr,wordfreq:nl,wordfreq_seeded;deterministically_filtered;structurally_curated
nl,v1,3,2812,2850,junior,junior,junior,unknown,junior,wordfreq:nl,wordfreq_seeded;deterministically_filtered;structurally_curated
nl,v1,3,2813,2851,kaas,kaas,kaas,unknown,kaas,wordfreq:nl,wordfreq_seeded;deterministically_filtered;structurally_curated
nl,v1,3,2814,2852,klok,klok,klok,unknown,klok,wordfreq:nl,wordfreq_seeded;deterministically_filtered;structurally_curated
nl,v1,3,2815,2853,liedje,liedje,liedje,unknown,liedje,wordfreq:nl,wordfreq_seeded;deterministically_filtered;structurally_curated
nl,v1,3,2816,2854,maal,maal,maal,unknown,maal,wordfreq:nl,wordfreq_seeded;deterministically_filtered;structurally_curated
nl,v1,3,2817,2855,marc,marc,marc,unknown,marc,wordfreq:nl,wordfreq_seeded;deterministically_filtered;structurally_curated
nl,v1,3,2818,2856,misdaad,misdaad,misdaad,unknown,misdaad,wordfreq:nl,wordfreq_seeded;deterministically_filtered;structurally_curated
nl,v1,3,2819,2857,modellen,modellen,modellen,unknown,modellen,wordfreq:nl,wordfreq_seeded;deterministically_filtered;structurally_curated
nl,v1,3,2820,2858,onbekende,onbekende,onbekende,unknown,onbekende,wordfreq:nl,wordfreq_seeded;deterministically_filtered;structurally_curated
nl,v1,3,2821,2859,ontsnappen,ontsnappen,ontsnappen,unknown,ontsnappen,wordfreq:nl,wordfreq_seeded;deterministically_filtered;structurally_curated
nl,v1,3,2822,2860,oren,oren,oren,unknown,oren,wordfreq:nl,wordfreq_seeded;deterministically_filtered;structurally_curated
nl,v1,3,2823,2861,plaatje,plaatje,plaatje,unknown,plaatje,wordfreq:nl,wordfreq_seeded;deterministically_filtered;structurally_curated
nl,v1,3,2824,2862,plant,plant,plant,unknown,plant,wordfreq:nl,wordfreq_seeded;deterministically_filtered;structurally_curated
nl,v1,3,2825,2863,publiceerde,publiceerde,publiceerde,unknown,publiceerde,wordfreq:nl,wordfreq_seeded;deterministically_filtered;structurally_curated
nl,v1,3,2826,2864,rome,rome,rome,unknown,rome,wordfreq:nl,wordfreq_seeded;deterministically_filtered;structurally_curated
nl,v1,3,2827,2865,rt,rt,rt,unknown,rt,wordfreq:nl,wordfreq_seeded;deterministically_filtered;structurally_curated
nl,v1,3,2828,2866,schoonheid,schoonheid,schoonheid,unknown,schoonheid,wordfreq:nl,wordfreq_seeded;deterministically_filtered;structurally_curated
nl,v1,3,2829,2867,simon,simon,simon,unknown,simon,wordfreq:nl,wordfreq_seeded;deterministically_filtered;structurally_curated
nl,v1,3,2830,2868,spannend,spannend,spannend,unknown,spannend,wordfreq:nl,wordfreq_seeded;deterministically_filtered;structurally_curated
nl,v1,3,2831,2869,sporten,sporten,sporten,unknown,sporten,wordfreq:nl,wordfreq_seeded;deterministically_filtered;structurally_curated
nl,v1,3,2832,2870,stoffen,stoffen,stoffen,unknown,stoffen,wordfreq:nl,wordfreq_seeded;deterministically_filtered;structurally_curated
nl,v1,3,2833,2871,terugkeer,terugkeer,terugkeer,unknown,terugkeer,wordfreq:nl,wordfreq_seeded;deterministically_filtered;structurally_curated
nl,v1,3,2834,2872,toegepast,toegepast,toegepast,unknown,toegepast,wordfreq:nl,wordfreq_seeded;deterministically_filtered;structurally_curated
nl,v1,3,2835,2873,toestand,toestand,toestand,unknown,toestand,wordfreq:nl,wordfreq_seeded;deterministically_filtered;structurally_curated
nl,v1,3,2836,2874,vergelijken,vergelijken,vergelijken,unknown,vergelijken,wordfreq:nl,wordfreq_seeded;deterministically_filtered;structurally_curated
nl,v1,3,2837,2875,verliest,verliest,verliest,unknown,verliest,wordfreq:nl,wordfreq_seeded;deterministically_filtered;structurally_curated
nl,v1,3,2838,2876,vermoedelijk,vermoedelijk,vermoedelijk,unknown,vermoedelijk,wordfreq:nl,wordfreq_seeded;deterministically_filtered;structurally_curated
nl,v1,3,2839,2877,verstand,verstand,verstand,unknown,verstand,wordfreq:nl,wordfreq_seeded;deterministically_filtered;structurally_curated
nl,v1,3,2840,2878,verzameling,verzameling,verzameling,unknown,verzameling,wordfreq:nl,wordfreq_seeded;deterministically_filtered;structurally_curated
nl,v1,3,2841,2879,vielen,vielen,vielen,unknown,vielen,wordfreq:nl,wordfreq_seeded;deterministically_filtered;structurally_curated
nl,v1,3,2842,2880,volwassenen,volwassenen,volwassenen,unknown,volwassenen,wordfreq:nl,wordfreq_seeded;deterministically_filtered;structurally_curated
nl,v1,3,2843,2881,voorstelling,voorstelling,voorstelling,unknown,voorstelling,wordfreq:nl,wordfreq_seeded;deterministically_filtered;structurally_curated
nl,v1,3,2844,2882,vrolijk,vrolijk,vrolijk,unknown,vrolijk,wordfreq:nl,wordfreq_seeded;deterministically_filtered;structurally_curated
nl,v1,3,2845,2883,wandelen,wandelen,wandelen,unknown,wandelen,wordfreq:nl,wordfreq_seeded;deterministically_filtered;structurally_curated
nl,v1,3,2846,2884,zilver,zilver,zilver,unknown,zilver,wordfreq:nl,wordfreq_seeded;deterministically_filtered;structurally_curated
nl,v1,3,2847,2886,aangegeven,aangegeven,aangegeven,unknown,aangegeven,wordfreq:nl,wordfreq_seeded;deterministically_filtered;structurally_curated
nl,v1,3,2848,2887,ad,ad,ad,unknown,ad,wordfreq:nl,wordfreq_seeded;deterministically_filtered;structurally_curated
nl,v1,3,2849,2888,ah,ah,ah,unknown,ah,wordfreq:nl,wordfreq_seeded;deterministically_filtered;structurally_curated
nl,v1,3,2850,2889,ajax,ajax,ajax,unknown,ajax,wordfreq:nl,wordfreq_seeded;deterministically_filtered;structurally_curated
nl,v1,3,2851,2890,anne,anne,anne,unknown,anne,wordfreq:nl,wordfreq_seeded;deterministically_filtered;structurally_curated
nl,v1,3,2852,2891,apart,apart,apart,unknown,apart,wordfreq:nl,wordfreq_seeded;deterministically_filtered;structurally_curated
nl,v1,3,2853,2892,aparte,aparte,aparte,unknown,aparte,wordfreq:nl,wordfreq_seeded;deterministically_filtered;structurally_curated
nl,v1,3,2854,2893,back,back,back,unknown,back,wordfreq:nl,wordfreq_seeded;deterministically_filtered;structurally_curated
nl,v1,3,2855,2894,beslag,beslag,beslag,unknown,beslag,wordfreq:nl,wordfreq_seeded;deterministically_filtered;structurally_curated
nl,v1,3,2856,2895,bruin,bruin,bruin,unknown,bruin,wordfreq:nl,wordfreq_seeded;deterministically_filtered;structurally_curated
nl,v1,3,2857,2896,business,business,business,unknown,business,wordfreq:nl,wordfreq_seeded;deterministically_filtered;structurally_curated
nl,v1,3,2858,2897,charlie,charlie,charlie,unknown,charlie,wordfreq:nl,wordfreq_seeded;deterministically_filtered;structurally_curated
nl,v1,3,2859,2898,cursus,cursus,cursus,unknown,cursus,wordfreq:nl,wordfreq_seeded;deterministically_filtered;structurally_curated
nl,v1,3,2860,2899,deal,deal,deal,unknown,deal,wordfreq:nl,wordfreq_seeded;deterministically_filtered;structurally_curated
nl,v1,3,2861,2900,ellende,ellende,ellende,unknown,ellende,wordfreq:nl,wordfreq_seeded;deterministically_filtered;structurally_curated
nl,v1,3,2862,2901,families,families,families,unknown,families,wordfreq:nl,wordfreq_seeded;deterministically_filtered;structurally_curated
nl,v1,3,2863,2902,functies,functies,functies,unknown,functies,wordfreq:nl,wordfreq_seeded;deterministically_filtered;structurally_curated
nl,v1,3,2864,2903,gemeld,gemeld,gemeld,unknown,gemeld,wordfreq:nl,wordfreq_seeded;deterministically_filtered;structurally_curated
nl,v1,3,2865,2904,gered,gered,gered,unknown,gered,wordfreq:nl,wordfreq_seeded;deterministically_filtered;structurally_curated
nl,v1,3,2866,2905,gezellige,gezellige,gezellige,unknown,gezellige,wordfreq:nl,wordfreq_seeded;deterministically_filtered;structurally_curated
nl,v1,3,2867,2906,haast,haast,haast,unknown,haast,wordfreq:nl,wordfreq_seeded;deterministically_filtered;structurally_curated
nl,v1,3,2868,2907,harte,harte,harte,unknown,harte,wordfreq:nl,wordfreq_seeded;deterministically_filtered;structurally_curated
nl,v1,3,2869,2908,impact,impact,impact,unknown,impact,wordfreq:nl,wordfreq_seeded;deterministically_filtered;structurally_curated
nl,v1,3,2870,2909,intussen,intussen,intussen,unknown,intussen,wordfreq:nl,wordfreq_seeded;deterministically_filtered;structurally_curated
nl,v1,3,2871,2910,investeren,investeren,investeren,unknown,investeren,wordfreq:nl,wordfreq_seeded;deterministically_filtered;structurally_curated
nl,v1,3,2872,2911,jongste,jongste,jongste,unknown,jongste,wordfreq:nl,wordfreq_seeded;deterministically_filtered;structurally_curated
nl,v1,3,2873,2912,kandidaten,kandidaten,kandidaten,unknown,kandidaten,wordfreq:nl,wordfreq_seeded;deterministically_filtered;structurally_curated
nl,v1,3,2874,2913,lee,lee,lee,unknown,lee,wordfreq:nl,wordfreq_seeded;deterministically_filtered;structurally_curated
nl,v1,3,2875,2914,lichte,lichte,lichte,unknown,lichte,wordfreq:nl,wordfreq_seeded;deterministically_filtered;structurally_curated
nl,v1,3,2876,2915,loon,loon,loon,unknown,loon,wordfreq:nl,wordfreq_seeded;deterministically_filtered;structurally_curated
nl,v1,3,2877,2916,luxe,luxe,luxe,unknown,luxe,wordfreq:nl,wordfreq_seeded;deterministically_filtered;structurally_curated
nl,v1,3,2878,2917,melk,melk,melk,unknown,melk,wordfreq:nl,wordfreq_seeded;deterministically_filtered;structurally_curated
nl,v1,3,2879,2918,menselijk,menselijk,menselijk,unknown,menselijk,wordfreq:nl,wordfreq_seeded;deterministically_filtered;structurally_curated
nl,v1,3,2880,2919,metro,metro,metro,unknown,metro,wordfreq:nl,wordfreq_seeded;deterministically_filtered;structurally_curated
nl,v1,3,2881,2920,moorden,moorden,moorden,unknown,moorden,wordfreq:nl,wordfreq_seeded;deterministically_filtered;structurally_curated
nl,v1,3,2882,2921,oekraïne,oekraïne,oekraïne,unknown,oekraïne,wordfreq:nl,wordfreq_seeded;deterministically_filtered;structurally_curated
nl,v1,3,2883,2922,ofwel,ofwel,ofwel,unknown,ofwel,wordfreq:nl,wordfreq_seeded;deterministically_filtered;structurally_curated
nl,v1,3,2884,2923,organiseert,organiseert,organiseert,unknown,organiseert,wordfreq:nl,wordfreq_seeded;deterministically_filtered;structurally_curated
nl,v1,3,2885,2924,play,play,play,unknown,play,wordfreq:nl,wordfreq_seeded;deterministically_filtered;structurally_curated
nl,v1,3,2886,2925,raden,raden,raden,unknown,raden,wordfreq:nl,wordfreq_seeded;deterministically_filtered;structurally_curated
nl,v1,3,2887,2926,rob,rob,rob,unknown,rob,wordfreq:nl,wordfreq_seeded;deterministically_filtered;structurally_curated
nl,v1,3,2888,2927,roman,roman,roman,unknown,roman,wordfreq:nl,wordfreq_seeded;deterministically_filtered;structurally_curated
nl,v1,3,2889,2928,russisch,russisch,russisch,unknown,russisch,wordfreq:nl,wordfreq_seeded;deterministically_filtered;structurally_curated
nl,v1,3,2890,2929,sleutel,sleutel,sleutel,unknown,sleutel,wordfreq:nl,wordfreq_seeded;deterministically_filtered;structurally_curated
nl,v1,3,2891,2930,specifieke,specifieke,specifieke,unknown,specifieke,wordfreq:nl,wordfreq_seeded;deterministically_filtered;structurally_curated
nl,v1,3,2892,2931,structuur,structuur,structuur,unknown,structuur,wordfreq:nl,wordfreq_seeded;deterministically_filtered;structurally_curated
nl,v1,3,2893,2932,tegenstander,tegenstander,tegenstander,unknown,tegenstander,wordfreq:nl,wordfreq_seeded;deterministically_filtered;structurally_curated
nl,v1,3,2894,2933,uitbreiding,uitbreiding,uitbreiding,unknown,uitbreiding,wordfreq:nl,wordfreq_seeded;deterministically_filtered;structurally_curated
nl,v1,3,2895,2934,uitgenodigd,uitgenodigd,uitgenodigd,unknown,uitgenodigd,wordfreq:nl,wordfreq_seeded;deterministically_filtered;structurally_curated
nl,v1,3,2896,2935,uitleggen,uitleggen,uitleggen,unknown,uitleggen,wordfreq:nl,wordfreq_seeded;deterministically_filtered;structurally_curated
nl,v1,3,2897,2936,uitstekend,uitstekend,uitstekend,unknown,uitstekend,wordfreq:nl,wordfreq_seeded;deterministically_filtered;structurally_curated
nl,v1,3,2898,2937,veranderde,veranderde,veranderde,unknown,veranderde,wordfreq:nl,wordfreq_seeded;deterministically_filtered;structurally_curated
nl,v1,3,2899,2938,verhuizen,verhuizen,verhuizen,unknown,verhuizen,wordfreq:nl,wordfreq_seeded;deterministically_filtered;structurally_curated
nl,v1,3,2900,2939,verslaan,verslaan,verslaan,unknown,verslaan,wordfreq:nl,wordfreq_seeded;deterministically_filtered;structurally_curated
nl,v1,3,2901,2940,vloer,vloer,vloer,unknown,vloer,wordfreq:nl,wordfreq_seeded;deterministically_filtered;structurally_curated
nl,v1,3,2902,2941,voorzichtig,voorzichtig,voorzichtig,unknown,voorzichtig,wordfreq:nl,wordfreq_seeded;deterministically_filtered;structurally_curated
nl,v1,3,2903,2942,wijken,wijken,wijken,unknown,wijken,wordfreq:nl,wordfreq_seeded;deterministically_filtered;structurally_curated
nl,v1,3,2904,2943,zoektocht,zoektocht,zoektocht,unknown,zoektocht,wordfreq:nl,wordfreq_seeded;deterministically_filtered;structurally_curated
nl,v1,3,2905,2944,zojuist,zojuist,zojuist,unknown,zojuist,wordfreq:nl,wordfreq_seeded;deterministically_filtered;structurally_curated
nl,v1,3,2906,2946,alternatief,alternatief,alternatief,unknown,alternatief,wordfreq:nl,wordfreq_seeded;deterministically_filtered;structurally_curated
nl,v1,3,2907,2947,bart,bart,bart,unknown,bart,wordfreq:nl,wordfreq_seeded;deterministically_filtered;structurally_curated
nl,v1,3,2908,2948,belangstelling,belangstelling,belangstelling,unknown,belangstelling,wordfreq:nl,wordfreq_seeded;deterministically_filtered;structurally_curated
nl,v1,3,2909,2949,beperkte,beperkte,beperkte,unknown,beperkte,wordfreq:nl,wordfreq_seeded;deterministically_filtered;structurally_curated
nl,v1,3,2910,2950,btw,btw,btw,unknown,btw,wordfreq:nl,wordfreq_seeded;deterministically_filtered;structurally_curated
nl,v1,3,2911,2951,drama,drama,drama,unknown,drama,wordfreq:nl,wordfreq_seeded;deterministically_filtered;structurally_curated
nl,v1,3,2912,2952,du,du,du,unknown,du,wordfreq:nl,wordfreq_seeded;deterministically_filtered;structurally_curated
nl,v1,3,2913,2953,elftal,elftal,elftal,unknown,elftal,wordfreq:nl,wordfreq_seeded;deterministically_filtered;structurally_curated
nl,v1,3,2914,2954,filmpjes,filmpjes,filmpjes,unknown,filmpjes,wordfreq:nl,wordfreq_seeded;deterministically_filtered;structurally_curated
nl,v1,3,2915,2955,johan,johan,johan,unknown,johan,wordfreq:nl,wordfreq_seeded;deterministically_filtered;structurally_curated
nl,v1,3,2916,2956,jongere,jongere,jongere,unknown,jongere,wordfreq:nl,wordfreq_seeded;deterministically_filtered;structurally_curated
nl,v1,3,2917,2957,koopt,koopt,koopt,unknown,koopt,wordfreq:nl,wordfreq_seeded;deterministically_filtered;structurally_curated
nl,v1,3,2918,2958,late,late,late,unknown,late,wordfreq:nl,wordfreq_seeded;deterministically_filtered;structurally_curated
nl,v1,3,2919,2959,make,make,make,unknown,make,wordfreq:nl,wordfreq_seeded;deterministically_filtered;structurally_curated
nl,v1,3,2920,2960,medicijnen,medicijnen,medicijnen,unknown,medicijnen,wordfreq:nl,wordfreq_seeded;deterministically_filtered;structurally_curated
nl,v1,3,2921,2961,methode,methode,methode,unknown,methode,wordfreq:nl,wordfreq_seeded;deterministically_filtered;structurally_curated
nl,v1,3,2922,2962,middelbare,middelbare,middelbare,unknown,middelbare,wordfreq:nl,wordfreq_seeded;deterministically_filtered;structurally_curated
nl,v1,3,2923,2963,misbruik,misbruik,misbruik,unknown,misbruik,wordfreq:nl,wordfreq_seeded;deterministically_filtered;structurally_curated
nl,v1,3,2924,2964,nat,nat,nat,unknown,nat,wordfreq:nl,wordfreq_seeded;deterministically_filtered;structurally_curated
nl,v1,3,2925,2965,neef,neef,neef,unknown,neef,wordfreq:nl,wordfreq_seeded;deterministically_filtered;structurally_curated
nl,v1,3,2926,2966,opname,opname,opname,unknown,opname,wordfreq:nl,wordfreq_seeded;deterministically_filtered;structurally_curated
nl,v1,3,2927,2967,opvallend,opvallend,opvallend,unknown,opvallend,wordfreq:nl,wordfreq_seeded;deterministically_filtered;structurally_curated
nl,v1,3,2928,2968,politicus,politicus,politicus,unknown,politicus,wordfreq:nl,wordfreq_seeded;deterministically_filtered;structurally_curated
nl,v1,3,2929,2969,prestaties,prestaties,prestaties,unknown,prestaties,wordfreq:nl,wordfreq_seeded;deterministically_filtered;structurally_curated
nl,v1,3,2930,2970,publicatie,publicatie,publicatie,unknown,publicatie,wordfreq:nl,wordfreq_seeded;deterministically_filtered;structurally_curated
nl,v1,3,2931,2971,rechtstreeks,rechtstreeks,rechtstreeks,unknown,rechtstreeks,wordfreq:nl,wordfreq_seeded;deterministically_filtered;structurally_curated
nl,v1,3,2932,2972,rijn,rijn,rijn,unknown,rijn,wordfreq:nl,wordfreq_seeded;deterministically_filtered;structurally_curated
nl,v1,3,2933,2973,sarah,sarah,sarah,unknown,sarah,wordfreq:nl,wordfreq_seeded;deterministically_filtered;structurally_curated
nl,v1,3,2934,2974,seksuele,seksuele,seksuele,unknown,seksuele,wordfreq:nl,wordfreq_seeded;deterministically_filtered;structurally_curated
nl,v1,3,2935,2975,sloeg,sloeg,sloeg,unknown,sloeg,wordfreq:nl,wordfreq_seeded;deterministically_filtered;structurally_curated
nl,v1,3,2936,2976,streek,streek,streek,unknown,streek,wordfreq:nl,wordfreq_seeded;deterministically_filtered;structurally_curated
nl,v1,3,2937,2978,taken,taken,taken,unknown,taken,wordfreq:nl,wordfreq_seeded;deterministically_filtered;structurally_curated
nl,v1,3,2938,2979,tante,tante,tante,unknown,tante,wordfreq:nl,wordfreq_seeded;deterministically_filtered;structurally_curated
nl,v1,3,2939,2980,tel,tel,tel,unknown,tel,wordfreq:nl,wordfreq_seeded;deterministically_filtered;structurally_curated
nl,v1,3,2940,2981,typisch,typisch,typisch,unknown,typisch,wordfreq:nl,wordfreq_seeded;deterministically_filtered;structurally_curated
nl,v1,3,2941,2982,uitvoeren,uitvoeren,uitvoeren,unknown,uitvoeren,wordfreq:nl,wordfreq_seeded;deterministically_filtered;structurally_curated
nl,v1,3,2942,2983,variant,variant,variant,unknown,variant,wordfreq:nl,wordfreq_seeded;deterministically_filtered;structurally_curated
nl,v1,3,2943,2984,verdediging,verdediging,verdediging,unknown,verdediging,wordfreq:nl,wordfreq_seeded;deterministically_filtered;structurally_curated
nl,v1,3,2944,2985,verdiend,verdiend,verdiend,unknown,verdiend,wordfreq:nl,wordfreq_seeded;deterministically_filtered;structurally_curated
nl,v1,3,2945,2986,verdriet,verdriet,verdriet,unknown,verdriet,wordfreq:nl,wordfreq_seeded;deterministically_filtered;structurally_curated
nl,v1,3,2946,2987,verschijnen,verschijnen,verschijnen,unknown,verschijnen,wordfreq:nl,wordfreq_seeded;deterministically_filtered;structurally_curated
nl,v1,3,2947,2988,vijand,vijand,vijand,unknown,vijand,wordfreq:nl,wordfreq_seeded;deterministically_filtered;structurally_curated
nl,v1,3,2948,2989,vlaams,vlaams,vlaams,unknown,vlaams,wordfreq:nl,wordfreq_seeded;deterministically_filtered;structurally_curated
nl,v1,3,2949,2990,voordelen,voordelen,voordelen,unknown,voordelen,wordfreq:nl,wordfreq_seeded;deterministically_filtered;structurally_curated
nl,v1,3,2950,2991,wetenschappelijk,wetenschappelijk,wetenschappelijk,unknown,wetenschappelijk,wordfreq:nl,wordfreq_seeded;deterministically_filtered;structurally_curated
nl,v1,3,2951,2992,zelden,zelden,zelden,unknown,zelden,wordfreq:nl,wordfreq_seeded;deterministically_filtered;structurally_curated
nl,v1,3,2952,2993,zelfmoord,zelfmoord,zelfmoord,unknown,zelfmoord,wordfreq:nl,wordfreq_seeded;deterministically_filtered;structurally_curated
nl,v1,3,2953,2994,artsen,artsen,artsen,unknown,artsen,wordfreq:nl,wordfreq_seeded;deterministically_filtered;structurally_curated
nl,v1,3,2954,2995,betaalde,betaalde,betaalde,unknown,betaalde,wordfreq:nl,wordfreq_seeded;deterministically_filtered;structurally_curated
nl,v1,3,2955,2996,blad,blad,blad,unknown,blad,wordfreq:nl,wordfreq_seeded;deterministically_filtered;structurally_curated
nl,v1,3,2956,2997,blok,blok,blok,unknown,blok,wordfreq:nl,wordfreq_seeded;deterministically_filtered;structurally_curated
nl,v1,3,2957,2998,dam,dam,dam,unknown,dam,wordfreq:nl,wordfreq_seeded;deterministically_filtered;structurally_curated
nl,v1,3,2958,2999,dankbaar,dankbaar,dankbaar,unknown,dankbaar,wordfreq:nl,wordfreq_seeded;deterministically_filtered;structurally_curated
nl,v1,3,2959,3000,deelnemen,deelnemen,deelnemen,unknown,deelnemen,wordfreq:nl,wordfreq_seeded;deterministically_filtered;structurally_curated
nl,v1,3,2960,3001,definitie,definitie,definitie,unknown,definitie,wordfreq:nl,wordfreq_seeded;deterministically_filtered;structurally_curated
nl,v1,3,2961,3002,duitsers,duitsers,duitsers,unknown,duitsers,wordfreq:nl,wordfreq_seeded;deterministically_filtered;structurally_curated
nl,v1,3,2962,3003,externe,externe,externe,unknown,externe,wordfreq:nl,wordfreq_seeded;deterministically_filtered;structurally_curated
nl,v1,3,2963,3004,extreme,extreme,extreme,unknown,extreme,wordfreq:nl,wordfreq_seeded;deterministically_filtered;structurally_curated
nl,v1,3,2964,3005,figuur,figuur,figuur,unknown,figuur,wordfreq:nl,wordfreq_seeded;deterministically_filtered;structurally_curated
nl,v1,3,2965,3006,filmpje,filmpje,filmpje,unknown,filmpje,wordfreq:nl,wordfreq_seeded;deterministically_filtered;structurally_curated
nl,v1,3,2966,3007,geduld,geduld,geduld,unknown,geduld,wordfreq:nl,wordfreq_seeded;deterministically_filtered;structurally_curated
nl,v1,3,2967,3008,gekke,gekke,gekke,unknown,gekke,wordfreq:nl,wordfreq_seeded;deterministically_filtered;structurally_curated
nl,v1,3,2968,3009,herstel,herstel,herstel,unknown,herstel,wordfreq:nl,wordfreq_seeded;deterministically_filtered;structurally_curated
nl,v1,3,2969,3010,hetgeen,hetgeen,hetgeen,unknown,hetgeen,wordfreq:nl,wordfreq_seeded;deterministically_filtered;structurally_curated
nl,v1,3,2970,3011,job,job,job,unknown,job,wordfreq:nl,wordfreq_seeded;deterministically_filtered;structurally_curated
nl,v1,3,2971,3012,jones,jones,jones,unknown,jones,wordfreq:nl,wordfreq_seeded;deterministically_filtered;structurally_curated
nl,v1,3,2972,3013,keuzes,keuzes,keuzes,unknown,keuzes,wordfreq:nl,wordfreq_seeded;deterministically_filtered;structurally_curated
nl,v1,3,2973,3014,laura,laura,laura,unknown,laura,wordfreq:nl,wordfreq_seeded;deterministically_filtered;structurally_curated
nl,v1,3,2974,3015,liegen,liegen,liegen,unknown,liegen,wordfreq:nl,wordfreq_seeded;deterministically_filtered;structurally_curated
nl,v1,3,2975,3016,luchthaven,luchthaven,luchthaven,unknown,luchthaven,wordfreq:nl,wordfreq_seeded;deterministically_filtered;structurally_curated
nl,v1,3,2976,3017,negeren,negeren,negeren,unknown,negeren,wordfreq:nl,wordfreq_seeded;deterministically_filtered;structurally_curated
nl,v1,3,2977,3018,off,off,off,unknown,off,wordfreq:nl,wordfreq_seeded;deterministically_filtered;structurally_curated
nl,v1,3,2978,3019,ontvangt,ontvangt,ontvangt,unknown,ontvangt,wordfreq:nl,wordfreq_seeded;deterministically_filtered;structurally_curated
nl,v1,3,2979,3020,oom,oom,oom,unknown,oom,wordfreq:nl,wordfreq_seeded;deterministically_filtered;structurally_curated
nl,v1,3,2980,3021,overleg,overleg,overleg,unknown,overleg,wordfreq:nl,wordfreq_seeded;deterministically_filtered;structurally_curated
nl,v1,3,2981,3022,plaatsvinden,plaatsvinden,plaatsvinden,unknown,plaatsvinden,wordfreq:nl,wordfreq_seeded;deterministically_filtered;structurally_curated
nl,v1,3,2982,3023,promotie,promotie,promotie,unknown,promotie,wordfreq:nl,wordfreq_seeded;deterministically_filtered;structurally_curated
nl,v1,3,2983,3024,ramp,ramp,ramp,unknown,ramp,wordfreq:nl,wordfreq_seeded;deterministically_filtered;structurally_curated
nl,v1,3,2984,3025,reguliere,reguliere,reguliere,unknown,reguliere,wordfreq:nl,wordfreq_seeded;deterministically_filtered;structurally_curated
nl,v1,3,2985,3026,salaris,salaris,salaris,unknown,salaris,wordfreq:nl,wordfreq_seeded;deterministically_filtered;structurally_curated
nl,v1,3,2986,3027,scherm,scherm,scherm,unknown,scherm,wordfreq:nl,wordfreq_seeded;deterministically_filtered;structurally_curated
nl,v1,3,2987,3028,transport,transport,transport,unknown,transport,wordfreq:nl,wordfreq_seeded;deterministically_filtered;structurally_curated
nl,v1,3,2988,3029,verdacht,verdacht,verdacht,unknown,verdacht,wordfreq:nl,wordfreq_seeded;deterministically_filtered;structurally_curated
nl,v1,3,2989,3030,verkrijgbaar,verkrijgbaar,verkrijgbaar,unknown,verkrijgbaar,wordfreq:nl,wordfreq_seeded;deterministically_filtered;structurally_curated
nl,v1,3,2990,3031,veroorzaken,veroorzaken,veroorzaken,unknown,veroorzaken,wordfreq:nl,wordfreq_seeded;deterministically_filtered;structurally_curated
nl,v1,3,2991,3032,verrast,verrast,verrast,unknown,verrast,wordfreq:nl,wordfreq_seeded;deterministically_filtered;structurally_curated
nl,v1,3,2992,3033,vlakbij,vlakbij,vlakbij,unknown,vlakbij,wordfreq:nl,wordfreq_seeded;deterministically_filtered;structurally_curated
nl,v1,3,2993,3034,volop,volop,volop,unknown,volop,wordfreq:nl,wordfreq_seeded;deterministically_filtered;structurally_curated
nl,v1,3,2994,3035,wetten,wetten,wetten,unknown,wetten,wordfreq:nl,wordfreq_seeded;deterministically_filtered;structurally_curated
nl,v1,3,2995,3036,zacht,zacht,zacht,unknown,zacht,wordfreq:nl,wordfreq_seeded;deterministically_filtered;structurally_curated
nl,v1,3,2996,3037,zanger,zanger,zanger,unknown,zanger,wordfreq:nl,wordfreq_seeded;deterministically_filtered;structurally_curated
nl,v1,3,2997,3038,zekerheid,zekerheid,zekerheid,unknown,zekerheid,wordfreq:nl,wordfreq_seeded;deterministically_filtered;structurally_curated
nl,v1,3,2998,3039,aangekomen,aangekomen,aangekomen,unknown,aangekomen,wordfreq:nl,wordfreq_seeded;deterministically_filtered;structurally_curated
nl,v1,3,2999,3040,aard,aard,aard,unknown,aard,wordfreq:nl,wordfreq_seeded;deterministically_filtered;structurally_curated
nl,v1,3,3000,3041,adam,adam,adam,unknown,adam,wordfreq:nl,wordfreq_seeded;deterministically_filtered;structurally_curated
