language,frequency_list_version,level,rank,source_rank,display_form,lemma,lemma_key,part_of_speech,definition_seed,source_provenance,curation_flags
pl,v1,1,1,1,w,w,w,unknown,w,wordfreq:pl,wordfreq_seeded;deterministically_filtered;structurally_curated
pl,v1,1,2,2,i,i,i,unknown,i,wordfreq:pl,wordfreq_seeded;deterministically_filtered;structurally_curated
pl,v1,1,3,3,nie,nie,nie,unknown,nie,wordfreq:pl,wordfreq_seeded;deterministically_filtered;structurally_curated
pl,v1,1,4,4,na,na,na,unknown,na,wordfreq:pl,wordfreq_seeded;deterministically_filtered;structurally_curated
pl,v1,1,5,5,się,się,się,unknown,się,wordfreq:pl,wordfreq_seeded;deterministically_filtered;structurally_curated
pl,v1,1,6,6,to,to,to,unknown,to,wordfreq:pl,wordfreq_seeded;deterministically_filtered;structurally_curated
pl,v1,1,7,7,z,z,z,unknown,z,wordfreq:pl,wordfreq_seeded;deterministically_filtered;structurally_curated
pl,v1,1,8,8,do,do,do,unknown,do,wordfreq:pl,wordfreq_seeded;deterministically_filtered;structurally_curated
pl,v1,1,9,9,jest,jest,jest,unknown,jest,wordfreq:pl,wordfreq_seeded;deterministically_filtered;structurally_curated
pl,v1,1,10,10,że,że,że,unknown,że,wordfreq:pl,wordfreq_seeded;deterministically_filtered;structurally_curated
pl,v1,1,11,12,o,o,o,unknown,o,wordfreq:pl,wordfreq_seeded;deterministically_filtered;structurally_curated
pl,v1,1,12,13,jak,jak,jak,unknown,jak,wordfreq:pl,wordfreq_seeded;deterministically_filtered;structurally_curated
pl,v1,1,13,14,a,a,a,unknown,a,wordfreq:pl,wordfreq_seeded;deterministically_filtered;structurally_curated
pl,v1,1,14,15,ale,ale,ale,unknown,ale,wordfreq:pl,wordfreq_seeded;deterministically_filtered;structurally_curated
pl,v1,1,15,16,co,co,co,unknown,co,wordfreq:pl,wordfreq_seeded;deterministically_filtered;structurally_curated
pl,v1,1,16,17,tak,tak,tak,unknown,tak,wordfreq:pl,wordfreq_seeded;deterministically_filtered;structurally_curated
pl,v1,1,17,18,za,za,za,unknown,za,wordfreq:pl,wordfreq_seeded;deterministically_filtered;structurally_curated
pl,v1,1,18,19,od,od,od,unknown,od,wordfreq:pl,wordfreq_seeded;deterministically_filtered;structurally_curated
pl,v1,1,19,20,po,po,po,unknown,po,wordfreq:pl,wordfreq_seeded;deterministically_filtered;structurally_curated
pl,v1,1,20,22,dla,dla,dla,unknown,dla,wordfreq:pl,wordfreq_seeded;deterministically_filtered;structurally_curated
pl,v1,1,21,23,tym,tym,tym,unknown,tym,wordfreq:pl,wordfreq_seeded;deterministically_filtered;structurally_curated
pl,v1,1,22,24,czy,czy,czy,unknown,czy,wordfreq:pl,wordfreq_seeded;deterministically_filtered;structurally_curated
pl,v1,1,23,25,przez,przez,przez,unknown,przez,wordfreq:pl,wordfreq_seeded;deterministically_filtered;structurally_curated
pl,v1,1,24,26,tego,tego,tego,unknown,tego,wordfreq:pl,wordfreq_seeded;deterministically_filtered;structurally_curated
pl,v1,1,25,27,są,są,są,unknown,są,wordfreq:pl,wordfreq_seeded;deterministically_filtered;structurally_curated
pl,v1,1,26,28,ma,ma,ma,unknown,ma,wordfreq:pl,wordfreq_seeded;deterministically_filtered;structurally_curated
pl,v1,1,27,29,tylko,tylko,tylko,unknown,tylko,wordfreq:pl,wordfreq_seeded;deterministically_filtered;structurally_curated
pl,v1,1,28,30,już,już,już,unknown,już,wordfreq:pl,wordfreq_seeded;deterministically_filtered;structurally_curated
pl,v1,1,29,31,mi,mi,mi,unknown,mi,wordfreq:pl,wordfreq_seeded;deterministically_filtered;structurally_curated
pl,v1,1,30,32,mnie,mnie,mnie,unknown,mnie,wordfreq:pl,wordfreq_seeded;deterministically_filtered;structurally_curated
pl,v1,1,31,33,ze,ze,ze,unknown,ze,wordfreq:pl,wordfreq_seeded;deterministically_filtered;structurally_curated
pl,v1,1,32,34,może,może,może,unknown,może,wordfreq:pl,wordfreq_seeded;deterministically_filtered;structurally_curated
pl,v1,1,33,36,bo,bo,bo,unknown,bo,wordfreq:pl,wordfreq_seeded;deterministically_filtered;structurally_curated
pl,v1,1,34,37,ja,ja,ja,unknown,ja,wordfreq:pl,wordfreq_seeded;deterministically_filtered;structurally_curated
pl,v1,1,35,38,ten,ten,ten,unknown,ten,wordfreq:pl,wordfreq_seeded;deterministically_filtered;structurally_curated
pl,v1,1,36,39,oraz,oraz,oraz,unknown,oraz,wordfreq:pl,wordfreq_seeded;deterministically_filtered;structurally_curated
pl,v1,1,37,40,bardzo,bardzo,bardzo,unknown,bardzo,wordfreq:pl,wordfreq_seeded;deterministically_filtered;structurally_curated
pl,v1,1,38,41,będzie,będzie,będzie,unknown,będzie,wordfreq:pl,wordfreq_seeded;deterministically_filtered;structurally_curated
pl,v1,1,39,42,być,być,być,unknown,być,wordfreq:pl,wordfreq_seeded;deterministically_filtered;structurally_curated
pl,v1,1,40,43,jego,jego,jego,unknown,jego,wordfreq:pl,wordfreq_seeded;deterministically_filtered;structurally_curated
pl,v1,1,41,44,by,by,by,unknown,by,wordfreq:pl,wordfreq_seeded;deterministically_filtered;structurally_curated
pl,v1,1,42,45,sobie,sobie,sobie,unknown,sobie,wordfreq:pl,wordfreq_seeded;deterministically_filtered;structurally_curated
pl,v1,1,43,46,ich,ich,ich,unknown,ich,wordfreq:pl,wordfreq_seeded;deterministically_filtered;structurally_curated
pl,v1,1,44,47,mam,mam,mam,unknown,mam,wordfreq:pl,wordfreq_seeded;deterministically_filtered;structurally_curated
pl,v1,1,45,48,jeśli,jeśli,jeśli,unknown,jeśli,wordfreq:pl,wordfreq_seeded;deterministically_filtered;structurally_curated
pl,v1,1,46,49,roku,roku,roku,unknown,roku,wordfreq:pl,wordfreq_seeded;deterministically_filtered;structurally_curated
pl,v1,1,47,50,też,też,też,unknown,też,wordfreq:pl,wordfreq_seeded;deterministically_filtered;structurally_curated
pl,v1,1,48,51,jeszcze,jeszcze,jeszcze,unknown,jeszcze,wordfreq:pl,wordfreq_seeded;deterministically_filtered;structurally_curated
pl,v1,1,49,52,był,był,był,unknown,był,wordfreq:pl,wordfreq_seeded;deterministically_filtered;structurally_curated
pl,v1,1,50,53,które,które,które,unknown,które,wordfreq:pl,wordfreq_seeded;deterministically_filtered;structurally_curated
pl,v1,1,51,54,jako,jako,jako,unknown,jako,wordfreq:pl,wordfreq_seeded;deterministically_filtered;structurally_curated
pl,v1,1,52,55,jestem,jestem,jestem,unknown,jestem,wordfreq:pl,wordfreq_seeded;deterministically_filtered;structurally_curated
pl,v1,1,53,56,było,było,było,unknown,było,wordfreq:pl,wordfreq_seeded;deterministically_filtered;structurally_curated
pl,v1,1,54,57,jej,jej,jej,unknown,jej,wordfreq:pl,wordfreq_seeded;deterministically_filtered;structurally_curated
pl,v1,1,55,58,kiedy,kiedy,kiedy,unknown,kiedy,wordfreq:pl,wordfreq_seeded;deterministically_filtered;structurally_curated
pl,v1,1,56,59,który,który,który,unknown,który,wordfreq:pl,wordfreq_seeded;deterministically_filtered;structurally_curated
pl,v1,1,57,60,nawet,nawet,nawet,unknown,nawet,wordfreq:pl,wordfreq_seeded;deterministically_filtered;structurally_curated
pl,v1,1,58,61,teraz,teraz,teraz,unknown,teraz,wordfreq:pl,wordfreq_seeded;deterministically_filtered;structurally_curated
pl,v1,1,59,62,go,go,go,unknown,go,wordfreq:pl,wordfreq_seeded;deterministically_filtered;structurally_curated
pl,v1,1,60,63,no,no,no,unknown,no,wordfreq:pl,wordfreq_seeded;deterministically_filtered;structurally_curated
pl,v1,1,61,64,pod,pod,pod,unknown,pod,wordfreq:pl,wordfreq_seeded;deterministically_filtered;structurally_curated
pl,v1,1,62,65,coś,coś,coś,unknown,coś,wordfreq:pl,wordfreq_seeded;deterministically_filtered;structurally_curated
pl,v1,1,63,69,ci,ci,ci,unknown,ci,wordfreq:pl,wordfreq_seeded;deterministically_filtered;structurally_curated
pl,v1,1,64,70,lat,lat,lat,unknown,lat,wordfreq:pl,wordfreq_seeded;deterministically_filtered;structurally_curated
pl,v1,1,65,71,tam,tam,tam,unknown,tam,wordfreq:pl,wordfreq_seeded;deterministically_filtered;structurally_curated
pl,v1,1,66,72,te,te,te,unknown,te,wordfreq:pl,wordfreq_seeded;deterministically_filtered;structurally_curated
pl,v1,1,67,73,więc,więc,więc,unknown,więc,wordfreq:pl,wordfreq_seeded;deterministically_filtered;structurally_curated
pl,v1,1,68,74,gdy,gdy,gdy,unknown,gdy,wordfreq:pl,wordfreq_seeded;deterministically_filtered;structurally_curated
pl,v1,1,69,75,gdzie,gdzie,gdzie,unknown,gdzie,wordfreq:pl,wordfreq_seeded;deterministically_filtered;structurally_curated
pl,v1,1,70,76,tej,tej,tej,unknown,tej,wordfreq:pl,wordfreq_seeded;deterministically_filtered;structurally_curated
pl,v1,1,71,77,bez,bez,bez,unknown,bez,wordfreq:pl,wordfreq_seeded;deterministically_filtered;structurally_curated
pl,v1,1,72,78,żeby,żeby,żeby,unknown,żeby,wordfreq:pl,wordfreq_seeded;deterministically_filtered;structurally_curated
pl,v1,1,73,79,jednak,jednak,jednak,unknown,jednak,wordfreq:pl,wordfreq_seeded;deterministically_filtered;structurally_curated
pl,v1,1,74,80,lub,lub,lub,unknown,lub,wordfreq:pl,wordfreq_seeded;deterministically_filtered;structurally_curated
pl,v1,1,75,81,wiem,wiem,wiem,unknown,wiem,wordfreq:pl,wordfreq_seeded;deterministically_filtered;structurally_curated
pl,v1,1,76,82,nic,nic,nic,unknown,nic,wordfreq:pl,wordfreq_seeded;deterministically_filtered;structurally_curated
pl,v1,1,77,83,wszystko,wszystko,wszystko,unknown,wszystko,wordfreq:pl,wordfreq_seeded;deterministically_filtered;structurally_curated
pl,v1,1,78,84,można,można,można,unknown,można,wordfreq:pl,wordfreq_seeded;deterministically_filtered;structurally_curated
pl,v1,1,79,85,przy,przy,przy,unknown,przy,wordfreq:pl,wordfreq_seeded;deterministically_filtered;structurally_curated
pl,v1,1,80,86,ludzie,ludzie,ludzie,unknown,ludzie,wordfreq:pl,wordfreq_seeded;deterministically_filtered;structurally_curated
pl,v1,1,81,87,przed,przed,przed,unknown,przed,wordfreq:pl,wordfreq_seeded;deterministically_filtered;structurally_curated
pl,v1,1,82,88,więcej,więcej,więcej,unknown,więcej,wordfreq:pl,wordfreq_seeded;deterministically_filtered;structurally_curated
pl,v1,1,83,89,chyba,chyba,chyba,unknown,chyba,wordfreq:pl,wordfreq_seeded;deterministically_filtered;structurally_curated
pl,v1,1,84,90,ludzi,ludzi,ludzi,unknown,ludzi,wordfreq:pl,wordfreq_seeded;deterministically_filtered;structurally_curated
pl,v1,1,85,91,nas,nas,nas,unknown,nas,wordfreq:pl,wordfreq_seeded;deterministically_filtered;structurally_curated
pl,v1,1,86,92,także,także,także,unknown,także,wordfreq:pl,wordfreq_seeded;deterministically_filtered;structurally_curated
pl,v1,1,87,93,tu,tu,tu,unknown,tu,wordfreq:pl,wordfreq_seeded;deterministically_filtered;structurally_curated
pl,v1,1,88,94,on,on,on,unknown,on,wordfreq:pl,wordfreq_seeded;deterministically_filtered;structurally_curated
pl,v1,1,89,95,była,była,była,unknown,była,wordfreq:pl,wordfreq_seeded;deterministically_filtered;structurally_curated
pl,v1,1,90,96,u,u,u,unknown,u,wordfreq:pl,wordfreq_seeded;deterministically_filtered;structurally_curated
pl,v1,1,91,97,tych,tych,tych,unknown,tych,wordfreq:pl,wordfreq_seeded;deterministically_filtered;structurally_curated
pl,v1,1,92,98,również,również,również,unknown,również,wordfreq:pl,wordfreq_seeded;deterministically_filtered;structurally_curated
pl,v1,1,93,99,ta,ta,ta,unknown,ta,wordfreq:pl,wordfreq_seeded;deterministically_filtered;structurally_curated
pl,v1,1,94,100,takie,takie,takie,unknown,takie,wordfreq:pl,wordfreq_seeded;deterministically_filtered;structurally_curated
pl,v1,1,95,101,ktoś,ktoś,ktoś,unknown,ktoś,wordfreq:pl,wordfreq_seeded;deterministically_filtered;structurally_curated
pl,v1,1,96,102,niż,niż,niż,unknown,niż,wordfreq:pl,wordfreq_seeded;deterministically_filtered;structurally_curated
pl,v1,1,97,103,dobrze,dobrze,dobrze,unknown,dobrze,wordfreq:pl,wordfreq_seeded;deterministically_filtered;structurally_curated
pl,v1,1,98,104,kto,kto,kto,unknown,kto,wordfreq:pl,wordfreq_seeded;deterministically_filtered;structurally_curated
pl,v1,1,99,105,r,r,r,unknown,r,wordfreq:pl,wordfreq_seeded;deterministically_filtered;structurally_curated
pl,v1,1,100,106,zawsze,zawsze,zawsze,unknown,zawsze,wordfreq:pl,wordfreq_seeded;deterministically_filtered;structurally_curated
pl,v1,1,101,107,która,która,która,unknown,która,wordfreq:pl,wordfreq_seeded;deterministically_filtered;structurally_curated
pl,v1,1,102,108,właśnie,właśnie,właśnie,unknown,właśnie,wordfreq:pl,wordfreq_seeded;deterministically_filtered;structurally_curated
pl,v1,1,103,109,masz,masz,masz,unknown,masz,wordfreq:pl,wordfreq_seeded;deterministically_filtered;structurally_curated
pl,v1,1,104,110,sie,sie,sie,unknown,sie,wordfreq:pl,wordfreq_seeded;deterministically_filtered;structurally_curated
pl,v1,1,105,111,aby,aby,aby,unknown,aby,wordfreq:pl,wordfreq_seeded;deterministically_filtered;structurally_curated
pl,v1,1,106,112,albo,albo,albo,unknown,albo,wordfreq:pl,wordfreq_seeded;deterministically_filtered;structurally_curated
pl,v1,1,107,113,ty,ty,ty,unknown,ty,wordfreq:pl,wordfreq_seeded;deterministically_filtered;structurally_curated
pl,v1,1,108,115,osób,osób,osób,unknown,osób,wordfreq:pl,wordfreq_seeded;deterministically_filtered;structurally_curated
pl,v1,1,109,116,czas,czas,czas,unknown,czas,wordfreq:pl,wordfreq_seeded;deterministically_filtered;structurally_curated
pl,v1,1,110,117,mają,mają,mają,unknown,mają,wordfreq:pl,wordfreq_seeded;deterministically_filtered;structurally_curated
pl,v1,1,111,118,dzięki,dzięki,dzięki,unknown,dzięki,wordfreq:pl,wordfreq_seeded;deterministically_filtered;structurally_curated
pl,v1,1,112,119,którzy,którzy,którzy,unknown,którzy,wordfreq:pl,wordfreq_seeded;deterministically_filtered;structurally_curated
pl,v1,1,113,120,podczas,podczas,podczas,unknown,podczas,wordfreq:pl,wordfreq_seeded;deterministically_filtered;structurally_curated
pl,v1,1,114,122,bardziej,bardziej,bardziej,unknown,bardziej,wordfreq:pl,wordfreq_seeded;deterministically_filtered;structurally_curated
pl,v1,1,115,123,dlaczego,dlaczego,dlaczego,unknown,dlaczego,wordfreq:pl,wordfreq_seeded;deterministically_filtered;structurally_curated
pl,v1,1,116,124,dzieci,dzieci,dzieci,unknown,dzieci,wordfreq:pl,wordfreq_seeded;deterministically_filtered;structurally_curated
pl,v1,1,117,125,nich,nich,nich,unknown,nich,wordfreq:pl,wordfreq_seeded;deterministically_filtered;structurally_curated
pl,v1,1,118,126,raz,raz,raz,unknown,raz,wordfreq:pl,wordfreq_seeded;deterministically_filtered;structurally_curated
pl,v1,1,119,127,mu,mu,mu,unknown,mu,wordfreq:pl,wordfreq_seeded;deterministically_filtered;structurally_curated
pl,v1,1,120,128,nad,nad,nad,unknown,nad,wordfreq:pl,wordfreq_seeded;deterministically_filtered;structurally_curated
pl,v1,1,121,129,nigdy,nigdy,nigdy,unknown,nigdy,wordfreq:pl,wordfreq_seeded;deterministically_filtered;structurally_curated
pl,v1,1,122,130,pracy,pracy,pracy,unknown,pracy,wordfreq:pl,wordfreq_seeded;deterministically_filtered;structurally_curated
pl,v1,1,123,131,im,im,im,unknown,im,wordfreq:pl,wordfreq_seeded;deterministically_filtered;structurally_curated
pl,v1,1,124,132,mamy,mamy,mamy,unknown,mamy,wordfreq:pl,wordfreq_seeded;deterministically_filtered;structurally_curated
pl,v1,1,125,133,życie,życie,życie,unknown,życie,wordfreq:pl,wordfreq_seeded;deterministically_filtered;structurally_curated
pl,v1,1,126,134,chce,chce,chce,unknown,chce,wordfreq:pl,wordfreq_seeded;deterministically_filtered;structurally_curated
pl,v1,1,127,135,dnia,dnia,dnia,unknown,dnia,wordfreq:pl,wordfreq_seeded;deterministically_filtered;structurally_curated
pl,v1,1,128,136,innych,innych,innych,unknown,innych,wordfreq:pl,wordfreq_seeded;deterministically_filtered;structurally_curated
pl,v1,1,129,137,je,je,je,unknown,je,wordfreq:pl,wordfreq_seeded;deterministically_filtered;structurally_curated
pl,v1,1,130,138,jesteś,jesteś,jesteś,unknown,jesteś,wordfreq:pl,wordfreq_seeded;deterministically_filtered;structurally_curated
pl,v1,1,131,139,temu,temu,temu,unknown,temu,wordfreq:pl,wordfreq_seeded;deterministically_filtered;structurally_curated
pl,v1,1,132,140,tutaj,tutaj,tutaj,unknown,tutaj,wordfreq:pl,wordfreq_seeded;deterministically_filtered;structurally_curated
pl,v1,1,133,141,wiele,wiele,wiele,unknown,wiele,wordfreq:pl,wordfreq_seeded;deterministically_filtered;structurally_curated
pl,v1,1,134,142,został,został,został,unknown,został,wordfreq:pl,wordfreq_seeded;deterministically_filtered;structurally_curated
pl,v1,1,135,143,będą,będą,będą,unknown,będą,wordfreq:pl,wordfreq_seeded;deterministically_filtered;structurally_curated
pl,v1,1,136,144,jeden,jeden,jeden,unknown,jeden,wordfreq:pl,wordfreq_seeded;deterministically_filtered;structurally_curated
pl,v1,1,137,145,miejsce,miejsce,miejsce,unknown,miejsce,wordfreq:pl,wordfreq_seeded;deterministically_filtered;structurally_curated
pl,v1,1,138,146,polski,polski,polski,unknown,polski,wordfreq:pl,wordfreq_seeded;deterministically_filtered;structurally_curated
pl,v1,1,139,147,wszyscy,wszyscy,wszyscy,unknown,wszyscy,wordfreq:pl,wordfreq_seeded;deterministically_filtered;structurally_curated
pl,v1,1,140,148,wszystkich,wszystkich,wszystkich,unknown,wszystkich,wordfreq:pl,wordfreq_seeded;deterministically_filtered;structurally_curated
pl,v1,1,141,149,wszystkie,wszystkie,wszystkie,unknown,wszystkie,wordfreq:pl,wordfreq_seeded;deterministically_filtered;structurally_curated
pl,v1,1,142,150,były,były,były,unknown,były,wordfreq:pl,wordfreq_seeded;deterministically_filtered;structurally_curated
pl,v1,1,143,151,kilka,kilka,kilka,unknown,kilka,wordfreq:pl,wordfreq_seeded;deterministically_filtered;structurally_curated
pl,v1,1,144,152,nam,nam,nam,unknown,nam,wordfreq:pl,wordfreq_seeded;deterministically_filtered;structurally_curated
pl,v1,1,145,153,sposób,sposób,sposób,unknown,sposób,wordfreq:pl,wordfreq_seeded;deterministically_filtered;structurally_curated
pl,v1,1,146,154,we,we,we,unknown,we,wordfreq:pl,wordfreq_seeded;deterministically_filtered;structurally_curated
pl,v1,1,147,155,domu,domu,domu,unknown,domu,wordfreq:pl,wordfreq_seeded;deterministically_filtered;structurally_curated
pl,v1,1,148,156,dzień,dzień,dzień,unknown,dzień,wordfreq:pl,wordfreq_seeded;deterministically_filtered;structurally_curated
pl,v1,1,149,157,których,których,których,unknown,których,wordfreq:pl,wordfreq_seeded;deterministically_filtered;structurally_curated
pl,v1,1,150,158,prostu,prostu,prostu,unknown,prostu,wordfreq:pl,wordfreq_seeded;deterministically_filtered;structurally_curated
pl,v1,1,151,159,razem,razem,razem,unknown,razem,wordfreq:pl,wordfreq_seeded;deterministically_filtered;structurally_curated
pl,v1,1,152,160,siebie,siebie,siebie,unknown,siebie,wordfreq:pl,wordfreq_seeded;deterministically_filtered;structurally_curated
pl,v1,1,153,161,taki,taki,taki,unknown,taki,wordfreq:pl,wordfreq_seeded;deterministically_filtered;structurally_curated
pl,v1,1,154,162,chodzi,chodzi,chodzi,unknown,chodzi,wordfreq:pl,wordfreq_seeded;deterministically_filtered;structurally_curated
pl,v1,1,155,163,swoje,swoje,swoje,unknown,swoje,wordfreq:pl,wordfreq_seeded;deterministically_filtered;structurally_curated
pl,v1,1,156,164,trochę,trochę,trochę,unknown,trochę,wordfreq:pl,wordfreq_seeded;deterministically_filtered;structurally_curated
pl,v1,1,157,165,czasu,czasu,czasu,unknown,czasu,wordfreq:pl,wordfreq_seeded;deterministically_filtered;structurally_curated
pl,v1,1,158,166,dlatego,dlatego,dlatego,unknown,dlatego,wordfreq:pl,wordfreq_seeded;deterministically_filtered;structurally_curated
pl,v1,1,159,167,każdy,każdy,każdy,unknown,każdy,wordfreq:pl,wordfreq_seeded;deterministically_filtered;structurally_curated
pl,v1,1,160,168,którym,którym,którym,unknown,którym,wordfreq:pl,wordfreq_seeded;deterministically_filtered;structurally_curated
pl,v1,1,161,169,dwa,dwa,dwa,unknown,dwa,wordfreq:pl,wordfreq_seeded;deterministically_filtered;structurally_curated
pl,v1,1,162,170,miał,miał,miał,unknown,miał,wordfreq:pl,wordfreq_seeded;deterministically_filtered;structurally_curated
pl,v1,1,163,171,moje,moje,moje,unknown,moje,wordfreq:pl,wordfreq_seeded;deterministically_filtered;structurally_curated
pl,v1,1,164,172,mój,mój,mój,unknown,mój,wordfreq:pl,wordfreq_seeded;deterministically_filtered;structurally_curated
pl,v1,1,165,173,naprawdę,naprawdę,naprawdę,unknown,naprawdę,wordfreq:pl,wordfreq_seeded;deterministically_filtered;structurally_curated
pl,v1,1,166,174,ok,ok,ok,unknown,ok,wordfreq:pl,wordfreq_seeded;deterministically_filtered;structurally_curated
pl,v1,1,167,175,polsce,polsce,polsce,unknown,polsce,wordfreq:pl,wordfreq_seeded;deterministically_filtered;structurally_curated
pl,v1,1,168,176,sam,sam,sam,unknown,sam,wordfreq:pl,wordfreq_seeded;deterministically_filtered;structurally_curated
pl,v1,1,169,177,trzeba,trzeba,trzeba,unknown,trzeba,wordfreq:pl,wordfreq_seeded;deterministically_filtered;structurally_curated
pl,v1,1,170,178,ją,ją,ją,unknown,ją,wordfreq:pl,wordfreq_seeded;deterministically_filtered;structurally_curated
pl,v1,1,171,179,mieć,mieć,mieć,unknown,mieć,wordfreq:pl,wordfreq_seeded;deterministically_filtered;structurally_curated
pl,v1,1,172,180,mówi,mówi,mówi,unknown,mówi,wordfreq:pl,wordfreq_seeded;deterministically_filtered;structurally_curated
pl,v1,1,173,181,nim,nim,nim,unknown,nim,wordfreq:pl,wordfreq_seeded;deterministically_filtered;structurally_curated
pl,v1,1,174,182,ciebie,ciebie,ciebie,unknown,ciebie,wordfreq:pl,wordfreq_seeded;deterministically_filtered;structurally_curated
pl,v1,1,175,183,mogą,mogą,mogą,unknown,mogą,wordfreq:pl,wordfreq_seeded;deterministically_filtered;structurally_curated
pl,v1,1,176,184,mogę,mogę,mogę,unknown,mogę,wordfreq:pl,wordfreq_seeded;deterministically_filtered;structurally_curated
pl,v1,1,177,185,oni,oni,oni,unknown,oni,wordfreq:pl,wordfreq_seeded;deterministically_filtered;structurally_curated
pl,v1,1,178,186,cię,cię,cię,unknown,cię,wordfreq:pl,wordfreq_seeded;deterministically_filtered;structurally_curated
pl,v1,1,179,187,dalej,dalej,dalej,unknown,dalej,wordfreq:pl,wordfreq_seeded;deterministically_filtered;structurally_curated
pl,v1,1,180,188,dużo,dużo,dużo,unknown,dużo,wordfreq:pl,wordfreq_seeded;deterministically_filtered;structurally_curated
pl,v1,1,181,189,nikt,nikt,nikt,unknown,nikt,wordfreq:pl,wordfreq_seeded;deterministically_filtered;structurally_curated
pl,v1,1,182,190,stanie,stanie,stanie,unknown,stanie,wordfreq:pl,wordfreq_seeded;deterministically_filtered;structurally_curated
pl,v1,1,183,191,dziś,dziś,dziś,unknown,dziś,wordfreq:pl,wordfreq_seeded;deterministically_filtered;structurally_curated
pl,v1,1,184,192,której,której,której,unknown,której,wordfreq:pl,wordfreq_seeded;deterministically_filtered;structurally_curated
pl,v1,1,185,193,moja,moja,moja,unknown,moja,wordfreq:pl,wordfreq_seeded;deterministically_filtered;structurally_curated
pl,v1,1,186,194,ona,ona,ona,unknown,ona,wordfreq:pl,wordfreq_seeded;deterministically_filtered;structurally_curated
pl,v1,1,187,195,rzeczy,rzeczy,rzeczy,unknown,rzeczy,wordfreq:pl,wordfreq_seeded;deterministically_filtered;structurally_curated
pl,v1,1,188,196,strony,strony,strony,unknown,strony,wordfreq:pl,wordfreq_seeded;deterministically_filtered;structurally_curated
pl,v1,1,189,197,życia,życia,życia,unknown,życia,wordfreq:pl,wordfreq_seeded;deterministically_filtered;structurally_curated
pl,v1,1,190,198,kraju,kraju,kraju,unknown,kraju,wordfreq:pl,wordfreq_seeded;deterministically_filtered;structurally_curated
pl,v1,1,191,199,pierwszy,pierwszy,pierwszy,unknown,pierwszy,wordfreq:pl,wordfreq_seeded;deterministically_filtered;structurally_curated
pl,v1,1,192,200,the,the,the,unknown,the,wordfreq:pl,wordfreq_seeded;deterministically_filtered;structurally_curated
pl,v1,1,193,201,jakie,jakie,jakie,unknown,jakie,wordfreq:pl,wordfreq_seeded;deterministically_filtered;structurally_curated
pl,v1,1,194,202,lepiej,lepiej,lepiej,unknown,lepiej,wordfreq:pl,wordfreq_seeded;deterministically_filtered;structurally_curated
pl,v1,1,195,203,potem,potem,potem,unknown,potem,wordfreq:pl,wordfreq_seeded;deterministically_filtered;structurally_curated
pl,v1,1,196,204,wtedy,wtedy,wtedy,unknown,wtedy,wordfreq:pl,wordfreq_seeded;deterministically_filtered;structurally_curated
pl,v1,1,197,205,aż,aż,aż,unknown,aż,wordfreq:pl,wordfreq_seeded;deterministically_filtered;structurally_curated
pl,v1,1,198,206,będę,będę,będę,unknown,będę,wordfreq:pl,wordfreq_seeded;deterministically_filtered;structurally_curated
pl,v1,1,199,207,dni,dni,dni,unknown,dni,wordfreq:pl,wordfreq_seeded;deterministically_filtered;structurally_curated
pl,v1,1,200,208,jaki,jaki,jaki,unknown,jaki,wordfreq:pl,wordfreq_seeded;deterministically_filtered;structurally_curated
pl,v1,1,201,209,osoby,osoby,osoby,unknown,osoby,wordfreq:pl,wordfreq_seeded;deterministically_filtered;structurally_curated
pl,v1,1,202,210,tyle,tyle,tyle,unknown,tyle,wordfreq:pl,wordfreq_seeded;deterministically_filtered;structurally_curated
pl,v1,1,203,212,cały,cały,cały,unknown,cały,wordfreq:pl,wordfreq_seeded;deterministically_filtered;structurally_curated
pl,v1,1,204,213,ile,ile,ile,unknown,ile,wordfreq:pl,wordfreq_seeded;deterministically_filtered;structurally_curated
pl,v1,1,205,214,moim,moim,moim,unknown,moim,wordfreq:pl,wordfreq_seeded;deterministically_filtered;structurally_curated
pl,v1,1,206,215,my,my,my,unknown,my,wordfreq:pl,wordfreq_seeded;deterministically_filtered;structurally_curated
pl,v1,1,207,216,najbardziej,najbardziej,najbardziej,unknown,najbardziej,wordfreq:pl,wordfreq_seeded;deterministically_filtered;structurally_curated
pl,v1,1,208,217,niego,niego,niego,unknown,niego,wordfreq:pl,wordfreq_seeded;deterministically_filtered;structurally_curated
pl,v1,1,209,218,wielu,wielu,wielu,unknown,wielu,wordfreq:pl,wordfreq_seeded;deterministically_filtered;structurally_curated
pl,v1,1,210,219,czasie,czasie,czasie,unknown,czasie,wordfreq:pl,wordfreq_seeded;deterministically_filtered;structurally_curated
pl,v1,1,211,220,inne,inne,inne,unknown,inne,wordfreq:pl,wordfreq_seeded;deterministically_filtered;structurally_curated
pl,v1,1,212,221,według,według,według,unknown,według,wordfreq:pl,wordfreq_seeded;deterministically_filtered;structurally_curated
pl,v1,1,213,222,czemu,czemu,czemu,unknown,czemu,wordfreq:pl,wordfreq_seeded;deterministically_filtered;structurally_curated
pl,v1,1,214,223,czym,czym,czym,unknown,czym,wordfreq:pl,wordfreq_seeded;deterministically_filtered;structurally_curated
pl,v1,1,215,224,musi,musi,musi,unknown,musi,wordfreq:pl,wordfreq_seeded;deterministically_filtered;structurally_curated
pl,v1,1,216,225,oczywiście,oczywiście,oczywiście,unknown,oczywiście,wordfreq:pl,wordfreq_seeded;deterministically_filtered;structurally_curated
pl,v1,1,217,226,swoją,swoją,swoją,unknown,swoją,wordfreq:pl,wordfreq_seeded;deterministically_filtered;structurally_curated
pl,v1,1,218,227,została,została,została,unknown,została,wordfreq:pl,wordfreq_seeded;deterministically_filtered;structurally_curated
pl,v1,1,219,228,zrobić,zrobić,zrobić,unknown,zrobić,wordfreq:pl,wordfreq_seeded;deterministically_filtered;structurally_curated
pl,v1,1,220,229,świata,świata,świata,unknown,świata,wordfreq:pl,wordfreq_seeded;deterministically_filtered;structurally_curated
pl,v1,1,221,230,czyli,czyli,czyli,unknown,czyli,wordfreq:pl,wordfreq_seeded;deterministically_filtered;structurally_curated
pl,v1,1,222,231,którego,którego,którego,unknown,którego,wordfreq:pl,wordfreq_seeded;deterministically_filtered;structurally_curated
pl,v1,1,223,232,między,między,między,unknown,między,wordfreq:pl,wordfreq_seeded;deterministically_filtered;structurally_curated
pl,v1,1,224,233,niech,niech,niech,unknown,niech,wordfreq:pl,wordfreq_seeded;deterministically_filtered;structurally_curated
pl,v1,1,225,234,proszę,proszę,proszę,unknown,proszę,wordfreq:pl,wordfreq_seeded;deterministically_filtered;structurally_curated
pl,v1,1,226,235,taka,taka,taka,unknown,taka,wordfreq:pl,wordfreq_seeded;deterministically_filtered;structurally_curated
pl,v1,1,227,236,temat,temat,temat,unknown,temat,wordfreq:pl,wordfreq_seeded;deterministically_filtered;structurally_curated
pl,v1,1,228,237,ani,ani,ani,unknown,ani,wordfreq:pl,wordfreq_seeded;deterministically_filtered;structurally_curated
pl,v1,1,229,238,prawa,prawa,prawa,unknown,prawa,wordfreq:pl,wordfreq_seeded;deterministically_filtered;structurally_curated
pl,v1,1,230,239,później,później,później,unknown,później,wordfreq:pl,wordfreq_seeded;deterministically_filtered;structurally_curated
pl,v1,1,231,240,takich,takich,takich,unknown,takich,wordfreq:pl,wordfreq_seeded;deterministically_filtered;structurally_curated
pl,v1,1,232,241,wszystkim,wszystkim,wszystkim,unknown,wszystkim,wordfreq:pl,wordfreq_seeded;deterministically_filtered;structurally_curated
pl,v1,1,233,242,dobry,dobry,dobry,unknown,dobry,wordfreq:pl,wordfreq_seeded;deterministically_filtered;structurally_curated
pl,v1,1,234,243,możesz,możesz,możesz,unknown,możesz,wordfreq:pl,wordfreq_seeded;deterministically_filtered;structurally_curated
pl,v1,1,235,244,pan,pan,pan,unknown,pan,wordfreq:pl,wordfreq_seeded;deterministically_filtered;structurally_curated
pl,v1,1,236,245,pewnie,pewnie,pewnie,unknown,pewnie,wordfreq:pl,wordfreq_seeded;deterministically_filtered;structurally_curated
pl,v1,1,237,247,czego,czego,czego,unknown,czego,wordfreq:pl,wordfreq_seeded;deterministically_filtered;structurally_curated
pl,v1,1,238,248,często,często,często,unknown,często,wordfreq:pl,wordfreq_seeded;deterministically_filtered;structurally_curated
pl,v1,1,239,249,d,d,d,unknown,d,wordfreq:pl,wordfreq_seeded;deterministically_filtered;structurally_curated
pl,v1,1,240,250,jeżeli,jeżeli,jeżeli,unknown,jeżeli,wordfreq:pl,wordfreq_seeded;deterministically_filtered;structurally_curated
pl,v1,1,241,251,nadal,nadal,nadal,unknown,nadal,wordfreq:pl,wordfreq_seeded;deterministically_filtered;structurally_curated
pl,v1,1,242,252,was,was,was,unknown,was,wordfreq:pl,wordfreq_seeded;deterministically_filtered;structurally_curated
pl,v1,1,243,254,jakiś,jakiś,jakiś,unknown,jakiś,wordfreq:pl,wordfreq_seeded;deterministically_filtered;structurally_curated
pl,v1,1,244,255,polska,polska,polska,unknown,polska,wordfreq:pl,wordfreq_seeded;deterministically_filtered;structurally_curated
pl,v1,1,245,256,poza,poza,poza,unknown,poza,wordfreq:pl,wordfreq_seeded;deterministically_filtered;structurally_curated
pl,v1,1,246,257,dziękuję,dziękuję,dziękuję,unknown,dziękuję,wordfreq:pl,wordfreq_seeded;deterministically_filtered;structurally_curated
pl,v1,1,247,258,jakieś,jakieś,jakieś,unknown,jakieś,wordfreq:pl,wordfreq_seeded;deterministically_filtered;structurally_curated
pl,v1,1,248,259,lata,lata,lata,unknown,lata,wordfreq:pl,wordfreq_seeded;deterministically_filtered;structurally_curated
pl,v1,1,249,260,np,np,np,unknown,np,wordfreq:pl,wordfreq_seeded;deterministically_filtered;structurally_curated
pl,v1,1,250,261,prawo,prawo,prawo,unknown,prawo,wordfreq:pl,wordfreq_seeded;deterministically_filtered;structurally_curated
pl,v1,1,251,262,rok,rok,rok,unknown,rok,wordfreq:pl,wordfreq_seeded;deterministically_filtered;structurally_curated
pl,v1,1,252,263,dwóch,dwóch,dwóch,unknown,dwóch,wordfreq:pl,wordfreq_seeded;deterministically_filtered;structurally_curated
pl,v1,1,253,264,jesteśmy,jesteśmy,jesteśmy,unknown,jesteśmy,wordfreq:pl,wordfreq_seeded;deterministically_filtered;structurally_curated
pl,v1,1,254,265,dzisiaj,dzisiaj,dzisiaj,unknown,dzisiaj,wordfreq:pl,wordfreq_seeded;deterministically_filtered;structurally_curated
pl,v1,1,255,266,kiedyś,kiedyś,kiedyś,unknown,kiedyś,wordfreq:pl,wordfreq_seeded;deterministically_filtered;structurally_curated
pl,v1,1,256,267,ponad,ponad,ponad,unknown,ponad,wordfreq:pl,wordfreq_seeded;deterministically_filtered;structurally_curated
pl,v1,1,257,268,zdjęcie,zdjęcie,zdjęcie,unknown,zdjęcie,wordfreq:pl,wordfreq_seeded;deterministically_filtered;structurally_curated
pl,v1,1,258,269,część,część,część,unknown,część,wordfreq:pl,wordfreq_seeded;deterministically_filtered;structurally_curated
pl,v1,1,259,270,miasta,miasta,miasta,unknown,miasta,wordfreq:pl,wordfreq_seeded;deterministically_filtered;structurally_curated
pl,v1,1,260,271,prawie,prawie,prawie,unknown,prawie,wordfreq:pl,wordfreq_seeded;deterministically_filtered;structurally_curated
pl,v1,1,261,272,stronie,stronie,stronie,unknown,stronie,wordfreq:pl,wordfreq_seeded;deterministically_filtered;structurally_curated
pl,v1,1,262,273,swoich,swoich,swoich,unknown,swoich,wordfreq:pl,wordfreq_seeded;deterministically_filtered;structurally_curated
pl,v1,1,263,274,chcę,chcę,chcę,unknown,chcę,wordfreq:pl,wordfreq_seeded;deterministically_filtered;structurally_curated
pl,v1,1,264,275,jednym,jednym,jednym,unknown,jednym,wordfreq:pl,wordfreq_seeded;deterministically_filtered;structurally_curated
pl,v1,1,265,276,kurwa,kurwa,kurwa,unknown,kurwa,wordfreq:pl,wordfreq_seeded;deterministically_filtered;structurally_curated
pl,v1,1,266,277,nowe,nowe,nowe,unknown,nowe,wordfreq:pl,wordfreq_seeded;deterministically_filtered;structurally_curated
pl,v1,1,267,278,pani,pani,pani,unknown,pani,wordfreq:pl,wordfreq_seeded;deterministically_filtered;structurally_curated
pl,v1,1,268,279,powiedział,powiedział,powiedział,unknown,powiedział,wordfreq:pl,wordfreq_seeded;deterministically_filtered;structurally_curated
pl,v1,1,269,280,problem,problem,problem,unknown,problem,wordfreq:pl,wordfreq_seeded;deterministically_filtered;structurally_curated
pl,v1,1,270,281,s,s,s,unknown,s,wordfreq:pl,wordfreq_seeded;deterministically_filtered;structurally_curated
pl,v1,1,271,282,samo,samo,samo,unknown,samo,wordfreq:pl,wordfreq_seeded;deterministically_filtered;structurally_curated
pl,v1,1,272,283,takiego,takiego,takiego,unknown,takiego,wordfreq:pl,wordfreq_seeded;deterministically_filtered;structurally_curated
pl,v1,1,273,284,trzy,trzy,trzy,unknown,trzy,wordfreq:pl,wordfreq_seeded;deterministically_filtered;structurally_curated
pl,v1,1,274,285,wygląda,wygląda,wygląda,unknown,wygląda,wordfreq:pl,wordfreq_seeded;deterministically_filtered;structurally_curated
pl,v1,1,275,286,chcesz,chcesz,chcesz,unknown,chcesz,wordfreq:pl,wordfreq_seeded;deterministically_filtered;structurally_curated
pl,v1,1,276,287,film,film,film,unknown,film,wordfreq:pl,wordfreq_seeded;deterministically_filtered;structurally_curated
pl,v1,1,277,288,miała,miała,miała,unknown,miała,wordfreq:pl,wordfreq_seeded;deterministically_filtered;structurally_curated
pl,v1,1,278,289,niej,niej,niej,unknown,niej,wordfreq:pl,wordfreq_seeded;deterministically_filtered;structurally_curated
pl,v1,1,279,290,tą,tą,tą,unknown,tą,wordfreq:pl,wordfreq_seeded;deterministically_filtered;structurally_curated
pl,v1,1,280,291,wcześniej,wcześniej,wcześniej,unknown,wcześniej,wordfreq:pl,wordfreq_seeded;deterministically_filtered;structurally_curated
pl,v1,1,281,292,świecie,świecie,świecie,unknown,świecie,wordfreq:pl,wordfreq_seeded;deterministically_filtered;structurally_curated
pl,v1,1,282,293,one,one,one,unknown,one,wordfreq:pl,wordfreq_seeded;deterministically_filtered;structurally_curated
pl,v1,1,283,294,swoim,swoim,swoim,unknown,swoim,wordfreq:pl,wordfreq_seeded;deterministically_filtered;structurally_curated
pl,v1,1,284,295,części,części,części,unknown,części,wordfreq:pl,wordfreq_seeded;deterministically_filtered;structurally_curated
pl,v1,1,285,296,gdyby,gdyby,gdyby,unknown,gdyby,wordfreq:pl,wordfreq_seeded;deterministically_filtered;structurally_curated
pl,v1,1,286,297,końcu,końcu,końcu,unknown,końcu,wordfreq:pl,wordfreq_seeded;deterministically_filtered;structurally_curated
pl,v1,1,287,298,miejscu,miejscu,miejscu,unknown,miejscu,wordfreq:pl,wordfreq_seeded;deterministically_filtered;structurally_curated
pl,v1,1,288,299,nowy,nowy,nowy,unknown,nowy,wordfreq:pl,wordfreq_seeded;deterministically_filtered;structurally_curated
pl,v1,1,289,300,ponieważ,ponieważ,ponieważ,unknown,ponieważ,wordfreq:pl,wordfreq_seeded;deterministically_filtered;structurally_curated
pl,v1,1,290,301,robi,robi,robi,unknown,robi,wordfreq:pl,wordfreq_seeded;deterministically_filtered;structurally_curated
pl,v1,1,291,302,szybko,szybko,szybko,unknown,szybko,wordfreq:pl,wordfreq_seeded;deterministically_filtered;structurally_curated
pl,v1,1,292,303,dobra,dobra,dobra,unknown,dobra,wordfreq:pl,wordfreq_seeded;deterministically_filtered;structurally_curated
pl,v1,1,293,304,koniec,koniec,koniec,unknown,koniec,wordfreq:pl,wordfreq_seeded;deterministically_filtered;structurally_curated
pl,v1,1,294,305,obecnie,obecnie,obecnie,unknown,obecnie,wordfreq:pl,wordfreq_seeded;deterministically_filtered;structurally_curated
pl,v1,1,295,306,pewno,pewno,pewno,unknown,pewno,wordfreq:pl,wordfreq_seeded;deterministically_filtered;structurally_curated
pl,v1,1,296,307,szkoły,szkoły,szkoły,unknown,szkoły,wordfreq:pl,wordfreq_seeded;deterministically_filtered;structurally_curated
pl,v1,1,297,308,c,c,c,unknown,c,wordfreq:pl,wordfreq_seeded;deterministically_filtered;structurally_curated
pl,v1,1,298,309,którą,którą,którą,unknown,którą,wordfreq:pl,wordfreq_seeded;deterministically_filtered;structurally_curated
pl,v1,1,299,310,mimo,mimo,mimo,unknown,mimo,wordfreq:pl,wordfreq_seeded;deterministically_filtered;structurally_curated
pl,v1,1,300,311,możemy,możemy,możemy,unknown,możemy,wordfreq:pl,wordfreq_seeded;deterministically_filtered;structurally_curated
pl,v1,1,301,312,prawda,prawda,prawda,unknown,prawda,wordfreq:pl,wordfreq_seeded;deterministically_filtered;structurally_curated
pl,v1,1,302,313,nadzieję,nadzieję,nadzieję,unknown,nadzieję,wordfreq:pl,wordfreq_seeded;deterministically_filtered;structurally_curated
pl,v1,1,303,314,należy,należy,należy,unknown,należy,wordfreq:pl,wordfreq_seeded;deterministically_filtered;structurally_curated
pl,v1,1,304,315,nasze,nasze,nasze,unknown,nasze,wordfreq:pl,wordfreq_seeded;deterministically_filtered;structurally_curated
pl,v1,1,305,316,około,około,około,unknown,około,wordfreq:pl,wordfreq_seeded;deterministically_filtered;structurally_curated
pl,v1,1,306,317,powodu,powodu,powodu,unknown,powodu,wordfreq:pl,wordfreq_seeded;deterministically_filtered;structurally_curated
pl,v1,1,307,318,przecież,przecież,przecież,unknown,przecież,wordfreq:pl,wordfreq_seeded;deterministically_filtered;structurally_curated
pl,v1,1,308,319,razy,razy,razy,unknown,razy,wordfreq:pl,wordfreq_seeded;deterministically_filtered;structurally_curated
pl,v1,1,309,320,swojego,swojego,swojego,unknown,swojego,wordfreq:pl,wordfreq_seeded;deterministically_filtered;structurally_curated
pl,v1,1,310,321,wydaje,wydaje,wydaje,unknown,wydaje,wordfreq:pl,wordfreq_seeded;deterministically_filtered;structurally_curated
pl,v1,1,311,322,byli,byli,byli,unknown,byli,wordfreq:pl,wordfreq_seeded;deterministically_filtered;structurally_curated
pl,v1,1,312,323,dopiero,dopiero,dopiero,unknown,dopiero,wordfreq:pl,wordfreq_seeded;deterministically_filtered;structurally_curated
pl,v1,1,313,324,jakby,jakby,jakby,unknown,jakby,wordfreq:pl,wordfreq_seeded;deterministically_filtered;structurally_curated
pl,v1,1,314,325,rozumiem,rozumiem,rozumiem,unknown,rozumiem,wordfreq:pl,wordfreq_seeded;deterministically_filtered;structurally_curated
pl,v1,1,315,326,sama,sama,sama,unknown,sama,wordfreq:pl,wordfreq_seeded;deterministically_filtered;structurally_curated
pl,v1,1,316,327,swojej,swojej,swojej,unknown,swojej,wordfreq:pl,wordfreq_seeded;deterministically_filtered;structurally_curated
pl,v1,1,317,328,wieku,wieku,wieku,unknown,wieku,wordfreq:pl,wordfreq_seeded;deterministically_filtered;structurally_curated
pl,v1,1,318,329,wiesz,wiesz,wiesz,unknown,wiesz,wordfreq:pl,wordfreq_seeded;deterministically_filtered;structurally_curated
pl,v1,1,319,330,bym,bym,bym,unknown,bym,wordfreq:pl,wordfreq_seeded;deterministically_filtered;structurally_curated
pl,v1,1,320,331,celu,celu,celu,unknown,celu,wordfreq:pl,wordfreq_seeded;deterministically_filtered;structurally_curated
pl,v1,1,321,332,historii,historii,historii,unknown,historii,wordfreq:pl,wordfreq_seeded;deterministically_filtered;structurally_curated
pl,v1,1,322,333,jedna,jedna,jedna,unknown,jedna,wordfreq:pl,wordfreq_seeded;deterministically_filtered;structurally_curated
pl,v1,1,323,334,latach,latach,latach,unknown,latach,wordfreq:pl,wordfreq_seeded;deterministically_filtered;structurally_curated
pl,v1,1,324,335,m,m,m,unknown,m,wordfreq:pl,wordfreq_seeded;deterministically_filtered;structurally_curated
pl,v1,1,325,336,miejsca,miejsca,miejsca,unknown,miejsca,wordfreq:pl,wordfreq_seeded;deterministically_filtered;structurally_curated
pl,v1,1,326,337,mojej,mojej,mojej,unknown,mojej,wordfreq:pl,wordfreq_seeded;deterministically_filtered;structurally_curated
pl,v1,1,327,338,tę,tę,tę,unknown,tę,wordfreq:pl,wordfreq_seeded;deterministically_filtered;structurally_curated
pl,v1,1,328,339,wciąż,wciąż,wciąż,unknown,wciąż,wordfreq:pl,wordfreq_seeded;deterministically_filtered;structurally_curated
pl,v1,1,329,340,wśród,wśród,wśród,unknown,wśród,wordfreq:pl,wordfreq_seeded;deterministically_filtered;structurally_curated
pl,v1,1,330,341,zbyt,zbyt,zbyt,unknown,zbyt,wordfreq:pl,wordfreq_seeded;deterministically_filtered;structurally_curated
pl,v1,1,331,342,dwie,dwie,dwie,unknown,dwie,wordfreq:pl,wordfreq_seeded;deterministically_filtered;structurally_curated
pl,v1,1,332,343,muszę,muszę,muszę,unknown,muszę,wordfreq:pl,wordfreq_seeded;deterministically_filtered;structurally_curated
pl,v1,1,333,344,of,of,of,unknown,of,wordfreq:pl,wordfreq_seeded;deterministically_filtered;structurally_curated
pl,v1,1,334,345,państwa,państwa,państwa,unknown,państwa,wordfreq:pl,wordfreq_seeded;deterministically_filtered;structurally_curated
pl,v1,1,335,346,pierwsze,pierwsze,pierwsze,unknown,pierwsze,wordfreq:pl,wordfreq_seeded;deterministically_filtered;structurally_curated
pl,v1,1,336,347,samym,samym,samym,unknown,samym,wordfreq:pl,wordfreq_seeded;deterministically_filtered;structurally_curated
pl,v1,1,337,348,sprawie,sprawie,sprawie,unknown,sprawie,wordfreq:pl,wordfreq_seeded;deterministically_filtered;structurally_curated
pl,v1,1,338,349,widzę,widzę,widzę,unknown,widzę,wordfreq:pl,wordfreq_seeded;deterministically_filtered;structurally_curated
pl,v1,1,339,350,większość,większość,większość,unknown,większość,wordfreq:pl,wordfreq_seeded;deterministically_filtered;structurally_curated
pl,v1,1,340,351,dość,dość,dość,unknown,dość,wordfreq:pl,wordfreq_seeded;deterministically_filtered;structurally_curated
pl,v1,1,341,352,kogoś,kogoś,kogoś,unknown,kogoś,wordfreq:pl,wordfreq_seeded;deterministically_filtered;structurally_curated
pl,v1,1,342,353,powiedzieć,powiedzieć,powiedzieć,unknown,powiedzieć,wordfreq:pl,wordfreq_seeded;deterministically_filtered;structurally_curated
pl,v1,1,343,354,robić,robić,robić,unknown,robić,wordfreq:pl,wordfreq_seeded;deterministically_filtered;structurally_curated
pl,v1,1,344,355,słowa,słowa,słowa,unknown,słowa,wordfreq:pl,wordfreq_seeded;deterministically_filtered;structurally_curated
pl,v1,1,345,356,typu,typu,typu,unknown,typu,wordfreq:pl,wordfreq_seeded;deterministically_filtered;structurally_curated
pl,v1,1,346,357,wam,wam,wam,unknown,wam,wordfreq:pl,wordfreq_seeded;deterministically_filtered;structurally_curated
pl,v1,1,347,358,wie,wie,wie,unknown,wie,wordfreq:pl,wordfreq_seeded;deterministically_filtered;structurally_curated
pl,v1,1,348,360,człowieka,człowieka,człowieka,unknown,człowieka,wordfreq:pl,wordfreq_seeded;deterministically_filtered;structurally_curated
pl,v1,1,349,361,da,da,da,unknown,da,wordfreq:pl,wordfreq_seeded;deterministically_filtered;structurally_curated
pl,v1,1,350,362,dokładnie,dokładnie,dokładnie,unknown,dokładnie,wordfreq:pl,wordfreq_seeded;deterministically_filtered;structurally_curated
pl,v1,1,351,363,myślę,myślę,myślę,unknown,myślę,wordfreq:pl,wordfreq_seeded;deterministically_filtered;structurally_curated
pl,v1,1,352,364,swój,swój,swój,unknown,swój,wordfreq:pl,wordfreq_seeded;deterministically_filtered;structurally_curated
pl,v1,1,353,365,udział,udział,udział,unknown,udział,wordfreq:pl,wordfreq_seeded;deterministically_filtered;structurally_curated
pl,v1,1,354,366,zdjęcia,zdjęcia,zdjęcia,unknown,zdjęcia,wordfreq:pl,wordfreq_seeded;deterministically_filtered;structurally_curated
pl,v1,1,355,367,świat,świat,świat,unknown,świat,wordfreq:pl,wordfreq_seeded;deterministically_filtered;structurally_curated
pl,v1,1,356,368,brak,brak,brak,unknown,brak,wordfreq:pl,wordfreq_seeded;deterministically_filtered;structurally_curated
pl,v1,1,357,369,chociaż,chociaż,chociaż,unknown,chociaż,wordfreq:pl,wordfreq_seeded;deterministically_filtered;structurally_curated
pl,v1,1,358,370,dobre,dobre,dobre,unknown,dobre,wordfreq:pl,wordfreq_seeded;deterministically_filtered;structurally_curated
pl,v1,1,359,371,grupy,grupy,grupy,unknown,grupy,wordfreq:pl,wordfreq_seeded;deterministically_filtered;structurally_curated
pl,v1,1,360,372,początku,początku,początku,unknown,początku,wordfreq:pl,wordfreq_seeded;deterministically_filtered;structurally_curated
pl,v1,1,361,373,pytanie,pytanie,pytanie,unknown,pytanie,wordfreq:pl,wordfreq_seeded;deterministically_filtered;structurally_curated
pl,v1,1,362,374,razie,razie,razie,unknown,razie,wordfreq:pl,wordfreq_seeded;deterministically_filtered;structurally_curated
pl,v1,1,363,375,rodziny,rodziny,rodziny,unknown,rodziny,wordfreq:pl,wordfreq_seeded;deterministically_filtered;structurally_curated
pl,v1,1,364,376,takim,takim,takim,unknown,takim,wordfreq:pl,wordfreq_seeded;deterministically_filtered;structurally_curated
pl,v1,1,365,377,centrum,centrum,centrum,unknown,centrum,wordfreq:pl,wordfreq_seeded;deterministically_filtered;structurally_curated
pl,v1,1,366,378,danych,danych,danych,unknown,danych,wordfreq:pl,wordfreq_seeded;deterministically_filtered;structurally_curated
pl,v1,1,367,379,drugiej,drugiej,drugiej,unknown,drugiej,wordfreq:pl,wordfreq_seeded;deterministically_filtered;structurally_curated
pl,v1,1,368,380,jednego,jednego,jednego,unknown,jednego,wordfreq:pl,wordfreq_seeded;deterministically_filtered;structurally_curated
pl,v1,1,369,381,jedną,jedną,jedną,unknown,jedną,wordfreq:pl,wordfreq_seeded;deterministically_filtered;structurally_curated
pl,v1,1,370,382,każdym,każdym,każdym,unknown,każdym,wordfreq:pl,wordfreq_seeded;deterministically_filtered;structurally_curated
pl,v1,1,371,383,kilku,kilku,kilku,unknown,kilku,wordfreq:pl,wordfreq_seeded;deterministically_filtered;structurally_curated
pl,v1,1,372,384,maja,maja,maja,unknown,maja,wordfreq:pl,wordfreq_seeded;deterministically_filtered;structurally_curated
pl,v1,1,373,385,mojego,mojego,mojego,unknown,mojego,wordfreq:pl,wordfreq_seeded;deterministically_filtered;structurally_curated
pl,v1,1,374,386,niestety,niestety,niestety,unknown,niestety,wordfreq:pl,wordfreq_seeded;deterministically_filtered;structurally_curated
pl,v1,1,375,387,znaczy,znaczy,znaczy,unknown,znaczy,wordfreq:pl,wordfreq_seeded;deterministically_filtered;structurally_curated
pl,v1,1,376,388,życiu,życiu,życiu,unknown,życiu,wordfreq:pl,wordfreq_seeded;deterministically_filtered;structurally_curated
pl,v1,1,377,389,choć,choć,choć,unknown,choć,wordfreq:pl,wordfreq_seeded;deterministically_filtered;structurally_curated
pl,v1,1,378,390,jedynie,jedynie,jedynie,unknown,jedynie,wordfreq:pl,wordfreq_seeded;deterministically_filtered;structurally_curated
pl,v1,1,379,391,każdego,każdego,każdego,unknown,każdego,wordfreq:pl,wordfreq_seeded;deterministically_filtered;structurally_curated
pl,v1,1,380,392,natomiast,natomiast,natomiast,unknown,natomiast,wordfreq:pl,wordfreq_seeded;deterministically_filtered;structurally_curated
pl,v1,1,381,393,pieniądze,pieniądze,pieniądze,unknown,pieniądze,wordfreq:pl,wordfreq_seeded;deterministically_filtered;structurally_curated
pl,v1,1,382,394,pomocy,pomocy,pomocy,unknown,pomocy,wordfreq:pl,wordfreq_seeded;deterministically_filtered;structurally_curated
pl,v1,1,383,395,powinien,powinien,powinien,unknown,powinien,wordfreq:pl,wordfreq_seeded;deterministically_filtered;structurally_curated
pl,v1,1,384,396,usa,usa,usa,unknown,usa,wordfreq:pl,wordfreq_seeded;deterministically_filtered;structurally_curated
pl,v1,1,385,397,wraz,wraz,wraz,unknown,wraz,wordfreq:pl,wordfreq_seeded;deterministically_filtered;structurally_curated
pl,v1,1,386,398,zaraz,zaraz,zaraz,unknown,zaraz,wordfreq:pl,wordfreq_seeded;deterministically_filtered;structurally_curated
pl,v1,1,387,399,zostały,zostały,zostały,unknown,zostały,wordfreq:pl,wordfreq_seeded;deterministically_filtered;structurally_curated
pl,v1,1,388,400,związku,związku,związku,unknown,związku,wordfreq:pl,wordfreq_seeded;deterministically_filtered;structurally_curated
pl,v1,1,389,402,człowiek,człowiek,człowiek,unknown,człowiek,wordfreq:pl,wordfreq_seeded;deterministically_filtered;structurally_curated
pl,v1,1,390,403,dziecko,dziecko,dziecko,unknown,dziecko,wordfreq:pl,wordfreq_seeded;deterministically_filtered;structurally_curated
pl,v1,1,391,404,mniej,mniej,mniej,unknown,mniej,wordfreq:pl,wordfreq_seeded;deterministically_filtered;structurally_curated
pl,v1,1,392,405,nasz,nasz,nasz,unknown,nasz,wordfreq:pl,wordfreq_seeded;deterministically_filtered;structurally_curated
pl,v1,1,393,406,naszych,naszych,naszych,unknown,naszych,wordfreq:pl,wordfreq_seeded;deterministically_filtered;structurally_curated
pl,v1,1,394,407,ostatnio,ostatnio,ostatnio,unknown,ostatnio,wordfreq:pl,wordfreq_seeded;deterministically_filtered;structurally_curated
pl,v1,1,395,408,partii,partii,partii,unknown,partii,wordfreq:pl,wordfreq_seeded;deterministically_filtered;structurally_curated
pl,v1,1,396,409,pracę,pracę,pracę,unknown,pracę,wordfreq:pl,wordfreq_seeded;deterministically_filtered;structurally_curated
pl,v1,1,397,410,przypadku,przypadku,przypadku,unknown,przypadku,wordfreq:pl,wordfreq_seeded;deterministically_filtered;structurally_curated
pl,v1,1,398,411,raczej,raczej,raczej,unknown,raczej,wordfreq:pl,wordfreq_seeded;deterministically_filtered;structurally_curated
pl,v1,1,399,412,rzecz,rzecz,rzecz,unknown,rzecz,wordfreq:pl,wordfreq_seeded;deterministically_filtered;structurally_curated
pl,v1,1,400,413,znaleźć,znaleźć,znaleźć,unknown,znaleźć,wordfreq:pl,wordfreq_seeded;deterministically_filtered;structurally_curated
pl,v1,1,401,414,śmierci,śmierci,śmierci,unknown,śmierci,wordfreq:pl,wordfreq_seeded;deterministically_filtered;structurally_curated
pl,v1,1,402,415,coraz,coraz,coraz,unknown,coraz,wordfreq:pl,wordfreq_seeded;deterministically_filtered;structurally_curated
pl,v1,1,403,416,czasem,czasem,czasem,unknown,czasem,wordfreq:pl,wordfreq_seeded;deterministically_filtered;structurally_curated
pl,v1,1,404,417,daj,daj,daj,unknown,daj,wordfreq:pl,wordfreq_seeded;deterministically_filtered;structurally_curated
pl,v1,1,405,418,jedno,jedno,jedno,unknown,jedno,wordfreq:pl,wordfreq_seeded;deterministically_filtered;structurally_curated
pl,v1,1,406,419,kobiety,kobiety,kobiety,unknown,kobiety,wordfreq:pl,wordfreq_seeded;deterministically_filtered;structurally_curated
pl,v1,1,407,420,p,p,p,unknown,p,wordfreq:pl,wordfreq_seeded;deterministically_filtered;structurally_curated
pl,v1,1,408,421,skoro,skoro,skoro,unknown,skoro,wordfreq:pl,wordfreq_seeded;deterministically_filtered;structurally_curated
pl,v1,1,409,422,de,de,de,unknown,de,wordfreq:pl,wordfreq_seeded;deterministically_filtered;structurally_curated
pl,v1,1,410,423,innego,innego,innego,unknown,innego,wordfreq:pl,wordfreq_seeded;deterministically_filtered;structurally_curated
pl,v1,1,411,424,nr,nr,nr,unknown,nr,wordfreq:pl,wordfreq_seeded;deterministically_filtered;structurally_curated
pl,v1,1,412,425,przykład,przykład,przykład,unknown,przykład,wordfreq:pl,wordfreq_seeded;deterministically_filtered;structurally_curated
pl,v1,1,413,426,sobą,sobą,sobą,unknown,sobą,wordfreq:pl,wordfreq_seeded;deterministically_filtered;structurally_curated
pl,v1,1,414,427,uwagę,uwagę,uwagę,unknown,uwagę,wordfreq:pl,wordfreq_seeded;deterministically_filtered;structurally_curated
pl,v1,1,415,428,ważne,ważne,ważne,unknown,ważne,wordfreq:pl,wordfreq_seeded;deterministically_filtered;structurally_curated
pl,v1,1,416,429,chcą,chcą,chcą,unknown,chcą,wordfreq:pl,wordfreq_seeded;deterministically_filtered;structurally_curated
pl,v1,1,417,430,dzieje,dzieje,dzieje,unknown,dzieje,wordfreq:pl,wordfreq_seeded;deterministically_filtered;structurally_curated
pl,v1,1,418,431,nią,nią,nią,unknown,nią,wordfreq:pl,wordfreq_seeded;deterministically_filtered;structurally_curated
pl,v1,1,419,432,twoje,twoje,twoje,unknown,twoje,wordfreq:pl,wordfreq_seeded;deterministically_filtered;structurally_curated
pl,v1,1,420,433,zamiast,zamiast,zamiast,unknown,zamiast,wordfreq:pl,wordfreq_seeded;deterministically_filtered;structurally_curated
pl,v1,1,421,434,e,e,e,unknown,e,wordfreq:pl,wordfreq_seeded;deterministically_filtered;structurally_curated
pl,v1,1,422,435,informacji,informacji,informacji,unknown,informacji,wordfreq:pl,wordfreq_seeded;deterministically_filtered;structurally_curated
pl,v1,1,423,436,jednej,jednej,jednej,unknown,jednej,wordfreq:pl,wordfreq_seeded;deterministically_filtered;structurally_curated
pl,v1,1,424,437,końca,końca,końca,unknown,końca,wordfreq:pl,wordfreq_seeded;deterministically_filtered;structurally_curated
pl,v1,1,425,438,różnych,różnych,różnych,unknown,różnych,wordfreq:pl,wordfreq_seeded;deterministically_filtered;structurally_curated
pl,v1,1,426,439,znowu,znowu,znowu,unknown,znowu,wordfreq:pl,wordfreq_seeded;deterministically_filtered;structurally_curated
pl,v1,1,427,440,zostało,zostało,zostało,unknown,zostało,wordfreq:pl,wordfreq_seeded;deterministically_filtered;structurally_curated
pl,v1,1,428,441,będziemy,będziemy,będziemy,unknown,będziemy,wordfreq:pl,wordfreq_seeded;deterministically_filtered;structurally_curated
pl,v1,1,429,442,in,in,in,unknown,in,wordfreq:pl,wordfreq_seeded;deterministically_filtered;structurally_curated
pl,v1,1,430,443,kobiet,kobiet,kobiet,unknown,kobiet,wordfreq:pl,wordfreq_seeded;deterministically_filtered;structurally_curated
pl,v1,1,431,444,myśli,myśli,myśli,unknown,myśli,wordfreq:pl,wordfreq_seeded;deterministically_filtered;structurally_curated
pl,v1,1,432,445,nimi,nimi,nimi,unknown,nimi,wordfreq:pl,wordfreq_seeded;deterministically_filtered;structurally_curated
pl,v1,1,433,446,ogóle,ogóle,ogóle,unknown,ogóle,wordfreq:pl,wordfreq_seeded;deterministically_filtered;structurally_curated
pl,v1,1,434,447,sprawy,sprawy,sprawy,unknown,sprawy,wordfreq:pl,wordfreq_seeded;deterministically_filtered;structurally_curated
pl,v1,1,435,448,strona,strona,strona,unknown,strona,wordfreq:pl,wordfreq_seeded;deterministically_filtered;structurally_curated
pl,v1,1,436,449,system,system,system,unknown,system,wordfreq:pl,wordfreq_seeded;deterministically_filtered;structurally_curated
pl,v1,1,437,450,sytuacji,sytuacji,sytuacji,unknown,sytuacji,wordfreq:pl,wordfreq_seeded;deterministically_filtered;structurally_curated
pl,v1,1,438,451,innymi,innymi,innymi,unknown,innymi,wordfreq:pl,wordfreq_seeded;deterministically_filtered;structurally_curated
pl,v1,1,439,452,moją,moją,moją,unknown,moją,wordfreq:pl,wordfreq_seeded;deterministically_filtered;structurally_curated
pl,v1,1,440,453,nowego,nowego,nowego,unknown,nowego,wordfreq:pl,wordfreq_seeded;deterministically_filtered;structurally_curated
pl,v1,1,441,454,oznacza,oznacza,oznacza,unknown,oznacza,wordfreq:pl,wordfreq_seeded;deterministically_filtered;structurally_curated
pl,v1,1,442,455,przeciwko,przeciwko,przeciwko,unknown,przeciwko,wordfreq:pl,wordfreq_seeded;deterministically_filtered;structurally_curated
pl,v1,1,443,456,przynajmniej,przynajmniej,przynajmniej,unknown,przynajmniej,wordfreq:pl,wordfreq_seeded;deterministically_filtered;structurally_curated
pl,v1,1,444,457,rady,rady,rady,unknown,rady,wordfreq:pl,wordfreq_seeded;deterministically_filtered;structurally_curated
pl,v1,1,445,458,ziemi,ziemi,ziemi,unknown,ziemi,wordfreq:pl,wordfreq_seeded;deterministically_filtered;structurally_curated
pl,v1,1,446,459,inny,inny,inny,unknown,inny,wordfreq:pl,wordfreq_seeded;deterministically_filtered;structurally_curated
pl,v1,1,447,460,naszego,naszego,naszego,unknown,naszego,wordfreq:pl,wordfreq_seeded;deterministically_filtered;structurally_curated
pl,v1,1,448,461,zarówno,zarówno,zarówno,unknown,zarówno,wordfreq:pl,wordfreq_seeded;deterministically_filtered;structurally_curated
pl,v1,1,449,462,zmiany,zmiany,zmiany,unknown,zmiany,wordfreq:pl,wordfreq_seeded;deterministically_filtered;structurally_curated
pl,v1,1,450,463,and,and,and,unknown,and,wordfreq:pl,wordfreq_seeded;deterministically_filtered;structurally_curated
pl,v1,1,451,464,b,b,b,unknown,b,wordfreq:pl,wordfreq_seeded;deterministically_filtered;structurally_curated
pl,v1,1,452,465,gra,gra,gra,unknown,gra,wordfreq:pl,wordfreq_seeded;deterministically_filtered;structurally_curated
pl,v1,1,453,466,głównie,głównie,głównie,unknown,głównie,wordfreq:pl,wordfreq_seeded;deterministically_filtered;structurally_curated
pl,v1,1,454,467,innym,innym,innym,unknown,innym,wordfreq:pl,wordfreq_seeded;deterministically_filtered;structurally_curated
pl,v1,1,455,468,istnieje,istnieje,istnieje,unknown,istnieje,wordfreq:pl,wordfreq_seeded;deterministically_filtered;structurally_curated
pl,v1,1,456,469,lecz,lecz,lecz,unknown,lecz,wordfreq:pl,wordfreq_seeded;deterministically_filtered;structurally_curated
pl,v1,1,457,470,mieszkańców,mieszkańców,mieszkańców,unknown,mieszkańców,wordfreq:pl,wordfreq_seeded;deterministically_filtered;structurally_curated
pl,v1,1,458,471,naszej,naszej,naszej,unknown,naszej,wordfreq:pl,wordfreq_seeded;deterministically_filtered;structurally_curated
pl,v1,1,459,472,poprzez,poprzez,poprzez,unknown,poprzez,wordfreq:pl,wordfreq_seeded;deterministically_filtered;structurally_curated
pl,v1,1,460,473,wobec,wobec,wobec,unknown,wobec,wordfreq:pl,wordfreq_seeded;deterministically_filtered;structurally_curated
pl,v1,1,461,474,względu,względu,względu,unknown,względu,wordfreq:pl,wordfreq_seeded;deterministically_filtered;structurally_curated
pl,v1,1,462,475,zostać,zostać,zostać,unknown,zostać,wordfreq:pl,wordfreq_seeded;deterministically_filtered;structurally_curated
pl,v1,1,463,476,źle,źle,źle,unknown,źle,wordfreq:pl,wordfreq_seeded;deterministically_filtered;structurally_curated
pl,v1,1,464,477,drugi,drugi,drugi,unknown,drugi,wordfreq:pl,wordfreq_seeded;deterministically_filtered;structurally_curated
pl,v1,1,465,478,lubię,lubię,lubię,unknown,lubię,wordfreq:pl,wordfreq_seeded;deterministically_filtered;structurally_curated
pl,v1,1,466,479,moich,moich,moich,unknown,moich,wordfreq:pl,wordfreq_seeded;deterministically_filtered;structurally_curated
pl,v1,1,467,480,podoba,podoba,podoba,unknown,podoba,wordfreq:pl,wordfreq_seeded;deterministically_filtered;structurally_curated
pl,v1,1,468,481,ramach,ramach,ramach,unknown,ramach,wordfreq:pl,wordfreq_seeded;deterministically_filtered;structurally_curated
pl,v1,1,469,482,rząd,rząd,rząd,unknown,rząd,wordfreq:pl,wordfreq_seeded;deterministically_filtered;structurally_curated
pl,v1,1,470,483,szczególnie,szczególnie,szczególnie,unknown,szczególnie,wordfreq:pl,wordfreq_seeded;deterministically_filtered;structurally_curated
pl,v1,1,471,484,twój,twój,twój,unknown,twój,wordfreq:pl,wordfreq_seeded;deterministically_filtered;structurally_curated
pl,v1,1,472,485,warto,warto,warto,unknown,warto,wordfreq:pl,wordfreq_seeded;deterministically_filtered;structurally_curated
pl,v1,1,473,486,wody,wody,wody,unknown,wody,wordfreq:pl,wordfreq_seeded;deterministically_filtered;structurally_curated
pl,v1,1,474,487,wystarczy,wystarczy,wystarczy,unknown,wystarczy,wordfreq:pl,wordfreq_seeded;deterministically_filtered;structurally_curated
pl,v1,1,475,488,zostanie,zostanie,zostanie,unknown,zostanie,wordfreq:pl,wordfreq_seeded;deterministically_filtered;structurally_curated
pl,v1,1,476,489,całe,całe,całe,unknown,całe,wordfreq:pl,wordfreq_seeded;deterministically_filtered;structurally_curated
pl,v1,1,477,490,działa,działa,działa,unknown,działa,wordfreq:pl,wordfreq_seeded;deterministically_filtered;structurally_curated
pl,v1,1,478,491,fakt,fakt,fakt,unknown,fakt,wordfreq:pl,wordfreq_seeded;deterministically_filtered;structurally_curated
pl,v1,1,479,492,ii,ii,ii,unknown,ii,wordfreq:pl,wordfreq_seeded;deterministically_filtered;structurally_curated
pl,v1,1,480,493,informacje,informacje,informacje,unknown,informacje,wordfreq:pl,wordfreq_seeded;deterministically_filtered;structurally_curated
pl,v1,1,481,494,polskiego,polskiego,polskiego,unknown,polskiego,wordfreq:pl,wordfreq_seeded;deterministically_filtered;structurally_curated
pl,v1,1,482,495,pomiędzy,pomiędzy,pomiędzy,unknown,pomiędzy,wordfreq:pl,wordfreq_seeded;deterministically_filtered;structurally_curated
pl,v1,1,483,496,pomysł,pomysł,pomysł,unknown,pomysł,wordfreq:pl,wordfreq_seeded;deterministically_filtered;structurally_curated
pl,v1,1,484,497,sa,sa,sa,unknown,sa,wordfreq:pl,wordfreq_seeded;deterministically_filtered;structurally_curated
pl,v1,1,485,498,stało,stało,stało,unknown,stało,wordfreq:pl,wordfreq_seeded;deterministically_filtered;structurally_curated
pl,v1,1,486,499,taką,taką,taką,unknown,taką,wordfreq:pl,wordfreq_seeded;deterministically_filtered;structurally_curated
pl,v1,1,487,500,x,x,x,unknown,x,wordfreq:pl,wordfreq_seeded;deterministically_filtered;structurally_curated
pl,v1,1,488,501,zł,zł,zł,unknown,zł,wordfreq:pl,wordfreq_seeded;deterministically_filtered;structurally_curated
pl,v1,1,489,502,żadnych,żadnych,żadnych,unknown,żadnych,wordfreq:pl,wordfreq_seeded;deterministically_filtered;structurally_curated
pl,v1,1,490,503,będziesz,będziesz,będziesz,unknown,będziesz,wordfreq:pl,wordfreq_seeded;deterministically_filtered;structurally_curated
pl,v1,1,491,504,daje,daje,daje,unknown,daje,wordfreq:pl,wordfreq_seeded;deterministically_filtered;structurally_curated
pl,v1,1,492,505,działania,działania,działania,unknown,działania,wordfreq:pl,wordfreq_seeded;deterministically_filtered;structurally_curated
pl,v1,1,493,506,gdzieś,gdzieś,gdzieś,unknown,gdzieś,wordfreq:pl,wordfreq_seeded;deterministically_filtered;structurally_curated
pl,v1,1,494,507,inaczej,inaczej,inaczej,unknown,inaczej,wordfreq:pl,wordfreq_seeded;deterministically_filtered;structurally_curated
pl,v1,1,495,508,mało,mało,mało,unknown,mało,wordfreq:pl,wordfreq_seeded;deterministically_filtered;structurally_curated
pl,v1,1,496,509,minut,minut,minut,unknown,minut,wordfreq:pl,wordfreq_seeded;deterministically_filtered;structurally_curated
pl,v1,1,497,510,osoba,osoba,osoba,unknown,osoba,wordfreq:pl,wordfreq_seeded;deterministically_filtered;structurally_curated
pl,v1,1,498,511,pomoc,pomoc,pomoc,unknown,pomoc,wordfreq:pl,wordfreq_seeded;deterministically_filtered;structurally_curated
pl,v1,1,499,512,sprawa,sprawa,sprawa,unknown,sprawa,wordfreq:pl,wordfreq_seeded;deterministically_filtered;structurally_curated
pl,v1,1,500,513,t,t,t,unknown,t,wordfreq:pl,wordfreq_seeded;deterministically_filtered;structurally_curated
pl,v1,1,501,514,znajduje,znajduje,znajduje,unknown,znajduje,wordfreq:pl,wordfreq_seeded;deterministically_filtered;structurally_curated
pl,v1,1,502,515,boże,boże,boże,unknown,boże,wordfreq:pl,wordfreq_seeded;deterministically_filtered;structurally_curated
pl,v1,1,503,516,bądź,bądź,bądź,unknown,bądź,wordfreq:pl,wordfreq_seeded;deterministically_filtered;structurally_curated
pl,v1,1,504,517,długo,długo,długo,unknown,długo,wordfreq:pl,wordfreq_seeded;deterministically_filtered;structurally_curated
pl,v1,1,505,518,grupa,grupa,grupa,unknown,grupa,wordfreq:pl,wordfreq_seeded;deterministically_filtered;structurally_curated
pl,v1,1,506,519,gry,gry,gry,unknown,gry,wordfreq:pl,wordfreq_seeded;deterministically_filtered;structurally_curated
pl,v1,1,507,520,kolejny,kolejny,kolejny,unknown,kolejny,wordfreq:pl,wordfreq_seeded;deterministically_filtered;structurally_curated
pl,v1,1,508,521,miasto,miasto,miasto,unknown,miasto,wordfreq:pl,wordfreq_seeded;deterministically_filtered;structurally_curated
pl,v1,1,509,522,miałem,miałem,miałem,unknown,miałem,wordfreq:pl,wordfreq_seeded;deterministically_filtered;structurally_curated
pl,v1,1,510,523,mieście,mieście,mieście,unknown,mieście,wordfreq:pl,wordfreq_seeded;deterministically_filtered;structurally_curated
pl,v1,1,511,524,naszym,naszym,naszym,unknown,naszym,wordfreq:pl,wordfreq_seeded;deterministically_filtered;structurally_curated
pl,v1,1,512,525,stronę,stronę,stronę,unknown,stronę,wordfreq:pl,wordfreq_seeded;deterministically_filtered;structurally_curated
pl,v1,1,513,526,wojny,wojny,wojny,unknown,wojny,wordfreq:pl,wordfreq_seeded;deterministically_filtered;structurally_curated
pl,v1,1,514,527,zobaczyć,zobaczyć,zobaczyć,unknown,zobaczyć,wordfreq:pl,wordfreq_seeded;deterministically_filtered;structurally_curated
pl,v1,1,515,528,chwili,chwili,chwili,unknown,chwili,wordfreq:pl,wordfreq_seeded;deterministically_filtered;structurally_curated
pl,v1,1,516,529,ciągu,ciągu,ciągu,unknown,ciągu,wordfreq:pl,wordfreq_seeded;deterministically_filtered;structurally_curated
pl,v1,1,517,531,marca,marca,marca,unknown,marca,wordfreq:pl,wordfreq_seeded;deterministically_filtered;structurally_curated
pl,v1,1,518,532,musisz,musisz,musisz,unknown,musisz,wordfreq:pl,wordfreq_seeded;deterministically_filtered;structurally_curated
pl,v1,1,519,533,mógł,mógł,mógł,unknown,mógł,wordfreq:pl,wordfreq_seeded;deterministically_filtered;structurally_curated
pl,v1,1,520,534,pieniędzy,pieniędzy,pieniędzy,unknown,pieniędzy,wordfreq:pl,wordfreq_seeded;deterministically_filtered;structurally_curated
pl,v1,1,521,535,powinno,powinno,powinno,unknown,powinno,wordfreq:pl,wordfreq_seeded;deterministically_filtered;structurally_curated
pl,v1,1,522,536,super,super,super,unknown,super,wordfreq:pl,wordfreq_seeded;deterministically_filtered;structurally_curated
pl,v1,1,523,538,ciekawe,ciekawe,ciekawe,unknown,ciekawe,wordfreq:pl,wordfreq_seeded;deterministically_filtered;structurally_curated
pl,v1,1,524,539,idzie,idzie,idzie,unknown,idzie,wordfreq:pl,wordfreq_seeded;deterministically_filtered;structurally_curated
pl,v1,1,525,540,jednocześnie,jednocześnie,jednocześnie,unknown,jednocześnie,wordfreq:pl,wordfreq_seeded;deterministically_filtered;structurally_curated
pl,v1,1,526,541,jutro,jutro,jutro,unknown,jutro,wordfreq:pl,wordfreq_seeded;deterministically_filtered;structurally_curated
pl,v1,1,527,542,kultury,kultury,kultury,unknown,kultury,wordfreq:pl,wordfreq_seeded;deterministically_filtered;structurally_curated
pl,v1,1,528,543,mieli,mieli,mieli,unknown,mieli,wordfreq:pl,wordfreq_seeded;deterministically_filtered;structurally_curated
pl,v1,1,529,544,nocy,nocy,nocy,unknown,nocy,wordfreq:pl,wordfreq_seeded;deterministically_filtered;structurally_curated
pl,v1,1,530,545,pis,pis,pis,unknown,pis,wordfreq:pl,wordfreq_seeded;deterministically_filtered;structurally_curated
pl,v1,1,531,546,pisze,pisze,pisze,unknown,pisze,wordfreq:pl,wordfreq_seeded;deterministically_filtered;structurally_curated
pl,v1,1,532,547,polskich,polskich,polskich,unknown,polskich,wordfreq:pl,wordfreq_seeded;deterministically_filtered;structurally_curated
pl,v1,1,533,548,problemy,problemy,problemy,unknown,problemy,wordfreq:pl,wordfreq_seeded;deterministically_filtered;structurally_curated
pl,v1,1,534,549,udało,udało,udało,unknown,udało,wordfreq:pl,wordfreq_seeded;deterministically_filtered;structurally_curated
pl,v1,1,535,550,widać,widać,widać,unknown,widać,wordfreq:pl,wordfreq_seeded;deterministically_filtered;structurally_curated
pl,v1,1,536,551,wy,wy,wy,unknown,wy,wordfreq:pl,wordfreq_seeded;deterministically_filtered;structurally_curated
pl,v1,1,537,552,chciał,chciał,chciał,unknown,chciał,wordfreq:pl,wordfreq_seeded;deterministically_filtered;structurally_curated
pl,v1,1,538,553,dom,dom,dom,unknown,dom,wordfreq:pl,wordfreq_seeded;deterministically_filtered;structurally_curated
pl,v1,1,539,554,iść,iść,iść,unknown,iść,wordfreq:pl,wordfreq_seeded;deterministically_filtered;structurally_curated
pl,v1,1,540,555,iż,iż,iż,unknown,iż,wordfreq:pl,wordfreq_seeded;deterministically_filtered;structurally_curated
pl,v1,1,541,556,jakoś,jakoś,jakoś,unknown,jakoś,wordfreq:pl,wordfreq_seeded;deterministically_filtered;structurally_curated
pl,v1,1,542,557,jaką,jaką,jaką,unknown,jaką,wordfreq:pl,wordfreq_seeded;deterministically_filtered;structurally_curated
pl,v1,1,543,558,muszą,muszą,muszą,unknown,muszą,wordfreq:pl,wordfreq_seeded;deterministically_filtered;structurally_curated
pl,v1,1,544,559,mówią,mówią,mówią,unknown,mówią,wordfreq:pl,wordfreq_seeded;deterministically_filtered;structurally_curated
pl,v1,1,545,560,pierwszym,pierwszym,pierwszym,unknown,pierwszym,wordfreq:pl,wordfreq_seeded;deterministically_filtered;structurally_curated
pl,v1,1,546,561,projekt,projekt,projekt,unknown,projekt,wordfreq:pl,wordfreq_seeded;deterministically_filtered;structurally_curated
pl,v1,1,547,562,samego,samego,samego,unknown,samego,wordfreq:pl,wordfreq_seeded;deterministically_filtered;structurally_curated
pl,v1,1,548,563,sprawę,sprawę,sprawę,unknown,sprawę,wordfreq:pl,wordfreq_seeded;deterministically_filtered;structurally_curated
pl,v1,1,549,564,sumie,sumie,sumie,unknown,sumie,wordfreq:pl,wordfreq_seeded;deterministically_filtered;structurally_curated
pl,v1,1,550,565,trzech,trzech,trzech,unknown,trzech,wordfreq:pl,wordfreq_seeded;deterministically_filtered;structurally_curated
pl,v1,1,551,566,wiadomości,wiadomości,wiadomości,unknown,wiadomości,wordfreq:pl,wordfreq_seeded;deterministically_filtered;structurally_curated
pl,v1,1,552,567,xd,xd,xd,unknown,xd,wordfreq:pl,wordfreq_seeded;deterministically_filtered;structurally_curated
pl,v1,1,553,568,zanim,zanim,zanim,unknown,zanim,wordfreq:pl,wordfreq_seeded;deterministically_filtered;structurally_curated
pl,v1,1,554,569,znam,znam,znam,unknown,znam,wordfreq:pl,wordfreq_seeded;deterministically_filtered;structurally_curated
pl,v1,1,555,570,byłem,byłem,byłem,unknown,byłem,wordfreq:pl,wordfreq_seeded;deterministically_filtered;structurally_curated
pl,v1,1,556,571,całą,całą,całą,unknown,całą,wordfreq:pl,wordfreq_seeded;deterministically_filtered;structurally_curated
pl,v1,1,557,572,czegoś,czegoś,czegoś,unknown,czegoś,wordfreq:pl,wordfreq_seeded;deterministically_filtered;structurally_curated
pl,v1,1,558,573,firmy,firmy,firmy,unknown,firmy,wordfreq:pl,wordfreq_seeded;deterministically_filtered;structurally_curated
pl,v1,1,559,574,kobieta,kobieta,kobieta,unknown,kobieta,wordfreq:pl,wordfreq_seeded;deterministically_filtered;structurally_curated
pl,v1,1,560,575,kocham,kocham,kocham,unknown,kocham,wordfreq:pl,wordfreq_seeded;deterministically_filtered;structurally_curated
pl,v1,1,561,577,musimy,musimy,musimy,unknown,musimy,wordfreq:pl,wordfreq_seeded;deterministically_filtered;structurally_curated
pl,v1,1,562,578,następnie,następnie,następnie,unknown,następnie,wordfreq:pl,wordfreq_seeded;deterministically_filtered;structurally_curated
pl,v1,1,563,579,nowych,nowych,nowych,unknown,nowych,wordfreq:pl,wordfreq_seeded;deterministically_filtered;structurally_curated
pl,v1,1,564,580,państwo,państwo,państwo,unknown,państwo,wordfreq:pl,wordfreq_seeded;deterministically_filtered;structurally_curated
pl,v1,1,565,581,podstawie,podstawie,podstawie,unknown,podstawie,wordfreq:pl,wordfreq_seeded;deterministically_filtered;structurally_curated
pl,v1,1,566,582,polskiej,polskiej,polskiej,unknown,polskiej,wordfreq:pl,wordfreq_seeded;deterministically_filtered;structurally_curated
pl,v1,1,567,583,program,program,program,unknown,program,wordfreq:pl,wordfreq_seeded;deterministically_filtered;structurally_curated
pl,v1,1,568,584,same,same,same,unknown,same,wordfreq:pl,wordfreq_seeded;deterministically_filtered;structurally_curated
pl,v1,1,569,585,wczoraj,wczoraj,wczoraj,unknown,wczoraj,wordfreq:pl,wordfreq_seeded;deterministically_filtered;structurally_curated
pl,v1,1,570,587,dr,dr,dr,unknown,dr,wordfreq:pl,wordfreq_seeded;deterministically_filtered;structurally_curated
pl,v1,1,571,588,godzin,godzin,godzin,unknown,godzin,wordfreq:pl,wordfreq_seeded;deterministically_filtered;structurally_curated
pl,v1,1,572,589,godziny,godziny,godziny,unknown,godziny,wordfreq:pl,wordfreq_seeded;deterministically_filtered;structurally_curated
pl,v1,1,573,590,historia,historia,historia,unknown,historia,wordfreq:pl,wordfreq_seeded;deterministically_filtered;structurally_curated
pl,v1,1,574,591,kim,kim,kim,unknown,kim,wordfreq:pl,wordfreq_seeded;deterministically_filtered;structurally_curated
pl,v1,1,575,592,możliwe,możliwe,możliwe,unknown,możliwe,wordfreq:pl,wordfreq_seeded;deterministically_filtered;structurally_curated
pl,v1,1,576,593,najlepiej,najlepiej,najlepiej,unknown,najlepiej,wordfreq:pl,wordfreq_seeded;deterministically_filtered;structurally_curated
pl,v1,1,577,594,oczy,oczy,oczy,unknown,oczy,wordfreq:pl,wordfreq_seeded;deterministically_filtered;structurally_curated
pl,v1,1,578,595,okazji,okazji,okazji,unknown,okazji,wordfreq:pl,wordfreq_seeded;deterministically_filtered;structurally_curated
pl,v1,1,579,596,polskie,polskie,polskie,unknown,polskie,wordfreq:pl,wordfreq_seeded;deterministically_filtered;structurally_curated
pl,v1,1,580,597,razu,razu,razu,unknown,razu,wordfreq:pl,wordfreq_seeded;deterministically_filtered;structurally_curated
pl,v1,1,581,598,trudno,trudno,trudno,unknown,trudno,wordfreq:pl,wordfreq_seeded;deterministically_filtered;structurally_curated
pl,v1,1,582,599,września,września,września,unknown,września,wordfreq:pl,wordfreq_seeded;deterministically_filtered;structurally_curated
pl,v1,1,583,600,zgodnie,zgodnie,zgodnie,unknown,zgodnie,wordfreq:pl,wordfreq_seeded;deterministically_filtered;structurally_curated
pl,v1,1,584,601,klasy,klasy,klasy,unknown,klasy,wordfreq:pl,wordfreq_seeded;deterministically_filtered;structurally_curated
pl,v1,1,585,602,książki,książki,książki,unknown,książki,wordfreq:pl,wordfreq_seeded;deterministically_filtered;structurally_curated
pl,v1,1,586,603,mocno,mocno,mocno,unknown,mocno,wordfreq:pl,wordfreq_seeded;deterministically_filtered;structurally_curated
pl,v1,1,587,604,najpierw,najpierw,najpierw,unknown,najpierw,wordfreq:pl,wordfreq_seeded;deterministically_filtered;structurally_curated
pl,v1,1,588,605,nasza,nasza,nasza,unknown,nasza,wordfreq:pl,wordfreq_seeded;deterministically_filtered;structurally_curated
pl,v1,1,589,606,pana,pana,pana,unknown,pana,wordfreq:pl,wordfreq_seeded;deterministically_filtered;structurally_curated
pl,v1,1,590,607,pokoju,pokoju,pokoju,unknown,pokoju,wordfreq:pl,wordfreq_seeded;deterministically_filtered;structurally_curated
pl,v1,1,591,608,rano,rano,rano,unknown,rano,wordfreq:pl,wordfreq_seeded;deterministically_filtered;structurally_curated
pl,v1,1,592,609,rozwoju,rozwoju,rozwoju,unknown,rozwoju,wordfreq:pl,wordfreq_seeded;deterministically_filtered;structurally_curated
pl,v1,1,593,610,różne,różne,różne,unknown,różne,wordfreq:pl,wordfreq_seeded;deterministically_filtered;structurally_curated
pl,v1,1,594,611,skąd,skąd,skąd,unknown,skąd,wordfreq:pl,wordfreq_seeded;deterministically_filtered;structurally_curated
pl,v1,1,595,612,władzy,władzy,władzy,unknown,władzy,wordfreq:pl,wordfreq_seeded;deterministically_filtered;structurally_curated
pl,v1,1,596,613,byłoby,byłoby,byłoby,unknown,byłoby,wordfreq:pl,wordfreq_seeded;deterministically_filtered;structurally_curated
pl,v1,1,597,614,cała,cała,cała,unknown,cała,wordfreq:pl,wordfreq_seeded;deterministically_filtered;structurally_curated
pl,v1,1,598,615,ciągle,ciągle,ciągle,unknown,ciągle,wordfreq:pl,wordfreq_seeded;deterministically_filtered;structurally_curated
pl,v1,1,599,616,czasami,czasami,czasami,unknown,czasami,wordfreq:pl,wordfreq_seeded;deterministically_filtered;structurally_curated
pl,v1,1,600,617,kogo,kogo,kogo,unknown,kogo,wordfreq:pl,wordfreq_seeded;deterministically_filtered;structurally_curated
pl,v1,1,601,618,miało,miało,miało,unknown,miało,wordfreq:pl,wordfreq_seeded;deterministically_filtered;structurally_curated
pl,v1,1,602,619,mną,mną,mną,unknown,mną,wordfreq:pl,wordfreq_seeded;deterministically_filtered;structurally_curated
pl,v1,1,603,620,mówić,mówić,mówić,unknown,mówić,wordfreq:pl,wordfreq_seeded;deterministically_filtered;structurally_curated
pl,v1,1,604,621,nowa,nowa,nowa,unknown,nowa,wordfreq:pl,wordfreq_seeded;deterministically_filtered;structurally_curated
pl,v1,1,605,622,nowym,nowym,nowym,unknown,nowym,wordfreq:pl,wordfreq_seeded;deterministically_filtered;structurally_curated
pl,v1,1,606,623,panie,panie,panie,unknown,panie,wordfreq:pl,wordfreq_seeded;deterministically_filtered;structurally_curated
pl,v1,1,607,624,października,października,października,unknown,października,wordfreq:pl,wordfreq_seeded;deterministically_filtered;structurally_curated
pl,v1,1,608,625,pierwszej,pierwszej,pierwszej,unknown,pierwszej,wordfreq:pl,wordfreq_seeded;deterministically_filtered;structurally_curated
pl,v1,1,609,626,pomóc,pomóc,pomóc,unknown,pomóc,wordfreq:pl,wordfreq_seeded;deterministically_filtered;structurally_curated
pl,v1,1,610,627,przede,przede,przede,unknown,przede,wordfreq:pl,wordfreq_seeded;deterministically_filtered;structurally_curated
pl,v1,1,611,628,szkole,szkole,szkole,unknown,szkole,wordfreq:pl,wordfreq_seeded;deterministically_filtered;structurally_curated
pl,v1,1,612,629,wcale,wcale,wcale,unknown,wcale,wordfreq:pl,wordfreq_seeded;deterministically_filtered;structurally_curated
pl,v1,1,613,630,zależy,zależy,zależy,unknown,zależy,wordfreq:pl,wordfreq_seeded;deterministically_filtered;structurally_curated
pl,v1,1,614,631,całej,całej,całej,unknown,całej,wordfreq:pl,wordfreq_seeded;deterministically_filtered;structurally_curated
pl,v1,1,615,632,całym,całym,całym,unknown,całym,wordfreq:pl,wordfreq_seeded;deterministically_filtered;structurally_curated
pl,v1,1,616,633,cztery,cztery,cztery,unknown,cztery,wordfreq:pl,wordfreq_seeded;deterministically_filtered;structurally_curated
pl,v1,1,617,634,dane,dane,dane,unknown,dane,wordfreq:pl,wordfreq_seeded;deterministically_filtered;structurally_curated
pl,v1,1,618,635,dać,dać,dać,unknown,dać,wordfreq:pl,wordfreq_seeded;deterministically_filtered;structurally_curated
pl,v1,1,619,636,drogi,drogi,drogi,unknown,drogi,wordfreq:pl,wordfreq_seeded;deterministically_filtered;structurally_curated
pl,v1,1,620,637,inni,inni,inni,unknown,inni,wordfreq:pl,wordfreq_seeded;deterministically_filtered;structurally_curated
pl,v1,1,621,638,jaka,jaka,jaka,unknown,jaka,wordfreq:pl,wordfreq_seeded;deterministically_filtered;structurally_curated
pl,v1,1,622,639,kolejne,kolejne,kolejne,unknown,kolejne,wordfreq:pl,wordfreq_seeded;deterministically_filtered;structurally_curated
pl,v1,1,623,640,la,la,la,unknown,la,wordfreq:pl,wordfreq_seeded;deterministically_filtered;structurally_curated
pl,v1,1,624,641,możliwości,możliwości,możliwości,unknown,możliwości,wordfreq:pl,wordfreq_seeded;deterministically_filtered;structurally_curated
pl,v1,1,625,642,organizacji,organizacji,organizacji,unknown,organizacji,wordfreq:pl,wordfreq_seeded;deterministically_filtered;structurally_curated
pl,v1,1,626,643,pamiętam,pamiętam,pamiętam,unknown,pamiętam,wordfreq:pl,wordfreq_seeded;deterministically_filtered;structurally_curated
pl,v1,1,627,644,prawdopodobnie,prawdopodobnie,prawdopodobnie,unknown,prawdopodobnie,wordfreq:pl,wordfreq_seeded;deterministically_filtered;structurally_curated
pl,v1,1,628,645,prezydenta,prezydenta,prezydenta,unknown,prezydenta,wordfreq:pl,wordfreq_seeded;deterministically_filtered;structurally_curated
pl,v1,1,629,646,przepraszam,przepraszam,przepraszam,unknown,przepraszam,wordfreq:pl,wordfreq_seeded;deterministically_filtered;structurally_curated
pl,v1,1,630,647,szczęście,szczęście,szczęście,unknown,szczęście,wordfreq:pl,wordfreq_seeded;deterministically_filtered;structurally_curated
pl,v1,1,631,648,terenie,terenie,terenie,unknown,terenie,wordfreq:pl,wordfreq_seeded;deterministically_filtered;structurally_curated
pl,v1,1,632,649,tys,tys,tys,unknown,tys,wordfreq:pl,wordfreq_seeded;deterministically_filtered;structurally_curated
pl,v1,1,633,650,zdrowia,zdrowia,zdrowia,unknown,zdrowia,wordfreq:pl,wordfreq_seeded;deterministically_filtered;structurally_curated
pl,v1,1,634,651,zrobił,zrobił,zrobił,unknown,zrobił,wordfreq:pl,wordfreq_seeded;deterministically_filtered;structurally_curated
pl,v1,1,635,652,zwłaszcza,zwłaszcza,zwłaszcza,unknown,zwłaszcza,wordfreq:pl,wordfreq_seeded;deterministically_filtered;structurally_curated
pl,v1,1,636,653,drodze,drodze,drodze,unknown,drodze,wordfreq:pl,wordfreq_seeded;deterministically_filtered;structurally_curated
pl,v1,1,637,654,imię,imię,imię,unknown,imię,wordfreq:pl,wordfreq_seeded;deterministically_filtered;structurally_curated
pl,v1,1,638,655,kraj,kraj,kraj,unknown,kraj,wordfreq:pl,wordfreq_seeded;deterministically_filtered;structurally_curated
pl,v1,1,639,656,miesięcy,miesięcy,miesięcy,unknown,miesięcy,wordfreq:pl,wordfreq_seeded;deterministically_filtered;structurally_curated
pl,v1,1,640,657,ostatni,ostatni,ostatni,unknown,ostatni,wordfreq:pl,wordfreq_seeded;deterministically_filtered;structurally_curated
pl,v1,1,641,658,praca,praca,praca,unknown,praca,wordfreq:pl,wordfreq_seeded;deterministically_filtered;structurally_curated
pl,v1,1,642,659,stan,stan,stan,unknown,stan,wordfreq:pl,wordfreq_seeded;deterministically_filtered;structurally_curated
pl,v1,1,643,660,stanu,stanu,stanu,unknown,stanu,wordfreq:pl,wordfreq_seeded;deterministically_filtered;structurally_curated
pl,v1,1,644,661,szkoda,szkoda,szkoda,unknown,szkoda,wordfreq:pl,wordfreq_seeded;deterministically_filtered;structurally_curated
pl,v1,1,645,662,takiej,takiej,takiej,unknown,takiej,wordfreq:pl,wordfreq_seeded;deterministically_filtered;structurally_curated
pl,v1,1,646,663,twoja,twoja,twoja,unknown,twoja,wordfreq:pl,wordfreq_seeded;deterministically_filtered;structurally_curated
pl,v1,1,647,664,zupełnie,zupełnie,zupełnie,unknown,zupełnie,wordfreq:pl,wordfreq_seeded;deterministically_filtered;structurally_curated
pl,v1,1,648,665,czerwca,czerwca,czerwca,unknown,czerwca,wordfreq:pl,wordfreq_seeded;deterministically_filtered;structurally_curated
pl,v1,1,649,666,jakim,jakim,jakim,unknown,jakim,wordfreq:pl,wordfreq_seeded;deterministically_filtered;structurally_curated
pl,v1,1,650,667,lutego,lutego,lutego,unknown,lutego,wordfreq:pl,wordfreq_seeded;deterministically_filtered;structurally_curated
pl,v1,1,651,668,mogli,mogli,mogli,unknown,mogli,wordfreq:pl,wordfreq_seeded;deterministically_filtered;structurally_curated
pl,v1,1,652,669,mówiąc,mówiąc,mówiąc,unknown,mówiąc,wordfreq:pl,wordfreq_seeded;deterministically_filtered;structurally_curated
pl,v1,1,653,670,obok,obok,obok,unknown,obok,wordfreq:pl,wordfreq_seeded;deterministically_filtered;structurally_curated
pl,v1,1,654,671,ochrony,ochrony,ochrony,unknown,ochrony,wordfreq:pl,wordfreq_seeded;deterministically_filtered;structurally_curated
pl,v1,1,655,672,oto,oto,oto,unknown,oto,wordfreq:pl,wordfreq_seeded;deterministically_filtered;structurally_curated
pl,v1,1,656,673,pierwsza,pierwsza,pierwsza,unknown,pierwsza,wordfreq:pl,wordfreq_seeded;deterministically_filtered;structurally_curated
pl,v1,1,657,674,podobnie,podobnie,podobnie,unknown,podobnie,wordfreq:pl,wordfreq_seeded;deterministically_filtered;structurally_curated
pl,v1,1,658,675,powinna,powinna,powinna,unknown,powinna,wordfreq:pl,wordfreq_seeded;deterministically_filtered;structurally_curated
pl,v1,1,659,676,rodzaju,rodzaju,rodzaju,unknown,rodzaju,wordfreq:pl,wordfreq_seeded;deterministically_filtered;structurally_curated
pl,v1,1,660,677,serio,serio,serio,unknown,serio,wordfreq:pl,wordfreq_seeded;deterministically_filtered;structurally_curated
pl,v1,1,661,678,stycznia,stycznia,stycznia,unknown,stycznia,wordfreq:pl,wordfreq_seeded;deterministically_filtered;structurally_curated
pl,v1,1,662,679,ustawy,ustawy,ustawy,unknown,ustawy,wordfreq:pl,wordfreq_seeded;deterministically_filtered;structurally_curated
pl,v1,1,663,680,śmierć,śmierć,śmierć,unknown,śmierć,wordfreq:pl,wordfreq_seeded;deterministically_filtered;structurally_curated
pl,v1,1,664,681,akcji,akcji,akcji,unknown,akcji,wordfreq:pl,wordfreq_seeded;deterministically_filtered;structurally_curated
pl,v1,1,665,682,chwilę,chwilę,chwilę,unknown,chwilę,wordfreq:pl,wordfreq_seeded;deterministically_filtered;structurally_curated
pl,v1,1,666,683,czuję,czuję,czuję,unknown,czuję,wordfreq:pl,wordfreq_seeded;deterministically_filtered;structurally_curated
pl,v1,1,667,684,grudnia,grudnia,grudnia,unknown,grudnia,wordfreq:pl,wordfreq_seeded;deterministically_filtered;structurally_curated
pl,v1,1,668,685,góry,góry,góry,unknown,góry,wordfreq:pl,wordfreq_seeded;deterministically_filtered;structurally_curated
pl,v1,1,669,686,l,l,l,unknown,l,wordfreq:pl,wordfreq_seeded;deterministically_filtered;structurally_curated
pl,v1,1,670,687,momencie,momencie,momencie,unknown,momencie,wordfreq:pl,wordfreq_seeded;deterministically_filtered;structurally_curated
pl,v1,1,671,688,nowej,nowej,nowej,unknown,nowej,wordfreq:pl,wordfreq_seeded;deterministically_filtered;structurally_curated
pl,v1,1,672,689,projektu,projektu,projektu,unknown,projektu,wordfreq:pl,wordfreq_seeded;deterministically_filtered;structurally_curated
pl,v1,1,673,690,pół,pół,pół,unknown,pół,wordfreq:pl,wordfreq_seeded;deterministically_filtered;structurally_curated
pl,v1,1,674,691,warszawa,warszawa,warszawa,unknown,warszawa,wordfreq:pl,wordfreq_seeded;deterministically_filtered;structurally_curated
pl,v1,1,675,692,warszawie,warszawie,warszawie,unknown,warszawie,wordfreq:pl,wordfreq_seeded;deterministically_filtered;structurally_curated
pl,v1,1,676,693,byłam,byłam,byłam,unknown,byłam,wordfreq:pl,wordfreq_seeded;deterministically_filtered;structurally_curated
pl,v1,1,677,694,k,k,k,unknown,k,wordfreq:pl,wordfreq_seeded;deterministically_filtered;structurally_curated
pl,v1,1,678,695,kościoła,kościoła,kościoła,unknown,kościoła,wordfreq:pl,wordfreq_seeded;deterministically_filtered;structurally_curated
pl,v1,1,679,696,liczba,liczba,liczba,unknown,liczba,wordfreq:pl,wordfreq_seeded;deterministically_filtered;structurally_curated
pl,v1,1,680,697,postaci,postaci,postaci,unknown,postaci,wordfreq:pl,wordfreq_seeded;deterministically_filtered;structurally_curated
pl,v1,1,681,698,rodzina,rodzina,rodzina,unknown,rodzina,wordfreq:pl,wordfreq_seeded;deterministically_filtered;structurally_curated
pl,v1,1,682,699,sami,sami,sami,unknown,sami,wordfreq:pl,wordfreq_seeded;deterministically_filtered;structurally_curated
pl,v1,1,683,700,sieci,sieci,sieci,unknown,sieci,wordfreq:pl,wordfreq_seeded;deterministically_filtered;structurally_curated
pl,v1,1,684,701,spraw,spraw,spraw,unknown,spraw,wordfreq:pl,wordfreq_seeded;deterministically_filtered;structurally_curated
pl,v1,1,685,702,tez,tez,tez,unknown,tez,wordfreq:pl,wordfreq_seeded;deterministically_filtered;structurally_curated
pl,v1,1,686,703,tymi,tymi,tymi,unknown,tymi,wordfreq:pl,wordfreq_seeded;deterministically_filtered;structurally_curated
pl,v1,1,687,704,ulicy,ulicy,ulicy,unknown,ulicy,wordfreq:pl,wordfreq_seeded;deterministically_filtered;structurally_curated
pl,v1,1,688,705,zaczyna,zaczyna,zaczyna,unknown,zaczyna,wordfreq:pl,wordfreq_seeded;deterministically_filtered;structurally_curated
pl,v1,1,689,706,zdjęć,zdjęć,zdjęć,unknown,zdjęć,wordfreq:pl,wordfreq_seeded;deterministically_filtered;structurally_curated
pl,v1,1,690,707,badania,badania,badania,unknown,badania,wordfreq:pl,wordfreq_seeded;deterministically_filtered;structurally_curated
pl,v1,1,691,708,europy,europy,europy,unknown,europy,wordfreq:pl,wordfreq_seeded;deterministically_filtered;structurally_curated
pl,v1,1,692,709,kwietnia,kwietnia,kwietnia,unknown,kwietnia,wordfreq:pl,wordfreq_seeded;deterministically_filtered;structurally_curated
pl,v1,1,693,710,mama,mama,mama,unknown,mama,wordfreq:pl,wordfreq_seeded;deterministically_filtered;structurally_curated
pl,v1,1,694,711,mówię,mówię,mówię,unknown,mówię,wordfreq:pl,wordfreq_seeded;deterministically_filtered;structurally_curated
pl,v1,1,695,712,nami,nami,nami,unknown,nami,wordfreq:pl,wordfreq_seeded;deterministically_filtered;structurally_curated
pl,v1,1,696,713,niektórych,niektórych,niektórych,unknown,niektórych,wordfreq:pl,wordfreq_seeded;deterministically_filtered;structurally_curated
pl,v1,1,697,714,prezydent,prezydent,prezydent,unknown,prezydent,wordfreq:pl,wordfreq_seeded;deterministically_filtered;structurally_curated
pl,v1,1,698,715,ruchu,ruchu,ruchu,unknown,ruchu,wordfreq:pl,wordfreq_seeded;deterministically_filtered;structurally_curated
pl,v1,1,699,716,stać,stać,stać,unknown,stać,wordfreq:pl,wordfreq_seeded;deterministically_filtered;structurally_curated
pl,v1,1,700,717,telefon,telefon,telefon,unknown,telefon,wordfreq:pl,wordfreq_seeded;deterministically_filtered;structurally_curated
pl,v1,1,701,718,tysięcy,tysięcy,tysięcy,unknown,tysięcy,wordfreq:pl,wordfreq_seeded;deterministically_filtered;structurally_curated
pl,v1,1,702,719,tzw,tzw,tzw,unknown,tzw,wordfreq:pl,wordfreq_seeded;deterministically_filtered;structurally_curated
pl,v1,1,703,720,walki,walki,walki,unknown,walki,wordfreq:pl,wordfreq_seeded;deterministically_filtered;structurally_curated
pl,v1,1,704,721,wszystkiego,wszystkiego,wszystkiego,unknown,wszystkiego,wordfreq:pl,wordfreq_seeded;deterministically_filtered;structurally_curated
pl,v1,1,705,722,wyniki,wyniki,wyniki,unknown,wyniki,wordfreq:pl,wordfreq_seeded;deterministically_filtered;structurally_curated
pl,v1,1,706,723,zjednoczonych,zjednoczonych,zjednoczonych,unknown,zjednoczonych,wordfreq:pl,wordfreq_seeded;deterministically_filtered;structurally_curated
pl,v1,1,707,724,zmienić,zmienić,zmienić,unknown,zmienić,wordfreq:pl,wordfreq_seeded;deterministically_filtered;structurally_curated
pl,v1,1,708,725,żyć,żyć,żyć,unknown,żyć,wordfreq:pl,wordfreq_seeded;deterministically_filtered;structurally_curated
pl,v1,1,709,726,bezpieczeństwa,bezpieczeństwa,bezpieczeństwa,unknown,bezpieczeństwa,wordfreq:pl,wordfreq_seeded;deterministically_filtered;structurally_curated
pl,v1,1,710,727,całkiem,całkiem,całkiem,unknown,całkiem,wordfreq:pl,wordfreq_seeded;deterministically_filtered;structurally_curated
pl,v1,1,711,728,ciała,ciała,ciała,unknown,ciała,wordfreq:pl,wordfreq_seeded;deterministically_filtered;structurally_curated
pl,v1,1,712,729,każda,każda,każda,unknown,każda,wordfreq:pl,wordfreq_seeded;deterministically_filtered;structurally_curated
pl,v1,1,713,730,każdej,każdej,każdej,unknown,każdej,wordfreq:pl,wordfreq_seeded;deterministically_filtered;structurally_curated
pl,v1,1,714,731,listopada,listopada,listopada,unknown,listopada,wordfreq:pl,wordfreq_seeded;deterministically_filtered;structurally_curated
pl,v1,1,715,732,macie,macie,macie,unknown,macie,wordfreq:pl,wordfreq_seeded;deterministically_filtered;structurally_curated
pl,v1,1,716,733,małe,małe,małe,unknown,małe,wordfreq:pl,wordfreq_seeded;deterministically_filtered;structurally_curated
pl,v1,1,717,734,media,media,media,unknown,media,wordfreq:pl,wordfreq_seeded;deterministically_filtered;structurally_curated
pl,v1,1,718,735,mężczyzn,mężczyzn,mężczyzn,unknown,mężczyzn,wordfreq:pl,wordfreq_seeded;deterministically_filtered;structurally_curated
pl,v1,1,719,736,systemu,systemu,systemu,unknown,systemu,wordfreq:pl,wordfreq_seeded;deterministically_filtered;structurally_curated
pl,v1,1,720,737,trakcie,trakcie,trakcie,unknown,trakcie,wordfreq:pl,wordfreq_seeded;deterministically_filtered;structurally_curated
pl,v1,1,721,738,uwagi,uwagi,uwagi,unknown,uwagi,wordfreq:pl,wordfreq_seeded;deterministically_filtered;structurally_curated
pl,v1,1,722,739,wartości,wartości,wartości,unknown,wartości,wordfreq:pl,wordfreq_seeded;deterministically_filtered;structurally_curated
pl,v1,1,723,740,zwykle,zwykle,zwykle,unknown,zwykle,wordfreq:pl,wordfreq_seeded;deterministically_filtered;structurally_curated
pl,v1,1,724,741,całego,całego,całego,unknown,całego,wordfreq:pl,wordfreq_seeded;deterministically_filtered;structurally_curated
pl,v1,1,725,742,ciężko,ciężko,ciężko,unknown,ciężko,wordfreq:pl,wordfreq_seeded;deterministically_filtered;structurally_curated
pl,v1,1,726,743,gdyż,gdyż,gdyż,unknown,gdyż,wordfreq:pl,wordfreq_seeded;deterministically_filtered;structurally_curated
pl,v1,1,727,744,głos,głos,głos,unknown,głos,wordfreq:pl,wordfreq_seeded;deterministically_filtered;structurally_curated
pl,v1,1,728,745,kierunku,kierunku,kierunku,unknown,kierunku,wordfreq:pl,wordfreq_seeded;deterministically_filtered;structurally_curated
pl,v1,1,729,746,miały,miały,miały,unknown,miały,wordfreq:pl,wordfreq_seeded;deterministically_filtered;structurally_curated
pl,v1,1,730,747,nagle,nagle,nagle,unknown,nagle,wordfreq:pl,wordfreq_seeded;deterministically_filtered;structurally_curated
pl,v1,1,731,748,najlepszy,najlepszy,najlepszy,unknown,najlepszy,wordfreq:pl,wordfreq_seeded;deterministically_filtered;structurally_curated
pl,v1,1,732,749,niektórzy,niektórzy,niektórzy,unknown,niektórzy,wordfreq:pl,wordfreq_seeded;deterministically_filtered;structurally_curated
pl,v1,1,733,750,nikogo,nikogo,nikogo,unknown,nikogo,wordfreq:pl,wordfreq_seeded;deterministically_filtered;structurally_curated
pl,v1,1,734,751,ojciec,ojciec,ojciec,unknown,ojciec,wordfreq:pl,wordfreq_seeded;deterministically_filtered;structurally_curated
pl,v1,1,735,752,ostatnie,ostatnie,ostatnie,unknown,ostatnie,wordfreq:pl,wordfreq_seeded;deterministically_filtered;structurally_curated
pl,v1,1,736,753,pomocą,pomocą,pomocą,unknown,pomocą,wordfreq:pl,wordfreq_seeded;deterministically_filtered;structurally_curated
pl,v1,1,737,754,poziom,poziom,poziom,unknown,poziom,wordfreq:pl,wordfreq_seeded;deterministically_filtered;structurally_curated
pl,v1,1,738,755,programu,programu,programu,unknown,programu,wordfreq:pl,wordfreq_seeded;deterministically_filtered;structurally_curated
pl,v1,1,739,756,pytania,pytania,pytania,unknown,pytania,wordfreq:pl,wordfreq_seeded;deterministically_filtered;structurally_curated
pl,v1,1,740,757,rosji,rosji,rosji,unknown,rosji,wordfreq:pl,wordfreq_seeded;deterministically_filtered;structurally_curated
pl,v1,1,741,758,tydzień,tydzień,tydzień,unknown,tydzień,wordfreq:pl,wordfreq_seeded;deterministically_filtered;structurally_curated
pl,v1,1,742,759,zespół,zespół,zespół,unknown,zespół,wordfreq:pl,wordfreq_seeded;deterministically_filtered;structurally_curated
pl,v1,1,743,760,znacznie,znacznie,znacznie,unknown,znacznie,wordfreq:pl,wordfreq_seeded;deterministically_filtered;structurally_curated
pl,v1,1,744,761,brzmi,brzmi,brzmi,unknown,brzmi,wordfreq:pl,wordfreq_seeded;deterministically_filtered;structurally_curated
pl,v1,1,745,762,chcemy,chcemy,chcemy,unknown,chcemy,wordfreq:pl,wordfreq_seeded;deterministically_filtered;structurally_curated
pl,v1,1,746,763,duże,duże,duże,unknown,duże,wordfreq:pl,wordfreq_seeded;deterministically_filtered;structurally_curated
pl,v1,1,747,764,głowy,głowy,głowy,unknown,głowy,wordfreq:pl,wordfreq_seeded;deterministically_filtered;structurally_curated
pl,v1,1,748,765,juz,juz,juz,unknown,juz,wordfreq:pl,wordfreq_seeded;deterministically_filtered;structurally_curated
pl,v1,1,749,766,język,język,język,unknown,język,wordfreq:pl,wordfreq_seeded;deterministically_filtered;structurally_curated
pl,v1,1,750,767,miałam,miałam,miałam,unknown,miałam,wordfreq:pl,wordfreq_seeded;deterministically_filtered;structurally_curated
pl,v1,1,751,768,niektóre,niektóre,niektóre,unknown,niektóre,wordfreq:pl,wordfreq_seeded;deterministically_filtered;structurally_curated
pl,v1,1,752,769,odpowiedzi,odpowiedzi,odpowiedzi,unknown,odpowiedzi,wordfreq:pl,wordfreq_seeded;deterministically_filtered;structurally_curated
pl,v1,1,753,770,policja,policja,policja,unknown,policja,wordfreq:pl,wordfreq_seeded;deterministically_filtered;structurally_curated
pl,v1,1,754,771,ponownie,ponownie,ponownie,unknown,ponownie,wordfreq:pl,wordfreq_seeded;deterministically_filtered;structurally_curated
pl,v1,1,755,772,rodzice,rodzice,rodzice,unknown,rodzice,wordfreq:pl,wordfreq_seeded;deterministically_filtered;structurally_curated
pl,v1,1,756,773,sierpnia,sierpnia,sierpnia,unknown,sierpnia,wordfreq:pl,wordfreq_seeded;deterministically_filtered;structurally_curated
pl,v1,1,757,774,stylu,stylu,stylu,unknown,stylu,wordfreq:pl,wordfreq_seeded;deterministically_filtered;structurally_curated
pl,v1,1,758,775,uważam,uważam,uważam,unknown,uważam,wordfreq:pl,wordfreq_seeded;deterministically_filtered;structurally_curated
pl,v1,1,759,776,wielki,wielki,wielki,unknown,wielki,wordfreq:pl,wordfreq_seeded;deterministically_filtered;structurally_curated
pl,v1,1,760,777,zaś,zaś,zaś,unknown,zaś,wordfreq:pl,wordfreq_seeded;deterministically_filtered;structurally_curated
pl,v1,1,761,778,żadnego,żadnego,żadnego,unknown,żadnego,wordfreq:pl,wordfreq_seeded;deterministically_filtered;structurally_curated
pl,v1,1,762,779,całkowicie,całkowicie,całkowicie,unknown,całkowicie,wordfreq:pl,wordfreq_seeded;deterministically_filtered;structurally_curated
pl,v1,1,763,780,celem,celem,celem,unknown,celem,wordfreq:pl,wordfreq_seeded;deterministically_filtered;structurally_curated
pl,v1,1,764,781,dniu,dniu,dniu,unknown,dniu,wordfreq:pl,wordfreq_seeded;deterministically_filtered;structurally_curated
pl,v1,1,765,782,jasne,jasne,jasne,unknown,jasne,wordfreq:pl,wordfreq_seeded;deterministically_filtered;structurally_curated
pl,v1,1,766,783,kupić,kupić,kupić,unknown,kupić,wordfreq:pl,wordfreq_seeded;deterministically_filtered;structurally_curated
pl,v1,1,767,784,lipca,lipca,lipca,unknown,lipca,wordfreq:pl,wordfreq_seeded;deterministically_filtered;structurally_curated
pl,v1,1,768,785,możliwość,możliwość,możliwość,unknown,możliwość,wordfreq:pl,wordfreq_seeded;deterministically_filtered;structurally_curated
pl,v1,1,769,786,nauki,nauki,nauki,unknown,nauki,wordfreq:pl,wordfreq_seeded;deterministically_filtered;structurally_curated
pl,v1,1,770,787,oprócz,oprócz,oprócz,unknown,oprócz,wordfreq:pl,wordfreq_seeded;deterministically_filtered;structurally_curated
pl,v1,1,771,788,parę,parę,parę,unknown,parę,wordfreq:pl,wordfreq_seeded;deterministically_filtered;structurally_curated
pl,v1,1,772,789,powiem,powiem,powiem,unknown,powiem,wordfreq:pl,wordfreq_seeded;deterministically_filtered;structurally_curated
pl,v1,1,773,790,powinni,powinni,powinni,unknown,powinni,wordfreq:pl,wordfreq_seeded;deterministically_filtered;structurally_curated
pl,v1,1,774,791,rynku,rynku,rynku,unknown,rynku,wordfreq:pl,wordfreq_seeded;deterministically_filtered;structurally_curated
pl,v1,1,775,792,tobie,tobie,tobie,unknown,tobie,wordfreq:pl,wordfreq_seeded;deterministically_filtered;structurally_curated
pl,v1,1,776,793,wiadomo,wiadomo,wiadomo,unknown,wiadomo,wordfreq:pl,wordfreq_seeded;deterministically_filtered;structurally_curated
pl,v1,1,777,794,wiec,wiec,wiec,unknown,wiec,wordfreq:pl,wordfreq_seeded;deterministically_filtered;structurally_curated
pl,v1,1,778,795,większości,większości,większości,unknown,większości,wordfreq:pl,wordfreq_seeded;deterministically_filtered;structurally_curated
pl,v1,1,779,796,xx,xx,xx,unknown,xx,wordfreq:pl,wordfreq_seeded;deterministically_filtered;structurally_curated
pl,v1,1,780,797,you,you,you,unknown,you,wordfreq:pl,wordfreq_seeded;deterministically_filtered;structurally_curated
pl,v1,1,781,798,dawno,dawno,dawno,unknown,dawno,wordfreq:pl,wordfreq_seeded;deterministically_filtered;structurally_curated
pl,v1,1,782,799,dziecka,dziecka,dziecka,unknown,dziecka,wordfreq:pl,wordfreq_seeded;deterministically_filtered;structurally_curated
pl,v1,1,783,800,filmu,filmu,filmu,unknown,filmu,wordfreq:pl,wordfreq_seeded;deterministically_filtered;structurally_curated
pl,v1,1,784,801,francji,francji,francji,unknown,francji,wordfreq:pl,wordfreq_seeded;deterministically_filtered;structurally_curated
pl,v1,1,785,802,gminy,gminy,gminy,unknown,gminy,wordfreq:pl,wordfreq_seeded;deterministically_filtered;structurally_curated
pl,v1,1,786,803,h,h,h,unknown,h,wordfreq:pl,wordfreq_seeded;deterministically_filtered;structurally_curated
pl,v1,1,787,804,j,j,j,unknown,j,wordfreq:pl,wordfreq_seeded;deterministically_filtered;structurally_curated
pl,v1,1,788,805,km,km,km,unknown,km,wordfreq:pl,wordfreq_seeded;deterministically_filtered;structurally_curated
pl,v1,1,789,806,n,n,n,unknown,n,wordfreq:pl,wordfreq_seeded;deterministically_filtered;structurally_curated
pl,v1,1,790,807,najlepsze,najlepsze,najlepsze,unknown,najlepsze,wordfreq:pl,wordfreq_seeded;deterministically_filtered;structurally_curated
pl,v1,1,791,808,pierwszego,pierwszego,pierwszego,unknown,pierwszego,wordfreq:pl,wordfreq_seeded;deterministically_filtered;structurally_curated
pl,v1,1,792,809,powinny,powinny,powinny,unknown,powinny,wordfreq:pl,wordfreq_seeded;deterministically_filtered;structurally_curated
pl,v1,1,793,810,prowadzi,prowadzi,prowadzi,unknown,prowadzi,wordfreq:pl,wordfreq_seeded;deterministically_filtered;structurally_curated
pl,v1,1,794,811,robią,robią,robią,unknown,robią,wordfreq:pl,wordfreq_seeded;deterministically_filtered;structurally_curated
pl,v1,1,795,812,siły,siły,siły,unknown,siły,wordfreq:pl,wordfreq_seeded;deterministically_filtered;structurally_curated
pl,v1,1,796,813,sytuacja,sytuacja,sytuacja,unknown,sytuacja,wordfreq:pl,wordfreq_seeded;deterministically_filtered;structurally_curated
pl,v1,1,797,814,widzisz,widzisz,widzisz,unknown,widzisz,wordfreq:pl,wordfreq_seeded;deterministically_filtered;structurally_curated
pl,v1,1,798,815,wiedzieć,wiedzieć,wiedzieć,unknown,wiedzieć,wordfreq:pl,wordfreq_seeded;deterministically_filtered;structurally_curated
pl,v1,1,799,816,zdecydowanie,zdecydowanie,zdecydowanie,unknown,zdecydowanie,wordfreq:pl,wordfreq_seeded;deterministically_filtered;structurally_curated
pl,v1,1,800,817,zobacz,zobacz,zobacz,unknown,zobacz,wordfreq:pl,wordfreq_seeded;deterministically_filtered;structurally_curated
pl,v1,1,801,818,autor,autor,autor,unknown,autor,wordfreq:pl,wordfreq_seeded;deterministically_filtered;structurally_curated
pl,v1,1,802,819,dostęp,dostęp,dostęp,unknown,dostęp,wordfreq:pl,wordfreq_seeded;deterministically_filtered;structurally_curated
pl,v1,1,803,820,hej,hej,hej,unknown,hej,wordfreq:pl,wordfreq_seeded;deterministically_filtered;structurally_curated
pl,v1,1,804,821,jakaś,jakaś,jakaś,unknown,jakaś,wordfreq:pl,wordfreq_seeded;deterministically_filtered;structurally_curated
pl,v1,1,805,822,języka,języka,języka,unknown,języka,wordfreq:pl,wordfreq_seeded;deterministically_filtered;structurally_curated
pl,v1,1,806,823,kościół,kościół,kościół,unknown,kościół,wordfreq:pl,wordfreq_seeded;deterministically_filtered;structurally_curated
pl,v1,1,807,824,miłość,miłość,miłość,unknown,miłość,wordfreq:pl,wordfreq_seeded;deterministically_filtered;structurally_curated
pl,v1,1,808,825,najmniej,najmniej,najmniej,unknown,najmniej,wordfreq:pl,wordfreq_seeded;deterministically_filtered;structurally_curated
pl,v1,1,809,826,niby,niby,niby,unknown,niby,wordfreq:pl,wordfreq_seeded;deterministically_filtered;structurally_curated
pl,v1,1,810,827,plan,plan,plan,unknown,plan,wordfreq:pl,wordfreq_seeded;deterministically_filtered;structurally_curated
pl,v1,1,811,828,potrzebuje,potrzebuje,potrzebuje,unknown,potrzebuje,wordfreq:pl,wordfreq_seeded;deterministically_filtered;structurally_curated
pl,v1,1,812,829,samej,samej,samej,unknown,samej,wordfreq:pl,wordfreq_seeded;deterministically_filtered;structurally_curated
pl,v1,1,813,830,spokojnie,spokojnie,spokojnie,unknown,spokojnie,wordfreq:pl,wordfreq_seeded;deterministically_filtered;structurally_curated
pl,v1,1,814,831,twoim,twoim,twoim,unknown,twoim,wordfreq:pl,wordfreq_seeded;deterministically_filtered;structurally_curated
pl,v1,1,815,832,wyborach,wyborach,wyborach,unknown,wyborach,wordfreq:pl,wordfreq_seeded;deterministically_filtered;structurally_curated
pl,v1,1,816,833,wyłącznie,wyłącznie,wyłącznie,unknown,wyłącznie,wordfreq:pl,wordfreq_seeded;deterministically_filtered;structurally_curated
pl,v1,1,817,834,zdaniem,zdaniem,zdaniem,unknown,zdaniem,wordfreq:pl,wordfreq_seeded;deterministically_filtered;structurally_curated
pl,v1,1,818,835,znów,znów,znów,unknown,znów,wordfreq:pl,wordfreq_seeded;deterministically_filtered;structurally_curated
pl,v1,1,819,836,chciałbym,chciałbym,chciałbym,unknown,chciałbym,wordfreq:pl,wordfreq_seeded;deterministically_filtered;structurally_curated
pl,v1,1,820,837,drugie,drugie,drugie,unknown,drugie,wordfreq:pl,wordfreq_seeded;deterministically_filtered;structurally_curated
pl,v1,1,821,838,kolei,kolei,kolei,unknown,kolei,wordfreq:pl,wordfreq_seeded;deterministically_filtered;structurally_curated
pl,v1,1,822,839,ludziom,ludziom,ludziom,unknown,ludziom,wordfreq:pl,wordfreq_seeded;deterministically_filtered;structurally_curated
pl,v1,1,823,840,naszą,naszą,naszą,unknown,naszą,wordfreq:pl,wordfreq_seeded;deterministically_filtered;structurally_curated
pl,v1,1,824,841,polecam,polecam,polecam,unknown,polecam,wordfreq:pl,wordfreq_seeded;deterministically_filtered;structurally_curated
pl,v1,1,825,842,rządu,rządu,rządu,unknown,rządu,wordfreq:pl,wordfreq_seeded;deterministically_filtered;structurally_curated
pl,v1,1,826,843,ręce,ręce,ręce,unknown,ręce,wordfreq:pl,wordfreq_seeded;deterministically_filtered;structurally_curated
pl,v1,1,827,844,serca,serca,serca,unknown,serca,wordfreq:pl,wordfreq_seeded;deterministically_filtered;structurally_curated
pl,v1,1,828,845,stanowi,stanowi,stanowi,unknown,stanowi,wordfreq:pl,wordfreq_seeded;deterministically_filtered;structurally_curated
pl,v1,1,829,846,stron,stron,stron,unknown,stron,wordfreq:pl,wordfreq_seeded;deterministically_filtered;structurally_curated
pl,v1,1,830,847,szkoła,szkoła,szkoła,unknown,szkoła,wordfreq:pl,wordfreq_seeded;deterministically_filtered;structurally_curated
pl,v1,1,831,848,słowo,słowo,słowo,unknown,słowo,wordfreq:pl,wordfreq_seeded;deterministically_filtered;structurally_curated
pl,v1,1,832,849,ul,ul,ul,unknown,ul,wordfreq:pl,wordfreq_seeded;deterministically_filtered;structurally_curated
pl,v1,1,833,850,widziałem,widziałem,widziałem,unknown,widziałem,wordfreq:pl,wordfreq_seeded;deterministically_filtered;structurally_curated
pl,v1,1,834,851,wiedzą,wiedzą,wiedzą,unknown,wiedzą,wordfreq:pl,wordfreq_seeded;deterministically_filtered;structurally_curated
pl,v1,1,835,852,wybory,wybory,wybory,unknown,wybory,wordfreq:pl,wordfreq_seeded;deterministically_filtered;structurally_curated
pl,v1,1,836,853,żyje,żyje,żyje,unknown,żyje,wordfreq:pl,wordfreq_seeded;deterministically_filtered;structurally_curated
pl,v1,1,837,854,artykuł,artykuł,artykuł,unknown,artykuł,wordfreq:pl,wordfreq_seeded;deterministically_filtered;structurally_curated
pl,v1,1,838,855,broni,broni,broni,unknown,broni,wordfreq:pl,wordfreq_seeded;deterministically_filtered;structurally_curated
pl,v1,1,839,856,czymś,czymś,czymś,unknown,czymś,wordfreq:pl,wordfreq_seeded;deterministically_filtered;structurally_curated
pl,v1,1,840,857,europie,europie,europie,unknown,europie,wordfreq:pl,wordfreq_seeded;deterministically_filtered;structurally_curated
pl,v1,1,841,858,liczby,liczby,liczby,unknown,liczby,wordfreq:pl,wordfreq_seeded;deterministically_filtered;structurally_curated
pl,v1,1,842,859,matki,matki,matki,unknown,matki,wordfreq:pl,wordfreq_seeded;deterministically_filtered;structurally_curated
pl,v1,1,843,860,napisał,napisał,napisał,unknown,napisał,wordfreq:pl,wordfreq_seeded;deterministically_filtered;structurally_curated
pl,v1,1,844,861,okres,okres,okres,unknown,okres,wordfreq:pl,wordfreq_seeded;deterministically_filtered;structurally_curated
pl,v1,1,845,862,pracowników,pracowników,pracowników,unknown,pracowników,wordfreq:pl,wordfreq_seeded;deterministically_filtered;structurally_curated
pl,v1,1,846,863,rodziców,rodziców,rodziców,unknown,rodziców,wordfreq:pl,wordfreq_seeded;deterministically_filtered;structurally_curated
pl,v1,1,847,864,twarz,twarz,twarz,unknown,twarz,wordfreq:pl,wordfreq_seeded;deterministically_filtered;structurally_curated
pl,v1,1,848,865,wrażenie,wrażenie,wrażenie,unknown,wrażenie,wordfreq:pl,wordfreq_seeded;deterministically_filtered;structurally_curated
pl,v1,1,849,866,wyniku,wyniku,wyniku,unknown,wyniku,wordfreq:pl,wordfreq_seeded;deterministically_filtered;structurally_curated
pl,v1,1,850,867,względem,względem,względem,unknown,względem,wordfreq:pl,wordfreq_seeded;deterministically_filtered;structurally_curated
pl,v1,1,851,868,właściwie,właściwie,właściwie,unknown,właściwie,wordfreq:pl,wordfreq_seeded;deterministically_filtered;structurally_curated
pl,v1,1,852,869,związane,związane,związane,unknown,związane,wordfreq:pl,wordfreq_seeded;deterministically_filtered;structurally_curated
pl,v1,1,853,870,łatwo,łatwo,łatwo,unknown,łatwo,wordfreq:pl,wordfreq_seeded;deterministically_filtered;structurally_curated
pl,v1,1,854,871,badań,badań,badań,unknown,badań,wordfreq:pl,wordfreq_seeded;deterministically_filtered;structurally_curated
pl,v1,1,855,872,droga,droga,droga,unknown,droga,wordfreq:pl,wordfreq_seeded;deterministically_filtered;structurally_curated
pl,v1,1,856,873,druga,druga,druga,unknown,druga,wordfreq:pl,wordfreq_seeded;deterministically_filtered;structurally_curated
pl,v1,1,857,874,drzwi,drzwi,drzwi,unknown,drzwi,wordfreq:pl,wordfreq_seeded;deterministically_filtered;structurally_curated
pl,v1,1,858,875,mówił,mówił,mówił,unknown,mówił,wordfreq:pl,wordfreq_seeded;deterministically_filtered;structurally_curated
pl,v1,1,859,876,nazwa,nazwa,nazwa,unknown,nazwa,wordfreq:pl,wordfreq_seeded;deterministically_filtered;structurally_curated
pl,v1,1,860,877,niczego,niczego,niczego,unknown,niczego,wordfreq:pl,wordfreq_seeded;deterministically_filtered;structurally_curated
pl,v1,1,861,878,nieco,nieco,nieco,unknown,nieco,wordfreq:pl,wordfreq_seeded;deterministically_filtered;structurally_curated
pl,v1,1,862,879,numer,numer,numer,unknown,numer,wordfreq:pl,wordfreq_seeded;deterministically_filtered;structurally_curated
pl,v1,1,863,880,ostatnich,ostatnich,ostatnich,unknown,ostatnich,wordfreq:pl,wordfreq_seeded;deterministically_filtered;structurally_curated
pl,v1,1,864,881,policji,policji,policji,unknown,policji,wordfreq:pl,wordfreq_seeded;deterministically_filtered;structurally_curated
pl,v1,1,865,882,polskim,polskim,polskim,unknown,polskim,wordfreq:pl,wordfreq_seeded;deterministically_filtered;structurally_curated
pl,v1,1,866,883,poniżej,poniżej,poniżej,unknown,poniżej,wordfreq:pl,wordfreq_seeded;deterministically_filtered;structurally_curated
pl,v1,1,867,884,poważnie,poważnie,poważnie,unknown,poważnie,wordfreq:pl,wordfreq_seeded;deterministically_filtered;structurally_curated
pl,v1,1,868,885,praw,praw,praw,unknown,praw,wordfreq:pl,wordfreq_seeded;deterministically_filtered;structurally_curated
pl,v1,1,869,886,tekst,tekst,tekst,unknown,tekst,wordfreq:pl,wordfreq_seeded;deterministically_filtered;structurally_curated
pl,v1,1,870,887,tobą,tobą,tobą,unknown,tobą,wordfreq:pl,wordfreq_seeded;deterministically_filtered;structurally_curated
pl,v1,1,871,888,tygodniu,tygodniu,tygodniu,unknown,tygodniu,wordfreq:pl,wordfreq_seeded;deterministically_filtered;structurally_curated
pl,v1,1,872,889,wielkie,wielkie,wielkie,unknown,wielkie,wordfreq:pl,wordfreq_seeded;deterministically_filtered;structurally_curated
pl,v1,1,873,890,wokół,wokół,wokół,unknown,wokół,wordfreq:pl,wordfreq_seeded;deterministically_filtered;structurally_curated
pl,v1,1,874,891,blisko,blisko,blisko,unknown,blisko,wordfreq:pl,wordfreq_seeded;deterministically_filtered;structurally_curated
pl,v1,1,875,892,bóg,bóg,bóg,unknown,bóg,wordfreq:pl,wordfreq_seeded;deterministically_filtered;structurally_curated
pl,v1,1,876,893,cóż,cóż,cóż,unknown,cóż,wordfreq:pl,wordfreq_seeded;deterministically_filtered;structurally_curated
pl,v1,1,877,894,itp,itp,itp,unknown,itp,wordfreq:pl,wordfreq_seeded;deterministically_filtered;structurally_curated
pl,v1,1,878,895,matka,matka,matka,unknown,matka,wordfreq:pl,wordfreq_seeded;deterministically_filtered;structurally_curated
pl,v1,1,879,896,miłości,miłości,miłości,unknown,miłości,wordfreq:pl,wordfreq_seeded;deterministically_filtered;structurally_curated
pl,v1,1,880,897,mogła,mogła,mogła,unknown,mogła,wordfreq:pl,wordfreq_seeded;deterministically_filtered;structurally_curated
pl,v1,1,881,898,odpowiedź,odpowiedź,odpowiedź,unknown,odpowiedź,wordfreq:pl,wordfreq_seeded;deterministically_filtered;structurally_curated
pl,v1,1,882,899,polityki,polityki,polityki,unknown,polityki,wordfreq:pl,wordfreq_seeded;deterministically_filtered;structurally_curated
pl,v1,1,883,900,ponadto,ponadto,ponadto,unknown,ponadto,wordfreq:pl,wordfreq_seeded;deterministically_filtered;structurally_curated
pl,v1,1,884,901,posiada,posiada,posiada,unknown,posiada,wordfreq:pl,wordfreq_seeded;deterministically_filtered;structurally_curated
pl,v1,1,885,902,prace,prace,prace,unknown,prace,wordfreq:pl,wordfreq_seeded;deterministically_filtered;structurally_curated
pl,v1,1,886,903,produkcji,produkcji,produkcji,unknown,produkcji,wordfreq:pl,wordfreq_seeded;deterministically_filtered;structurally_curated
pl,v1,1,887,904,spotkanie,spotkanie,spotkanie,unknown,spotkanie,wordfreq:pl,wordfreq_seeded;deterministically_filtered;structurally_curated
pl,v1,1,888,905,wiemy,wiemy,wiemy,unknown,wiemy,wordfreq:pl,wordfreq_seeded;deterministically_filtered;structurally_curated
pl,v1,1,889,906,wpływ,wpływ,wpływ,unknown,wpływ,wordfreq:pl,wordfreq_seeded;deterministically_filtered;structurally_curated
pl,v1,1,890,907,zasady,zasady,zasady,unknown,zasady,wordfreq:pl,wordfreq_seeded;deterministically_filtered;structurally_curated
pl,v1,1,891,908,zatem,zatem,zatem,unknown,zatem,wordfreq:pl,wordfreq_seeded;deterministically_filtered;structurally_curated
pl,v1,1,892,909,źródło,źródło,źródło,unknown,źródło,wordfreq:pl,wordfreq_seeded;deterministically_filtered;structurally_curated
pl,v1,1,893,910,boga,boga,boga,unknown,boga,wordfreq:pl,wordfreq_seeded;deterministically_filtered;structurally_curated
pl,v1,1,894,911,brakuje,brakuje,brakuje,unknown,brakuje,wordfreq:pl,wordfreq_seeded;deterministically_filtered;structurally_curated
pl,v1,1,895,912,członków,członków,członków,unknown,członków,wordfreq:pl,wordfreq_seeded;deterministically_filtered;structurally_curated
pl,v1,1,896,913,dziewczyna,dziewczyna,dziewczyna,unknown,dziewczyna,wordfreq:pl,wordfreq_seeded;deterministically_filtered;structurally_curated
pl,v1,1,897,914,dziewczyny,dziewczyny,dziewczyny,unknown,dziewczyny,wordfreq:pl,wordfreq_seeded;deterministically_filtered;structurally_curated
pl,v1,1,898,915,filmy,filmy,filmy,unknown,filmy,wordfreq:pl,wordfreq_seeded;deterministically_filtered;structurally_curated
pl,v1,1,899,916,jakiegoś,jakiegoś,jakiegoś,unknown,jakiegoś,wordfreq:pl,wordfreq_seeded;deterministically_filtered;structurally_curated
pl,v1,1,900,917,komisji,komisji,komisji,unknown,komisji,wordfreq:pl,wordfreq_seeded;deterministically_filtered;structurally_curated
pl,v1,1,901,918,lepsze,lepsze,lepsze,unknown,lepsze,wordfreq:pl,wordfreq_seeded;deterministically_filtered;structurally_curated
pl,v1,1,902,919,lubi,lubi,lubi,unknown,lubi,wordfreq:pl,wordfreq_seeded;deterministically_filtered;structurally_curated
pl,v1,1,903,920,nową,nową,nową,unknown,nową,wordfreq:pl,wordfreq_seeded;deterministically_filtered;structurally_curated
pl,v1,1,904,921,pewien,pewien,pewien,unknown,pewien,wordfreq:pl,wordfreq_seeded;deterministically_filtered;structurally_curated
pl,v1,1,905,922,pięć,pięć,pięć,unknown,pięć,wordfreq:pl,wordfreq_seeded;deterministically_filtered;structurally_curated
pl,v1,1,906,923,poziomie,poziomie,poziomie,unknown,poziomie,wordfreq:pl,wordfreq_seeded;deterministically_filtered;structurally_curated
pl,v1,1,907,924,problemu,problemu,problemu,unknown,problemu,wordfreq:pl,wordfreq_seeded;deterministically_filtered;structurally_curated
pl,v1,1,908,925,problemów,problemów,problemów,unknown,problemów,wordfreq:pl,wordfreq_seeded;deterministically_filtered;structurally_curated
pl,v1,1,909,926,serii,serii,serii,unknown,serii,wordfreq:pl,wordfreq_seeded;deterministically_filtered;structurally_curated
pl,v1,1,910,927,słów,słów,słów,unknown,słów,wordfreq:pl,wordfreq_seeded;deterministically_filtered;structurally_curated
pl,v1,1,911,928,uważa,uważa,uważa,unknown,uważa,wordfreq:pl,wordfreq_seeded;deterministically_filtered;structurally_curated
pl,v1,1,912,929,wkrótce,wkrótce,wkrótce,unknown,wkrótce,wordfreq:pl,wordfreq_seeded;deterministically_filtered;structurally_curated
pl,v1,1,913,930,wolności,wolności,wolności,unknown,wolności,wordfreq:pl,wordfreq_seeded;deterministically_filtered;structurally_curated
pl,v1,1,914,931,wszędzie,wszędzie,wszędzie,unknown,wszędzie,wordfreq:pl,wordfreq_seeded;deterministically_filtered;structurally_curated
pl,v1,1,915,932,środowiska,środowiska,środowiska,unknown,środowiska,wordfreq:pl,wordfreq_seeded;deterministically_filtered;structurally_curated
pl,v1,1,916,933,drugim,drugim,drugim,unknown,drugim,wordfreq:pl,wordfreq_seeded;deterministically_filtered;structurally_curated
pl,v1,1,917,934,działalność,działalność,działalność,unknown,działalność,wordfreq:pl,wordfreq_seeded;deterministically_filtered;structurally_curated
pl,v1,1,918,935,g,g,g,unknown,g,wordfreq:pl,wordfreq_seeded;deterministically_filtered;structurally_curated
pl,v1,1,919,936,internet,internet,internet,unknown,internet,wordfreq:pl,wordfreq_seeded;deterministically_filtered;structurally_curated
pl,v1,1,920,937,ludźmi,ludźmi,ludźmi,unknown,ludźmi,wordfreq:pl,wordfreq_seeded;deterministically_filtered;structurally_curated
pl,v1,1,921,938,mały,mały,mały,unknown,mały,wordfreq:pl,wordfreq_seeded;deterministically_filtered;structurally_curated
pl,v1,1,922,939,możecie,możecie,możecie,unknown,możecie,wordfreq:pl,wordfreq_seeded;deterministically_filtered;structurally_curated
pl,v1,1,923,940,online,online,online,unknown,online,wordfreq:pl,wordfreq_seeded;deterministically_filtered;structurally_curated
pl,v1,1,924,941,pojęcia,pojęcia,pojęcia,unknown,pojęcia,wordfreq:pl,wordfreq_seeded;deterministically_filtered;structurally_curated
pl,v1,1,925,942,sporo,sporo,sporo,unknown,sporo,wordfreq:pl,wordfreq_seeded;deterministically_filtered;structurally_curated
pl,v1,1,926,943,stał,stał,stał,unknown,stał,wordfreq:pl,wordfreq_seeded;deterministically_filtered;structurally_curated
pl,v1,1,927,944,tv,tv,tv,unknown,tv,wordfreq:pl,wordfreq_seeded;deterministically_filtered;structurally_curated
pl,v1,1,928,945,uda,uda,uda,unknown,uda,wordfreq:pl,wordfreq_seeded;deterministically_filtered;structurally_curated
pl,v1,1,929,946,wersji,wersji,wersji,unknown,wersji,wordfreq:pl,wordfreq_seeded;deterministically_filtered;structurally_curated
pl,v1,1,930,947,wiadomość,wiadomość,wiadomość,unknown,wiadomość,wordfreq:pl,wordfreq_seeded;deterministically_filtered;structurally_curated
pl,v1,1,931,948,wypadku,wypadku,wypadku,unknown,wypadku,wordfreq:pl,wordfreq_seeded;deterministically_filtered;structurally_curated
pl,v1,1,932,949,zespołu,zespołu,zespołu,unknown,zespołu,wordfreq:pl,wordfreq_seeded;deterministically_filtered;structurally_curated
pl,v1,1,933,950,zmian,zmian,zmian,unknown,zmian,wordfreq:pl,wordfreq_seeded;deterministically_filtered;structurally_curated
pl,v1,1,934,951,al,al,al,unknown,al,wordfreq:pl,wordfreq_seeded;deterministically_filtered;structurally_curated
pl,v1,1,935,952,fajnie,fajnie,fajnie,unknown,fajnie,wordfreq:pl,wordfreq_seeded;deterministically_filtered;structurally_curated
pl,v1,1,936,953,for,for,for,unknown,for,wordfreq:pl,wordfreq_seeded;deterministically_filtered;structurally_curated
pl,v1,1,937,954,internecie,internecie,internecie,unknown,internecie,wordfreq:pl,wordfreq_seeded;deterministically_filtered;structurally_curated
pl,v1,1,938,955,kategorii,kategorii,kategorii,unknown,kategorii,wordfreq:pl,wordfreq_seeded;deterministically_filtered;structurally_curated
pl,v1,1,939,956,krwi,krwi,krwi,unknown,krwi,wordfreq:pl,wordfreq_seeded;deterministically_filtered;structurally_curated
pl,v1,1,940,957,minister,minister,minister,unknown,minister,wordfreq:pl,wordfreq_seeded;deterministically_filtered;structurally_curated
pl,v1,1,941,958,mln,mln,mln,unknown,mln,wordfreq:pl,wordfreq_seeded;deterministically_filtered;structurally_curated
pl,v1,1,942,959,moze,moze,moze,unknown,moze,wordfreq:pl,wordfreq_seeded;deterministically_filtered;structurally_curated
pl,v1,1,943,960,muzyki,muzyki,muzyki,unknown,muzyki,wordfreq:pl,wordfreq_seeded;deterministically_filtered;structurally_curated
pl,v1,1,944,961,niczym,niczym,niczym,unknown,niczym,wordfreq:pl,wordfreq_seeded;deterministically_filtered;structurally_curated
pl,v1,1,945,962,niemcy,niemcy,niemcy,unknown,niemcy,wordfreq:pl,wordfreq_seeded;deterministically_filtered;structurally_curated
pl,v1,1,946,963,okresie,okresie,okresie,unknown,okresie,wordfreq:pl,wordfreq_seeded;deterministically_filtered;structurally_curated
pl,v1,1,947,964,powiedziała,powiedziała,powiedziała,unknown,powiedziała,wordfreq:pl,wordfreq_seeded;deterministically_filtered;structurally_curated
pl,v1,1,948,965,powinniśmy,powinniśmy,powinniśmy,unknown,powinniśmy,wordfreq:pl,wordfreq_seeded;deterministically_filtered;structurally_curated
pl,v1,1,949,966,przeciw,przeciw,przeciw,unknown,przeciw,wordfreq:pl,wordfreq_seeded;deterministically_filtered;structurally_curated
pl,v1,1,950,967,ruch,ruch,ruch,unknown,ruch,wordfreq:pl,wordfreq_seeded;deterministically_filtered;structurally_curated
pl,v1,1,951,968,serce,serce,serce,unknown,serce,wordfreq:pl,wordfreq_seeded;deterministically_filtered;structurally_curated
pl,v1,1,952,969,społeczeństwa,społeczeństwa,społeczeństwa,unknown,społeczeństwa,wordfreq:pl,wordfreq_seeded;deterministically_filtered;structurally_curated
pl,v1,1,953,970,studia,studia,studia,unknown,studia,wordfreq:pl,wordfreq_seeded;deterministically_filtered;structurally_curated
pl,v1,1,954,971,treści,treści,treści,unknown,treści,wordfreq:pl,wordfreq_seeded;deterministically_filtered;structurally_curated
pl,v1,1,955,972,współpracy,współpracy,współpracy,unknown,współpracy,wordfreq:pl,wordfreq_seeded;deterministically_filtered;structurally_curated
pl,v1,1,956,973,wysokości,wysokości,wysokości,unknown,wysokości,wordfreq:pl,wordfreq_seeded;deterministically_filtered;structurally_curated
pl,v1,1,957,974,własne,własne,własne,unknown,własne,wordfreq:pl,wordfreq_seeded;deterministically_filtered;structurally_curated
pl,v1,1,958,975,zaczął,zaczął,zaczął,unknown,zaczął,wordfreq:pl,wordfreq_seeded;deterministically_filtered;structurally_curated
pl,v1,1,959,976,zazwyczaj,zazwyczaj,zazwyczaj,unknown,zazwyczaj,wordfreq:pl,wordfreq_seeded;deterministically_filtered;structurally_curated
pl,v1,1,960,977,żadnej,żadnej,żadnej,unknown,żadnej,wordfreq:pl,wordfreq_seeded;deterministically_filtered;structurally_curated
pl,v1,1,961,978,cześć,cześć,cześć,unknown,cześć,wordfreq:pl,wordfreq_seeded;deterministically_filtered;structurally_curated
pl,v1,1,962,979,firma,firma,firma,unknown,firma,wordfreq:pl,wordfreq_seeded;deterministically_filtered;structurally_curated
pl,v1,1,963,980,głowie,głowie,głowie,unknown,głowie,wordfreq:pl,wordfreq_seeded;deterministically_filtered;structurally_curated
pl,v1,1,964,981,jakąś,jakąś,jakąś,unknown,jakąś,wordfreq:pl,wordfreq_seeded;deterministically_filtered;structurally_curated
pl,v1,1,965,982,miejsc,miejsc,miejsc,unknown,miejsc,wordfreq:pl,wordfreq_seeded;deterministically_filtered;structurally_curated
pl,v1,1,966,983,miesiąc,miesiąc,miesiąc,unknown,miesiąc,wordfreq:pl,wordfreq_seeded;deterministically_filtered;structurally_curated
pl,v1,1,967,984,mocy,mocy,mocy,unknown,mocy,wordfreq:pl,wordfreq_seeded;deterministically_filtered;structurally_curated
pl,v1,1,968,985,nazywa,nazywa,nazywa,unknown,nazywa,wordfreq:pl,wordfreq_seeded;deterministically_filtered;structurally_curated
pl,v1,1,969,986,obraz,obraz,obraz,unknown,obraz,wordfreq:pl,wordfreq_seeded;deterministically_filtered;structurally_curated
pl,v1,1,970,987,pochodzi,pochodzi,pochodzi,unknown,pochodzi,wordfreq:pl,wordfreq_seeded;deterministically_filtered;structurally_curated
pl,v1,1,971,988,porządku,porządku,porządku,unknown,porządku,wordfreq:pl,wordfreq_seeded;deterministically_filtered;structurally_curated
pl,v1,1,972,989,proces,proces,proces,unknown,proces,wordfreq:pl,wordfreq_seeded;deterministically_filtered;structurally_curated
pl,v1,1,973,990,rację,rację,rację,unknown,rację,wordfreq:pl,wordfreq_seeded;deterministically_filtered;structurally_curated
pl,v1,1,974,991,rolę,rolę,rolę,unknown,rolę,wordfreq:pl,wordfreq_seeded;deterministically_filtered;structurally_curated
pl,v1,1,975,992,rozwój,rozwój,rozwój,unknown,rozwój,wordfreq:pl,wordfreq_seeded;deterministically_filtered;structurally_curated
pl,v1,1,976,993,stąd,stąd,stąd,unknown,stąd,wordfreq:pl,wordfreq_seeded;deterministically_filtered;structurally_curated
pl,v1,1,977,994,sztuki,sztuki,sztuki,unknown,sztuki,wordfreq:pl,wordfreq_seeded;deterministically_filtered;structurally_curated
pl,v1,1,978,995,twojej,twojej,twojej,unknown,twojej,wordfreq:pl,wordfreq_seeded;deterministically_filtered;structurally_curated
pl,v1,1,979,996,tytuł,tytuł,tytuł,unknown,tytuł,wordfreq:pl,wordfreq_seeded;deterministically_filtered;structurally_curated
pl,v1,1,980,997,wielka,wielka,wielka,unknown,wielka,wordfreq:pl,wordfreq_seeded;deterministically_filtered;structurally_curated
pl,v1,1,981,998,wierzę,wierzę,wierzę,unknown,wierzę,wordfreq:pl,wordfreq_seeded;deterministically_filtered;structurally_curated
pl,v1,1,982,999,wina,wina,wina,unknown,wina,wordfreq:pl,wordfreq_seeded;deterministically_filtered;structurally_curated
pl,v1,1,983,1000,wreszcie,wreszcie,wreszcie,unknown,wreszcie,wordfreq:pl,wordfreq_seeded;deterministically_filtered;structurally_curated
pl,v1,1,984,1001,wspólnego,wspólnego,wspólnego,unknown,wspólnego,wordfreq:pl,wordfreq_seeded;deterministically_filtered;structurally_curated
pl,v1,1,985,1002,wziąć,wziąć,wziąć,unknown,wziąć,wordfreq:pl,wordfreq_seeded;deterministically_filtered;structurally_curated
pl,v1,1,986,1003,zna,zna,zna,unknown,zna,wordfreq:pl,wordfreq_seeded;deterministically_filtered;structurally_curated
pl,v1,1,987,1004,znaczenie,znaczenie,znaczenie,unknown,znaczenie,wordfreq:pl,wordfreq_seeded;deterministically_filtered;structurally_curated
pl,v1,1,988,1005,znajdują,znajdują,znajdują,unknown,znajdują,wordfreq:pl,wordfreq_seeded;deterministically_filtered;structurally_curated
pl,v1,1,989,1006,żaden,żaden,żaden,unknown,żaden,wordfreq:pl,wordfreq_seeded;deterministically_filtered;structurally_curated
pl,v1,1,990,1007,cokolwiek,cokolwiek,cokolwiek,unknown,cokolwiek,wordfreq:pl,wordfreq_seeded;deterministically_filtered;structurally_curated
pl,v1,1,991,1008,czasach,czasach,czasach,unknown,czasach,wordfreq:pl,wordfreq_seeded;deterministically_filtered;structurally_curated
pl,v1,1,992,1009,daleko,daleko,daleko,unknown,daleko,wordfreq:pl,wordfreq_seeded;deterministically_filtered;structurally_curated
pl,v1,1,993,1010,dodatkowo,dodatkowo,dodatkowo,unknown,dodatkowo,wordfreq:pl,wordfreq_seeded;deterministically_filtered;structurally_curated
pl,v1,1,994,1011,dostać,dostać,dostać,unknown,dostać,wordfreq:pl,wordfreq_seeded;deterministically_filtered;structurally_curated
pl,v1,1,995,1012,europejskiej,europejskiej,europejskiej,unknown,europejskiej,wordfreq:pl,wordfreq_seeded;deterministically_filtered;structurally_curated
pl,v1,1,996,1013,głosów,głosów,głosów,unknown,głosów,wordfreq:pl,wordfreq_seeded;deterministically_filtered;structurally_curated
pl,v1,1,997,1014,koło,koło,koło,unknown,koło,wordfreq:pl,wordfreq_seeded;deterministically_filtered;structurally_curated
pl,v1,1,998,1015,meczu,meczu,meczu,unknown,meczu,wordfreq:pl,wordfreq_seeded;deterministically_filtered;structurally_curated
pl,v1,1,999,1016,musiał,musiał,musiał,unknown,musiał,wordfreq:pl,wordfreq_seeded;deterministically_filtered;structurally_curated
pl,v1,1,1000,1017,obu,obu,obu,unknown,obu,wordfreq:pl,wordfreq_seeded;deterministically_filtered;structurally_curated
pl,v1,2,1001,1018,pewne,pewne,pewne,unknown,pewne,wordfreq:pl,wordfreq_seeded;deterministically_filtered;structurally_curated
pl,v1,2,1002,1019,pierwszych,pierwszych,pierwszych,unknown,pierwszych,wordfreq:pl,wordfreq_seeded;deterministically_filtered;structurally_curated
pl,v1,2,1003,1020,pokazuje,pokazuje,pokazuje,unknown,pokazuje,wordfreq:pl,wordfreq_seeded;deterministically_filtered;structurally_curated
pl,v1,2,1004,1021,polaków,polaków,polaków,unknown,polaków,wordfreq:pl,wordfreq_seeded;deterministically_filtered;structurally_curated
pl,v1,2,1005,1022,potrafi,potrafi,potrafi,unknown,potrafi,wordfreq:pl,wordfreq_seeded;deterministically_filtered;structurally_curated
pl,v1,2,1006,1023,przyjaciół,przyjaciół,przyjaciół,unknown,przyjaciół,wordfreq:pl,wordfreq_seeded;deterministically_filtered;structurally_curated
pl,v1,2,1007,1024,przyszłości,przyszłości,przyszłości,unknown,przyszłości,wordfreq:pl,wordfreq_seeded;deterministically_filtered;structurally_curated
pl,v1,2,1008,1025,robisz,robisz,robisz,unknown,robisz,wordfreq:pl,wordfreq_seeded;deterministically_filtered;structurally_curated
pl,v1,2,1009,1026,stary,stary,stary,unknown,stary,wordfreq:pl,wordfreq_seeded;deterministically_filtered;structurally_curated
pl,v1,2,1010,1027,szczerze,szczerze,szczerze,unknown,szczerze,wordfreq:pl,wordfreq_seeded;deterministically_filtered;structurally_curated
pl,v1,2,1011,1028,zacząć,zacząć,zacząć,unknown,zacząć,wordfreq:pl,wordfreq_seeded;deterministically_filtered;structurally_curated
pl,v1,2,1012,1029,związek,związek,związek,unknown,związek,wordfreq:pl,wordfreq_seeded;deterministically_filtered;structurally_curated
pl,v1,2,1013,1030,budynku,budynku,budynku,unknown,budynku,wordfreq:pl,wordfreq_seeded;deterministically_filtered;structurally_curated
pl,v1,2,1014,1031,cel,cel,cel,unknown,cel,wordfreq:pl,wordfreq_seeded;deterministically_filtered;structurally_curated
pl,v1,2,1015,1032,codziennie,codziennie,codziennie,unknown,codziennie,wordfreq:pl,wordfreq_seeded;deterministically_filtered;structurally_curated
pl,v1,2,1016,1033,czasów,czasów,czasów,unknown,czasów,wordfreq:pl,wordfreq_seeded;deterministically_filtered;structurally_curated
pl,v1,2,1017,1034,dobrym,dobrym,dobrym,unknown,dobrym,wordfreq:pl,wordfreq_seeded;deterministically_filtered;structurally_curated
pl,v1,2,1018,1035,idę,idę,idę,unknown,idę,wordfreq:pl,wordfreq_seeded;deterministically_filtered;structurally_curated
pl,v1,2,1019,1036,ilość,ilość,ilość,unknown,ilość,wordfreq:pl,wordfreq_seeded;deterministically_filtered;structurally_curated
pl,v1,2,1020,1037,konto,konto,konto,unknown,konto,wordfreq:pl,wordfreq_seeded;deterministically_filtered;structurally_curated
pl,v1,2,1021,1038,moment,moment,moment,unknown,moment,wordfreq:pl,wordfreq_seeded;deterministically_filtered;structurally_curated
pl,v1,2,1022,1039,noc,noc,noc,unknown,noc,wordfreq:pl,wordfreq_seeded;deterministically_filtered;structurally_curated
pl,v1,2,1023,1040,ojca,ojca,ojca,unknown,ojca,wordfreq:pl,wordfreq_seeded;deterministically_filtered;structurally_curated
pl,v1,2,1024,1041,osobą,osobą,osobą,unknown,osobą,wordfreq:pl,wordfreq_seeded;deterministically_filtered;structurally_curated
pl,v1,2,1025,1042,podobno,podobno,podobno,unknown,podobno,wordfreq:pl,wordfreq_seeded;deterministically_filtered;structurally_curated
pl,v1,2,1026,1043,pory,pory,pory,unknown,pory,wordfreq:pl,wordfreq_seeded;deterministically_filtered;structurally_curated
pl,v1,2,1027,1044,post,post,post,unknown,post,wordfreq:pl,wordfreq_seeded;deterministically_filtered;structurally_curated
pl,v1,2,1028,1045,spotkania,spotkania,spotkania,unknown,spotkania,wordfreq:pl,wordfreq_seeded;deterministically_filtered;structurally_curated
pl,v1,2,1029,1046,stoi,stoi,stoi,unknown,stoi,wordfreq:pl,wordfreq_seeded;deterministically_filtered;structurally_curated
pl,v1,2,1030,1047,syn,syn,syn,unknown,syn,wordfreq:pl,wordfreq_seeded;deterministically_filtered;structurally_curated
pl,v1,2,1031,1048,służby,służby,służby,unknown,służby,wordfreq:pl,wordfreq_seeded;deterministically_filtered;structurally_curated
pl,v1,2,1032,1049,twarzy,twarzy,twarzy,unknown,twarzy,wordfreq:pl,wordfreq_seeded;deterministically_filtered;structurally_curated
pl,v1,2,1033,1050,unii,unii,unii,unknown,unii,wordfreq:pl,wordfreq_seeded;deterministically_filtered;structurally_curated
pl,v1,2,1034,1051,widzenia,widzenia,widzenia,unknown,widzenia,wordfreq:pl,wordfreq_seeded;deterministically_filtered;structurally_curated
pl,v1,2,1035,1052,wyboru,wyboru,wyboru,unknown,wyboru,wordfreq:pl,wordfreq_seeded;deterministically_filtered;structurally_curated
pl,v1,2,1036,1053,świetnie,świetnie,świetnie,unknown,świetnie,wordfreq:pl,wordfreq_seeded;deterministically_filtered;structurally_curated
pl,v1,2,1037,1054,cm,cm,cm,unknown,cm,wordfreq:pl,wordfreq_seeded;deterministically_filtered;structurally_curated
pl,v1,2,1038,1055,częścią,częścią,częścią,unknown,częścią,wordfreq:pl,wordfreq_seeded;deterministically_filtered;structurally_curated
pl,v1,2,1039,1056,edukacji,edukacji,edukacji,unknown,edukacji,wordfreq:pl,wordfreq_seeded;deterministically_filtered;structurally_curated
pl,v1,2,1040,1057,iii,iii,iii,unknown,iii,wordfreq:pl,wordfreq_seeded;deterministically_filtered;structurally_curated
pl,v1,2,1041,1058,języku,języku,języku,unknown,języku,wordfreq:pl,wordfreq_seeded;deterministically_filtered;structurally_curated
pl,v1,2,1042,1059,krajów,krajów,krajów,unknown,krajów,wordfreq:pl,wordfreq_seeded;deterministically_filtered;structurally_curated
pl,v1,2,1043,1060,liście,liście,liście,unknown,liście,wordfreq:pl,wordfreq_seeded;deterministically_filtered;structurally_curated
pl,v1,2,1044,1061,ogólnie,ogólnie,ogólnie,unknown,ogólnie,wordfreq:pl,wordfreq_seeded;deterministically_filtered;structurally_curated
pl,v1,2,1045,1062,pl,pl,pl,unknown,pl,wordfreq:pl,wordfreq_seeded;deterministically_filtered;structurally_curated
pl,v1,2,1046,1063,pomimo,pomimo,pomimo,unknown,pomimo,wordfreq:pl,wordfreq_seeded;deterministically_filtered;structurally_curated
pl,v1,2,1047,1064,pracuje,pracuje,pracuje,unknown,pracuje,wordfreq:pl,wordfreq_seeded;deterministically_filtered;structurally_curated
pl,v1,2,1048,1065,prawdziwe,prawdziwe,prawdziwe,unknown,prawdziwe,wordfreq:pl,wordfreq_seeded;deterministically_filtered;structurally_curated
pl,v1,2,1049,1066,proste,proste,proste,unknown,proste,wordfreq:pl,wordfreq_seeded;deterministically_filtered;structurally_curated
pl,v1,2,1050,1067,sprawia,sprawia,sprawia,unknown,sprawia,wordfreq:pl,wordfreq_seeded;deterministically_filtered;structurally_curated
pl,v1,2,1051,1068,sąd,sąd,sąd,unknown,sąd,wordfreq:pl,wordfreq_seeded;deterministically_filtered;structurally_curated
pl,v1,2,1052,1069,tacy,tacy,tacy,unknown,tacy,wordfreq:pl,wordfreq_seeded;deterministically_filtered;structurally_curated
pl,v1,2,1053,1070,wiecie,wiecie,wiecie,unknown,wiecie,wordfreq:pl,wordfreq_seeded;deterministically_filtered;structurally_curated
pl,v1,2,1054,1071,y,y,y,unknown,y,wordfreq:pl,wordfreq_seeded;deterministically_filtered;structurally_curated
pl,v1,2,1055,1072,zdanie,zdanie,zdanie,unknown,zdanie,wordfreq:pl,wordfreq_seeded;deterministically_filtered;structurally_curated
pl,v1,2,1056,1073,złe,złe,złe,unknown,złe,wordfreq:pl,wordfreq_seeded;deterministically_filtered;structurally_curated
pl,v1,2,1057,1074,św,św,św,unknown,św,wordfreq:pl,wordfreq_seeded;deterministically_filtered;structurally_curated
pl,v1,2,1058,1075,święta,święta,święta,unknown,święta,wordfreq:pl,wordfreq_seeded;deterministically_filtered;structurally_curated
pl,v1,2,1059,1076,art,art,art,unknown,art,wordfreq:pl,wordfreq_seeded;deterministically_filtered;structurally_curated
pl,v1,2,1060,1077,błąd,błąd,błąd,unknown,błąd,wordfreq:pl,wordfreq_seeded;deterministically_filtered;structurally_curated
pl,v1,2,1061,1078,dniach,dniach,dniach,unknown,dniach,wordfreq:pl,wordfreq_seeded;deterministically_filtered;structurally_curated
pl,v1,2,1062,1079,dobrego,dobrego,dobrego,unknown,dobrego,wordfreq:pl,wordfreq_seeded;deterministically_filtered;structurally_curated
pl,v1,2,1063,1080,dolarów,dolarów,dolarów,unknown,dolarów,wordfreq:pl,wordfreq_seeded;deterministically_filtered;structurally_curated
pl,v1,2,1064,1081,działań,działań,działań,unknown,działań,wordfreq:pl,wordfreq_seeded;deterministically_filtered;structurally_curated
pl,v1,2,1065,1082,dziwne,dziwne,dziwne,unknown,dziwne,wordfreq:pl,wordfreq_seeded;deterministically_filtered;structurally_curated
pl,v1,2,1066,1083,euro,euro,euro,unknown,euro,wordfreq:pl,wordfreq_seeded;deterministically_filtered;structurally_curated
pl,v1,2,1067,1085,jesteście,jesteście,jesteście,unknown,jesteście,wordfreq:pl,wordfreq_seeded;deterministically_filtered;structurally_curated
pl,v1,2,1068,1086,linii,linii,linii,unknown,linii,wordfreq:pl,wordfreq_seeded;deterministically_filtered;structurally_curated
pl,v1,2,1069,1087,listy,listy,listy,unknown,listy,wordfreq:pl,wordfreq_seeded;deterministically_filtered;structurally_curated
pl,v1,2,1070,1088,myślałem,myślałem,myślałem,unknown,myślałem,wordfreq:pl,wordfreq_seeded;deterministically_filtered;structurally_curated
pl,v1,2,1071,1089,mógłby,mógłby,mógłby,unknown,mógłby,wordfreq:pl,wordfreq_seeded;deterministically_filtered;structurally_curated
pl,v1,2,1072,1090,partia,partia,partia,unknown,partia,wordfreq:pl,wordfreq_seeded;deterministically_filtered;structurally_curated
pl,v1,2,1073,1091,pewnością,pewnością,pewnością,unknown,pewnością,wordfreq:pl,wordfreq_seeded;deterministically_filtered;structurally_curated
pl,v1,2,1074,1092,pracować,pracować,pracować,unknown,pracować,wordfreq:pl,wordfreq_seeded;deterministically_filtered;structurally_curated
pl,v1,2,1075,1093,robię,robię,robię,unknown,robię,wordfreq:pl,wordfreq_seeded;deterministically_filtered;structurally_curated
pl,v1,2,1076,1094,v,v,v,unknown,v,wordfreq:pl,wordfreq_seeded;deterministically_filtered;structurally_curated
pl,v1,2,1077,1095,wybór,wybór,wybór,unknown,wybór,wordfreq:pl,wordfreq_seeded;deterministically_filtered;structurally_curated
pl,v1,2,1078,1097,akurat,akurat,akurat,unknown,akurat,wordfreq:pl,wordfreq_seeded;deterministically_filtered;structurally_curated
pl,v1,2,1079,1098,chciałam,chciałam,chciałam,unknown,chciałam,wordfreq:pl,wordfreq_seeded;deterministically_filtered;structurally_curated
pl,v1,2,1080,1099,dał,dał,dał,unknown,dał,wordfreq:pl,wordfreq_seeded;deterministically_filtered;structurally_curated
pl,v1,2,1081,1100,dopóki,dopóki,dopóki,unknown,dopóki,wordfreq:pl,wordfreq_seeded;deterministically_filtered;structurally_curated
pl,v1,2,1082,1101,głównym,głównym,głównym,unknown,głównym,wordfreq:pl,wordfreq_seeded;deterministically_filtered;structurally_curated
pl,v1,2,1083,1102,ministra,ministra,ministra,unknown,ministra,wordfreq:pl,wordfreq_seeded;deterministically_filtered;structurally_curated
pl,v1,2,1084,1103,niemal,niemal,niemal,unknown,niemal,wordfreq:pl,wordfreq_seeded;deterministically_filtered;structurally_curated
pl,v1,2,1085,1104,obrony,obrony,obrony,unknown,obrony,wordfreq:pl,wordfreq_seeded;deterministically_filtered;structurally_curated
pl,v1,2,1086,1105,pisać,pisać,pisać,unknown,pisać,wordfreq:pl,wordfreq_seeded;deterministically_filtered;structurally_curated
pl,v1,2,1087,1106,prawdę,prawdę,prawdę,unknown,prawdę,wordfreq:pl,wordfreq_seeded;deterministically_filtered;structurally_curated
pl,v1,2,1088,1107,premier,premier,premier,unknown,premier,wordfreq:pl,wordfreq_seeded;deterministically_filtered;structurally_curated
pl,v1,2,1089,1108,stanach,stanach,stanach,unknown,stanach,wordfreq:pl,wordfreq_seeded;deterministically_filtered;structurally_curated
pl,v1,2,1090,1109,twojego,twojego,twojego,unknown,twojego,wordfreq:pl,wordfreq_seeded;deterministically_filtered;structurally_curated
pl,v1,2,1091,1110,wojna,wojna,wojna,unknown,wojna,wordfreq:pl,wordfreq_seeded;deterministically_filtered;structurally_curated
pl,v1,2,1092,1111,wolność,wolność,wolność,unknown,wolność,wordfreq:pl,wordfreq_seeded;deterministically_filtered;structurally_curated
pl,v1,2,1093,1112,wsi,wsi,wsi,unknown,wsi,wordfreq:pl,wordfreq_seeded;deterministically_filtered;structurally_curated
pl,v1,2,1094,1113,zostaje,zostaje,zostaje,unknown,zostaje,wordfreq:pl,wordfreq_seeded;deterministically_filtered;structurally_curated
pl,v1,2,1095,1114,bedzie,bedzie,bedzie,unknown,bedzie,wordfreq:pl,wordfreq_seeded;deterministically_filtered;structurally_curated
pl,v1,2,1096,1115,czeka,czeka,czeka,unknown,czeka,wordfreq:pl,wordfreq_seeded;deterministically_filtered;structurally_curated
pl,v1,2,1097,1116,dotyczące,dotyczące,dotyczące,unknown,dotyczące,wordfreq:pl,wordfreq_seeded;deterministically_filtered;structurally_curated
pl,v1,2,1098,1117,ilości,ilości,ilości,unknown,ilości,wordfreq:pl,wordfreq_seeded;deterministically_filtered;structurally_curated
pl,v1,2,1099,1118,jedzenie,jedzenie,jedzenie,unknown,jedzenie,wordfreq:pl,wordfreq_seeded;deterministically_filtered;structurally_curated
pl,v1,2,1100,1119,ku,ku,ku,unknown,ku,wordfreq:pl,wordfreq_seeded;deterministically_filtered;structurally_curated
pl,v1,2,1101,1120,link,link,link,unknown,link,wordfreq:pl,wordfreq_seeded;deterministically_filtered;structurally_curated
pl,v1,2,1102,1121,mała,mała,mała,unknown,mała,wordfreq:pl,wordfreq_seeded;deterministically_filtered;structurally_curated
pl,v1,2,1103,1122,najczęściej,najczęściej,najczęściej,unknown,najczęściej,wordfreq:pl,wordfreq_seeded;deterministically_filtered;structurally_curated
pl,v1,2,1104,1123,piękne,piękne,piękne,unknown,piękne,wordfreq:pl,wordfreq_seeded;deterministically_filtered;structurally_curated
pl,v1,2,1105,1124,początek,początek,początek,unknown,początek,wordfreq:pl,wordfreq_seeded;deterministically_filtered;structurally_curated
pl,v1,2,1106,1125,pokazać,pokazać,pokazać,unknown,pokazać,wordfreq:pl,wordfreq_seeded;deterministically_filtered;structurally_curated
pl,v1,2,1107,1126,potrzeby,potrzeby,potrzeby,unknown,potrzeby,wordfreq:pl,wordfreq_seeded;deterministically_filtered;structurally_curated
pl,v1,2,1108,1127,pozwala,pozwala,pozwala,unknown,pozwala,wordfreq:pl,wordfreq_seeded;deterministically_filtered;structurally_curated
pl,v1,2,1109,1128,południowej,południowej,południowej,unknown,południowej,wordfreq:pl,wordfreq_seeded;deterministically_filtered;structurally_curated
pl,v1,2,1110,1129,rynek,rynek,rynek,unknown,rynek,wordfreq:pl,wordfreq_seeded;deterministically_filtered;structurally_curated
pl,v1,2,1111,1130,rzeczywistości,rzeczywistości,rzeczywistości,unknown,rzeczywistości,wordfreq:pl,wordfreq_seeded;deterministically_filtered;structurally_curated
pl,v1,2,1112,1131,samochód,samochód,samochód,unknown,samochód,wordfreq:pl,wordfreq_seeded;deterministically_filtered;structurally_curated
pl,v1,2,1113,1132,stanowisko,stanowisko,stanowisko,unknown,stanowisko,wordfreq:pl,wordfreq_seeded;deterministically_filtered;structurally_curated
pl,v1,2,1114,1133,uwaga,uwaga,uwaga,unknown,uwaga,wordfreq:pl,wordfreq_seeded;deterministically_filtered;structurally_curated
pl,v1,2,1115,1134,zawiera,zawiera,zawiera,unknown,zawiera,wordfreq:pl,wordfreq_seeded;deterministically_filtered;structurally_curated
pl,v1,2,1116,1135,zrozumieć,zrozumieć,zrozumieć,unknown,zrozumieć,wordfreq:pl,wordfreq_seeded;deterministically_filtered;structurally_curated
pl,v1,2,1117,1136,bezpośrednio,bezpośrednio,bezpośrednio,unknown,bezpośrednio,wordfreq:pl,wordfreq_seeded;deterministically_filtered;structurally_curated
pl,v1,2,1118,1137,członkowie,członkowie,członkowie,unknown,członkowie,wordfreq:pl,wordfreq_seeded;deterministically_filtered;structurally_curated
pl,v1,2,1119,1138,dotyczy,dotyczy,dotyczy,unknown,dotyczy,wordfreq:pl,wordfreq_seeded;deterministically_filtered;structurally_curated
pl,v1,2,1120,1139,drugiego,drugiego,drugiego,unknown,drugiego,wordfreq:pl,wordfreq_seeded;deterministically_filtered;structurally_curated
pl,v1,2,1121,1140,ds,ds,ds,unknown,ds,wordfreq:pl,wordfreq_seeded;deterministically_filtered;structurally_curated
pl,v1,2,1122,1141,działalności,działalności,działalności,unknown,działalności,wordfreq:pl,wordfreq_seeded;deterministically_filtered;structurally_curated
pl,v1,2,1123,1142,formie,formie,formie,unknown,formie,wordfreq:pl,wordfreq_seeded;deterministically_filtered;structurally_curated
pl,v1,2,1124,1143,krajach,krajach,krajach,unknown,krajach,wordfreq:pl,wordfreq_seeded;deterministically_filtered;structurally_curated
pl,v1,2,1125,1144,pewnego,pewnego,pewnego,unknown,pewnego,wordfreq:pl,wordfreq_seeded;deterministically_filtered;structurally_curated
pl,v1,2,1126,1145,pełni,pełni,pełni,unknown,pełni,wordfreq:pl,wordfreq_seeded;deterministically_filtered;structurally_curated
pl,v1,2,1127,1146,polityka,polityka,polityka,unknown,polityka,wordfreq:pl,wordfreq_seeded;deterministically_filtered;structurally_curated
pl,v1,2,1128,1147,rodzaj,rodzaj,rodzaj,unknown,rodzaj,wordfreq:pl,wordfreq_seeded;deterministically_filtered;structurally_curated
pl,v1,2,1129,1148,rodzinie,rodzinie,rodzinie,unknown,rodzinie,wordfreq:pl,wordfreq_seeded;deterministically_filtered;structurally_curated
pl,v1,2,1130,1149,rozmowy,rozmowy,rozmowy,unknown,rozmowy,wordfreq:pl,wordfreq_seeded;deterministically_filtered;structurally_curated
pl,v1,2,1131,1150,stopniu,stopniu,stopniu,unknown,stopniu,wordfreq:pl,wordfreq_seeded;deterministically_filtered;structurally_curated
pl,v1,2,1132,1151,wersja,wersja,wersja,unknown,wersja,wordfreq:pl,wordfreq_seeded;deterministically_filtered;structurally_curated
pl,v1,2,1133,1152,włosy,włosy,włosy,unknown,włosy,wordfreq:pl,wordfreq_seeded;deterministically_filtered;structurally_curated
pl,v1,2,1134,1153,zajmuje,zajmuje,zajmuje,unknown,zajmuje,wordfreq:pl,wordfreq_seeded;deterministically_filtered;structurally_curated
pl,v1,2,1135,1154,znany,znany,znany,unknown,znany,wordfreq:pl,wordfreq_seeded;deterministically_filtered;structurally_curated
pl,v1,2,1136,1155,zrobi,zrobi,zrobi,unknown,zrobi,wordfreq:pl,wordfreq_seeded;deterministically_filtered;structurally_curated
pl,v1,2,1137,1156,byc,byc,byc,unknown,byc,wordfreq:pl,wordfreq_seeded;deterministically_filtered;structurally_curated
pl,v1,2,1138,1157,cieszę,cieszę,cieszę,unknown,cieszę,wordfreq:pl,wordfreq_seeded;deterministically_filtered;structurally_curated
pl,v1,2,1139,1158,doszło,doszło,doszło,unknown,doszło,wordfreq:pl,wordfreq_seeded;deterministically_filtered;structurally_curated
pl,v1,2,1140,1159,drugą,drugą,drugą,unknown,drugą,wordfreq:pl,wordfreq_seeded;deterministically_filtered;structurally_curated
pl,v1,2,1141,1160,duży,duży,duży,unknown,duży,wordfreq:pl,wordfreq_seeded;deterministically_filtered;structurally_curated
pl,v1,2,1142,1161,energii,energii,energii,unknown,energii,wordfreq:pl,wordfreq_seeded;deterministically_filtered;structurally_curated
pl,v1,2,1143,1162,faktycznie,faktycznie,faktycznie,unknown,faktycznie,wordfreq:pl,wordfreq_seeded;deterministically_filtered;structurally_curated
pl,v1,2,1144,1163,kolejnych,kolejnych,kolejnych,unknown,kolejnych,wordfreq:pl,wordfreq_seeded;deterministically_filtered;structurally_curated
pl,v1,2,1145,1164,liczy,liczy,liczy,unknown,liczy,wordfreq:pl,wordfreq_seeded;deterministically_filtered;structurally_curated
pl,v1,2,1146,1165,milionów,milionów,milionów,unknown,milionów,wordfreq:pl,wordfreq_seeded;deterministically_filtered;structurally_curated
pl,v1,2,1147,1166,muzeum,muzeum,muzeum,unknown,muzeum,wordfreq:pl,wordfreq_seeded;deterministically_filtered;structurally_curated
pl,v1,2,1148,1167,myślą,myślą,myślą,unknown,myślą,wordfreq:pl,wordfreq_seeded;deterministically_filtered;structurally_curated
pl,v1,2,1149,1168,młodych,młodych,młodych,unknown,młodych,wordfreq:pl,wordfreq_seeded;deterministically_filtered;structurally_curated
pl,v1,2,1150,1169,młodzieży,młodzieży,młodzieży,unknown,młodzieży,wordfreq:pl,wordfreq_seeded;deterministically_filtered;structurally_curated
pl,v1,2,1151,1170,opozycji,opozycji,opozycji,unknown,opozycji,wordfreq:pl,wordfreq_seeded;deterministically_filtered;structurally_curated
pl,v1,2,1152,1171,pamięci,pamięci,pamięci,unknown,pamięci,wordfreq:pl,wordfreq_seeded;deterministically_filtered;structurally_curated
pl,v1,2,1153,1172,piosenki,piosenki,piosenki,unknown,piosenki,wordfreq:pl,wordfreq_seeded;deterministically_filtered;structurally_curated
pl,v1,2,1154,1173,szef,szef,szef,unknown,szef,wordfreq:pl,wordfreq_seeded;deterministically_filtered;structurally_curated
pl,v1,2,1155,1174,szkół,szkół,szkół,unknown,szkół,wordfreq:pl,wordfreq_seeded;deterministically_filtered;structurally_curated
pl,v1,2,1156,1175,twitterze,twitterze,twitterze,unknown,twitterze,wordfreq:pl,wordfreq_seeded;deterministically_filtered;structurally_curated
pl,v1,2,1157,1176,tymczasem,tymczasem,tymczasem,unknown,tymczasem,wordfreq:pl,wordfreq_seeded;deterministically_filtered;structurally_curated
pl,v1,2,1158,1177,uniwersytetu,uniwersytetu,uniwersytetu,unknown,uniwersytetu,wordfreq:pl,wordfreq_seeded;deterministically_filtered;structurally_curated
pl,v1,2,1159,1178,wiedzy,wiedzy,wiedzy,unknown,wiedzy,wordfreq:pl,wordfreq_seeded;deterministically_filtered;structurally_curated
pl,v1,2,1160,1179,wielkiej,wielkiej,wielkiej,unknown,wielkiej,wordfreq:pl,wordfreq_seeded;deterministically_filtered;structurally_curated
pl,v1,2,1161,1180,witam,witam,witam,unknown,witam,wordfreq:pl,wordfreq_seeded;deterministically_filtered;structurally_curated
pl,v1,2,1162,1181,wychodzi,wychodzi,wychodzi,unknown,wychodzi,wordfreq:pl,wordfreq_seeded;deterministically_filtered;structurally_curated
pl,v1,2,1163,1182,własnej,własnej,własnej,unknown,własnej,wordfreq:pl,wordfreq_seeded;deterministically_filtered;structurally_curated
pl,v1,2,1164,1183,środku,środku,środku,unknown,środku,wordfreq:pl,wordfreq_seeded;deterministically_filtered;structurally_curated
pl,v1,2,1165,1184,braku,braku,braku,unknown,braku,wordfreq:pl,wordfreq_seeded;deterministically_filtered;structurally_curated
pl,v1,2,1166,1185,chciała,chciała,chciała,unknown,chciała,wordfreq:pl,wordfreq_seeded;deterministically_filtered;structurally_curated
pl,v1,2,1167,1186,czterech,czterech,czterech,unknown,czterech,wordfreq:pl,wordfreq_seeded;deterministically_filtered;structurally_curated
pl,v1,2,1168,1187,decyzji,decyzji,decyzji,unknown,decyzji,wordfreq:pl,wordfreq_seeded;deterministically_filtered;structurally_curated
pl,v1,2,1169,1188,f,f,f,unknown,f,wordfreq:pl,wordfreq_seeded;deterministically_filtered;structurally_curated
pl,v1,2,1170,1189,gówno,gówno,gówno,unknown,gówno,wordfreq:pl,wordfreq_seeded;deterministically_filtered;structurally_curated
pl,v1,2,1171,1190,historię,historię,historię,unknown,historię,wordfreq:pl,wordfreq_seeded;deterministically_filtered;structurally_curated
pl,v1,2,1172,1191,jedyne,jedyne,jedyne,unknown,jedyne,wordfreq:pl,wordfreq_seeded;deterministically_filtered;structurally_curated
pl,v1,2,1173,1192,john,john,john,unknown,john,wordfreq:pl,wordfreq_seeded;deterministically_filtered;structurally_curated
pl,v1,2,1174,1193,kontroli,kontroli,kontroli,unknown,kontroli,wordfreq:pl,wordfreq_seeded;deterministically_filtered;structurally_curated
pl,v1,2,1175,1194,lepszy,lepszy,lepszy,unknown,lepszy,wordfreq:pl,wordfreq_seeded;deterministically_filtered;structurally_curated
pl,v1,2,1176,1195,muzyka,muzyka,muzyka,unknown,muzyka,wordfreq:pl,wordfreq_seeded;deterministically_filtered;structurally_curated
pl,v1,2,1177,1196,pierwszą,pierwszą,pierwszą,unknown,pierwszą,wordfreq:pl,wordfreq_seeded;deterministically_filtered;structurally_curated
pl,v1,2,1178,1197,piątek,piątek,piątek,unknown,piątek,wordfreq:pl,wordfreq_seeded;deterministically_filtered;structurally_curated
pl,v1,2,1179,1198,podobne,podobne,podobne,unknown,podobne,wordfreq:pl,wordfreq_seeded;deterministically_filtered;structurally_curated
pl,v1,2,1180,1199,polacy,polacy,polacy,unknown,polacy,wordfreq:pl,wordfreq_seeded;deterministically_filtered;structurally_curated
pl,v1,2,1181,1200,radę,radę,radę,unknown,radę,wordfreq:pl,wordfreq_seeded;deterministically_filtered;structurally_curated
pl,v1,2,1182,1201,reszta,reszta,reszta,unknown,reszta,wordfreq:pl,wordfreq_seeded;deterministically_filtered;structurally_curated
pl,v1,2,1183,1202,rzeczywiście,rzeczywiście,rzeczywiście,unknown,rzeczywiście,wordfreq:pl,wordfreq_seeded;deterministically_filtered;structurally_curated
pl,v1,2,1184,1203,spoko,spoko,spoko,unknown,spoko,wordfreq:pl,wordfreq_seeded;deterministically_filtered;structurally_curated
pl,v1,2,1185,1204,stacji,stacji,stacji,unknown,stacji,wordfreq:pl,wordfreq_seeded;deterministically_filtered;structurally_curated
pl,v1,2,1186,1205,staje,staje,staje,unknown,staje,wordfreq:pl,wordfreq_seeded;deterministically_filtered;structurally_curated
pl,v1,2,1187,1206,stara,stara,stara,unknown,stara,wordfreq:pl,wordfreq_seeded;deterministically_filtered;structurally_curated
pl,v1,2,1188,1207,strasznie,strasznie,strasznie,unknown,strasznie,wordfreq:pl,wordfreq_seeded;deterministically_filtered;structurally_curated
pl,v1,2,1189,1208,sukces,sukces,sukces,unknown,sukces,wordfreq:pl,wordfreq_seeded;deterministically_filtered;structurally_curated
pl,v1,2,1190,1209,sądu,sądu,sądu,unknown,sądu,wordfreq:pl,wordfreq_seeded;deterministically_filtered;structurally_curated
pl,v1,2,1191,1210,trwa,trwa,trwa,unknown,trwa,wordfreq:pl,wordfreq_seeded;deterministically_filtered;structurally_curated
pl,v1,2,1192,1211,ue,ue,ue,unknown,ue,wordfreq:pl,wordfreq_seeded;deterministically_filtered;structurally_curated
pl,v1,2,1193,1212,warszawy,warszawy,warszawy,unknown,warszawy,wordfreq:pl,wordfreq_seeded;deterministically_filtered;structurally_curated
pl,v1,2,1194,1213,wg,wg,wg,unknown,wg,wordfreq:pl,wordfreq_seeded;deterministically_filtered;structurally_curated
pl,v1,2,1195,1214,wieczorem,wieczorem,wieczorem,unknown,wieczorem,wordfreq:pl,wordfreq_seeded;deterministically_filtered;structurally_curated
pl,v1,2,1196,1215,wyjść,wyjść,wyjść,unknown,wyjść,wordfreq:pl,wordfreq_seeded;deterministically_filtered;structurally_curated
pl,v1,2,1197,1216,wypowiedzi,wypowiedzi,wypowiedzi,unknown,wypowiedzi,wordfreq:pl,wordfreq_seeded;deterministically_filtered;structurally_curated
pl,v1,2,1198,1217,zadanie,zadanie,zadanie,unknown,zadanie,wordfreq:pl,wordfreq_seeded;deterministically_filtered;structurally_curated
pl,v1,2,1199,1218,źródła,źródła,źródła,unknown,źródła,wordfreq:pl,wordfreq_seeded;deterministically_filtered;structurally_curated
pl,v1,2,1200,1220,armii,armii,armii,unknown,armii,wordfreq:pl,wordfreq_seeded;deterministically_filtered;structurally_curated
pl,v1,2,1201,1221,brat,brat,brat,unknown,brat,wordfreq:pl,wordfreq_seeded;deterministically_filtered;structurally_curated
pl,v1,2,1202,1222,ceny,ceny,ceny,unknown,ceny,wordfreq:pl,wordfreq_seeded;deterministically_filtered;structurally_curated
pl,v1,2,1203,1223,czuje,czuje,czuje,unknown,czuje,wordfreq:pl,wordfreq_seeded;deterministically_filtered;structurally_curated
pl,v1,2,1204,1224,dawna,dawna,dawna,unknown,dawna,wordfreq:pl,wordfreq_seeded;deterministically_filtered;structurally_curated
pl,v1,2,1205,1225,innej,innej,innej,unknown,innej,wordfreq:pl,wordfreq_seeded;deterministically_filtered;structurally_curated
pl,v1,2,1206,1226,jedynym,jedynym,jedynym,unknown,jedynym,wordfreq:pl,wordfreq_seeded;deterministically_filtered;structurally_curated
pl,v1,2,1207,1227,jesli,jesli,jesli,unknown,jesli,wordfreq:pl,wordfreq_seeded;deterministically_filtered;structurally_curated
pl,v1,2,1208,1228,kimś,kimś,kimś,unknown,kimś,wordfreq:pl,wordfreq_seeded;deterministically_filtered;structurally_curated
pl,v1,2,1209,1229,kończy,kończy,kończy,unknown,kończy,wordfreq:pl,wordfreq_seeded;deterministically_filtered;structurally_curated
pl,v1,2,1210,1230,książek,książek,książek,unknown,książek,wordfreq:pl,wordfreq_seeded;deterministically_filtered;structurally_curated
pl,v1,2,1211,1231,los,los,los,unknown,los,wordfreq:pl,wordfreq_seeded;deterministically_filtered;structurally_curated
pl,v1,2,1212,1232,me,me,me,unknown,me,wordfreq:pl,wordfreq_seeded;deterministically_filtered;structurally_curated
pl,v1,2,1213,1233,miesiące,miesiące,miesiące,unknown,miesiące,wordfreq:pl,wordfreq_seeded;deterministically_filtered;structurally_curated
pl,v1,2,1214,1234,mm,mm,mm,unknown,mm,wordfreq:pl,wordfreq_seeded;deterministically_filtered;structurally_curated
pl,v1,2,1215,1235,moi,moi,moi,unknown,moi,wordfreq:pl,wordfreq_seeded;deterministically_filtered;structurally_curated
pl,v1,2,1216,1236,myśl,myśl,myśl,unknown,myśl,wordfreq:pl,wordfreq_seeded;deterministically_filtered;structurally_curated
pl,v1,2,1217,1237,myślałam,myślałam,myślałam,unknown,myślałam,wordfreq:pl,wordfreq_seeded;deterministically_filtered;structurally_curated
pl,v1,2,1218,1238,mężczyzna,mężczyzna,mężczyzna,unknown,mężczyzna,wordfreq:pl,wordfreq_seeded;deterministically_filtered;structurally_curated
pl,v1,2,1219,1239,new,new,new,unknown,new,wordfreq:pl,wordfreq_seeded;deterministically_filtered;structurally_curated
pl,v1,2,1220,1240,ostatnim,ostatnim,ostatnim,unknown,ostatnim,wordfreq:pl,wordfreq_seeded;deterministically_filtered;structurally_curated
pl,v1,2,1221,1241,powie,powie,powie,unknown,powie,wordfreq:pl,wordfreq_seeded;deterministically_filtered;structurally_curated
pl,v1,2,1222,1242,pozycji,pozycji,pozycji,unknown,pozycji,wordfreq:pl,wordfreq_seeded;deterministically_filtered;structurally_curated
pl,v1,2,1223,1243,problemem,problemem,problemem,unknown,problemem,wordfreq:pl,wordfreq_seeded;deterministically_filtered;structurally_curated
pl,v1,2,1224,1244,przypadek,przypadek,przypadek,unknown,przypadek,wordfreq:pl,wordfreq_seeded;deterministically_filtered;structurally_curated
pl,v1,2,1225,1245,rp,rp,rp,unknown,rp,wordfreq:pl,wordfreq_seeded;deterministically_filtered;structurally_curated
pl,v1,2,1226,1246,rękę,rękę,rękę,unknown,rękę,wordfreq:pl,wordfreq_seeded;deterministically_filtered;structurally_curated
pl,v1,2,1227,1247,społecznej,społecznej,społecznej,unknown,społecznej,wordfreq:pl,wordfreq_seeded;deterministically_filtered;structurally_curated
pl,v1,2,1228,1248,widzi,widzi,widzi,unknown,widzi,wordfreq:pl,wordfreq_seeded;deterministically_filtered;structurally_curated
pl,v1,2,1229,1249,wyborów,wyborów,wyborów,unknown,wyborów,wordfreq:pl,wordfreq_seeded;deterministically_filtered;structurally_curated
pl,v1,2,1230,1250,wówczas,wówczas,wówczas,unknown,wówczas,wordfreq:pl,wordfreq_seeded;deterministically_filtered;structurally_curated
pl,v1,2,1231,1251,środków,środków,środków,unknown,środków,wordfreq:pl,wordfreq_seeded;deterministically_filtered;structurally_curated
pl,v1,2,1232,1252,akcja,akcja,akcja,unknown,akcja,wordfreq:pl,wordfreq_seeded;deterministically_filtered;structurally_curated
pl,v1,2,1233,1253,ciało,ciało,ciało,unknown,ciało,wordfreq:pl,wordfreq_seeded;deterministically_filtered;structurally_curated
pl,v1,2,1234,1254,czytać,czytać,czytać,unknown,czytać,wordfreq:pl,wordfreq_seeded;deterministically_filtered;structurally_curated
pl,v1,2,1235,1255,dobrej,dobrej,dobrej,unknown,dobrej,wordfreq:pl,wordfreq_seeded;deterministically_filtered;structurally_curated
pl,v1,2,1236,1256,dużej,dużej,dużej,unknown,dużej,wordfreq:pl,wordfreq_seeded;deterministically_filtered;structurally_curated
pl,v1,2,1237,1257,dużą,dużą,dużą,unknown,dużą,wordfreq:pl,wordfreq_seeded;deterministically_filtered;structurally_curated
pl,v1,2,1238,1258,gdybym,gdybym,gdybym,unknown,gdybym,wordfreq:pl,wordfreq_seeded;deterministically_filtered;structurally_curated
pl,v1,2,1239,1259,jedyny,jedyny,jedyny,unknown,jedyny,wordfreq:pl,wordfreq_seeded;deterministically_filtered;structurally_curated
pl,v1,2,1240,1260,każde,każde,każde,unknown,każde,wordfreq:pl,wordfreq_seeded;deterministically_filtered;structurally_curated
pl,v1,2,1241,1261,komentarz,komentarz,komentarz,unknown,komentarz,wordfreq:pl,wordfreq_seeded;deterministically_filtered;structurally_curated
pl,v1,2,1242,1262,komuś,komuś,komuś,unknown,komuś,wordfreq:pl,wordfreq_seeded;deterministically_filtered;structurally_curated
pl,v1,2,1243,1263,mecz,mecz,mecz,unknown,mecz,wordfreq:pl,wordfreq_seeded;deterministically_filtered;structurally_curated
pl,v1,2,1244,1264,myślisz,myślisz,myślisz,unknown,myślisz,wordfreq:pl,wordfreq_seeded;deterministically_filtered;structurally_curated
pl,v1,2,1245,1265,narodowego,narodowego,narodowego,unknown,narodowego,wordfreq:pl,wordfreq_seeded;deterministically_filtered;structurally_curated
pl,v1,2,1246,1266,niedługo,niedługo,niedługo,unknown,niedługo,wordfreq:pl,wordfreq_seeded;deterministically_filtered;structurally_curated
pl,v1,2,1247,1267,niemiec,niemiec,niemiec,unknown,niemiec,wordfreq:pl,wordfreq_seeded;deterministically_filtered;structurally_curated
pl,v1,2,1248,1268,okazało,okazało,okazało,unknown,okazało,wordfreq:pl,wordfreq_seeded;deterministically_filtered;structurally_curated
pl,v1,2,1249,1269,opinii,opinii,opinii,unknown,opinii,wordfreq:pl,wordfreq_seeded;deterministically_filtered;structurally_curated
pl,v1,2,1250,1270,opis,opis,opis,unknown,opis,wordfreq:pl,wordfreq_seeded;deterministically_filtered;structurally_curated
pl,v1,2,1251,1271,osobiście,osobiście,osobiście,unknown,osobiście,wordfreq:pl,wordfreq_seeded;deterministically_filtered;structurally_curated
pl,v1,2,1252,1272,piękna,piękna,piękna,unknown,piękna,wordfreq:pl,wordfreq_seeded;deterministically_filtered;structurally_curated
pl,v1,2,1253,1273,powierzchni,powierzchni,powierzchni,unknown,powierzchni,wordfreq:pl,wordfreq_seeded;deterministically_filtered;structurally_curated
pl,v1,2,1254,1274,powoli,powoli,powoli,unknown,powoli,wordfreq:pl,wordfreq_seeded;deterministically_filtered;structurally_curated
pl,v1,2,1255,1275,przyszłość,przyszłość,przyszłość,unknown,przyszłość,wordfreq:pl,wordfreq_seeded;deterministically_filtered;structurally_curated
pl,v1,2,1256,1276,punktu,punktu,punktu,unknown,punktu,wordfreq:pl,wordfreq_seeded;deterministically_filtered;structurally_curated
pl,v1,2,1257,1277,regionie,regionie,regionie,unknown,regionie,wordfreq:pl,wordfreq_seeded;deterministically_filtered;structurally_curated
pl,v1,2,1258,1278,roli,roli,roli,unknown,roli,wordfreq:pl,wordfreq_seeded;deterministically_filtered;structurally_curated
pl,v1,2,1259,1279,samych,samych,samych,unknown,samych,wordfreq:pl,wordfreq_seeded;deterministically_filtered;structurally_curated
pl,v1,2,1260,1280,sił,sił,sił,unknown,sił,wordfreq:pl,wordfreq_seeded;deterministically_filtered;structurally_curated
pl,v1,2,1261,1281,wschodniej,wschodniej,wschodniej,unknown,wschodniej,wordfreq:pl,wordfreq_seeded;deterministically_filtered;structurally_curated
pl,v1,2,1262,1282,wynik,wynik,wynik,unknown,wynik,wordfreq:pl,wordfreq_seeded;deterministically_filtered;structurally_curated
pl,v1,2,1263,1283,wynika,wynika,wynika,unknown,wynika,wordfreq:pl,wordfreq_seeded;deterministically_filtered;structurally_curated
pl,v1,2,1264,1284,wzrost,wzrost,wzrost,unknown,wzrost,wordfreq:pl,wordfreq_seeded;deterministically_filtered;structurally_curated
pl,v1,2,1265,1285,władze,władze,władze,unknown,władze,wordfreq:pl,wordfreq_seeded;deterministically_filtered;structurally_curated
pl,v1,2,1266,1286,znaczenia,znaczenia,znaczenia,unknown,znaczenia,wordfreq:pl,wordfreq_seeded;deterministically_filtered;structurally_curated
pl,v1,2,1267,1287,zostali,zostali,zostali,unknown,zostali,wordfreq:pl,wordfreq_seeded;deterministically_filtered;structurally_curated
pl,v1,2,1268,1288,zły,zły,zły,unknown,zły,wordfreq:pl,wordfreq_seeded;deterministically_filtered;structurally_curated
pl,v1,2,1269,1289,byłby,byłby,byłby,unknown,byłby,wordfreq:pl,wordfreq_seeded;deterministically_filtered;structurally_curated
pl,v1,2,1270,1290,ból,ból,ból,unknown,ból,wordfreq:pl,wordfreq_seeded;deterministically_filtered;structurally_curated
pl,v1,2,1271,1291,chętnie,chętnie,chętnie,unknown,chętnie,wordfreq:pl,wordfreq_seeded;deterministically_filtered;structurally_curated
pl,v1,2,1272,1292,człowiekiem,człowiekiem,człowiekiem,unknown,człowiekiem,wordfreq:pl,wordfreq_seeded;deterministically_filtered;structurally_curated
pl,v1,2,1273,1293,dam,dam,dam,unknown,dam,wordfreq:pl,wordfreq_seeded;deterministically_filtered;structurally_curated
pl,v1,2,1274,1294,dobrą,dobrą,dobrą,unknown,dobrą,wordfreq:pl,wordfreq_seeded;deterministically_filtered;structurally_curated
pl,v1,2,1275,1295,głowę,głowę,głowę,unknown,głowę,wordfreq:pl,wordfreq_seeded;deterministically_filtered;structurally_curated
pl,v1,2,1276,1296,internetu,internetu,internetu,unknown,internetu,wordfreq:pl,wordfreq_seeded;deterministically_filtered;structurally_curated
pl,v1,2,1277,1297,itd,itd,itd,unknown,itd,wordfreq:pl,wordfreq_seeded;deterministically_filtered;structurally_curated
pl,v1,2,1278,1298,jakiego,jakiego,jakiego,unknown,jakiego,wordfreq:pl,wordfreq_seeded;deterministically_filtered;structurally_curated
pl,v1,2,1279,1299,jakimś,jakimś,jakimś,unknown,jakimś,wordfreq:pl,wordfreq_seeded;deterministically_filtered;structurally_curated
pl,v1,2,1280,1300,jednostki,jednostki,jednostki,unknown,jednostki,wordfreq:pl,wordfreq_seeded;deterministically_filtered;structurally_curated
pl,v1,2,1281,1301,mówisz,mówisz,mówisz,unknown,mówisz,wordfreq:pl,wordfreq_seeded;deterministically_filtered;structurally_curated
pl,v1,2,1282,1302,niedawno,niedawno,niedawno,unknown,niedawno,wordfreq:pl,wordfreq_seeded;deterministically_filtered;structurally_curated
pl,v1,2,1283,1303,ostatecznie,ostatecznie,ostatecznie,unknown,ostatecznie,wordfreq:pl,wordfreq_seeded;deterministically_filtered;structurally_curated
pl,v1,2,1284,1304,plus,plus,plus,unknown,plus,wordfreq:pl,wordfreq_seeded;deterministically_filtered;structurally_curated
pl,v1,2,1285,1305,premiera,premiera,premiera,unknown,premiera,wordfreq:pl,wordfreq_seeded;deterministically_filtered;structurally_curated
pl,v1,2,1286,1306,profil,profil,profil,unknown,profil,wordfreq:pl,wordfreq_seeded;deterministically_filtered;structurally_curated
pl,v1,2,1287,1307,publicznej,publicznej,publicznej,unknown,publicznej,wordfreq:pl,wordfreq_seeded;deterministically_filtered;structurally_curated
pl,v1,2,1288,1308,punkt,punkt,punkt,unknown,punkt,wordfreq:pl,wordfreq_seeded;deterministically_filtered;structurally_curated
pl,v1,2,1289,1309,sprawdzić,sprawdzić,sprawdzić,unknown,sprawdzić,wordfreq:pl,wordfreq_seeded;deterministically_filtered;structurally_curated
pl,v1,2,1290,1310,stanów,stanów,stanów,unknown,stanów,wordfreq:pl,wordfreq_seeded;deterministically_filtered;structurally_curated
pl,v1,2,1291,1311,stosunku,stosunku,stosunku,unknown,stosunku,wordfreq:pl,wordfreq_seeded;deterministically_filtered;structurally_curated
pl,v1,2,1292,1312,telewizji,telewizji,telewizji,unknown,telewizji,wordfreq:pl,wordfreq_seeded;deterministically_filtered;structurally_curated
pl,v1,2,1293,1313,weź,weź,weź,unknown,weź,wordfreq:pl,wordfreq_seeded;deterministically_filtered;structurally_curated
pl,v1,2,1294,1314,wolno,wolno,wolno,unknown,wolno,wordfreq:pl,wordfreq_seeded;deterministically_filtered;structurally_curated
pl,v1,2,1295,1315,wymaga,wymaga,wymaga,unknown,wymaga,wordfreq:pl,wordfreq_seeded;deterministically_filtered;structurally_curated
pl,v1,2,1296,1316,wynosi,wynosi,wynosi,unknown,wynosi,wordfreq:pl,wordfreq_seeded;deterministically_filtered;structurally_curated
pl,v1,2,1297,1317,własną,własną,własną,unknown,własną,wordfreq:pl,wordfreq_seeded;deterministically_filtered;structurally_curated
pl,v1,2,1298,1318,zmienia,zmienia,zmienia,unknown,zmienia,wordfreq:pl,wordfreq_seeded;deterministically_filtered;structurally_curated
pl,v1,2,1299,1319,znalazł,znalazł,znalazł,unknown,znalazł,wordfreq:pl,wordfreq_seeded;deterministically_filtered;structurally_curated
pl,v1,2,1300,1320,zwierząt,zwierząt,zwierząt,unknown,zwierząt,wordfreq:pl,wordfreq_seeded;deterministically_filtered;structurally_curated
pl,v1,2,1301,1321,złego,złego,złego,unknown,złego,wordfreq:pl,wordfreq_seeded;deterministically_filtered;structurally_curated
pl,v1,2,1302,1322,atak,atak,atak,unknown,atak,wordfreq:pl,wordfreq_seeded;deterministically_filtered;structurally_curated
pl,v1,2,1303,1323,bycie,bycie,bycie,unknown,bycie,wordfreq:pl,wordfreq_seeded;deterministically_filtered;structurally_curated
pl,v1,2,1304,1324,choroby,choroby,choroby,unknown,choroby,wordfreq:pl,wordfreq_seeded;deterministically_filtered;structurally_curated
pl,v1,2,1305,1325,dyskusji,dyskusji,dyskusji,unknown,dyskusji,wordfreq:pl,wordfreq_seeded;deterministically_filtered;structurally_curated
pl,v1,2,1306,1326,dłużej,dłużej,dłużej,unknown,dłużej,wordfreq:pl,wordfreq_seeded;deterministically_filtered;structurally_curated
pl,v1,2,1307,1327,facet,facet,facet,unknown,facet,wordfreq:pl,wordfreq_seeded;deterministically_filtered;structurally_curated
pl,v1,2,1308,1328,filmów,filmów,filmów,unknown,filmów,wordfreq:pl,wordfreq_seeded;deterministically_filtered;structurally_curated
pl,v1,2,1309,1329,inna,inna,inna,unknown,inna,wordfreq:pl,wordfreq_seeded;deterministically_filtered;structurally_curated
pl,v1,2,1310,1330,kiedykolwiek,kiedykolwiek,kiedykolwiek,unknown,kiedykolwiek,wordfreq:pl,wordfreq_seeded;deterministically_filtered;structurally_curated
pl,v1,2,1311,1331,kod,kod,kod,unknown,kod,wordfreq:pl,wordfreq_seeded;deterministically_filtered;structurally_curated
pl,v1,2,1312,1332,kontakt,kontakt,kontakt,unknown,kontakt,wordfreq:pl,wordfreq_seeded;deterministically_filtered;structurally_curated
pl,v1,2,1313,1333,liceum,liceum,liceum,unknown,liceum,wordfreq:pl,wordfreq_seeded;deterministically_filtered;structurally_curated
pl,v1,2,1314,1334,list,list,list,unknown,list,wordfreq:pl,wordfreq_seeded;deterministically_filtered;structurally_curated
pl,v1,2,1315,1335,ludności,ludności,ludności,unknown,ludności,wordfreq:pl,wordfreq_seeded;deterministically_filtered;structurally_curated
pl,v1,2,1316,1336,min,min,min,unknown,min,wordfreq:pl,wordfreq_seeded;deterministically_filtered;structurally_curated
pl,v1,2,1317,1337,niemczech,niemczech,niemczech,unknown,niemczech,wordfreq:pl,wordfreq_seeded;deterministically_filtered;structurally_curated
pl,v1,2,1318,1338,niewiele,niewiele,niewiele,unknown,niewiele,wordfreq:pl,wordfreq_seeded;deterministically_filtered;structurally_curated
pl,v1,2,1319,1339,odpowiada,odpowiada,odpowiada,unknown,odpowiada,wordfreq:pl,wordfreq_seeded;deterministically_filtered;structurally_curated
pl,v1,2,1320,1340,pokój,pokój,pokój,unknown,pokój,wordfreq:pl,wordfreq_seeded;deterministically_filtered;structurally_curated
pl,v1,2,1321,1341,politycy,politycy,politycy,unknown,politycy,wordfreq:pl,wordfreq_seeded;deterministically_filtered;structurally_curated
pl,v1,2,1322,1342,pomaga,pomaga,pomaga,unknown,pomaga,wordfreq:pl,wordfreq_seeded;deterministically_filtered;structurally_curated
pl,v1,2,1323,1343,prac,prac,prac,unknown,prac,wordfreq:pl,wordfreq_seeded;deterministically_filtered;structurally_curated
pl,v1,2,1324,1344,prezes,prezes,prezes,unknown,prezes,wordfreq:pl,wordfreq_seeded;deterministically_filtered;structurally_curated
pl,v1,2,1325,1345,przypomina,przypomina,przypomina,unknown,przypomina,wordfreq:pl,wordfreq_seeded;deterministically_filtered;structurally_curated
pl,v1,2,1326,1346,próbuje,próbuje,próbuje,unknown,próbuje,wordfreq:pl,wordfreq_seeded;deterministically_filtered;structurally_curated
pl,v1,2,1327,1347,póki,póki,póki,unknown,póki,wordfreq:pl,wordfreq_seeded;deterministically_filtered;structurally_curated
pl,v1,2,1328,1348,stare,stare,stare,unknown,stare,wordfreq:pl,wordfreq_seeded;deterministically_filtered;structurally_curated
pl,v1,2,1329,1349,uczniów,uczniów,uczniów,unknown,uczniów,wordfreq:pl,wordfreq_seeded;deterministically_filtered;structurally_curated
pl,v1,2,1330,1350,udziału,udziału,udziału,unknown,udziału,wordfreq:pl,wordfreq_seeded;deterministically_filtered;structurally_curated
pl,v1,2,1331,1351,warunki,warunki,warunki,unknown,warunki,wordfreq:pl,wordfreq_seeded;deterministically_filtered;structurally_curated
pl,v1,2,1332,1352,widziałam,widziałam,widziałam,unknown,widziałam,wordfreq:pl,wordfreq_seeded;deterministically_filtered;structurally_curated
pl,v1,2,1333,1353,wielkiego,wielkiego,wielkiego,unknown,wielkiego,wordfreq:pl,wordfreq_seeded;deterministically_filtered;structurally_curated
pl,v1,2,1334,1354,światowej,światowej,światowej,unknown,światowej,wordfreq:pl,wordfreq_seeded;deterministically_filtered;structurally_curated
pl,v1,2,1335,1356,chciałem,chciałem,chciałem,unknown,chciałem,wordfreq:pl,wordfreq_seeded;deterministically_filtered;structurally_curated
pl,v1,2,1336,1357,drogą,drogą,drogą,unknown,drogą,wordfreq:pl,wordfreq_seeded;deterministically_filtered;structurally_curated
pl,v1,2,1337,1358,drogę,drogę,drogę,unknown,drogę,wordfreq:pl,wordfreq_seeded;deterministically_filtered;structurally_curated
pl,v1,2,1338,1359,filmie,filmie,filmie,unknown,filmie,wordfreq:pl,wordfreq_seeded;deterministically_filtered;structurally_curated
pl,v1,2,1339,1360,godzinę,godzinę,godzinę,unknown,godzinę,wordfreq:pl,wordfreq_seeded;deterministically_filtered;structurally_curated
pl,v1,2,1340,1361,gorzej,gorzej,gorzej,unknown,gorzej,wordfreq:pl,wordfreq_seeded;deterministically_filtered;structurally_curated
pl,v1,2,1341,1362,komentarze,komentarze,komentarze,unknown,komentarze,wordfreq:pl,wordfreq_seeded;deterministically_filtered;structurally_curated
pl,v1,2,1342,1363,książka,książka,książka,unknown,książka,wordfreq:pl,wordfreq_seeded;deterministically_filtered;structurally_curated
pl,v1,2,1343,1364,miast,miast,miast,unknown,miast,wordfreq:pl,wordfreq_seeded;deterministically_filtered;structurally_curated
pl,v1,2,1344,1365,mieszka,mieszka,mieszka,unknown,mieszka,wordfreq:pl,wordfreq_seeded;deterministically_filtered;structurally_curated
pl,v1,2,1345,1366,nagrody,nagrody,nagrody,unknown,nagrody,wordfreq:pl,wordfreq_seeded;deterministically_filtered;structurally_curated
pl,v1,2,1346,1367,najlepszym,najlepszym,najlepszym,unknown,najlepszym,wordfreq:pl,wordfreq_seeded;deterministically_filtered;structurally_curated
pl,v1,2,1347,1368,napisać,napisać,napisać,unknown,napisać,wordfreq:pl,wordfreq_seeded;deterministically_filtered;structurally_curated
pl,v1,2,1348,1369,nasi,nasi,nasi,unknown,nasi,wordfreq:pl,wordfreq_seeded;deterministically_filtered;structurally_curated
pl,v1,2,1349,1370,osobę,osobę,osobę,unknown,osobę,wordfreq:pl,wordfreq_seeded;deterministically_filtered;structurally_curated
pl,v1,2,1350,1371,pasuje,pasuje,pasuje,unknown,pasuje,wordfreq:pl,wordfreq_seeded;deterministically_filtered;structurally_curated
pl,v1,2,1351,1372,potrzeba,potrzeba,potrzeba,unknown,potrzeba,wordfreq:pl,wordfreq_seeded;deterministically_filtered;structurally_curated
pl,v1,2,1352,1373,powodzenia,powodzenia,powodzenia,unknown,powodzenia,wordfreq:pl,wordfreq_seeded;deterministically_filtered;structurally_curated
pl,v1,2,1353,1374,powód,powód,powód,unknown,powód,wordfreq:pl,wordfreq_seeded;deterministically_filtered;structurally_curated
pl,v1,2,1354,1375,sezon,sezon,sezon,unknown,sezon,wordfreq:pl,wordfreq_seeded;deterministically_filtered;structurally_curated
pl,v1,2,1355,1376,stała,stała,stała,unknown,stała,wordfreq:pl,wordfreq_seeded;deterministically_filtered;structurally_curated
pl,v1,2,1356,1377,szybciej,szybciej,szybciej,unknown,szybciej,wordfreq:pl,wordfreq_seeded;deterministically_filtered;structurally_curated
pl,v1,2,1357,1378,tata,tata,tata,unknown,tata,wordfreq:pl,wordfreq_seeded;deterministically_filtered;structurally_curated
pl,v1,2,1358,1379,tuż,tuż,tuż,unknown,tuż,wordfreq:pl,wordfreq_seeded;deterministically_filtered;structurally_curated
pl,v1,2,1359,1380,tygodnie,tygodnie,tygodnie,unknown,tygodnie,wordfreq:pl,wordfreq_seeded;deterministically_filtered;structurally_curated
pl,v1,2,1360,1381,tłumaczenie,tłumaczenie,tłumaczenie,unknown,tłumaczenie,wordfreq:pl,wordfreq_seeded;deterministically_filtered;structurally_curated
pl,v1,2,1361,1382,wielkim,wielkim,wielkim,unknown,wielkim,wordfreq:pl,wordfreq_seeded;deterministically_filtered;structurally_curated
pl,v1,2,1362,1383,większe,większe,większe,unknown,większe,wordfreq:pl,wordfreq_seeded;deterministically_filtered;structurally_curated
pl,v1,2,1363,1384,woli,woli,woli,unknown,woli,wordfreq:pl,wordfreq_seeded;deterministically_filtered;structurally_curated
pl,v1,2,1364,1385,wydarzenia,wydarzenia,wydarzenia,unknown,wydarzenia,wordfreq:pl,wordfreq_seeded;deterministically_filtered;structurally_curated
pl,v1,2,1365,1386,własnych,własnych,własnych,unknown,własnych,wordfreq:pl,wordfreq_seeded;deterministically_filtered;structurally_curated
pl,v1,2,1366,1387,zakresie,zakresie,zakresie,unknown,zakresie,wordfreq:pl,wordfreq_seeded;deterministically_filtered;structurally_curated
pl,v1,2,1367,1388,zmiana,zmiana,zmiana,unknown,zmiana,wordfreq:pl,wordfreq_seeded;deterministically_filtered;structurally_curated
pl,v1,2,1368,1389,znak,znak,znak,unknown,znak,wordfreq:pl,wordfreq_seeded;deterministically_filtered;structurally_curated
pl,v1,2,1369,1390,zrobię,zrobię,zrobię,unknown,zrobię,wordfreq:pl,wordfreq_seeded;deterministically_filtered;structurally_curated
pl,v1,2,1370,1391,związanych,związanych,związanych,unknown,związanych,wordfreq:pl,wordfreq_seeded;deterministically_filtered;structurally_curated
pl,v1,2,1371,1393,biura,biura,biura,unknown,biura,wordfreq:pl,wordfreq_seeded;deterministically_filtered;structurally_curated
pl,v1,2,1372,1394,chciałabym,chciałabym,chciałabym,unknown,chciałabym,wordfreq:pl,wordfreq_seeded;deterministically_filtered;structurally_curated
pl,v1,2,1373,1395,chuj,chuj,chuj,unknown,chuj,wordfreq:pl,wordfreq_seeded;deterministically_filtered;structurally_curated
pl,v1,2,1374,1396,cos,cos,cos,unknown,cos,wordfreq:pl,wordfreq_seeded;deterministically_filtered;structurally_curated
pl,v1,2,1375,1397,dosyć,dosyć,dosyć,unknown,dosyć,wordfreq:pl,wordfreq_seeded;deterministically_filtered;structurally_curated
pl,v1,2,1376,1398,duża,duża,duża,unknown,duża,wordfreq:pl,wordfreq_seeded;deterministically_filtered;structurally_curated
pl,v1,2,1377,1399,granicy,granicy,granicy,unknown,granicy,wordfreq:pl,wordfreq_seeded;deterministically_filtered;structurally_curated
pl,v1,2,1378,1400,ha,ha,ha,unknown,ha,wordfreq:pl,wordfreq_seeded;deterministically_filtered;structurally_curated
pl,v1,2,1379,1401,is,is,is,unknown,is,wordfreq:pl,wordfreq_seeded;deterministically_filtered;structurally_curated
pl,v1,2,1380,1402,it,it,it,unknown,it,wordfreq:pl,wordfreq_seeded;deterministically_filtered;structurally_curated
pl,v1,2,1381,1403,konta,konta,konta,unknown,konta,wordfreq:pl,wordfreq_seeded;deterministically_filtered;structurally_curated
pl,v1,2,1382,1404,kwestii,kwestii,kwestii,unknown,kwestii,wordfreq:pl,wordfreq_seeded;deterministically_filtered;structurally_curated
pl,v1,2,1383,1405,miejscach,miejscach,miejscach,unknown,miejscach,wordfreq:pl,wordfreq_seeded;deterministically_filtered;structurally_curated
pl,v1,2,1384,1406,miło,miło,miło,unknown,miło,wordfreq:pl,wordfreq_seeded;deterministically_filtered;structurally_curated
pl,v1,2,1385,1407,momentu,momentu,momentu,unknown,momentu,wordfreq:pl,wordfreq_seeded;deterministically_filtered;structurally_curated
pl,v1,2,1386,1408,musieli,musieli,musieli,unknown,musieli,wordfreq:pl,wordfreq_seeded;deterministically_filtered;structurally_curated
pl,v1,2,1387,1409,najlepszych,najlepszych,najlepszych,unknown,najlepszych,wordfreq:pl,wordfreq_seeded;deterministically_filtered;structurally_curated
pl,v1,2,1388,1410,okolicy,okolicy,okolicy,unknown,okolicy,wordfreq:pl,wordfreq_seeded;deterministically_filtered;structurally_curated
pl,v1,2,1389,1411,parku,parku,parku,unknown,parku,wordfreq:pl,wordfreq_seeded;deterministically_filtered;structurally_curated
pl,v1,2,1390,1412,pobliżu,pobliżu,pobliżu,unknown,pobliżu,wordfreq:pl,wordfreq_seeded;deterministically_filtered;structurally_curated
pl,v1,2,1391,1413,pomoże,pomoże,pomoże,unknown,pomoże,wordfreq:pl,wordfreq_seeded;deterministically_filtered;structurally_curated
pl,v1,2,1392,1414,poznać,poznać,poznać,unknown,poznać,wordfreq:pl,wordfreq_seeded;deterministically_filtered;structurally_curated
pl,v1,2,1393,1415,przestrzeni,przestrzeni,przestrzeni,unknown,przestrzeni,wordfreq:pl,wordfreq_seeded;deterministically_filtered;structurally_curated
pl,v1,2,1394,1416,punktów,punktów,punktów,unknown,punktów,wordfreq:pl,wordfreq_seeded;deterministically_filtered;structurally_curated
pl,v1,2,1395,1417,rozwiązanie,rozwiązanie,rozwiązanie,unknown,rozwiązanie,wordfreq:pl,wordfreq_seeded;deterministically_filtered;structurally_curated
pl,v1,2,1396,1418,sensu,sensu,sensu,unknown,sensu,wordfreq:pl,wordfreq_seeded;deterministically_filtered;structurally_curated
pl,v1,2,1397,1419,swego,swego,swego,unknown,swego,wordfreq:pl,wordfreq_seeded;deterministically_filtered;structurally_curated
pl,v1,2,1398,1420,syna,syna,syna,unknown,syna,wordfreq:pl,wordfreq_seeded;deterministically_filtered;structurally_curated
pl,v1,2,1399,1421,szansę,szansę,szansę,unknown,szansę,wordfreq:pl,wordfreq_seeded;deterministically_filtered;structurally_curated
pl,v1,2,1400,1422,trudne,trudne,trudne,unknown,trudne,wordfreq:pl,wordfreq_seeded;deterministically_filtered;structurally_curated
pl,v1,2,1401,1423,walczyć,walczyć,walczyć,unknown,walczyć,wordfreq:pl,wordfreq_seeded;deterministically_filtered;structurally_curated
pl,v1,2,1402,1424,wielką,wielką,wielką,unknown,wielką,wordfreq:pl,wordfreq_seeded;deterministically_filtered;structurally_curated
pl,v1,2,1403,1425,woda,woda,woda,unknown,woda,wordfreq:pl,wordfreq_seeded;deterministically_filtered;structurally_curated
pl,v1,2,1404,1426,zdrowie,zdrowie,zdrowie,unknown,zdrowie,wordfreq:pl,wordfreq_seeded;deterministically_filtered;structurally_curated
pl,v1,2,1405,1427,zeby,zeby,zeby,unknown,zeby,wordfreq:pl,wordfreq_seeded;deterministically_filtered;structurally_curated
pl,v1,2,1406,1428,zostaną,zostaną,zostaną,unknown,zostaną,wordfreq:pl,wordfreq_seeded;deterministically_filtered;structurally_curated
pl,v1,2,1407,1429,byś,byś,byś,unknown,byś,wordfreq:pl,wordfreq_seeded;deterministically_filtered;structurally_curated
pl,v1,2,1408,1430,chcecie,chcecie,chcecie,unknown,chcecie,wordfreq:pl,wordfreq_seeded;deterministically_filtered;structurally_curated
pl,v1,2,1409,1431,dostał,dostał,dostał,unknown,dostał,wordfreq:pl,wordfreq_seeded;deterministically_filtered;structurally_curated
pl,v1,2,1410,1432,doświadczenia,doświadczenia,doświadczenia,unknown,doświadczenia,wordfreq:pl,wordfreq_seeded;deterministically_filtered;structurally_curated
pl,v1,2,1411,1433,dyrektor,dyrektor,dyrektor,unknown,dyrektor,wordfreq:pl,wordfreq_seeded;deterministically_filtered;structurally_curated
pl,v1,2,1412,1434,gimnazjum,gimnazjum,gimnazjum,unknown,gimnazjum,wordfreq:pl,wordfreq_seeded;deterministically_filtered;structurally_curated
pl,v1,2,1413,1435,istnieją,istnieją,istnieją,unknown,istnieją,wordfreq:pl,wordfreq_seeded;deterministically_filtered;structurally_curated
pl,v1,2,1414,1436,jakich,jakich,jakich,unknown,jakich,wordfreq:pl,wordfreq_seeded;deterministically_filtered;structurally_curated
pl,v1,2,1415,1437,jakiej,jakiej,jakiej,unknown,jakiej,wordfreq:pl,wordfreq_seeded;deterministically_filtered;structurally_curated
pl,v1,2,1416,1438,kampanii,kampanii,kampanii,unknown,kampanii,wordfreq:pl,wordfreq_seeded;deterministically_filtered;structurally_curated
pl,v1,2,1417,1439,którymi,którymi,którymi,unknown,którymi,wordfreq:pl,wordfreq_seeded;deterministically_filtered;structurally_curated
pl,v1,2,1418,1440,michael,michael,michael,unknown,michael,wordfreq:pl,wordfreq_seeded;deterministically_filtered;structurally_curated
pl,v1,2,1419,1441,mieliśmy,mieliśmy,mieliśmy,unknown,mieliśmy,wordfreq:pl,wordfreq_seeded;deterministically_filtered;structurally_curated
pl,v1,2,1420,1442,mężczyźni,mężczyźni,mężczyźni,unknown,mężczyźni,wordfreq:pl,wordfreq_seeded;deterministically_filtered;structurally_curated
pl,v1,2,1421,1443,niepodległości,niepodległości,niepodległości,unknown,niepodległości,wordfreq:pl,wordfreq_seeded;deterministically_filtered;structurally_curated
pl,v1,2,1422,1444,obchodzi,obchodzi,obchodzi,unknown,obchodzi,wordfreq:pl,wordfreq_seeded;deterministically_filtered;structurally_curated
pl,v1,2,1423,1445,polega,polega,polega,unknown,polega,wordfreq:pl,wordfreq_seeded;deterministically_filtered;structurally_curated
pl,v1,2,1424,1446,praktycznie,praktycznie,praktycznie,unknown,praktycznie,wordfreq:pl,wordfreq_seeded;deterministically_filtered;structurally_curated
pl,v1,2,1425,1447,prawdziwy,prawdziwy,prawdziwy,unknown,prawdziwy,wordfreq:pl,wordfreq_seeded;deterministically_filtered;structurally_curated
pl,v1,2,1426,1448,pytań,pytań,pytań,unknown,pytań,wordfreq:pl,wordfreq_seeded;deterministically_filtered;structurally_curated
pl,v1,2,1427,1449,samochodu,samochodu,samochodu,unknown,samochodu,wordfreq:pl,wordfreq_seeded;deterministically_filtered;structurally_curated
pl,v1,2,1428,1450,sprawiedliwości,sprawiedliwości,sprawiedliwości,unknown,sprawiedliwości,wordfreq:pl,wordfreq_seeded;deterministically_filtered;structurally_curated
pl,v1,2,1429,1451,stanowiska,stanowiska,stanowiska,unknown,stanowiska,wordfreq:pl,wordfreq_seeded;deterministically_filtered;structurally_curated
pl,v1,2,1430,1452,tle,tle,tle,unknown,tle,wordfreq:pl,wordfreq_seeded;deterministically_filtered;structurally_curated
pl,v1,2,1431,1453,twierdzi,twierdzi,twierdzi,unknown,twierdzi,wordfreq:pl,wordfreq_seeded;deterministically_filtered;structurally_curated
pl,v1,2,1432,1454,tygodni,tygodni,tygodni,unknown,tygodni,wordfreq:pl,wordfreq_seeded;deterministically_filtered;structurally_curated
pl,v1,2,1433,1455,użytkowników,użytkowników,użytkowników,unknown,użytkowników,wordfreq:pl,wordfreq_seeded;deterministically_filtered;structurally_curated
pl,v1,2,1434,1456,wasze,wasze,wasze,unknown,wasze,wordfreq:pl,wordfreq_seeded;deterministically_filtered;structurally_curated
pl,v1,2,1435,1457,wchodzi,wchodzi,wchodzi,unknown,wchodzi,wordfreq:pl,wordfreq_seeded;deterministically_filtered;structurally_curated
pl,v1,2,1436,1458,własnego,własnego,własnego,unknown,własnego,wordfreq:pl,wordfreq_seeded;deterministically_filtered;structurally_curated
pl,v1,2,1437,1459,zapewne,zapewne,zapewne,unknown,zapewne,wordfreq:pl,wordfreq_seeded;deterministically_filtered;structurally_curated
pl,v1,2,1438,1460,zdaje,zdaje,zdaje,unknown,zdaje,wordfreq:pl,wordfreq_seeded;deterministically_filtered;structurally_curated
pl,v1,2,1439,1461,zła,zła,zła,unknown,zła,wordfreq:pl,wordfreq_seeded;deterministically_filtered;structurally_curated
pl,v1,2,1440,1462,buty,buty,buty,unknown,buty,wordfreq:pl,wordfreq_seeded;deterministically_filtered;structurally_curated
pl,v1,2,1441,1463,chcieli,chcieli,chcieli,unknown,chcieli,wordfreq:pl,wordfreq_seeded;deterministically_filtered;structurally_curated
pl,v1,2,1442,1464,decyzję,decyzję,decyzję,unknown,decyzję,wordfreq:pl,wordfreq_seeded;deterministically_filtered;structurally_curated
pl,v1,2,1443,1465,forum,forum,forum,unknown,forum,wordfreq:pl,wordfreq_seeded;deterministically_filtered;structurally_curated
pl,v1,2,1444,1466,grupie,grupie,grupie,unknown,grupie,wordfreq:pl,wordfreq_seeded;deterministically_filtered;structurally_curated
pl,v1,2,1445,1467,krakowie,krakowie,krakowie,unknown,krakowie,wordfreq:pl,wordfreq_seeded;deterministically_filtered;structurally_curated
pl,v1,2,1446,1468,krok,krok,krok,unknown,krok,wordfreq:pl,wordfreq_seeded;deterministically_filtered;structurally_curated
pl,v1,2,1447,1469,leży,leży,leży,unknown,leży,wordfreq:pl,wordfreq_seeded;deterministically_filtered;structurally_curated
pl,v1,2,1448,1470,lubisz,lubisz,lubisz,unknown,lubisz,wordfreq:pl,wordfreq_seeded;deterministically_filtered;structurally_curated
pl,v1,2,1449,1471,mnóstwo,mnóstwo,mnóstwo,unknown,mnóstwo,wordfreq:pl,wordfreq_seeded;deterministically_filtered;structurally_curated
pl,v1,2,1450,1472,myśleć,myśleć,myśleć,unknown,myśleć,wordfreq:pl,wordfreq_seeded;deterministically_filtered;structurally_curated
pl,v1,2,1451,1473,nagrodę,nagrodę,nagrodę,unknown,nagrodę,wordfreq:pl,wordfreq_seeded;deterministically_filtered;structurally_curated
pl,v1,2,1452,1474,narodowej,narodowej,narodowej,unknown,narodowej,wordfreq:pl,wordfreq_seeded;deterministically_filtered;structurally_curated
pl,v1,2,1453,1475,natychmiast,natychmiast,natychmiast,unknown,natychmiast,wordfreq:pl,wordfreq_seeded;deterministically_filtered;structurally_curated
pl,v1,2,1454,1476,nogi,nogi,nogi,unknown,nogi,wordfreq:pl,wordfreq_seeded;deterministically_filtered;structurally_curated
pl,v1,2,1455,1477,normalnie,normalnie,normalnie,unknown,normalnie,wordfreq:pl,wordfreq_seeded;deterministically_filtered;structurally_curated
pl,v1,2,1456,1478,ono,ono,ono,unknown,ono,wordfreq:pl,wordfreq_seeded;deterministically_filtered;structurally_curated
pl,v1,2,1457,1479,państw,państw,państw,unknown,państw,wordfreq:pl,wordfreq_seeded;deterministically_filtered;structurally_curated
pl,v1,2,1458,1480,równie,równie,równie,unknown,równie,wordfreq:pl,wordfreq_seeded;deterministically_filtered;structurally_curated
pl,v1,2,1459,1481,samą,samą,samą,unknown,samą,wordfreq:pl,wordfreq_seeded;deterministically_filtered;structurally_curated
pl,v1,2,1460,1482,specjalnie,specjalnie,specjalnie,unknown,specjalnie,wordfreq:pl,wordfreq_seeded;deterministically_filtered;structurally_curated
pl,v1,2,1461,1483,technologii,technologii,technologii,unknown,technologii,wordfreq:pl,wordfreq_seeded;deterministically_filtered;structurally_curated
pl,v1,2,1462,1484,uczyć,uczyć,uczyć,unknown,uczyć,wordfreq:pl,wordfreq_seeded;deterministically_filtered;structurally_curated
pl,v1,2,1463,1485,ustawa,ustawa,ustawa,unknown,ustawa,wordfreq:pl,wordfreq_seeded;deterministically_filtered;structurally_curated
pl,v1,2,1464,1486,weekend,weekend,weekend,unknown,weekend,wordfreq:pl,wordfreq_seeded;deterministically_filtered;structurally_curated
pl,v1,2,1465,1487,więzienia,więzienia,więzienia,unknown,więzienia,wordfreq:pl,wordfreq_seeded;deterministically_filtered;structurally_curated
pl,v1,2,1466,1488,wręcz,wręcz,wręcz,unknown,wręcz,wordfreq:pl,wordfreq_seeded;deterministically_filtered;structurally_curated
pl,v1,2,1467,1489,wsparcie,wsparcie,wsparcie,unknown,wsparcie,wordfreq:pl,wordfreq_seeded;deterministically_filtered;structurally_curated
pl,v1,2,1468,1490,wątpliwości,wątpliwości,wątpliwości,unknown,wątpliwości,wordfreq:pl,wordfreq_seeded;deterministically_filtered;structurally_curated
pl,v1,2,1469,1491,zasad,zasad,zasad,unknown,zasad,wordfreq:pl,wordfreq_seeded;deterministically_filtered;structurally_curated
pl,v1,2,1470,1492,znasz,znasz,znasz,unknown,znasz,wordfreq:pl,wordfreq_seeded;deterministically_filtered;structurally_curated
pl,v1,2,1471,1493,żona,żona,żona,unknown,żona,wordfreq:pl,wordfreq_seeded;deterministically_filtered;structurally_curated
pl,v1,2,1472,1494,bierze,bierze,bierze,unknown,bierze,wordfreq:pl,wordfreq_seeded;deterministically_filtered;structurally_curated
pl,v1,2,1473,1495,boli,boli,boli,unknown,boli,wordfreq:pl,wordfreq_seeded;deterministically_filtered;structurally_curated
pl,v1,2,1474,1496,broń,broń,broń,unknown,broń,wordfreq:pl,wordfreq_seeded;deterministically_filtered;structurally_curated
pl,v1,2,1475,1497,chłopak,chłopak,chłopak,unknown,chłopak,wordfreq:pl,wordfreq_seeded;deterministically_filtered;structurally_curated
pl,v1,2,1476,1498,głupi,głupi,głupi,unknown,głupi,wordfreq:pl,wordfreq_seeded;deterministically_filtered;structurally_curated
pl,v1,2,1477,1499,hiszpanii,hiszpanii,hiszpanii,unknown,hiszpanii,wordfreq:pl,wordfreq_seeded;deterministically_filtered;structurally_curated
pl,v1,2,1478,1500,każdą,każdą,każdą,unknown,każdą,wordfreq:pl,wordfreq_seeded;deterministically_filtered;structurally_curated
pl,v1,2,1479,1501,kolejna,kolejna,kolejna,unknown,kolejna,wordfreq:pl,wordfreq_seeded;deterministically_filtered;structurally_curated
pl,v1,2,1480,1502,nikomu,nikomu,nikomu,unknown,nikomu,wordfreq:pl,wordfreq_seeded;deterministically_filtered;structurally_curated
pl,v1,2,1481,1503,oficjalnie,oficjalnie,oficjalnie,unknown,oficjalnie,wordfreq:pl,wordfreq_seeded;deterministically_filtered;structurally_curated
pl,v1,2,1482,1504,powiedz,powiedz,powiedz,unknown,powiedz,wordfreq:pl,wordfreq_seeded;deterministically_filtered;structurally_curated
pl,v1,2,1483,1505,pro,pro,pro,unknown,pro,wordfreq:pl,wordfreq_seeded;deterministically_filtered;structurally_curated
pl,v1,2,1484,1506,prof,prof,prof,unknown,prof,wordfreq:pl,wordfreq_seeded;deterministically_filtered;structurally_curated
pl,v1,2,1485,1507,przykro,przykro,przykro,unknown,przykro,wordfreq:pl,wordfreq_seeded;deterministically_filtered;structurally_curated
pl,v1,2,1486,1508,san,san,san,unknown,san,wordfreq:pl,wordfreq_seeded;deterministically_filtered;structurally_curated
pl,v1,2,1487,1509,składa,składa,składa,unknown,składa,wordfreq:pl,wordfreq_seeded;deterministically_filtered;structurally_curated
pl,v1,2,1488,1510,swoimi,swoimi,swoimi,unknown,swoimi,wordfreq:pl,wordfreq_seeded;deterministically_filtered;structurally_curated
pl,v1,2,1489,1511,szukać,szukać,szukać,unknown,szukać,wordfreq:pl,wordfreq_seeded;deterministically_filtered;structurally_curated
pl,v1,2,1490,1512,twoich,twoich,twoich,unknown,twoich,wordfreq:pl,wordfreq_seeded;deterministically_filtered;structurally_curated
pl,v1,2,1491,1513,twoją,twoją,twoją,unknown,twoją,wordfreq:pl,wordfreq_seeded;deterministically_filtered;structurally_curated
pl,v1,2,1492,1514,większą,większą,większą,unknown,większą,wordfreq:pl,wordfreq_seeded;deterministically_filtered;structurally_curated
pl,v1,2,1493,1515,łatwiej,łatwiej,łatwiej,unknown,łatwiej,wordfreq:pl,wordfreq_seeded;deterministically_filtered;structurally_curated
pl,v1,2,1494,1516,żołnierzy,żołnierzy,żołnierzy,unknown,żołnierzy,wordfreq:pl,wordfreq_seeded;deterministically_filtered;structurally_curated
pl,v1,2,1495,1517,biorąc,biorąc,biorąc,unknown,biorąc,wordfreq:pl,wordfreq_seeded;deterministically_filtered;structurally_curated
pl,v1,2,1496,1518,budowy,budowy,budowy,unknown,budowy,wordfreq:pl,wordfreq_seeded;deterministically_filtered;structurally_curated
pl,v1,2,1497,1519,cie,cie,cie,unknown,cie,wordfreq:pl,wordfreq_seeded;deterministically_filtered;structurally_curated
pl,v1,2,1498,1520,czarny,czarny,czarny,unknown,czarny,wordfreq:pl,wordfreq_seeded;deterministically_filtered;structurally_curated
pl,v1,2,1499,1521,decyzja,decyzja,decyzja,unknown,decyzja,wordfreq:pl,wordfreq_seeded;deterministically_filtered;structurally_curated
pl,v1,2,1500,1522,grać,grać,grać,unknown,grać,wordfreq:pl,wordfreq_seeded;deterministically_filtered;structurally_curated
pl,v1,2,1501,1523,jakości,jakości,jakości,unknown,jakości,wordfreq:pl,wordfreq_seeded;deterministically_filtered;structurally_curated
pl,v1,2,1502,1524,jan,jan,jan,unknown,jan,wordfreq:pl,wordfreq_seeded;deterministically_filtered;structurally_curated
pl,v1,2,1503,1525,jezu,jezu,jezu,unknown,jezu,wordfreq:pl,wordfreq_seeded;deterministically_filtered;structurally_curated
pl,v1,2,1504,1526,jorku,jorku,jorku,unknown,jorku,wordfreq:pl,wordfreq_seeded;deterministically_filtered;structurally_curated
pl,v1,2,1505,1527,kraków,kraków,kraków,unknown,kraków,wordfreq:pl,wordfreq_seeded;deterministically_filtered;structurally_curated
pl,v1,2,1506,1528,króla,króla,króla,unknown,króla,wordfreq:pl,wordfreq_seeded;deterministically_filtered;structurally_curated
pl,v1,2,1507,1529,metrów,metrów,metrów,unknown,metrów,wordfreq:pl,wordfreq_seeded;deterministically_filtered;structurally_curated
pl,v1,2,1508,1530,moc,moc,moc,unknown,moc,wordfreq:pl,wordfreq_seeded;deterministically_filtered;structurally_curated
pl,v1,2,1509,1531,młody,młody,młody,unknown,młody,wordfreq:pl,wordfreq_seeded;deterministically_filtered;structurally_curated
pl,v1,2,1510,1532,nazwisko,nazwisko,nazwisko,unknown,nazwisko,wordfreq:pl,wordfreq_seeded;deterministically_filtered;structurally_curated
pl,v1,2,1511,1533,oczach,oczach,oczach,unknown,oczach,wordfreq:pl,wordfreq_seeded;deterministically_filtered;structurally_curated
pl,v1,2,1512,1534,oglądać,oglądać,oglądać,unknown,oglądać,wordfreq:pl,wordfreq_seeded;deterministically_filtered;structurally_curated
pl,v1,2,1513,1535,pojawia,pojawia,pojawia,unknown,pojawia,wordfreq:pl,wordfreq_seeded;deterministically_filtered;structurally_curated
pl,v1,2,1514,1536,politycznych,politycznych,politycznych,unknown,politycznych,wordfreq:pl,wordfreq_seeded;deterministically_filtered;structurally_curated
pl,v1,2,1515,1537,potrzebne,potrzebne,potrzebne,unknown,potrzebne,wordfreq:pl,wordfreq_seeded;deterministically_filtered;structurally_curated
pl,v1,2,1516,1538,powstania,powstania,powstania,unknown,powstania,wordfreq:pl,wordfreq_seeded;deterministically_filtered;structurally_curated
pl,v1,2,1517,1539,publicznych,publicznych,publicznych,unknown,publicznych,wordfreq:pl,wordfreq_seeded;deterministically_filtered;structurally_curated
pl,v1,2,1518,1540,roboty,roboty,roboty,unknown,roboty,wordfreq:pl,wordfreq_seeded;deterministically_filtered;structurally_curated
pl,v1,2,1519,1541,siłę,siłę,siłę,unknown,siłę,wordfreq:pl,wordfreq_seeded;deterministically_filtered;structurally_curated
pl,v1,2,1520,1542,telefonu,telefonu,telefonu,unknown,telefonu,wordfreq:pl,wordfreq_seeded;deterministically_filtered;structurally_curated
pl,v1,2,1521,1543,wiedział,wiedział,wiedział,unknown,wiedział,wordfreq:pl,wordfreq_seeded;deterministically_filtered;structurally_curated
pl,v1,2,1522,1544,wiek,wiek,wiek,unknown,wiek,wordfreq:pl,wordfreq_seeded;deterministically_filtered;structurally_curated
pl,v1,2,1523,1545,wodę,wodę,wodę,unknown,wodę,wordfreq:pl,wordfreq_seeded;deterministically_filtered;structurally_curated
pl,v1,2,1524,1546,wolny,wolny,wolny,unknown,wolny,wordfreq:pl,wordfreq_seeded;deterministically_filtered;structurally_curated
pl,v1,2,1525,1547,zachód,zachód,zachód,unknown,zachód,wordfreq:pl,wordfreq_seeded;deterministically_filtered;structurally_curated
pl,v1,2,1526,1548,zasadzie,zasadzie,zasadzie,unknown,zasadzie,wordfreq:pl,wordfreq_seeded;deterministically_filtered;structurally_curated
pl,v1,2,1527,1549,zgadza,zgadza,zgadza,unknown,zgadza,wordfreq:pl,wordfreq_seeded;deterministically_filtered;structurally_curated
pl,v1,2,1528,1550,ładnie,ładnie,ładnie,unknown,ładnie,wordfreq:pl,wordfreq_seeded;deterministically_filtered;structurally_curated
pl,v1,2,1529,1551,środki,środki,środki,unknown,środki,wordfreq:pl,wordfreq_seeded;deterministically_filtered;structurally_curated
pl,v1,2,1530,1552,żebym,żebym,żebym,unknown,żebym,wordfreq:pl,wordfreq_seeded;deterministically_filtered;structurally_curated
pl,v1,2,1531,1553,andrzej,andrzej,andrzej,unknown,andrzej,wordfreq:pl,wordfreq_seeded;deterministically_filtered;structurally_curated
pl,v1,2,1532,1554,angielski,angielski,angielski,unknown,angielski,wordfreq:pl,wordfreq_seeded;deterministically_filtered;structurally_curated
pl,v1,2,1533,1555,charakter,charakter,charakter,unknown,charakter,wordfreq:pl,wordfreq_seeded;deterministically_filtered;structurally_curated
pl,v1,2,1534,1556,czekać,czekać,czekać,unknown,czekać,wordfreq:pl,wordfreq_seeded;deterministically_filtered;structurally_curated
pl,v1,2,1535,1557,gospodarki,gospodarki,gospodarki,unknown,gospodarki,wordfreq:pl,wordfreq_seeded;deterministically_filtered;structurally_curated
pl,v1,2,1536,1558,główny,główny,główny,unknown,główny,wordfreq:pl,wordfreq_seeded;deterministically_filtered;structurally_curated
pl,v1,2,1537,1559,książkę,książkę,książkę,unknown,książkę,wordfreq:pl,wordfreq_seeded;deterministically_filtered;structurally_curated
pl,v1,2,1538,1560,kwestia,kwestia,kwestia,unknown,kwestia,wordfreq:pl,wordfreq_seeded;deterministically_filtered;structurally_curated
pl,v1,2,1539,1561,miejscowości,miejscowości,miejscowości,unknown,miejscowości,wordfreq:pl,wordfreq_seeded;deterministically_filtered;structurally_curated
pl,v1,2,1540,1562,model,model,model,unknown,model,wordfreq:pl,wordfreq_seeded;deterministically_filtered;structurally_curated
pl,v1,2,1541,1563,najlepsza,najlepsza,najlepsza,unknown,najlepsza,wordfreq:pl,wordfreq_seeded;deterministically_filtered;structurally_curated
pl,v1,2,1542,1564,najważniejsze,najważniejsze,najważniejsze,unknown,najważniejsze,wordfreq:pl,wordfreq_seeded;deterministically_filtered;structurally_curated
pl,v1,2,1543,1565,niedzielę,niedzielę,niedzielę,unknown,niedzielę,wordfreq:pl,wordfreq_seeded;deterministically_filtered;structurally_curated
pl,v1,2,1544,1566,obie,obie,obie,unknown,obie,wordfreq:pl,wordfreq_seeded;deterministically_filtered;structurally_curated
pl,v1,2,1545,1567,okazuje,okazuje,okazuje,unknown,okazuje,wordfreq:pl,wordfreq_seeded;deterministically_filtered;structurally_curated
pl,v1,2,1546,1568,pewna,pewna,pewna,unknown,pewna,wordfreq:pl,wordfreq_seeded;deterministically_filtered;structurally_curated
pl,v1,2,1547,1569,pewnym,pewnym,pewnym,unknown,pewnym,wordfreq:pl,wordfreq_seeded;deterministically_filtered;structurally_curated
pl,v1,2,1548,1570,piękny,piękny,piękny,unknown,piękny,wordfreq:pl,wordfreq_seeded;deterministically_filtered;structurally_curated
pl,v1,2,1549,1571,powodów,powodów,powodów,unknown,powodów,wordfreq:pl,wordfreq_seeded;deterministically_filtered;structurally_curated
pl,v1,2,1550,1572,pozostaje,pozostaje,pozostaje,unknown,pozostaje,wordfreq:pl,wordfreq_seeded;deterministically_filtered;structurally_curated
pl,v1,2,1551,1573,skład,skład,skład,unknown,skład,wordfreq:pl,wordfreq_seeded;deterministically_filtered;structurally_curated
pl,v1,2,1552,1574,stanowią,stanowią,stanowią,unknown,stanowią,wordfreq:pl,wordfreq_seeded;deterministically_filtered;structurally_curated
pl,v1,2,1553,1575,wybrać,wybrać,wybrać,unknown,wybrać,wordfreq:pl,wordfreq_seeded;deterministically_filtered;structurally_curated
pl,v1,2,1554,1576,wyszło,wyszło,wyszło,unknown,wyszło,wordfreq:pl,wordfreq_seeded;deterministically_filtered;structurally_curated
pl,v1,2,1555,1577,znajdzie,znajdzie,znajdzie,unknown,znajdzie,wordfreq:pl,wordfreq_seeded;deterministically_filtered;structurally_curated
pl,v1,2,1556,1578,zobaczymy,zobaczymy,zobaczymy,unknown,zobaczymy,wordfreq:pl,wordfreq_seeded;deterministically_filtered;structurally_curated
pl,v1,2,1557,1579,zrobiła,zrobiła,zrobiła,unknown,zrobiła,wordfreq:pl,wordfreq_seeded;deterministically_filtered;structurally_curated
pl,v1,2,1558,1580,złotych,złotych,złotych,unknown,złotych,wordfreq:pl,wordfreq_seeded;deterministically_filtered;structurally_curated
pl,v1,2,1559,1581,banku,banku,banku,unknown,banku,wordfreq:pl,wordfreq_seeded;deterministically_filtered;structurally_curated
pl,v1,2,1560,1582,bycia,bycia,bycia,unknown,bycia,wordfreq:pl,wordfreq_seeded;deterministically_filtered;structurally_curated
pl,v1,2,1561,1583,bylo,bylo,bylo,unknown,bylo,wordfreq:pl,wordfreq_seeded;deterministically_filtered;structurally_curated
pl,v1,2,1562,1584,dobrych,dobrych,dobrych,unknown,dobrych,wordfreq:pl,wordfreq_seeded;deterministically_filtered;structurally_curated
pl,v1,2,1563,1585,efekt,efekt,efekt,unknown,efekt,wordfreq:pl,wordfreq_seeded;deterministically_filtered;structurally_curated
pl,v1,2,1564,1586,grup,grup,grup,unknown,grup,wordfreq:pl,wordfreq_seeded;deterministically_filtered;structurally_curated
pl,v1,2,1565,1587,imieniu,imieniu,imieniu,unknown,imieniu,wordfreq:pl,wordfreq_seeded;deterministically_filtered;structurally_curated
pl,v1,2,1566,1588,lekarza,lekarza,lekarza,unknown,lekarza,wordfreq:pl,wordfreq_seeded;deterministically_filtered;structurally_curated
pl,v1,2,1567,1589,lekko,lekko,lekko,unknown,lekko,wordfreq:pl,wordfreq_seeded;deterministically_filtered;structurally_curated
pl,v1,2,1568,1590,lista,lista,lista,unknown,lista,wordfreq:pl,wordfreq_seeded;deterministically_filtered;structurally_curated
pl,v1,2,1569,1591,listę,listę,listę,unknown,listę,wordfreq:pl,wordfreq_seeded;deterministically_filtered;structurally_curated
pl,v1,2,1570,1592,największy,największy,największy,unknown,największy,wordfreq:pl,wordfreq_seeded;deterministically_filtered;structurally_curated
pl,v1,2,1571,1593,nauczycieli,nauczycieli,nauczycieli,unknown,nauczycieli,wordfreq:pl,wordfreq_seeded;deterministically_filtered;structurally_curated
pl,v1,2,1572,1594,nauczyć,nauczyć,nauczyć,unknown,nauczyć,wordfreq:pl,wordfreq_seeded;deterministically_filtered;structurally_curated
pl,v1,2,1573,1595,obywateli,obywateli,obywateli,unknown,obywateli,wordfreq:pl,wordfreq_seeded;deterministically_filtered;structurally_curated
pl,v1,2,1574,1596,ofiary,ofiary,ofiary,unknown,ofiary,wordfreq:pl,wordfreq_seeded;deterministically_filtered;structurally_curated
pl,v1,2,1575,1597,operacji,operacji,operacji,unknown,operacji,wordfreq:pl,wordfreq_seeded;deterministically_filtered;structurally_curated
pl,v1,2,1576,1598,ostatniej,ostatniej,ostatniej,unknown,ostatniej,wordfreq:pl,wordfreq_seeded;deterministically_filtered;structurally_curated
pl,v1,2,1577,1599,pięciu,pięciu,pięciu,unknown,pięciu,wordfreq:pl,wordfreq_seeded;deterministically_filtered;structurally_curated
pl,v1,2,1578,1600,politycznej,politycznej,politycznej,unknown,politycznej,wordfreq:pl,wordfreq_seeded;deterministically_filtered;structurally_curated
pl,v1,2,1579,1601,powyżej,powyżej,powyżej,unknown,powyżej,wordfreq:pl,wordfreq_seeded;deterministically_filtered;structurally_curated
pl,v1,2,1580,1602,poziomu,poziomu,poziomu,unknown,poziomu,wordfreq:pl,wordfreq_seeded;deterministically_filtered;structurally_curated
pl,v1,2,1581,1603,połowie,połowie,połowie,unknown,połowie,wordfreq:pl,wordfreq_seeded;deterministically_filtered;structurally_curated
pl,v1,2,1582,1604,północnej,północnej,północnej,unknown,północnej,wordfreq:pl,wordfreq_seeded;deterministically_filtered;structurally_curated
pl,v1,2,1583,1605,radio,radio,radio,unknown,radio,wordfreq:pl,wordfreq_seeded;deterministically_filtered;structurally_curated
pl,v1,2,1584,1606,rozwiązania,rozwiązania,rozwiązania,unknown,rozwiązania,wordfreq:pl,wordfreq_seeded;deterministically_filtered;structurally_curated
pl,v1,2,1585,1607,rzadko,rzadko,rzadko,unknown,rzadko,wordfreq:pl,wordfreq_seeded;deterministically_filtered;structurally_curated
pl,v1,2,1586,1608,siedem,siedem,siedem,unknown,siedem,wordfreq:pl,wordfreq_seeded;deterministically_filtered;structurally_curated
pl,v1,2,1587,1609,spotkać,spotkać,spotkać,unknown,spotkać,wordfreq:pl,wordfreq_seeded;deterministically_filtered;structurally_curated
pl,v1,2,1588,1610,społeczeństwo,społeczeństwo,społeczeństwo,unknown,społeczeństwo,wordfreq:pl,wordfreq_seeded;deterministically_filtered;structurally_curated
pl,v1,2,1589,1611,społecznych,społecznych,społecznych,unknown,społecznych,wordfreq:pl,wordfreq_seeded;deterministically_filtered;structurally_curated
pl,v1,2,1590,1612,sytuację,sytuację,sytuację,unknown,sytuację,wordfreq:pl,wordfreq_seeded;deterministically_filtered;structurally_curated
pl,v1,2,1591,1613,sześć,sześć,sześć,unknown,sześć,wordfreq:pl,wordfreq_seeded;deterministically_filtered;structurally_curated
pl,v1,2,1592,1614,słyszałem,słyszałem,słyszałem,unknown,słyszałem,wordfreq:pl,wordfreq_seeded;deterministically_filtered;structurally_curated
pl,v1,2,1593,1615,układ,układ,układ,unknown,układ,wordfreq:pl,wordfreq_seeded;deterministically_filtered;structurally_curated
pl,v1,2,1594,1616,umowy,umowy,umowy,unknown,umowy,wordfreq:pl,wordfreq_seeded;deterministically_filtered;structurally_curated
pl,v1,2,1595,1617,uwielbiam,uwielbiam,uwielbiam,unknown,uwielbiam,wordfreq:pl,wordfreq_seeded;deterministically_filtered;structurally_curated
pl,v1,2,1596,1618,walka,walka,walka,unknown,walka,wordfreq:pl,wordfreq_seeded;deterministically_filtered;structurally_curated
pl,v1,2,1597,1619,wojnie,wojnie,wojnie,unknown,wojnie,wordfreq:pl,wordfreq_seeded;deterministically_filtered;structurally_curated
pl,v1,2,1598,1620,wolę,wolę,wolę,unknown,wolę,wordfreq:pl,wordfreq_seeded;deterministically_filtered;structurally_curated
pl,v1,2,1599,1621,wspólnie,wspólnie,wspólnie,unknown,wspólnie,wordfreq:pl,wordfreq_seeded;deterministically_filtered;structurally_curated
pl,v1,2,1600,1622,władzę,władzę,władzę,unknown,władzę,wordfreq:pl,wordfreq_seeded;deterministically_filtered;structurally_curated
pl,v1,2,1601,1623,zachowanie,zachowanie,zachowanie,unknown,zachowanie,wordfreq:pl,wordfreq_seeded;deterministically_filtered;structurally_curated
pl,v1,2,1602,1624,zewnątrz,zewnątrz,zewnątrz,unknown,zewnątrz,wordfreq:pl,wordfreq_seeded;deterministically_filtered;structurally_curated
pl,v1,2,1603,1625,znajomych,znajomych,znajomych,unknown,znajomych,wordfreq:pl,wordfreq_seeded;deterministically_filtered;structurally_curated
pl,v1,2,1604,1626,ameryki,ameryki,ameryki,unknown,ameryki,wordfreq:pl,wordfreq_seeded;deterministically_filtered;structurally_curated
pl,v1,2,1605,1627,budynek,budynek,budynek,unknown,budynek,wordfreq:pl,wordfreq_seeded;deterministically_filtered;structurally_curated
pl,v1,2,1606,1628,będąc,będąc,będąc,unknown,będąc,wordfreq:pl,wordfreq_seeded;deterministically_filtered;structurally_curated
pl,v1,2,1607,1629,ciąży,ciąży,ciąży,unknown,ciąży,wordfreq:pl,wordfreq_seeded;deterministically_filtered;structurally_curated
pl,v1,2,1608,1630,czasy,czasy,czasy,unknown,czasy,wordfreq:pl,wordfreq_seeded;deterministically_filtered;structurally_curated
pl,v1,2,1609,1631,dowód,dowód,dowód,unknown,dowód,wordfreq:pl,wordfreq_seeded;deterministically_filtered;structurally_curated
pl,v1,2,1610,1632,jedyna,jedyna,jedyna,unknown,jedyna,wordfreq:pl,wordfreq_seeded;deterministically_filtered;structurally_curated
pl,v1,2,1611,1633,konstytucji,konstytucji,konstytucji,unknown,konstytucji,wordfreq:pl,wordfreq_seeded;deterministically_filtered;structurally_curated
pl,v1,2,1612,1634,lekarz,lekarz,lekarz,unknown,lekarz,wordfreq:pl,wordfreq_seeded;deterministically_filtered;structurally_curated
pl,v1,2,1613,1635,londynie,londynie,londynie,unknown,londynie,wordfreq:pl,wordfreq_seeded;deterministically_filtered;structurally_curated
pl,v1,2,1614,1636,mając,mając,mając,unknown,mając,wordfreq:pl,wordfreq_seeded;deterministically_filtered;structurally_curated
pl,v1,2,1615,1637,materiały,materiały,materiały,unknown,materiały,wordfreq:pl,wordfreq_seeded;deterministically_filtered;structurally_curated
pl,v1,2,1616,1638,miliony,miliony,miliony,unknown,miliony,wordfreq:pl,wordfreq_seeded;deterministically_filtered;structurally_curated
pl,v1,2,1617,1639,mogło,mogło,mogło,unknown,mogło,wordfreq:pl,wordfreq_seeded;deterministically_filtered;structurally_curated
pl,v1,2,1618,1640,najwięcej,najwięcej,najwięcej,unknown,najwięcej,wordfreq:pl,wordfreq_seeded;deterministically_filtered;structurally_curated
pl,v1,2,1619,1641,niezależnie,niezależnie,niezależnie,unknown,niezależnie,wordfreq:pl,wordfreq_seeded;deterministically_filtered;structurally_curated
pl,v1,2,1620,1642,opinie,opinie,opinie,unknown,opinie,wordfreq:pl,wordfreq_seeded;deterministically_filtered;structurally_curated
pl,v1,2,1621,1643,ostatnia,ostatnia,ostatnia,unknown,ostatnia,wordfreq:pl,wordfreq_seeded;deterministically_filtered;structurally_curated
pl,v1,2,1622,1644,patrzeć,patrzeć,patrzeć,unknown,patrzeć,wordfreq:pl,wordfreq_seeded;deterministically_filtered;structurally_curated
pl,v1,2,1623,1645,pięknie,pięknie,pięknie,unknown,pięknie,wordfreq:pl,wordfreq_seeded;deterministically_filtered;structurally_curated
pl,v1,2,1624,1646,polską,polską,polską,unknown,polską,wordfreq:pl,wordfreq_seeded;deterministically_filtered;structurally_curated
pl,v1,2,1625,1647,porównaniu,porównaniu,porównaniu,unknown,porównaniu,wordfreq:pl,wordfreq_seeded;deterministically_filtered;structurally_curated
pl,v1,2,1626,1648,prawem,prawem,prawem,unknown,prawem,wordfreq:pl,wordfreq_seeded;deterministically_filtered;structurally_curated
pl,v1,2,1627,1649,prowincji,prowincji,prowincji,unknown,prowincji,wordfreq:pl,wordfreq_seeded;deterministically_filtered;structurally_curated
pl,v1,2,1628,1650,przeczytać,przeczytać,przeczytać,unknown,przeczytać,wordfreq:pl,wordfreq_seeded;deterministically_filtered;structurally_curated
pl,v1,2,1629,1651,serial,serial,serial,unknown,serial,wordfreq:pl,wordfreq_seeded;deterministically_filtered;structurally_curated
pl,v1,2,1630,1652,spać,spać,spać,unknown,spać,wordfreq:pl,wordfreq_seeded;deterministically_filtered;structurally_curated
pl,v1,2,1631,1653,szpitala,szpitala,szpitala,unknown,szpitala,wordfreq:pl,wordfreq_seeded;deterministically_filtered;structurally_curated
pl,v1,2,1632,1654,tygodnia,tygodnia,tygodnia,unknown,tygodnia,wordfreq:pl,wordfreq_seeded;deterministically_filtered;structurally_curated
pl,v1,2,1633,1655,usług,usług,usług,unknown,usług,wordfreq:pl,wordfreq_seeded;deterministically_filtered;structurally_curated
pl,v1,2,1634,1656,uważasz,uważasz,uważasz,unknown,uważasz,wordfreq:pl,wordfreq_seeded;deterministically_filtered;structurally_curated
pl,v1,2,1635,1657,widok,widok,widok,unknown,widok,wordfreq:pl,wordfreq_seeded;deterministically_filtered;structurally_curated
pl,v1,2,1636,1658,własnym,własnym,własnym,unknown,własnym,wordfreq:pl,wordfreq_seeded;deterministically_filtered;structurally_curated
pl,v1,2,1637,1659,zagranicznych,zagranicznych,zagranicznych,unknown,zagranicznych,wordfreq:pl,wordfreq_seeded;deterministically_filtered;structurally_curated
pl,v1,2,1638,1660,zastanawiam,zastanawiam,zastanawiam,unknown,zastanawiam,wordfreq:pl,wordfreq_seeded;deterministically_filtered;structurally_curated
pl,v1,2,1639,1661,zmieni,zmieni,zmieni,unknown,zmieni,wordfreq:pl,wordfreq_seeded;deterministically_filtered;structurally_curated
pl,v1,2,1640,1662,znajdziesz,znajdziesz,znajdziesz,unknown,znajdziesz,wordfreq:pl,wordfreq_seeded;deterministically_filtered;structurally_curated
pl,v1,2,1641,1663,łodzi,łodzi,łodzi,unknown,łodzi,wordfreq:pl,wordfreq_seeded;deterministically_filtered;structurally_curated
pl,v1,2,1642,1664,świetny,świetny,świetny,unknown,świetny,wordfreq:pl,wordfreq_seeded;deterministically_filtered;structurally_curated
pl,v1,2,1643,1665,czekam,czekam,czekam,unknown,czekam,wordfreq:pl,wordfreq_seeded;deterministically_filtered;structurally_curated
pl,v1,2,1644,1666,córka,córka,córka,unknown,córka,wordfreq:pl,wordfreq_seeded;deterministically_filtered;structurally_curated
pl,v1,2,1645,1667,dają,dają,dają,unknown,dają,wordfreq:pl,wordfreq_seeded;deterministically_filtered;structurally_curated
pl,v1,2,1646,1668,dodać,dodać,dodać,unknown,dodać,wordfreq:pl,wordfreq_seeded;deterministically_filtered;structurally_curated
pl,v1,2,1647,1669,dostępne,dostępne,dostępne,unknown,dostępne,wordfreq:pl,wordfreq_seeded;deterministically_filtered;structurally_curated
pl,v1,2,1648,1670,dowiedzieć,dowiedzieć,dowiedzieć,unknown,dowiedzieć,wordfreq:pl,wordfreq_seeded;deterministically_filtered;structurally_curated
pl,v1,2,1649,1671,firm,firm,firm,unknown,firm,wordfreq:pl,wordfreq_seeded;deterministically_filtered;structurally_curated
pl,v1,2,1650,1672,formy,formy,formy,unknown,formy,wordfreq:pl,wordfreq_seeded;deterministically_filtered;structurally_curated
pl,v1,2,1651,1673,górze,górze,górze,unknown,górze,wordfreq:pl,wordfreq_seeded;deterministically_filtered;structurally_curated
pl,v1,2,1652,1674,głównej,głównej,głównej,unknown,głównej,wordfreq:pl,wordfreq_seeded;deterministically_filtered;structurally_curated
pl,v1,2,1653,1675,internetowej,internetowej,internetowej,unknown,internetowej,wordfreq:pl,wordfreq_seeded;deterministically_filtered;structurally_curated
pl,v1,2,1654,1676,klubu,klubu,klubu,unknown,klubu,wordfreq:pl,wordfreq_seeded;deterministically_filtered;structurally_curated
pl,v1,2,1655,1677,kości,kości,kości,unknown,kości,wordfreq:pl,wordfreq_seeded;deterministically_filtered;structurally_curated
pl,v1,2,1656,1678,kraje,kraje,kraje,unknown,kraje,wordfreq:pl,wordfreq_seeded;deterministically_filtered;structurally_curated
pl,v1,2,1657,1679,mediów,mediów,mediów,unknown,mediów,wordfreq:pl,wordfreq_seeded;deterministically_filtered;structurally_curated
pl,v1,2,1658,1680,mieszkanie,mieszkanie,mieszkanie,unknown,mieszkanie,wordfreq:pl,wordfreq_seeded;deterministically_filtered;structurally_curated
pl,v1,2,1659,1681,największe,największe,największe,unknown,największe,wordfreq:pl,wordfreq_seeded;deterministically_filtered;structurally_curated
pl,v1,2,1660,1682,następnym,następnym,następnym,unknown,następnym,wordfreq:pl,wordfreq_seeded;deterministically_filtered;structurally_curated
pl,v1,2,1661,1683,nazwy,nazwy,nazwy,unknown,nazwy,wordfreq:pl,wordfreq_seeded;deterministically_filtered;structurally_curated
pl,v1,2,1662,1684,poczucie,poczucie,poczucie,unknown,poczucie,wordfreq:pl,wordfreq_seeded;deterministically_filtered;structurally_curated
pl,v1,2,1663,1685,podróży,podróży,podróży,unknown,podróży,wordfreq:pl,wordfreq_seeded;deterministically_filtered;structurally_curated
pl,v1,2,1664,1686,pojawił,pojawił,pojawił,unknown,pojawił,wordfreq:pl,wordfreq_seeded;deterministically_filtered;structurally_curated
pl,v1,2,1665,1687,poparcie,poparcie,poparcie,unknown,poparcie,wordfreq:pl,wordfreq_seeded;deterministically_filtered;structurally_curated
pl,v1,2,1666,1688,powoduje,powoduje,powoduje,unknown,powoduje,wordfreq:pl,wordfreq_seeded;deterministically_filtered;structurally_curated
pl,v1,2,1667,1689,prawdy,prawdy,prawdy,unknown,prawdy,wordfreq:pl,wordfreq_seeded;deterministically_filtered;structurally_curated
pl,v1,2,1668,1690,rosja,rosja,rosja,unknown,rosja,wordfreq:pl,wordfreq_seeded;deterministically_filtered;structurally_curated
pl,v1,2,1669,1691,sklepu,sklepu,sklepu,unknown,sklepu,wordfreq:pl,wordfreq_seeded;deterministically_filtered;structurally_curated
pl,v1,2,1670,1692,stopnia,stopnia,stopnia,unknown,stopnia,wordfreq:pl,wordfreq_seeded;deterministically_filtered;structurally_curated
pl,v1,2,1671,1693,studiów,studiów,studiów,unknown,studiów,wordfreq:pl,wordfreq_seeded;deterministically_filtered;structurally_curated
pl,v1,2,1672,1694,szansa,szansa,szansa,unknown,szansa,wordfreq:pl,wordfreq_seeded;deterministically_filtered;structurally_curated
pl,v1,2,1673,1695,słońce,słońce,słońce,unknown,słońce,wordfreq:pl,wordfreq_seeded;deterministically_filtered;structurally_curated
pl,v1,2,1674,1696,tysiące,tysiące,tysiące,unknown,tysiące,wordfreq:pl,wordfreq_seeded;deterministically_filtered;structurally_curated
pl,v1,2,1675,1697,użytkownika,użytkownika,użytkownika,unknown,użytkownika,wordfreq:pl,wordfreq_seeded;deterministically_filtered;structurally_curated
pl,v1,2,1676,1698,wartość,wartość,wartość,unknown,wartość,wordfreq:pl,wordfreq_seeded;deterministically_filtered;structurally_curated
pl,v1,2,1677,1699,wyraźnie,wyraźnie,wyraźnie,unknown,wyraźnie,wordfreq:pl,wordfreq_seeded;deterministically_filtered;structurally_curated
pl,v1,2,1678,1700,wywiad,wywiad,wywiad,unknown,wywiad,wordfreq:pl,wordfreq_seeded;deterministically_filtered;structurally_curated
pl,v1,2,1679,1701,zachodniej,zachodniej,zachodniej,unknown,zachodniej,wordfreq:pl,wordfreq_seeded;deterministically_filtered;structurally_curated
pl,v1,2,1680,1702,zaczęła,zaczęła,zaczęła,unknown,zaczęła,wordfreq:pl,wordfreq_seeded;deterministically_filtered;structurally_curated
pl,v1,2,1681,1703,zgadzam,zgadzam,zgadzam,unknown,zgadzam,wordfreq:pl,wordfreq_seeded;deterministically_filtered;structurally_curated
pl,v1,2,1682,1704,żywo,żywo,żywo,unknown,żywo,wordfreq:pl,wordfreq_seeded;deterministically_filtered;structurally_curated
pl,v1,2,1683,1705,aktualnie,aktualnie,aktualnie,unknown,aktualnie,wordfreq:pl,wordfreq_seeded;deterministically_filtered;structurally_curated
pl,v1,2,1684,1706,bank,bank,bank,unknown,bank,wordfreq:pl,wordfreq_seeded;deterministically_filtered;structurally_curated
pl,v1,2,1685,1707,biały,biały,biały,unknown,biały,wordfreq:pl,wordfreq_seeded;deterministically_filtered;structurally_curated
pl,v1,2,1686,1708,częściej,częściej,częściej,unknown,częściej,wordfreq:pl,wordfreq_seeded;deterministically_filtered;structurally_curated
pl,v1,2,1687,1709,inną,inną,inną,unknown,inną,wordfreq:pl,wordfreq_seeded;deterministically_filtered;structurally_curated
pl,v1,2,1688,1710,jedzenia,jedzenia,jedzenia,unknown,jedzenia,wordfreq:pl,wordfreq_seeded;deterministically_filtered;structurally_curated
pl,v1,2,1689,1711,kochanie,kochanie,kochanie,unknown,kochanie,wordfreq:pl,wordfreq_seeded;deterministically_filtered;structurally_curated
pl,v1,2,1690,1712,konferencji,konferencji,konferencji,unknown,konferencji,wordfreq:pl,wordfreq_seeded;deterministically_filtered;structurally_curated
pl,v1,2,1691,1713,król,król,król,unknown,król,wordfreq:pl,wordfreq_seeded;deterministically_filtered;structurally_curated
pl,v1,2,1692,1714,leci,leci,leci,unknown,leci,wordfreq:pl,wordfreq_seeded;deterministically_filtered;structurally_curated
pl,v1,2,1693,1715,materiał,materiał,materiał,unknown,materiał,wordfreq:pl,wordfreq_seeded;deterministically_filtered;structurally_curated
pl,v1,2,1694,1716,mieszkania,mieszkania,mieszkania,unknown,mieszkania,wordfreq:pl,wordfreq_seeded;deterministically_filtered;structurally_curated
pl,v1,2,1695,1717,mowa,mowa,mowa,unknown,mowa,wordfreq:pl,wordfreq_seeded;deterministically_filtered;structurally_curated
pl,v1,2,1696,1718,mąż,mąż,mąż,unknown,mąż,wordfreq:pl,wordfreq_seeded;deterministically_filtered;structurally_curated
pl,v1,2,1697,1719,nigdzie,nigdzie,nigdzie,unknown,nigdzie,wordfreq:pl,wordfreq_seeded;deterministically_filtered;structurally_curated
pl,v1,2,1698,1720,odcinek,odcinek,odcinek,unknown,odcinek,wordfreq:pl,wordfreq_seeded;deterministically_filtered;structurally_curated
pl,v1,2,1699,1721,ode,ode,ode,unknown,ode,wordfreq:pl,wordfreq_seeded;deterministically_filtered;structurally_curated
pl,v1,2,1700,1722,opieki,opieki,opieki,unknown,opieki,wordfreq:pl,wordfreq_seeded;deterministically_filtered;structurally_curated
pl,v1,2,1701,1723,organizacja,organizacja,organizacja,unknown,organizacja,wordfreq:pl,wordfreq_seeded;deterministically_filtered;structurally_curated
pl,v1,2,1702,1724,polskę,polskę,polskę,unknown,polskę,wordfreq:pl,wordfreq_seeded;deterministically_filtered;structurally_curated
pl,v1,2,1703,1725,poniedziałek,poniedziałek,poniedziałek,unknown,poniedziałek,wordfreq:pl,wordfreq_seeded;deterministically_filtered;structurally_curated
pl,v1,2,1704,1726,postać,postać,postać,unknown,postać,wordfreq:pl,wordfreq_seeded;deterministically_filtered;structurally_curated
pl,v1,2,1705,1727,pozdrawiam,pozdrawiam,pozdrawiam,unknown,pozdrawiam,wordfreq:pl,wordfreq_seeded;deterministically_filtered;structurally_curated
pl,v1,2,1706,1728,psa,psa,psa,unknown,psa,wordfreq:pl,wordfreq_seeded;deterministically_filtered;structurally_curated
pl,v1,2,1707,1729,regionu,regionu,regionu,unknown,regionu,wordfreq:pl,wordfreq_seeded;deterministically_filtered;structurally_curated
pl,v1,2,1708,1730,samolot,samolot,samolot,unknown,samolot,wordfreq:pl,wordfreq_seeded;deterministically_filtered;structurally_curated
pl,v1,2,1709,1731,sobotę,sobotę,sobotę,unknown,sobotę,wordfreq:pl,wordfreq_seeded;deterministically_filtered;structurally_curated
pl,v1,2,1710,1732,styl,styl,styl,unknown,styl,wordfreq:pl,wordfreq_seeded;deterministically_filtered;structurally_curated
pl,v1,2,1711,1733,typ,typ,typ,unknown,typ,wordfreq:pl,wordfreq_seeded;deterministically_filtered;structurally_curated
pl,v1,2,1712,1734,urzędu,urzędu,urzędu,unknown,urzędu,wordfreq:pl,wordfreq_seeded;deterministically_filtered;structurally_curated
pl,v1,2,1713,1735,wyjdzie,wyjdzie,wyjdzie,unknown,wyjdzie,wordfreq:pl,wordfreq_seeded;deterministically_filtered;structurally_curated
pl,v1,2,1714,1736,własny,własny,własny,unknown,własny,wordfreq:pl,wordfreq_seeded;deterministically_filtered;structurally_curated
pl,v1,2,1715,1737,zabić,zabić,zabić,unknown,zabić,wordfreq:pl,wordfreq_seeded;deterministically_filtered;structurally_curated
pl,v1,2,1716,1738,zaledwie,zaledwie,zaledwie,unknown,zaledwie,wordfreq:pl,wordfreq_seeded;deterministically_filtered;structurally_curated
pl,v1,2,1717,1739,zrobili,zrobili,zrobili,unknown,zrobili,wordfreq:pl,wordfreq_seeded;deterministically_filtered;structurally_curated
pl,v1,2,1718,1741,ataku,ataku,ataku,unknown,ataku,wordfreq:pl,wordfreq_seeded;deterministically_filtered;structurally_curated
pl,v1,2,1719,1742,brata,brata,brata,unknown,brata,wordfreq:pl,wordfreq_seeded;deterministically_filtered;structurally_curated
pl,v1,2,1720,1743,byłeś,byłeś,byłeś,unknown,byłeś,wordfreq:pl,wordfreq_seeded;deterministically_filtered;structurally_curated
pl,v1,2,1721,1744,dosłownie,dosłownie,dosłownie,unknown,dosłownie,wordfreq:pl,wordfreq_seeded;deterministically_filtered;structurally_curated
pl,v1,2,1722,1745,dużym,dużym,dużym,unknown,dużym,wordfreq:pl,wordfreq_seeded;deterministically_filtered;structurally_curated
pl,v1,2,1723,1746,działanie,działanie,działanie,unknown,działanie,wordfreq:pl,wordfreq_seeded;deterministically_filtered;structurally_curated
pl,v1,2,1724,1747,dziećmi,dziećmi,dziećmi,unknown,dziećmi,wordfreq:pl,wordfreq_seeded;deterministically_filtered;structurally_curated
pl,v1,2,1725,1748,granicą,granicą,granicą,unknown,granicą,wordfreq:pl,wordfreq_seeded;deterministically_filtered;structurally_curated
pl,v1,2,1726,1749,interesuje,interesuje,interesuje,unknown,interesuje,wordfreq:pl,wordfreq_seeded;deterministically_filtered;structurally_curated
pl,v1,2,1727,1750,jakbym,jakbym,jakbym,unknown,jakbym,wordfreq:pl,wordfreq_seeded;deterministically_filtered;structurally_curated
pl,v1,2,1728,1751,jazdy,jazdy,jazdy,unknown,jazdy,wordfreq:pl,wordfreq_seeded;deterministically_filtered;structurally_curated
pl,v1,2,1729,1752,jeść,jeść,jeść,unknown,jeść,wordfreq:pl,wordfreq_seeded;deterministically_filtered;structurally_curated
pl,v1,2,1730,1753,komunikacji,komunikacji,komunikacji,unknown,komunikacji,wordfreq:pl,wordfreq_seeded;deterministically_filtered;structurally_curated
pl,v1,2,1731,1754,krew,krew,krew,unknown,krew,wordfreq:pl,wordfreq_seeded;deterministically_filtered;structurally_curated
pl,v1,2,1732,1755,marek,marek,marek,unknown,marek,wordfreq:pl,wordfreq_seeded;deterministically_filtered;structurally_curated
pl,v1,2,1733,1756,max,max,max,unknown,max,wordfreq:pl,wordfreq_seeded;deterministically_filtered;structurally_curated
pl,v1,2,1734,1757,małych,małych,małych,unknown,małych,wordfreq:pl,wordfreq_seeded;deterministically_filtered;structurally_curated
pl,v1,2,1735,1758,musiała,musiała,musiała,unknown,musiała,wordfreq:pl,wordfreq_seeded;deterministically_filtered;structurally_curated
pl,v1,2,1736,1759,nowo,nowo,nowo,unknown,nowo,wordfreq:pl,wordfreq_seeded;deterministically_filtered;structurally_curated
pl,v1,2,1737,1760,patrz,patrz,patrz,unknown,patrz,wordfreq:pl,wordfreq_seeded;deterministically_filtered;structurally_curated
pl,v1,2,1738,1761,paweł,paweł,paweł,unknown,paweł,wordfreq:pl,wordfreq_seeded;deterministically_filtered;structurally_curated
pl,v1,2,1739,1762,powietrza,powietrza,powietrza,unknown,powietrza,wordfreq:pl,wordfreq_seeded;deterministically_filtered;structurally_curated
pl,v1,2,1740,1763,powrót,powrót,powrót,unknown,powrót,wordfreq:pl,wordfreq_seeded;deterministically_filtered;structurally_curated
pl,v1,2,1741,1764,pracował,pracował,pracował,unknown,pracował,wordfreq:pl,wordfreq_seeded;deterministically_filtered;structurally_curated
pl,v1,2,1742,1765,procent,procent,procent,unknown,procent,wordfreq:pl,wordfreq_seeded;deterministically_filtered;structurally_curated
pl,v1,2,1743,1766,przejść,przejść,przejść,unknown,przejść,wordfreq:pl,wordfreq_seeded;deterministically_filtered;structurally_curated
pl,v1,2,1744,1767,przyjdzie,przyjdzie,przyjdzie,unknown,przyjdzie,wordfreq:pl,wordfreq_seeded;deterministically_filtered;structurally_curated
pl,v1,2,1745,1768,przyznać,przyznać,przyznać,unknown,przyznać,wordfreq:pl,wordfreq_seeded;deterministically_filtered;structurally_curated
pl,v1,2,1746,1769,publicznego,publicznego,publicznego,unknown,publicznego,wordfreq:pl,wordfreq_seeded;deterministically_filtered;structurally_curated
pl,v1,2,1747,1770,rada,rada,rada,unknown,rada,wordfreq:pl,wordfreq_seeded;deterministically_filtered;structurally_curated
pl,v1,2,1748,1771,rozmawiać,rozmawiać,rozmawiać,unknown,rozmawiać,wordfreq:pl,wordfreq_seeded;deterministically_filtered;structurally_curated
pl,v1,2,1749,1772,samochody,samochody,samochody,unknown,samochody,wordfreq:pl,wordfreq_seeded;deterministically_filtered;structurally_curated
pl,v1,2,1750,1773,siostra,siostra,siostra,unknown,siostra,wordfreq:pl,wordfreq_seeded;deterministically_filtered;structurally_curated
pl,v1,2,1751,1774,sprzedaży,sprzedaży,sprzedaży,unknown,sprzedaży,wordfreq:pl,wordfreq_seeded;deterministically_filtered;structurally_curated
pl,v1,2,1752,1775,szanse,szanse,szanse,unknown,szanse,wordfreq:pl,wordfreq_seeded;deterministically_filtered;structurally_curated
pl,v1,2,1753,1776,szczególności,szczególności,szczególności,unknown,szczególności,wordfreq:pl,wordfreq_seeded;deterministically_filtered;structurally_curated
pl,v1,2,1754,1777,sądzę,sądzę,sądzę,unknown,sądzę,wordfreq:pl,wordfreq_seeded;deterministically_filtered;structurally_curated
pl,v1,2,1755,1778,słucham,słucham,słucham,unknown,słucham,wordfreq:pl,wordfreq_seeded;deterministically_filtered;structurally_curated
pl,v1,2,1756,1779,teren,teren,teren,unknown,teren,wordfreq:pl,wordfreq_seeded;deterministically_filtered;structurally_curated
pl,v1,2,1757,1780,twitter,twitter,twitter,unknown,twitter,wordfreq:pl,wordfreq_seeded;deterministically_filtered;structurally_curated
pl,v1,2,1758,1781,twittera,twittera,twittera,unknown,twittera,wordfreq:pl,wordfreq_seeded;deterministically_filtered;structurally_curated
pl,v1,2,1759,1782,video,video,video,unknown,video,wordfreq:pl,wordfreq_seeded;deterministically_filtered;structurally_curated
pl,v1,2,1760,1783,wejść,wejść,wejść,unknown,wejść,wordfreq:pl,wordfreq_seeded;deterministically_filtered;structurally_curated
pl,v1,2,1761,1784,wideo,wideo,wideo,unknown,wideo,wordfreq:pl,wordfreq_seeded;deterministically_filtered;structurally_curated
pl,v1,2,1762,1785,wniosek,wniosek,wniosek,unknown,wniosek,wordfreq:pl,wordfreq_seeded;deterministically_filtered;structurally_curated
pl,v1,2,1763,1786,wojnę,wojnę,wojnę,unknown,wojnę,wordfreq:pl,wordfreq_seeded;deterministically_filtered;structurally_curated
pl,v1,2,1764,1787,wojska,wojska,wojska,unknown,wojska,wordfreq:pl,wordfreq_seeded;deterministically_filtered;structurally_curated
pl,v1,2,1765,1788,wrócić,wrócić,wrócić,unknown,wrócić,wordfreq:pl,wordfreq_seeded;deterministically_filtered;structurally_curated
pl,v1,2,1766,1789,wszelkie,wszelkie,wszelkie,unknown,wszelkie,wordfreq:pl,wordfreq_seeded;deterministically_filtered;structurally_curated
pl,v1,2,1767,1790,wygrał,wygrał,wygrał,unknown,wygrał,wordfreq:pl,wordfreq_seeded;deterministically_filtered;structurally_curated
pl,v1,2,1768,1791,wypadek,wypadek,wypadek,unknown,wypadek,wordfreq:pl,wordfreq_seeded;deterministically_filtered;structurally_curated
pl,v1,2,1769,1792,wziął,wziął,wziął,unknown,wziął,wordfreq:pl,wordfreq_seeded;deterministically_filtered;structurally_curated
pl,v1,2,1770,1793,średniej,średniej,średniej,unknown,średniej,wordfreq:pl,wordfreq_seeded;deterministically_filtered;structurally_curated
pl,v1,2,1771,1794,światła,światła,światła,unknown,światła,wordfreq:pl,wordfreq_seeded;deterministically_filtered;structurally_curated
pl,v1,2,1772,1795,źródeł,źródeł,źródeł,unknown,źródeł,wordfreq:pl,wordfreq_seeded;deterministically_filtered;structurally_curated
pl,v1,2,1773,1797,administracji,administracji,administracji,unknown,administracji,wordfreq:pl,wordfreq_seeded;deterministically_filtered;structurally_curated
pl,v1,2,1774,1798,angielskiego,angielskiego,angielskiego,unknown,angielskiego,wordfreq:pl,wordfreq_seeded;deterministically_filtered;structurally_curated
pl,v1,2,1775,1799,artykułu,artykułu,artykułu,unknown,artykułu,wordfreq:pl,wordfreq_seeded;deterministically_filtered;structurally_curated
pl,v1,2,1776,1800,bliżej,bliżej,bliżej,unknown,bliżej,wordfreq:pl,wordfreq_seeded;deterministically_filtered;structurally_curated
pl,v1,2,1777,1801,boję,boję,boję,unknown,boję,wordfreq:pl,wordfreq_seeded;deterministically_filtered;structurally_curated
pl,v1,2,1778,1802,chodzić,chodzić,chodzić,unknown,chodzić,wordfreq:pl,wordfreq_seeded;deterministically_filtered;structurally_curated
pl,v1,2,1779,1803,demokracji,demokracji,demokracji,unknown,demokracji,wordfreq:pl,wordfreq_seeded;deterministically_filtered;structurally_curated
pl,v1,2,1780,1804,dzielnicy,dzielnicy,dzielnicy,unknown,dzielnicy,wordfreq:pl,wordfreq_seeded;deterministically_filtered;structurally_curated
pl,v1,2,1781,1805,grę,grę,grę,unknown,grę,wordfreq:pl,wordfreq_seeded;deterministically_filtered;structurally_curated
pl,v1,2,1782,1806,głupie,głupie,głupie,unknown,głupie,wordfreq:pl,wordfreq_seeded;deterministically_filtered;structurally_curated
pl,v1,2,1783,1807,jednakże,jednakże,jednakże,unknown,jednakże,wordfreq:pl,wordfreq_seeded;deterministically_filtered;structurally_curated
pl,v1,2,1784,1808,kolejnym,kolejnym,kolejnym,unknown,kolejnym,wordfreq:pl,wordfreq_seeded;deterministically_filtered;structurally_curated
pl,v1,2,1785,1809,kolor,kolor,kolor,unknown,kolor,wordfreq:pl,wordfreq_seeded;deterministically_filtered;structurally_curated
pl,v1,2,1786,1810,koszty,koszty,koszty,unknown,koszty,wordfreq:pl,wordfreq_seeded;deterministically_filtered;structurally_curated
pl,v1,2,1787,1811,ks,ks,ks,unknown,ks,wordfreq:pl,wordfreq_seeded;deterministically_filtered;structurally_curated
pl,v1,2,1788,1812,liczne,liczne,liczne,unknown,liczne,wordfreq:pl,wordfreq_seeded;deterministically_filtered;structurally_curated
pl,v1,2,1789,1813,mediach,mediach,mediach,unknown,mediach,wordfreq:pl,wordfreq_seeded;deterministically_filtered;structurally_curated
pl,v1,2,1790,1814,nazwie,nazwie,nazwie,unknown,nazwie,wordfreq:pl,wordfreq_seeded;deterministically_filtered;structurally_curated
pl,v1,2,1791,1815,park,park,park,unknown,park,wordfreq:pl,wordfreq_seeded;deterministically_filtered;structurally_curated
pl,v1,2,1792,1816,podróż,podróż,podróż,unknown,podróż,wordfreq:pl,wordfreq_seeded;deterministically_filtered;structurally_curated
pl,v1,2,1793,1817,polityczne,polityczne,polityczne,unknown,polityczne,wordfreq:pl,wordfreq_seeded;deterministically_filtered;structurally_curated
pl,v1,2,1794,1818,polityków,polityków,polityków,unknown,polityków,wordfreq:pl,wordfreq_seeded;deterministically_filtered;structurally_curated
pl,v1,2,1795,1819,potrafią,potrafią,potrafią,unknown,potrafią,wordfreq:pl,wordfreq_seeded;deterministically_filtered;structurally_curated
pl,v1,2,1796,1820,powstanie,powstanie,powstanie,unknown,powstanie,wordfreq:pl,wordfreq_seeded;deterministically_filtered;structurally_curated
pl,v1,2,1797,1821,religii,religii,religii,unknown,religii,wordfreq:pl,wordfreq_seeded;deterministically_filtered;structurally_curated
pl,v1,2,1798,1822,sprawdź,sprawdź,sprawdź,unknown,sprawdź,wordfreq:pl,wordfreq_seeded;deterministically_filtered;structurally_curated
pl,v1,2,1799,1823,słuchać,słuchać,słuchać,unknown,słuchać,wordfreq:pl,wordfreq_seeded;deterministically_filtered;structurally_curated
pl,v1,2,1800,1824,tom,tom,tom,unknown,tom,wordfreq:pl,wordfreq_seeded;deterministically_filtered;structurally_curated
pl,v1,2,1801,1825,troche,troche,troche,unknown,troche,wordfreq:pl,wordfreq_seeded;deterministically_filtered;structurally_curated
pl,v1,2,1802,1826,tworzy,tworzy,tworzy,unknown,tworzy,wordfreq:pl,wordfreq_seeded;deterministically_filtered;structurally_curated
pl,v1,2,1803,1827,uczucie,uczucie,uczucie,unknown,uczucie,wordfreq:pl,wordfreq_seeded;deterministically_filtered;structurally_curated
pl,v1,2,1804,1828,używać,używać,używać,unknown,używać,wordfreq:pl,wordfreq_seeded;deterministically_filtered;structurally_curated
pl,v1,2,1805,1829,zachowania,zachowania,zachowania,unknown,zachowania,wordfreq:pl,wordfreq_seeded;deterministically_filtered;structurally_curated
pl,v1,2,1806,1830,zero,zero,zero,unknown,zero,wordfreq:pl,wordfreq_seeded;deterministically_filtered;structurally_curated
pl,v1,2,1807,1831,zmarł,zmarł,zmarł,unknown,zmarł,wordfreq:pl,wordfreq_seeded;deterministically_filtered;structurally_curated
pl,v1,2,1808,1832,znane,znane,znane,unknown,znane,wordfreq:pl,wordfreq_seeded;deterministically_filtered;structurally_curated
pl,v1,2,1809,1833,śmieszne,śmieszne,śmieszne,unknown,śmieszne,wordfreq:pl,wordfreq_seeded;deterministically_filtered;structurally_curated
pl,v1,2,1810,1834,cena,cena,cena,unknown,cena,wordfreq:pl,wordfreq_seeded;deterministically_filtered;structurally_curated
pl,v1,2,1811,1835,chodziło,chodziło,chodziło,unknown,chodziło,wordfreq:pl,wordfreq_seeded;deterministically_filtered;structurally_curated
pl,v1,2,1812,1836,cicho,cicho,cicho,unknown,cicho,wordfreq:pl,wordfreq_seeded;deterministically_filtered;structurally_curated
pl,v1,2,1813,1837,członek,członek,członek,unknown,członek,wordfreq:pl,wordfreq_seeded;deterministically_filtered;structurally_curated
pl,v1,2,1814,1838,dotyczących,dotyczących,dotyczących,unknown,dotyczących,wordfreq:pl,wordfreq_seeded;deterministically_filtered;structurally_curated
pl,v1,2,1815,1839,długi,długi,długi,unknown,długi,wordfreq:pl,wordfreq_seeded;deterministically_filtered;structurally_curated
pl,v1,2,1816,1840,facebooku,facebooku,facebooku,unknown,facebooku,wordfreq:pl,wordfreq_seeded;deterministically_filtered;structurally_curated
pl,v1,2,1817,1841,fajne,fajne,fajne,unknown,fajne,wordfreq:pl,wordfreq_seeded;deterministically_filtered;structurally_curated
pl,v1,2,1818,1842,idź,idź,idź,unknown,idź,wordfreq:pl,wordfreq_seeded;deterministically_filtered;structurally_curated
pl,v1,2,1819,1843,jana,jana,jana,unknown,jana,wordfreq:pl,wordfreq_seeded;deterministically_filtered;structurally_curated
pl,v1,2,1820,1844,kg,kg,kg,unknown,kg,wordfreq:pl,wordfreq_seeded;deterministically_filtered;structurally_curated
pl,v1,2,1821,1845,klasa,klasa,klasa,unknown,klasa,wordfreq:pl,wordfreq_seeded;deterministically_filtered;structurally_curated
pl,v1,2,1822,1846,klasie,klasie,klasie,unknown,klasie,wordfreq:pl,wordfreq_seeded;deterministically_filtered;structurally_curated
pl,v1,2,1823,1847,kuchni,kuchni,kuchni,unknown,kuchni,wordfreq:pl,wordfreq_seeded;deterministically_filtered;structurally_curated
pl,v1,2,1824,1848,liczbę,liczbę,liczbę,unknown,liczbę,wordfreq:pl,wordfreq_seeded;deterministically_filtered;structurally_curated
pl,v1,2,1825,1849,liczyć,liczyć,liczyć,unknown,liczyć,wordfreq:pl,wordfreq_seeded;deterministically_filtered;structurally_curated
pl,v1,2,1826,1850,największych,największych,największych,unknown,największych,wordfreq:pl,wordfreq_seeded;deterministically_filtered;structurally_curated
pl,v1,2,1827,1851,największym,największym,największym,unknown,największym,wordfreq:pl,wordfreq_seeded;deterministically_filtered;structurally_curated
pl,v1,2,1828,1852,nauczyciel,nauczyciel,nauczyciel,unknown,nauczyciel,wordfreq:pl,wordfreq_seeded;deterministically_filtered;structurally_curated
pl,v1,2,1829,1853,pamięć,pamięć,pamięć,unknown,pamięć,wordfreq:pl,wordfreq_seeded;deterministically_filtered;structurally_curated
pl,v1,2,1830,1854,pełne,pełne,pełne,unknown,pełne,wordfreq:pl,wordfreq_seeded;deterministically_filtered;structurally_curated
pl,v1,2,1831,1855,pies,pies,pies,unknown,pies,wordfreq:pl,wordfreq_seeded;deterministically_filtered;structurally_curated
pl,v1,2,1832,1856,plany,plany,plany,unknown,plany,wordfreq:pl,wordfreq_seeded;deterministically_filtered;structurally_curated
pl,v1,2,1833,1857,pochodzenia,pochodzenia,pochodzenia,unknown,pochodzenia,wordfreq:pl,wordfreq_seeded;deterministically_filtered;structurally_curated
pl,v1,2,1834,1858,policję,policję,policję,unknown,policję,wordfreq:pl,wordfreq_seeded;deterministically_filtered;structurally_curated
pl,v1,2,1835,1859,portalu,portalu,portalu,unknown,portalu,wordfreq:pl,wordfreq_seeded;deterministically_filtered;structurally_curated
pl,v1,2,1836,1860,potrafię,potrafię,potrafię,unknown,potrafię,wordfreq:pl,wordfreq_seeded;deterministically_filtered;structurally_curated
pl,v1,2,1837,1861,pozostałych,pozostałych,pozostałych,unknown,pozostałych,wordfreq:pl,wordfreq_seeded;deterministically_filtered;structurally_curated
pl,v1,2,1838,1862,programie,programie,programie,unknown,programie,wordfreq:pl,wordfreq_seeded;deterministically_filtered;structurally_curated
pl,v1,2,1839,1863,przepisy,przepisy,przepisy,unknown,przepisy,wordfreq:pl,wordfreq_seeded;deterministically_filtered;structurally_curated
pl,v1,2,1840,1864,przeszłości,przeszłości,przeszłości,unknown,przeszłości,wordfreq:pl,wordfreq_seeded;deterministically_filtered;structurally_curated
pl,v1,2,1841,1865,robił,robił,robił,unknown,robił,wordfreq:pl,wordfreq_seeded;deterministically_filtered;structurally_curated
pl,v1,2,1842,1866,rozpoczął,rozpoczął,rozpoczął,unknown,rozpoczął,wordfreq:pl,wordfreq_seeded;deterministically_filtered;structurally_curated
pl,v1,2,1843,1867,rozumie,rozumie,rozumie,unknown,rozumie,wordfreq:pl,wordfreq_seeded;deterministically_filtered;structurally_curated
pl,v1,2,1844,1868,ryzyko,ryzyko,ryzyko,unknown,ryzyko,wordfreq:pl,wordfreq_seeded;deterministically_filtered;structurally_curated
pl,v1,2,1845,1869,seks,seks,seks,unknown,seks,wordfreq:pl,wordfreq_seeded;deterministically_filtered;structurally_curated
pl,v1,2,1846,1870,sens,sens,sens,unknown,sens,wordfreq:pl,wordfreq_seeded;deterministically_filtered;structurally_curated
pl,v1,2,1847,1871,sklepie,sklepie,sklepie,unknown,sklepie,wordfreq:pl,wordfreq_seeded;deterministically_filtered;structurally_curated
pl,v1,2,1848,1872,spośród,spośród,spośród,unknown,spośród,wordfreq:pl,wordfreq_seeded;deterministically_filtered;structurally_curated
pl,v1,2,1849,1873,słyszę,słyszę,słyszę,unknown,słyszę,wordfreq:pl,wordfreq_seeded;deterministically_filtered;structurally_curated
pl,v1,2,1850,1874,ukrainy,ukrainy,ukrainy,unknown,ukrainy,wordfreq:pl,wordfreq_seeded;deterministically_filtered;structurally_curated
pl,v1,2,1851,1875,umiejętności,umiejętności,umiejętności,unknown,umiejętności,wordfreq:pl,wordfreq_seeded;deterministically_filtered;structurally_curated
pl,v1,2,1852,1876,używa,używa,używa,unknown,używa,wordfreq:pl,wordfreq_seeded;deterministically_filtered;structurally_curated
pl,v1,2,1853,1877,walce,walce,walce,unknown,walce,wordfreq:pl,wordfreq_seeded;deterministically_filtered;structurally_curated
pl,v1,2,1854,1878,wiary,wiary,wiary,unknown,wiary,wordfreq:pl,wordfreq_seeded;deterministically_filtered;structurally_curated
pl,v1,2,1855,1879,województwa,województwa,województwa,unknown,województwa,wordfreq:pl,wordfreq_seeded;deterministically_filtered;structurally_curated
pl,v1,2,1856,1880,wysokie,wysokie,wysokie,unknown,wysokie,wordfreq:pl,wordfreq_seeded;deterministically_filtered;structurally_curated
pl,v1,2,1857,1881,wysokość,wysokość,wysokość,unknown,wysokość,wordfreq:pl,wordfreq_seeded;deterministically_filtered;structurally_curated
pl,v1,2,1858,1882,zacznie,zacznie,zacznie,unknown,zacznie,wordfreq:pl,wordfreq_seeded;deterministically_filtered;structurally_curated
pl,v1,2,1859,1883,zakaz,zakaz,zakaz,unknown,zakaz,wordfreq:pl,wordfreq_seeded;deterministically_filtered;structurally_curated
pl,v1,2,1860,1884,zapraszamy,zapraszamy,zapraszamy,unknown,zapraszamy,wordfreq:pl,wordfreq_seeded;deterministically_filtered;structurally_curated
pl,v1,2,1861,1885,światło,światło,światło,unknown,światło,wordfreq:pl,wordfreq_seeded;deterministically_filtered;structurally_curated
pl,v1,2,1862,1886,żyją,żyją,żyją,unknown,żyją,wordfreq:pl,wordfreq_seeded;deterministically_filtered;structurally_curated
pl,v1,2,1863,1887,biuro,biuro,biuro,unknown,biuro,wordfreq:pl,wordfreq_seeded;deterministically_filtered;structurally_curated
pl,v1,2,1864,1888,bowiem,bowiem,bowiem,unknown,bowiem,wordfreq:pl,wordfreq_seeded;deterministically_filtered;structurally_curated
pl,v1,2,1865,1889,domów,domów,domów,unknown,domów,wordfreq:pl,wordfreq_seeded;deterministically_filtered;structurally_curated
pl,v1,2,1866,1890,doskonale,doskonale,doskonale,unknown,doskonale,wordfreq:pl,wordfreq_seeded;deterministically_filtered;structurally_curated
pl,v1,2,1867,1891,dużych,dużych,dużych,unknown,dużych,wordfreq:pl,wordfreq_seeded;deterministically_filtered;structurally_curated
pl,v1,2,1868,1892,działać,działać,działać,unknown,działać,wordfreq:pl,wordfreq_seeded;deterministically_filtered;structurally_curated
pl,v1,2,1869,1893,el,el,el,unknown,el,wordfreq:pl,wordfreq_seeded;deterministically_filtered;structurally_curated
pl,v1,2,1870,1894,główne,główne,główne,unknown,główne,wordfreq:pl,wordfreq_seeded;deterministically_filtered;structurally_curated
pl,v1,2,1871,1895,jakość,jakość,jakość,unknown,jakość,wordfreq:pl,wordfreq_seeded;deterministically_filtered;structurally_curated
pl,v1,2,1872,1896,japonii,japonii,japonii,unknown,japonii,wordfreq:pl,wordfreq_seeded;deterministically_filtered;structurally_curated
pl,v1,2,1873,1897,jezus,jezus,jezus,unknown,jezus,wordfreq:pl,wordfreq_seeded;deterministically_filtered;structurally_curated
pl,v1,2,1874,1898,klub,klub,klub,unknown,klub,wordfreq:pl,wordfreq_seeded;deterministically_filtered;structurally_curated
pl,v1,2,1875,1899,konkurs,konkurs,konkurs,unknown,konkurs,wordfreq:pl,wordfreq_seeded;deterministically_filtered;structurally_curated
pl,v1,2,1876,1900,le,le,le,unknown,le,wordfreq:pl,wordfreq_seeded;deterministically_filtered;structurally_curated
pl,v1,2,1877,1901,mózgu,mózgu,mózgu,unknown,mózgu,wordfreq:pl,wordfreq_seeded;deterministically_filtered;structurally_curated
pl,v1,2,1878,1902,nazwiska,nazwiska,nazwiska,unknown,nazwiska,wordfreq:pl,wordfreq_seeded;deterministically_filtered;structurally_curated
pl,v1,2,1879,1903,ofiar,ofiar,ofiar,unknown,ofiar,wordfreq:pl,wordfreq_seeded;deterministically_filtered;structurally_curated
pl,v1,2,1880,1904,pamiętaj,pamiętaj,pamiętaj,unknown,pamiętaj,wordfreq:pl,wordfreq_seeded;deterministically_filtered;structurally_curated
pl,v1,2,1881,1905,papież,papież,papież,unknown,papież,wordfreq:pl,wordfreq_seeded;deterministically_filtered;structurally_curated
pl,v1,2,1882,1906,potrzebuję,potrzebuję,potrzebuję,unknown,potrzebuję,wordfreq:pl,wordfreq_seeded;deterministically_filtered;structurally_curated
pl,v1,2,1883,1907,powinnam,powinnam,powinnam,unknown,powinnam,wordfreq:pl,wordfreq_seeded;deterministically_filtered;structurally_curated
pl,v1,2,1884,1908,pozostałe,pozostałe,pozostałe,unknown,pozostałe,wordfreq:pl,wordfreq_seeded;deterministically_filtered;structurally_curated
pl,v1,2,1885,1909,połowa,połowa,połowa,unknown,połowa,wordfreq:pl,wordfreq_seeded;deterministically_filtered;structurally_curated
pl,v1,2,1886,1910,prezesa,prezesa,prezesa,unknown,prezesa,wordfreq:pl,wordfreq_seeded;deterministically_filtered;structurally_curated
pl,v1,2,1887,1911,prowadzić,prowadzić,prowadzić,unknown,prowadzić,wordfreq:pl,wordfreq_seeded;deterministically_filtered;structurally_curated
pl,v1,2,1888,1912,próby,próby,próby,unknown,próby,wordfreq:pl,wordfreq_seeded;deterministically_filtered;structurally_curated
pl,v1,2,1889,1913,ps,ps,ps,unknown,ps,wordfreq:pl,wordfreq_seeded;deterministically_filtered;structurally_curated
pl,v1,2,1890,1914,pt,pt,pt,unknown,pt,wordfreq:pl,wordfreq_seeded;deterministically_filtered;structurally_curated
pl,v1,2,1891,1915,rośnie,rośnie,rośnie,unknown,rośnie,wordfreq:pl,wordfreq_seeded;deterministically_filtered;structurally_curated
pl,v1,2,1892,1916,skali,skali,skali,unknown,skali,wordfreq:pl,wordfreq_seeded;deterministically_filtered;structurally_curated
pl,v1,2,1893,1917,stolicy,stolicy,stolicy,unknown,stolicy,wordfreq:pl,wordfreq_seeded;deterministically_filtered;structurally_curated
pl,v1,2,1894,1918,szczęścia,szczęścia,szczęścia,unknown,szczęścia,wordfreq:pl,wordfreq_seeded;deterministically_filtered;structurally_curated
pl,v1,2,1895,1919,urząd,urząd,urząd,unknown,urząd,wordfreq:pl,wordfreq_seeded;deterministically_filtered;structurally_curated
pl,v1,2,1896,1920,warunkach,warunkach,warunkach,unknown,warunkach,wordfreq:pl,wordfreq_seeded;deterministically_filtered;structurally_curated
pl,v1,2,1897,1921,wewnątrz,wewnątrz,wewnątrz,unknown,wewnątrz,wordfreq:pl,wordfreq_seeded;deterministically_filtered;structurally_curated
pl,v1,2,1898,1922,wolne,wolne,wolne,unknown,wolne,wordfreq:pl,wordfreq_seeded;deterministically_filtered;structurally_curated
pl,v1,2,1899,1923,world,world,world,unknown,world,wordfreq:pl,wordfreq_seeded;deterministically_filtered;structurally_curated
pl,v1,2,1900,1924,wskazuje,wskazuje,wskazuje,unknown,wskazuje,wordfreq:pl,wordfreq_seeded;deterministically_filtered;structurally_curated
pl,v1,2,1901,1925,zdania,zdania,zdania,unknown,zdania,wordfreq:pl,wordfreq_seeded;deterministically_filtered;structurally_curated
pl,v1,2,1902,1926,azji,azji,azji,unknown,azji,wordfreq:pl,wordfreq_seeded;deterministically_filtered;structurally_curated
pl,v1,2,1903,1927,brać,brać,brać,unknown,brać,wordfreq:pl,wordfreq_seeded;deterministically_filtered;structurally_curated
pl,v1,2,1904,1928,czuć,czuć,czuć,unknown,czuć,wordfreq:pl,wordfreq_seeded;deterministically_filtered;structurally_curated
pl,v1,2,1905,1929,drużyny,drużyny,drużyny,unknown,drużyny,wordfreq:pl,wordfreq_seeded;deterministically_filtered;structurally_curated
pl,v1,2,1906,1930,dzieckiem,dzieckiem,dzieckiem,unknown,dzieckiem,wordfreq:pl,wordfreq_seeded;deterministically_filtered;structurally_curated
pl,v1,2,1907,1931,grupę,grupę,grupę,unknown,grupę,wordfreq:pl,wordfreq_seeded;deterministically_filtered;structurally_curated
pl,v1,2,1908,1932,górę,górę,górę,unknown,górę,wordfreq:pl,wordfreq_seeded;deterministically_filtered;structurally_curated
pl,v1,2,1909,1933,głosowania,głosowania,głosowania,unknown,głosowania,wordfreq:pl,wordfreq_seeded;deterministically_filtered;structurally_curated
pl,v1,2,1910,1934,głosy,głosy,głosy,unknown,głosy,wordfreq:pl,wordfreq_seeded;deterministically_filtered;structurally_curated
pl,v1,2,1911,1935,halo,halo,halo,unknown,halo,wordfreq:pl,wordfreq_seeded;deterministically_filtered;structurally_curated
pl,v1,2,1912,1936,jedyną,jedyną,jedyną,unknown,jedyną,wordfreq:pl,wordfreq_seeded;deterministically_filtered;structurally_curated
pl,v1,2,1913,1937,karty,karty,karty,unknown,karty,wordfreq:pl,wordfreq_seeded;deterministically_filtered;structurally_curated
pl,v1,2,1914,1938,koncert,koncert,koncert,unknown,koncert,wordfreq:pl,wordfreq_seeded;deterministically_filtered;structurally_curated
pl,v1,2,1915,1939,kościele,kościele,kościele,unknown,kościele,wordfreq:pl,wordfreq_seeded;deterministically_filtered;structurally_curated
pl,v1,2,1916,1940,kultura,kultura,kultura,unknown,kultura,wordfreq:pl,wordfreq_seeded;deterministically_filtered;structurally_curated
pl,v1,2,1917,1941,lubią,lubią,lubią,unknown,lubią,wordfreq:pl,wordfreq_seeded;deterministically_filtered;structurally_curated
pl,v1,2,1918,1942,materiałów,materiałów,materiałów,unknown,materiałów,wordfreq:pl,wordfreq_seeded;deterministically_filtered;structurally_curated
pl,v1,2,1919,1943,miarę,miarę,miarę,unknown,miarę,wordfreq:pl,wordfreq_seeded;deterministically_filtered;structurally_curated
pl,v1,2,1920,1944,mieszkańcy,mieszkańcy,mieszkańcy,unknown,mieszkańcy,wordfreq:pl,wordfreq_seeded;deterministically_filtered;structurally_curated
pl,v1,2,1921,1945,narodów,narodów,narodów,unknown,narodów,wordfreq:pl,wordfreq_seeded;deterministically_filtered;structurally_curated
pl,v1,2,1922,1946,oh,oh,oh,unknown,oh,wordfreq:pl,wordfreq_seeded;deterministically_filtered;structurally_curated
pl,v1,2,1923,1947,oko,oko,oko,unknown,oko,wordfreq:pl,wordfreq_seeded;deterministically_filtered;structurally_curated
pl,v1,2,1924,1948,okresu,okresu,okresu,unknown,okresu,wordfreq:pl,wordfreq_seeded;deterministically_filtered;structurally_curated
pl,v1,2,1925,1949,piotr,piotr,piotr,unknown,piotr,wordfreq:pl,wordfreq_seeded;deterministically_filtered;structurally_curated
pl,v1,2,1926,1950,piszę,piszę,piszę,unknown,piszę,wordfreq:pl,wordfreq_seeded;deterministically_filtered;structurally_curated
pl,v1,2,1927,1951,polityce,polityce,polityce,unknown,polityce,wordfreq:pl,wordfreq_seeded;deterministically_filtered;structurally_curated
pl,v1,2,1928,1952,prawdziwa,prawdziwa,prawdziwa,unknown,prawdziwa,wordfreq:pl,wordfreq_seeded;deterministically_filtered;structurally_curated
pl,v1,2,1929,1953,prawej,prawej,prawej,unknown,prawej,wordfreq:pl,wordfreq_seeded;deterministically_filtered;structurally_curated
pl,v1,2,1930,1954,procesu,procesu,procesu,unknown,procesu,wordfreq:pl,wordfreq_seeded;deterministically_filtered;structurally_curated
pl,v1,2,1931,1955,przypadkach,przypadkach,przypadkach,unknown,przypadkach,wordfreq:pl,wordfreq_seeded;deterministically_filtered;structurally_curated
pl,v1,2,1932,1956,późno,późno,późno,unknown,późno,wordfreq:pl,wordfreq_seeded;deterministically_filtered;structurally_curated
pl,v1,2,1933,1957,raport,raport,raport,unknown,raport,wordfreq:pl,wordfreq_seeded;deterministically_filtered;structurally_curated
pl,v1,2,1934,1958,republiki,republiki,republiki,unknown,republiki,wordfreq:pl,wordfreq_seeded;deterministically_filtered;structurally_curated
pl,v1,2,1935,1959,rządów,rządów,rządów,unknown,rządów,wordfreq:pl,wordfreq_seeded;deterministically_filtered;structurally_curated
pl,v1,2,1936,1960,różnica,różnica,różnica,unknown,różnica,wordfreq:pl,wordfreq_seeded;deterministically_filtered;structurally_curated
pl,v1,2,1937,1961,sali,sali,sali,unknown,sali,wordfreq:pl,wordfreq_seeded;deterministically_filtered;structurally_curated
pl,v1,2,1938,1962,serialu,serialu,serialu,unknown,serialu,wordfreq:pl,wordfreq_seeded;deterministically_filtered;structurally_curated
pl,v1,2,1939,1963,spokój,spokój,spokój,unknown,spokój,wordfreq:pl,wordfreq_seeded;deterministically_filtered;structurally_curated
pl,v1,2,1940,1964,sprawą,sprawą,sprawą,unknown,sprawą,wordfreq:pl,wordfreq_seeded;deterministically_filtered;structurally_curated
pl,v1,2,1941,1965,szefa,szefa,szefa,unknown,szefa,wordfreq:pl,wordfreq_seeded;deterministically_filtered;structurally_curated
pl,v1,2,1942,1966,szpitalu,szpitalu,szpitalu,unknown,szpitalu,wordfreq:pl,wordfreq_seeded;deterministically_filtered;structurally_curated
pl,v1,2,1943,1967,teksty,teksty,teksty,unknown,teksty,wordfreq:pl,wordfreq_seeded;deterministically_filtered;structurally_curated
pl,v1,2,1944,1968,trzeci,trzeci,trzeci,unknown,trzeci,wordfreq:pl,wordfreq_seeded;deterministically_filtered;structurally_curated
pl,v1,2,1945,1969,uczestnicy,uczestnicy,uczestnicy,unknown,uczestnicy,wordfreq:pl,wordfreq_seeded;deterministically_filtered;structurally_curated
pl,v1,2,1946,1970,uczestników,uczestników,uczestników,unknown,uczestników,wordfreq:pl,wordfreq_seeded;deterministically_filtered;structurally_curated
pl,v1,2,1947,1971,widział,widział,widział,unknown,widział,wordfreq:pl,wordfreq_seeded;deterministically_filtered;structurally_curated
pl,v1,2,1948,1972,wierzy,wierzy,wierzy,unknown,wierzy,wordfreq:pl,wordfreq_seeded;deterministically_filtered;structurally_curated
pl,v1,2,1949,1973,wyglądają,wyglądają,wyglądają,unknown,wyglądają,wordfreq:pl,wordfreq_seeded;deterministically_filtered;structurally_curated
pl,v1,2,1950,1974,wyglądać,wyglądać,wyglądać,unknown,wyglądać,wordfreq:pl,wordfreq_seeded;deterministically_filtered;structurally_curated
pl,v1,2,1951,1975,wyżej,wyżej,wyżej,unknown,wyżej,wordfreq:pl,wordfreq_seeded;deterministically_filtered;structurally_curated
pl,v1,2,1952,1976,wzrostu,wzrostu,wzrostu,unknown,wzrostu,wordfreq:pl,wordfreq_seeded;deterministically_filtered;structurally_curated
pl,v1,2,1953,1977,władz,władz,władz,unknown,władz,wordfreq:pl,wordfreq_seeded;deterministically_filtered;structurally_curated
pl,v1,2,1954,1978,znać,znać,znać,unknown,znać,wordfreq:pl,wordfreq_seeded;deterministically_filtered;structurally_curated
pl,v1,2,1955,1979,łączy,łączy,łączy,unknown,łączy,wordfreq:pl,wordfreq_seeded;deterministically_filtered;structurally_curated
pl,v1,2,1956,1980,życiem,życiem,życiem,unknown,życiem,wordfreq:pl,wordfreq_seeded;deterministically_filtered;structurally_curated
pl,v1,2,1957,1981,afryki,afryki,afryki,unknown,afryki,wordfreq:pl,wordfreq_seeded;deterministically_filtered;structurally_curated
pl,v1,2,1958,1982,celów,celów,celów,unknown,celów,wordfreq:pl,wordfreq_seeded;deterministically_filtered;structurally_curated
pl,v1,2,1959,1983,chłopcy,chłopcy,chłopcy,unknown,chłopcy,wordfreq:pl,wordfreq_seeded;deterministically_filtered;structurally_curated
pl,v1,2,1960,1984,cieszy,cieszy,cieszy,unknown,cieszy,wordfreq:pl,wordfreq_seeded;deterministically_filtered;structurally_curated
pl,v1,2,1961,1985,córki,córki,córki,unknown,córki,wordfreq:pl,wordfreq_seeded;deterministically_filtered;structurally_curated
pl,v1,2,1962,1986,david,david,david,unknown,david,wordfreq:pl,wordfreq_seeded;deterministically_filtered;structurally_curated
pl,v1,2,1963,1987,dostępu,dostępu,dostępu,unknown,dostępu,wordfreq:pl,wordfreq_seeded;deterministically_filtered;structurally_curated
pl,v1,2,1964,1988,dupie,dupie,dupie,unknown,dupie,wordfreq:pl,wordfreq_seeded;deterministically_filtered;structurally_curated
pl,v1,2,1965,1989,dupy,dupy,dupy,unknown,dupy,wordfreq:pl,wordfreq_seeded;deterministically_filtered;structurally_curated
pl,v1,2,1966,1990,dziedzinie,dziedzinie,dziedzinie,unknown,dziedzinie,wordfreq:pl,wordfreq_seeded;deterministically_filtered;structurally_curated
pl,v1,2,1967,1991,dziennie,dziennie,dziennie,unknown,dziennie,wordfreq:pl,wordfreq_seeded;deterministically_filtered;structurally_curated
pl,v1,2,1968,1992,dziękujemy,dziękujemy,dziękujemy,unknown,dziękujemy,wordfreq:pl,wordfreq_seeded;deterministically_filtered;structurally_curated
pl,v1,2,1969,1993,gier,gier,gier,unknown,gier,wordfreq:pl,wordfreq_seeded;deterministically_filtered;structurally_curated
pl,v1,2,1970,1994,gość,gość,gość,unknown,gość,wordfreq:pl,wordfreq_seeded;deterministically_filtered;structurally_curated
pl,v1,2,1971,1995,instytucji,instytucji,instytucji,unknown,instytucji,wordfreq:pl,wordfreq_seeded;deterministically_filtered;structurally_curated
pl,v1,2,1972,1996,jechać,jechać,jechać,unknown,jechać,wordfreq:pl,wordfreq_seeded;deterministically_filtered;structurally_curated
pl,v1,2,1973,1997,kasy,kasy,kasy,unknown,kasy,wordfreq:pl,wordfreq_seeded;deterministically_filtered;structurally_curated
pl,v1,2,1974,1998,każdemu,każdemu,każdemu,unknown,każdemu,wordfreq:pl,wordfreq_seeded;deterministically_filtered;structurally_curated
pl,v1,2,1975,1999,kocha,kocha,kocha,unknown,kocha,wordfreq:pl,wordfreq_seeded;deterministically_filtered;structurally_curated
pl,v1,2,1976,2000,kolega,kolega,kolega,unknown,kolega,wordfreq:pl,wordfreq_seeded;deterministically_filtered;structurally_curated
pl,v1,2,1977,2001,komisja,komisja,komisja,unknown,komisja,wordfreq:pl,wordfreq_seeded;deterministically_filtered;structurally_curated
pl,v1,2,1978,2002,kontekście,kontekście,kontekście,unknown,kontekście,wordfreq:pl,wordfreq_seeded;deterministically_filtered;structurally_curated
pl,v1,2,1979,2003,lewej,lewej,lewej,unknown,lewej,wordfreq:pl,wordfreq_seeded;deterministically_filtered;structurally_curated
pl,v1,2,1980,2004,móc,móc,móc,unknown,móc,wordfreq:pl,wordfreq_seeded;deterministically_filtered;structurally_curated
pl,v1,2,1981,2005,najlepszego,najlepszego,najlepszego,unknown,najlepszego,wordfreq:pl,wordfreq_seeded;deterministically_filtered;structurally_curated
pl,v1,2,1982,2006,narodu,narodu,narodu,unknown,narodu,wordfreq:pl,wordfreq_seeded;deterministically_filtered;structurally_curated
pl,v1,2,1983,2007,news,news,news,unknown,news,wordfreq:pl,wordfreq_seeded;deterministically_filtered;structurally_curated
pl,v1,2,1984,2008,obejrzeć,obejrzeć,obejrzeć,unknown,obejrzeć,wordfreq:pl,wordfreq_seeded;deterministically_filtered;structurally_curated
pl,v1,2,1985,2009,parlamentu,parlamentu,parlamentu,unknown,parlamentu,wordfreq:pl,wordfreq_seeded;deterministically_filtered;structurally_curated
pl,v1,2,1986,2010,patrząc,patrząc,patrząc,unknown,patrząc,wordfreq:pl,wordfreq_seeded;deterministically_filtered;structurally_curated
pl,v1,2,1987,2011,portal,portal,portal,unknown,portal,wordfreq:pl,wordfreq_seeded;deterministically_filtered;structurally_curated
pl,v1,2,1988,2012,prywatne,prywatne,prywatne,unknown,prywatne,wordfreq:pl,wordfreq_seeded;deterministically_filtered;structurally_curated
pl,v1,2,1989,2013,płyty,płyty,płyty,unknown,płyty,wordfreq:pl,wordfreq_seeded;deterministically_filtered;structurally_curated
pl,v1,2,1990,2014,rodzin,rodzin,rodzin,unknown,rodzin,wordfreq:pl,wordfreq_seeded;deterministically_filtered;structurally_curated
pl,v1,2,1991,2015,ręki,ręki,ręki,unknown,ręki,wordfreq:pl,wordfreq_seeded;deterministically_filtered;structurally_curated
pl,v1,2,1992,2016,sezonie,sezonie,sezonie,unknown,sezonie,wordfreq:pl,wordfreq_seeded;deterministically_filtered;structurally_curated
pl,v1,2,1993,2017,skończy,skończy,skończy,unknown,skończy,wordfreq:pl,wordfreq_seeded;deterministically_filtered;structurally_curated
pl,v1,2,1994,2018,społeczne,społeczne,społeczne,unknown,społeczne,wordfreq:pl,wordfreq_seeded;deterministically_filtered;structurally_curated
pl,v1,2,1995,2019,takimi,takimi,takimi,unknown,takimi,wordfreq:pl,wordfreq_seeded;deterministically_filtered;structurally_curated
pl,v1,2,1996,2020,tytułu,tytułu,tytułu,unknown,tytułu,wordfreq:pl,wordfreq_seeded;deterministically_filtered;structurally_curated
pl,v1,2,1997,2021,uczucia,uczucia,uczucia,unknown,uczucia,wordfreq:pl,wordfreq_seeded;deterministically_filtered;structurally_curated
pl,v1,2,1998,2022,wierzyć,wierzyć,wierzyć,unknown,wierzyć,wordfreq:pl,wordfreq_seeded;deterministically_filtered;structurally_curated
pl,v1,2,1999,2023,wsparcia,wsparcia,wsparcia,unknown,wsparcia,wordfreq:pl,wordfreq_seeded;deterministically_filtered;structurally_curated
pl,v1,2,2000,2024,wyjątkiem,wyjątkiem,wyjątkiem,unknown,wyjątkiem,wordfreq:pl,wordfreq_seeded;deterministically_filtered;structurally_curated
pl,v1,3,2001,2025,wystarczająco,wystarczająco,wystarczająco,unknown,wystarczająco,wordfreq:pl,wordfreq_seeded;deterministically_filtered;structurally_curated
pl,v1,3,2002,2026,zmianę,zmianę,zmianę,unknown,zmianę,wordfreq:pl,wordfreq_seeded;deterministically_filtered;structurally_curated
pl,v1,3,2003,2027,zmienił,zmienił,zmienił,unknown,zmienił,wordfreq:pl,wordfreq_seeded;deterministically_filtered;structurally_curated
pl,v1,3,2004,2028,zresztą,zresztą,zresztą,unknown,zresztą,wordfreq:pl,wordfreq_seeded;deterministically_filtered;structurally_curated
pl,v1,3,2005,2029,żadna,żadna,żadna,unknown,żadna,wordfreq:pl,wordfreq_seeded;deterministically_filtered;structurally_curated
pl,v1,3,2006,2030,żart,żart,żart,unknown,żart,wordfreq:pl,wordfreq_seeded;deterministically_filtered;structurally_curated
pl,v1,3,2007,2031,album,album,album,unknown,album,wordfreq:pl,wordfreq_seeded;deterministically_filtered;structurally_curated
pl,v1,3,2008,2032,ang,ang,ang,unknown,ang,wordfreq:pl,wordfreq_seeded;deterministically_filtered;structurally_curated
pl,v1,3,2009,2033,angielsku,angielsku,angielsku,unknown,angielsku,wordfreq:pl,wordfreq_seeded;deterministically_filtered;structurally_curated
pl,v1,3,2010,2034,bezpieczeństwo,bezpieczeństwo,bezpieczeństwo,unknown,bezpieczeństwo,wordfreq:pl,wordfreq_seeded;deterministically_filtered;structurally_curated
pl,v1,3,2011,2035,chwila,chwila,chwila,unknown,chwila,wordfreq:pl,wordfreq_seeded;deterministically_filtered;structurally_curated
pl,v1,3,2012,2036,dobranoc,dobranoc,dobranoc,unknown,dobranoc,wordfreq:pl,wordfreq_seeded;deterministically_filtered;structurally_curated
pl,v1,3,2013,2037,drzewa,drzewa,drzewa,unknown,drzewa,wordfreq:pl,wordfreq_seeded;deterministically_filtered;structurally_curated
pl,v1,3,2014,2038,faktu,faktu,faktu,unknown,faktu,wordfreq:pl,wordfreq_seeded;deterministically_filtered;structurally_curated
pl,v1,3,2015,2039,firmę,firmę,firmę,unknown,firmę,wordfreq:pl,wordfreq_seeded;deterministically_filtered;structurally_curated
pl,v1,3,2016,2040,gazeta,gazeta,gazeta,unknown,gazeta,wordfreq:pl,wordfreq_seeded;deterministically_filtered;structurally_curated
pl,v1,3,2017,2041,internetowych,internetowych,internetowych,unknown,internetowych,wordfreq:pl,wordfreq_seeded;deterministically_filtered;structurally_curated
pl,v1,3,2018,2042,jakiejś,jakiejś,jakiejś,unknown,jakiejś,wordfreq:pl,wordfreq_seeded;deterministically_filtered;structurally_curated
pl,v1,3,2019,2043,kompletnie,kompletnie,kompletnie,unknown,kompletnie,wordfreq:pl,wordfreq_seeded;deterministically_filtered;structurally_curated
pl,v1,3,2020,2044,love,love,love,unknown,love,wordfreq:pl,wordfreq_seeded;deterministically_filtered;structurally_curated
pl,v1,3,2021,2045,miejscem,miejscem,miejscem,unknown,miejscem,wordfreq:pl,wordfreq_seeded;deterministically_filtered;structurally_curated
pl,v1,3,2022,2046,mogły,mogły,mogły,unknown,mogły,wordfreq:pl,wordfreq_seeded;deterministically_filtered;structurally_curated
pl,v1,3,2023,2047,mozna,mozna,mozna,unknown,mozna,wordfreq:pl,wordfreq_seeded;deterministically_filtered;structurally_curated
pl,v1,3,2024,2048,nadzieje,nadzieje,nadzieje,unknown,nadzieje,wordfreq:pl,wordfreq_seeded;deterministically_filtered;structurally_curated
pl,v1,3,2025,2049,narodowy,narodowy,narodowy,unknown,narodowy,wordfreq:pl,wordfreq_seeded;deterministically_filtered;structurally_curated
pl,v1,3,2026,2050,nauka,nauka,nauka,unknown,nauka,wordfreq:pl,wordfreq_seeded;deterministically_filtered;structurally_curated
pl,v1,3,2027,2051,nazwę,nazwę,nazwę,unknown,nazwę,wordfreq:pl,wordfreq_seeded;deterministically_filtered;structurally_curated
pl,v1,3,2028,2052,pamiętać,pamiętać,pamiętać,unknown,pamiętać,wordfreq:pl,wordfreq_seeded;deterministically_filtered;structurally_curated
pl,v1,3,2029,2053,powstał,powstał,powstał,unknown,powstał,wordfreq:pl,wordfreq_seeded;deterministically_filtered;structurally_curated
pl,v1,3,2030,2054,pracownicy,pracownicy,pracownicy,unknown,pracownicy,wordfreq:pl,wordfreq_seeded;deterministically_filtered;structurally_curated
pl,v1,3,2031,2055,przedstawia,przedstawia,przedstawia,unknown,przedstawia,wordfreq:pl,wordfreq_seeded;deterministically_filtered;structurally_curated
pl,v1,3,2032,2056,punkty,punkty,punkty,unknown,punkty,wordfreq:pl,wordfreq_seeded;deterministically_filtered;structurally_curated
pl,v1,3,2033,2057,pyta,pyta,pyta,unknown,pyta,wordfreq:pl,wordfreq_seeded;deterministically_filtered;structurally_curated
pl,v1,3,2034,2058,pytam,pytam,pytam,unknown,pytam,wordfreq:pl,wordfreq_seeded;deterministically_filtered;structurally_curated
pl,v1,3,2035,2059,północy,północy,północy,unknown,północy,wordfreq:pl,wordfreq_seeded;deterministically_filtered;structurally_curated
pl,v1,3,2036,2060,rzeki,rzeki,rzeki,unknown,rzeki,wordfreq:pl,wordfreq_seeded;deterministically_filtered;structurally_curated
pl,v1,3,2037,2061,sezonu,sezonu,sezonu,unknown,sezonu,wordfreq:pl,wordfreq_seeded;deterministically_filtered;structurally_curated
pl,v1,3,2038,2062,siedzieć,siedzieć,siedzieć,unknown,siedzieć,wordfreq:pl,wordfreq_seeded;deterministically_filtered;structurally_curated
pl,v1,3,2039,2063,skóry,skóry,skóry,unknown,skóry,wordfreq:pl,wordfreq_seeded;deterministically_filtered;structurally_curated
pl,v1,3,2040,2064,status,status,status,unknown,status,wordfreq:pl,wordfreq_seeded;deterministically_filtered;structurally_curated
pl,v1,3,2041,2065,stały,stały,stały,unknown,stały,wordfreq:pl,wordfreq_seeded;deterministically_filtered;structurally_curated
pl,v1,3,2042,2066,stowarzyszenia,stowarzyszenia,stowarzyszenia,unknown,stowarzyszenia,wordfreq:pl,wordfreq_seeded;deterministically_filtered;structurally_curated
pl,v1,3,2043,2067,strach,strach,strach,unknown,strach,wordfreq:pl,wordfreq_seeded;deterministically_filtered;structurally_curated
pl,v1,3,2044,2068,studentów,studentów,studentów,unknown,studentów,wordfreq:pl,wordfreq_seeded;deterministically_filtered;structurally_curated
pl,v1,3,2045,2069,szukam,szukam,szukam,unknown,szukam,wordfreq:pl,wordfreq_seeded;deterministically_filtered;structurally_curated
pl,v1,3,2046,2070,teorii,teorii,teorii,unknown,teorii,wordfreq:pl,wordfreq_seeded;deterministically_filtered;structurally_curated
pl,v1,3,2047,2071,tj,tj,tj,unknown,tj,wordfreq:pl,wordfreq_seeded;deterministically_filtered;structurally_curated
pl,v1,3,2048,2072,wrócił,wrócił,wrócił,unknown,wrócił,wordfreq:pl,wordfreq_seeded;deterministically_filtered;structurally_curated
pl,v1,3,2049,2073,zaczęło,zaczęło,zaczęło,unknown,zaczęło,wordfreq:pl,wordfreq_seeded;deterministically_filtered;structurally_curated
pl,v1,3,2050,2074,łódź,łódź,łódź,unknown,łódź,wordfreq:pl,wordfreq_seeded;deterministically_filtered;structurally_curated
pl,v1,3,2051,2075,łącznie,łącznie,łącznie,unknown,łącznie,wordfreq:pl,wordfreq_seeded;deterministically_filtered;structurally_curated
pl,v1,3,2052,2076,adres,adres,adres,unknown,adres,wordfreq:pl,wordfreq_seeded;deterministically_filtered;structurally_curated
pl,v1,3,2053,2077,akcje,akcje,akcje,unknown,akcje,wordfreq:pl,wordfreq_seeded;deterministically_filtered;structurally_curated
pl,v1,3,2054,2078,artykuły,artykuły,artykuły,unknown,artykuły,wordfreq:pl,wordfreq_seeded;deterministically_filtered;structurally_curated
pl,v1,3,2055,2079,cenę,cenę,cenę,unknown,cenę,wordfreq:pl,wordfreq_seeded;deterministically_filtered;structurally_curated
pl,v1,3,2056,2080,czarne,czarne,czarne,unknown,czarne,wordfreq:pl,wordfreq_seeded;deterministically_filtered;structurally_curated
pl,v1,3,2057,2081,darmo,darmo,darmo,unknown,darmo,wordfreq:pl,wordfreq_seeded;deterministically_filtered;structurally_curated
pl,v1,3,2058,2082,doświadczenie,doświadczenie,doświadczenie,unknown,doświadczenie,wordfreq:pl,wordfreq_seeded;deterministically_filtered;structurally_curated
pl,v1,3,2059,2083,ej,ej,ej,unknown,ej,wordfreq:pl,wordfreq_seeded;deterministically_filtered;structurally_curated
pl,v1,3,2060,2084,funkcji,funkcji,funkcji,unknown,funkcji,wordfreq:pl,wordfreq_seeded;deterministically_filtered;structurally_curated
pl,v1,3,2061,2085,głównych,głównych,głównych,unknown,głównych,wordfreq:pl,wordfreq_seeded;deterministically_filtered;structurally_curated
pl,v1,3,2062,2086,james,james,james,unknown,james,wordfreq:pl,wordfreq_seeded;deterministically_filtered;structurally_curated
pl,v1,3,2063,2087,komu,komu,komu,unknown,komu,wordfreq:pl,wordfreq_seeded;deterministically_filtered;structurally_curated
pl,v1,3,2064,2088,konkursu,konkursu,konkursu,unknown,konkursu,wordfreq:pl,wordfreq_seeded;deterministically_filtered;structurally_curated
pl,v1,3,2065,2089,lgbt,lgbt,lgbt,unknown,lgbt,wordfreq:pl,wordfreq_seeded;deterministically_filtered;structurally_curated
pl,v1,3,2066,2090,lol,lol,lol,unknown,lol,wordfreq:pl,wordfreq_seeded;deterministically_filtered;structurally_curated
pl,v1,3,2067,2091,mogłam,mogłam,mogłam,unknown,mogłam,wordfreq:pl,wordfreq_seeded;deterministically_filtered;structurally_curated
pl,v1,3,2068,2092,następnego,następnego,następnego,unknown,następnego,wordfreq:pl,wordfreq_seeded;deterministically_filtered;structurally_curated
pl,v1,3,2069,2093,niemiecki,niemiecki,niemiecki,unknown,niemiecki,wordfreq:pl,wordfreq_seeded;deterministically_filtered;structurally_curated
pl,v1,3,2070,2094,osiem,osiem,osiem,unknown,osiem,wordfreq:pl,wordfreq_seeded;deterministically_filtered;structurally_curated
pl,v1,3,2071,2095,otwarcie,otwarcie,otwarcie,unknown,otwarcie,wordfreq:pl,wordfreq_seeded;deterministically_filtered;structurally_curated
pl,v1,3,2072,2096,panowie,panowie,panowie,unknown,panowie,wordfreq:pl,wordfreq_seeded;deterministically_filtered;structurally_curated
pl,v1,3,2073,2097,podaje,podaje,podaje,unknown,podaje,wordfreq:pl,wordfreq_seeded;deterministically_filtered;structurally_curated
pl,v1,3,2074,2098,podejście,podejście,podejście,unknown,podejście,wordfreq:pl,wordfreq_seeded;deterministically_filtered;structurally_curated
pl,v1,3,2075,2099,poszedł,poszedł,poszedł,unknown,poszedł,wordfreq:pl,wordfreq_seeded;deterministically_filtered;structurally_curated
pl,v1,3,2076,2100,powrotem,powrotem,powrotem,unknown,powrotem,wordfreq:pl,wordfreq_seeded;deterministically_filtered;structurally_curated
pl,v1,3,2077,2101,proc,proc,proc,unknown,proc,wordfreq:pl,wordfreq_seeded;deterministically_filtered;structurally_curated
pl,v1,3,2078,2102,profesor,profesor,profesor,unknown,profesor,wordfreq:pl,wordfreq_seeded;deterministically_filtered;structurally_curated
pl,v1,3,2079,2103,projektów,projektów,projektów,unknown,projektów,wordfreq:pl,wordfreq_seeded;deterministically_filtered;structurally_curated
pl,v1,3,2080,2104,prosto,prosto,prosto,unknown,prosto,wordfreq:pl,wordfreq_seeded;deterministically_filtered;structurally_curated
pl,v1,3,2081,2105,przodu,przodu,przodu,unknown,przodu,wordfreq:pl,wordfreq_seeded;deterministically_filtered;structurally_curated
pl,v1,3,2082,2106,przychodzi,przychodzi,przychodzi,unknown,przychodzi,wordfreq:pl,wordfreq_seeded;deterministically_filtered;structurally_curated
pl,v1,3,2083,2107,pójdzie,pójdzie,pójdzie,unknown,pójdzie,wordfreq:pl,wordfreq_seeded;deterministically_filtered;structurally_curated
pl,v1,3,2084,2108,pójdę,pójdę,pójdę,unknown,pójdę,wordfreq:pl,wordfreq_seeded;deterministically_filtered;structurally_curated
pl,v1,3,2085,2109,płci,płci,płci,unknown,płci,wordfreq:pl,wordfreq_seeded;deterministically_filtered;structurally_curated
pl,v1,3,2086,2110,sceny,sceny,sceny,unknown,sceny,wordfreq:pl,wordfreq_seeded;deterministically_filtered;structurally_curated
pl,v1,3,2087,2111,siedzi,siedzi,siedzi,unknown,siedzi,wordfreq:pl,wordfreq_seeded;deterministically_filtered;structurally_curated
pl,v1,3,2088,2112,staram,staram,staram,unknown,staram,wordfreq:pl,wordfreq_seeded;deterministically_filtered;structurally_curated
pl,v1,3,2089,2113,sztuka,sztuka,sztuka,unknown,sztuka,wordfreq:pl,wordfreq_seeded;deterministically_filtered;structurally_curated
pl,v1,3,2090,2114,słońca,słońca,słońca,unknown,słońca,wordfreq:pl,wordfreq_seeded;deterministically_filtered;structurally_curated
pl,v1,3,2091,2115,terytorium,terytorium,terytorium,unknown,terytorium,wordfreq:pl,wordfreq_seeded;deterministically_filtered;structurally_curated
pl,v1,3,2092,2116,trzyma,trzyma,trzyma,unknown,trzyma,wordfreq:pl,wordfreq_seeded;deterministically_filtered;structurally_curated
pl,v1,3,2093,2117,tvp,tvp,tvp,unknown,tvp,wordfreq:pl,wordfreq_seeded;deterministically_filtered;structurally_curated
pl,v1,3,2094,2118,uniwersytecie,uniwersytecie,uniwersytecie,unknown,uniwersytecie,wordfreq:pl,wordfreq_seeded;deterministically_filtered;structurally_curated
pl,v1,3,2095,2119,wakacje,wakacje,wakacje,unknown,wakacje,wordfreq:pl,wordfreq_seeded;deterministically_filtered;structurally_curated
pl,v1,3,2096,2120,widzieć,widzieć,widzieć,unknown,widzieć,wordfreq:pl,wordfreq_seeded;deterministically_filtered;structurally_curated
pl,v1,3,2097,2121,wieczór,wieczór,wieczór,unknown,wieczór,wordfreq:pl,wordfreq_seeded;deterministically_filtered;structurally_curated
pl,v1,3,2098,2122,większej,większej,większej,unknown,większej,wordfreq:pl,wordfreq_seeded;deterministically_filtered;structurally_curated
pl,v1,3,2099,2123,więzieniu,więzieniu,więzieniu,unknown,więzieniu,wordfreq:pl,wordfreq_seeded;deterministically_filtered;structurally_curated
pl,v1,3,2100,2124,wrocław,wrocław,wrocław,unknown,wrocław,wordfreq:pl,wordfreq_seeded;deterministically_filtered;structurally_curated
pl,v1,3,2101,2125,youtube,youtube,youtube,unknown,youtube,wordfreq:pl,wordfreq_seeded;deterministically_filtered;structurally_curated
pl,v1,3,2102,2126,zachodu,zachodu,zachodu,unknown,zachodu,wordfreq:pl,wordfreq_seeded;deterministically_filtered;structurally_curated
pl,v1,3,2103,2127,zajęcia,zajęcia,zajęcia,unknown,zajęcia,wordfreq:pl,wordfreq_seeded;deterministically_filtered;structurally_curated
pl,v1,3,2104,2128,ziemię,ziemię,ziemię,unknown,ziemię,wordfreq:pl,wordfreq_seeded;deterministically_filtered;structurally_curated
pl,v1,3,2105,2129,anna,anna,anna,unknown,anna,wordfreq:pl,wordfreq_seeded;deterministically_filtered;structurally_curated
pl,v1,3,2106,2130,całości,całości,całości,unknown,całości,wordfreq:pl,wordfreq_seeded;deterministically_filtered;structurally_curated
pl,v1,3,2107,2131,dziennikarz,dziennikarz,dziennikarz,unknown,dziennikarz,wordfreq:pl,wordfreq_seeded;deterministically_filtered;structurally_curated
pl,v1,3,2108,2132,długość,długość,długość,unknown,długość,wordfreq:pl,wordfreq_seeded;deterministically_filtered;structurally_curated
pl,v1,3,2109,2133,festiwalu,festiwalu,festiwalu,unknown,festiwalu,wordfreq:pl,wordfreq_seeded;deterministically_filtered;structurally_curated
pl,v1,3,2110,2134,finansowe,finansowe,finansowe,unknown,finansowe,wordfreq:pl,wordfreq_seeded;deterministically_filtered;structurally_curated
pl,v1,3,2111,2135,godzinie,godzinie,godzinie,unknown,godzinie,wordfreq:pl,wordfreq_seeded;deterministically_filtered;structurally_curated
pl,v1,3,2112,2136,głosu,głosu,głosu,unknown,głosu,wordfreq:pl,wordfreq_seeded;deterministically_filtered;structurally_curated
pl,v1,3,2113,2137,głową,głową,głową,unknown,głową,wordfreq:pl,wordfreq_seeded;deterministically_filtered;structurally_curated
pl,v1,3,2114,2138,idealny,idealny,idealny,unknown,idealny,wordfreq:pl,wordfreq_seeded;deterministically_filtered;structurally_curated
pl,v1,3,2115,2139,informacja,informacja,informacja,unknown,informacja,wordfreq:pl,wordfreq_seeded;deterministically_filtered;structurally_curated
pl,v1,3,2116,2140,któremu,któremu,któremu,unknown,któremu,wordfreq:pl,wordfreq_seeded;deterministically_filtered;structurally_curated
pl,v1,3,2117,2141,metody,metody,metody,unknown,metody,wordfreq:pl,wordfreq_seeded;deterministically_filtered;structurally_curated
pl,v1,3,2118,2142,miesiąca,miesiąca,miesiąca,unknown,miesiąca,wordfreq:pl,wordfreq_seeded;deterministically_filtered;structurally_curated
pl,v1,3,2119,2143,męża,męża,męża,unknown,męża,wordfreq:pl,wordfreq_seeded;deterministically_filtered;structurally_curated
pl,v1,3,2120,2144,należą,należą,należą,unknown,należą,wordfreq:pl,wordfreq_seeded;deterministically_filtered;structurally_curated
pl,v1,3,2121,2145,napisane,napisane,napisane,unknown,napisane,wordfreq:pl,wordfreq_seeded;deterministically_filtered;structurally_curated
pl,v1,3,2122,2146,nazwą,nazwą,nazwą,unknown,nazwą,wordfreq:pl,wordfreq_seeded;deterministically_filtered;structurally_curated
pl,v1,3,2123,2147,niezwykle,niezwykle,niezwykle,unknown,niezwykle,wordfreq:pl,wordfreq_seeded;deterministically_filtered;structurally_curated
pl,v1,3,2124,2148,oceny,oceny,oceny,unknown,oceny,wordfreq:pl,wordfreq_seeded;deterministically_filtered;structurally_curated
pl,v1,3,2125,2149,odpowiednio,odpowiednio,odpowiednio,unknown,odpowiednio,wordfreq:pl,wordfreq_seeded;deterministically_filtered;structurally_curated
pl,v1,3,2126,2150,otrzymał,otrzymał,otrzymał,unknown,otrzymał,wordfreq:pl,wordfreq_seeded;deterministically_filtered;structurally_curated
pl,v1,3,2127,2151,otwarte,otwarte,otwarte,unknown,otwarte,wordfreq:pl,wordfreq_seeded;deterministically_filtered;structurally_curated
pl,v1,3,2128,2152,papieża,papieża,papieża,unknown,papieża,wordfreq:pl,wordfreq_seeded;deterministically_filtered;structurally_curated
pl,v1,3,2129,2153,pełna,pełna,pełna,unknown,pełna,wordfreq:pl,wordfreq_seeded;deterministically_filtered;structurally_curated
pl,v1,3,2130,2154,podstawowych,podstawowych,podstawowych,unknown,podstawowych,wordfreq:pl,wordfreq_seeded;deterministically_filtered;structurally_curated
pl,v1,3,2131,2155,politykę,politykę,politykę,unknown,politykę,wordfreq:pl,wordfreq_seeded;deterministically_filtered;structurally_curated
pl,v1,3,2132,2156,poszczególnych,poszczególnych,poszczególnych,unknown,poszczególnych,wordfreq:pl,wordfreq_seeded;deterministically_filtered;structurally_curated
pl,v1,3,2133,2157,prezent,prezent,prezent,unknown,prezent,wordfreq:pl,wordfreq_seeded;deterministically_filtered;structurally_curated
pl,v1,3,2134,2158,projekty,projekty,projekty,unknown,projekty,wordfreq:pl,wordfreq_seeded;deterministically_filtered;structurally_curated
pl,v1,3,2135,2159,przestać,przestać,przestać,unknown,przestać,wordfreq:pl,wordfreq_seeded;deterministically_filtered;structurally_curated
pl,v1,3,2136,2160,pójść,pójść,pójść,unknown,pójść,wordfreq:pl,wordfreq_seeded;deterministically_filtered;structurally_curated
pl,v1,3,2137,2161,raka,raka,raka,unknown,raka,wordfreq:pl,wordfreq_seeded;deterministically_filtered;structurally_curated
pl,v1,3,2138,2162,red,red,red,unknown,red,wordfreq:pl,wordfreq_seeded;deterministically_filtered;structurally_curated
pl,v1,3,2139,2163,relacji,relacji,relacji,unknown,relacji,wordfreq:pl,wordfreq_seeded;deterministically_filtered;structurally_curated
pl,v1,3,2140,2164,rodzinę,rodzinę,rodzinę,unknown,rodzinę,wordfreq:pl,wordfreq_seeded;deterministically_filtered;structurally_curated
pl,v1,3,2141,2165,rosyjski,rosyjski,rosyjski,unknown,rosyjski,wordfreq:pl,wordfreq_seeded;deterministically_filtered;structurally_curated
pl,v1,3,2142,2166,sensie,sensie,sensie,unknown,sensie,wordfreq:pl,wordfreq_seeded;deterministically_filtered;structurally_curated
pl,v1,3,2143,2167,show,show,show,unknown,show,wordfreq:pl,wordfreq_seeded;deterministically_filtered;structurally_curated
pl,v1,3,2144,2168,sport,sport,sport,unknown,sport,wordfreq:pl,wordfreq_seeded;deterministically_filtered;structurally_curated
pl,v1,3,2145,2169,sto,sto,sto,unknown,sto,wordfreq:pl,wordfreq_seeded;deterministically_filtered;structurally_curated
pl,v1,3,2146,2170,szacunku,szacunku,szacunku,unknown,szacunku,wordfreq:pl,wordfreq_seeded;deterministically_filtered;structurally_curated
pl,v1,3,2147,2171,szkołę,szkołę,szkołę,unknown,szkołę,wordfreq:pl,wordfreq_seeded;deterministically_filtered;structurally_curated
pl,v1,3,2148,2172,sędzia,sędzia,sędzia,unknown,sędzia,wordfreq:pl,wordfreq_seeded;deterministically_filtered;structurally_curated
pl,v1,3,2149,2173,termin,termin,termin,unknown,termin,wordfreq:pl,wordfreq_seeded;deterministically_filtered;structurally_curated
pl,v1,3,2150,2174,warunków,warunków,warunków,unknown,warunków,wordfreq:pl,wordfreq_seeded;deterministically_filtered;structurally_curated
pl,v1,3,2151,2175,ważny,ważny,ważny,unknown,ważny,wordfreq:pl,wordfreq_seeded;deterministically_filtered;structurally_curated
pl,v1,3,2152,2176,wielkości,wielkości,wielkości,unknown,wielkości,wordfreq:pl,wordfreq_seeded;deterministically_filtered;structurally_curated
pl,v1,3,2153,2177,wielokrotnie,wielokrotnie,wielokrotnie,unknown,wielokrotnie,wordfreq:pl,wordfreq_seeded;deterministically_filtered;structurally_curated
pl,v1,3,2154,2178,większa,większa,większa,unknown,większa,wordfreq:pl,wordfreq_seeded;deterministically_filtered;structurally_curated
pl,v1,3,2155,2179,większy,większy,większy,unknown,większy,wordfreq:pl,wordfreq_seeded;deterministically_filtered;structurally_curated
pl,v1,3,2156,2180,wstyd,wstyd,wstyd,unknown,wstyd,wordfreq:pl,wordfreq_seeded;deterministically_filtered;structurally_curated
pl,v1,3,2157,2181,wydania,wydania,wydania,unknown,wydania,wordfreq:pl,wordfreq_seeded;deterministically_filtered;structurally_curated
pl,v1,3,2158,2182,występuje,występuje,występuje,unknown,występuje,wordfreq:pl,wordfreq_seeded;deterministically_filtered;structurally_curated
pl,v1,3,2159,2183,zaczynają,zaczynają,zaczynają,unknown,zaczynają,wordfreq:pl,wordfreq_seeded;deterministically_filtered;structurally_curated
pl,v1,3,2160,2184,zdobyć,zdobyć,zdobyć,unknown,zdobyć,wordfreq:pl,wordfreq_seeded;deterministically_filtered;structurally_curated
pl,v1,3,2161,2185,zwycięstwo,zwycięstwo,zwycięstwo,unknown,zwycięstwo,wordfreq:pl,wordfreq_seeded;deterministically_filtered;structurally_curated
pl,v1,3,2162,2187,adam,adam,adam,unknown,adam,wordfreq:pl,wordfreq_seeded;deterministically_filtered;structurally_curated
pl,v1,3,2163,2188,auto,auto,auto,unknown,auto,wordfreq:pl,wordfreq_seeded;deterministically_filtered;structurally_curated
pl,v1,3,2164,2189,autora,autora,autora,unknown,autora,wordfreq:pl,wordfreq_seeded;deterministically_filtered;structurally_curated
pl,v1,3,2165,2190,budowa,budowa,budowa,unknown,budowa,wordfreq:pl,wordfreq_seeded;deterministically_filtered;structurally_curated
pl,v1,3,2166,2191,budynków,budynków,budynków,unknown,budynków,wordfreq:pl,wordfreq_seeded;deterministically_filtered;structurally_curated
pl,v1,3,2167,2192,czekaj,czekaj,czekaj,unknown,czekaj,wordfreq:pl,wordfreq_seeded;deterministically_filtered;structurally_curated
pl,v1,3,2168,2193,dajcie,dajcie,dajcie,unknown,dajcie,wordfreq:pl,wordfreq_seeded;deterministically_filtered;structurally_curated
pl,v1,3,2169,2194,dniem,dniem,dniem,unknown,dniem,wordfreq:pl,wordfreq_seeded;deterministically_filtered;structurally_curated
pl,v1,3,2170,2195,francja,francja,francja,unknown,francja,wordfreq:pl,wordfreq_seeded;deterministically_filtered;structurally_curated
pl,v1,3,2171,2196,gwiazdy,gwiazdy,gwiazdy,unknown,gwiazdy,wordfreq:pl,wordfreq_seeded;deterministically_filtered;structurally_curated
pl,v1,3,2172,2197,głównego,głównego,głównego,unknown,głównego,wordfreq:pl,wordfreq_seeded;deterministically_filtered;structurally_curated
pl,v1,3,2173,2198,handlu,handlu,handlu,unknown,handlu,wordfreq:pl,wordfreq_seeded;deterministically_filtered;structurally_curated
pl,v1,3,2174,2199,info,info,info,unknown,info,wordfreq:pl,wordfreq_seeded;deterministically_filtered;structurally_curated
pl,v1,3,2175,2200,iv,iv,iv,unknown,iv,wordfreq:pl,wordfreq_seeded;deterministically_filtered;structurally_curated
pl,v1,3,2176,2201,jezusa,jezusa,jezusa,unknown,jezusa,wordfreq:pl,wordfreq_seeded;deterministically_filtered;structurally_curated
pl,v1,3,2177,2202,małym,małym,małym,unknown,małym,wordfreq:pl,wordfreq_seeded;deterministically_filtered;structurally_curated
pl,v1,3,2178,2203,milion,milion,milion,unknown,milion,wordfreq:pl,wordfreq_seeded;deterministically_filtered;structurally_curated
pl,v1,3,2179,2204,morza,morza,morza,unknown,morza,wordfreq:pl,wordfreq_seeded;deterministically_filtered;structurally_curated
pl,v1,3,2180,2205,młodzi,młodzi,młodzi,unknown,młodzi,wordfreq:pl,wordfreq_seeded;deterministically_filtered;structurally_curated
pl,v1,3,2181,2206,nauczyciele,nauczyciele,nauczyciele,unknown,nauczyciele,wordfreq:pl,wordfreq_seeded;deterministically_filtered;structurally_curated
pl,v1,3,2182,2207,obecnej,obecnej,obecnej,unknown,obecnej,wordfreq:pl,wordfreq_seeded;deterministically_filtered;structurally_curated
pl,v1,3,2183,2208,obecny,obecny,obecny,unknown,obecny,wordfreq:pl,wordfreq_seeded;deterministically_filtered;structurally_curated
pl,v1,3,2184,2209,okej,okej,okej,unknown,okej,wordfreq:pl,wordfreq_seeded;deterministically_filtered;structurally_curated
pl,v1,3,2185,2210,ostatniego,ostatniego,ostatniego,unknown,ostatniego,wordfreq:pl,wordfreq_seeded;deterministically_filtered;structurally_curated
pl,v1,3,2186,2211,piszą,piszą,piszą,unknown,piszą,wordfreq:pl,wordfreq_seeded;deterministically_filtered;structurally_curated
pl,v1,3,2187,2212,planu,planu,planu,unknown,planu,wordfreq:pl,wordfreq_seeded;deterministically_filtered;structurally_curated
pl,v1,3,2188,2213,początkowo,początkowo,początkowo,unknown,początkowo,wordfreq:pl,wordfreq_seeded;deterministically_filtered;structurally_curated
pl,v1,3,2189,2214,pozwolić,pozwolić,pozwolić,unknown,pozwolić,wordfreq:pl,wordfreq_seeded;deterministically_filtered;structurally_curated
pl,v1,3,2190,2215,pozycję,pozycję,pozycję,unknown,pozycję,wordfreq:pl,wordfreq_seeded;deterministically_filtered;structurally_curated
pl,v1,3,2191,2216,połączenie,połączenie,połączenie,unknown,połączenie,wordfreq:pl,wordfreq_seeded;deterministically_filtered;structurally_curated
pl,v1,3,2192,2217,programy,programy,programy,unknown,programy,wordfreq:pl,wordfreq_seeded;deterministically_filtered;structurally_curated
pl,v1,3,2193,2218,regularnie,regularnie,regularnie,unknown,regularnie,wordfreq:pl,wordfreq_seeded;deterministically_filtered;structurally_curated
pl,v1,3,2194,2219,społeczności,społeczności,społeczności,unknown,społeczności,wordfreq:pl,wordfreq_seeded;deterministically_filtered;structurally_curated
pl,v1,3,2195,2220,sprawach,sprawach,sprawach,unknown,sprawach,wordfreq:pl,wordfreq_seeded;deterministically_filtered;structurally_curated
pl,v1,3,2196,2221,sprzed,sprzed,sprzed,unknown,sprzed,wordfreq:pl,wordfreq_seeded;deterministically_filtered;structurally_curated
pl,v1,3,2197,2222,statystyki,statystyki,statystyki,unknown,statystyki,wordfreq:pl,wordfreq_seeded;deterministically_filtered;structurally_curated
pl,v1,3,2198,2223,stowarzyszenie,stowarzyszenie,stowarzyszenie,unknown,stowarzyszenie,wordfreq:pl,wordfreq_seeded;deterministically_filtered;structurally_curated
pl,v1,3,2199,2224,systemie,systemie,systemie,unknown,systemie,wordfreq:pl,wordfreq_seeded;deterministically_filtered;structurally_curated
pl,v1,3,2200,2225,szacunek,szacunek,szacunek,unknown,szacunek,wordfreq:pl,wordfreq_seeded;deterministically_filtered;structurally_curated
pl,v1,3,2201,2226,tyłu,tyłu,tyłu,unknown,tyłu,wordfreq:pl,wordfreq_seeded;deterministically_filtered;structurally_curated
pl,v1,3,2202,2227,uchodźców,uchodźców,uchodźców,unknown,uchodźców,wordfreq:pl,wordfreq_seeded;deterministically_filtered;structurally_curated
pl,v1,3,2203,2228,usługi,usługi,usługi,unknown,usługi,wordfreq:pl,wordfreq_seeded;deterministically_filtered;structurally_curated
pl,v1,3,2204,2229,uwierzyć,uwierzyć,uwierzyć,unknown,uwierzyć,wordfreq:pl,wordfreq_seeded;deterministically_filtered;structurally_curated
pl,v1,3,2205,2230,ważna,ważna,ważna,unknown,ważna,wordfreq:pl,wordfreq_seeded;deterministically_filtered;structurally_curated
pl,v1,3,2206,2231,wolnego,wolnego,wolnego,unknown,wolnego,wordfreq:pl,wordfreq_seeded;deterministically_filtered;structurally_curated
pl,v1,3,2207,2232,wydarzeń,wydarzeń,wydarzeń,unknown,wydarzeń,wordfreq:pl,wordfreq_seeded;deterministically_filtered;structurally_curated
pl,v1,3,2208,2233,wyjścia,wyjścia,wyjścia,unknown,wyjścia,wordfreq:pl,wordfreq_seeded;deterministically_filtered;structurally_curated
pl,v1,3,2209,2234,wyrok,wyrok,wyrok,unknown,wyrok,wordfreq:pl,wordfreq_seeded;deterministically_filtered;structurally_curated
pl,v1,3,2210,2235,wysoki,wysoki,wysoki,unknown,wysoki,wordfreq:pl,wordfreq_seeded;deterministically_filtered;structurally_curated
pl,v1,3,2211,2236,zabawy,zabawy,zabawy,unknown,zabawy,wordfreq:pl,wordfreq_seeded;deterministically_filtered;structurally_curated
pl,v1,3,2212,2237,zadania,zadania,zadania,unknown,zadania,wordfreq:pl,wordfreq_seeded;deterministically_filtered;structurally_curated
pl,v1,3,2213,2238,zakupy,zakupy,zakupy,unknown,zakupy,wordfreq:pl,wordfreq_seeded;deterministically_filtered;structurally_curated
pl,v1,3,2214,2239,zapraszam,zapraszam,zapraszam,unknown,zapraszam,wordfreq:pl,wordfreq_seeded;deterministically_filtered;structurally_curated
pl,v1,3,2215,2240,zarządu,zarządu,zarządu,unknown,zarządu,wordfreq:pl,wordfreq_seeded;deterministically_filtered;structurally_curated
pl,v1,3,2216,2241,zbrodni,zbrodni,zbrodni,unknown,zbrodni,wordfreq:pl,wordfreq_seeded;deterministically_filtered;structurally_curated
pl,v1,3,2217,2242,zdjęciu,zdjęciu,zdjęciu,unknown,zdjęciu,wordfreq:pl,wordfreq_seeded;deterministically_filtered;structurally_curated
pl,v1,3,2218,2243,zwierzęta,zwierzęta,zwierzęta,unknown,zwierzęta,wordfreq:pl,wordfreq_seeded;deterministically_filtered;structurally_curated
pl,v1,3,2219,2244,żadne,żadne,żadne,unknown,żadne,wordfreq:pl,wordfreq_seeded;deterministically_filtered;structurally_curated
pl,v1,3,2220,2245,żony,żony,żony,unknown,żony,wordfreq:pl,wordfreq_seeded;deterministically_filtered;structurally_curated
pl,v1,3,2221,2246,akt,akt,akt,unknown,akt,wordfreq:pl,wordfreq_seeded;deterministically_filtered;structurally_curated
pl,v1,3,2222,2247,ben,ben,ben,unknown,ben,wordfreq:pl,wordfreq_seeded;deterministically_filtered;structurally_curated
pl,v1,3,2223,2248,byle,byle,byle,unknown,byle,wordfreq:pl,wordfreq_seeded;deterministically_filtered;structurally_curated
pl,v1,3,2224,2249,byliśmy,byliśmy,byliśmy,unknown,byliśmy,wordfreq:pl,wordfreq_seeded;deterministically_filtered;structurally_curated
pl,v1,3,2225,2250,cele,cele,cele,unknown,cele,wordfreq:pl,wordfreq_seeded;deterministically_filtered;structurally_curated
pl,v1,3,2226,2251,choćby,choćby,choćby,unknown,choćby,wordfreq:pl,wordfreq_seeded;deterministically_filtered;structurally_curated
pl,v1,3,2227,2252,czerwony,czerwony,czerwony,unknown,czerwony,wordfreq:pl,wordfreq_seeded;deterministically_filtered;structurally_curated
pl,v1,3,2228,2253,czytam,czytam,czytam,unknown,czytam,wordfreq:pl,wordfreq_seeded;deterministically_filtered;structurally_curated
pl,v1,3,2229,2254,data,data,data,unknown,data,wordfreq:pl,wordfreq_seeded;deterministically_filtered;structurally_curated
pl,v1,3,2230,2255,dodatkowe,dodatkowe,dodatkowe,unknown,dodatkowe,wordfreq:pl,wordfreq_seeded;deterministically_filtered;structurally_curated
pl,v1,3,2231,2256,dół,dół,dół,unknown,dół,wordfreq:pl,wordfreq_seeded;deterministically_filtered;structurally_curated
pl,v1,3,2232,2257,długie,długie,długie,unknown,długie,wordfreq:pl,wordfreq_seeded;deterministically_filtered;structurally_curated
pl,v1,3,2233,2258,europejskiego,europejskiego,europejskiego,unknown,europejskiego,wordfreq:pl,wordfreq_seeded;deterministically_filtered;structurally_curated
pl,v1,3,2234,2259,fajny,fajny,fajny,unknown,fajny,wordfreq:pl,wordfreq_seeded;deterministically_filtered;structurally_curated
pl,v1,3,2235,2260,fanów,fanów,fanów,unknown,fanów,wordfreq:pl,wordfreq_seeded;deterministically_filtered;structurally_curated
pl,v1,3,2236,2261,głośno,głośno,głośno,unknown,głośno,wordfreq:pl,wordfreq_seeded;deterministically_filtered;structurally_curated
pl,v1,3,2237,2262,główną,główną,główną,unknown,główną,wordfreq:pl,wordfreq_seeded;deterministically_filtered;structurally_curated
pl,v1,3,2238,2263,hotelu,hotelu,hotelu,unknown,hotelu,wordfreq:pl,wordfreq_seeded;deterministically_filtered;structurally_curated
pl,v1,3,2239,2264,idealnie,idealnie,idealnie,unknown,idealnie,wordfreq:pl,wordfreq_seeded;deterministically_filtered;structurally_curated
pl,v1,3,2240,2265,kawałek,kawałek,kawałek,unknown,kawałek,wordfreq:pl,wordfreq_seeded;deterministically_filtered;structurally_curated
pl,v1,3,2241,2266,klientów,klientów,klientów,unknown,klientów,wordfreq:pl,wordfreq_seeded;deterministically_filtered;structurally_curated
pl,v1,3,2242,2267,miastach,miastach,miastach,unknown,miastach,wordfreq:pl,wordfreq_seeded;deterministically_filtered;structurally_curated
pl,v1,3,2243,2268,muzykę,muzykę,muzykę,unknown,muzykę,wordfreq:pl,wordfreq_seeded;deterministically_filtered;structurally_curated
pl,v1,3,2244,2269,największą,największą,największą,unknown,największą,wordfreq:pl,wordfreq_seeded;deterministically_filtered;structurally_curated
pl,v1,3,2245,2270,niemożliwe,niemożliwe,niemożliwe,unknown,niemożliwe,wordfreq:pl,wordfreq_seeded;deterministically_filtered;structurally_curated
pl,v1,3,2246,2271,obiad,obiad,obiad,unknown,obiad,wordfreq:pl,wordfreq_seeded;deterministically_filtered;structurally_curated
pl,v1,3,2247,2272,ochotę,ochotę,ochotę,unknown,ochotę,wordfreq:pl,wordfreq_seeded;deterministically_filtered;structurally_curated
pl,v1,3,2248,2273,odpowiedzialności,odpowiedzialności,odpowiedzialności,unknown,odpowiedzialności,wordfreq:pl,wordfreq_seeded;deterministically_filtered;structurally_curated
pl,v1,3,2249,2274,okazję,okazję,okazję,unknown,okazję,wordfreq:pl,wordfreq_seeded;deterministically_filtered;structurally_curated
pl,v1,3,2250,2275,owszem,owszem,owszem,unknown,owszem,wordfreq:pl,wordfreq_seeded;deterministically_filtered;structurally_curated
pl,v1,3,2251,2276,podobny,podobny,podobny,unknown,podobny,wordfreq:pl,wordfreq_seeded;deterministically_filtered;structurally_curated
pl,v1,3,2252,2277,pole,pole,pole,unknown,pole,wordfreq:pl,wordfreq_seeded;deterministically_filtered;structurally_curated
pl,v1,3,2253,2278,poseł,poseł,poseł,unknown,poseł,wordfreq:pl,wordfreq_seeded;deterministically_filtered;structurally_curated
pl,v1,3,2254,2279,potrzebują,potrzebują,potrzebują,unknown,potrzebują,wordfreq:pl,wordfreq_seeded;deterministically_filtered;structurally_curated
pl,v1,3,2255,2280,powstała,powstała,powstała,unknown,powstała,wordfreq:pl,wordfreq_seeded;deterministically_filtered;structurally_curated
pl,v1,3,2256,2281,prl,prl,prl,unknown,prl,wordfreq:pl,wordfreq_seeded;deterministically_filtered;structurally_curated
pl,v1,3,2257,2282,produkcja,produkcja,produkcja,unknown,produkcja,wordfreq:pl,wordfreq_seeded;deterministically_filtered;structurally_curated
pl,v1,3,2258,2283,przemysłu,przemysłu,przemysłu,unknown,przemysłu,wordfreq:pl,wordfreq_seeded;deterministically_filtered;structurally_curated
pl,v1,3,2259,2284,reklamy,reklamy,reklamy,unknown,reklamy,wordfreq:pl,wordfreq_seeded;deterministically_filtered;structurally_curated
pl,v1,3,2260,2285,resztę,resztę,resztę,unknown,resztę,wordfreq:pl,wordfreq_seeded;deterministically_filtered;structurally_curated
pl,v1,3,2261,2286,rodziną,rodziną,rodziną,unknown,rodziną,wordfreq:pl,wordfreq_seeded;deterministically_filtered;structurally_curated
pl,v1,3,2262,2287,rozpoczęła,rozpoczęła,rozpoczęła,unknown,rozpoczęła,wordfreq:pl,wordfreq_seeded;deterministically_filtered;structurally_curated
pl,v1,3,2263,2288,rozumiesz,rozumiesz,rozumiesz,unknown,rozumiesz,wordfreq:pl,wordfreq_seeded;deterministically_filtered;structurally_curated
pl,v1,3,2264,2289,seria,seria,seria,unknown,seria,wordfreq:pl,wordfreq_seeded;deterministically_filtered;structurally_curated
pl,v1,3,2265,2290,sieć,sieć,sieć,unknown,sieć,wordfreq:pl,wordfreq_seeded;deterministically_filtered;structurally_curated
pl,v1,3,2266,2291,siostry,siostry,siostry,unknown,siostry,wordfreq:pl,wordfreq_seeded;deterministically_filtered;structurally_curated
pl,v1,3,2267,2292,spokoju,spokoju,spokoju,unknown,spokoju,wordfreq:pl,wordfreq_seeded;deterministically_filtered;structurally_curated
pl,v1,3,2268,2293,spotkaniu,spotkaniu,spotkaniu,unknown,spotkaniu,wordfreq:pl,wordfreq_seeded;deterministically_filtered;structurally_curated
pl,v1,3,2269,2294,starego,starego,starego,unknown,starego,wordfreq:pl,wordfreq_seeded;deterministically_filtered;structurally_curated
pl,v1,3,2270,2295,stronach,stronach,stronach,unknown,stronach,wordfreq:pl,wordfreq_seeded;deterministically_filtered;structurally_curated
pl,v1,3,2271,2296,stworzyć,stworzyć,stworzyć,unknown,stworzyć,wordfreq:pl,wordfreq_seeded;deterministically_filtered;structurally_curated
pl,v1,3,2272,2297,szans,szans,szans,unknown,szans,wordfreq:pl,wordfreq_seeded;deterministically_filtered;structurally_curated
pl,v1,3,2273,2298,tekstu,tekstu,tekstu,unknown,tekstu,wordfreq:pl,wordfreq_seeded;deterministically_filtered;structurally_curated
pl,v1,3,2274,2299,tematy,tematy,tematy,unknown,tematy,wordfreq:pl,wordfreq_seeded;deterministically_filtered;structurally_curated
pl,v1,3,2275,2300,test,test,test,unknown,test,wordfreq:pl,wordfreq_seeded;deterministically_filtered;structurally_curated
pl,v1,3,2276,2301,transportu,transportu,transportu,unknown,transportu,wordfreq:pl,wordfreq_seeded;deterministically_filtered;structurally_curated
pl,v1,3,2277,2302,uczniowie,uczniowie,uczniowie,unknown,uczniowie,wordfreq:pl,wordfreq_seeded;deterministically_filtered;structurally_curated
pl,v1,3,2278,2303,utrzymać,utrzymać,utrzymać,unknown,utrzymać,wordfreq:pl,wordfreq_seeded;deterministically_filtered;structurally_curated
pl,v1,3,2279,2304,wiedziałam,wiedziałam,wiedziałam,unknown,wiedziałam,wordfreq:pl,wordfreq_seeded;deterministically_filtered;structurally_curated
pl,v1,3,2280,2305,wiedziałem,wiedziałem,wiedziałem,unknown,wiedziałem,wordfreq:pl,wordfreq_seeded;deterministically_filtered;structurally_curated
pl,v1,3,2281,2306,wiedzę,wiedzę,wiedzę,unknown,wiedzę,wordfreq:pl,wordfreq_seeded;deterministically_filtered;structurally_curated
pl,v1,3,2282,2307,wprost,wprost,wprost,unknown,wprost,wordfreq:pl,wordfreq_seeded;deterministically_filtered;structurally_curated
pl,v1,3,2283,2308,wykorzystać,wykorzystać,wykorzystać,unknown,wykorzystać,wordfreq:pl,wordfreq_seeded;deterministically_filtered;structurally_curated
pl,v1,3,2284,2309,założyć,założyć,założyć,unknown,założyć,wordfreq:pl,wordfreq_seeded;deterministically_filtered;structurally_curated
pl,v1,3,2285,2310,zdarza,zdarza,zdarza,unknown,zdarza,wordfreq:pl,wordfreq_seeded;deterministically_filtered;structurally_curated
pl,v1,3,2286,2311,zwrócić,zwrócić,zwrócić,unknown,zwrócić,wordfreq:pl,wordfreq_seeded;deterministically_filtered;structurally_curated
pl,v1,3,2287,2312,śmieci,śmieci,śmieci,unknown,śmieci,wordfreq:pl,wordfreq_seeded;deterministically_filtered;structurally_curated
pl,v1,3,2288,2313,badanie,badanie,badanie,unknown,badanie,wordfreq:pl,wordfreq_seeded;deterministically_filtered;structurally_curated
pl,v1,3,2289,2314,białe,białe,białe,unknown,białe,wordfreq:pl,wordfreq_seeded;deterministically_filtered;structurally_curated
pl,v1,3,2290,2315,czwartek,czwartek,czwartek,unknown,czwartek,wordfreq:pl,wordfreq_seeded;deterministically_filtered;structurally_curated
pl,v1,3,2291,2316,czynienia,czynienia,czynienia,unknown,czynienia,wordfreq:pl,wordfreq_seeded;deterministically_filtered;structurally_curated
pl,v1,3,2292,2317,członkiem,członkiem,członkiem,unknown,członkiem,wordfreq:pl,wordfreq_seeded;deterministically_filtered;structurally_curated
pl,v1,3,2293,2318,dokumenty,dokumenty,dokumenty,unknown,dokumenty,wordfreq:pl,wordfreq_seeded;deterministically_filtered;structurally_curated
pl,v1,3,2294,2319,dostanie,dostanie,dostanie,unknown,dostanie,wordfreq:pl,wordfreq_seeded;deterministically_filtered;structurally_curated
pl,v1,3,2295,2320,dowodów,dowodów,dowodów,unknown,dowodów,wordfreq:pl,wordfreq_seeded;deterministically_filtered;structurally_curated
pl,v1,3,2296,2321,dwoma,dwoma,dwoma,unknown,dwoma,wordfreq:pl,wordfreq_seeded;deterministically_filtered;structurally_curated
pl,v1,3,2297,2322,dzieciom,dzieciom,dzieciom,unknown,dzieciom,wordfreq:pl,wordfreq_seeded;deterministically_filtered;structurally_curated
pl,v1,3,2298,2323,emocje,emocje,emocje,unknown,emocje,wordfreq:pl,wordfreq_seeded;deterministically_filtered;structurally_curated
pl,v1,3,2299,2324,europa,europa,europa,unknown,europa,wordfreq:pl,wordfreq_seeded;deterministically_filtered;structurally_curated
pl,v1,3,2300,2325,europejskich,europejskich,europejskich,unknown,europejskich,wordfreq:pl,wordfreq_seeded;deterministically_filtered;structurally_curated
pl,v1,3,2301,2326,festiwal,festiwal,festiwal,unknown,festiwal,wordfreq:pl,wordfreq_seeded;deterministically_filtered;structurally_curated
pl,v1,3,2302,2327,forma,forma,forma,unknown,forma,wordfreq:pl,wordfreq_seeded;deterministically_filtered;structurally_curated
pl,v1,3,2303,2328,jestes,jestes,jestes,unknown,jestes,wordfreq:pl,wordfreq_seeded;deterministically_filtered;structurally_curated
pl,v1,3,2304,2329,kobietę,kobietę,kobietę,unknown,kobietę,wordfreq:pl,wordfreq_seeded;deterministically_filtered;structurally_curated
pl,v1,3,2305,2330,kolejną,kolejną,kolejną,unknown,kolejną,wordfreq:pl,wordfreq_seeded;deterministically_filtered;structurally_curated
pl,v1,3,2306,2331,komentarzy,komentarzy,komentarzy,unknown,komentarzy,wordfreq:pl,wordfreq_seeded;deterministically_filtered;structurally_curated
pl,v1,3,2307,2332,ksiądz,ksiądz,ksiądz,unknown,ksiądz,wordfreq:pl,wordfreq_seeded;deterministically_filtered;structurally_curated
pl,v1,3,2308,2333,ktos,ktos,ktos,unknown,ktos,wordfreq:pl,wordfreq_seeded;deterministically_filtered;structurally_curated
pl,v1,3,2309,2334,kwiaty,kwiaty,kwiaty,unknown,kwiaty,wordfreq:pl,wordfreq_seeded;deterministically_filtered;structurally_curated
pl,v1,3,2310,2335,lepszego,lepszego,lepszego,unknown,lepszego,wordfreq:pl,wordfreq_seeded;deterministically_filtered;structurally_curated
pl,v1,3,2311,2336,międzynarodowej,międzynarodowej,międzynarodowej,unknown,międzynarodowej,wordfreq:pl,wordfreq_seeded;deterministically_filtered;structurally_curated
pl,v1,3,2312,2337,nieważne,nieważne,nieważne,unknown,nieważne,wordfreq:pl,wordfreq_seeded;deterministically_filtered;structurally_curated
pl,v1,3,2313,2338,opowiada,opowiada,opowiada,unknown,opowiada,wordfreq:pl,wordfreq_seeded;deterministically_filtered;structurally_curated
pl,v1,3,2314,2339,perspektywy,perspektywy,perspektywy,unknown,perspektywy,wordfreq:pl,wordfreq_seeded;deterministically_filtered;structurally_curated
pl,v1,3,2315,2340,poglądy,poglądy,poglądy,unknown,poglądy,wordfreq:pl,wordfreq_seeded;deterministically_filtered;structurally_curated
pl,v1,3,2316,2341,pojawiają,pojawiają,pojawiają,unknown,pojawiają,wordfreq:pl,wordfreq_seeded;deterministically_filtered;structurally_curated
pl,v1,3,2317,2342,przyjaciele,przyjaciele,przyjaciele,unknown,przyjaciele,wordfreq:pl,wordfreq_seeded;deterministically_filtered;structurally_curated
pl,v1,3,2318,2343,radia,radia,radia,unknown,radia,wordfreq:pl,wordfreq_seeded;deterministically_filtered;structurally_curated
pl,v1,3,2319,2344,relacje,relacje,relacje,unknown,relacje,wordfreq:pl,wordfreq_seeded;deterministically_filtered;structurally_curated
pl,v1,3,2320,2345,stwierdził,stwierdził,stwierdził,unknown,stwierdził,wordfreq:pl,wordfreq_seeded;deterministically_filtered;structurally_curated
pl,v1,3,2321,2346,słabo,słabo,słabo,unknown,słabo,wordfreq:pl,wordfreq_seeded;deterministically_filtered;structurally_curated
pl,v1,3,2322,2347,tradycji,tradycji,tradycji,unknown,tradycji,wordfreq:pl,wordfreq_seeded;deterministically_filtered;structurally_curated
pl,v1,3,2323,2348,trzymać,trzymać,trzymać,unknown,trzymać,wordfreq:pl,wordfreq_seeded;deterministically_filtered;structurally_curated
pl,v1,3,2324,2349,tworzą,tworzą,tworzą,unknown,tworzą,wordfreq:pl,wordfreq_seeded;deterministically_filtered;structurally_curated
pl,v1,3,2325,2350,uczelni,uczelni,uczelni,unknown,uczelni,wordfreq:pl,wordfreq_seeded;deterministically_filtered;structurally_curated
pl,v1,3,2326,2351,uzyskać,uzyskać,uzyskać,unknown,uzyskać,wordfreq:pl,wordfreq_seeded;deterministically_filtered;structurally_curated
pl,v1,3,2327,2352,widzimy,widzimy,widzimy,unknown,widzimy,wordfreq:pl,wordfreq_seeded;deterministically_filtered;structurally_curated
pl,v1,3,2328,2353,wiecej,wiecej,wiecej,unknown,wiecej,wordfreq:pl,wordfreq_seeded;deterministically_filtered;structurally_curated
pl,v1,3,2329,2354,wielkich,wielkich,wielkich,unknown,wielkich,wordfreq:pl,wordfreq_seeded;deterministically_filtered;structurally_curated
pl,v1,3,2330,2355,wpływu,wpływu,wpływu,unknown,wpływu,wordfreq:pl,wordfreq_seeded;deterministically_filtered;structurally_curated
pl,v1,3,2331,2356,wykonane,wykonane,wykonane,unknown,wykonane,wordfreq:pl,wordfreq_seeded;deterministically_filtered;structurally_curated
pl,v1,3,2332,2357,wyników,wyników,wyników,unknown,wyników,wordfreq:pl,wordfreq_seeded;deterministically_filtered;structurally_curated
pl,v1,3,2333,2358,wzdłuż,wzdłuż,wzdłuż,unknown,wzdłuż,wordfreq:pl,wordfreq_seeded;deterministically_filtered;structurally_curated
pl,v1,3,2334,2359,właściciel,właściciel,właściciel,unknown,właściciel,wordfreq:pl,wordfreq_seeded;deterministically_filtered;structurally_curated
pl,v1,3,2335,2360,zamian,zamian,zamian,unknown,zamian,wordfreq:pl,wordfreq_seeded;deterministically_filtered;structurally_curated
pl,v1,3,2336,2361,ziemia,ziemia,ziemia,unknown,ziemia,wordfreq:pl,wordfreq_seeded;deterministically_filtered;structurally_curated
pl,v1,3,2337,2362,znalazłem,znalazłem,znalazłem,unknown,znalazłem,wordfreq:pl,wordfreq_seeded;deterministically_filtered;structurally_curated
pl,v1,3,2338,2363,zrobiłam,zrobiłam,zrobiłam,unknown,zrobiłam,wordfreq:pl,wordfreq_seeded;deterministically_filtered;structurally_curated
pl,v1,3,2339,2364,środowisko,środowisko,środowisko,unknown,środowisko,wordfreq:pl,wordfreq_seeded;deterministically_filtered;structurally_curated
pl,v1,3,2340,2365,armia,armia,armia,unknown,armia,wordfreq:pl,wordfreq_seeded;deterministically_filtered;structurally_curated
pl,v1,3,2341,2366,biznes,biznes,biznes,unknown,biznes,wordfreq:pl,wordfreq_seeded;deterministically_filtered;structurally_curated
pl,v1,3,2342,2367,byłaby,byłaby,byłaby,unknown,byłaby,wordfreq:pl,wordfreq_seeded;deterministically_filtered;structurally_curated
pl,v1,3,2343,2368,bólu,bólu,bólu,unknown,bólu,wordfreq:pl,wordfreq_seeded;deterministically_filtered;structurally_curated
pl,v1,3,2344,2369,całość,całość,całość,unknown,całość,wordfreq:pl,wordfreq_seeded;deterministically_filtered;structurally_curated
pl,v1,3,2345,2370,chronić,chronić,chronić,unknown,chronić,wordfreq:pl,wordfreq_seeded;deterministically_filtered;structurally_curated
pl,v1,3,2346,2371,czujesz,czujesz,czujesz,unknown,czujesz,wordfreq:pl,wordfreq_seeded;deterministically_filtered;structurally_curated
pl,v1,3,2347,2372,dochodzi,dochodzi,dochodzi,unknown,dochodzi,wordfreq:pl,wordfreq_seeded;deterministically_filtered;structurally_curated
pl,v1,3,2348,2373,dodaje,dodaje,dodaje,unknown,dodaje,wordfreq:pl,wordfreq_seeded;deterministically_filtered;structurally_curated
pl,v1,3,2349,2374,fragment,fragment,fragment,unknown,fragment,wordfreq:pl,wordfreq_seeded;deterministically_filtered;structurally_curated
pl,v1,3,2350,2375,godz,godz,godz,unknown,godz,wordfreq:pl,wordfreq_seeded;deterministically_filtered;structurally_curated
pl,v1,3,2351,2376,główna,główna,główna,unknown,główna,wordfreq:pl,wordfreq_seeded;deterministically_filtered;structurally_curated
pl,v1,3,2352,2377,jedzie,jedzie,jedzie,unknown,jedzie,wordfreq:pl,wordfreq_seeded;deterministically_filtered;structurally_curated
pl,v1,3,2353,2378,kandydatów,kandydatów,kandydatów,unknown,kandydatów,wordfreq:pl,wordfreq_seeded;deterministically_filtered;structurally_curated
pl,v1,3,2354,2379,kary,kary,kary,unknown,kary,wordfreq:pl,wordfreq_seeded;deterministically_filtered;structurally_curated
pl,v1,3,2355,2380,las,las,las,unknown,las,wordfreq:pl,wordfreq_seeded;deterministically_filtered;structurally_curated
pl,v1,3,2356,2381,marsz,marsz,marsz,unknown,marsz,wordfreq:pl,wordfreq_seeded;deterministically_filtered;structurally_curated
pl,v1,3,2357,2382,ministerstwa,ministerstwa,ministerstwa,unknown,ministerstwa,wordfreq:pl,wordfreq_seeded;deterministically_filtered;structurally_curated
pl,v1,3,2358,2383,myślenia,myślenia,myślenia,unknown,myślenia,wordfreq:pl,wordfreq_seeded;deterministically_filtered;structurally_curated
pl,v1,3,2359,2384,najgorsze,najgorsze,najgorsze,unknown,najgorsze,wordfreq:pl,wordfreq_seeded;deterministically_filtered;structurally_curated
pl,v1,3,2360,2385,nienawiści,nienawiści,nienawiści,unknown,nienawiści,wordfreq:pl,wordfreq_seeded;deterministically_filtered;structurally_curated
pl,v1,3,2361,2386,obejmuje,obejmuje,obejmuje,unknown,obejmuje,wordfreq:pl,wordfreq_seeded;deterministically_filtered;structurally_curated
pl,v1,3,2362,2387,obrazy,obrazy,obrazy,unknown,obrazy,wordfreq:pl,wordfreq_seeded;deterministically_filtered;structurally_curated
pl,v1,3,2363,2388,obszarze,obszarze,obszarze,unknown,obszarze,wordfreq:pl,wordfreq_seeded;deterministically_filtered;structurally_curated
pl,v1,3,2364,2389,oddać,oddać,oddać,unknown,oddać,wordfreq:pl,wordfreq_seeded;deterministically_filtered;structurally_curated
pl,v1,3,2365,2390,oj,oj,oj,unknown,oj,wordfreq:pl,wordfreq_seeded;deterministically_filtered;structurally_curated
pl,v1,3,2366,2391,osiągnięcia,osiągnięcia,osiągnięcia,unknown,osiągnięcia,wordfreq:pl,wordfreq_seeded;deterministically_filtered;structurally_curated
pl,v1,3,2367,2392,ostatnią,ostatnią,ostatnią,unknown,ostatnią,wordfreq:pl,wordfreq_seeded;deterministically_filtered;structurally_curated
pl,v1,3,2368,2393,placu,placu,placu,unknown,placu,wordfreq:pl,wordfreq_seeded;deterministically_filtered;structurally_curated
pl,v1,3,2369,2394,pozwoli,pozwoli,pozwoli,unknown,pozwoli,wordfreq:pl,wordfreq_seeded;deterministically_filtered;structurally_curated
pl,v1,3,2370,2395,produktów,produktów,produktów,unknown,produktów,wordfreq:pl,wordfreq_seeded;deterministically_filtered;structurally_curated
pl,v1,3,2371,2396,przepisów,przepisów,przepisów,unknown,przepisów,wordfreq:pl,wordfreq_seeded;deterministically_filtered;structurally_curated
pl,v1,3,2372,2397,publikacji,publikacji,publikacji,unknown,publikacji,wordfreq:pl,wordfreq_seeded;deterministically_filtered;structurally_curated
pl,v1,3,2373,2398,reakcja,reakcja,reakcja,unknown,reakcja,wordfreq:pl,wordfreq_seeded;deterministically_filtered;structurally_curated
pl,v1,3,2374,2399,rąk,rąk,rąk,unknown,rąk,wordfreq:pl,wordfreq_seeded;deterministically_filtered;structurally_curated
pl,v1,3,2375,2400,samochodów,samochodów,samochodów,unknown,samochodów,wordfreq:pl,wordfreq_seeded;deterministically_filtered;structurally_curated
pl,v1,3,2376,2401,se,se,se,unknown,se,wordfreq:pl,wordfreq_seeded;deterministically_filtered;structurally_curated
pl,v1,3,2377,2402,start,start,start,unknown,start,wordfreq:pl,wordfreq_seeded;deterministically_filtered;structurally_curated
pl,v1,3,2378,2403,szczyt,szczyt,szczyt,unknown,szczyt,wordfreq:pl,wordfreq_seeded;deterministically_filtered;structurally_curated
pl,v1,3,2379,2404,szkołach,szkołach,szkołach,unknown,szkołach,wordfreq:pl,wordfreq_seeded;deterministically_filtered;structurally_curated
pl,v1,3,2380,2405,treść,treść,treść,unknown,treść,wordfreq:pl,wordfreq_seeded;deterministically_filtered;structurally_curated
pl,v1,3,2381,2406,urodziny,urodziny,urodziny,unknown,urodziny,wordfreq:pl,wordfreq_seeded;deterministically_filtered;structurally_curated
pl,v1,3,2382,2407,używane,używane,używane,unknown,używane,wordfreq:pl,wordfreq_seeded;deterministically_filtered;structurally_curated
pl,v1,3,2383,2408,walkę,walkę,walkę,unknown,walkę,wordfreq:pl,wordfreq_seeded;deterministically_filtered;structurally_curated
pl,v1,3,2384,2409,wow,wow,wow,unknown,wow,wordfreq:pl,wordfreq_seeded;deterministically_filtered;structurally_curated
pl,v1,3,2385,2410,wprowadzenie,wprowadzenie,wprowadzenie,unknown,wprowadzenie,wordfreq:pl,wordfreq_seeded;deterministically_filtered;structurally_curated
pl,v1,3,2386,2411,wygrać,wygrać,wygrać,unknown,wygrać,wordfreq:pl,wordfreq_seeded;deterministically_filtered;structurally_curated
pl,v1,3,2387,2412,wyspy,wyspy,wyspy,unknown,wyspy,wordfreq:pl,wordfreq_seeded;deterministically_filtered;structurally_curated
pl,v1,3,2388,2413,zależności,zależności,zależności,unknown,zależności,wordfreq:pl,wordfreq_seeded;deterministically_filtered;structurally_curated
pl,v1,3,2389,2414,zapewnić,zapewnić,zapewnić,unknown,zapewnić,wordfreq:pl,wordfreq_seeded;deterministically_filtered;structurally_curated
pl,v1,3,2390,2415,świetne,świetne,świetne,unknown,świetne,wordfreq:pl,wordfreq_seeded;deterministically_filtered;structurally_curated
pl,v1,3,2391,2416,życzę,życzę,życzę,unknown,życzę,wordfreq:pl,wordfreq_seeded;deterministically_filtered;structurally_curated
pl,v1,3,2392,2417,żydów,żydów,żydów,unknown,żydów,wordfreq:pl,wordfreq_seeded;deterministically_filtered;structurally_curated
pl,v1,3,2393,2418,all,all,all,unknown,all,wordfreq:pl,wordfreq_seeded;deterministically_filtered;structurally_curated
pl,v1,3,2394,2419,artykułów,artykułów,artykułów,unknown,artykułów,wordfreq:pl,wordfreq_seeded;deterministically_filtered;structurally_curated
pl,v1,3,2395,2420,bronią,bronią,bronią,unknown,bronią,wordfreq:pl,wordfreq_seeded;deterministically_filtered;structurally_curated
pl,v1,3,2396,2421,cholera,cholera,cholera,unknown,cholera,wordfreq:pl,wordfreq_seeded;deterministically_filtered;structurally_curated
pl,v1,3,2397,2422,dyrektora,dyrektora,dyrektora,unknown,dyrektora,wordfreq:pl,wordfreq_seeded;deterministically_filtered;structurally_curated
pl,v1,3,2398,2423,działo,działo,działo,unknown,działo,wordfreq:pl,wordfreq_seeded;deterministically_filtered;structurally_curated
pl,v1,3,2399,2424,granice,granice,granice,unknown,granice,wordfreq:pl,wordfreq_seeded;deterministically_filtered;structurally_curated
pl,v1,3,2400,2425,kobietą,kobietą,kobietą,unknown,kobietą,wordfreq:pl,wordfreq_seeded;deterministically_filtered;structurally_curated
pl,v1,3,2401,2426,kontrolę,kontrolę,kontrolę,unknown,kontrolę,wordfreq:pl,wordfreq_seeded;deterministically_filtered;structurally_curated
pl,v1,3,2402,2427,ktokolwiek,ktokolwiek,ktokolwiek,unknown,ktokolwiek,wordfreq:pl,wordfreq_seeded;deterministically_filtered;structurally_curated
pl,v1,3,2403,2428,materiału,materiału,materiału,unknown,materiału,wordfreq:pl,wordfreq_seeded;deterministically_filtered;structurally_curated
pl,v1,3,2404,2429,mówili,mówili,mówili,unknown,mówili,wordfreq:pl,wordfreq_seeded;deterministically_filtered;structurally_curated
pl,v1,3,2405,2430,mówimy,mówimy,mówimy,unknown,mówimy,wordfreq:pl,wordfreq_seeded;deterministically_filtered;structurally_curated
pl,v1,3,2406,2431,naród,naród,naród,unknown,naród,wordfreq:pl,wordfreq_seeded;deterministically_filtered;structurally_curated
pl,v1,3,2407,2432,nienawidzę,nienawidzę,nienawidzę,unknown,nienawidzę,wordfreq:pl,wordfreq_seeded;deterministically_filtered;structurally_curated
pl,v1,3,2408,2433,nieźle,nieźle,nieźle,unknown,nieźle,wordfreq:pl,wordfreq_seeded;deterministically_filtered;structurally_curated
pl,v1,3,2409,2434,normalne,normalne,normalne,unknown,normalne,wordfreq:pl,wordfreq_seeded;deterministically_filtered;structurally_curated
pl,v1,3,2410,2435,obronie,obronie,obronie,unknown,obronie,wordfreq:pl,wordfreq_seeded;deterministically_filtered;structurally_curated
pl,v1,3,2411,2436,odpowiedzialność,odpowiedzialność,odpowiedzialność,unknown,odpowiedzialność,wordfreq:pl,wordfreq_seeded;deterministically_filtered;structurally_curated
pl,v1,3,2412,2437,opinię,opinię,opinię,unknown,opinię,wordfreq:pl,wordfreq_seeded;deterministically_filtered;structurally_curated
pl,v1,3,2413,2438,osiągnąć,osiągnąć,osiągnąć,unknown,osiągnąć,wordfreq:pl,wordfreq_seeded;deterministically_filtered;structurally_curated
pl,v1,3,2414,2439,pisał,pisał,pisał,unknown,pisał,wordfreq:pl,wordfreq_seeded;deterministically_filtered;structurally_curated
pl,v1,3,2415,2440,poznań,poznań,poznań,unknown,poznań,wordfreq:pl,wordfreq_seeded;deterministically_filtered;structurally_curated
pl,v1,3,2416,2441,pracują,pracują,pracują,unknown,pracują,wordfreq:pl,wordfreq_seeded;deterministically_filtered;structurally_curated
pl,v1,3,2417,2442,prawdziwym,prawdziwym,prawdziwym,unknown,prawdziwym,wordfreq:pl,wordfreq_seeded;deterministically_filtered;structurally_curated
pl,v1,3,2418,2443,prezydentem,prezydentem,prezydentem,unknown,prezydentem,wordfreq:pl,wordfreq_seeded;deterministically_filtered;structurally_curated
pl,v1,3,2419,2444,produkty,produkty,produkty,unknown,produkty,wordfreq:pl,wordfreq_seeded;deterministically_filtered;structurally_curated
pl,v1,3,2420,2445,przeciwieństwie,przeciwieństwie,przeciwieństwie,unknown,przeciwieństwie,wordfreq:pl,wordfreq_seeded;deterministically_filtered;structurally_curated
pl,v1,3,2421,2446,przekonać,przekonać,przekonać,unknown,przekonać,wordfreq:pl,wordfreq_seeded;deterministically_filtered;structurally_curated
pl,v1,3,2422,2447,przemocy,przemocy,przemocy,unknown,przemocy,wordfreq:pl,wordfreq_seeded;deterministically_filtered;structurally_curated
pl,v1,3,2423,2448,próbował,próbował,próbował,unknown,próbował,wordfreq:pl,wordfreq_seeded;deterministically_filtered;structurally_curated
pl,v1,3,2424,2449,restauracji,restauracji,restauracji,unknown,restauracji,wordfreq:pl,wordfreq_seeded;deterministically_filtered;structurally_curated
pl,v1,3,2425,2450,robimy,robimy,robimy,unknown,robimy,wordfreq:pl,wordfreq_seeded;deterministically_filtered;structurally_curated
pl,v1,3,2426,2451,sen,sen,sen,unknown,sen,wordfreq:pl,wordfreq_seeded;deterministically_filtered;structurally_curated
pl,v1,3,2427,2452,setki,setki,setki,unknown,setki,wordfreq:pl,wordfreq_seeded;deterministically_filtered;structurally_curated
pl,v1,3,2428,2453,skutek,skutek,skutek,unknown,skutek,wordfreq:pl,wordfreq_seeded;deterministically_filtered;structurally_curated
pl,v1,3,2429,2454,sprzedaż,sprzedaż,sprzedaż,unknown,sprzedaż,wordfreq:pl,wordfreq_seeded;deterministically_filtered;structurally_curated
pl,v1,3,2430,2455,stali,stali,stali,unknown,stali,wordfreq:pl,wordfreq_seeded;deterministically_filtered;structurally_curated
pl,v1,3,2431,2456,stop,stop,stop,unknown,stop,wordfreq:pl,wordfreq_seeded;deterministically_filtered;structurally_curated
pl,v1,3,2432,2457,ukrainie,ukrainie,ukrainie,unknown,ukrainie,wordfreq:pl,wordfreq_seeded;deterministically_filtered;structurally_curated
pl,v1,3,2433,2458,umowę,umowę,umowę,unknown,umowę,wordfreq:pl,wordfreq_seeded;deterministically_filtered;structurally_curated
pl,v1,3,2434,2459,uważają,uważają,uważają,unknown,uważają,wordfreq:pl,wordfreq_seeded;deterministically_filtered;structurally_curated
pl,v1,3,2435,2460,wami,wami,wami,unknown,wami,wordfreq:pl,wordfreq_seeded;deterministically_filtered;structurally_curated
pl,v1,3,2436,2461,wiedza,wiedza,wiedza,unknown,wiedza,wordfreq:pl,wordfreq_seeded;deterministically_filtered;structurally_curated
pl,v1,3,2437,2462,większych,większych,większych,unknown,większych,wordfreq:pl,wordfreq_seeded;deterministically_filtered;structurally_curated
pl,v1,3,2438,2463,wojsko,wojsko,wojsko,unknown,wojsko,wordfreq:pl,wordfreq_seeded;deterministically_filtered;structurally_curated
pl,v1,3,2439,2464,wspomnienia,wspomnienia,wspomnienia,unknown,wspomnienia,wordfreq:pl,wordfreq_seeded;deterministically_filtered;structurally_curated
pl,v1,3,2440,2465,wygląd,wygląd,wygląd,unknown,wygląd,wordfreq:pl,wordfreq_seeded;deterministically_filtered;structurally_curated
pl,v1,3,2441,2466,wyszedł,wyszedł,wyszedł,unknown,wyszedł,wordfreq:pl,wordfreq_seeded;deterministically_filtered;structurally_curated
pl,v1,3,2442,2467,zachować,zachować,zachować,unknown,zachować,wordfreq:pl,wordfreq_seeded;deterministically_filtered;structurally_curated
pl,v1,3,2443,2468,zeszłym,zeszłym,zeszłym,unknown,zeszłym,wordfreq:pl,wordfreq_seeded;deterministically_filtered;structurally_curated
pl,v1,3,2444,2469,znana,znana,znana,unknown,znana,wordfreq:pl,wordfreq_seeded;deterministically_filtered;structurally_curated
pl,v1,3,2445,2470,absolutnie,absolutnie,absolutnie,unknown,absolutnie,wordfreq:pl,wordfreq_seeded;deterministically_filtered;structurally_curated
pl,v1,3,2446,2471,autorstwa,autorstwa,autorstwa,unknown,autorstwa,wordfreq:pl,wordfreq_seeded;deterministically_filtered;structurally_curated
pl,v1,3,2447,2472,bazy,bazy,bazy,unknown,bazy,wordfreq:pl,wordfreq_seeded;deterministically_filtered;structurally_curated
pl,v1,3,2448,2473,będziecie,będziecie,będziecie,unknown,będziecie,wordfreq:pl,wordfreq_seeded;deterministically_filtered;structurally_curated
pl,v1,3,2449,2474,cyklu,cyklu,cyklu,unknown,cyklu,wordfreq:pl,wordfreq_seeded;deterministically_filtered;structurally_curated
pl,v1,3,2450,2475,czyta,czyta,czyta,unknown,czyta,wordfreq:pl,wordfreq_seeded;deterministically_filtered;structurally_curated
pl,v1,3,2451,2476,częściowo,częściowo,częściowo,unknown,częściowo,wordfreq:pl,wordfreq_seeded;deterministically_filtered;structurally_curated
pl,v1,3,2452,2477,decyzje,decyzje,decyzje,unknown,decyzje,wordfreq:pl,wordfreq_seeded;deterministically_filtered;structurally_curated
pl,v1,3,2453,2478,drużyna,drużyna,drużyna,unknown,drużyna,wordfreq:pl,wordfreq_seeded;deterministically_filtered;structurally_curated
pl,v1,3,2454,2479,drzew,drzew,drzew,unknown,drzew,wordfreq:pl,wordfreq_seeded;deterministically_filtered;structurally_curated
pl,v1,3,2455,2480,etc,etc,etc,unknown,etc,wordfreq:pl,wordfreq_seeded;deterministically_filtered;structurally_curated
pl,v1,3,2456,2481,francuski,francuski,francuski,unknown,francuski,wordfreq:pl,wordfreq_seeded;deterministically_filtered;structurally_curated
pl,v1,3,2457,2482,grze,grze,grze,unknown,grze,wordfreq:pl,wordfreq_seeded;deterministically_filtered;structurally_curated
pl,v1,3,2458,2483,głęboko,głęboko,głęboko,unknown,głęboko,wordfreq:pl,wordfreq_seeded;deterministically_filtered;structurally_curated
pl,v1,3,2459,2484,jasno,jasno,jasno,unknown,jasno,wordfreq:pl,wordfreq_seeded;deterministically_filtered;structurally_curated
pl,v1,3,2460,2485,koniecznie,koniecznie,koniecznie,unknown,koniecznie,wordfreq:pl,wordfreq_seeded;deterministically_filtered;structurally_curated
pl,v1,3,2461,2486,krzysztof,krzysztof,krzysztof,unknown,krzysztof,wordfreq:pl,wordfreq_seeded;deterministically_filtered;structurally_curated
pl,v1,3,2462,2487,krótko,krótko,krótko,unknown,krótko,wordfreq:pl,wordfreq_seeded;deterministically_filtered;structurally_curated
pl,v1,3,2463,2488,kurs,kurs,kurs,unknown,kurs,wordfreq:pl,wordfreq_seeded;deterministically_filtered;structurally_curated
pl,v1,3,2464,2489,letni,letni,letni,unknown,letni,wordfreq:pl,wordfreq_seeded;deterministically_filtered;structurally_curated
pl,v1,3,2465,2490,małego,małego,małego,unknown,małego,wordfreq:pl,wordfreq_seeded;deterministically_filtered;structurally_curated
pl,v1,3,2466,2491,michał,michał,michał,unknown,michał,wordfreq:pl,wordfreq_seeded;deterministically_filtered;structurally_curated
pl,v1,3,2467,2492,miesiącu,miesiącu,miesiącu,unknown,miesiącu,wordfreq:pl,wordfreq_seeded;deterministically_filtered;structurally_curated
pl,v1,3,2468,2493,międzynarodowych,międzynarodowych,międzynarodowych,unknown,międzynarodowych,wordfreq:pl,wordfreq_seeded;deterministically_filtered;structurally_curated
pl,v1,3,2469,2494,mózg,mózg,mózg,unknown,mózg,wordfreq:pl,wordfreq_seeded;deterministically_filtered;structurally_curated
pl,v1,3,2470,2495,następny,następny,następny,unknown,następny,wordfreq:pl,wordfreq_seeded;deterministically_filtered;structurally_curated
pl,v1,3,2471,2496,oba,oba,oba,unknown,oba,wordfreq:pl,wordfreq_seeded;deterministically_filtered;structurally_curated
pl,v1,3,2472,2497,odkąd,odkąd,odkąd,unknown,odkąd,wordfreq:pl,wordfreq_seeded;deterministically_filtered;structurally_curated
pl,v1,3,2473,2498,ogromne,ogromne,ogromne,unknown,ogromne,wordfreq:pl,wordfreq_seeded;deterministically_filtered;structurally_curated
pl,v1,3,2474,2499,panią,panią,panią,unknown,panią,wordfreq:pl,wordfreq_seeded;deterministically_filtered;structurally_curated
pl,v1,3,2475,2500,pary,pary,pary,unknown,pary,wordfreq:pl,wordfreq_seeded;deterministically_filtered;structurally_curated
pl,v1,3,2476,2501,pol,pol,pol,unknown,pol,wordfreq:pl,wordfreq_seeded;deterministically_filtered;structurally_curated
pl,v1,3,2477,2502,potrzebujemy,potrzebujemy,potrzebujemy,unknown,potrzebujemy,wordfreq:pl,wordfreq_seeded;deterministically_filtered;structurally_curated
pl,v1,3,2478,2503,powstrzymać,powstrzymać,powstrzymać,unknown,powstrzymać,wordfreq:pl,wordfreq_seeded;deterministically_filtered;structurally_curated
pl,v1,3,2479,2504,południe,południe,południe,unknown,południe,wordfreq:pl,wordfreq_seeded;deterministically_filtered;structurally_curated
pl,v1,3,2480,2505,programów,programów,programów,unknown,programów,wordfreq:pl,wordfreq_seeded;deterministically_filtered;structurally_curated
pl,v1,3,2481,2506,publicznie,publicznie,publicznie,unknown,publicznie,wordfreq:pl,wordfreq_seeded;deterministically_filtered;structurally_curated
pl,v1,3,2482,2507,rosyjskiego,rosyjskiego,rosyjskiego,unknown,rosyjskiego,wordfreq:pl,wordfreq_seeded;deterministically_filtered;structurally_curated
pl,v1,3,2483,2508,rozmowa,rozmowa,rozmowa,unknown,rozmowa,wordfreq:pl,wordfreq_seeded;deterministically_filtered;structurally_curated
pl,v1,3,2484,2509,rękach,rękach,rękach,unknown,rękach,wordfreq:pl,wordfreq_seeded;deterministically_filtered;structurally_curated
pl,v1,3,2485,2510,sekund,sekund,sekund,unknown,sekund,wordfreq:pl,wordfreq_seeded;deterministically_filtered;structurally_curated
pl,v1,3,2486,2511,sercu,sercu,sercu,unknown,sercu,wordfreq:pl,wordfreq_seeded;deterministically_filtered;structurally_curated
pl,v1,3,2487,2512,serwis,serwis,serwis,unknown,serwis,wordfreq:pl,wordfreq_seeded;deterministically_filtered;structurally_curated
pl,v1,3,2488,2513,siedzibą,siedzibą,siedzibą,unknown,siedzibą,wordfreq:pl,wordfreq_seeded;deterministically_filtered;structurally_curated
pl,v1,3,2489,2514,skarbie,skarbie,skarbie,unknown,skarbie,wordfreq:pl,wordfreq_seeded;deterministically_filtered;structurally_curated
pl,v1,3,2490,2515,specjalne,specjalne,specjalne,unknown,specjalne,wordfreq:pl,wordfreq_seeded;deterministically_filtered;structurally_curated
pl,v1,3,2491,2516,st,st,st,unknown,st,wordfreq:pl,wordfreq_seeded;deterministically_filtered;structurally_curated
pl,v1,3,2492,2517,starych,starych,starych,unknown,starych,wordfreq:pl,wordfreq_seeded;deterministically_filtered;structurally_curated
pl,v1,3,2493,2518,swej,swej,swej,unknown,swej,wordfreq:pl,wordfreq_seeded;deterministically_filtered;structurally_curated
pl,v1,3,2494,2519,szczegóły,szczegóły,szczegóły,unknown,szczegóły,wordfreq:pl,wordfreq_seeded;deterministically_filtered;structurally_curated
pl,v1,3,2495,2520,szeroko,szeroko,szeroko,unknown,szeroko,wordfreq:pl,wordfreq_seeded;deterministically_filtered;structurally_curated
pl,v1,3,2496,2522,uniwersytet,uniwersytet,uniwersytet,unknown,uniwersytet,wordfreq:pl,wordfreq_seeded;deterministically_filtered;structurally_curated
pl,v1,3,2497,2523,wbrew,wbrew,wbrew,unknown,wbrew,wordfreq:pl,wordfreq_seeded;deterministically_filtered;structurally_curated
pl,v1,3,2498,2524,wpis,wpis,wpis,unknown,wpis,wordfreq:pl,wordfreq_seeded;deterministically_filtered;structurally_curated
pl,v1,3,2499,2525,wrześniu,wrześniu,wrześniu,unknown,wrześniu,wordfreq:pl,wordfreq_seeded;deterministically_filtered;structurally_curated
pl,v1,3,2500,2526,wtorek,wtorek,wtorek,unknown,wtorek,wordfreq:pl,wordfreq_seeded;deterministically_filtered;structurally_curated
pl,v1,3,2501,2527,wynikiem,wynikiem,wynikiem,unknown,wynikiem,wordfreq:pl,wordfreq_seeded;deterministically_filtered;structurally_curated
pl,v1,3,2502,2528,zabawne,zabawne,zabawne,unknown,zabawne,wordfreq:pl,wordfreq_seeded;deterministically_filtered;structurally_curated
pl,v1,3,2503,2529,zaczęli,zaczęli,zaczęli,unknown,zaczęli,wordfreq:pl,wordfreq_seeded;deterministically_filtered;structurally_curated
pl,v1,3,2504,2530,zagrożenia,zagrożenia,zagrożenia,unknown,zagrożenia,wordfreq:pl,wordfreq_seeded;deterministically_filtered;structurally_curated
pl,v1,3,2505,2531,zapłacić,zapłacić,zapłacić,unknown,zapłacić,wordfreq:pl,wordfreq_seeded;deterministically_filtered;structurally_curated
pl,v1,3,2506,2532,założenia,założenia,założenia,unknown,założenia,wordfreq:pl,wordfreq_seeded;deterministically_filtered;structurally_curated
pl,v1,3,2507,2533,zmieniło,zmieniło,zmieniło,unknown,zmieniło,wordfreq:pl,wordfreq_seeded;deterministically_filtered;structurally_curated
pl,v1,3,2508,2534,znanych,znanych,znanych,unknown,znanych,wordfreq:pl,wordfreq_seeded;deterministically_filtered;structurally_curated
pl,v1,3,2509,2535,średnio,średnio,średnio,unknown,średnio,wordfreq:pl,wordfreq_seeded;deterministically_filtered;structurally_curated
pl,v1,3,2510,2536,środka,środka,środka,unknown,środka,wordfreq:pl,wordfreq_seeded;deterministically_filtered;structurally_curated
pl,v1,3,2511,2537,świadomość,świadomość,świadomość,unknown,świadomość,wordfreq:pl,wordfreq_seeded;deterministically_filtered;structurally_curated
pl,v1,3,2512,2538,świetna,świetna,świetna,unknown,świetna,wordfreq:pl,wordfreq_seeded;deterministically_filtered;structurally_curated
pl,v1,3,2513,2539,ameryce,ameryce,ameryce,unknown,ameryce,wordfreq:pl,wordfreq_seeded;deterministically_filtered;structurally_curated
pl,v1,3,2514,2540,amerykański,amerykański,amerykański,unknown,amerykański,wordfreq:pl,wordfreq_seeded;deterministically_filtered;structurally_curated
pl,v1,3,2515,2541,aresztowany,aresztowany,aresztowany,unknown,aresztowany,wordfreq:pl,wordfreq_seeded;deterministically_filtered;structurally_curated
pl,v1,3,2516,2542,city,city,city,unknown,city,wordfreq:pl,wordfreq_seeded;deterministically_filtered;structurally_curated
pl,v1,3,2517,2543,dodał,dodał,dodał,unknown,dodał,wordfreq:pl,wordfreq_seeded;deterministically_filtered;structurally_curated
pl,v1,3,2518,2544,dole,dole,dole,unknown,dole,wordfreq:pl,wordfreq_seeded;deterministically_filtered;structurally_curated
pl,v1,3,2519,2545,dostałem,dostałem,dostałem,unknown,dostałem,wordfreq:pl,wordfreq_seeded;deterministically_filtered;structurally_curated
pl,v1,3,2520,2546,działają,działają,działają,unknown,działają,wordfreq:pl,wordfreq_seeded;deterministically_filtered;structurally_curated
pl,v1,3,2521,2547,dziesięć,dziesięć,dziesięć,unknown,dziesięć,wordfreq:pl,wordfreq_seeded;deterministically_filtered;structurally_curated
pl,v1,3,2522,2548,dzieła,dzieła,dzieła,unknown,dzieła,wordfreq:pl,wordfreq_seeded;deterministically_filtered;structurally_curated
pl,v1,3,2523,2549,elementy,elementy,elementy,unknown,elementy,wordfreq:pl,wordfreq_seeded;deterministically_filtered;structurally_curated
pl,v1,3,2524,2550,fundacji,fundacji,fundacji,unknown,fundacji,wordfreq:pl,wordfreq_seeded;deterministically_filtered;structurally_curated
pl,v1,3,2525,2551,george,george,george,unknown,george,wordfreq:pl,wordfreq_seeded;deterministically_filtered;structurally_curated
pl,v1,3,2526,2552,gości,gości,gości,unknown,gości,wordfreq:pl,wordfreq_seeded;deterministically_filtered;structurally_curated
pl,v1,3,2527,2553,granicę,granicę,granicę,unknown,granicę,wordfreq:pl,wordfreq_seeded;deterministically_filtered;structurally_curated
pl,v1,3,2528,2554,gratulacje,gratulacje,gratulacje,unknown,gratulacje,wordfreq:pl,wordfreq_seeded;deterministically_filtered;structurally_curated
pl,v1,3,2529,2555,głowa,głowa,głowa,unknown,głowa,wordfreq:pl,wordfreq_seeded;deterministically_filtered;structurally_curated
pl,v1,3,2530,2556,harry,harry,harry,unknown,harry,wordfreq:pl,wordfreq_seeded;deterministically_filtered;structurally_curated
pl,v1,3,2531,2557,jednostek,jednostek,jednostek,unknown,jednostek,wordfreq:pl,wordfreq_seeded;deterministically_filtered;structurally_curated
pl,v1,3,2532,2558,kanał,kanał,kanał,unknown,kanał,wordfreq:pl,wordfreq_seeded;deterministically_filtered;structurally_curated
pl,v1,3,2533,2559,korzyści,korzyści,korzyści,unknown,korzyści,wordfreq:pl,wordfreq_seeded;deterministically_filtered;structurally_curated
pl,v1,3,2534,2560,lekarzy,lekarzy,lekarzy,unknown,lekarzy,wordfreq:pl,wordfreq_seeded;deterministically_filtered;structurally_curated
pl,v1,3,2535,2561,lokalnych,lokalnych,lokalnych,unknown,lokalnych,wordfreq:pl,wordfreq_seeded;deterministically_filtered;structurally_curated
pl,v1,3,2536,2562,małej,małej,małej,unknown,małej,wordfreq:pl,wordfreq_seeded;deterministically_filtered;structurally_curated
pl,v1,3,2537,2563,najlepszą,najlepszą,najlepszą,unknown,najlepszą,wordfreq:pl,wordfreq_seeded;deterministically_filtered;structurally_curated
pl,v1,3,2538,2564,najwyższy,najwyższy,najwyższy,unknown,najwyższy,wordfreq:pl,wordfreq_seeded;deterministically_filtered;structurally_curated
pl,v1,3,2539,2565,niz,niz,niz,unknown,niz,wordfreq:pl,wordfreq_seeded;deterministically_filtered;structurally_curated
pl,v1,3,2540,2566,obecność,obecność,obecność,unknown,obecność,wordfreq:pl,wordfreq_seeded;deterministically_filtered;structurally_curated
pl,v1,3,2541,2567,oczywiste,oczywiste,oczywiste,unknown,oczywiste,wordfreq:pl,wordfreq_seeded;deterministically_filtered;structurally_curated
pl,v1,3,2542,2568,odbył,odbył,odbył,unknown,odbył,wordfreq:pl,wordfreq_seeded;deterministically_filtered;structurally_curated
pl,v1,3,2543,2569,odnośnie,odnośnie,odnośnie,unknown,odnośnie,wordfreq:pl,wordfreq_seeded;deterministically_filtered;structurally_curated
pl,v1,3,2544,2570,organizacje,organizacje,organizacje,unknown,organizacje,wordfreq:pl,wordfreq_seeded;deterministically_filtered;structurally_curated
pl,v1,3,2545,2571,panu,panu,panu,unknown,panu,wordfreq:pl,wordfreq_seeded;deterministically_filtered;structurally_curated
pl,v1,3,2546,2572,piwo,piwo,piwo,unknown,piwo,wordfreq:pl,wordfreq_seeded;deterministically_filtered;structurally_curated
pl,v1,3,2547,2573,platformy,platformy,platformy,unknown,platformy,wordfreq:pl,wordfreq_seeded;deterministically_filtered;structurally_curated
pl,v1,3,2548,2574,polityk,polityk,polityk,unknown,polityk,wordfreq:pl,wordfreq_seeded;deterministically_filtered;structurally_curated
pl,v1,3,2549,2575,pracownik,pracownik,pracownik,unknown,pracownik,wordfreq:pl,wordfreq_seeded;deterministically_filtered;structurally_curated
pl,v1,3,2550,2576,profilu,profilu,profilu,unknown,profilu,wordfreq:pl,wordfreq_seeded;deterministically_filtered;structurally_curated
pl,v1,3,2551,2577,przygotować,przygotować,przygotować,unknown,przygotować,wordfreq:pl,wordfreq_seeded;deterministically_filtered;structurally_curated
pl,v1,3,2552,2578,przykładem,przykładem,przykładem,unknown,przykładem,wordfreq:pl,wordfreq_seeded;deterministically_filtered;structurally_curated
pl,v1,3,2553,2579,próba,próba,próba,unknown,próba,wordfreq:pl,wordfreq_seeded;deterministically_filtered;structurally_curated
pl,v1,3,2554,2580,publiczne,publiczne,publiczne,unknown,publiczne,wordfreq:pl,wordfreq_seeded;deterministically_filtered;structurally_curated
pl,v1,3,2555,2581,racji,racji,racji,unknown,racji,wordfreq:pl,wordfreq_seeded;deterministically_filtered;structurally_curated
pl,v1,3,2556,2582,rzeczywistość,rzeczywistość,rzeczywistość,unknown,rzeczywistość,wordfreq:pl,wordfreq_seeded;deterministically_filtered;structurally_curated
pl,v1,3,2557,2583,sklep,sklep,sklep,unknown,sklep,wordfreq:pl,wordfreq_seeded;deterministically_filtered;structurally_curated
pl,v1,3,2558,2584,smutne,smutne,smutne,unknown,smutne,wordfreq:pl,wordfreq_seeded;deterministically_filtered;structurally_curated
pl,v1,3,2559,2585,spod,spod,spod,unknown,spod,wordfreq:pl,wordfreq_seeded;deterministically_filtered;structurally_curated
pl,v1,3,2560,2586,sprzęt,sprzęt,sprzęt,unknown,sprzęt,wordfreq:pl,wordfreq_seeded;deterministically_filtered;structurally_curated
pl,v1,3,2561,2587,spróbować,spróbować,spróbować,unknown,spróbować,wordfreq:pl,wordfreq_seeded;deterministically_filtered;structurally_curated
pl,v1,3,2562,2588,stany,stany,stany,unknown,stany,wordfreq:pl,wordfreq_seeded;deterministically_filtered;structurally_curated
pl,v1,3,2563,2589,straty,straty,straty,unknown,straty,wordfreq:pl,wordfreq_seeded;deterministically_filtered;structurally_curated
pl,v1,3,2564,2590,tematu,tematu,tematu,unknown,tematu,wordfreq:pl,wordfreq_seeded;deterministically_filtered;structurally_curated
pl,v1,3,2565,2591,uczy,uczy,uczy,unknown,uczy,wordfreq:pl,wordfreq_seeded;deterministically_filtered;structurally_curated
pl,v1,3,2566,2592,udziałem,udziałem,udziałem,unknown,udziałem,wordfreq:pl,wordfreq_seeded;deterministically_filtered;structurally_curated
pl,v1,3,2567,2593,wersję,wersję,wersję,unknown,wersję,wordfreq:pl,wordfreq_seeded;deterministically_filtered;structurally_curated
pl,v1,3,2568,2594,widzą,widzą,widzą,unknown,widzą,wordfreq:pl,wordfreq_seeded;deterministically_filtered;structurally_curated
pl,v1,3,2569,2595,znalazła,znalazła,znalazła,unknown,znalazła,wordfreq:pl,wordfreq_seeded;deterministically_filtered;structurally_curated
pl,v1,3,2570,2596,świętego,świętego,świętego,unknown,świętego,wordfreq:pl,wordfreq_seeded;deterministically_filtered;structurally_curated
pl,v1,3,2571,2597,żebyś,żebyś,żebyś,unknown,żebyś,wordfreq:pl,wordfreq_seeded;deterministically_filtered;structurally_curated
pl,v1,3,2572,2598,artykule,artykule,artykule,unknown,artykule,wordfreq:pl,wordfreq_seeded;deterministically_filtered;structurally_curated
pl,v1,3,2573,2599,bazie,bazie,bazie,unknown,bazie,wordfreq:pl,wordfreq_seeded;deterministically_filtered;structurally_curated
pl,v1,3,2574,2600,bronić,bronić,bronić,unknown,bronić,wordfreq:pl,wordfreq_seeded;deterministically_filtered;structurally_curated
pl,v1,3,2575,2601,brytanii,brytanii,brytanii,unknown,brytanii,wordfreq:pl,wordfreq_seeded;deterministically_filtered;structurally_curated
pl,v1,3,2576,2602,bywa,bywa,bywa,unknown,bywa,wordfreq:pl,wordfreq_seeded;deterministically_filtered;structurally_curated
pl,v1,3,2577,2603,czele,czele,czele,unknown,czele,wordfreq:pl,wordfreq_seeded;deterministically_filtered;structurally_curated
pl,v1,3,2578,2604,dokumentów,dokumentów,dokumentów,unknown,dokumentów,wordfreq:pl,wordfreq_seeded;deterministically_filtered;structurally_curated
pl,v1,3,2579,2605,domy,domy,domy,unknown,domy,wordfreq:pl,wordfreq_seeded;deterministically_filtered;structurally_curated
pl,v1,3,2580,2606,dotąd,dotąd,dotąd,unknown,dotąd,wordfreq:pl,wordfreq_seeded;deterministically_filtered;structurally_curated
pl,v1,3,2581,2607,dowody,dowody,dowody,unknown,dowody,wordfreq:pl,wordfreq_seeded;deterministically_filtered;structurally_curated
pl,v1,3,2582,2608,dróg,dróg,dróg,unknown,dróg,wordfreq:pl,wordfreq_seeded;deterministically_filtered;structurally_curated
pl,v1,3,2583,2609,fakty,fakty,fakty,unknown,fakty,wordfreq:pl,wordfreq_seeded;deterministically_filtered;structurally_curated
pl,v1,3,2584,2610,gazety,gazety,gazety,unknown,gazety,wordfreq:pl,wordfreq_seeded;deterministically_filtered;structurally_curated
pl,v1,3,2585,2611,gotowe,gotowe,gotowe,unknown,gotowe,wordfreq:pl,wordfreq_seeded;deterministically_filtered;structurally_curated
pl,v1,3,2586,2612,historie,historie,historie,unknown,historie,wordfreq:pl,wordfreq_seeded;deterministically_filtered;structurally_curated
pl,v1,3,2587,2613,igrzysk,igrzysk,igrzysk,unknown,igrzysk,wordfreq:pl,wordfreq_seeded;deterministically_filtered;structurally_curated
pl,v1,3,2588,2614,imigrantów,imigrantów,imigrantów,unknown,imigrantów,wordfreq:pl,wordfreq_seeded;deterministically_filtered;structurally_curated
pl,v1,3,2589,2615,istnienia,istnienia,istnienia,unknown,istnienia,wordfreq:pl,wordfreq_seeded;deterministically_filtered;structurally_curated
pl,v1,3,2590,2616,janusz,janusz,janusz,unknown,janusz,wordfreq:pl,wordfreq_seeded;deterministically_filtered;structurally_curated
pl,v1,3,2591,2617,kierowca,kierowca,kierowca,unknown,kierowca,wordfreq:pl,wordfreq_seeded;deterministically_filtered;structurally_curated
pl,v1,3,2592,2618,kierowcy,kierowcy,kierowcy,unknown,kierowcy,wordfreq:pl,wordfreq_seeded;deterministically_filtered;structurally_curated
pl,v1,3,2593,2619,kilometrów,kilometrów,kilometrów,unknown,kilometrów,wordfreq:pl,wordfreq_seeded;deterministically_filtered;structurally_curated
pl,v1,3,2594,2620,koszt,koszt,koszt,unknown,koszt,wordfreq:pl,wordfreq_seeded;deterministically_filtered;structurally_curated
pl,v1,3,2595,2621,logo,logo,logo,unknown,logo,wordfreq:pl,wordfreq_seeded;deterministically_filtered;structurally_curated
pl,v1,3,2596,2622,maju,maju,maju,unknown,maju,wordfreq:pl,wordfreq_seeded;deterministically_filtered;structurally_curated
pl,v1,3,2597,2623,małżeństwa,małżeństwa,małżeństwa,unknown,małżeństwa,wordfreq:pl,wordfreq_seeded;deterministically_filtered;structurally_curated
pl,v1,3,2598,2624,ministerstwo,ministerstwo,ministerstwo,unknown,ministerstwo,wordfreq:pl,wordfreq_seeded;deterministically_filtered;structurally_curated
pl,v1,3,2599,2625,mogłem,mogłem,mogłem,unknown,mogłem,wordfreq:pl,wordfreq_seeded;deterministically_filtered;structurally_curated
pl,v1,3,2600,2626,mogłoby,mogłoby,mogłoby,unknown,mogłoby,wordfreq:pl,wordfreq_seeded;deterministically_filtered;structurally_curated
pl,v1,3,2601,2627,napisała,napisała,napisała,unknown,napisała,wordfreq:pl,wordfreq_seeded;deterministically_filtered;structurally_curated
pl,v1,3,2602,2628,następne,następne,następne,unknown,następne,wordfreq:pl,wordfreq_seeded;deterministically_filtered;structurally_curated
pl,v1,3,2603,2629,natury,natury,natury,unknown,natury,wordfreq:pl,wordfreq_seeded;deterministically_filtered;structurally_curated
pl,v1,3,2604,2630,obowiązek,obowiązek,obowiązek,unknown,obowiązek,wordfreq:pl,wordfreq_seeded;deterministically_filtered;structurally_curated
pl,v1,3,2605,2631,ochrona,ochrona,ochrona,unknown,ochrona,wordfreq:pl,wordfreq_seeded;deterministically_filtered;structurally_curated
pl,v1,3,2606,2632,odbyła,odbyła,odbyła,unknown,odbyła,wordfreq:pl,wordfreq_seeded;deterministically_filtered;structurally_curated
pl,v1,3,2607,2633,okno,okno,okno,unknown,okno,wordfreq:pl,wordfreq_seeded;deterministically_filtered;structurally_curated
pl,v1,3,2608,2634,okoliczności,okoliczności,okoliczności,unknown,okoliczności,wordfreq:pl,wordfreq_seeded;deterministically_filtered;structurally_curated
pl,v1,3,2609,2635,partie,partie,partie,unknown,partie,wordfreq:pl,wordfreq_seeded;deterministically_filtered;structurally_curated
pl,v1,3,2610,2636,paul,paul,paul,unknown,paul,wordfreq:pl,wordfreq_seeded;deterministically_filtered;structurally_curated
pl,v1,3,2611,2637,państwowej,państwowej,państwowej,unknown,państwowej,wordfreq:pl,wordfreq_seeded;deterministically_filtered;structurally_curated
pl,v1,3,2612,2638,pełen,pełen,pełen,unknown,pełen,wordfreq:pl,wordfreq_seeded;deterministically_filtered;structurally_curated
pl,v1,3,2613,2639,podatku,podatku,podatku,unknown,podatku,wordfreq:pl,wordfreq_seeded;deterministically_filtered;structurally_curated
pl,v1,3,2614,2640,podać,podać,podać,unknown,podać,wordfreq:pl,wordfreq_seeded;deterministically_filtered;structurally_curated
pl,v1,3,2615,2641,pola,pola,pola,unknown,pola,wordfreq:pl,wordfreq_seeded;deterministically_filtered;structurally_curated
pl,v1,3,2616,2642,pomysły,pomysły,pomysły,unknown,pomysły,wordfreq:pl,wordfreq_seeded;deterministically_filtered;structurally_curated
pl,v1,3,2617,2643,poparcia,poparcia,poparcia,unknown,poparcia,wordfreq:pl,wordfreq_seeded;deterministically_filtered;structurally_curated
pl,v1,3,2618,2644,populacji,populacji,populacji,unknown,populacji,wordfreq:pl,wordfreq_seeded;deterministically_filtered;structurally_curated
pl,v1,3,2619,2645,potrzebna,potrzebna,potrzebna,unknown,potrzebna,wordfreq:pl,wordfreq_seeded;deterministically_filtered;structurally_curated
pl,v1,3,2620,2646,powietrze,powietrze,powietrze,unknown,powietrze,wordfreq:pl,wordfreq_seeded;deterministically_filtered;structurally_curated
pl,v1,3,2621,2647,poznaniu,poznaniu,poznaniu,unknown,poznaniu,wordfreq:pl,wordfreq_seeded;deterministically_filtered;structurally_curated
pl,v1,3,2622,2648,połowy,połowy,połowy,unknown,połowy,wordfreq:pl,wordfreq_seeded;deterministically_filtered;structurally_curated
pl,v1,3,2623,2649,przypadków,przypadków,przypadków,unknown,przypadków,wordfreq:pl,wordfreq_seeded;deterministically_filtered;structurally_curated
pl,v1,3,2624,2650,robert,robert,robert,unknown,robert,wordfreq:pl,wordfreq_seeded;deterministically_filtered;structurally_curated
pl,v1,3,2625,2651,sejmu,sejmu,sejmu,unknown,sejmu,wordfreq:pl,wordfreq_seeded;deterministically_filtered;structurally_curated
pl,v1,3,2626,2652,spotkań,spotkań,spotkań,unknown,spotkań,wordfreq:pl,wordfreq_seeded;deterministically_filtered;structurally_curated
pl,v1,3,2627,2653,strefy,strefy,strefy,unknown,strefy,wordfreq:pl,wordfreq_seeded;deterministically_filtered;structurally_curated
pl,v1,3,2628,2654,szuka,szuka,szuka,unknown,szuka,wordfreq:pl,wordfreq_seeded;deterministically_filtered;structurally_curated
pl,v1,3,2629,2655,top,top,top,unknown,top,wordfreq:pl,wordfreq_seeded;deterministically_filtered;structurally_curated
pl,v1,3,2630,2656,tworzenia,tworzenia,tworzenia,unknown,tworzenia,wordfreq:pl,wordfreq_seeded;deterministically_filtered;structurally_curated
pl,v1,3,2631,2657,układu,układu,układu,unknown,układu,wordfreq:pl,wordfreq_seeded;deterministically_filtered;structurally_curated
pl,v1,3,2632,2658,up,up,up,unknown,up,wordfreq:pl,wordfreq_seeded;deterministically_filtered;structurally_curated
pl,v1,3,2633,2659,ust,ust,ust,unknown,ust,wordfreq:pl,wordfreq_seeded;deterministically_filtered;structurally_curated
pl,v1,3,2634,2660,wejście,wejście,wejście,unknown,wejście,wordfreq:pl,wordfreq_seeded;deterministically_filtered;structurally_curated
pl,v1,3,2635,2661,wraca,wraca,wraca,unknown,wraca,wordfreq:pl,wordfreq_seeded;deterministically_filtered;structurally_curated
pl,v1,3,2636,2662,wschodu,wschodu,wschodu,unknown,wschodu,wordfreq:pl,wordfreq_seeded;deterministically_filtered;structurally_curated
pl,v1,3,2637,2663,wspólnoty,wspólnoty,wspólnoty,unknown,wspólnoty,wordfreq:pl,wordfreq_seeded;deterministically_filtered;structurally_curated
pl,v1,3,2638,2664,wszystkimi,wszystkimi,wszystkimi,unknown,wszystkimi,wordfreq:pl,wordfreq_seeded;deterministically_filtered;structurally_curated
pl,v1,3,2639,2665,wyborczej,wyborczej,wyborczej,unknown,wyborczej,wordfreq:pl,wordfreq_seeded;deterministically_filtered;structurally_curated
pl,v1,3,2640,2666,wydanie,wydanie,wydanie,unknown,wydanie,wordfreq:pl,wordfreq_seeded;deterministically_filtered;structurally_curated
pl,v1,3,2641,2667,wysoko,wysoko,wysoko,unknown,wysoko,wordfreq:pl,wordfreq_seeded;deterministically_filtered;structurally_curated
pl,v1,3,2642,2668,wyspie,wyspie,wyspie,unknown,wyspie,wordfreq:pl,wordfreq_seeded;deterministically_filtered;structurally_curated
pl,v1,3,2643,2669,zadaniem,zadaniem,zadaniem,unknown,zadaniem,wordfreq:pl,wordfreq_seeded;deterministically_filtered;structurally_curated
pl,v1,3,2644,2670,zająć,zająć,zająć,unknown,zająć,wordfreq:pl,wordfreq_seeded;deterministically_filtered;structurally_curated
pl,v1,3,2645,2671,zmianie,zmianie,zmianie,unknown,zmianie,wordfreq:pl,wordfreq_seeded;deterministically_filtered;structurally_curated
pl,v1,3,2646,2672,znają,znają,znają,unknown,znają,wordfreq:pl,wordfreq_seeded;deterministically_filtered;structurally_curated
pl,v1,3,2647,2673,związki,związki,związki,unknown,związki,wordfreq:pl,wordfreq_seeded;deterministically_filtered;structurally_curated
pl,v1,3,2648,2674,alkoholu,alkoholu,alkoholu,unknown,alkoholu,wordfreq:pl,wordfreq_seeded;deterministically_filtered;structurally_curated
pl,v1,3,2649,2675,auta,auta,auta,unknown,auta,wordfreq:pl,wordfreq_seeded;deterministically_filtered;structurally_curated
pl,v1,3,2650,2676,budowę,budowę,budowę,unknown,budowę,wordfreq:pl,wordfreq_seeded;deterministically_filtered;structurally_curated
pl,v1,3,2651,2677,budżetu,budżetu,budżetu,unknown,budżetu,wordfreq:pl,wordfreq_seeded;deterministically_filtered;structurally_curated
pl,v1,3,2652,2678,chłopaki,chłopaki,chłopaki,unknown,chłopaki,wordfreq:pl,wordfreq_seeded;deterministically_filtered;structurally_curated
pl,v1,3,2653,2679,dasz,dasz,dasz,unknown,dasz,wordfreq:pl,wordfreq_seeded;deterministically_filtered;structurally_curated
pl,v1,3,2654,2680,dostaje,dostaje,dostaje,unknown,dostaje,wordfreq:pl,wordfreq_seeded;deterministically_filtered;structurally_curated
pl,v1,3,2655,2681,ducha,ducha,ducha,unknown,ducha,wordfreq:pl,wordfreq_seeded;deterministically_filtered;structurally_curated
pl,v1,3,2656,2682,edycji,edycji,edycji,unknown,edycji,wordfreq:pl,wordfreq_seeded;deterministically_filtered;structurally_curated
pl,v1,3,2657,2683,from,from,from,unknown,from,wordfreq:pl,wordfreq_seeded;deterministically_filtered;structurally_curated
pl,v1,3,2658,2684,góra,góra,góra,unknown,góra,wordfreq:pl,wordfreq_seeded;deterministically_filtered;structurally_curated
pl,v1,3,2659,2685,ilu,ilu,ilu,unknown,ilu,wordfreq:pl,wordfreq_seeded;deterministically_filtered;structurally_curated
pl,v1,3,2660,2686,international,international,international,unknown,international,wordfreq:pl,wordfreq_seeded;deterministically_filtered;structurally_curated
pl,v1,3,2661,2687,kasę,kasę,kasę,unknown,kasę,wordfreq:pl,wordfreq_seeded;deterministically_filtered;structurally_curated
pl,v1,3,2662,2688,konieczne,konieczne,konieczne,unknown,konieczne,wordfreq:pl,wordfreq_seeded;deterministically_filtered;structurally_curated
pl,v1,3,2663,2689,kosztuje,kosztuje,kosztuje,unknown,kosztuje,wordfreq:pl,wordfreq_seeded;deterministically_filtered;structurally_curated
pl,v1,3,2664,2690,lekcje,lekcje,lekcje,unknown,lekcje,wordfreq:pl,wordfreq_seeded;deterministically_filtered;structurally_curated
pl,v1,3,2665,2691,lekcji,lekcji,lekcji,unknown,lekcji,wordfreq:pl,wordfreq_seeded;deterministically_filtered;structurally_curated
pl,v1,3,2666,2692,małą,małą,małą,unknown,małą,wordfreq:pl,wordfreq_seeded;deterministically_filtered;structurally_curated
pl,v1,3,2667,2693,nadaje,nadaje,nadaje,unknown,nadaje,wordfreq:pl,wordfreq_seeded;deterministically_filtered;structurally_curated
pl,v1,3,2668,2694,narzędzia,narzędzia,narzędzia,unknown,narzędzia,wordfreq:pl,wordfreq_seeded;deterministically_filtered;structurally_curated
pl,v1,3,2669,2695,niemieckiego,niemieckiego,niemieckiego,unknown,niemieckiego,wordfreq:pl,wordfreq_seeded;deterministically_filtered;structurally_curated
pl,v1,3,2670,2696,osobom,osobom,osobom,unknown,osobom,wordfreq:pl,wordfreq_seeded;deterministically_filtered;structurally_curated
pl,v1,3,2671,2697,para,para,para,unknown,para,wordfreq:pl,wordfreq_seeded;deterministically_filtered;structurally_curated
pl,v1,3,2672,2698,patrzy,patrzy,patrzy,unknown,patrzy,wordfreq:pl,wordfreq_seeded;deterministically_filtered;structurally_curated
pl,v1,3,2673,2699,piosenka,piosenka,piosenka,unknown,piosenka,wordfreq:pl,wordfreq_seeded;deterministically_filtered;structurally_curated
pl,v1,3,2674,2700,podobnych,podobnych,podobnych,unknown,podobnych,wordfreq:pl,wordfreq_seeded;deterministically_filtered;structurally_curated
pl,v1,3,2675,2701,polityczna,polityczna,polityczna,unknown,polityczna,wordfreq:pl,wordfreq_seeded;deterministically_filtered;structurally_curated
pl,v1,3,2676,2702,powszechnie,powszechnie,powszechnie,unknown,powszechnie,wordfreq:pl,wordfreq_seeded;deterministically_filtered;structurally_curated
pl,v1,3,2677,2703,połowę,połowę,połowę,unknown,połowę,wordfreq:pl,wordfreq_seeded;deterministically_filtered;structurally_curated
pl,v1,3,2678,2704,producent,producent,producent,unknown,producent,wordfreq:pl,wordfreq_seeded;deterministically_filtered;structurally_curated
pl,v1,3,2679,2705,przeszkadza,przeszkadza,przeszkadza,unknown,przeszkadza,wordfreq:pl,wordfreq_seeded;deterministically_filtered;structurally_curated
pl,v1,3,2680,2706,przyjaciela,przyjaciela,przyjaciela,unknown,przyjaciela,wordfreq:pl,wordfreq_seeded;deterministically_filtered;structurally_curated
pl,v1,3,2681,2707,przyszedł,przyszedł,przyszedł,unknown,przyszedł,wordfreq:pl,wordfreq_seeded;deterministically_filtered;structurally_curated
pl,v1,3,2682,2708,punkcie,punkcie,punkcie,unknown,punkcie,wordfreq:pl,wordfreq_seeded;deterministically_filtered;structurally_curated
pl,v1,3,2683,2709,reformy,reformy,reformy,unknown,reformy,wordfreq:pl,wordfreq_seeded;deterministically_filtered;structurally_curated
pl,v1,3,2684,2710,specjalnych,specjalnych,specjalnych,unknown,specjalnych,wordfreq:pl,wordfreq_seeded;deterministically_filtered;structurally_curated
pl,v1,3,2685,2711,sześciu,sześciu,sześciu,unknown,sześciu,wordfreq:pl,wordfreq_seeded;deterministically_filtered;structurally_curated
pl,v1,3,2686,2712,tomasz,tomasz,tomasz,unknown,tomasz,wordfreq:pl,wordfreq_seeded;deterministically_filtered;structurally_curated
pl,v1,3,2687,2713,ubrania,ubrania,ubrania,unknown,ubrania,wordfreq:pl,wordfreq_seeded;deterministically_filtered;structurally_curated
pl,v1,3,2688,2714,usłyszeć,usłyszeć,usłyszeć,unknown,usłyszeć,wordfreq:pl,wordfreq_seeded;deterministically_filtered;structurally_curated
pl,v1,3,2689,2715,użyciu,użyciu,użyciu,unknown,użyciu,wordfreq:pl,wordfreq_seeded;deterministically_filtered;structurally_curated
pl,v1,3,2690,2716,wewnętrznych,wewnętrznych,wewnętrznych,unknown,wewnętrznych,wordfreq:pl,wordfreq_seeded;deterministically_filtered;structurally_curated
pl,v1,3,2691,2717,wschód,wschód,wschód,unknown,wschód,wordfreq:pl,wordfreq_seeded;deterministically_filtered;structurally_curated
pl,v1,3,2692,2718,wydziału,wydziału,wydziału,unknown,wydziału,wordfreq:pl,wordfreq_seeded;deterministically_filtered;structurally_curated
pl,v1,3,2693,2719,wyjątkowo,wyjątkowo,wyjątkowo,unknown,wyjątkowo,wordfreq:pl,wordfreq_seeded;deterministically_filtered;structurally_curated
pl,v1,3,2694,2720,wysłać,wysłać,wysłać,unknown,wysłać,wordfreq:pl,wordfreq_seeded;deterministically_filtered;structurally_curated
pl,v1,3,2695,2721,włosów,włosów,włosów,unknown,włosów,wordfreq:pl,wordfreq_seeded;deterministically_filtered;structurally_curated
pl,v1,3,2696,2722,zabrać,zabrać,zabrać,unknown,zabrać,wordfreq:pl,wordfreq_seeded;deterministically_filtered;structurally_curated
pl,v1,3,2697,2723,zapomnieć,zapomnieć,zapomnieć,unknown,zapomnieć,wordfreq:pl,wordfreq_seeded;deterministically_filtered;structurally_curated
pl,v1,3,2698,2724,zjeść,zjeść,zjeść,unknown,zjeść,wordfreq:pl,wordfreq_seeded;deterministically_filtered;structurally_curated
pl,v1,3,2699,2725,zrobiłem,zrobiłem,zrobiłem,unknown,zrobiłem,wordfreq:pl,wordfreq_seeded;deterministically_filtered;structurally_curated
pl,v1,3,2700,2726,świąt,świąt,świąt,unknown,świąt,wordfreq:pl,wordfreq_seeded;deterministically_filtered;structurally_curated
pl,v1,3,2701,2727,święto,święto,święto,unknown,święto,wordfreq:pl,wordfreq_seeded;deterministically_filtered;structurally_curated
pl,v1,3,2702,2728,święty,święty,święty,unknown,święty,wordfreq:pl,wordfreq_seeded;deterministically_filtered;structurally_curated
pl,v1,3,2703,2729,żoną,żoną,żoną,unknown,żoną,wordfreq:pl,wordfreq_seeded;deterministically_filtered;structurally_curated
pl,v1,3,2704,2731,angielskim,angielskim,angielskim,unknown,angielskim,wordfreq:pl,wordfreq_seeded;deterministically_filtered;structurally_curated
pl,v1,3,2705,2732,anglii,anglii,anglii,unknown,anglii,wordfreq:pl,wordfreq_seeded;deterministically_filtered;structurally_curated
pl,v1,3,2706,2733,australii,australii,australii,unknown,australii,wordfreq:pl,wordfreq_seeded;deterministically_filtered;structurally_curated
pl,v1,3,2707,2734,błędy,błędy,błędy,unknown,błędy,wordfreq:pl,wordfreq_seeded;deterministically_filtered;structurally_curated
pl,v1,3,2708,2735,chiny,chiny,chiny,unknown,chiny,wordfreq:pl,wordfreq_seeded;deterministically_filtered;structurally_curated
pl,v1,3,2709,2736,choroba,choroba,choroba,unknown,choroba,wordfreq:pl,wordfreq_seeded;deterministically_filtered;structurally_curated
pl,v1,3,2710,2737,czerwcu,czerwcu,czerwcu,unknown,czerwcu,wordfreq:pl,wordfreq_seeded;deterministically_filtered;structurally_curated
pl,v1,3,2711,2738,córkę,córkę,córkę,unknown,córkę,wordfreq:pl,wordfreq_seeded;deterministically_filtered;structurally_curated
pl,v1,3,2712,2739,danej,danej,danej,unknown,danej,wordfreq:pl,wordfreq_seeded;deterministically_filtered;structurally_curated
pl,v1,3,2713,2740,daniel,daniel,daniel,unknown,daniel,wordfreq:pl,wordfreq_seeded;deterministically_filtered;structurally_curated
pl,v1,3,2714,2741,dokument,dokument,dokument,unknown,dokument,wordfreq:pl,wordfreq_seeded;deterministically_filtered;structurally_curated
pl,v1,3,2715,2742,dziewczynę,dziewczynę,dziewczynę,unknown,dziewczynę,wordfreq:pl,wordfreq_seeded;deterministically_filtered;structurally_curated
pl,v1,3,2716,2743,dziwnie,dziwnie,dziwnie,unknown,dziwnie,wordfreq:pl,wordfreq_seeded;deterministically_filtered;structurally_curated
pl,v1,3,2717,2744,efekty,efekty,efekty,unknown,efekty,wordfreq:pl,wordfreq_seeded;deterministically_filtered;structurally_curated
pl,v1,3,2718,2745,firmie,firmie,firmie,unknown,firmie,wordfreq:pl,wordfreq_seeded;deterministically_filtered;structurally_curated
pl,v1,3,2719,2746,hasło,hasło,hasło,unknown,hasło,wordfreq:pl,wordfreq_seeded;deterministically_filtered;structurally_curated
pl,v1,3,2720,2748,imprezy,imprezy,imprezy,unknown,imprezy,wordfreq:pl,wordfreq_seeded;deterministically_filtered;structurally_curated
pl,v1,3,2721,2749,instytut,instytut,instytut,unknown,instytut,wordfreq:pl,wordfreq_seeded;deterministically_filtered;structurally_curated
pl,v1,3,2722,2750,jakbyś,jakbyś,jakbyś,unknown,jakbyś,wordfreq:pl,wordfreq_seeded;deterministically_filtered;structurally_curated
pl,v1,3,2723,2751,językiem,językiem,językiem,unknown,językiem,wordfreq:pl,wordfreq_seeded;deterministically_filtered;structurally_curated
pl,v1,3,2724,2752,kawy,kawy,kawy,unknown,kawy,wordfreq:pl,wordfreq_seeded;deterministically_filtered;structurally_curated
pl,v1,3,2725,2753,koncie,koncie,koncie,unknown,koncie,wordfreq:pl,wordfreq_seeded;deterministically_filtered;structurally_curated
pl,v1,3,2726,2754,korzystać,korzystać,korzystać,unknown,korzystać,wordfreq:pl,wordfreq_seeded;deterministically_filtered;structurally_curated
pl,v1,3,2727,2755,krótki,krótki,krótki,unknown,krótki,wordfreq:pl,wordfreq_seeded;deterministically_filtered;structurally_curated
pl,v1,3,2728,2756,ledwo,ledwo,ledwo,unknown,ledwo,wordfreq:pl,wordfreq_seeded;deterministically_filtered;structurally_curated
pl,v1,3,2729,2757,lee,lee,lee,unknown,lee,wordfreq:pl,wordfreq_seeded;deterministically_filtered;structurally_curated
pl,v1,3,2730,2758,ligi,ligi,ligi,unknown,ligi,wordfreq:pl,wordfreq_seeded;deterministically_filtered;structurally_curated
pl,v1,3,2731,2759,marcu,marcu,marcu,unknown,marcu,wordfreq:pl,wordfreq_seeded;deterministically_filtered;structurally_curated
pl,v1,3,2732,2760,maria,maria,maria,unknown,maria,wordfreq:pl,wordfreq_seeded;deterministically_filtered;structurally_curated
pl,v1,3,2733,2761,marszu,marszu,marszu,unknown,marszu,wordfreq:pl,wordfreq_seeded;deterministically_filtered;structurally_curated
pl,v1,3,2734,2762,minuty,minuty,minuty,unknown,minuty,wordfreq:pl,wordfreq_seeded;deterministically_filtered;structurally_curated
pl,v1,3,2735,2763,młoda,młoda,młoda,unknown,młoda,wordfreq:pl,wordfreq_seeded;deterministically_filtered;structurally_curated
pl,v1,3,2736,2764,młodzież,młodzież,młodzież,unknown,młodzież,wordfreq:pl,wordfreq_seeded;deterministically_filtered;structurally_curated
pl,v1,3,2737,2765,najprawdopodobniej,najprawdopodobniej,najprawdopodobniej,unknown,najprawdopodobniej,wordfreq:pl,wordfreq_seeded;deterministically_filtered;structurally_curated
pl,v1,3,2738,2766,naturalne,naturalne,naturalne,unknown,naturalne,wordfreq:pl,wordfreq_seeded;deterministically_filtered;structurally_curated
pl,v1,3,2739,2767,niedaleko,niedaleko,niedaleko,unknown,niedaleko,wordfreq:pl,wordfreq_seeded;deterministically_filtered;structurally_curated
pl,v1,3,2740,2768,niesamowite,niesamowite,niesamowite,unknown,niesamowite,wordfreq:pl,wordfreq_seeded;deterministically_filtered;structurally_curated
pl,v1,3,2741,2769,oczu,oczu,oczu,unknown,oczu,wordfreq:pl,wordfreq_seeded;deterministically_filtered;structurally_curated
pl,v1,3,2742,2770,odnaleźć,odnaleźć,odnaleźć,unknown,odnaleźć,wordfreq:pl,wordfreq_seeded;deterministically_filtered;structurally_curated
pl,v1,3,2743,2771,odpowiedzieć,odpowiedzieć,odpowiedzieć,unknown,odpowiedzieć,wordfreq:pl,wordfreq_seeded;deterministically_filtered;structurally_curated
pl,v1,3,2744,2772,ograniczenia,ograniczenia,ograniczenia,unknown,ograniczenia,wordfreq:pl,wordfreq_seeded;deterministically_filtered;structurally_curated
pl,v1,3,2745,2773,okna,okna,okna,unknown,okna,wordfreq:pl,wordfreq_seeded;deterministically_filtered;structurally_curated
pl,v1,3,2746,2774,osobie,osobie,osobie,unknown,osobie,wordfreq:pl,wordfreq_seeded;deterministically_filtered;structurally_curated
pl,v1,3,2747,2775,pawła,pawła,pawła,unknown,pawła,wordfreq:pl,wordfreq_seeded;deterministically_filtered;structurally_curated
pl,v1,3,2748,2776,piłki,piłki,piłki,unknown,piłki,wordfreq:pl,wordfreq_seeded;deterministically_filtered;structurally_curated
pl,v1,3,2749,2777,poszło,poszło,poszło,unknown,poszło,wordfreq:pl,wordfreq_seeded;deterministically_filtered;structurally_curated
pl,v1,3,2750,2778,poważne,poważne,poważne,unknown,poważne,wordfreq:pl,wordfreq_seeded;deterministically_filtered;structurally_curated
pl,v1,3,2751,2779,powiedzenia,powiedzenia,powiedzenia,unknown,powiedzenia,wordfreq:pl,wordfreq_seeded;deterministically_filtered;structurally_curated
pl,v1,3,2752,2780,południowo,południowo,południowo,unknown,południowo,wordfreq:pl,wordfreq_seeded;deterministically_filtered;structurally_curated
pl,v1,3,2753,2781,połączenia,połączenia,połączenia,unknown,połączenia,wordfreq:pl,wordfreq_seeded;deterministically_filtered;structurally_curated
pl,v1,3,2754,2782,przedsiębiorstwa,przedsiębiorstwa,przedsiębiorstwa,unknown,przedsiębiorstwa,wordfreq:pl,wordfreq_seeded;deterministically_filtered;structurally_curated
pl,v1,3,2755,2783,przyczyną,przyczyną,przyczyną,unknown,przyczyną,wordfreq:pl,wordfreq_seeded;deterministically_filtered;structurally_curated
pl,v1,3,2756,2784,przypadkiem,przypadkiem,przypadkiem,unknown,przypadkiem,wordfreq:pl,wordfreq_seeded;deterministically_filtered;structurally_curated
pl,v1,3,2757,2785,psy,psy,psy,unknown,psy,wordfreq:pl,wordfreq_seeded;deterministically_filtered;structurally_curated
pl,v1,3,2758,2786,rosyjskiej,rosyjskiej,rosyjskiej,unknown,rosyjskiej,wordfreq:pl,wordfreq_seeded;deterministically_filtered;structurally_curated
pl,v1,3,2759,2787,rządy,rządy,rządy,unknown,rządy,wordfreq:pl,wordfreq_seeded;deterministically_filtered;structurally_curated
pl,v1,3,2760,2788,siła,siła,siła,unknown,siła,wordfreq:pl,wordfreq_seeded;deterministically_filtered;structurally_curated
pl,v1,3,2761,2789,skończyć,skończyć,skończyć,unknown,skończyć,wordfreq:pl,wordfreq_seeded;deterministically_filtered;structurally_curated
pl,v1,3,2762,2790,sposobu,sposobu,sposobu,unknown,sposobu,wordfreq:pl,wordfreq_seeded;deterministically_filtered;structurally_curated
pl,v1,3,2763,2791,starszych,starszych,starszych,unknown,starszych,wordfreq:pl,wordfreq_seeded;deterministically_filtered;structurally_curated
pl,v1,3,2764,2792,trafił,trafił,trafił,unknown,trafił,wordfreq:pl,wordfreq_seeded;deterministically_filtered;structurally_curated
pl,v1,3,2765,2793,tylu,tylu,tylu,unknown,tylu,wordfreq:pl,wordfreq_seeded;deterministically_filtered;structurally_curated
pl,v1,3,2766,2794,udaje,udaje,udaje,unknown,udaje,wordfreq:pl,wordfreq_seeded;deterministically_filtered;structurally_curated
pl,v1,3,2767,2795,wodą,wodą,wodą,unknown,wodą,wordfreq:pl,wordfreq_seeded;deterministically_filtered;structurally_curated
pl,v1,3,2768,2796,wrocławiu,wrocławiu,wrocławiu,unknown,wrocławiu,wordfreq:pl,wordfreq_seeded;deterministically_filtered;structurally_curated
pl,v1,3,2769,2797,wróci,wróci,wróci,unknown,wróci,wordfreq:pl,wordfreq_seeded;deterministically_filtered;structurally_curated
pl,v1,3,2770,2798,wschodzie,wschodzie,wschodzie,unknown,wschodzie,wordfreq:pl,wordfreq_seeded;deterministically_filtered;structurally_curated
pl,v1,3,2771,2799,zagrożenie,zagrożenie,zagrożenie,unknown,zagrożenie,wordfreq:pl,wordfreq_seeded;deterministically_filtered;structurally_curated
pl,v1,3,2772,2800,zasługuje,zasługuje,zasługuje,unknown,zasługuje,wordfreq:pl,wordfreq_seeded;deterministically_filtered;structurally_curated
pl,v1,3,2773,2801,zgody,zgody,zgody,unknown,zgody,wordfreq:pl,wordfreq_seeded;deterministically_filtered;structurally_curated
pl,v1,3,2774,2802,zrób,zrób,zrób,unknown,zrób,wordfreq:pl,wordfreq_seeded;deterministically_filtered;structurally_curated
pl,v1,3,2775,2803,związków,związków,związków,unknown,związków,wordfreq:pl,wordfreq_seeded;deterministically_filtered;structurally_curated
pl,v1,3,2776,2804,złoto,złoto,złoto,unknown,złoto,wordfreq:pl,wordfreq_seeded;deterministically_filtered;structurally_curated
pl,v1,3,2777,2805,łóżka,łóżka,łóżka,unknown,łóżka,wordfreq:pl,wordfreq_seeded;deterministically_filtered;structurally_curated
pl,v1,3,2778,2806,ślub,ślub,ślub,unknown,ślub,wordfreq:pl,wordfreq_seeded;deterministically_filtered;structurally_curated
pl,v1,3,2779,2807,agencji,agencji,agencji,unknown,agencji,wordfreq:pl,wordfreq_seeded;deterministically_filtered;structurally_curated
pl,v1,3,2780,2808,am,am,am,unknown,am,wordfreq:pl,wordfreq_seeded;deterministically_filtered;structurally_curated
pl,v1,3,2781,2809,amerykańskich,amerykańskich,amerykańskich,unknown,amerykańskich,wordfreq:pl,wordfreq_seeded;deterministically_filtered;structurally_curated
pl,v1,3,2782,2810,black,black,black,unknown,black,wordfreq:pl,wordfreq_seeded;deterministically_filtered;structurally_curated
pl,v1,3,2783,2811,ciekawy,ciekawy,ciekawy,unknown,ciekawy,wordfreq:pl,wordfreq_seeded;deterministically_filtered;structurally_curated
pl,v1,3,2784,2812,dała,dała,dała,unknown,dała,wordfreq:pl,wordfreq_seeded;deterministically_filtered;structurally_curated
pl,v1,3,2785,2813,dziennik,dziennik,dziennik,unknown,dziennik,wordfreq:pl,wordfreq_seeded;deterministically_filtered;structurally_curated
pl,v1,3,2786,2814,edukacja,edukacja,edukacja,unknown,edukacja,wordfreq:pl,wordfreq_seeded;deterministically_filtered;structurally_curated
pl,v1,3,2787,2815,grzegorz,grzegorz,grzegorz,unknown,grzegorz,wordfreq:pl,wordfreq_seeded;deterministically_filtered;structurally_curated
pl,v1,3,2788,2816,hmm,hmm,hmm,unknown,hmm,wordfreq:pl,wordfreq_seeded;deterministically_filtered;structurally_curated
pl,v1,3,2789,2817,idą,idą,idą,unknown,idą,wordfreq:pl,wordfreq_seeded;deterministically_filtered;structurally_curated
pl,v1,3,2790,2818,indziej,indziej,indziej,unknown,indziej,wordfreq:pl,wordfreq_seeded;deterministically_filtered;structurally_curated
pl,v1,3,2791,2819,inicjatywy,inicjatywy,inicjatywy,unknown,inicjatywy,wordfreq:pl,wordfreq_seeded;deterministically_filtered;structurally_curated
pl,v1,3,2792,2820,komputer,komputer,komputer,unknown,komputer,wordfreq:pl,wordfreq_seeded;deterministically_filtered;structurally_curated
pl,v1,3,2793,2821,ktore,ktore,ktore,unknown,ktore,wordfreq:pl,wordfreq_seeded;deterministically_filtered;structurally_curated
pl,v1,3,2794,2822,lekarze,lekarze,lekarze,unknown,lekarze,wordfreq:pl,wordfreq_seeded;deterministically_filtered;structurally_curated
pl,v1,3,2795,2823,leki,leki,leki,unknown,leki,wordfreq:pl,wordfreq_seeded;deterministically_filtered;structurally_curated
pl,v1,3,2796,2824,lepsza,lepsza,lepsza,unknown,lepsza,wordfreq:pl,wordfreq_seeded;deterministically_filtered;structurally_curated
pl,v1,3,2797,2825,medal,medal,medal,unknown,medal,wordfreq:pl,wordfreq_seeded;deterministically_filtered;structurally_curated
pl,v1,3,2798,2826,meksyku,meksyku,meksyku,unknown,meksyku,wordfreq:pl,wordfreq_seeded;deterministically_filtered;structurally_curated
pl,v1,3,2799,2827,miejskiej,miejskiej,miejskiej,unknown,miejskiej,wordfreq:pl,wordfreq_seeded;deterministically_filtered;structurally_curated
pl,v1,3,2800,2828,mistrzostw,mistrzostw,mistrzostw,unknown,mistrzostw,wordfreq:pl,wordfreq_seeded;deterministically_filtered;structurally_curated
pl,v1,3,2801,2829,mniejsze,mniejsze,mniejsze,unknown,mniejsze,wordfreq:pl,wordfreq_seeded;deterministically_filtered;structurally_curated
pl,v1,3,2802,2830,najszybciej,najszybciej,najszybciej,unknown,najszybciej,wordfreq:pl,wordfreq_seeded;deterministically_filtered;structurally_curated
pl,v1,3,2803,2831,następujące,następujące,następujące,unknown,następujące,wordfreq:pl,wordfreq_seeded;deterministically_filtered;structurally_curated
pl,v1,3,2804,2832,naukowych,naukowych,naukowych,unknown,naukowych,wordfreq:pl,wordfreq_seeded;deterministically_filtered;structurally_curated
pl,v1,3,2805,2833,nawzajem,nawzajem,nawzajem,unknown,nawzajem,wordfreq:pl,wordfreq_seeded;deterministically_filtered;structurally_curated
pl,v1,3,2806,2834,ochronę,ochronę,ochronę,unknown,ochronę,wordfreq:pl,wordfreq_seeded;deterministically_filtered;structurally_curated
pl,v1,3,2807,2835,oka,oka,oka,unknown,oka,wordfreq:pl,wordfreq_seeded;deterministically_filtered;structurally_curated
pl,v1,3,2808,2836,okolicach,okolicach,okolicach,unknown,okolicach,wordfreq:pl,wordfreq_seeded;deterministically_filtered;structurally_curated
pl,v1,3,2809,2837,określenie,określenie,określenie,unknown,określenie,wordfreq:pl,wordfreq_seeded;deterministically_filtered;structurally_curated
pl,v1,3,2810,2838,pobytu,pobytu,pobytu,unknown,pobytu,wordfreq:pl,wordfreq_seeded;deterministically_filtered;structurally_curated
pl,v1,3,2811,2839,podstawowe,podstawowe,podstawowe,unknown,podstawowe,wordfreq:pl,wordfreq_seeded;deterministically_filtered;structurally_curated
pl,v1,3,2812,2840,pokazują,pokazują,pokazują,unknown,pokazują,wordfreq:pl,wordfreq_seeded;deterministically_filtered;structurally_curated
pl,v1,3,2813,2841,potrzebujesz,potrzebujesz,potrzebujesz,unknown,potrzebujesz,wordfreq:pl,wordfreq_seeded;deterministically_filtered;structurally_curated
pl,v1,3,2814,2842,powiedzieli,powiedzieli,powiedzieli,unknown,powiedzieli,wordfreq:pl,wordfreq_seeded;deterministically_filtered;structurally_curated
pl,v1,3,2815,2843,prawdą,prawdą,prawdą,unknown,prawdą,wordfreq:pl,wordfreq_seeded;deterministically_filtered;structurally_curated
pl,v1,3,2816,2844,przedstawiciele,przedstawiciele,przedstawiciele,unknown,przedstawiciele,wordfreq:pl,wordfreq_seeded;deterministically_filtered;structurally_curated
pl,v1,3,2817,2845,przyjaciel,przyjaciel,przyjaciel,unknown,przyjaciel,wordfreq:pl,wordfreq_seeded;deterministically_filtered;structurally_curated
pl,v1,3,2818,2846,przyjaciółmi,przyjaciółmi,przyjaciółmi,unknown,przyjaciółmi,wordfreq:pl,wordfreq_seeded;deterministically_filtered;structurally_curated
pl,v1,3,2819,2847,reakcji,reakcji,reakcji,unknown,reakcji,wordfreq:pl,wordfreq_seeded;deterministically_filtered;structurally_curated
pl,v1,3,2820,2848,samolotu,samolotu,samolotu,unknown,samolotu,wordfreq:pl,wordfreq_seeded;deterministically_filtered;structurally_curated
pl,v1,3,2821,2849,scenie,scenie,scenie,unknown,scenie,wordfreq:pl,wordfreq_seeded;deterministically_filtered;structurally_curated
pl,v1,3,2822,2850,serwisie,serwisie,serwisie,unknown,serwisie,wordfreq:pl,wordfreq_seeded;deterministically_filtered;structurally_curated
pl,v1,3,2823,2851,siłą,siłą,siłą,unknown,siłą,wordfreq:pl,wordfreq_seeded;deterministically_filtered;structurally_curated
pl,v1,3,2824,2852,sposobem,sposobem,sposobem,unknown,sposobem,wordfreq:pl,wordfreq_seeded;deterministically_filtered;structurally_curated
pl,v1,3,2825,2853,transport,transport,transport,unknown,transport,wordfreq:pl,wordfreq_seeded;deterministically_filtered;structurally_curated
pl,v1,3,2826,2854,trasy,trasy,trasy,unknown,trasy,wordfreq:pl,wordfreq_seeded;deterministically_filtered;structurally_curated
pl,v1,3,2827,2855,tvn,tvn,tvn,unknown,tvn,wordfreq:pl,wordfreq_seeded;deterministically_filtered;structurally_curated
pl,v1,3,2828,2856,tłumaczy,tłumaczy,tłumaczy,unknown,tłumaczy,wordfreq:pl,wordfreq_seeded;deterministically_filtered;structurally_curated
pl,v1,3,2829,2857,usta,usta,usta,unknown,usta,wordfreq:pl,wordfreq_seeded;deterministically_filtered;structurally_curated
pl,v1,3,2830,2858,użyć,użyć,użyć,unknown,użyć,wordfreq:pl,wordfreq_seeded;deterministically_filtered;structurally_curated
pl,v1,3,2831,2859,vs,vs,vs,unknown,vs,wordfreq:pl,wordfreq_seeded;deterministically_filtered;structurally_curated
pl,v1,3,2832,2860,wiedzieli,wiedzieli,wiedzieli,unknown,wiedzieli,wordfreq:pl,wordfreq_seeded;deterministically_filtered;structurally_curated
pl,v1,3,2833,2861,wracam,wracam,wracam,unknown,wracam,wordfreq:pl,wordfreq_seeded;deterministically_filtered;structurally_curated
pl,v1,3,2834,2862,wzór,wzór,wzór,unknown,wzór,wordfreq:pl,wordfreq_seeded;deterministically_filtered;structurally_curated
pl,v1,3,2835,2863,węgla,węgla,węgla,unknown,węgla,wordfreq:pl,wordfreq_seeded;deterministically_filtered;structurally_curated
pl,v1,3,2836,2864,zarządzania,zarządzania,zarządzania,unknown,zarządzania,wordfreq:pl,wordfreq_seeded;deterministically_filtered;structurally_curated
pl,v1,3,2837,2865,zrobione,zrobione,zrobione,unknown,zrobione,wordfreq:pl,wordfreq_seeded;deterministically_filtered;structurally_curated
pl,v1,3,2838,2866,śmiercią,śmiercią,śmiercią,unknown,śmiercią,wordfreq:pl,wordfreq_seeded;deterministically_filtered;structurally_curated
pl,v1,3,2839,2867,środę,środę,środę,unknown,środę,wordfreq:pl,wordfreq_seeded;deterministically_filtered;structurally_curated
pl,v1,3,2840,2868,żołnierze,żołnierze,żołnierze,unknown,żołnierze,wordfreq:pl,wordfreq_seeded;deterministically_filtered;structurally_curated
pl,v1,3,2841,2869,artystów,artystów,artystów,unknown,artystów,wordfreq:pl,wordfreq_seeded;deterministically_filtered;structurally_curated
pl,v1,3,2842,2870,bohaterów,bohaterów,bohaterów,unknown,bohaterów,wordfreq:pl,wordfreq_seeded;deterministically_filtered;structurally_curated
pl,v1,3,2843,2871,boku,boku,boku,unknown,boku,wordfreq:pl,wordfreq_seeded;deterministically_filtered;structurally_curated
pl,v1,3,2844,2872,ciekawa,ciekawa,ciekawa,unknown,ciekawa,wordfreq:pl,wordfreq_seeded;deterministically_filtered;structurally_curated
pl,v1,3,2845,2873,czerwone,czerwone,czerwone,unknown,czerwone,wordfreq:pl,wordfreq_seeded;deterministically_filtered;structurally_curated
pl,v1,3,2846,2874,czytaj,czytaj,czytaj,unknown,czytaj,wordfreq:pl,wordfreq_seeded;deterministically_filtered;structurally_curated
pl,v1,3,2847,2875,internetowa,internetowa,internetowa,unknown,internetowa,wordfreq:pl,wordfreq_seeded;deterministically_filtered;structurally_curated
pl,v1,3,2848,2876,jaja,jaja,jaja,unknown,jaja,wordfreq:pl,wordfreq_seeded;deterministically_filtered;structurally_curated
pl,v1,3,2849,2877,jarosław,jarosław,jarosław,unknown,jarosław,wordfreq:pl,wordfreq_seeded;deterministically_filtered;structurally_curated
pl,v1,3,2850,2878,kolejnego,kolejnego,kolejnego,unknown,kolejnego,wordfreq:pl,wordfreq_seeded;deterministically_filtered;structurally_curated
pl,v1,3,2851,2879,koleś,koleś,koleś,unknown,koleś,wordfreq:pl,wordfreq_seeded;deterministically_filtered;structurally_curated
pl,v1,3,2852,2880,komitetu,komitetu,komitetu,unknown,komitetu,wordfreq:pl,wordfreq_seeded;deterministically_filtered;structurally_curated
pl,v1,3,2853,2881,kurde,kurde,kurde,unknown,kurde,wordfreq:pl,wordfreq_seeded;deterministically_filtered;structurally_curated
pl,v1,3,2854,2882,leczenie,leczenie,leczenie,unknown,leczenie,wordfreq:pl,wordfreq_seeded;deterministically_filtered;structurally_curated
pl,v1,3,2855,2883,lewo,lewo,lewo,unknown,lewo,wordfreq:pl,wordfreq_seeded;deterministically_filtered;structurally_curated
pl,v1,3,2856,2884,life,life,life,unknown,life,wordfreq:pl,wordfreq_seeded;deterministically_filtered;structurally_curated
pl,v1,3,2857,2885,linki,linki,linki,unknown,linki,wordfreq:pl,wordfreq_seeded;deterministically_filtered;structurally_curated
pl,v1,3,2858,2886,live,live,live,unknown,live,wordfreq:pl,wordfreq_seeded;deterministically_filtered;structurally_curated
pl,v1,3,2859,2887,mieszkam,mieszkam,mieszkam,unknown,mieszkam,wordfreq:pl,wordfreq_seeded;deterministically_filtered;structurally_curated
pl,v1,3,2860,2888,naukę,naukę,naukę,unknown,naukę,wordfreq:pl,wordfreq_seeded;deterministically_filtered;structurally_curated
pl,v1,3,2861,2889,nieba,nieba,nieba,unknown,nieba,wordfreq:pl,wordfreq_seeded;deterministically_filtered;structurally_curated
pl,v1,3,2862,2890,nosi,nosi,nosi,unknown,nosi,wordfreq:pl,wordfreq_seeded;deterministically_filtered;structurally_curated
pl,v1,3,2863,2891,obecności,obecności,obecności,unknown,obecności,wordfreq:pl,wordfreq_seeded;deterministically_filtered;structurally_curated
pl,v1,3,2864,2892,odbywa,odbywa,odbywa,unknown,odbywa,wordfreq:pl,wordfreq_seeded;deterministically_filtered;structurally_curated
pl,v1,3,2865,2893,odszedł,odszedł,odszedł,unknown,odszedł,wordfreq:pl,wordfreq_seeded;deterministically_filtered;structurally_curated
pl,v1,3,2866,2894,ognia,ognia,ognia,unknown,ognia,wordfreq:pl,wordfreq_seeded;deterministically_filtered;structurally_curated
pl,v1,3,2867,2895,opcji,opcji,opcji,unknown,opcji,wordfreq:pl,wordfreq_seeded;deterministically_filtered;structurally_curated
pl,v1,3,2868,2896,organizację,organizację,organizację,unknown,organizację,wordfreq:pl,wordfreq_seeded;deterministically_filtered;structurally_curated
pl,v1,3,2869,2897,ośrodek,ośrodek,ośrodek,unknown,ośrodek,wordfreq:pl,wordfreq_seeded;deterministically_filtered;structurally_curated
pl,v1,3,2870,2898,pacjentów,pacjentów,pacjentów,unknown,pacjentów,wordfreq:pl,wordfreq_seeded;deterministically_filtered;structurally_curated
pl,v1,3,2871,2899,pamięta,pamięta,pamięta,unknown,pamięta,wordfreq:pl,wordfreq_seeded;deterministically_filtered;structurally_curated
pl,v1,3,2872,2900,paru,paru,paru,unknown,paru,wordfreq:pl,wordfreq_seeded;deterministically_filtered;structurally_curated
pl,v1,3,2873,2901,pewnych,pewnych,pewnych,unknown,pewnych,wordfreq:pl,wordfreq_seeded;deterministically_filtered;structurally_curated
pl,v1,3,2874,2902,pełną,pełną,pełną,unknown,pełną,wordfreq:pl,wordfreq_seeded;deterministically_filtered;structurally_curated
pl,v1,3,2875,2903,piszesz,piszesz,piszesz,unknown,piszesz,wordfreq:pl,wordfreq_seeded;deterministically_filtered;structurally_curated
pl,v1,3,2876,2904,podstawy,podstawy,podstawy,unknown,podstawy,wordfreq:pl,wordfreq_seeded;deterministically_filtered;structurally_curated
pl,v1,3,2877,2905,podział,podział,podział,unknown,podział,wordfreq:pl,wordfreq_seeded;deterministically_filtered;structurally_curated
pl,v1,3,2878,2906,pojawi,pojawi,pojawi,unknown,pojawi,wordfreq:pl,wordfreq_seeded;deterministically_filtered;structurally_curated
pl,v1,3,2879,2907,poland,poland,poland,unknown,poland,wordfreq:pl,wordfreq_seeded;deterministically_filtered;structurally_curated
pl,v1,3,2880,2908,pora,pora,pora,unknown,pora,wordfreq:pl,wordfreq_seeded;deterministically_filtered;structurally_curated
pl,v1,3,2881,2909,powodem,powodem,powodem,unknown,powodem,wordfreq:pl,wordfreq_seeded;deterministically_filtered;structurally_curated
pl,v1,3,2882,2910,południu,południu,południu,unknown,południu,wordfreq:pl,wordfreq_seeded;deterministically_filtered;structurally_curated
pl,v1,3,2883,2911,pośrednictwem,pośrednictwem,pośrednictwem,unknown,pośrednictwem,wordfreq:pl,wordfreq_seeded;deterministically_filtered;structurally_curated
pl,v1,3,2884,2912,przedstawicieli,przedstawicieli,przedstawicieli,unknown,przedstawicieli,wordfreq:pl,wordfreq_seeded;deterministically_filtered;structurally_curated
pl,v1,3,2885,2913,przyjęcia,przyjęcia,przyjęcia,unknown,przyjęcia,wordfreq:pl,wordfreq_seeded;deterministically_filtered;structurally_curated
pl,v1,3,2886,2914,racja,racja,racja,unknown,racja,wordfreq:pl,wordfreq_seeded;deterministically_filtered;structurally_curated
pl,v1,3,2887,2915,radość,radość,radość,unknown,radość,wordfreq:pl,wordfreq_seeded;deterministically_filtered;structurally_curated
pl,v1,3,2888,2916,reszty,reszty,reszty,unknown,reszty,wordfreq:pl,wordfreq_seeded;deterministically_filtered;structurally_curated
pl,v1,3,2889,2917,rewolucji,rewolucji,rewolucji,unknown,rewolucji,wordfreq:pl,wordfreq_seeded;deterministically_filtered;structurally_curated
pl,v1,3,2890,2918,rozdział,rozdział,rozdział,unknown,rozdział,wordfreq:pl,wordfreq_seeded;deterministically_filtered;structurally_curated
pl,v1,3,2891,2919,serwisu,serwisu,serwisu,unknown,serwisu,wordfreq:pl,wordfreq_seeded;deterministically_filtered;structurally_curated
pl,v1,3,2892,2920,społecznego,społecznego,społecznego,unknown,społecznego,wordfreq:pl,wordfreq_seeded;deterministically_filtered;structurally_curated
pl,v1,3,2893,2921,stałe,stałe,stałe,unknown,stałe,wordfreq:pl,wordfreq_seeded;deterministically_filtered;structurally_curated
pl,v1,3,2894,2922,straszne,straszne,straszne,unknown,straszne,wordfreq:pl,wordfreq_seeded;deterministically_filtered;structurally_curated
pl,v1,3,2895,2923,syrii,syrii,syrii,unknown,syrii,wordfreq:pl,wordfreq_seeded;deterministically_filtered;structurally_curated
pl,v1,3,2896,2924,szczęśliwy,szczęśliwy,szczęśliwy,unknown,szczęśliwy,wordfreq:pl,wordfreq_seeded;deterministically_filtered;structurally_curated
pl,v1,3,2897,2925,sędziów,sędziów,sędziów,unknown,sędziów,wordfreq:pl,wordfreq_seeded;deterministically_filtered;structurally_curated
pl,v1,3,2898,2926,tematem,tematem,tematem,unknown,tematem,wordfreq:pl,wordfreq_seeded;deterministically_filtered;structurally_curated
pl,v1,3,2899,2927,trzecie,trzecie,trzecie,unknown,trzecie,wordfreq:pl,wordfreq_seeded;deterministically_filtered;structurally_curated
pl,v1,3,2900,2928,with,with,with,unknown,with,wordfreq:pl,wordfreq_seeded;deterministically_filtered;structurally_curated
pl,v1,3,2901,2929,większego,większego,większego,unknown,większego,wordfreq:pl,wordfreq_seeded;deterministically_filtered;structurally_curated
pl,v1,3,2902,2930,wolnym,wolnym,wolnym,unknown,wolnym,wordfreq:pl,wordfreq_seeded;deterministically_filtered;structurally_curated
pl,v1,3,2903,2931,wprowadzić,wprowadzić,wprowadzić,unknown,wprowadzić,wordfreq:pl,wordfreq_seeded;deterministically_filtered;structurally_curated
pl,v1,3,2904,2932,wyobrazić,wyobrazić,wyobrazić,unknown,wyobrazić,wordfreq:pl,wordfreq_seeded;deterministically_filtered;structurally_curated
pl,v1,3,2905,2933,wyszła,wyszła,wyszła,unknown,wyszła,wordfreq:pl,wordfreq_seeded;deterministically_filtered;structurally_curated
pl,v1,3,2906,2934,zaczynam,zaczynam,zaczynam,unknown,zaczynam,wordfreq:pl,wordfreq_seeded;deterministically_filtered;structurally_curated
pl,v1,3,2907,2935,zamiar,zamiar,zamiar,unknown,zamiar,wordfreq:pl,wordfreq_seeded;deterministically_filtered;structurally_curated
pl,v1,3,2908,2936,znamy,znamy,znamy,unknown,znamy,wordfreq:pl,wordfreq_seeded;deterministically_filtered;structurally_curated
pl,v1,3,2909,2937,złota,złota,złota,unknown,złota,wordfreq:pl,wordfreq_seeded;deterministically_filtered;structurally_curated
pl,v1,3,2910,2938,ściany,ściany,ściany,unknown,ściany,wordfreq:pl,wordfreq_seeded;deterministically_filtered;structurally_curated
pl,v1,3,2911,2939,śniadanie,śniadanie,śniadanie,unknown,śniadanie,wordfreq:pl,wordfreq_seeded;deterministically_filtered;structurally_curated
pl,v1,3,2912,2940,as,as,as,unknown,as,wordfreq:pl,wordfreq_seeded;deterministically_filtered;structurally_curated
pl,v1,3,2913,2941,bawić,bawić,bawić,unknown,bawić,wordfreq:pl,wordfreq_seeded;deterministically_filtered;structurally_curated
pl,v1,3,2914,2942,be,be,be,unknown,be,wordfreq:pl,wordfreq_seeded;deterministically_filtered;structurally_curated
pl,v1,3,2915,2943,biała,biała,biała,unknown,biała,wordfreq:pl,wordfreq_seeded;deterministically_filtered;structurally_curated
pl,v1,3,2916,2944,chciałby,chciałby,chciałby,unknown,chciałby,wordfreq:pl,wordfreq_seeded;deterministically_filtered;structurally_curated
pl,v1,3,2917,2945,chin,chin,chin,unknown,chin,wordfreq:pl,wordfreq_seeded;deterministically_filtered;structurally_curated
pl,v1,3,2918,2946,chłopaka,chłopaka,chłopaka,unknown,chłopaka,wordfreq:pl,wordfreq_seeded;deterministically_filtered;structurally_curated
pl,v1,3,2919,2947,dodatek,dodatek,dodatek,unknown,dodatek,wordfreq:pl,wordfreq_seeded;deterministically_filtered;structurally_curated
pl,v1,3,2920,2948,domem,domem,domem,unknown,domem,wordfreq:pl,wordfreq_seeded;deterministically_filtered;structurally_curated
pl,v1,3,2921,2949,dotychczas,dotychczas,dotychczas,unknown,dotychczas,wordfreq:pl,wordfreq_seeded;deterministically_filtered;structurally_curated
pl,v1,3,2922,2950,dyskusja,dyskusja,dyskusja,unknown,dyskusja,wordfreq:pl,wordfreq_seeded;deterministically_filtered;structurally_curated
pl,v1,3,2923,2951,dziwnego,dziwnego,dziwnego,unknown,dziwnego,wordfreq:pl,wordfreq_seeded;deterministically_filtered;structurally_curated
pl,v1,3,2924,2952,element,element,element,unknown,element,wordfreq:pl,wordfreq_seeded;deterministically_filtered;structurally_curated
pl,v1,3,2925,2953,emocji,emocji,emocji,unknown,emocji,wordfreq:pl,wordfreq_seeded;deterministically_filtered;structurally_curated
pl,v1,3,2926,2954,godzina,godzina,godzina,unknown,godzina,wordfreq:pl,wordfreq_seeded;deterministically_filtered;structurally_curated
pl,v1,3,2927,2955,gorąco,gorąco,gorąco,unknown,gorąco,wordfreq:pl,wordfreq_seeded;deterministically_filtered;structurally_curated
pl,v1,3,2928,2956,grał,grał,grał,unknown,grał,wordfreq:pl,wordfreq_seeded;deterministically_filtered;structurally_curated
pl,v1,3,2929,2957,grozi,grozi,grozi,unknown,grozi,wordfreq:pl,wordfreq_seeded;deterministically_filtered;structurally_curated
pl,v1,3,2930,2958,grudniu,grudniu,grudniu,unknown,grudniu,wordfreq:pl,wordfreq_seeded;deterministically_filtered;structurally_curated
pl,v1,3,2931,2959,idziemy,idziemy,idziemy,unknown,idziemy,wordfreq:pl,wordfreq_seeded;deterministically_filtered;structurally_curated
pl,v1,3,2932,2960,imienia,imienia,imienia,unknown,imienia,wordfreq:pl,wordfreq_seeded;deterministically_filtered;structurally_curated
pl,v1,3,2933,2961,istotne,istotne,istotne,unknown,istotne,wordfreq:pl,wordfreq_seeded;deterministically_filtered;structurally_curated
pl,v1,3,2934,2962,jadę,jadę,jadę,unknown,jadę,wordfreq:pl,wordfreq_seeded;deterministically_filtered;structurally_curated
pl,v1,3,2935,2963,kaczyński,kaczyński,kaczyński,unknown,kaczyński,wordfreq:pl,wordfreq_seeded;deterministically_filtered;structurally_curated
pl,v1,3,2936,2964,kadencji,kadencji,kadencji,unknown,kadencji,wordfreq:pl,wordfreq_seeded;deterministically_filtered;structurally_curated
pl,v1,3,2937,2965,kierunek,kierunek,kierunek,unknown,kierunek,wordfreq:pl,wordfreq_seeded;deterministically_filtered;structurally_curated
pl,v1,3,2938,2966,kieszeni,kieszeni,kieszeni,unknown,kieszeni,wordfreq:pl,wordfreq_seeded;deterministically_filtered;structurally_curated
pl,v1,3,2939,2967,kilkanaście,kilkanaście,kilkanaście,unknown,kilkanaście,wordfreq:pl,wordfreq_seeded;deterministically_filtered;structurally_curated
pl,v1,3,2940,2968,klimat,klimat,klimat,unknown,klimat,wordfreq:pl,wordfreq_seeded;deterministically_filtered;structurally_curated
pl,v1,3,2941,2969,konkursie,konkursie,konkursie,unknown,konkursie,wordfreq:pl,wordfreq_seeded;deterministically_filtered;structurally_curated
pl,v1,3,2942,2970,krajem,krajem,krajem,unknown,krajem,wordfreq:pl,wordfreq_seeded;deterministically_filtered;structurally_curated
pl,v1,3,2943,2971,leczenia,leczenia,leczenia,unknown,leczenia,wordfreq:pl,wordfreq_seeded;deterministically_filtered;structurally_curated
pl,v1,3,2944,2972,mięsa,mięsa,mięsa,unknown,mięsa,wordfreq:pl,wordfreq_seeded;deterministically_filtered;structurally_curated
pl,v1,3,2945,2973,mięso,mięso,mięso,unknown,mięso,wordfreq:pl,wordfreq_seeded;deterministically_filtered;structurally_curated
pl,v1,3,2946,2974,moge,moge,moge,unknown,moge,wordfreq:pl,wordfreq_seeded;deterministically_filtered;structurally_curated
pl,v1,3,2947,2975,mogłaby,mogłaby,mogłaby,unknown,mogłaby,wordfreq:pl,wordfreq_seeded;deterministically_filtered;structurally_curated
pl,v1,3,2948,2976,najwyraźniej,najwyraźniej,najwyraźniej,unknown,najwyraźniej,wordfreq:pl,wordfreq_seeded;deterministically_filtered;structurally_curated
pl,v1,3,2949,2977,narodowe,narodowe,narodowe,unknown,narodowe,wordfreq:pl,wordfreq_seeded;deterministically_filtered;structurally_curated
pl,v1,3,2950,2978,niebo,niebo,niebo,unknown,niebo,wordfreq:pl,wordfreq_seeded;deterministically_filtered;structurally_curated
pl,v1,3,2951,2979,oddział,oddział,oddział,unknown,oddział,wordfreq:pl,wordfreq_seeded;deterministically_filtered;structurally_curated
pl,v1,3,2952,2980,peter,peter,peter,unknown,peter,wordfreq:pl,wordfreq_seeded;deterministically_filtered;structurally_curated
pl,v1,3,2953,2981,podstawowej,podstawowej,podstawowej,unknown,podstawowej,wordfreq:pl,wordfreq_seeded;deterministically_filtered;structurally_curated
pl,v1,3,2954,2982,pojawiły,pojawiły,pojawiły,unknown,pojawiły,wordfreq:pl,wordfreq_seeded;deterministically_filtered;structurally_curated
pl,v1,3,2955,2983,polscy,polscy,polscy,unknown,polscy,wordfreq:pl,wordfreq_seeded;deterministically_filtered;structurally_curated
pl,v1,3,2956,2984,polu,polu,polu,unknown,polu,wordfreq:pl,wordfreq_seeded;deterministically_filtered;structurally_curated
pl,v1,3,2957,2985,poszła,poszła,poszła,unknown,poszła,wordfreq:pl,wordfreq_seeded;deterministically_filtered;structurally_curated
pl,v1,3,2958,2986,potrzebny,potrzebny,potrzebny,unknown,potrzebny,wordfreq:pl,wordfreq_seeded;deterministically_filtered;structurally_curated
pl,v1,3,2959,2987,pracą,pracą,pracą,unknown,pracą,wordfreq:pl,wordfreq_seeded;deterministically_filtered;structurally_curated
pl,v1,3,2960,2988,praktyce,praktyce,praktyce,unknown,praktyce,wordfreq:pl,wordfreq_seeded;deterministically_filtered;structurally_curated
pl,v1,3,2961,2989,prywatnych,prywatnych,prywatnych,unknown,prywatnych,wordfreq:pl,wordfreq_seeded;deterministically_filtered;structurally_curated
pl,v1,3,2962,2990,przyczyny,przyczyny,przyczyny,unknown,przyczyny,wordfreq:pl,wordfreq_seeded;deterministically_filtered;structurally_curated
pl,v1,3,2963,2991,przypominam,przypominam,przypominam,unknown,przypominam,wordfreq:pl,wordfreq_seeded;deterministically_filtered;structurally_curated
pl,v1,3,2964,2992,rana,rana,rana,unknown,rana,wordfreq:pl,wordfreq_seeded;deterministically_filtered;structurally_curated
pl,v1,3,2965,2993,spróbuj,spróbuj,spróbuj,unknown,spróbuj,wordfreq:pl,wordfreq_seeded;deterministically_filtered;structurally_curated
pl,v1,3,2966,2994,spółki,spółki,spółki,unknown,spółki,wordfreq:pl,wordfreq_seeded;deterministically_filtered;structurally_curated
pl,v1,3,2967,2995,stopni,stopni,stopni,unknown,stopni,wordfreq:pl,wordfreq_seeded;deterministically_filtered;structurally_curated
pl,v1,3,2968,2996,strachu,strachu,strachu,unknown,strachu,wordfreq:pl,wordfreq_seeded;deterministically_filtered;structurally_curated
pl,v1,3,2969,2997,straży,straży,straży,unknown,straży,wordfreq:pl,wordfreq_seeded;deterministically_filtered;structurally_curated
pl,v1,3,2970,2998,słychać,słychać,słychać,unknown,słychać,wordfreq:pl,wordfreq_seeded;deterministically_filtered;structurally_curated
pl,v1,3,2971,2999,tekstów,tekstów,tekstów,unknown,tekstów,wordfreq:pl,wordfreq_seeded;deterministically_filtered;structurally_curated
pl,v1,3,2972,3000,tytułem,tytułem,tytułem,unknown,tytułem,wordfreq:pl,wordfreq_seeded;deterministically_filtered;structurally_curated
pl,v1,3,2973,3001,tzn,tzn,tzn,unknown,tzn,wordfreq:pl,wordfreq_seeded;deterministically_filtered;structurally_curated
pl,v1,3,2974,3002,winy,winy,winy,unknown,winy,wordfreq:pl,wordfreq_seeded;deterministically_filtered;structurally_curated
pl,v1,3,2975,3003,wspaniałe,wspaniałe,wspaniałe,unknown,wspaniałe,wordfreq:pl,wordfreq_seeded;deterministically_filtered;structurally_curated
pl,v1,3,2976,3004,wspaniały,wspaniały,wspaniały,unknown,wspaniały,wordfreq:pl,wordfreq_seeded;deterministically_filtered;structurally_curated
pl,v1,3,2977,3005,współpracę,współpracę,współpracę,unknown,współpracę,wordfreq:pl,wordfreq_seeded;deterministically_filtered;structurally_curated
pl,v1,3,2978,3006,wydawało,wydawało,wydawało,unknown,wydawało,wordfreq:pl,wordfreq_seeded;deterministically_filtered;structurally_curated
pl,v1,3,2979,3007,wydział,wydział,wydział,unknown,wydział,wordfreq:pl,wordfreq_seeded;deterministically_filtered;structurally_curated
pl,v1,3,2980,3008,xix,xix,xix,unknown,xix,wordfreq:pl,wordfreq_seeded;deterministically_filtered;structurally_curated
pl,v1,3,2981,3009,zabawa,zabawa,zabawa,unknown,zabawa,wordfreq:pl,wordfreq_seeded;deterministically_filtered;structurally_curated
pl,v1,3,2982,3010,zacząłem,zacząłem,zacząłem,unknown,zacząłem,wordfreq:pl,wordfreq_seeded;deterministically_filtered;structurally_curated
pl,v1,3,2983,3011,zakończenie,zakończenie,zakończenie,unknown,zakończenie,wordfreq:pl,wordfreq_seeded;deterministically_filtered;structurally_curated
pl,v1,3,2984,3012,zakład,zakład,zakład,unknown,zakład,wordfreq:pl,wordfreq_seeded;deterministically_filtered;structurally_curated
pl,v1,3,2985,3013,zapytać,zapytać,zapytać,unknown,zapytać,wordfreq:pl,wordfreq_seeded;deterministically_filtered;structurally_curated
pl,v1,3,2986,3014,zatrzymać,zatrzymać,zatrzymać,unknown,zatrzymać,wordfreq:pl,wordfreq_seeded;deterministically_filtered;structurally_curated
pl,v1,3,2987,3015,zginął,zginął,zginął,unknown,zginął,wordfreq:pl,wordfreq_seeded;deterministically_filtered;structurally_curated
pl,v1,3,2988,3016,ładne,ładne,ładne,unknown,ładne,wordfreq:pl,wordfreq_seeded;deterministically_filtered;structurally_curated
pl,v1,3,2989,3017,średnia,średnia,średnia,unknown,średnia,wordfreq:pl,wordfreq_seeded;deterministically_filtered;structurally_curated
pl,v1,3,2990,3018,akademii,akademii,akademii,unknown,akademii,wordfreq:pl,wordfreq_seeded;deterministically_filtered;structurally_curated
pl,v1,3,2991,3019,amerykańskiej,amerykańskiej,amerykańskiej,unknown,amerykańskiej,wordfreq:pl,wordfreq_seeded;deterministically_filtered;structurally_curated
pl,v1,3,2992,3020,anty,anty,anty,unknown,anty,wordfreq:pl,wordfreq_seeded;deterministically_filtered;structurally_curated
pl,v1,3,2993,3021,aplikacji,aplikacji,aplikacji,unknown,aplikacji,wordfreq:pl,wordfreq_seeded;deterministically_filtered;structurally_curated
pl,v1,3,2994,3022,babcia,babcia,babcia,unknown,babcia,wordfreq:pl,wordfreq_seeded;deterministically_filtered;structurally_curated
pl,v1,3,2995,3023,bogu,bogu,bogu,unknown,bogu,wordfreq:pl,wordfreq_seeded;deterministically_filtered;structurally_curated
pl,v1,3,2996,3024,boi,boi,boi,unknown,boi,wordfreq:pl,wordfreq_seeded;deterministically_filtered;structurally_curated
pl,v1,3,2997,3025,byl,byl,byl,unknown,byl,wordfreq:pl,wordfreq_seeded;deterministically_filtered;structurally_curated
pl,v1,3,2998,3026,cen,cen,cen,unknown,cen,wordfreq:pl,wordfreq_seeded;deterministically_filtered;structurally_curated
pl,v1,3,2999,3027,cieszyć,cieszyć,cieszyć,unknown,cieszyć,wordfreq:pl,wordfreq_seeded;deterministically_filtered;structurally_curated
pl,v1,3,3000,3028,czekają,czekają,czekają,unknown,czekają,wordfreq:pl,wordfreq_seeded;deterministically_filtered;structurally_curated
