language,frequency_list_version,level,rank,source_rank,display_form,lemma,lemma_key,part_of_speech,definition_seed,source_provenance,curation_flags
fr,v1,1,1,1,de,de,de,unknown,de,wordfreq:fr,wordfreq_seeded;deterministically_filtered;structurally_curated
fr,v1,1,2,2,la,la,la,unknown,la,wordfreq:fr,wordfreq_seeded;deterministically_filtered;structurally_curated
fr,v1,1,3,3,le,le,le,unknown,le,wordfreq:fr,wordfreq_seeded;deterministically_filtered;structurally_curated
fr,v1,1,4,4,et,et,et,unknown,et,wordfreq:fr,wordfreq_seeded;deterministically_filtered;structurally_curated
fr,v1,1,5,5,l,l,l,unknown,l,wordfreq:fr,wordfreq_seeded;deterministically_filtered;structurally_curated
fr,v1,1,6,6,à,à,à,unknown,à,wordfreq:fr,wordfreq_seeded;deterministically_filtered;structurally_curated
fr,v1,1,7,7,les,les,les,unknown,les,wordfreq:fr,wordfreq_seeded;deterministically_filtered;structurally_curated
fr,v1,1,8,8,est,est,est,unknown,est,wordfreq:fr,wordfreq_seeded;deterministically_filtered;structurally_curated
fr,v1,1,9,9,en,en,en,unknown,en,wordfreq:fr,wordfreq_seeded;deterministically_filtered;structurally_curated
fr,v1,1,10,10,des,des,des,unknown,des,wordfreq:fr,wordfreq_seeded;deterministically_filtered;structurally_curated
fr,v1,1,11,11,d,d,d,unknown,d,wordfreq:fr,wordfreq_seeded;deterministically_filtered;structurally_curated
fr,v1,1,12,12,un,un,un,unknown,un,wordfreq:fr,wordfreq_seeded;deterministically_filtered;structurally_curated
fr,v1,1,13,13,que,que,que,unknown,que,wordfreq:fr,wordfreq_seeded;deterministically_filtered;structurally_curated
fr,v1,1,14,14,a,a,a,unknown,a,wordfreq:fr,wordfreq_seeded;deterministically_filtered;structurally_curated
fr,v1,1,15,15,pas,pas,pas,unknown,pas,wordfreq:fr,wordfreq_seeded;deterministically_filtered;structurally_curated
fr,v1,1,16,16,une,une,une,unknown,une,wordfreq:fr,wordfreq_seeded;deterministically_filtered;structurally_curated
fr,v1,1,17,17,du,du,du,unknown,du,wordfreq:fr,wordfreq_seeded;deterministically_filtered;structurally_curated
fr,v1,1,18,18,il,il,il,unknown,il,wordfreq:fr,wordfreq_seeded;deterministically_filtered;structurally_curated
fr,v1,1,19,19,pour,pour,pour,unknown,pour,wordfreq:fr,wordfreq_seeded;deterministically_filtered;structurally_curated
fr,v1,1,20,20,dans,dans,dans,unknown,dans,wordfreq:fr,wordfreq_seeded;deterministically_filtered;structurally_curated
fr,v1,1,21,21,je,je,je,unknown,je,wordfreq:fr,wordfreq_seeded;deterministically_filtered;structurally_curated
fr,v1,1,22,22,qui,qui,qui,unknown,qui,wordfreq:fr,wordfreq_seeded;deterministically_filtered;structurally_curated
fr,v1,1,23,23,c,c,c,unknown,c,wordfreq:fr,wordfreq_seeded;deterministically_filtered;structurally_curated
fr,v1,1,24,24,au,au,au,unknown,au,wordfreq:fr,wordfreq_seeded;deterministically_filtered;structurally_curated
fr,v1,1,25,25,ce,ce,ce,unknown,ce,wordfreq:fr,wordfreq_seeded;deterministically_filtered;structurally_curated
fr,v1,1,26,26,sur,sur,sur,unknown,sur,wordfreq:fr,wordfreq_seeded;deterministically_filtered;structurally_curated
fr,v1,1,27,27,qu,qu,qu,unknown,qu,wordfreq:fr,wordfreq_seeded;deterministically_filtered;structurally_curated
fr,v1,1,28,29,par,par,par,unknown,par,wordfreq:fr,wordfreq_seeded;deterministically_filtered;structurally_curated
fr,v1,1,29,30,on,on,on,unknown,on,wordfreq:fr,wordfreq_seeded;deterministically_filtered;structurally_curated
fr,v1,1,30,31,ne,ne,ne,unknown,ne,wordfreq:fr,wordfreq_seeded;deterministically_filtered;structurally_curated
fr,v1,1,31,32,plus,plus,plus,unknown,plus,wordfreq:fr,wordfreq_seeded;deterministically_filtered;structurally_curated
fr,v1,1,32,33,avec,avec,avec,unknown,avec,wordfreq:fr,wordfreq_seeded;deterministically_filtered;structurally_curated
fr,v1,1,33,34,j,j,j,unknown,j,wordfreq:fr,wordfreq_seeded;deterministically_filtered;structurally_curated
fr,v1,1,34,35,n,n,n,unknown,n,wordfreq:fr,wordfreq_seeded;deterministically_filtered;structurally_curated
fr,v1,1,35,36,mais,mais,mais,unknown,mais,wordfreq:fr,wordfreq_seeded;deterministically_filtered;structurally_curated
fr,v1,1,36,38,se,se,se,unknown,se,wordfreq:fr,wordfreq_seeded;deterministically_filtered;structurally_curated
fr,v1,1,37,39,vous,vous,vous,unknown,vous,wordfreq:fr,wordfreq_seeded;deterministically_filtered;structurally_curated
fr,v1,1,38,40,s,s,s,unknown,s,wordfreq:fr,wordfreq_seeded;deterministically_filtered;structurally_curated
fr,v1,1,39,41,ça,ça,ça,unknown,ça,wordfreq:fr,wordfreq_seeded;deterministically_filtered;structurally_curated
fr,v1,1,40,42,tu,tu,tu,unknown,tu,wordfreq:fr,wordfreq_seeded;deterministically_filtered;structurally_curated
fr,v1,1,41,43,elle,elle,elle,unknown,elle,wordfreq:fr,wordfreq_seeded;deterministically_filtered;structurally_curated
fr,v1,1,42,44,son,son,son,unknown,son,wordfreq:fr,wordfreq_seeded;deterministically_filtered;structurally_curated
fr,v1,1,43,45,y,y,y,unknown,y,wordfreq:fr,wordfreq_seeded;deterministically_filtered;structurally_curated
fr,v1,1,44,46,ai,ai,ai,unknown,ai,wordfreq:fr,wordfreq_seeded;deterministically_filtered;structurally_curated
fr,v1,1,45,47,ou,ou,ou,unknown,ou,wordfreq:fr,wordfreq_seeded;deterministically_filtered;structurally_curated
fr,v1,1,46,48,si,si,si,unknown,si,wordfreq:fr,wordfreq_seeded;deterministically_filtered;structurally_curated
fr,v1,1,47,49,sont,sont,sont,unknown,sont,wordfreq:fr,wordfreq_seeded;deterministically_filtered;structurally_curated
fr,v1,1,48,50,tout,tout,tout,unknown,tout,wordfreq:fr,wordfreq_seeded;deterministically_filtered;structurally_curated
fr,v1,1,49,51,fait,fait,fait,unknown,fait,wordfreq:fr,wordfreq_seeded;deterministically_filtered;structurally_curated
fr,v1,1,50,52,nous,nous,nous,unknown,nous,wordfreq:fr,wordfreq_seeded;deterministically_filtered;structurally_curated
fr,v1,1,51,53,comme,comme,comme,unknown,comme,wordfreq:fr,wordfreq_seeded;deterministically_filtered;structurally_curated
fr,v1,1,52,54,être,être,être,unknown,être,wordfreq:fr,wordfreq_seeded;deterministically_filtered;structurally_curated
fr,v1,1,53,55,bien,bien,bien,unknown,bien,wordfreq:fr,wordfreq_seeded;deterministically_filtered;structurally_curated
fr,v1,1,54,56,ils,ils,ils,unknown,ils,wordfreq:fr,wordfreq_seeded;deterministically_filtered;structurally_curated
fr,v1,1,55,57,cette,cette,cette,unknown,cette,wordfreq:fr,wordfreq_seeded;deterministically_filtered;structurally_curated
fr,v1,1,56,58,faire,faire,faire,unknown,faire,wordfreq:fr,wordfreq_seeded;deterministically_filtered;structurally_curated
fr,v1,1,57,59,sa,sa,sa,unknown,sa,wordfreq:fr,wordfreq_seeded;deterministically_filtered;structurally_curated
fr,v1,1,58,60,aux,aux,aux,unknown,aux,wordfreq:fr,wordfreq_seeded;deterministically_filtered;structurally_curated
fr,v1,1,59,61,même,même,même,unknown,même,wordfreq:fr,wordfreq_seeded;deterministically_filtered;structurally_curated
fr,v1,1,60,62,me,me,me,unknown,me,wordfreq:fr,wordfreq_seeded;deterministically_filtered;structurally_curated
fr,v1,1,61,64,ont,ont,ont,unknown,ont,wordfreq:fr,wordfreq_seeded;deterministically_filtered;structurally_curated
fr,v1,1,62,65,t,t,t,unknown,t,wordfreq:fr,wordfreq_seeded;deterministically_filtered;structurally_curated
fr,v1,1,63,66,m,m,m,unknown,m,wordfreq:fr,wordfreq_seeded;deterministically_filtered;structurally_curated
fr,v1,1,64,67,était,était,était,unknown,était,wordfreq:fr,wordfreq_seeded;deterministically_filtered;structurally_curated
fr,v1,1,65,68,été,été,été,unknown,été,wordfreq:fr,wordfreq_seeded;deterministically_filtered;structurally_curated
fr,v1,1,66,69,mon,mon,mon,unknown,mon,wordfreq:fr,wordfreq_seeded;deterministically_filtered;structurally_curated
fr,v1,1,67,70,ses,ses,ses,unknown,ses,wordfreq:fr,wordfreq_seeded;deterministically_filtered;structurally_curated
fr,v1,1,68,71,lui,lui,lui,unknown,lui,wordfreq:fr,wordfreq_seeded;deterministically_filtered;structurally_curated
fr,v1,1,69,72,aussi,aussi,aussi,unknown,aussi,wordfreq:fr,wordfreq_seeded;deterministically_filtered;structurally_curated
fr,v1,1,70,73,peut,peut,peut,unknown,peut,wordfreq:fr,wordfreq_seeded;deterministically_filtered;structurally_curated
fr,v1,1,71,74,deux,deux,deux,unknown,deux,wordfreq:fr,wordfreq_seeded;deterministically_filtered;structurally_curated
fr,v1,1,72,75,leur,leur,leur,unknown,leur,wordfreq:fr,wordfreq_seeded;deterministically_filtered;structurally_curated
fr,v1,1,73,76,moi,moi,moi,unknown,moi,wordfreq:fr,wordfreq_seeded;deterministically_filtered;structurally_curated
fr,v1,1,74,77,ces,ces,ces,unknown,ces,wordfreq:fr,wordfreq_seeded;deterministically_filtered;structurally_curated
fr,v1,1,75,78,quand,quand,quand,unknown,quand,wordfreq:fr,wordfreq_seeded;deterministically_filtered;structurally_curated
fr,v1,1,76,79,après,après,après,unknown,après,wordfreq:fr,wordfreq_seeded;deterministically_filtered;structurally_curated
fr,v1,1,77,80,suis,suis,suis,unknown,suis,wordfreq:fr,wordfreq_seeded;deterministically_filtered;structurally_curated
fr,v1,1,78,81,très,très,très,unknown,très,wordfreq:fr,wordfreq_seeded;deterministically_filtered;structurally_curated
fr,v1,1,79,82,tous,tous,tous,unknown,tous,wordfreq:fr,wordfreq_seeded;deterministically_filtered;structurally_curated
fr,v1,1,80,83,sans,sans,sans,unknown,sans,wordfreq:fr,wordfreq_seeded;deterministically_filtered;structurally_curated
fr,v1,1,81,84,avoir,avoir,avoir,unknown,avoir,wordfreq:fr,wordfreq_seeded;deterministically_filtered;structurally_curated
fr,v1,1,82,85,non,non,non,unknown,non,wordfreq:fr,wordfreq_seeded;deterministically_filtered;structurally_curated
fr,v1,1,83,86,où,où,où,unknown,où,wordfreq:fr,wordfreq_seeded;deterministically_filtered;structurally_curated
fr,v1,1,84,87,va,va,va,unknown,va,wordfreq:fr,wordfreq_seeded;deterministically_filtered;structurally_curated
fr,v1,1,85,88,encore,encore,encore,unknown,encore,wordfreq:fr,wordfreq_seeded;deterministically_filtered;structurally_curated
fr,v1,1,86,89,alors,alors,alors,unknown,alors,wordfreq:fr,wordfreq_seeded;deterministically_filtered;structurally_curated
fr,v1,1,87,90,avait,avait,avait,unknown,avait,wordfreq:fr,wordfreq_seeded;deterministically_filtered;structurally_curated
fr,v1,1,88,91,entre,entre,entre,unknown,entre,wordfreq:fr,wordfreq_seeded;deterministically_filtered;structurally_curated
fr,v1,1,89,92,temps,temps,temps,unknown,temps,wordfreq:fr,wordfreq_seeded;deterministically_filtered;structurally_curated
fr,v1,1,90,93,ans,ans,ans,unknown,ans,wordfreq:fr,wordfreq_seeded;deterministically_filtered;structurally_curated
fr,v1,1,91,94,autres,autres,autres,unknown,autres,wordfreq:fr,wordfreq_seeded;deterministically_filtered;structurally_curated
fr,v1,1,92,95,dit,dit,dit,unknown,dit,wordfreq:fr,wordfreq_seeded;deterministically_filtered;structurally_curated
fr,v1,1,93,96,ma,ma,ma,unknown,ma,wordfreq:fr,wordfreq_seeded;deterministically_filtered;structurally_curated
fr,v1,1,94,97,là,là,là,unknown,là,wordfreq:fr,wordfreq_seeded;deterministically_filtered;structurally_curated
fr,v1,1,95,98,peu,peu,peu,unknown,peu,wordfreq:fr,wordfreq_seeded;deterministically_filtered;structurally_curated
fr,v1,1,96,99,autre,autre,autre,unknown,autre,wordfreq:fr,wordfreq_seeded;deterministically_filtered;structurally_curated
fr,v1,1,97,100,france,france,france,unknown,france,wordfreq:fr,wordfreq_seeded;deterministically_filtered;structurally_curated
fr,v1,1,98,103,rien,rien,rien,unknown,rien,wordfreq:fr,wordfreq_seeded;deterministically_filtered;structurally_curated
fr,v1,1,99,104,dire,dire,dire,unknown,dire,wordfreq:fr,wordfreq_seeded;deterministically_filtered;structurally_curated
fr,v1,1,100,105,monde,monde,monde,unknown,monde,wordfreq:fr,wordfreq_seeded;deterministically_filtered;structurally_curated
fr,v1,1,101,106,te,te,te,unknown,te,wordfreq:fr,wordfreq_seeded;deterministically_filtered;structurally_curated
fr,v1,1,102,107,fois,fois,fois,unknown,fois,wordfreq:fr,wordfreq_seeded;deterministically_filtered;structurally_curated
fr,v1,1,103,108,faut,faut,faut,unknown,faut,wordfreq:fr,wordfreq_seeded;deterministically_filtered;structurally_curated
fr,v1,1,104,109,toujours,toujours,toujours,unknown,toujours,wordfreq:fr,wordfreq_seeded;deterministically_filtered;structurally_curated
fr,v1,1,105,110,voir,voir,voir,unknown,voir,wordfreq:fr,wordfreq_seeded;deterministically_filtered;structurally_curated
fr,v1,1,106,111,bon,bon,bon,unknown,bon,wordfreq:fr,wordfreq_seeded;deterministically_filtered;structurally_curated
fr,v1,1,107,112,contre,contre,contre,unknown,contre,wordfreq:fr,wordfreq_seeded;deterministically_filtered;structurally_curated
fr,v1,1,108,113,votre,votre,votre,unknown,votre,wordfreq:fr,wordfreq_seeded;deterministically_filtered;structurally_curated
fr,v1,1,109,114,avant,avant,avant,unknown,avant,wordfreq:fr,wordfreq_seeded;deterministically_filtered;structurally_curated
fr,v1,1,110,115,depuis,depuis,depuis,unknown,depuis,wordfreq:fr,wordfreq_seeded;deterministically_filtered;structurally_curated
fr,v1,1,111,116,donc,donc,donc,unknown,donc,wordfreq:fr,wordfreq_seeded;deterministically_filtered;structurally_curated
fr,v1,1,112,117,notre,notre,notre,unknown,notre,wordfreq:fr,wordfreq_seeded;deterministically_filtered;structurally_curated
fr,v1,1,113,118,sous,sous,sous,unknown,sous,wordfreq:fr,wordfreq_seeded;deterministically_filtered;structurally_curated
fr,v1,1,114,119,jamais,jamais,jamais,unknown,jamais,wordfreq:fr,wordfreq_seeded;deterministically_filtered;structurally_curated
fr,v1,1,115,120,vie,vie,vie,unknown,vie,wordfreq:fr,wordfreq_seeded;deterministically_filtered;structurally_curated
fr,v1,1,116,121,moins,moins,moins,unknown,moins,wordfreq:fr,wordfreq_seeded;deterministically_filtered;structurally_curated
fr,v1,1,117,122,dont,dont,dont,unknown,dont,wordfreq:fr,wordfreq_seeded;deterministically_filtered;structurally_curated
fr,v1,1,118,123,toi,toi,toi,unknown,toi,wordfreq:fr,wordfreq_seeded;deterministically_filtered;structurally_curated
fr,v1,1,119,125,déjà,déjà,déjà,unknown,déjà,wordfreq:fr,wordfreq_seeded;deterministically_filtered;structurally_curated
fr,v1,1,120,126,quoi,quoi,quoi,unknown,quoi,wordfreq:fr,wordfreq_seeded;deterministically_filtered;structurally_curated
fr,v1,1,121,127,soit,soit,soit,unknown,soit,wordfreq:fr,wordfreq_seeded;deterministically_filtered;structurally_curated
fr,v1,1,122,128,trop,trop,trop,unknown,trop,wordfreq:fr,wordfreq_seeded;deterministically_filtered;structurally_curated
fr,v1,1,123,129,leurs,leurs,leurs,unknown,leurs,wordfreq:fr,wordfreq_seeded;deterministically_filtered;structurally_curated
fr,v1,1,124,130,ton,ton,ton,unknown,ton,wordfreq:fr,wordfreq_seeded;deterministically_filtered;structurally_curated
fr,v1,1,125,131,toute,toute,toute,unknown,toute,wordfreq:fr,wordfreq_seeded;deterministically_filtered;structurally_curated
fr,v1,1,126,132,chez,chez,chez,unknown,chez,wordfreq:fr,wordfreq_seeded;deterministically_filtered;structurally_curated
fr,v1,1,127,133,gens,gens,gens,unknown,gens,wordfreq:fr,wordfreq_seeded;deterministically_filtered;structurally_curated
fr,v1,1,128,134,juste,juste,juste,unknown,juste,wordfreq:fr,wordfreq_seeded;deterministically_filtered;structurally_curated
fr,v1,1,129,135,oui,oui,oui,unknown,oui,wordfreq:fr,wordfreq_seeded;deterministically_filtered;structurally_curated
fr,v1,1,130,136,vraiment,vraiment,vraiment,unknown,vraiment,wordfreq:fr,wordfreq_seeded;deterministically_filtered;structurally_curated
fr,v1,1,131,137,ainsi,ainsi,ainsi,unknown,ainsi,wordfreq:fr,wordfreq_seeded;deterministically_filtered;structurally_curated
fr,v1,1,132,138,as,as,as,unknown,as,wordfreq:fr,wordfreq_seeded;deterministically_filtered;structurally_curated
fr,v1,1,133,139,grand,grand,grand,unknown,grand,wordfreq:fr,wordfreq_seeded;deterministically_filtered;structurally_curated
fr,v1,1,134,140,pays,pays,pays,unknown,pays,wordfreq:fr,wordfreq_seeded;deterministically_filtered;structurally_curated
fr,v1,1,135,141,français,français,français,unknown,français,wordfreq:fr,wordfreq_seeded;deterministically_filtered;structurally_curated
fr,v1,1,136,142,mes,mes,mes,unknown,mes,wordfreq:fr,wordfreq_seeded;deterministically_filtered;structurally_curated
fr,v1,1,137,143,beaucoup,beaucoup,beaucoup,unknown,beaucoup,wordfreq:fr,wordfreq_seeded;deterministically_filtered;structurally_curated
fr,v1,1,138,144,jour,jour,jour,unknown,jour,wordfreq:fr,wordfreq_seeded;deterministically_filtered;structurally_curated
fr,v1,1,139,145,quelques,quelques,quelques,unknown,quelques,wordfreq:fr,wordfreq_seeded;deterministically_filtered;structurally_curated
fr,v1,1,140,146,comment,comment,comment,unknown,comment,wordfreq:fr,wordfreq_seeded;deterministically_filtered;structurally_curated
fr,v1,1,141,147,es,es,es,unknown,es,wordfreq:fr,wordfreq_seeded;deterministically_filtered;structurally_curated
fr,v1,1,142,148,premier,premier,premier,unknown,premier,wordfreq:fr,wordfreq_seeded;deterministically_filtered;structurally_curated
fr,v1,1,143,149,sera,sera,sera,unknown,sera,wordfreq:fr,wordfreq_seeded;deterministically_filtered;structurally_curated
fr,v1,1,144,150,nos,nos,nos,unknown,nos,wordfreq:fr,wordfreq_seeded;deterministically_filtered;structurally_curated
fr,v1,1,145,151,parce,parce,parce,unknown,parce,wordfreq:fr,wordfreq_seeded;deterministically_filtered;structurally_curated
fr,v1,1,146,152,personne,personne,personne,unknown,personne,wordfreq:fr,wordfreq_seeded;deterministically_filtered;structurally_curated
fr,v1,1,147,153,cela,cela,cela,unknown,cela,wordfreq:fr,wordfreq_seeded;deterministically_filtered;structurally_curated
fr,v1,1,148,154,trois,trois,trois,unknown,trois,wordfreq:fr,wordfreq_seeded;deterministically_filtered;structurally_curated
fr,v1,1,149,155,homme,homme,homme,unknown,homme,wordfreq:fr,wordfreq_seeded;deterministically_filtered;structurally_curated
fr,v1,1,150,156,ici,ici,ici,unknown,ici,wordfreq:fr,wordfreq_seeded;deterministically_filtered;structurally_curated
fr,v1,1,151,157,paris,paris,paris,unknown,paris,wordfreq:fr,wordfreq_seeded;deterministically_filtered;structurally_curated
fr,v1,1,152,158,toutes,toutes,toutes,unknown,toutes,wordfreq:fr,wordfreq_seeded;deterministically_filtered;structurally_curated
fr,v1,1,153,159,vu,vu,vu,unknown,vu,wordfreq:fr,wordfreq_seeded;deterministically_filtered;structurally_curated
fr,v1,1,154,160,cas,cas,cas,unknown,cas,wordfreq:fr,wordfreq_seeded;deterministically_filtered;structurally_curated
fr,v1,1,155,161,chose,chose,chose,unknown,chose,wordfreq:fr,wordfreq_seeded;deterministically_filtered;structurally_curated
fr,v1,1,156,162,doit,doit,doit,unknown,doit,wordfreq:fr,wordfreq_seeded;deterministically_filtered;structurally_curated
fr,v1,1,157,163,partie,partie,partie,unknown,partie,wordfreq:fr,wordfreq_seeded;deterministically_filtered;structurally_curated
fr,v1,1,158,165,car,car,car,unknown,car,wordfreq:fr,wordfreq_seeded;deterministically_filtered;structurally_curated
fr,v1,1,159,166,eu,eu,eu,unknown,eu,wordfreq:fr,wordfreq_seeded;deterministically_filtered;structurally_curated
fr,v1,1,160,167,mal,mal,mal,unknown,mal,wordfreq:fr,wordfreq_seeded;deterministically_filtered;structurally_curated
fr,v1,1,161,168,première,première,première,unknown,première,wordfreq:fr,wordfreq_seeded;deterministically_filtered;structurally_curated
fr,v1,1,162,170,bonne,bonne,bonne,unknown,bonne,wordfreq:fr,wordfreq_seeded;deterministically_filtered;structurally_curated
fr,v1,1,163,171,fin,fin,fin,unknown,fin,wordfreq:fr,wordfreq_seeded;deterministically_filtered;structurally_curated
fr,v1,1,164,172,mieux,mieux,mieux,unknown,mieux,wordfreq:fr,wordfreq_seeded;deterministically_filtered;structurally_curated
fr,v1,1,165,173,pendant,pendant,pendant,unknown,pendant,wordfreq:fr,wordfreq_seeded;deterministically_filtered;structurally_curated
fr,v1,1,166,174,petit,petit,petit,unknown,petit,wordfreq:fr,wordfreq_seeded;deterministically_filtered;structurally_curated
fr,v1,1,167,175,puis,puis,puis,unknown,puis,wordfreq:fr,wordfreq_seeded;deterministically_filtered;structurally_curated
fr,v1,1,168,176,année,année,année,unknown,année,wordfreq:fr,wordfreq_seeded;deterministically_filtered;structurally_curated
fr,v1,1,169,177,cet,cet,cet,unknown,cet,wordfreq:fr,wordfreq_seeded;deterministically_filtered;structurally_curated
fr,v1,1,170,178,ceux,ceux,ceux,unknown,ceux,wordfreq:fr,wordfreq_seeded;deterministically_filtered;structurally_curated
fr,v1,1,171,179,elles,elles,elles,unknown,elles,wordfreq:fr,wordfreq_seeded;deterministically_filtered;structurally_curated
fr,v1,1,172,180,moment,moment,moment,unknown,moment,wordfreq:fr,wordfreq_seeded;deterministically_filtered;structurally_curated
fr,v1,1,173,181,place,place,place,unknown,place,wordfreq:fr,wordfreq_seeded;deterministically_filtered;structurally_curated
fr,v1,1,174,182,plusieurs,plusieurs,plusieurs,unknown,plusieurs,wordfreq:fr,wordfreq_seeded;deterministically_filtered;structurally_curated
fr,v1,1,175,183,pourquoi,pourquoi,pourquoi,unknown,pourquoi,wordfreq:fr,wordfreq_seeded;deterministically_filtered;structurally_curated
fr,v1,1,176,184,ta,ta,ta,unknown,ta,wordfreq:fr,wordfreq_seeded;deterministically_filtered;structurally_curated
fr,v1,1,177,185,ville,ville,ville,unknown,ville,wordfreq:fr,wordfreq_seeded;deterministically_filtered;structurally_curated
fr,v1,1,178,186,jours,jours,jours,unknown,jours,wordfreq:fr,wordfreq_seeded;deterministically_filtered;structurally_curated
fr,v1,1,179,187,mois,mois,mois,unknown,mois,wordfreq:fr,wordfreq_seeded;deterministically_filtered;structurally_curated
fr,v1,1,180,188,vers,vers,vers,unknown,vers,wordfreq:fr,wordfreq_seeded;deterministically_filtered;structurally_curated
fr,v1,1,181,189,histoire,histoire,histoire,unknown,histoire,wordfreq:fr,wordfreq_seeded;deterministically_filtered;structurally_curated
fr,v1,1,182,190,mort,mort,mort,unknown,mort,wordfreq:fr,wordfreq_seeded;deterministically_filtered;structurally_curated
fr,v1,1,183,191,sais,sais,sais,unknown,sais,wordfreq:fr,wordfreq_seeded;deterministically_filtered;structurally_curated
fr,v1,1,184,192,années,années,années,unknown,années,wordfreq:fr,wordfreq_seeded;deterministically_filtered;structurally_curated
fr,v1,1,185,193,fais,fais,fais,unknown,fais,wordfreq:fr,wordfreq_seeded;deterministically_filtered;structurally_curated
fr,v1,1,186,194,nouveau,nouveau,nouveau,unknown,nouveau,wordfreq:fr,wordfreq_seeded;deterministically_filtered;structurally_curated
fr,v1,1,187,195,nouvelle,nouvelle,nouvelle,unknown,nouvelle,wordfreq:fr,wordfreq_seeded;deterministically_filtered;structurally_curated
fr,v1,1,188,196,part,part,part,unknown,part,wordfreq:fr,wordfreq_seeded;deterministically_filtered;structurally_curated
fr,v1,1,189,197,travail,travail,travail,unknown,travail,wordfreq:fr,wordfreq_seeded;deterministically_filtered;structurally_curated
fr,v1,1,190,198,aujourd'hui,aujourd'hui,aujourd'hui,unknown,aujourd'hui,wordfreq:fr,wordfreq_seeded;deterministically_filtered;structurally_curated
fr,v1,1,191,199,compte,compte,compte,unknown,compte,wordfreq:fr,wordfreq_seeded;deterministically_filtered;structurally_curated
fr,v1,1,192,200,merci,merci,merci,unknown,merci,wordfreq:fr,wordfreq_seeded;deterministically_filtered;structurally_curated
fr,v1,1,193,201,prendre,prendre,prendre,unknown,prendre,wordfreq:fr,wordfreq_seeded;deterministically_filtered;structurally_curated
fr,v1,1,194,202,veut,veut,veut,unknown,veut,wordfreq:fr,wordfreq_seeded;deterministically_filtered;structurally_curated
fr,v1,1,195,203,état,état,état,unknown,état,wordfreq:fr,wordfreq_seeded;deterministically_filtered;structurally_curated
fr,v1,1,196,204,aller,aller,aller,unknown,aller,wordfreq:fr,wordfreq_seeded;deterministically_filtered;structurally_curated
fr,v1,1,197,205,cours,cours,cours,unknown,cours,wordfreq:fr,wordfreq_seeded;deterministically_filtered;structurally_curated
fr,v1,1,198,206,peux,peux,peux,unknown,peux,wordfreq:fr,wordfreq_seeded;deterministically_filtered;structurally_curated
fr,v1,1,199,207,politique,politique,politique,unknown,politique,wordfreq:fr,wordfreq_seeded;deterministically_filtered;structurally_curated
fr,v1,1,200,208,reste,reste,reste,unknown,reste,wordfreq:fr,wordfreq_seeded;deterministically_filtered;structurally_curated
fr,v1,1,201,209,veux,veux,veux,unknown,veux,wordfreq:fr,wordfreq_seeded;deterministically_filtered;structurally_curated
fr,v1,1,202,210,vos,vos,vos,unknown,vos,wordfreq:fr,wordfreq_seeded;deterministically_filtered;structurally_curated
fr,v1,1,203,211,ca,ca,ca,unknown,ca,wordfreq:fr,wordfreq_seeded;deterministically_filtered;structurally_curated
fr,v1,1,204,212,celui,celui,celui,unknown,celui,wordfreq:fr,wordfreq_seeded;deterministically_filtered;structurally_curated
fr,v1,1,205,213,chaque,chaque,chaque,unknown,chaque,wordfreq:fr,wordfreq_seeded;deterministically_filtered;structurally_curated
fr,v1,1,206,214,grande,grande,grande,unknown,grande,wordfreq:fr,wordfreq_seeded;deterministically_filtered;structurally_curated
fr,v1,1,207,215,personnes,personnes,personnes,unknown,personnes,wordfreq:fr,wordfreq_seeded;deterministically_filtered;structurally_curated
fr,v1,1,208,216,femme,femme,femme,unknown,femme,wordfreq:fr,wordfreq_seeded;deterministically_filtered;structurally_curated
fr,v1,1,209,217,nom,nom,nom,unknown,nom,wordfreq:fr,wordfreq_seeded;deterministically_filtered;structurally_curated
fr,v1,1,210,218,prix,prix,prix,unknown,prix,wordfreq:fr,wordfreq_seeded;deterministically_filtered;structurally_curated
fr,v1,1,211,219,également,également,également,unknown,également,wordfreq:fr,wordfreq_seeded;deterministically_filtered;structurally_curated
fr,v1,1,212,220,point,point,point,unknown,point,wordfreq:fr,wordfreq_seeded;deterministically_filtered;structurally_curated
fr,v1,1,213,221,seul,seul,seul,unknown,seul,wordfreq:fr,wordfreq_seeded;deterministically_filtered;structurally_curated
fr,v1,1,214,222,vais,vais,vais,unknown,vais,wordfreq:fr,wordfreq_seeded;deterministically_filtered;structurally_curated
fr,v1,1,215,223,eux,eux,eux,unknown,eux,wordfreq:fr,wordfreq_seeded;deterministically_filtered;structurally_curated
fr,v1,1,216,224,lieu,lieu,lieu,unknown,lieu,wordfreq:fr,wordfreq_seeded;deterministically_filtered;structurally_curated
fr,v1,1,217,225,lors,lors,lors,unknown,lors,wordfreq:fr,wordfreq_seeded;deterministically_filtered;structurally_curated
fr,v1,1,218,226,vrai,vrai,vrai,unknown,vrai,wordfreq:fr,wordfreq_seeded;deterministically_filtered;structurally_curated
fr,v1,1,219,227,droit,droit,droit,unknown,droit,wordfreq:fr,wordfreq_seeded;deterministically_filtered;structurally_curated
fr,v1,1,220,228,selon,selon,selon,unknown,selon,wordfreq:fr,wordfreq_seeded;deterministically_filtered;structurally_curated
fr,v1,1,221,229,coup,coup,coup,unknown,coup,wordfreq:fr,wordfreq_seeded;deterministically_filtered;structurally_curated
fr,v1,1,222,230,mettre,mettre,mettre,unknown,mettre,wordfreq:fr,wordfreq_seeded;deterministically_filtered;structurally_curated
fr,v1,1,223,231,serait,serait,serait,unknown,serait,wordfreq:fr,wordfreq_seeded;deterministically_filtered;structurally_curated
fr,v1,1,224,232,pense,pense,pense,unknown,pense,wordfreq:fr,wordfreq_seeded;deterministically_filtered;structurally_curated
fr,v1,1,225,233,quelque,quelque,quelque,unknown,quelque,wordfreq:fr,wordfreq_seeded;deterministically_filtered;structurally_curated
fr,v1,1,226,234,tant,tant,tant,unknown,tant,wordfreq:fr,wordfreq_seeded;deterministically_filtered;structurally_curated
fr,v1,1,227,235,avais,avais,avais,unknown,avais,wordfreq:fr,wordfreq_seeded;deterministically_filtered;structurally_curated
fr,v1,1,228,236,groupe,groupe,groupe,unknown,groupe,wordfreq:fr,wordfreq_seeded;deterministically_filtered;structurally_curated
fr,v1,1,229,237,maintenant,maintenant,maintenant,unknown,maintenant,wordfreq:fr,wordfreq_seeded;deterministically_filtered;structurally_curated
fr,v1,1,230,238,maison,maison,maison,unknown,maison,wordfreq:fr,wordfreq_seeded;deterministically_filtered;structurally_curated
fr,v1,1,231,239,saint,saint,saint,unknown,saint,wordfreq:fr,wordfreq_seeded;deterministically_filtered;structurally_curated
fr,v1,1,232,240,tête,tête,tête,unknown,tête,wordfreq:fr,wordfreq_seeded;deterministically_filtered;structurally_curated
fr,v1,1,233,241,étaient,étaient,étaient,unknown,étaient,wordfreq:fr,wordfreq_seeded;deterministically_filtered;structurally_curated
fr,v1,1,234,243,aime,aime,aime,unknown,aime,wordfreq:fr,wordfreq_seeded;deterministically_filtered;structurally_curated
fr,v1,1,235,244,aurait,aurait,aurait,unknown,aurait,wordfreq:fr,wordfreq_seeded;deterministically_filtered;structurally_curated
fr,v1,1,236,245,avons,avons,avons,unknown,avons,wordfreq:fr,wordfreq_seeded;deterministically_filtered;structurally_curated
fr,v1,1,237,246,enfants,enfants,enfants,unknown,enfants,wordfreq:fr,wordfreq_seeded;deterministically_filtered;structurally_curated
fr,v1,1,238,247,famille,famille,famille,unknown,famille,wordfreq:fr,wordfreq_seeded;deterministically_filtered;structurally_curated
fr,v1,1,239,248,parler,parler,parler,unknown,parler,wordfreq:fr,wordfreq_seeded;deterministically_filtered;structurally_curated
fr,v1,1,240,249,suite,suite,suite,unknown,suite,wordfreq:fr,wordfreq_seeded;deterministically_filtered;structurally_curated
fr,v1,1,241,250,assez,assez,assez,unknown,assez,wordfreq:fr,wordfreq_seeded;deterministically_filtered;structurally_curated
fr,v1,1,242,251,besoin,besoin,besoin,unknown,besoin,wordfreq:fr,wordfreq_seeded;deterministically_filtered;structurally_curated
fr,v1,1,243,252,demande,demande,demande,unknown,demande,wordfreq:fr,wordfreq_seeded;deterministically_filtered;structurally_curated
fr,v1,1,244,253,genre,genre,genre,unknown,genre,wordfreq:fr,wordfreq_seeded;deterministically_filtered;structurally_curated
fr,v1,1,245,254,savoir,savoir,savoir,unknown,savoir,wordfreq:fr,wordfreq_seeded;deterministically_filtered;structurally_curated
fr,v1,1,246,255,société,société,société,unknown,société,wordfreq:fr,wordfreq_seeded;deterministically_filtered;structurally_curated
fr,v1,1,247,256,trouve,trouve,trouve,unknown,trouve,wordfreq:fr,wordfreq_seeded;deterministically_filtered;structurally_curated
fr,v1,1,248,257,celle,celle,celle,unknown,celle,wordfreq:fr,wordfreq_seeded;deterministically_filtered;structurally_curated
fr,v1,1,249,258,côté,côté,côté,unknown,côté,wordfreq:fr,wordfreq_seeded;deterministically_filtered;structurally_curated
fr,v1,1,250,259,passe,passe,passe,unknown,passe,wordfreq:fr,wordfreq_seeded;deterministically_filtered;structurally_curated
fr,v1,1,251,260,pouvoir,pouvoir,pouvoir,unknown,pouvoir,wordfreq:fr,wordfreq_seeded;deterministically_filtered;structurally_curated
fr,v1,1,252,261,question,question,question,unknown,question,wordfreq:fr,wordfreq_seeded;deterministically_filtered;structurally_curated
fr,v1,1,253,262,raison,raison,raison,unknown,raison,wordfreq:fr,wordfreq_seeded;deterministically_filtered;structurally_curated
fr,v1,1,254,263,sens,sens,sens,unknown,sens,wordfreq:fr,wordfreq_seeded;deterministically_filtered;structurally_curated
fr,v1,1,255,264,ailleurs,ailleurs,ailleurs,unknown,ailleurs,wordfreq:fr,wordfreq_seeded;deterministically_filtered;structurally_curated
fr,v1,1,256,265,avez,avez,avez,unknown,avez,wordfreq:fr,wordfreq_seeded;deterministically_filtered;structurally_curated
fr,v1,1,257,266,certains,certains,certains,unknown,certains,wordfreq:fr,wordfreq_seeded;deterministically_filtered;structurally_curated
fr,v1,1,258,267,ci,ci,ci,unknown,ci,wordfreq:fr,wordfreq_seeded;deterministically_filtered;structurally_curated
fr,v1,1,259,268,devant,devant,devant,unknown,devant,wordfreq:fr,wordfreq_seeded;deterministically_filtered;structurally_curated
fr,v1,1,260,269,dis,dis,dis,unknown,dis,wordfreq:fr,wordfreq_seeded;deterministically_filtered;structurally_curated
fr,v1,1,261,270,jeu,jeu,jeu,unknown,jeu,wordfreq:fr,wordfreq_seeded;deterministically_filtered;structurally_curated
fr,v1,1,262,271,soir,soir,soir,unknown,soir,wordfreq:fr,wordfreq_seeded;deterministically_filtered;structurally_curated
fr,v1,1,263,272,souvent,souvent,souvent,unknown,souvent,wordfreq:fr,wordfreq_seeded;deterministically_filtered;structurally_curated
fr,v1,1,264,273,effet,effet,effet,unknown,effet,wordfreq:fr,wordfreq_seeded;deterministically_filtered;structurally_curated
fr,v1,1,265,274,général,général,général,unknown,général,wordfreq:fr,wordfreq_seeded;deterministically_filtered;structurally_curated
fr,v1,1,266,275,jean,jean,jean,unknown,jean,wordfreq:fr,wordfreq_seeded;deterministically_filtered;structurally_curated
fr,v1,1,267,276,jusqu'à,jusqu'à,jusqu'à,unknown,jusqu'à,wordfreq:fr,wordfreq_seeded;deterministically_filtered;structurally_curated
fr,v1,1,268,277,ni,ni,ni,unknown,ni,wordfreq:fr,wordfreq_seeded;deterministically_filtered;structurally_curated
fr,v1,1,269,278,partir,partir,partir,unknown,partir,wordfreq:fr,wordfreq_seeded;deterministically_filtered;structurally_curated
fr,v1,1,270,279,surtout,surtout,surtout,unknown,surtout,wordfreq:fr,wordfreq_seeded;deterministically_filtered;structurally_curated
fr,v1,1,271,280,équipe,équipe,équipe,unknown,équipe,wordfreq:fr,wordfreq_seeded;deterministically_filtered;structurally_curated
fr,v1,1,272,281,choses,choses,choses,unknown,choses,wordfreq:fr,wordfreq_seeded;deterministically_filtered;structurally_curated
fr,v1,1,273,282,dernier,dernier,dernier,unknown,dernier,wordfreq:fr,wordfreq_seeded;deterministically_filtered;structurally_curated
fr,v1,1,274,283,enfin,enfin,enfin,unknown,enfin,wordfreq:fr,wordfreq_seeded;deterministically_filtered;structurally_curated
fr,v1,1,275,284,font,font,font,unknown,font,wordfreq:fr,wordfreq_seeded;deterministically_filtered;structurally_curated
fr,v1,1,276,285,nombre,nombre,nombre,unknown,nombre,wordfreq:fr,wordfreq_seeded;deterministically_filtered;structurally_curated
fr,v1,1,277,286,parle,parle,parle,unknown,parle,wordfreq:fr,wordfreq_seeded;deterministically_filtered;structurally_curated
fr,v1,1,278,287,porte,porte,porte,unknown,porte,wordfreq:fr,wordfreq_seeded;deterministically_filtered;structurally_curated
fr,v1,1,279,288,seulement,seulement,seulement,unknown,seulement,wordfreq:fr,wordfreq_seeded;deterministically_filtered;structurally_curated
fr,v1,1,280,289,site,site,site,unknown,site,wordfreq:fr,wordfreq_seeded;deterministically_filtered;structurally_curated
fr,v1,1,281,290,eau,eau,eau,unknown,eau,wordfreq:fr,wordfreq_seeded;deterministically_filtered;structurally_curated
fr,v1,1,282,291,ensemble,ensemble,ensemble,unknown,ensemble,wordfreq:fr,wordfreq_seeded;deterministically_filtered;structurally_curated
fr,v1,1,283,292,hommes,hommes,hommes,unknown,hommes,wordfreq:fr,wordfreq_seeded;deterministically_filtered;structurally_curated
fr,v1,1,284,293,petite,petite,petite,unknown,petite,wordfreq:fr,wordfreq_seeded;deterministically_filtered;structurally_curated
fr,v1,1,285,294,femmes,femmes,femmes,unknown,femmes,wordfreq:fr,wordfreq_seeded;deterministically_filtered;structurally_curated
fr,v1,1,286,295,mère,mère,mère,unknown,mère,wordfreq:fr,wordfreq_seeded;deterministically_filtered;structurally_curated
fr,v1,1,287,296,passer,passer,passer,unknown,passer,wordfreq:fr,wordfreq_seeded;deterministically_filtered;structurally_curated
fr,v1,1,288,297,près,près,près,unknown,près,wordfreq:fr,wordfreq_seeded;deterministically_filtered;structurally_curated
fr,v1,1,289,298,quel,quel,quel,unknown,quel,wordfreq:fr,wordfreq_seeded;deterministically_filtered;structurally_curated
fr,v1,1,290,299,quelqu'un,quelqu'un,quelqu'un,unknown,quelqu'un,wordfreq:fr,wordfreq_seeded;deterministically_filtered;structurally_curated
fr,v1,1,291,300,tes,tes,tes,unknown,tes,wordfreq:fr,wordfreq_seeded;deterministically_filtered;structurally_curated
fr,v1,1,292,301,vois,vois,vois,unknown,vois,wordfreq:fr,wordfreq_seeded;deterministically_filtered;structurally_curated
fr,v1,1,293,302,aucun,aucun,aucun,unknown,aucun,wordfreq:fr,wordfreq_seeded;deterministically_filtered;structurally_curated
fr,v1,1,294,303,loi,loi,loi,unknown,loi,wordfreq:fr,wordfreq_seeded;deterministically_filtered;structurally_curated
fr,v1,1,295,304,parti,parti,parti,unknown,parti,wordfreq:fr,wordfreq_seeded;deterministically_filtered;structurally_curated
fr,v1,1,296,305,pris,pris,pris,unknown,pris,wordfreq:fr,wordfreq_seeded;deterministically_filtered;structurally_curated
fr,v1,1,297,306,père,père,père,unknown,père,wordfreq:fr,wordfreq_seeded;deterministically_filtered;structurally_curated
fr,v1,1,298,307,rapport,rapport,rapport,unknown,rapport,wordfreq:fr,wordfreq_seeded;deterministically_filtered;structurally_curated
fr,v1,1,299,308,dès,dès,dès,unknown,dès,wordfreq:fr,wordfreq_seeded;deterministically_filtered;structurally_curated
fr,v1,1,300,309,peuvent,peuvent,peuvent,unknown,peuvent,wordfreq:fr,wordfreq_seeded;deterministically_filtered;structurally_curated
fr,v1,1,301,310,pu,pu,pu,unknown,pu,wordfreq:fr,wordfreq_seeded;deterministically_filtered;structurally_curated
fr,v1,1,302,311,trouver,trouver,trouver,unknown,trouver,wordfreq:fr,wordfreq_seeded;deterministically_filtered;structurally_curated
fr,v1,1,303,313,autant,autant,autant,unknown,autant,wordfreq:fr,wordfreq_seeded;deterministically_filtered;structurally_curated
fr,v1,1,304,314,face,face,face,unknown,face,wordfreq:fr,wordfreq_seeded;deterministically_filtered;structurally_curated
fr,v1,1,305,315,fille,fille,fille,unknown,fille,wordfreq:fr,wordfreq_seeded;deterministically_filtered;structurally_curated
fr,v1,1,306,316,fut,fut,fut,unknown,fut,wordfreq:fr,wordfreq_seeded;deterministically_filtered;structurally_curated
fr,v1,1,307,317,gouvernement,gouvernement,gouvernement,unknown,gouvernement,wordfreq:fr,wordfreq_seeded;deterministically_filtered;structurally_curated
fr,v1,1,308,318,gros,gros,gros,unknown,gros,wordfreq:fr,wordfreq_seeded;deterministically_filtered;structurally_curated
fr,v1,1,309,319,guerre,guerre,guerre,unknown,guerre,wordfreq:fr,wordfreq_seeded;deterministically_filtered;structurally_curated
fr,v1,1,310,320,niveau,niveau,niveau,unknown,niveau,wordfreq:fr,wordfreq_seeded;deterministically_filtered;structurally_curated
fr,v1,1,311,321,passé,passé,passé,unknown,passé,wordfreq:fr,wordfreq_seeded;deterministically_filtered;structurally_curated
fr,v1,1,312,322,pourrait,pourrait,pourrait,unknown,pourrait,wordfreq:fr,wordfreq_seeded;deterministically_filtered;structurally_curated
fr,v1,1,313,323,quatre,quatre,quatre,unknown,quatre,wordfreq:fr,wordfreq_seeded;deterministically_filtered;structurally_curated
fr,v1,1,314,324,semaine,semaine,semaine,unknown,semaine,wordfreq:fr,wordfreq_seeded;deterministically_filtered;structurally_curated
fr,v1,1,315,325,service,service,service,unknown,service,wordfreq:fr,wordfreq_seeded;deterministically_filtered;structurally_curated
fr,v1,1,316,326,seule,seule,seule,unknown,seule,wordfreq:fr,wordfreq_seeded;deterministically_filtered;structurally_curated
fr,v1,1,317,327,accord,accord,accord,unknown,accord,wordfreq:fr,wordfreq_seeded;deterministically_filtered;structurally_curated
fr,v1,1,318,328,article,article,article,unknown,article,wordfreq:fr,wordfreq_seeded;deterministically_filtered;structurally_curated
fr,v1,1,319,329,donne,donne,donne,unknown,donne,wordfreq:fr,wordfreq_seeded;deterministically_filtered;structurally_curated
fr,v1,1,320,330,donner,donner,donner,unknown,donner,wordfreq:fr,wordfreq_seeded;deterministically_filtered;structurally_curated
fr,v1,1,321,331,ligne,ligne,ligne,unknown,ligne,wordfreq:fr,wordfreq_seeded;deterministically_filtered;structurally_curated
fr,v1,1,322,332,problème,problème,problème,unknown,problème,wordfreq:fr,wordfreq_seeded;deterministically_filtered;structurally_curated
fr,v1,1,323,333,président,président,président,unknown,président,wordfreq:fr,wordfreq_seeded;deterministically_filtered;structurally_curated
fr,v1,1,324,334,vient,vient,vient,unknown,vient,wordfreq:fr,wordfreq_seeded;deterministically_filtered;structurally_curated
fr,v1,1,325,335,cause,cause,cause,unknown,cause,wordfreq:fr,wordfreq_seeded;deterministically_filtered;structurally_curated
fr,v1,1,326,336,crois,crois,crois,unknown,crois,wordfreq:fr,wordfreq_seeded;deterministically_filtered;structurally_curated
fr,v1,1,327,337,dieu,dieu,dieu,unknown,dieu,wordfreq:fr,wordfreq_seeded;deterministically_filtered;structurally_curated
fr,v1,1,328,338,début,début,début,unknown,début,wordfreq:fr,wordfreq_seeded;deterministically_filtered;structurally_curated
fr,v1,1,329,339,exemple,exemple,exemple,unknown,exemple,wordfreq:fr,wordfreq_seeded;deterministically_filtered;structurally_curated
fr,v1,1,330,340,fils,fils,fils,unknown,fils,wordfreq:fr,wordfreq_seeded;deterministically_filtered;structurally_curated
fr,v1,1,331,341,jeune,jeune,jeune,unknown,jeune,wordfreq:fr,wordfreq_seeded;deterministically_filtered;structurally_curated
fr,v1,1,332,342,mis,mis,mis,unknown,mis,wordfreq:fr,wordfreq_seeded;deterministically_filtered;structurally_curated
fr,v1,1,333,343,système,système,système,unknown,système,wordfreq:fr,wordfreq_seeded;deterministically_filtered;structurally_curated
fr,v1,1,334,344,air,air,air,unknown,air,wordfreq:fr,wordfreq_seeded;deterministically_filtered;structurally_curated
fr,v1,1,335,345,aucune,aucune,aucune,unknown,aucune,wordfreq:fr,wordfreq_seeded;deterministically_filtered;structurally_curated
fr,v1,1,336,346,bas,bas,bas,unknown,bas,wordfreq:fr,wordfreq_seeded;deterministically_filtered;structurally_curated
fr,v1,1,337,347,centre,centre,centre,unknown,centre,wordfreq:fr,wordfreq_seeded;deterministically_filtered;structurally_curated
fr,v1,1,338,348,façon,façon,façon,unknown,façon,wordfreq:fr,wordfreq_seeded;deterministically_filtered;structurally_curated
fr,v1,1,339,349,heure,heure,heure,unknown,heure,wordfreq:fr,wordfreq_seeded;deterministically_filtered;structurally_curated
fr,v1,1,340,350,heures,heures,heures,unknown,heures,wordfreq:fr,wordfreq_seeded;deterministically_filtered;structurally_curated
fr,v1,1,341,351,loin,loin,loin,unknown,loin,wordfreq:fr,wordfreq_seeded;deterministically_filtered;structurally_curated
fr,v1,1,342,352,possible,possible,possible,unknown,possible,wordfreq:fr,wordfreq_seeded;deterministically_filtered;structurally_curated
fr,v1,1,343,353,projet,projet,projet,unknown,projet,wordfreq:fr,wordfreq_seeded;deterministically_filtered;structurally_curated
fr,v1,1,344,355,conseil,conseil,conseil,unknown,conseil,wordfreq:fr,wordfreq_seeded;deterministically_filtered;structurally_curated
fr,v1,1,345,356,dernière,dernière,dernière,unknown,dernière,wordfreq:fr,wordfreq_seeded;deterministically_filtered;structurally_curated
fr,v1,1,346,357,idée,idée,idée,unknown,idée,wordfreq:fr,wordfreq_seeded;deterministically_filtered;structurally_curated
fr,v1,1,347,358,notamment,notamment,notamment,unknown,notamment,wordfreq:fr,wordfreq_seeded;deterministically_filtered;structurally_curated
fr,v1,1,348,359,nuit,nuit,nuit,unknown,nuit,wordfreq:fr,wordfreq_seeded;deterministically_filtered;structurally_curated
fr,v1,1,349,360,vont,vont,vont,unknown,vont,wordfreq:fr,wordfreq_seeded;deterministically_filtered;structurally_curated
fr,v1,1,350,361,étais,étais,étais,unknown,étais,wordfreq:fr,wordfreq_seeded;deterministically_filtered;structurally_curated
fr,v1,1,351,362,argent,argent,argent,unknown,argent,wordfreq:fr,wordfreq_seeded;deterministically_filtered;structurally_curated
fr,v1,1,352,363,tour,tour,tour,unknown,tour,wordfreq:fr,wordfreq_seeded;deterministically_filtered;structurally_curated
fr,v1,1,353,364,vue,vue,vue,unknown,vue,wordfreq:fr,wordfreq_seeded;deterministically_filtered;structurally_curated
fr,v1,1,354,365,êtes,êtes,êtes,unknown,êtes,wordfreq:fr,wordfreq_seeded;deterministically_filtered;structurally_curated
fr,v1,1,355,366,an,an,an,unknown,an,wordfreq:fr,wordfreq_seeded;deterministically_filtered;structurally_curated
fr,v1,1,356,367,aura,aura,aura,unknown,aura,wordfreq:fr,wordfreq_seeded;deterministically_filtered;structurally_curated
fr,v1,1,357,368,dessus,dessus,dessus,unknown,dessus,wordfreq:fr,wordfreq_seeded;deterministically_filtered;structurally_curated
fr,v1,1,358,369,film,film,film,unknown,film,wordfreq:fr,wordfreq_seeded;deterministically_filtered;structurally_curated
fr,v1,1,359,370,meilleur,meilleur,meilleur,unknown,meilleur,wordfreq:fr,wordfreq_seeded;deterministically_filtered;structurally_curated
fr,v1,1,360,371,p,p,p,unknown,p,wordfreq:fr,wordfreq_seeded;deterministically_filtered;structurally_curated
fr,v1,1,361,372,corps,corps,corps,unknown,corps,wordfreq:fr,wordfreq_seeded;deterministically_filtered;structurally_curated
fr,v1,1,362,373,ensuite,ensuite,ensuite,unknown,ensuite,wordfreq:fr,wordfreq_seeded;deterministically_filtered;structurally_curated
fr,v1,1,363,374,forme,forme,forme,unknown,forme,wordfreq:fr,wordfreq_seeded;deterministically_filtered;structurally_curated
fr,v1,1,364,375,haut,haut,haut,unknown,haut,wordfreq:fr,wordfreq_seeded;deterministically_filtered;structurally_curated
fr,v1,1,365,376,or,or,or,unknown,or,wordfreq:fr,wordfreq_seeded;deterministically_filtered;structurally_curated
fr,v1,1,366,377,plutôt,plutôt,plutôt,unknown,plutôt,wordfreq:fr,wordfreq_seeded;deterministically_filtered;structurally_curated
fr,v1,1,367,378,the,the,the,unknown,the,wordfreq:fr,wordfreq_seeded;deterministically_filtered;structurally_curated
fr,v1,1,368,379,arrive,arrive,arrive,unknown,arrive,wordfreq:fr,wordfreq_seeded;deterministically_filtered;structurally_curated
fr,v1,1,369,380,avaient,avaient,avaient,unknown,avaient,wordfreq:fr,wordfreq_seeded;deterministically_filtered;structurally_curated
fr,v1,1,370,381,chef,chef,chef,unknown,chef,wordfreq:fr,wordfreq_seeded;deterministically_filtered;structurally_curated
fr,v1,1,371,382,europe,europe,europe,unknown,europe,wordfreq:fr,wordfreq_seeded;deterministically_filtered;structurally_curated
fr,v1,1,372,383,fort,fort,fort,unknown,fort,wordfreq:fr,wordfreq_seeded;deterministically_filtered;structurally_curated
fr,v1,1,373,384,i,i,i,unknown,i,wordfreq:fr,wordfreq_seeded;deterministically_filtered;structurally_curated
fr,v1,1,374,385,public,public,public,unknown,public,wordfreq:fr,wordfreq_seeded;deterministically_filtered;structurally_curated
fr,v1,1,375,386,tard,tard,tard,unknown,tard,wordfreq:fr,wordfreq_seeded;deterministically_filtered;structurally_curated
fr,v1,1,376,387,ayant,ayant,ayant,unknown,ayant,wordfreq:fr,wordfreq_seeded;deterministically_filtered;structurally_curated
fr,v1,1,377,388,main,main,main,unknown,main,wordfreq:fr,wordfreq_seeded;deterministically_filtered;structurally_curated
fr,v1,1,378,389,terre,terre,terre,unknown,terre,wordfreq:fr,wordfreq_seeded;deterministically_filtered;structurally_curated
fr,v1,1,379,390,titre,titre,titre,unknown,titre,wordfreq:fr,wordfreq_seeded;deterministically_filtered;structurally_curated
fr,v1,1,380,392,matin,matin,matin,unknown,matin,wordfreq:fr,wordfreq_seeded;deterministically_filtered;structurally_curated
fr,v1,1,381,393,mise,mise,mise,unknown,mise,wordfreq:fr,wordfreq_seeded;deterministically_filtered;structurally_curated
fr,v1,1,382,394,plan,plan,plan,unknown,plan,wordfreq:fr,wordfreq_seeded;deterministically_filtered;structurally_curated
fr,v1,1,383,395,saison,saison,saison,unknown,saison,wordfreq:fr,wordfreq_seeded;deterministically_filtered;structurally_curated
fr,v1,1,384,396,sait,sait,sait,unknown,sait,wordfreq:fr,wordfreq_seeded;deterministically_filtered;structurally_curated
fr,v1,1,385,397,type,type,type,unknown,type,wordfreq:fr,wordfreq_seeded;deterministically_filtered;structurally_curated
fr,v1,1,386,398,afin,afin,afin,unknown,afin,wordfreq:fr,wordfreq_seeded;deterministically_filtered;structurally_curated
fr,v1,1,387,399,ah,ah,ah,unknown,ah,wordfreq:fr,wordfreq_seeded;deterministically_filtered;structurally_curated
fr,v1,1,388,400,aide,aide,aide,unknown,aide,wordfreq:fr,wordfreq_seeded;deterministically_filtered;structurally_curated
fr,v1,1,389,401,belle,belle,belle,unknown,belle,wordfreq:fr,wordfreq_seeded;deterministically_filtered;structurally_curated
fr,v1,1,390,402,choix,choix,choix,unknown,choix,wordfreq:fr,wordfreq_seeded;deterministically_filtered;structurally_curated
fr,v1,1,391,403,française,française,française,unknown,française,wordfreq:fr,wordfreq_seeded;deterministically_filtered;structurally_curated
fr,v1,1,392,404,long,long,long,unknown,long,wordfreq:fr,wordfreq_seeded;deterministically_filtered;structurally_curated
fr,v1,1,393,405,minutes,minutes,minutes,unknown,minutes,wordfreq:fr,wordfreq_seeded;deterministically_filtered;structurally_curated
fr,v1,1,394,406,retour,retour,retour,unknown,retour,wordfreq:fr,wordfreq_seeded;deterministically_filtered;structurally_curated
fr,v1,1,395,407,situation,situation,situation,unknown,situation,wordfreq:fr,wordfreq_seeded;deterministically_filtered;structurally_curated
fr,v1,1,396,408,sommes,sommes,sommes,unknown,sommes,wordfreq:fr,wordfreq_seeded;deterministically_filtered;structurally_curated
fr,v1,1,397,409,vite,vite,vite,unknown,vite,wordfreq:fr,wordfreq_seeded;deterministically_filtered;structurally_curated
fr,v1,1,398,410,yeux,yeux,yeux,unknown,yeux,wordfreq:fr,wordfreq_seeded;deterministically_filtered;structurally_curated
fr,v1,1,399,411,amour,amour,amour,unknown,amour,wordfreq:fr,wordfreq_seeded;deterministically_filtered;structurally_curated
fr,v1,1,400,412,base,base,base,unknown,base,wordfreq:fr,wordfreq_seeded;deterministically_filtered;structurally_curated
fr,v1,1,401,413,h,h,h,unknown,h,wordfreq:fr,wordfreq_seeded;deterministically_filtered;structurally_curated
fr,v1,1,402,414,journée,journée,journée,unknown,journée,wordfreq:fr,wordfreq_seeded;deterministically_filtered;structurally_curated
fr,v1,1,403,415,nord,nord,nord,unknown,nord,wordfreq:fr,wordfreq_seeded;deterministically_filtered;structurally_curated
fr,v1,1,404,416,devrait,devrait,devrait,unknown,devrait,wordfreq:fr,wordfreq_seeded;deterministically_filtered;structurally_curated
fr,v1,1,405,417,donné,donné,donné,unknown,donné,wordfreq:fr,wordfreq_seeded;deterministically_filtered;structurally_curated
fr,v1,1,406,418,e,e,e,unknown,e,wordfreq:fr,wordfreq_seeded;deterministically_filtered;structurally_curated
fr,v1,1,407,419,etc,etc,etc,unknown,etc,wordfreq:fr,wordfreq_seeded;deterministically_filtered;structurally_curated
fr,v1,1,408,420,grâce,grâce,grâce,unknown,grâce,wordfreq:fr,wordfreq_seeded;deterministically_filtered;structurally_curated
fr,v1,1,409,421,moyen,moyen,moyen,unknown,moyen,wordfreq:fr,wordfreq_seeded;deterministically_filtered;structurally_curated
fr,v1,1,410,422,ordre,ordre,ordre,unknown,ordre,wordfreq:fr,wordfreq_seeded;deterministically_filtered;structurally_curated
fr,v1,1,411,423,prend,prend,prend,unknown,prend,wordfreq:fr,wordfreq_seeded;deterministically_filtered;structurally_curated
fr,v1,1,412,424,école,école,école,unknown,école,wordfreq:fr,wordfreq_seeded;deterministically_filtered;structurally_curated
fr,v1,1,413,425,étant,étant,étant,unknown,étant,wordfreq:fr,wordfreq_seeded;deterministically_filtered;structurally_curated
fr,v1,1,414,426,but,but,but,unknown,but,wordfreq:fr,wordfreq_seeded;deterministically_filtered;structurally_curated
fr,v1,1,415,427,cinq,cinq,cinq,unknown,cinq,wordfreq:fr,wordfreq_seeded;deterministically_filtered;structurally_curated
fr,v1,1,416,428,manière,manière,manière,unknown,manière,wordfreq:fr,wordfreq_seeded;deterministically_filtered;structurally_curated
fr,v1,1,417,429,mars,mars,mars,unknown,mars,wordfreq:fr,wordfreq_seeded;deterministically_filtered;structurally_curated
fr,v1,1,418,430,pierre,pierre,pierre,unknown,pierre,wordfreq:fr,wordfreq_seeded;deterministically_filtered;structurally_curated
fr,v1,1,419,431,québec,québec,québec,unknown,québec,wordfreq:fr,wordfreq_seeded;deterministically_filtered;structurally_curated
fr,v1,1,420,432,semble,semble,semble,unknown,semble,wordfreq:fr,wordfreq_seeded;deterministically_filtered;structurally_curated
fr,v1,1,421,433,sujet,sujet,sujet,unknown,sujet,wordfreq:fr,wordfreq_seeded;deterministically_filtered;structurally_curated
fr,v1,1,422,434,truc,truc,truc,unknown,truc,wordfreq:fr,wordfreq_seeded;deterministically_filtered;structurally_curated
fr,v1,1,423,435,agit,agit,agit,unknown,agit,wordfreq:fr,wordfreq_seeded;deterministically_filtered;structurally_curated
fr,v1,1,424,436,enfant,enfant,enfant,unknown,enfant,wordfreq:fr,wordfreq_seeded;deterministically_filtered;structurally_curated
fr,v1,1,425,437,ministre,ministre,ministre,unknown,ministre,wordfreq:fr,wordfreq_seeded;deterministically_filtered;structurally_curated
fr,v1,1,426,438,nouvelles,nouvelles,nouvelles,unknown,nouvelles,wordfreq:fr,wordfreq_seeded;deterministically_filtered;structurally_curated
fr,v1,1,427,439,parfois,parfois,parfois,unknown,parfois,wordfreq:fr,wordfreq_seeded;deterministically_filtered;structurally_curated
fr,v1,1,428,440,quelle,quelle,quelle,unknown,quelle,wordfreq:fr,wordfreq_seeded;deterministically_filtered;structurally_curated
fr,v1,1,429,441,rue,rue,rue,unknown,rue,wordfreq:fr,wordfreq_seeded;deterministically_filtered;structurally_curated
fr,v1,1,430,442,sud,sud,sud,unknown,sud,wordfreq:fr,wordfreq_seeded;deterministically_filtered;structurally_curated
fr,v1,1,431,443,super,super,super,unknown,super,wordfreq:fr,wordfreq_seeded;deterministically_filtered;structurally_curated
fr,v1,1,432,444,sûr,sûr,sûr,unknown,sûr,wordfreq:fr,wordfreq_seeded;deterministically_filtered;structurally_curated
fr,v1,1,433,445,unis,unis,unis,unknown,unis,wordfreq:fr,wordfreq_seeded;deterministically_filtered;structurally_curated
fr,v1,1,434,446,vidéo,vidéo,vidéo,unknown,vidéo,wordfreq:fr,wordfreq_seeded;deterministically_filtered;structurally_curated
fr,v1,1,435,447,amis,amis,amis,unknown,amis,wordfreq:fr,wordfreq_seeded;deterministically_filtered;structurally_curated
fr,v1,1,436,448,art,art,art,unknown,art,wordfreq:fr,wordfreq_seeded;deterministically_filtered;structurally_curated
fr,v1,1,437,449,beau,beau,beau,unknown,beau,wordfreq:fr,wordfreq_seeded;deterministically_filtered;structurally_curated
fr,v1,1,438,450,compris,compris,compris,unknown,compris,wordfreq:fr,wordfreq_seeded;deterministically_filtered;structurally_curated
fr,v1,1,439,451,gauche,gauche,gauche,unknown,gauche,wordfreq:fr,wordfreq_seeded;deterministically_filtered;structurally_curated
fr,v1,1,440,452,livre,livre,livre,unknown,livre,wordfreq:fr,wordfreq_seeded;deterministically_filtered;structurally_curated
fr,v1,1,441,453,musique,musique,musique,unknown,musique,wordfreq:fr,wordfreq_seeded;deterministically_filtered;structurally_curated
fr,v1,1,442,454,région,région,région,unknown,région,wordfreq:fr,wordfreq_seeded;deterministically_filtered;structurally_curated
fr,v1,1,443,455,entreprise,entreprise,entreprise,unknown,entreprise,wordfreq:fr,wordfreq_seeded;deterministically_filtered;structurally_curated
fr,v1,1,444,456,jeunes,jeunes,jeunes,unknown,jeunes,wordfreq:fr,wordfreq_seeded;deterministically_filtered;structurally_curated
fr,v1,1,445,457,longtemps,longtemps,longtemps,unknown,longtemps,wordfreq:fr,wordfreq_seeded;deterministically_filtered;structurally_curated
fr,v1,1,446,458,match,match,match,unknown,match,wordfreq:fr,wordfreq_seeded;deterministically_filtered;structurally_curated
fr,v1,1,447,459,permet,permet,permet,unknown,permet,wordfreq:fr,wordfreq_seeded;deterministically_filtered;structurally_curated
fr,v1,1,448,460,simple,simple,simple,unknown,simple,wordfreq:fr,wordfreq_seeded;deterministically_filtered;structurally_curated
fr,v1,1,449,461,voilà,voilà,voilà,unknown,voilà,wordfreq:fr,wordfreq_seeded;deterministically_filtered;structurally_curated
fr,v1,1,450,462,voit,voit,voit,unknown,voit,wordfreq:fr,wordfreq_seeded;deterministically_filtered;structurally_curated
fr,v1,1,451,463,chambre,chambre,chambre,unknown,chambre,wordfreq:fr,wordfreq_seeded;deterministically_filtered;structurally_curated
fr,v1,1,452,464,deuxième,deuxième,deuxième,unknown,deuxième,wordfreq:fr,wordfreq_seeded;deterministically_filtered;structurally_curated
fr,v1,1,453,465,importe,importe,importe,unknown,importe,wordfreq:fr,wordfreq_seeded;deterministically_filtered;structurally_curated
fr,v1,1,454,466,in,in,in,unknown,in,wordfreq:fr,wordfreq_seeded;deterministically_filtered;structurally_curated
fr,v1,1,455,467,juin,juin,juin,unknown,juin,wordfreq:fr,wordfreq_seeded;deterministically_filtered;structurally_curated
fr,v1,1,456,468,lorsque,lorsque,lorsque,unknown,lorsque,wordfreq:fr,wordfreq_seeded;deterministically_filtered;structurally_curated
fr,v1,1,457,469,mai,mai,mai,unknown,mai,wordfreq:fr,wordfreq_seeded;deterministically_filtered;structurally_curated
fr,v1,1,458,470,peur,peur,peur,unknown,peur,wordfreq:fr,wordfreq_seeded;deterministically_filtered;structurally_curated
fr,v1,1,459,471,plein,plein,plein,unknown,plein,wordfreq:fr,wordfreq_seeded;deterministically_filtered;structurally_curated
fr,v1,1,460,472,police,police,police,unknown,police,wordfreq:fr,wordfreq_seeded;deterministically_filtered;structurally_curated
fr,v1,1,461,473,septembre,septembre,septembre,unknown,septembre,wordfreq:fr,wordfreq_seeded;deterministically_filtered;structurally_curated
fr,v1,1,462,474,sécurité,sécurité,sécurité,unknown,sécurité,wordfreq:fr,wordfreq_seeded;deterministically_filtered;structurally_curated
fr,v1,1,463,475,série,série,série,unknown,série,wordfreq:fr,wordfreq_seeded;deterministically_filtered;structurally_curated
fr,v1,1,464,477,ancien,ancien,ancien,unknown,ancien,wordfreq:fr,wordfreq_seeded;deterministically_filtered;structurally_curated
fr,v1,1,465,478,anglais,anglais,anglais,unknown,anglais,wordfreq:fr,wordfreq_seeded;deterministically_filtered;structurally_curated
fr,v1,1,466,479,certaines,certaines,certaines,unknown,certaines,wordfreq:fr,wordfreq_seeded;deterministically_filtered;structurally_curated
fr,v1,1,467,480,grands,grands,grands,unknown,grands,wordfreq:fr,wordfreq_seeded;deterministically_filtered;structurally_curated
fr,v1,1,468,481,important,important,important,unknown,important,wordfreq:fr,wordfreq_seeded;deterministically_filtered;structurally_curated
fr,v1,1,469,482,jouer,jouer,jouer,unknown,jouer,wordfreq:fr,wordfreq_seeded;deterministically_filtered;structurally_curated
fr,v1,1,470,483,membres,membres,membres,unknown,membres,wordfreq:fr,wordfreq_seeded;deterministically_filtered;structurally_curated
fr,v1,1,471,484,merde,merde,merde,unknown,merde,wordfreq:fr,wordfreq_seeded;deterministically_filtered;structurally_curated
fr,v1,1,472,485,parmi,parmi,parmi,unknown,parmi,wordfreq:fr,wordfreq_seeded;deterministically_filtered;structurally_curated
fr,v1,1,473,486,peine,peine,peine,unknown,peine,wordfreq:fr,wordfreq_seeded;deterministically_filtered;structurally_curated
fr,v1,1,474,487,presque,presque,presque,unknown,presque,wordfreq:fr,wordfreq_seeded;deterministically_filtered;structurally_curated
fr,v1,1,475,488,services,services,services,unknown,services,wordfreq:fr,wordfreq_seeded;deterministically_filtered;structurally_curated
fr,v1,1,476,489,tellement,tellement,tellement,unknown,tellement,wordfreq:fr,wordfreq_seeded;deterministically_filtered;structurally_curated
fr,v1,1,477,490,époque,époque,époque,unknown,époque,wordfreq:fr,wordfreq_seeded;deterministically_filtered;structurally_curated
fr,v1,1,478,491,allez,allez,allez,unknown,allez,wordfreq:fr,wordfreq_seeded;deterministically_filtered;structurally_curated
fr,v1,1,479,492,doute,doute,doute,unknown,doute,wordfreq:fr,wordfreq_seeded;deterministically_filtered;structurally_curated
fr,v1,1,480,493,force,force,force,unknown,force,wordfreq:fr,wordfreq_seeded;deterministically_filtered;structurally_curated
fr,v1,1,481,494,lire,lire,lire,unknown,lire,wordfreq:fr,wordfreq_seeded;deterministically_filtered;structurally_curated
fr,v1,1,482,495,marché,marché,marché,unknown,marché,wordfreq:fr,wordfreq_seeded;deterministically_filtered;structurally_curated
fr,v1,1,483,496,mot,mot,mot,unknown,mot,wordfreq:fr,wordfreq_seeded;deterministically_filtered;structurally_curated
fr,v1,1,484,497,points,points,points,unknown,points,wordfreq:fr,wordfreq_seeded;deterministically_filtered;structurally_curated
fr,v1,1,485,498,recherche,recherche,recherche,unknown,recherche,wordfreq:fr,wordfreq_seeded;deterministically_filtered;structurally_curated
fr,v1,1,486,499,santé,santé,santé,unknown,santé,wordfreq:fr,wordfreq_seeded;deterministically_filtered;structurally_curated
fr,v1,1,487,500,seront,seront,seront,unknown,seront,wordfreq:fr,wordfreq_seeded;deterministically_filtered;structurally_curated
fr,v1,1,488,501,train,train,train,unknown,train,wordfreq:fr,wordfreq_seeded;deterministically_filtered;structurally_curated
fr,v1,1,489,502,voix,voix,voix,unknown,voix,wordfreq:fr,wordfreq_seeded;deterministically_filtered;structurally_curated
fr,v1,1,490,503,écrit,écrit,écrit,unknown,écrit,wordfreq:fr,wordfreq_seeded;deterministically_filtered;structurally_curated
fr,v1,1,491,504,affaires,affaires,affaires,unknown,affaires,wordfreq:fr,wordfreq_seeded;deterministically_filtered;structurally_curated
fr,v1,1,492,505,autour,autour,autour,unknown,autour,wordfreq:fr,wordfreq_seeded;deterministically_filtered;structurally_curated
fr,v1,1,493,506,avis,avis,avis,unknown,avis,wordfreq:fr,wordfreq_seeded;deterministically_filtered;structurally_curated
fr,v1,1,494,507,cependant,cependant,cependant,unknown,cependant,wordfreq:fr,wordfreq_seeded;deterministically_filtered;structurally_curated
fr,v1,1,495,508,développement,développement,développement,unknown,développement,wordfreq:fr,wordfreq_seeded;deterministically_filtered;structurally_curated
fr,v1,1,496,509,faites,faites,faites,unknown,faites,wordfreq:fr,wordfreq_seeded;deterministically_filtered;structurally_curated
fr,v1,1,497,510,hier,hier,hier,unknown,hier,wordfreq:fr,wordfreq_seeded;deterministically_filtered;structurally_curated
fr,v1,1,498,511,juillet,juillet,juillet,unknown,juillet,wordfreq:fr,wordfreq_seeded;deterministically_filtered;structurally_curated
fr,v1,1,499,512,millions,millions,millions,unknown,millions,wordfreq:fr,wordfreq_seeded;deterministically_filtered;structurally_curated
fr,v1,1,500,513,nationale,nationale,nationale,unknown,nationale,wordfreq:fr,wordfreq_seeded;deterministically_filtered;structurally_curated
fr,v1,1,501,514,nombreux,nombreux,nombreux,unknown,nombreux,wordfreq:fr,wordfreq_seeded;deterministically_filtered;structurally_curated
fr,v1,1,502,515,parents,parents,parents,unknown,parents,wordfreq:fr,wordfreq_seeded;deterministically_filtered;structurally_curated
fr,v1,1,503,516,propre,propre,propre,unknown,propre,wordfreq:fr,wordfreq_seeded;deterministically_filtered;structurally_curated
fr,v1,1,504,517,rendre,rendre,rendre,unknown,rendre,wordfreq:fr,wordfreq_seeded;deterministically_filtered;structurally_curated
fr,v1,1,505,518,vivre,vivre,vivre,unknown,vivre,wordfreq:fr,wordfreq_seeded;deterministically_filtered;structurally_curated
fr,v1,1,506,520,droite,droite,droite,unknown,droite,wordfreq:fr,wordfreq_seeded;deterministically_filtered;structurally_curated
fr,v1,1,507,521,environ,environ,environ,unknown,environ,wordfreq:fr,wordfreq_seeded;deterministically_filtered;structurally_curated
fr,v1,1,508,522,fond,fond,fond,unknown,fond,wordfreq:fr,wordfreq_seeded;deterministically_filtered;structurally_curated
fr,v1,1,509,523,mec,mec,mec,unknown,mec,wordfreq:fr,wordfreq_seeded;deterministically_filtered;structurally_curated
fr,v1,1,510,524,mesure,mesure,mesure,unknown,mesure,wordfreq:fr,wordfreq_seeded;deterministically_filtered;structurally_curated
fr,v1,1,511,525,ouais,ouais,ouais,unknown,ouais,wordfreq:fr,wordfreq_seeded;deterministically_filtered;structurally_curated
fr,v1,1,512,526,pourtant,pourtant,pourtant,unknown,pourtant,wordfreq:fr,wordfreq_seeded;deterministically_filtered;structurally_curated
fr,v1,1,513,527,trouvé,trouvé,trouvé,unknown,trouvé,wordfreq:fr,wordfreq_seeded;deterministically_filtered;structurally_curated
fr,v1,1,514,529,abord,abord,abord,unknown,abord,wordfreq:fr,wordfreq_seeded;deterministically_filtered;structurally_curated
fr,v1,1,515,530,affaire,affaire,affaire,unknown,affaire,wordfreq:fr,wordfreq_seeded;deterministically_filtered;structurally_curated
fr,v1,1,516,531,envie,envie,envie,unknown,envie,wordfreq:fr,wordfreq_seeded;deterministically_filtered;structurally_curated
fr,v1,1,517,532,gars,gars,gars,unknown,gars,wordfreq:fr,wordfreq_seeded;deterministically_filtered;structurally_curated
fr,v1,1,518,533,laquelle,laquelle,laquelle,unknown,laquelle,wordfreq:fr,wordfreq_seeded;deterministically_filtered;structurally_curated
fr,v1,1,519,534,nouveaux,nouveaux,nouveaux,unknown,nouveaux,wordfreq:fr,wordfreq_seeded;deterministically_filtered;structurally_curated
fr,v1,1,520,535,octobre,octobre,octobre,unknown,octobre,wordfreq:fr,wordfreq_seeded;deterministically_filtered;structurally_curated
fr,v1,1,521,536,pouvez,pouvez,pouvez,unknown,pouvez,wordfreq:fr,wordfreq_seeded;deterministically_filtered;structurally_curated
fr,v1,1,522,537,siècle,siècle,siècle,unknown,siècle,wordfreq:fr,wordfreq_seeded;deterministically_filtered;structurally_curated
fr,v1,1,523,538,sortir,sortir,sortir,unknown,sortir,wordfreq:fr,wordfreq_seeded;deterministically_filtered;structurally_curated
fr,v1,1,524,539,terme,terme,terme,unknown,terme,wordfreq:fr,wordfreq_seeded;deterministically_filtered;structurally_curated
fr,v1,1,525,540,viens,viens,viens,unknown,viens,wordfreq:fr,wordfreq_seeded;deterministically_filtered;structurally_curated
fr,v1,1,526,541,voiture,voiture,voiture,unknown,voiture,wordfreq:fr,wordfreq_seeded;deterministically_filtered;structurally_curated
fr,v1,1,527,542,ait,ait,ait,unknown,ait,wordfreq:fr,wordfreq_seeded;deterministically_filtered;structurally_curated
fr,v1,1,528,543,avril,avril,avril,unknown,avril,wordfreq:fr,wordfreq_seeded;deterministically_filtered;structurally_curated
fr,v1,1,529,544,droits,droits,droits,unknown,droits,wordfreq:fr,wordfreq_seeded;deterministically_filtered;structurally_curated
fr,v1,1,530,545,françois,françois,françois,unknown,françois,wordfreq:fr,wordfreq_seeded;deterministically_filtered;structurally_curated
fr,v1,1,531,546,frère,frère,frère,unknown,frère,wordfreq:fr,wordfreq_seeded;deterministically_filtered;structurally_curated
fr,v1,1,532,547,janvier,janvier,janvier,unknown,janvier,wordfreq:fr,wordfreq_seeded;deterministically_filtered;structurally_curated
fr,v1,1,533,548,jeux,jeux,jeux,unknown,jeux,wordfreq:fr,wordfreq_seeded;deterministically_filtered;structurally_curated
fr,v1,1,534,549,population,population,population,unknown,population,wordfreq:fr,wordfreq_seeded;deterministically_filtered;structurally_curated
fr,v1,1,535,550,questions,questions,questions,unknown,questions,wordfreq:fr,wordfreq_seeded;deterministically_filtered;structurally_curated
fr,v1,1,536,551,roi,roi,roi,unknown,roi,wordfreq:fr,wordfreq_seeded;deterministically_filtered;structurally_curated
fr,v1,1,537,552,venir,venir,venir,unknown,venir,wordfreq:fr,wordfreq_seeded;deterministically_filtered;structurally_curated
fr,v1,1,538,553,action,action,action,unknown,action,wordfreq:fr,wordfreq_seeded;deterministically_filtered;structurally_curated
fr,v1,1,539,554,club,club,club,unknown,club,wordfreq:fr,wordfreq_seeded;deterministically_filtered;structurally_curated
fr,v1,1,540,555,culture,culture,culture,unknown,culture,wordfreq:fr,wordfreq_seeded;deterministically_filtered;structurally_curated
fr,v1,1,541,556,cœur,cœur,cœur,unknown,cœur,wordfreq:fr,wordfreq_seeded;deterministically_filtered;structurally_curated
fr,v1,1,542,557,difficile,difficile,difficile,unknown,difficile,wordfreq:fr,wordfreq_seeded;deterministically_filtered;structurally_curated
fr,v1,1,543,558,existe,existe,existe,unknown,existe,wordfreq:fr,wordfreq_seeded;deterministically_filtered;structurally_curated
fr,v1,1,544,559,laisse,laisse,laisse,unknown,laisse,wordfreq:fr,wordfreq_seeded;deterministically_filtered;structurally_curated
fr,v1,1,545,560,malgré,malgré,malgré,unknown,malgré,wordfreq:fr,wordfreq_seeded;deterministically_filtered;structurally_curated
fr,v1,1,546,561,milieu,milieu,milieu,unknown,milieu,wordfreq:fr,wordfreq_seeded;deterministically_filtered;structurally_curated
fr,v1,1,547,562,of,of,of,unknown,of,wordfreq:fr,wordfreq_seeded;deterministically_filtered;structurally_curated
fr,v1,1,548,563,produit,produit,produit,unknown,produit,wordfreq:fr,wordfreq_seeded;deterministically_filtered;structurally_curated
fr,v1,1,549,564,programme,programme,programme,unknown,programme,wordfreq:fr,wordfreq_seeded;deterministically_filtered;structurally_curated
fr,v1,1,550,565,propos,propos,propos,unknown,propos,wordfreq:fr,wordfreq_seeded;deterministically_filtered;structurally_curated
fr,v1,1,551,566,route,route,route,unknown,route,wordfreq:fr,wordfreq_seeded;deterministically_filtered;structurally_curated
fr,v1,1,552,567,états,états,états,unknown,états,wordfreq:fr,wordfreq_seeded;deterministically_filtered;structurally_curated
fr,v1,1,553,568,derrière,derrière,derrière,unknown,derrière,wordfreq:fr,wordfreq_seeded;deterministically_filtered;structurally_curated
fr,v1,1,554,569,direction,direction,direction,unknown,direction,wordfreq:fr,wordfreq_seeded;deterministically_filtered;structurally_curated
fr,v1,1,555,570,doivent,doivent,doivent,unknown,doivent,wordfreq:fr,wordfreq_seeded;deterministically_filtered;structurally_curated
fr,v1,1,556,571,emploi,emploi,emploi,unknown,emploi,wordfreq:fr,wordfreq_seeded;deterministically_filtered;structurally_curated
fr,v1,1,557,572,feu,feu,feu,unknown,feu,wordfreq:fr,wordfreq_seeded;deterministically_filtered;structurally_curated
fr,v1,1,558,573,marche,marche,marche,unknown,marche,wordfreq:fr,wordfreq_seeded;deterministically_filtered;structurally_curated
fr,v1,1,559,574,mots,mots,mots,unknown,mots,wordfreq:fr,wordfreq_seeded;deterministically_filtered;structurally_curated
fr,v1,1,560,575,mêmes,mêmes,mêmes,unknown,mêmes,wordfreq:fr,wordfreq_seeded;deterministically_filtered;structurally_curated
fr,v1,1,561,576,période,période,période,unknown,période,wordfreq:fr,wordfreq_seeded;deterministically_filtered;structurally_curated
fr,v1,1,562,577,tel,tel,tel,unknown,tel,wordfreq:fr,wordfreq_seeded;deterministically_filtered;structurally_curated
fr,v1,1,563,578,âge,âge,âge,unknown,âge,wordfreq:fr,wordfreq_seeded;deterministically_filtered;structurally_curated
fr,v1,1,564,579,armée,armée,armée,unknown,armée,wordfreq:fr,wordfreq_seeded;deterministically_filtered;structurally_curated
fr,v1,1,565,580,bois,bois,bois,unknown,bois,wordfreq:fr,wordfreq_seeded;deterministically_filtered;structurally_curated
fr,v1,1,566,581,chance,chance,chance,unknown,chance,wordfreq:fr,wordfreq_seeded;deterministically_filtered;structurally_curated
fr,v1,1,567,582,confiance,confiance,confiance,unknown,confiance,wordfreq:fr,wordfreq_seeded;deterministically_filtered;structurally_curated
fr,v1,1,568,583,croire,croire,croire,unknown,croire,wordfreq:fr,wordfreq_seeded;deterministically_filtered;structurally_curated
fr,v1,1,569,584,date,date,date,unknown,date,wordfreq:fr,wordfreq_seeded;deterministically_filtered;structurally_curated
fr,v1,1,570,585,dix,dix,dix,unknown,dix,wordfreq:fr,wordfreq_seeded;deterministically_filtered;structurally_curated
fr,v1,1,571,586,décembre,décembre,décembre,unknown,décembre,wordfreq:fr,wordfreq_seeded;deterministically_filtered;structurally_curated
fr,v1,1,572,587,laisser,laisser,laisser,unknown,laisser,wordfreq:fr,wordfreq_seeded;deterministically_filtered;structurally_curated
fr,v1,1,573,588,manque,manque,manque,unknown,manque,wordfreq:fr,wordfreq_seeded;deterministically_filtered;structurally_curated
fr,v1,1,574,589,mode,mode,mode,unknown,mode,wordfreq:fr,wordfreq_seeded;deterministically_filtered;structurally_curated
fr,v1,1,575,590,novembre,novembre,novembre,unknown,novembre,wordfreq:fr,wordfreq_seeded;deterministically_filtered;structurally_curated
fr,v1,1,576,591,petits,petits,petits,unknown,petits,wordfreq:fr,wordfreq_seeded;deterministically_filtered;structurally_curated
fr,v1,1,577,592,plaisir,plaisir,plaisir,unknown,plaisir,wordfreq:fr,wordfreq_seeded;deterministically_filtered;structurally_curated
fr,v1,1,578,593,produits,produits,produits,unknown,produits,wordfreq:fr,wordfreq_seeded;deterministically_filtered;structurally_curated
fr,v1,1,579,594,rencontre,rencontre,rencontre,unknown,rencontre,wordfreq:fr,wordfreq_seeded;deterministically_filtered;structurally_curated
fr,v1,1,580,595,résultats,résultats,résultats,unknown,résultats,wordfreq:fr,wordfreq_seeded;deterministically_filtered;structurally_curated
fr,v1,1,581,596,six,six,six,unknown,six,wordfreq:fr,wordfreq_seeded;deterministically_filtered;structurally_curated
fr,v1,1,582,597,vas,vas,vas,unknown,vas,wordfreq:fr,wordfreq_seeded;deterministically_filtered;structurally_curated
fr,v1,1,583,598,août,août,août,unknown,août,wordfreq:fr,wordfreq_seeded;deterministically_filtered;structurally_curated
fr,v1,1,584,599,aurais,aurais,aurais,unknown,aurais,wordfreq:fr,wordfreq_seeded;deterministically_filtered;structurally_curated
fr,v1,1,585,600,blanc,blanc,blanc,unknown,blanc,wordfreq:fr,wordfreq_seeded;deterministically_filtered;structurally_curated
fr,v1,1,586,601,canada,canada,canada,unknown,canada,wordfreq:fr,wordfreq_seeded;deterministically_filtered;structurally_curated
fr,v1,1,587,602,classe,classe,classe,unknown,classe,wordfreq:fr,wordfreq_seeded;deterministically_filtered;structurally_curated
fr,v1,1,588,603,commence,commence,commence,unknown,commence,wordfreq:fr,wordfreq_seeded;deterministically_filtered;structurally_curated
fr,v1,1,589,604,comprendre,comprendre,comprendre,unknown,comprendre,wordfreq:fr,wordfreq_seeded;deterministically_filtered;structurally_curated
fr,v1,1,590,605,demain,demain,demain,unknown,demain,wordfreq:fr,wordfreq_seeded;deterministically_filtered;structurally_curated
fr,v1,1,591,606,demander,demander,demander,unknown,demander,wordfreq:fr,wordfreq_seeded;deterministically_filtered;structurally_curated
fr,v1,1,592,607,formation,formation,formation,unknown,formation,wordfreq:fr,wordfreq_seeded;deterministically_filtered;structurally_curated
fr,v1,1,593,608,liste,liste,liste,unknown,liste,wordfreq:fr,wordfreq_seeded;deterministically_filtered;structurally_curated
fr,v1,1,594,609,photo,photo,photo,unknown,photo,wordfreq:fr,wordfreq_seeded;deterministically_filtered;structurally_curated
fr,v1,1,595,610,rôle,rôle,rôle,unknown,rôle,wordfreq:fr,wordfreq_seeded;deterministically_filtered;structurally_curated
fr,v1,1,596,611,x,x,x,unknown,x,wordfreq:fr,wordfreq_seeded;deterministically_filtered;structurally_curated
fr,v1,1,597,612,attention,attention,attention,unknown,attention,wordfreq:fr,wordfreq_seeded;deterministically_filtered;structurally_curated
fr,v1,1,598,613,bout,bout,bout,unknown,bout,wordfreq:fr,wordfreq_seeded;deterministically_filtered;structurally_curated
fr,v1,1,599,614,conditions,conditions,conditions,unknown,conditions,wordfreq:fr,wordfreq_seeded;deterministically_filtered;structurally_curated
fr,v1,1,600,615,esprit,esprit,esprit,unknown,esprit,wordfreq:fr,wordfreq_seeded;deterministically_filtered;structurally_curated
fr,v1,1,601,616,espère,espère,espère,unknown,espère,wordfreq:fr,wordfreq_seeded;deterministically_filtered;structurally_curated
fr,v1,1,602,617,garde,garde,garde,unknown,garde,wordfreq:fr,wordfreq_seeded;deterministically_filtered;structurally_curated
fr,v1,1,603,618,internet,internet,internet,unknown,internet,wordfreq:fr,wordfreq_seeded;deterministically_filtered;structurally_curated
fr,v1,1,604,619,intérieur,intérieur,intérieur,unknown,intérieur,wordfreq:fr,wordfreq_seeded;deterministically_filtered;structurally_curated
fr,v1,1,605,620,intérêt,intérêt,intérêt,unknown,intérêt,wordfreq:fr,wordfreq_seeded;deterministically_filtered;structurally_curated
fr,v1,1,606,621,mouvement,mouvement,mouvement,unknown,mouvement,wordfreq:fr,wordfreq_seeded;deterministically_filtered;structurally_curated
fr,v1,1,607,622,noir,noir,noir,unknown,noir,wordfreq:fr,wordfreq_seeded;deterministically_filtered;structurally_curated
fr,v1,1,608,623,origine,origine,origine,unknown,origine,wordfreq:fr,wordfreq_seeded;deterministically_filtered;structurally_curated
fr,v1,1,609,624,présente,présente,présente,unknown,présente,wordfreq:fr,wordfreq_seeded;deterministically_filtered;structurally_curated
fr,v1,1,610,625,regarde,regarde,regarde,unknown,regarde,wordfreq:fr,wordfreq_seeded;deterministically_filtered;structurally_curated
fr,v1,1,611,626,rouge,rouge,rouge,unknown,rouge,wordfreq:fr,wordfreq_seeded;deterministically_filtered;structurally_curated
fr,v1,1,612,627,sortie,sortie,sortie,unknown,sortie,wordfreq:fr,wordfreq_seeded;deterministically_filtered;structurally_curated
fr,v1,1,613,628,auteur,auteur,auteur,unknown,auteur,wordfreq:fr,wordfreq_seeded;deterministically_filtered;structurally_curated
fr,v1,1,614,629,bonjour,bonjour,bonjour,unknown,bonjour,wordfreq:fr,wordfreq_seeded;deterministically_filtered;structurally_curated
fr,v1,1,615,630,février,février,février,unknown,février,wordfreq:fr,wordfreq_seeded;deterministically_filtered;structurally_curated
fr,v1,1,616,631,ii,ii,ii,unknown,ii,wordfreq:fr,wordfreq_seeded;deterministically_filtered;structurally_curated
fr,v1,1,617,632,justice,justice,justice,unknown,justice,wordfreq:fr,wordfreq_seeded;deterministically_filtered;structurally_curated
fr,v1,1,618,633,langue,langue,langue,unknown,langue,wordfreq:fr,wordfreq_seeded;deterministically_filtered;structurally_curated
fr,v1,1,619,634,meilleure,meilleure,meilleure,unknown,meilleure,wordfreq:fr,wordfreq_seeded;deterministically_filtered;structurally_curated
fr,v1,1,620,635,met,met,met,unknown,met,wordfreq:fr,wordfreq_seeded;deterministically_filtered;structurally_curated
fr,v1,1,621,636,occasion,occasion,occasion,unknown,occasion,wordfreq:fr,wordfreq_seeded;deterministically_filtered;structurally_curated
fr,v1,1,622,637,offre,offre,offre,unknown,offre,wordfreq:fr,wordfreq_seeded;deterministically_filtered;structurally_curated
fr,v1,1,623,638,perdu,perdu,perdu,unknown,perdu,wordfreq:fr,wordfreq_seeded;deterministically_filtered;structurally_curated
fr,v1,1,624,639,politiques,politiques,politiques,unknown,politiques,wordfreq:fr,wordfreq_seeded;deterministically_filtered;structurally_curated
fr,v1,1,625,640,qualité,qualité,qualité,unknown,qualité,wordfreq:fr,wordfreq_seeded;deterministically_filtered;structurally_curated
fr,v1,1,626,641,r,r,r,unknown,r,wordfreq:fr,wordfreq_seeded;deterministically_filtered;structurally_curated
fr,v1,1,627,642,risque,risque,risque,unknown,risque,wordfreq:fr,wordfreq_seeded;deterministically_filtered;structurally_curated
fr,v1,1,628,643,scène,scène,scène,unknown,scène,wordfreq:fr,wordfreq_seeded;deterministically_filtered;structurally_curated
fr,v1,1,629,644,sinon,sinon,sinon,unknown,sinon,wordfreq:fr,wordfreq_seeded;deterministically_filtered;structurally_curated
fr,v1,1,630,645,travaux,travaux,travaux,unknown,travaux,wordfreq:fr,wordfreq_seeded;deterministically_filtered;structurally_curated
fr,v1,1,631,646,voici,voici,voici,unknown,voici,wordfreq:fr,wordfreq_seeded;deterministically_filtered;structurally_curated
fr,v1,1,632,647,appelle,appelle,appelle,unknown,appelle,wordfreq:fr,wordfreq_seeded;deterministically_filtered;structurally_curated
fr,v1,1,633,648,cadre,cadre,cadre,unknown,cadre,wordfreq:fr,wordfreq_seeded;deterministically_filtered;structurally_curated
fr,v1,1,634,649,changer,changer,changer,unknown,changer,wordfreq:fr,wordfreq_seeded;deterministically_filtered;structurally_curated
fr,v1,1,635,650,entreprises,entreprises,entreprises,unknown,entreprises,wordfreq:fr,wordfreq_seeded;deterministically_filtered;structurally_curated
fr,v1,1,636,651,grandes,grandes,grandes,unknown,grandes,wordfreq:fr,wordfreq_seeded;deterministically_filtered;structurally_curated
fr,v1,1,637,652,libre,libre,libre,unknown,libre,wordfreq:fr,wordfreq_seeded;deterministically_filtered;structurally_curated
fr,v1,1,638,653,premiers,premiers,premiers,unknown,premiers,wordfreq:fr,wordfreq_seeded;deterministically_filtered;structurally_curated
fr,v1,1,639,654,production,production,production,unknown,production,wordfreq:fr,wordfreq_seeded;deterministically_filtered;structurally_curated
fr,v1,1,640,655,semaines,semaines,semaines,unknown,semaines,wordfreq:fr,wordfreq_seeded;deterministically_filtered;structurally_curated
fr,v1,1,641,656,vieux,vieux,vieux,unknown,vieux,wordfreq:fr,wordfreq_seeded;deterministically_filtered;structurally_curated
fr,v1,1,642,657,connais,connais,connais,unknown,connais,wordfreq:fr,wordfreq_seeded;deterministically_filtered;structurally_curated
fr,v1,1,643,658,facile,facile,facile,unknown,facile,wordfreq:fr,wordfreq_seeded;deterministically_filtered;structurally_curated
fr,v1,1,644,659,image,image,image,unknown,image,wordfreq:fr,wordfreq_seeded;deterministically_filtered;structurally_curated
fr,v1,1,645,660,lien,lien,lien,unknown,lien,wordfreq:fr,wordfreq_seeded;deterministically_filtered;structurally_curated
fr,v1,1,646,661,mer,mer,mer,unknown,mer,wordfreq:fr,wordfreq_seeded;deterministically_filtered;structurally_curated
fr,v1,1,647,662,photos,photos,photos,unknown,photos,wordfreq:fr,wordfreq_seeded;deterministically_filtered;structurally_curated
fr,v1,1,648,663,pire,pire,pire,unknown,pire,wordfreq:fr,wordfreq_seeded;deterministically_filtered;structurally_curated
fr,v1,1,649,664,rester,rester,rester,unknown,rester,wordfreq:fr,wordfreq_seeded;deterministically_filtered;structurally_curated
fr,v1,1,650,665,sauf,sauf,sauf,unknown,sauf,wordfreq:fr,wordfreq_seeded;deterministically_filtered;structurally_curated
fr,v1,1,651,666,source,source,source,unknown,source,wordfreq:fr,wordfreq_seeded;deterministically_filtered;structurally_curated
fr,v1,1,652,667,troisième,troisième,troisième,unknown,troisième,wordfreq:fr,wordfreq_seeded;deterministically_filtered;structurally_curated
fr,v1,1,653,668,aider,aider,aider,unknown,aider,wordfreq:fr,wordfreq_seeded;deterministically_filtered;structurally_curated
fr,v1,1,654,669,ami,ami,ami,unknown,ami,wordfreq:fr,wordfreq_seeded;deterministically_filtered;structurally_curated
fr,v1,1,655,670,b,b,b,unknown,b,wordfreq:fr,wordfreq_seeded;deterministically_filtered;structurally_curated
fr,v1,1,656,671,campagne,campagne,campagne,unknown,campagne,wordfreq:fr,wordfreq_seeded;deterministically_filtered;structurally_curated
fr,v1,1,657,672,coupe,coupe,coupe,unknown,coupe,wordfreq:fr,wordfreq_seeded;deterministically_filtered;structurally_curated
fr,v1,1,658,673,cour,cour,cour,unknown,cour,wordfreq:fr,wordfreq_seeded;deterministically_filtered;structurally_curated
fr,v1,1,659,674,durant,durant,durant,unknown,durant,wordfreq:fr,wordfreq_seeded;deterministically_filtered;structurally_curated
fr,v1,1,660,675,faisait,faisait,faisait,unknown,faisait,wordfreq:fr,wordfreq_seeded;deterministically_filtered;structurally_curated
fr,v1,1,661,676,objet,objet,objet,unknown,objet,wordfreq:fr,wordfreq_seeded;deterministically_filtered;structurally_curated
fr,v1,1,662,677,oh,oh,oh,unknown,oh,wordfreq:fr,wordfreq_seeded;deterministically_filtered;structurally_curated
fr,v1,1,663,678,partout,partout,partout,unknown,partout,wordfreq:fr,wordfreq_seeded;deterministically_filtered;structurally_curated
fr,v1,1,664,679,plupart,plupart,plupart,unknown,plupart,wordfreq:fr,wordfreq_seeded;deterministically_filtered;structurally_curated
fr,v1,1,665,680,problèmes,problèmes,problèmes,unknown,problèmes,wordfreq:fr,wordfreq_seeded;deterministically_filtered;structurally_curated
fr,v1,1,666,681,seconde,seconde,seconde,unknown,seconde,wordfreq:fr,wordfreq_seeded;deterministically_filtered;structurally_curated
fr,v1,1,667,682,valeur,valeur,valeur,unknown,valeur,wordfreq:fr,wordfreq_seeded;deterministically_filtered;structurally_curated
fr,v1,1,668,683,étude,étude,étude,unknown,étude,wordfreq:fr,wordfreq_seeded;deterministically_filtered;structurally_curated
fr,v1,1,669,684,études,études,études,unknown,études,wordfreq:fr,wordfreq_seeded;deterministically_filtered;structurally_curated
fr,v1,1,670,686,chacun,chacun,chacun,unknown,chacun,wordfreq:fr,wordfreq_seeded;deterministically_filtered;structurally_curated
fr,v1,1,671,687,cher,cher,cher,unknown,cher,wordfreq:fr,wordfreq_seeded;deterministically_filtered;structurally_curated
fr,v1,1,672,688,devient,devient,devient,unknown,devient,wordfreq:fr,wordfreq_seeded;deterministically_filtered;structurally_curated
fr,v1,1,673,689,données,données,données,unknown,données,wordfreq:fr,wordfreq_seeded;deterministically_filtered;structurally_curated
fr,v1,1,674,690,dû,dû,dû,unknown,dû,wordfreq:fr,wordfreq_seeded;deterministically_filtered;structurally_curated
fr,v1,1,675,691,etat,etat,etat,unknown,etat,wordfreq:fr,wordfreq_seeded;deterministically_filtered;structurally_curated
fr,v1,1,676,692,hein,hein,hein,unknown,hein,wordfreq:fr,wordfreq_seeded;deterministically_filtered;structurally_curated
fr,v1,1,677,693,hors,hors,hors,unknown,hors,wordfreq:fr,wordfreq_seeded;deterministically_filtered;structurally_curated
fr,v1,1,678,694,joue,joue,joue,unknown,joue,wordfreq:fr,wordfreq_seeded;deterministically_filtered;structurally_curated
fr,v1,1,679,695,lequel,lequel,lequel,unknown,lequel,wordfreq:fr,wordfreq_seeded;deterministically_filtered;structurally_curated
fr,v1,1,680,696,montre,montre,montre,unknown,montre,wordfreq:fr,wordfreq_seeded;deterministically_filtered;structurally_curated
fr,v1,1,681,697,national,national,national,unknown,national,wordfreq:fr,wordfreq_seeded;deterministically_filtered;structurally_curated
fr,v1,1,682,698,particulier,particulier,particulier,unknown,particulier,wordfreq:fr,wordfreq_seeded;deterministically_filtered;structurally_curated
fr,v1,1,683,699,penser,penser,penser,unknown,penser,wordfreq:fr,wordfreq_seeded;deterministically_filtered;structurally_curated
fr,v1,1,684,700,poste,poste,poste,unknown,poste,wordfreq:fr,wordfreq_seeded;deterministically_filtered;structurally_curated
fr,v1,1,685,701,présent,présent,présent,unknown,présent,wordfreq:fr,wordfreq_seeded;deterministically_filtered;structurally_curated
fr,v1,1,686,702,publique,publique,publique,unknown,publique,wordfreq:fr,wordfreq_seeded;deterministically_filtered;structurally_curated
fr,v1,1,687,703,réponse,réponse,réponse,unknown,réponse,wordfreq:fr,wordfreq_seeded;deterministically_filtered;structurally_curated
fr,v1,1,688,704,réseau,réseau,réseau,unknown,réseau,wordfreq:fr,wordfreq_seeded;deterministically_filtered;structurally_curated
fr,v1,1,689,705,salle,salle,salle,unknown,salle,wordfreq:fr,wordfreq_seeded;deterministically_filtered;structurally_curated
fr,v1,1,690,706,texte,texte,texte,unknown,texte,wordfreq:fr,wordfreq_seeded;deterministically_filtered;structurally_curated
fr,v1,1,691,707,veulent,veulent,veulent,unknown,veulent,wordfreq:fr,wordfreq_seeded;deterministically_filtered;structurally_curated
fr,v1,1,692,708,appel,appel,appel,unknown,appel,wordfreq:fr,wordfreq_seeded;deterministically_filtered;structurally_curated
fr,v1,1,693,709,celles,celles,celles,unknown,celles,wordfreq:fr,wordfreq_seeded;deterministically_filtered;structurally_curated
fr,v1,1,694,710,certain,certain,certain,unknown,certain,wordfreq:fr,wordfreq_seeded;deterministically_filtered;structurally_curated
fr,v1,1,695,711,contrôle,contrôle,contrôle,unknown,contrôle,wordfreq:fr,wordfreq_seeded;deterministically_filtered;structurally_curated
fr,v1,1,696,712,dois,dois,dois,unknown,dois,wordfreq:fr,wordfreq_seeded;deterministically_filtered;structurally_curated
fr,v1,1,697,713,message,message,message,unknown,message,wordfreq:fr,wordfreq_seeded;deterministically_filtered;structurally_curated
fr,v1,1,698,714,position,position,position,unknown,position,wordfreq:fr,wordfreq_seeded;deterministically_filtered;structurally_curated
fr,v1,1,699,715,république,république,république,unknown,république,wordfreq:fr,wordfreq_seeded;deterministically_filtered;structurally_curated
fr,v1,1,700,716,succès,succès,succès,unknown,succès,wordfreq:fr,wordfreq_seeded;deterministically_filtered;structurally_curated
fr,v1,1,701,717,économique,économique,économique,unknown,économique,wordfreq:fr,wordfreq_seeded;deterministically_filtered;structurally_curated
fr,v1,1,702,718,activité,activité,activité,unknown,activité,wordfreq:fr,wordfreq_seeded;deterministically_filtered;structurally_curated
fr,v1,1,703,719,américain,américain,américain,unknown,américain,wordfreq:fr,wordfreq_seeded;deterministically_filtered;structurally_curated
fr,v1,1,704,720,association,association,association,unknown,association,wordfreq:fr,wordfreq_seeded;deterministically_filtered;structurally_curated
fr,v1,1,705,721,carte,carte,carte,unknown,carte,wordfreq:fr,wordfreq_seeded;deterministically_filtered;structurally_curated
fr,v1,1,706,722,chercher,chercher,chercher,unknown,chercher,wordfreq:fr,wordfreq_seeded;deterministically_filtered;structurally_curated
fr,v1,1,707,723,connu,connu,connu,unknown,connu,wordfreq:fr,wordfreq_seeded;deterministically_filtered;structurally_curated
fr,v1,1,708,724,création,création,création,unknown,création,wordfreq:fr,wordfreq_seeded;deterministically_filtered;structurally_curated
fr,v1,1,709,725,devenir,devenir,devenir,unknown,devenir,wordfreq:fr,wordfreq_seeded;deterministically_filtered;structurally_curated
fr,v1,1,710,726,euros,euros,euros,unknown,euros,wordfreq:fr,wordfreq_seeded;deterministically_filtered;structurally_curated
fr,v1,1,711,727,expérience,expérience,expérience,unknown,expérience,wordfreq:fr,wordfreq_seeded;deterministically_filtered;structurally_curated
fr,v1,1,712,728,filles,filles,filles,unknown,filles,wordfreq:fr,wordfreq_seeded;deterministically_filtered;structurally_curated
fr,v1,1,713,729,fonction,fonction,fonction,unknown,fonction,wordfreq:fr,wordfreq_seeded;deterministically_filtered;structurally_curated
fr,v1,1,714,730,impression,impression,impression,unknown,impression,wordfreq:fr,wordfreq_seeded;deterministically_filtered;structurally_curated
fr,v1,1,715,731,louis,louis,louis,unknown,louis,wordfreq:fr,wordfreq_seeded;deterministically_filtered;structurally_curated
fr,v1,1,716,732,nature,nature,nature,unknown,nature,wordfreq:fr,wordfreq_seeded;deterministically_filtered;structurally_curated
fr,v1,1,717,733,putain,putain,putain,unknown,putain,wordfreq:fr,wordfreq_seeded;deterministically_filtered;structurally_curated
fr,v1,1,718,734,simplement,simplement,simplement,unknown,simplement,wordfreq:fr,wordfreq_seeded;deterministically_filtered;structurally_curated
fr,v1,1,719,735,travers,travers,travers,unknown,travers,wordfreq:fr,wordfreq_seeded;deterministically_filtered;structurally_curated
fr,v1,1,720,736,allemagne,allemagne,allemagne,unknown,allemagne,wordfreq:fr,wordfreq_seeded;deterministically_filtered;structurally_curated
fr,v1,1,721,737,annonce,annonce,annonce,unknown,annonce,wordfreq:fr,wordfreq_seeded;deterministically_filtered;structurally_curated
fr,v1,1,722,738,arrêter,arrêter,arrêter,unknown,arrêter,wordfreq:fr,wordfreq_seeded;deterministically_filtered;structurally_curated
fr,v1,1,723,739,bientôt,bientôt,bientôt,unknown,bientôt,wordfreq:fr,wordfreq_seeded;deterministically_filtered;structurally_curated
fr,v1,1,724,740,chemin,chemin,chemin,unknown,chemin,wordfreq:fr,wordfreq_seeded;deterministically_filtered;structurally_curated
fr,v1,1,725,741,demi,demi,demi,unknown,demi,wordfreq:fr,wordfreq_seeded;deterministically_filtered;structurally_curated
fr,v1,1,726,742,différents,différents,différents,unknown,différents,wordfreq:fr,wordfreq_seeded;deterministically_filtered;structurally_curated
fr,v1,1,727,743,directeur,directeur,directeur,unknown,directeur,wordfreq:fr,wordfreq_seeded;deterministically_filtered;structurally_curated
fr,v1,1,728,744,espace,espace,espace,unknown,espace,wordfreq:fr,wordfreq_seeded;deterministically_filtered;structurally_curated
fr,v1,1,729,745,liberté,liberté,liberté,unknown,liberté,wordfreq:fr,wordfreq_seeded;deterministically_filtered;structurally_curated
fr,v1,1,730,746,mariage,mariage,mariage,unknown,mariage,wordfreq:fr,wordfreq_seeded;deterministically_filtered;structurally_curated
fr,v1,1,731,747,new,new,new,unknown,new,wordfreq:fr,wordfreq_seeded;deterministically_filtered;structurally_curated
fr,v1,1,732,748,organisation,organisation,organisation,unknown,organisation,wordfreq:fr,wordfreq_seeded;deterministically_filtered;structurally_curated
fr,v1,1,733,749,passage,passage,passage,unknown,passage,wordfreq:fr,wordfreq_seeded;deterministically_filtered;structurally_curated
fr,v1,1,734,750,présence,présence,présence,unknown,présence,wordfreq:fr,wordfreq_seeded;deterministically_filtered;structurally_curated
fr,v1,1,735,751,sein,sein,sein,unknown,sein,wordfreq:fr,wordfreq_seeded;deterministically_filtered;structurally_curated
fr,v1,1,736,752,sort,sort,sort,unknown,sort,wordfreq:fr,wordfreq_seeded;deterministically_filtered;structurally_curated
fr,v1,1,737,753,zone,zone,zone,unknown,zone,wordfreq:fr,wordfreq_seeded;deterministically_filtered;structurally_curated
fr,v1,1,738,754,économie,économie,économie,unknown,économie,wordfreq:fr,wordfreq_seeded;deterministically_filtered;structurally_curated
fr,v1,1,739,755,bureau,bureau,bureau,unknown,bureau,wordfreq:fr,wordfreq_seeded;deterministically_filtered;structurally_curated
fr,v1,1,740,756,compagnie,compagnie,compagnie,unknown,compagnie,wordfreq:fr,wordfreq_seeded;deterministically_filtered;structurally_curated
fr,v1,1,741,757,entrée,entrée,entrée,unknown,entrée,wordfreq:fr,wordfreq_seeded;deterministically_filtered;structurally_curated
fr,v1,1,742,758,mains,mains,mains,unknown,mains,wordfreq:fr,wordfreq_seeded;deterministically_filtered;structurally_curated
fr,v1,1,743,759,moyenne,moyenne,moyenne,unknown,moyenne,wordfreq:fr,wordfreq_seeded;deterministically_filtered;structurally_curated
fr,v1,1,744,760,ok,ok,ok,unknown,ok,wordfreq:fr,wordfreq_seeded;deterministically_filtered;structurally_curated
fr,v1,1,745,761,pied,pied,pied,unknown,pied,wordfreq:fr,wordfreq_seeded;deterministically_filtered;structurally_curated
fr,v1,1,746,762,presse,presse,presse,unknown,presse,wordfreq:fr,wordfreq_seeded;deterministically_filtered;structurally_curated
fr,v1,1,747,763,prise,prise,prise,unknown,prise,wordfreq:fr,wordfreq_seeded;deterministically_filtered;structurally_curated
fr,v1,1,748,764,réalité,réalité,réalité,unknown,réalité,wordfreq:fr,wordfreq_seeded;deterministically_filtered;structurally_curated
fr,v1,1,749,765,social,social,social,unknown,social,wordfreq:fr,wordfreq_seeded;deterministically_filtered;structurally_curated
fr,v1,1,750,766,sorte,sorte,sorte,unknown,sorte,wordfreq:fr,wordfreq_seeded;deterministically_filtered;structurally_curated
fr,v1,1,751,767,université,université,université,unknown,université,wordfreq:fr,wordfreq_seeded;deterministically_filtered;structurally_curated
fr,v1,1,752,768,utiliser,utiliser,utiliser,unknown,utiliser,wordfreq:fr,wordfreq_seeded;deterministically_filtered;structurally_curated
fr,v1,1,753,769,œuvre,œuvre,œuvre,unknown,œuvre,wordfreq:fr,wordfreq_seeded;deterministically_filtered;structurally_curated
fr,v1,1,754,770,accès,accès,accès,unknown,accès,wordfreq:fr,wordfreq_seeded;deterministically_filtered;structurally_curated
fr,v1,1,755,771,commission,commission,commission,unknown,commission,wordfreq:fr,wordfreq_seeded;deterministically_filtered;structurally_curated
fr,v1,1,756,772,différentes,différentes,différentes,unknown,différentes,wordfreq:fr,wordfreq_seeded;deterministically_filtered;structurally_curated
fr,v1,1,757,773,dimanche,dimanche,dimanche,unknown,dimanche,wordfreq:fr,wordfreq_seeded;deterministically_filtered;structurally_curated
fr,v1,1,758,774,départ,départ,départ,unknown,départ,wordfreq:fr,wordfreq_seeded;deterministically_filtered;structurally_curated
fr,v1,1,759,775,générale,générale,générale,unknown,générale,wordfreq:fr,wordfreq_seeded;deterministically_filtered;structurally_curated
fr,v1,1,760,776,lit,lit,lit,unknown,lit,wordfreq:fr,wordfreq_seeded;deterministically_filtered;structurally_curated
fr,v1,1,761,777,marie,marie,marie,unknown,marie,wordfreq:fr,wordfreq_seeded;deterministically_filtered;structurally_curated
fr,v1,1,762,778,mauvais,mauvais,mauvais,unknown,mauvais,wordfreq:fr,wordfreq_seeded;deterministically_filtered;structurally_curated
fr,v1,1,763,779,numéro,numéro,numéro,unknown,numéro,wordfreq:fr,wordfreq_seeded;deterministically_filtered;structurally_curated
fr,v1,1,764,780,puisque,puisque,puisque,unknown,puisque,wordfreq:fr,wordfreq_seeded;deterministically_filtered;structurally_curated
fr,v1,1,765,781,regarder,regarder,regarder,unknown,regarder,wordfreq:fr,wordfreq_seeded;deterministically_filtered;structurally_curated
fr,v1,1,766,782,soient,soient,soient,unknown,soient,wordfreq:fr,wordfreq_seeded;deterministically_filtered;structurally_curated
fr,v1,1,767,783,soleil,soleil,soleil,unknown,soleil,wordfreq:fr,wordfreq_seeded;deterministically_filtered;structurally_curated
fr,v1,1,768,784,taux,taux,taux,unknown,taux,wordfreq:fr,wordfreq_seeded;deterministically_filtered;structurally_curated
fr,v1,1,769,785,travailler,travailler,travailler,unknown,travailler,wordfreq:fr,wordfreq_seeded;deterministically_filtered;structurally_curated
fr,v1,1,770,786,voie,voie,voie,unknown,voie,wordfreq:fr,wordfreq_seeded;deterministically_filtered;structurally_curated
fr,v1,1,771,787,acheter,acheter,acheter,unknown,acheter,wordfreq:fr,wordfreq_seeded;deterministically_filtered;structurally_curated
fr,v1,1,772,788,afrique,afrique,afrique,unknown,afrique,wordfreq:fr,wordfreq_seeded;deterministically_filtered;structurally_curated
fr,v1,1,773,789,attendre,attendre,attendre,unknown,attendre,wordfreq:fr,wordfreq_seeded;deterministically_filtered;structurally_curated
fr,v1,1,774,790,bras,bras,bras,unknown,bras,wordfreq:fr,wordfreq_seeded;deterministically_filtered;structurally_curated
fr,v1,1,775,791,charge,charge,charge,unknown,charge,wordfreq:fr,wordfreq_seeded;deterministically_filtered;structurally_curated
fr,v1,1,776,792,ex,ex,ex,unknown,ex,wordfreq:fr,wordfreq_seeded;deterministically_filtered;structurally_curated
fr,v1,1,777,793,finalement,finalement,finalement,unknown,finalement,wordfreq:fr,wordfreq_seeded;deterministically_filtered;structurally_curated
fr,v1,1,778,794,fini,fini,fini,unknown,fini,wordfreq:fr,wordfreq_seeded;deterministically_filtered;structurally_curated
fr,v1,1,779,795,haute,haute,haute,unknown,haute,wordfreq:fr,wordfreq_seeded;deterministically_filtered;structurally_curated
fr,v1,1,780,796,manger,manger,manger,unknown,manger,wordfreq:fr,wordfreq_seeded;deterministically_filtered;structurally_curated
fr,v1,1,781,797,marque,marque,marque,unknown,marque,wordfreq:fr,wordfreq_seeded;deterministically_filtered;structurally_curated
fr,v1,1,782,798,moyens,moyens,moyens,unknown,moyens,wordfreq:fr,wordfreq_seeded;deterministically_filtered;structurally_curated
fr,v1,1,783,799,perdre,perdre,perdre,unknown,perdre,wordfreq:fr,wordfreq_seeded;deterministically_filtered;structurally_curated
fr,v1,1,784,800,pièces,pièces,pièces,unknown,pièces,wordfreq:fr,wordfreq_seeded;deterministically_filtered;structurally_curated
fr,v1,1,785,801,pratique,pratique,pratique,unknown,pratique,wordfreq:fr,wordfreq_seeded;deterministically_filtered;structurally_curated
fr,v1,1,786,802,sociale,sociale,sociale,unknown,sociale,wordfreq:fr,wordfreq_seeded;deterministically_filtered;structurally_curated
fr,v1,1,787,803,victoire,victoire,victoire,unknown,victoire,wordfreq:fr,wordfreq_seeded;deterministically_filtered;structurally_curated
fr,v1,1,788,804,vérité,vérité,vérité,unknown,vérité,wordfreq:fr,wordfreq_seeded;deterministically_filtered;structurally_curated
fr,v1,1,789,807,ben,ben,ben,unknown,ben,wordfreq:fr,wordfreq_seeded;deterministically_filtered;structurally_curated
fr,v1,1,790,808,cherche,cherche,cherche,unknown,cherche,wordfreq:fr,wordfreq_seeded;deterministically_filtered;structurally_curated
fr,v1,1,791,809,communauté,communauté,communauté,unknown,communauté,wordfreq:fr,wordfreq_seeded;deterministically_filtered;structurally_curated
fr,v1,1,792,810,domaine,domaine,domaine,unknown,domaine,wordfreq:fr,wordfreq_seeded;deterministically_filtered;structurally_curated
fr,v1,1,793,811,idées,idées,idées,unknown,idées,wordfreq:fr,wordfreq_seeded;deterministically_filtered;structurally_curated
fr,v1,1,794,812,monsieur,monsieur,monsieur,unknown,monsieur,wordfreq:fr,wordfreq_seeded;deterministically_filtered;structurally_curated
fr,v1,1,795,813,nombreuses,nombreuses,nombreuses,unknown,nombreuses,wordfreq:fr,wordfreq_seeded;deterministically_filtered;structurally_curated
fr,v1,1,796,814,o,o,o,unknown,o,wordfreq:fr,wordfreq_seeded;deterministically_filtered;structurally_curated
fr,v1,1,797,815,payer,payer,payer,unknown,payer,wordfreq:fr,wordfreq_seeded;deterministically_filtered;structurally_curated
fr,v1,1,798,816,peuple,peuple,peuple,unknown,peuple,wordfreq:fr,wordfreq_seeded;deterministically_filtered;structurally_curated
fr,v1,1,799,817,proche,proche,proche,unknown,proche,wordfreq:fr,wordfreq_seeded;deterministically_filtered;structurally_curated
fr,v1,1,800,818,publié,publié,publié,unknown,publié,wordfreq:fr,wordfreq_seeded;deterministically_filtered;structurally_curated
fr,v1,1,801,819,quant,quant,quant,unknown,quant,wordfreq:fr,wordfreq_seeded;deterministically_filtered;structurally_curated
fr,v1,1,802,820,reçu,reçu,reçu,unknown,reçu,wordfreq:fr,wordfreq_seeded;deterministically_filtered;structurally_curated
fr,v1,1,803,821,répondre,répondre,répondre,unknown,répondre,wordfreq:fr,wordfreq_seeded;deterministically_filtered;structurally_curated
fr,v1,1,804,822,suivre,suivre,suivre,unknown,suivre,wordfreq:fr,wordfreq_seeded;deterministically_filtered;structurally_curated
fr,v1,1,805,823,administration,administration,administration,unknown,administration,wordfreq:fr,wordfreq_seeded;deterministically_filtered;structurally_curated
fr,v1,1,806,824,auprès,auprès,auprès,unknown,auprès,wordfreq:fr,wordfreq_seeded;deterministically_filtered;structurally_curated
fr,v1,1,807,825,code,code,code,unknown,code,wordfreq:fr,wordfreq_seeded;deterministically_filtered;structurally_curated
fr,v1,1,808,826,demandé,demandé,demandé,unknown,demandé,wordfreq:fr,wordfreq_seeded;deterministically_filtered;structurally_curated
fr,v1,1,809,827,entendu,entendu,entendu,unknown,entendu,wordfreq:fr,wordfreq_seeded;deterministically_filtered;structurally_curated
fr,v1,1,810,828,faisant,faisant,faisant,unknown,faisant,wordfreq:fr,wordfreq_seeded;deterministically_filtered;structurally_curated
fr,v1,1,811,829,gagner,gagner,gagner,unknown,gagner,wordfreq:fr,wordfreq_seeded;deterministically_filtered;structurally_curated
fr,v1,1,812,830,honneur,honneur,honneur,unknown,honneur,wordfreq:fr,wordfreq_seeded;deterministically_filtered;structurally_curated
fr,v1,1,813,831,journal,journal,journal,unknown,journal,wordfreq:fr,wordfreq_seeded;deterministically_filtered;structurally_curated
fr,v1,1,814,832,matière,matière,matière,unknown,matière,wordfreq:fr,wordfreq_seeded;deterministically_filtered;structurally_curated
fr,v1,1,815,833,ouest,ouest,ouest,unknown,ouest,wordfreq:fr,wordfreq_seeded;deterministically_filtered;structurally_curated
fr,v1,1,816,834,permis,permis,permis,unknown,permis,wordfreq:fr,wordfreq_seeded;deterministically_filtered;structurally_curated
fr,v1,1,817,835,rapidement,rapidement,rapidement,unknown,rapidement,wordfreq:fr,wordfreq_seeded;deterministically_filtered;structurally_curated
fr,v1,1,818,836,retrouver,retrouver,retrouver,unknown,retrouver,wordfreq:fr,wordfreq_seeded;deterministically_filtered;structurally_curated
fr,v1,1,819,837,résultat,résultat,résultat,unknown,résultat,wordfreq:fr,wordfreq_seeded;deterministically_filtered;structurally_curated
fr,v1,1,820,838,sept,sept,sept,unknown,sept,wordfreq:fr,wordfreq_seeded;deterministically_filtered;structurally_curated
fr,v1,1,821,839,soirée,soirée,soirée,unknown,soirée,wordfreq:fr,wordfreq_seeded;deterministically_filtered;structurally_curated
fr,v1,1,822,840,sol,sol,sol,unknown,sol,wordfreq:fr,wordfreq_seeded;deterministically_filtered;structurally_curated
fr,v1,1,823,841,sport,sport,sport,unknown,sport,wordfreq:fr,wordfreq_seeded;deterministically_filtered;structurally_curated
fr,v1,1,824,842,téléphone,téléphone,téléphone,unknown,téléphone,wordfreq:fr,wordfreq_seeded;deterministically_filtered;structurally_curated
fr,v1,1,825,843,version,version,version,unknown,version,wordfreq:fr,wordfreq_seeded;deterministically_filtered;structurally_curated
fr,v1,1,826,845,and,and,and,unknown,and,wordfreq:fr,wordfreq_seeded;deterministically_filtered;structurally_curated
fr,v1,1,827,846,armes,armes,armes,unknown,armes,wordfreq:fr,wordfreq_seeded;deterministically_filtered;structurally_curated
fr,v1,1,828,847,arriver,arriver,arriver,unknown,arriver,wordfreq:fr,wordfreq_seeded;deterministically_filtered;structurally_curated
fr,v1,1,829,848,arrivée,arrivée,arrivée,unknown,arrivée,wordfreq:fr,wordfreq_seeded;deterministically_filtered;structurally_curated
fr,v1,1,830,849,coeur,coeur,coeur,unknown,coeur,wordfreq:fr,wordfreq_seeded;deterministically_filtered;structurally_curated
fr,v1,1,831,850,construction,construction,construction,unknown,construction,wordfreq:fr,wordfreq_seeded;deterministically_filtered;structurally_curated
fr,v1,1,832,851,devoir,devoir,devoir,unknown,devoir,wordfreq:fr,wordfreq_seeded;deterministically_filtered;structurally_curated
fr,v1,1,833,852,double,double,double,unknown,double,wordfreq:fr,wordfreq_seeded;deterministically_filtered;structurally_curated
fr,v1,1,834,853,information,information,information,unknown,information,wordfreq:fr,wordfreq_seeded;deterministically_filtered;structurally_curated
fr,v1,1,835,854,jusqu'au,jusqu'au,jusqu'au,unknown,jusqu'au,wordfreq:fr,wordfreq_seeded;deterministically_filtered;structurally_curated
fr,v1,1,836,855,midi,midi,midi,unknown,midi,wordfreq:fr,wordfreq_seeded;deterministically_filtered;structurally_curated
fr,v1,1,837,856,mission,mission,mission,unknown,mission,wordfreq:fr,wordfreq_seeded;deterministically_filtered;structurally_curated
fr,v1,1,838,857,moitié,moitié,moitié,unknown,moitié,wordfreq:fr,wordfreq_seeded;deterministically_filtered;structurally_curated
fr,v1,1,839,858,page,page,page,unknown,page,wordfreq:fr,wordfreq_seeded;deterministically_filtered;structurally_curated
fr,v1,1,840,859,particulièrement,particulièrement,particulièrement,unknown,particulièrement,wordfreq:fr,wordfreq_seeded;deterministically_filtered;structurally_curated
fr,v1,1,841,860,pièce,pièce,pièce,unknown,pièce,wordfreq:fr,wordfreq_seeded;deterministically_filtered;structurally_curated
fr,v1,1,842,861,pourra,pourra,pourra,unknown,pourra,wordfreq:fr,wordfreq_seeded;deterministically_filtered;structurally_curated
fr,v1,1,843,862,prochaine,prochaine,prochaine,unknown,prochaine,wordfreq:fr,wordfreq_seeded;deterministically_filtered;structurally_curated
fr,v1,1,844,863,prêt,prêt,prêt,unknown,prêt,wordfreq:fr,wordfreq_seeded;deterministically_filtered;structurally_curated
fr,v1,1,845,864,rend,rend,rend,unknown,rend,wordfreq:fr,wordfreq_seeded;deterministically_filtered;structurally_curated
fr,v1,1,846,865,technique,technique,technique,unknown,technique,wordfreq:fr,wordfreq_seeded;deterministically_filtered;structurally_curated
fr,v1,1,847,866,union,union,union,unknown,union,wordfreq:fr,wordfreq_seeded;deterministically_filtered;structurally_curated
fr,v1,1,848,867,v,v,v,unknown,v,wordfreq:fr,wordfreq_seeded;deterministically_filtered;structurally_curated
fr,v1,1,849,868,voyage,voyage,voyage,unknown,voyage,wordfreq:fr,wordfreq_seeded;deterministically_filtered;structurally_curated
fr,v1,1,850,869,énergie,énergie,énergie,unknown,énergie,wordfreq:fr,wordfreq_seeded;deterministically_filtered;structurally_curated
fr,v1,1,851,870,éviter,éviter,éviter,unknown,éviter,wordfreq:fr,wordfreq_seeded;deterministically_filtered;structurally_curated
fr,v1,1,852,872,arrête,arrête,arrête,unknown,arrête,wordfreq:fr,wordfreq_seeded;deterministically_filtered;structurally_curated
fr,v1,1,853,873,articles,articles,articles,unknown,articles,wordfreq:fr,wordfreq_seeded;deterministically_filtered;structurally_curated
fr,v1,1,854,874,bord,bord,bord,unknown,bord,wordfreq:fr,wordfreq_seeded;deterministically_filtered;structurally_curated
fr,v1,1,855,875,combien,combien,combien,unknown,combien,wordfreq:fr,wordfreq_seeded;deterministically_filtered;structurally_curated
fr,v1,1,856,876,continue,continue,continue,unknown,continue,wordfreq:fr,wordfreq_seeded;deterministically_filtered;structurally_curated
fr,v1,1,857,877,contraire,contraire,contraire,unknown,contraire,wordfreq:fr,wordfreq_seeded;deterministically_filtered;structurally_curated
fr,v1,1,858,878,courant,courant,courant,unknown,courant,wordfreq:fr,wordfreq_seeded;deterministically_filtered;structurally_curated
fr,v1,1,859,879,derniers,derniers,derniers,unknown,derniers,wordfreq:fr,wordfreq_seeded;deterministically_filtered;structurally_curated
fr,v1,1,860,880,devait,devait,devait,unknown,devait,wordfreq:fr,wordfreq_seeded;deterministically_filtered;structurally_curated
fr,v1,1,861,881,entendre,entendre,entendre,unknown,entendre,wordfreq:fr,wordfreq_seeded;deterministically_filtered;structurally_curated
fr,v1,1,862,882,faits,faits,faits,unknown,faits,wordfreq:fr,wordfreq_seeded;deterministically_filtered;structurally_curated
fr,v1,1,863,883,faute,faute,faute,unknown,faute,wordfreq:fr,wordfreq_seeded;deterministically_filtered;structurally_curated
fr,v1,1,864,884,fera,fera,fera,unknown,fera,wordfreq:fr,wordfreq_seeded;deterministically_filtered;structurally_curated
fr,v1,1,865,885,finale,finale,finale,unknown,finale,wordfreq:fr,wordfreq_seeded;deterministically_filtered;structurally_curated
fr,v1,1,866,886,heureux,heureux,heureux,unknown,heureux,wordfreq:fr,wordfreq_seeded;deterministically_filtered;structurally_curated
fr,v1,1,867,887,impossible,impossible,impossible,unknown,impossible,wordfreq:fr,wordfreq_seeded;deterministically_filtered;structurally_curated
fr,v1,1,868,888,joueur,joueur,joueur,unknown,joueur,wordfreq:fr,wordfreq_seeded;deterministically_filtered;structurally_curated
fr,v1,1,869,889,longue,longue,longue,unknown,longue,wordfreq:fr,wordfreq_seeded;deterministically_filtered;structurally_curated
fr,v1,1,870,890,nécessaire,nécessaire,nécessaire,unknown,nécessaire,wordfreq:fr,wordfreq_seeded;deterministically_filtered;structurally_curated
fr,v1,1,871,891,paul,paul,paul,unknown,paul,wordfreq:fr,wordfreq_seeded;deterministically_filtered;structurally_curated
fr,v1,1,872,892,porter,porter,porter,unknown,porter,wordfreq:fr,wordfreq_seeded;deterministically_filtered;structurally_curated
fr,v1,1,873,893,pouvait,pouvait,pouvait,unknown,pouvait,wordfreq:fr,wordfreq_seeded;deterministically_filtered;structurally_curated
fr,v1,1,874,894,samedi,samedi,samedi,unknown,samedi,wordfreq:fr,wordfreq_seeded;deterministically_filtered;structurally_curated
fr,v1,1,875,895,sang,sang,sang,unknown,sang,wordfreq:fr,wordfreq_seeded;deterministically_filtered;structurally_curated
fr,v1,1,876,896,second,second,second,unknown,second,wordfreq:fr,wordfreq_seeded;deterministically_filtered;structurally_curated
fr,v1,1,877,897,style,style,style,unknown,style,wordfreq:fr,wordfreq_seeded;deterministically_filtered;structurally_curated
fr,v1,1,878,898,sérieux,sérieux,sérieux,unknown,sérieux,wordfreq:fr,wordfreq_seeded;deterministically_filtered;structurally_curated
fr,v1,1,879,899,terrain,terrain,terrain,unknown,terrain,wordfreq:fr,wordfreq_seeded;deterministically_filtered;structurally_curated
fr,v1,1,880,900,villes,villes,villes,unknown,villes,wordfreq:fr,wordfreq_seeded;deterministically_filtered;structurally_curated
fr,v1,1,881,901,église,église,église,unknown,église,wordfreq:fr,wordfreq_seeded;deterministically_filtered;structurally_curated
fr,v1,1,882,903,comprends,comprends,comprends,unknown,comprends,wordfreq:fr,wordfreq_seeded;deterministically_filtered;structurally_curated
fr,v1,1,883,904,créer,créer,créer,unknown,créer,wordfreq:fr,wordfreq_seeded;deterministically_filtered;structurally_curated
fr,v1,1,884,905,décision,décision,décision,unknown,décision,wordfreq:fr,wordfreq_seeded;deterministically_filtered;structurally_curated
fr,v1,1,885,906,défense,défense,défense,unknown,défense,wordfreq:fr,wordfreq_seeded;deterministically_filtered;structurally_curated
fr,v1,1,886,907,désormais,désormais,désormais,unknown,désormais,wordfreq:fr,wordfreq_seeded;deterministically_filtered;structurally_curated
fr,v1,1,887,908,frais,frais,frais,unknown,frais,wordfreq:fr,wordfreq_seeded;deterministically_filtered;structurally_curated
fr,v1,1,888,909,g,g,g,unknown,g,wordfreq:fr,wordfreq_seeded;deterministically_filtered;structurally_curated
fr,v1,1,889,910,hôtel,hôtel,hôtel,unknown,hôtel,wordfreq:fr,wordfreq_seeded;deterministically_filtered;structurally_curated
fr,v1,1,890,911,instant,instant,instant,unknown,instant,wordfreq:fr,wordfreq_seeded;deterministically_filtered;structurally_curated
fr,v1,1,891,912,livres,livres,livres,unknown,livres,wordfreq:fr,wordfreq_seeded;deterministically_filtered;structurally_curated
fr,v1,1,892,913,majorité,majorité,majorité,unknown,majorité,wordfreq:fr,wordfreq_seeded;deterministically_filtered;structurally_curated
fr,v1,1,893,914,modèle,modèle,modèle,unknown,modèle,wordfreq:fr,wordfreq_seeded;deterministically_filtered;structurally_curated
fr,v1,1,894,915,obtenir,obtenir,obtenir,unknown,obtenir,wordfreq:fr,wordfreq_seeded;deterministically_filtered;structurally_curated
fr,v1,1,895,916,outre,outre,outre,unknown,outre,wordfreq:fr,wordfreq_seeded;deterministically_filtered;structurally_curated
fr,v1,1,896,917,paix,paix,paix,unknown,paix,wordfreq:fr,wordfreq_seeded;deterministically_filtered;structurally_curated
fr,v1,1,897,918,puisse,puisse,puisse,unknown,puisse,wordfreq:fr,wordfreq_seeded;deterministically_filtered;structurally_curated
fr,v1,1,898,919,rappelle,rappelle,rappelle,unknown,rappelle,wordfreq:fr,wordfreq_seeded;deterministically_filtered;structurally_curated
fr,v1,1,899,920,solution,solution,solution,unknown,solution,wordfreq:fr,wordfreq_seeded;deterministically_filtered;structurally_curated
fr,v1,1,900,921,tandis,tandis,tandis,unknown,tandis,wordfreq:fr,wordfreq_seeded;deterministically_filtered;structurally_curated
fr,v1,1,901,922,actuellement,actuellement,actuellement,unknown,actuellement,wordfreq:fr,wordfreq_seeded;deterministically_filtered;structurally_curated
fr,v1,1,902,923,assemblée,assemblée,assemblée,unknown,assemblée,wordfreq:fr,wordfreq_seeded;deterministically_filtered;structurally_curated
fr,v1,1,903,924,bande,bande,bande,unknown,bande,wordfreq:fr,wordfreq_seeded;deterministically_filtered;structurally_curated
fr,v1,1,904,925,commencé,commencé,commencé,unknown,commencé,wordfreq:fr,wordfreq_seeded;deterministically_filtered;structurally_curated
fr,v1,1,905,926,commune,commune,commune,unknown,commune,wordfreq:fr,wordfreq_seeded;deterministically_filtered;structurally_curated
fr,v1,1,906,927,comprend,comprend,comprend,unknown,comprend,wordfreq:fr,wordfreq_seeded;deterministically_filtered;structurally_curated
fr,v1,1,907,928,contrat,contrat,contrat,unknown,contrat,wordfreq:fr,wordfreq_seeded;deterministically_filtered;structurally_curated
fr,v1,1,908,929,faux,faux,faux,unknown,faux,wordfreq:fr,wordfreq_seeded;deterministically_filtered;structurally_curated
fr,v1,1,909,930,forces,forces,forces,unknown,forces,wordfreq:fr,wordfreq_seeded;deterministically_filtered;structurally_curated
fr,v1,1,910,931,groupes,groupes,groupes,unknown,groupes,wordfreq:fr,wordfreq_seeded;deterministically_filtered;structurally_curated
fr,v1,1,911,932,international,international,international,unknown,international,wordfreq:fr,wordfreq_seeded;deterministically_filtered;structurally_curated
fr,v1,1,912,933,morts,morts,morts,unknown,morts,wordfreq:fr,wordfreq_seeded;deterministically_filtered;structurally_curated
fr,v1,1,913,934,note,note,note,unknown,note,wordfreq:fr,wordfreq_seeded;deterministically_filtered;structurally_curated
fr,v1,1,914,935,suffit,suffit,suffit,unknown,suffit,wordfreq:fr,wordfreq_seeded;deterministically_filtered;structurally_curated
fr,v1,1,915,936,total,total,total,unknown,total,wordfreq:fr,wordfreq_seeded;deterministically_filtered;structurally_curated
fr,v1,1,916,937,tôt,tôt,tôt,unknown,tôt,wordfreq:fr,wordfreq_seeded;deterministically_filtered;structurally_curated
fr,v1,1,917,938,vol,vol,vol,unknown,vol,wordfreq:fr,wordfreq_seeded;deterministically_filtered;structurally_curated
fr,v1,1,918,939,voulu,voulu,voulu,unknown,voulu,wordfreq:fr,wordfreq_seeded;deterministically_filtered;structurally_curated
fr,v1,1,919,940,éléments,éléments,éléments,unknown,éléments,wordfreq:fr,wordfreq_seeded;deterministically_filtered;structurally_curated
fr,v1,1,920,941,avenir,avenir,avenir,unknown,avenir,wordfreq:fr,wordfreq_seeded;deterministically_filtered;structurally_curated
fr,v1,1,921,942,bons,bons,bons,unknown,bons,wordfreq:fr,wordfreq_seeded;deterministically_filtered;structurally_curated
fr,v1,1,922,943,critique,critique,critique,unknown,critique,wordfreq:fr,wordfreq_seeded;deterministically_filtered;structurally_curated
fr,v1,1,923,944,dehors,dehors,dehors,unknown,dehors,wordfreq:fr,wordfreq_seeded;deterministically_filtered;structurally_curated
fr,v1,1,924,945,dernières,dernières,dernières,unknown,dernières,wordfreq:fr,wordfreq_seeded;deterministically_filtered;structurally_curated
fr,v1,1,925,946,devenu,devenu,devenu,unknown,devenu,wordfreq:fr,wordfreq_seeded;deterministically_filtered;structurally_curated
fr,v1,1,926,947,directement,directement,directement,unknown,directement,wordfreq:fr,wordfreq_seeded;deterministically_filtered;structurally_curated
fr,v1,1,927,948,discours,discours,discours,unknown,discours,wordfreq:fr,wordfreq_seeded;deterministically_filtered;structurally_curated
fr,v1,1,928,949,dur,dur,dur,unknown,dur,wordfreq:fr,wordfreq_seeded;deterministically_filtered;structurally_curated
fr,v1,1,929,950,explique,explique,explique,unknown,explique,wordfreq:fr,wordfreq_seeded;deterministically_filtered;structurally_curated
fr,v1,1,930,951,forte,forte,forte,unknown,forte,wordfreq:fr,wordfreq_seeded;deterministically_filtered;structurally_curated
fr,v1,1,931,952,fête,fête,fête,unknown,fête,wordfreq:fr,wordfreq_seeded;deterministically_filtered;structurally_curated
fr,v1,1,932,953,informations,informations,informations,unknown,informations,wordfreq:fr,wordfreq_seeded;deterministically_filtered;structurally_curated
fr,v1,1,933,954,joueurs,joueurs,joueurs,unknown,joueurs,wordfreq:fr,wordfreq_seeded;deterministically_filtered;structurally_curated
fr,v1,1,934,955,maître,maître,maître,unknown,maître,wordfreq:fr,wordfreq_seeded;deterministically_filtered;structurally_curated
fr,v1,1,935,956,personnel,personnel,personnel,unknown,personnel,wordfreq:fr,wordfreq_seeded;deterministically_filtered;structurally_curated
fr,v1,1,936,957,petites,petites,petites,unknown,petites,wordfreq:fr,wordfreq_seeded;deterministically_filtered;structurally_curated
fr,v1,1,937,958,premières,premières,premières,unknown,premières,wordfreq:fr,wordfreq_seeded;deterministically_filtered;structurally_curated
fr,v1,1,938,959,preuve,preuve,preuve,unknown,preuve,wordfreq:fr,wordfreq_seeded;deterministically_filtered;structurally_curated
fr,v1,1,939,960,prison,prison,prison,unknown,prison,wordfreq:fr,wordfreq_seeded;deterministically_filtered;structurally_curated
fr,v1,1,940,961,propose,propose,propose,unknown,propose,wordfreq:fr,wordfreq_seeded;deterministically_filtered;structurally_curated
fr,v1,1,941,962,vendredi,vendredi,vendredi,unknown,vendredi,wordfreq:fr,wordfreq_seeded;deterministically_filtered;structurally_curated
fr,v1,1,942,963,éducation,éducation,éducation,unknown,éducation,wordfreq:fr,wordfreq_seeded;deterministically_filtered;structurally_curated
fr,v1,1,943,964,adresse,adresse,adresse,unknown,adresse,wordfreq:fr,wordfreq_seeded;deterministically_filtered;structurally_curated
fr,v1,1,944,965,apprendre,apprendre,apprendre,unknown,apprendre,wordfreq:fr,wordfreq_seeded;deterministically_filtered;structurally_curated
fr,v1,1,945,966,attaque,attaque,attaque,unknown,attaque,wordfreq:fr,wordfreq_seeded;deterministically_filtered;structurally_curated
fr,v1,1,946,967,avance,avance,avance,unknown,avance,wordfreq:fr,wordfreq_seeded;deterministically_filtered;structurally_curated
fr,v1,1,947,968,ceci,ceci,ceci,unknown,ceci,wordfreq:fr,wordfreq_seeded;deterministically_filtered;structurally_curated
fr,v1,1,948,969,court,court,court,unknown,court,wordfreq:fr,wordfreq_seeded;deterministically_filtered;structurally_curated
fr,v1,1,949,970,dos,dos,dos,unknown,dos,wordfreq:fr,wordfreq_seeded;deterministically_filtered;structurally_curated
fr,v1,1,950,971,endroit,endroit,endroit,unknown,endroit,wordfreq:fr,wordfreq_seeded;deterministically_filtered;structurally_curated
fr,v1,1,951,972,essayer,essayer,essayer,unknown,essayer,wordfreq:fr,wordfreq_seeded;deterministically_filtered;structurally_curated
fr,v1,1,952,973,exactement,exactement,exactement,unknown,exactement,wordfreq:fr,wordfreq_seeded;deterministically_filtered;structurally_curated
fr,v1,1,953,974,grave,grave,grave,unknown,grave,wordfreq:fr,wordfreq_seeded;deterministically_filtered;structurally_curated
fr,v1,1,954,975,huit,huit,huit,unknown,huit,wordfreq:fr,wordfreq_seeded;deterministically_filtered;structurally_curated
fr,v1,1,955,976,lumière,lumière,lumière,unknown,lumière,wordfreq:fr,wordfreq_seeded;deterministically_filtered;structurally_curated
fr,v1,1,956,977,meilleurs,meilleurs,meilleurs,unknown,meilleurs,wordfreq:fr,wordfreq_seeded;deterministically_filtered;structurally_curated
fr,v1,1,957,978,médias,médias,médias,unknown,médias,wordfreq:fr,wordfreq_seeded;deterministically_filtered;structurally_curated
fr,v1,1,958,979,retrouve,retrouve,retrouve,unknown,retrouve,wordfreq:fr,wordfreq_seeded;deterministically_filtered;structurally_curated
fr,v1,1,959,980,régime,régime,régime,unknown,régime,wordfreq:fr,wordfreq_seeded;deterministically_filtered;structurally_curated
fr,v1,1,960,981,toutefois,toutefois,toutefois,unknown,toutefois,wordfreq:fr,wordfreq_seeded;deterministically_filtered;structurally_curated
fr,v1,1,961,982,activités,activités,activités,unknown,activités,wordfreq:fr,wordfreq_seeded;deterministically_filtered;structurally_curated
fr,v1,1,962,983,arrière,arrière,arrière,unknown,arrière,wordfreq:fr,wordfreq_seeded;deterministically_filtered;structurally_curated
fr,v1,1,963,984,bonnes,bonnes,bonnes,unknown,bonnes,wordfreq:fr,wordfreq_seeded;deterministically_filtered;structurally_curated
fr,v1,1,964,985,commencer,commencer,commencer,unknown,commencer,wordfreq:fr,wordfreq_seeded;deterministically_filtered;structurally_curated
fr,v1,1,965,986,commerce,commerce,commerce,unknown,commerce,wordfreq:fr,wordfreq_seeded;deterministically_filtered;structurally_curated
fr,v1,1,966,987,complètement,complètement,complètement,unknown,complètement,wordfreq:fr,wordfreq_seeded;deterministically_filtered;structurally_curated
fr,v1,1,967,988,faite,faite,faite,unknown,faite,wordfreq:fr,wordfreq_seeded;deterministically_filtered;structurally_curated
fr,v1,1,968,989,films,films,films,unknown,films,wordfreq:fr,wordfreq_seeded;deterministically_filtered;structurally_curated
fr,v1,1,969,990,grosse,grosse,grosse,unknown,grosse,wordfreq:fr,wordfreq_seeded;deterministically_filtered;structurally_curated
fr,v1,1,970,991,habitants,habitants,habitants,unknown,habitants,wordfreq:fr,wordfreq_seeded;deterministically_filtered;structurally_curated
fr,v1,1,971,992,michel,michel,michel,unknown,michel,wordfreq:fr,wordfreq_seeded;deterministically_filtered;structurally_curated
fr,v1,1,972,993,montrer,montrer,montrer,unknown,montrer,wordfreq:fr,wordfreq_seeded;deterministically_filtered;structurally_curated
fr,v1,1,973,994,physique,physique,physique,unknown,physique,wordfreq:fr,wordfreq_seeded;deterministically_filtered;structurally_curated
fr,v1,1,974,995,quartier,quartier,quartier,unknown,quartier,wordfreq:fr,wordfreq_seeded;deterministically_filtered;structurally_curated
fr,v1,1,975,996,rendez,rendez,rendez,unknown,rendez,wordfreq:fr,wordfreq_seeded;deterministically_filtered;structurally_curated
fr,v1,1,976,997,telle,telle,telle,unknown,telle,wordfreq:fr,wordfreq_seeded;deterministically_filtered;structurally_curated
fr,v1,1,977,998,territoire,territoire,territoire,unknown,territoire,wordfreq:fr,wordfreq_seeded;deterministically_filtered;structurally_curated
fr,v1,1,978,999,unique,unique,unique,unknown,unique,wordfreq:fr,wordfreq_seeded;deterministically_filtered;structurally_curated
fr,v1,1,979,1000,vente,vente,vente,unknown,vente,wordfreq:fr,wordfreq_seeded;deterministically_filtered;structurally_curated
fr,v1,1,980,1001,via,via,via,unknown,via,wordfreq:fr,wordfreq_seeded;deterministically_filtered;structurally_curated
fr,v1,1,981,1002,vis,vis,vis,unknown,vis,wordfreq:fr,wordfreq_seeded;deterministically_filtered;structurally_curated
fr,v1,1,982,1003,appelé,appelé,appelé,unknown,appelé,wordfreq:fr,wordfreq_seeded;deterministically_filtered;structurally_curated
fr,v1,1,983,1004,arrivé,arrivé,arrivé,unknown,arrivé,wordfreq:fr,wordfreq_seeded;deterministically_filtered;structurally_curated
fr,v1,1,984,1005,changement,changement,changement,unknown,changement,wordfreq:fr,wordfreq_seeded;deterministically_filtered;structurally_curated
fr,v1,1,985,1006,concernant,concernant,concernant,unknown,concernant,wordfreq:fr,wordfreq_seeded;deterministically_filtered;structurally_curated
fr,v1,1,986,1007,connaître,connaître,connaître,unknown,connaître,wordfreq:fr,wordfreq_seeded;deterministically_filtered;structurally_curated
fr,v1,1,987,1008,cul,cul,cul,unknown,cul,wordfreq:fr,wordfreq_seeded;deterministically_filtered;structurally_curated
fr,v1,1,988,1009,européenne,européenne,européenne,unknown,européenne,wordfreq:fr,wordfreq_seeded;deterministically_filtered;structurally_curated
fr,v1,1,989,1010,f,f,f,unknown,f,wordfreq:fr,wordfreq_seeded;deterministically_filtered;structurally_curated
fr,v1,1,990,1011,lettre,lettre,lettre,unknown,lettre,wordfreq:fr,wordfreq_seeded;deterministically_filtered;structurally_curated
fr,v1,1,991,1012,lieux,lieux,lieux,unknown,lieux,wordfreq:fr,wordfreq_seeded;deterministically_filtered;structurally_curated
fr,v1,1,992,1013,lyon,lyon,lyon,unknown,lyon,wordfreq:fr,wordfreq_seeded;deterministically_filtered;structurally_curated
fr,v1,1,993,1014,parole,parole,parole,unknown,parole,wordfreq:fr,wordfreq_seeded;deterministically_filtered;structurally_curated
fr,v1,1,994,1015,pieds,pieds,pieds,unknown,pieds,wordfreq:fr,wordfreq_seeded;deterministically_filtered;structurally_curated
fr,v1,1,995,1016,principe,principe,principe,unknown,principe,wordfreq:fr,wordfreq_seeded;deterministically_filtered;structurally_curated
fr,v1,1,996,1017,prochain,prochain,prochain,unknown,prochain,wordfreq:fr,wordfreq_seeded;deterministically_filtered;structurally_curated
fr,v1,1,997,1018,projets,projets,projets,unknown,projets,wordfreq:fr,wordfreq_seeded;deterministically_filtered;structurally_curated
fr,v1,1,998,1019,radio,radio,radio,unknown,radio,wordfreq:fr,wordfreq_seeded;deterministically_filtered;structurally_curated
fr,v1,1,999,1020,relations,relations,relations,unknown,relations,wordfreq:fr,wordfreq_seeded;deterministically_filtered;structurally_curated
fr,v1,1,1000,1021,règles,règles,règles,unknown,règles,wordfreq:fr,wordfreq_seeded;deterministically_filtered;structurally_curated
fr,v1,2,1001,1022,table,table,table,unknown,table,wordfreq:fr,wordfreq_seeded;deterministically_filtered;structurally_curated
fr,v1,2,1002,1023,vaut,vaut,vaut,unknown,vaut,wordfreq:fr,wordfreq_seeded;deterministically_filtered;structurally_curated
fr,v1,2,1003,1024,édition,édition,édition,unknown,édition,wordfreq:fr,wordfreq_seeded;deterministically_filtered;structurally_curated
fr,v1,2,1004,1025,élections,élections,élections,unknown,élections,wordfreq:fr,wordfreq_seeded;deterministically_filtered;structurally_curated
fr,v1,2,1005,1026,analyse,analyse,analyse,unknown,analyse,wordfreq:fr,wordfreq_seeded;deterministically_filtered;structurally_curated
fr,v1,2,1006,1027,arrêté,arrêté,arrêté,unknown,arrêté,wordfreq:fr,wordfreq_seeded;deterministically_filtered;structurally_curated
fr,v1,2,1007,1028,assurer,assurer,assurer,unknown,assurer,wordfreq:fr,wordfreq_seeded;deterministically_filtered;structurally_curated
fr,v1,2,1008,1029,carrière,carrière,carrière,unknown,carrière,wordfreq:fr,wordfreq_seeded;deterministically_filtered;structurally_curated
fr,v1,2,1009,1030,chine,chine,chine,unknown,chine,wordfreq:fr,wordfreq_seeded;deterministically_filtered;structurally_curated
fr,v1,2,1010,1031,commun,commun,commun,unknown,commun,wordfreq:fr,wordfreq_seeded;deterministically_filtered;structurally_curated
fr,v1,2,1011,1032,couleur,couleur,couleur,unknown,couleur,wordfreq:fr,wordfreq_seeded;deterministically_filtered;structurally_curated
fr,v1,2,1012,1033,disent,disent,disent,unknown,disent,wordfreq:fr,wordfreq_seeded;deterministically_filtered;structurally_curated
fr,v1,2,1013,1034,durée,durée,durée,unknown,durée,wordfreq:fr,wordfreq_seeded;deterministically_filtered;structurally_curated
fr,v1,2,1014,1035,erreur,erreur,erreur,unknown,erreur,wordfreq:fr,wordfreq_seeded;deterministically_filtered;structurally_curated
fr,v1,2,1015,1036,espèce,espèce,espèce,unknown,espèce,wordfreq:fr,wordfreq_seeded;deterministically_filtered;structurally_curated
fr,v1,2,1016,1037,faible,faible,faible,unknown,faible,wordfreq:fr,wordfreq_seeded;deterministically_filtered;structurally_curated
fr,v1,2,1017,1038,importante,importante,importante,unknown,importante,wordfreq:fr,wordfreq_seeded;deterministically_filtered;structurally_curated
fr,v1,2,1018,1039,km,km,km,unknown,km,wordfreq:fr,wordfreq_seeded;deterministically_filtered;structurally_curated
fr,v1,2,1019,1040,large,large,large,unknown,large,wordfreq:fr,wordfreq_seeded;deterministically_filtered;structurally_curated
fr,v1,2,1020,1041,lundi,lundi,lundi,unknown,lundi,wordfreq:fr,wordfreq_seeded;deterministically_filtered;structurally_curated
fr,v1,2,1021,1042,mauvaise,mauvaise,mauvaise,unknown,mauvaise,wordfreq:fr,wordfreq_seeded;deterministically_filtered;structurally_curated
fr,v1,2,1022,1043,membre,membre,membre,unknown,membre,wordfreq:fr,wordfreq_seeded;deterministically_filtered;structurally_curated
fr,v1,2,1023,1044,ministère,ministère,ministère,unknown,ministère,wordfreq:fr,wordfreq_seeded;deterministically_filtered;structurally_curated
fr,v1,2,1024,1045,montréal,montréal,montréal,unknown,montréal,wordfreq:fr,wordfreq_seeded;deterministically_filtered;structurally_curated
fr,v1,2,1025,1046,neuf,neuf,neuf,unknown,neuf,wordfreq:fr,wordfreq_seeded;deterministically_filtered;structurally_curated
fr,v1,2,1026,1047,objectif,objectif,objectif,unknown,objectif,wordfreq:fr,wordfreq_seeded;deterministically_filtered;structurally_curated
fr,v1,2,1027,1048,pro,pro,pro,unknown,pro,wordfreq:fr,wordfreq_seeded;deterministically_filtered;structurally_curated
fr,v1,2,1028,1049,probablement,probablement,probablement,unknown,probablement,wordfreq:fr,wordfreq_seeded;deterministically_filtered;structurally_curated
fr,v1,2,1029,1050,relation,relation,relation,unknown,relation,wordfreq:fr,wordfreq_seeded;deterministically_filtered;structurally_curated
fr,v1,2,1030,1051,rendu,rendu,rendu,unknown,rendu,wordfreq:fr,wordfreq_seeded;deterministically_filtered;structurally_curated
fr,v1,2,1031,1052,respect,respect,respect,unknown,respect,wordfreq:fr,wordfreq_seeded;deterministically_filtered;structurally_curated
fr,v1,2,1032,1053,responsable,responsable,responsable,unknown,responsable,wordfreq:fr,wordfreq_seeded;deterministically_filtered;structurally_curated
fr,v1,2,1033,1054,secteur,secteur,secteur,unknown,secteur,wordfreq:fr,wordfreq_seeded;deterministically_filtered;structurally_curated
fr,v1,2,1034,1055,soutien,soutien,soutien,unknown,soutien,wordfreq:fr,wordfreq_seeded;deterministically_filtered;structurally_curated
fr,v1,2,1035,1056,to,to,to,unknown,to,wordfreq:fr,wordfreq_seeded;deterministically_filtered;structurally_curated
fr,v1,2,1036,1057,tomber,tomber,tomber,unknown,tomber,wordfreq:fr,wordfreq_seeded;deterministically_filtered;structurally_curated
fr,v1,2,1037,1058,utilisé,utilisé,utilisé,unknown,utilisé,wordfreq:fr,wordfreq_seeded;deterministically_filtered;structurally_curated
fr,v1,2,1038,1059,vacances,vacances,vacances,unknown,vacances,wordfreq:fr,wordfreq_seeded;deterministically_filtered;structurally_curated
fr,v1,2,1039,1060,actions,actions,actions,unknown,actions,wordfreq:fr,wordfreq_seeded;deterministically_filtered;structurally_curated
fr,v1,2,1040,1061,al,al,al,unknown,al,wordfreq:fr,wordfreq_seeded;deterministically_filtered;structurally_curated
fr,v1,2,1041,1062,allait,allait,allait,unknown,allait,wordfreq:fr,wordfreq_seeded;deterministically_filtered;structurally_curated
fr,v1,2,1042,1063,américaine,américaine,américaine,unknown,américaine,wordfreq:fr,wordfreq_seeded;deterministically_filtered;structurally_curated
fr,v1,2,1043,1064,change,change,change,unknown,change,wordfreq:fr,wordfreq_seeded;deterministically_filtered;structurally_curated
fr,v1,2,1044,1065,con,con,con,unknown,con,wordfreq:fr,wordfreq_seeded;deterministically_filtered;structurally_curated
fr,v1,2,1045,1066,concours,concours,concours,unknown,concours,wordfreq:fr,wordfreq_seeded;deterministically_filtered;structurally_curated
fr,v1,2,1046,1067,couple,couple,couple,unknown,couple,wordfreq:fr,wordfreq_seeded;deterministically_filtered;structurally_curated
fr,v1,2,1047,1068,course,course,course,unknown,course,wordfreq:fr,wordfreq_seeded;deterministically_filtered;structurally_curated
fr,v1,2,1048,1069,différence,différence,différence,unknown,différence,wordfreq:fr,wordfreq_seeded;deterministically_filtered;structurally_curated
fr,v1,2,1049,1070,décidé,décidé,décidé,unknown,décidé,wordfreq:fr,wordfreq_seeded;deterministically_filtered;structurally_curated
fr,v1,2,1050,1071,fonds,fonds,fonds,unknown,fonds,wordfreq:fr,wordfreq_seeded;deterministically_filtered;structurally_curated
fr,v1,2,1051,1072,fou,fou,fou,unknown,fou,wordfreq:fr,wordfreq_seeded;deterministically_filtered;structurally_curated
fr,v1,2,1052,1073,gestion,gestion,gestion,unknown,gestion,wordfreq:fr,wordfreq_seeded;deterministically_filtered;structurally_curated
fr,v1,2,1053,1074,juge,juge,juge,unknown,juge,wordfreq:fr,wordfreq_seeded;deterministically_filtered;structurally_curated
fr,v1,2,1054,1075,mesures,mesures,mesures,unknown,mesures,wordfreq:fr,wordfreq_seeded;deterministically_filtered;structurally_curated
fr,v1,2,1055,1076,mme,mme,mme,unknown,mme,wordfreq:fr,wordfreq_seeded;deterministically_filtered;structurally_curated
fr,v1,2,1056,1077,mètres,mètres,mètres,unknown,mètres,wordfreq:fr,wordfreq_seeded;deterministically_filtered;structurally_curated
fr,v1,2,1057,1078,normal,normal,normal,unknown,normal,wordfreq:fr,wordfreq_seeded;deterministically_filtered;structurally_curated
fr,v1,2,1058,1079,ouverture,ouverture,ouverture,unknown,ouverture,wordfreq:fr,wordfreq_seeded;deterministically_filtered;structurally_curated
fr,v1,2,1059,1080,poids,poids,poids,unknown,poids,wordfreq:fr,wordfreq_seeded;deterministically_filtered;structurally_curated
fr,v1,2,1060,1081,réussi,réussi,réussi,unknown,réussi,wordfreq:fr,wordfreq_seeded;deterministically_filtered;structurally_curated
fr,v1,2,1061,1082,sert,sert,sert,unknown,sert,wordfreq:fr,wordfreq_seeded;deterministically_filtered;structurally_curated
fr,v1,2,1062,1083,sociaux,sociaux,sociaux,unknown,sociaux,wordfreq:fr,wordfreq_seeded;deterministically_filtered;structurally_curated
fr,v1,2,1063,1084,suivant,suivant,suivant,unknown,suivant,wordfreq:fr,wordfreq_seeded;deterministically_filtered;structurally_curated
fr,v1,2,1064,1085,suivi,suivi,suivi,unknown,suivi,wordfreq:fr,wordfreq_seeded;deterministically_filtered;structurally_curated
fr,v1,2,1065,1086,taille,taille,taille,unknown,taille,wordfreq:fr,wordfreq_seeded;deterministically_filtered;structurally_curated
fr,v1,2,1066,1087,viennent,viennent,viennent,unknown,viennent,wordfreq:fr,wordfreq_seeded;deterministically_filtered;structurally_curated
fr,v1,2,1067,1088,village,village,village,unknown,village,wordfreq:fr,wordfreq_seeded;deterministically_filtered;structurally_curated
fr,v1,2,1068,1089,visite,visite,visite,unknown,visite,wordfreq:fr,wordfreq_seeded;deterministically_filtered;structurally_curated
fr,v1,2,1069,1090,voulait,voulait,voulait,unknown,voulait,wordfreq:fr,wordfreq_seeded;deterministically_filtered;structurally_curated
fr,v1,2,1070,1091,voulez,voulez,voulez,unknown,voulez,wordfreq:fr,wordfreq_seeded;deterministically_filtered;structurally_curated
fr,v1,2,1071,1092,absolument,absolument,absolument,unknown,absolument,wordfreq:fr,wordfreq_seeded;deterministically_filtered;structurally_curated
fr,v1,2,1072,1093,bref,bref,bref,unknown,bref,wordfreq:fr,wordfreq_seeded;deterministically_filtered;structurally_curated
fr,v1,2,1073,1094,ciel,ciel,ciel,unknown,ciel,wordfreq:fr,wordfreq_seeded;deterministically_filtered;structurally_curated
fr,v1,2,1074,1095,clair,clair,clair,unknown,clair,wordfreq:fr,wordfreq_seeded;deterministically_filtered;structurally_curated
fr,v1,2,1075,1096,combat,combat,combat,unknown,combat,wordfreq:fr,wordfreq_seeded;deterministically_filtered;structurally_curated
fr,v1,2,1076,1097,comité,comité,comité,unknown,comité,wordfreq:fr,wordfreq_seeded;deterministically_filtered;structurally_curated
fr,v1,2,1077,1098,continuer,continuer,continuer,unknown,continuer,wordfreq:fr,wordfreq_seeded;deterministically_filtered;structurally_curated
fr,v1,2,1078,1099,dirait,dirait,dirait,unknown,dirait,wordfreq:fr,wordfreq_seeded;deterministically_filtered;structurally_curated
fr,v1,2,1079,1100,fallait,fallait,fallait,unknown,fallait,wordfreq:fr,wordfreq_seeded;deterministically_filtered;structurally_curated
fr,v1,2,1080,1101,mm,mm,mm,unknown,mm,wordfreq:fr,wordfreq_seeded;deterministically_filtered;structurally_curated
fr,v1,2,1081,1102,mémoire,mémoire,mémoire,unknown,mémoire,wordfreq:fr,wordfreq_seeded;deterministically_filtered;structurally_curated
fr,v1,2,1082,1103,ouvert,ouvert,ouvert,unknown,ouvert,wordfreq:fr,wordfreq_seeded;deterministically_filtered;structurally_curated
fr,v1,2,1083,1104,protection,protection,protection,unknown,protection,wordfreq:fr,wordfreq_seeded;deterministically_filtered;structurally_curated
fr,v1,2,1084,1105,revenir,revenir,revenir,unknown,revenir,wordfreq:fr,wordfreq_seeded;deterministically_filtered;structurally_curated
fr,v1,2,1085,1106,signe,signe,signe,unknown,signe,wordfreq:fr,wordfreq_seeded;deterministically_filtered;structurally_curated
fr,v1,2,1086,1107,suisse,suisse,suisse,unknown,suisse,wordfreq:fr,wordfreq_seeded;deterministically_filtered;structurally_curated
fr,v1,2,1087,1108,tenir,tenir,tenir,unknown,tenir,wordfreq:fr,wordfreq_seeded;deterministically_filtered;structurally_curated
fr,v1,2,1088,1109,tient,tient,tient,unknown,tient,wordfreq:fr,wordfreq_seeded;deterministically_filtered;structurally_curated
fr,v1,2,1089,1110,trucs,trucs,trucs,unknown,trucs,wordfreq:fr,wordfreq_seeded;deterministically_filtered;structurally_curated
fr,v1,2,1090,1111,york,york,york,unknown,york,wordfreq:fr,wordfreq_seeded;deterministically_filtered;structurally_curated
fr,v1,2,1091,1112,album,album,album,unknown,album,wordfreq:fr,wordfreq_seeded;deterministically_filtered;structurally_curated
fr,v1,2,1092,1113,ancienne,ancienne,ancienne,unknown,ancienne,wordfreq:fr,wordfreq_seeded;deterministically_filtered;structurally_curated
fr,v1,2,1093,1114,anti,anti,anti,unknown,anti,wordfreq:fr,wordfreq_seeded;deterministically_filtered;structurally_curated
fr,v1,2,1094,1115,attend,attend,attend,unknown,attend,wordfreq:fr,wordfreq_seeded;deterministically_filtered;structurally_curated
fr,v1,2,1095,1116,bah,bah,bah,unknown,bah,wordfreq:fr,wordfreq_seeded;deterministically_filtered;structurally_curated
fr,v1,2,1096,1117,cinéma,cinéma,cinéma,unknown,cinéma,wordfreq:fr,wordfreq_seeded;deterministically_filtered;structurally_curated
fr,v1,2,1097,1118,crise,crise,crise,unknown,crise,wordfreq:fr,wordfreq_seeded;deterministically_filtered;structurally_curated
fr,v1,2,1098,1119,david,david,david,unknown,david,wordfreq:fr,wordfreq_seeded;deterministically_filtered;structurally_curated
fr,v1,2,1099,1120,espagne,espagne,espagne,unknown,espagne,wordfreq:fr,wordfreq_seeded;deterministically_filtered;structurally_curated
fr,v1,2,1100,1121,expliquer,expliquer,expliquer,unknown,expliquer,wordfreq:fr,wordfreq_seeded;deterministically_filtered;structurally_curated
fr,v1,2,1101,1122,garder,garder,garder,unknown,garder,wordfreq:fr,wordfreq_seeded;deterministically_filtered;structurally_curated
fr,v1,2,1102,1123,généralement,généralement,généralement,unknown,généralement,wordfreq:fr,wordfreq_seeded;deterministically_filtered;structurally_curated
fr,v1,2,1103,1124,historique,historique,historique,unknown,historique,wordfreq:fr,wordfreq_seeded;deterministically_filtered;structurally_curated
fr,v1,2,1104,1125,industrie,industrie,industrie,unknown,industrie,wordfreq:fr,wordfreq_seeded;deterministically_filtered;structurally_curated
fr,v1,2,1105,1126,maladie,maladie,maladie,unknown,maladie,wordfreq:fr,wordfreq_seeded;deterministically_filtered;structurally_curated
fr,v1,2,1106,1127,militaire,militaire,militaire,unknown,militaire,wordfreq:fr,wordfreq_seeded;deterministically_filtered;structurally_curated
fr,v1,2,1107,1128,mondiale,mondiale,mondiale,unknown,mondiale,wordfreq:fr,wordfreq_seeded;deterministically_filtered;structurally_curated
fr,v1,2,1108,1129,médecin,médecin,médecin,unknown,médecin,wordfreq:fr,wordfreq_seeded;deterministically_filtered;structurally_curated
fr,v1,2,1109,1130,permettre,permettre,permettre,unknown,permettre,wordfreq:fr,wordfreq_seeded;deterministically_filtered;structurally_curated
fr,v1,2,1110,1131,philippe,philippe,philippe,unknown,philippe,wordfreq:fr,wordfreq_seeded;deterministically_filtered;structurally_curated
fr,v1,2,1111,1132,prends,prends,prends,unknown,prends,wordfreq:fr,wordfreq_seeded;deterministically_filtered;structurally_curated
fr,v1,2,1112,1133,russie,russie,russie,unknown,russie,wordfreq:fr,wordfreq_seeded;deterministically_filtered;structurally_curated
fr,v1,2,1113,1134,soi,soi,soi,unknown,soi,wordfreq:fr,wordfreq_seeded;deterministically_filtered;structurally_curated
fr,v1,2,1114,1135,tiens,tiens,tiens,unknown,tiens,wordfreq:fr,wordfreq_seeded;deterministically_filtered;structurally_curated
fr,v1,2,1115,1136,valeurs,valeurs,valeurs,unknown,valeurs,wordfreq:fr,wordfreq_seeded;deterministically_filtered;structurally_curated
fr,v1,2,1116,1137,vote,vote,vote,unknown,vote,wordfreq:fr,wordfreq_seeded;deterministically_filtered;structurally_curated
fr,v1,2,1117,1138,vouloir,vouloir,vouloir,unknown,vouloir,wordfreq:fr,wordfreq_seeded;deterministically_filtered;structurally_curated
fr,v1,2,1118,1139,écoute,écoute,écoute,unknown,écoute,wordfreq:fr,wordfreq_seeded;deterministically_filtered;structurally_curated
fr,v1,2,1119,1140,île,île,île,unknown,île,wordfreq:fr,wordfreq_seeded;deterministically_filtered;structurally_curated
fr,v1,2,1120,1141,animaux,animaux,animaux,unknown,animaux,wordfreq:fr,wordfreq_seeded;deterministically_filtered;structurally_curated
fr,v1,2,1121,1142,application,application,application,unknown,application,wordfreq:fr,wordfreq_seeded;deterministically_filtered;structurally_curated
fr,v1,2,1122,1143,banque,banque,banque,unknown,banque,wordfreq:fr,wordfreq_seeded;deterministically_filtered;structurally_curated
fr,v1,2,1123,1144,chanson,chanson,chanson,unknown,chanson,wordfreq:fr,wordfreq_seeded;deterministically_filtered;structurally_curated
fr,v1,2,1124,1145,département,département,département,unknown,département,wordfreq:fr,wordfreq_seeded;deterministically_filtered;structurally_curated
fr,v1,2,1125,1146,environnement,environnement,environnement,unknown,environnement,wordfreq:fr,wordfreq_seeded;deterministically_filtered;structurally_curated
fr,v1,2,1126,1147,ferme,ferme,ferme,unknown,ferme,wordfreq:fr,wordfreq_seeded;deterministically_filtered;structurally_curated
fr,v1,2,1127,1148,final,final,final,unknown,final,wordfreq:fr,wordfreq_seeded;deterministically_filtered;structurally_curated
fr,v1,2,1128,1149,internationale,internationale,internationale,unknown,internationale,wordfreq:fr,wordfreq_seeded;deterministically_filtered;structurally_curated
fr,v1,2,1129,1150,macron,macron,macron,unknown,macron,wordfreq:fr,wordfreq_seeded;deterministically_filtered;structurally_curated
fr,v1,2,1130,1151,maire,maire,maire,unknown,maire,wordfreq:fr,wordfreq_seeded;deterministically_filtered;structurally_curated
fr,v1,2,1131,1152,opération,opération,opération,unknown,opération,wordfreq:fr,wordfreq_seeded;deterministically_filtered;structurally_curated
fr,v1,2,1132,1153,parc,parc,parc,unknown,parc,wordfreq:fr,wordfreq_seeded;deterministically_filtered;structurally_curated
fr,v1,2,1133,1154,parties,parties,parties,unknown,parties,wordfreq:fr,wordfreq_seeded;deterministically_filtered;structurally_curated
fr,v1,2,1134,1155,pleine,pleine,pleine,unknown,pleine,wordfreq:fr,wordfreq_seeded;deterministically_filtered;structurally_curated
fr,v1,2,1135,1156,pose,pose,pose,unknown,pose,wordfreq:fr,wordfreq_seeded;deterministically_filtered;structurally_curated
fr,v1,2,1136,1157,raisons,raisons,raisons,unknown,raisons,wordfreq:fr,wordfreq_seeded;deterministically_filtered;structurally_curated
fr,v1,2,1137,1158,seigneur,seigneur,seigneur,unknown,seigneur,wordfreq:fr,wordfreq_seeded;deterministically_filtered;structurally_curated
fr,v1,2,1138,1159,sorti,sorti,sorti,unknown,sorti,wordfreq:fr,wordfreq_seeded;deterministically_filtered;structurally_curated
fr,v1,2,1139,1160,traitement,traitement,traitement,unknown,traitement,wordfreq:fr,wordfreq_seeded;deterministically_filtered;structurally_curated
fr,v1,2,1140,1161,visage,visage,visage,unknown,visage,wordfreq:fr,wordfreq_seeded;deterministically_filtered;structurally_curated
fr,v1,2,1141,1162,véritable,véritable,véritable,unknown,véritable,wordfreq:fr,wordfreq_seeded;deterministically_filtered;structurally_curated
fr,v1,2,1142,1163,écrire,écrire,écrire,unknown,écrire,wordfreq:fr,wordfreq_seeded;deterministically_filtered;structurally_curated
fr,v1,2,1143,1164,anciens,anciens,anciens,unknown,anciens,wordfreq:fr,wordfreq_seeded;deterministically_filtered;structurally_curated
fr,v1,2,1144,1165,avion,avion,avion,unknown,avion,wordfreq:fr,wordfreq_seeded;deterministically_filtered;structurally_curated
fr,v1,2,1145,1166,calme,calme,calme,unknown,calme,wordfreq:fr,wordfreq_seeded;deterministically_filtered;structurally_curated
fr,v1,2,1146,1167,chien,chien,chien,unknown,chien,wordfreq:fr,wordfreq_seeded;deterministically_filtered;structurally_curated
fr,v1,2,1147,1168,cool,cool,cool,unknown,cool,wordfreq:fr,wordfreq_seeded;deterministically_filtered;structurally_curated
fr,v1,2,1148,1169,eh,eh,eh,unknown,eh,wordfreq:fr,wordfreq_seeded;deterministically_filtered;structurally_curated
fr,v1,2,1149,1170,enquête,enquête,enquête,unknown,enquête,wordfreq:fr,wordfreq_seeded;deterministically_filtered;structurally_curated
fr,v1,2,1150,1171,envoyer,envoyer,envoyer,unknown,envoyer,wordfreq:fr,wordfreq_seeded;deterministically_filtered;structurally_curated
fr,v1,2,1151,1173,images,images,images,unknown,images,wordfreq:fr,wordfreq_seeded;deterministically_filtered;structurally_curated
fr,v1,2,1152,1174,italie,italie,italie,unknown,italie,wordfreq:fr,wordfreq_seeded;deterministically_filtered;structurally_curated
fr,v1,2,1153,1175,ligue,ligue,ligue,unknown,ligue,wordfreq:fr,wordfreq_seeded;deterministically_filtered;structurally_curated
fr,v1,2,1154,1176,limite,limite,limite,unknown,limite,wordfreq:fr,wordfreq_seeded;deterministically_filtered;structurally_curated
fr,v1,2,1155,1177,parfait,parfait,parfait,unknown,parfait,wordfreq:fr,wordfreq_seeded;deterministically_filtered;structurally_curated
fr,v1,2,1156,1178,port,port,port,unknown,port,wordfreq:fr,wordfreq_seeded;deterministically_filtered;structurally_curated
fr,v1,2,1157,1179,professeur,professeur,professeur,unknown,professeur,wordfreq:fr,wordfreq_seeded;deterministically_filtered;structurally_curated
fr,v1,2,1158,1180,seuls,seuls,seuls,unknown,seuls,wordfreq:fr,wordfreq_seeded;deterministically_filtered;structurally_curated
fr,v1,2,1159,1181,transport,transport,transport,unknown,transport,wordfreq:fr,wordfreq_seeded;deterministically_filtered;structurally_curated
fr,v1,2,1160,1182,vitesse,vitesse,vitesse,unknown,vitesse,wordfreq:fr,wordfreq_seeded;deterministically_filtered;structurally_curated
fr,v1,2,1161,1183,étranger,étranger,étranger,unknown,étranger,wordfreq:fr,wordfreq_seeded;deterministically_filtered;structurally_curated
fr,v1,2,1162,1185,américains,américains,américains,unknown,américains,wordfreq:fr,wordfreq_seeded;deterministically_filtered;structurally_curated
fr,v1,2,1163,1186,charles,charles,charles,unknown,charles,wordfreq:fr,wordfreq_seeded;deterministically_filtered;structurally_curated
fr,v1,2,1164,1187,cheveux,cheveux,cheveux,unknown,cheveux,wordfreq:fr,wordfreq_seeded;deterministically_filtered;structurally_curated
fr,v1,2,1165,1188,dollars,dollars,dollars,unknown,dollars,wordfreq:fr,wordfreq_seeded;deterministically_filtered;structurally_curated
fr,v1,2,1166,1189,dossier,dossier,dossier,unknown,dossier,wordfreq:fr,wordfreq_seeded;deterministically_filtered;structurally_curated
fr,v1,2,1167,1190,hiver,hiver,hiver,unknown,hiver,wordfreq:fr,wordfreq_seeded;deterministically_filtered;structurally_curated
fr,v1,2,1168,1191,hôpital,hôpital,hôpital,unknown,hôpital,wordfreq:fr,wordfreq_seeded;deterministically_filtered;structurally_curated
fr,v1,2,1169,1192,importance,importance,importance,unknown,importance,wordfreq:fr,wordfreq_seeded;deterministically_filtered;structurally_curated
fr,v1,2,1170,1193,joué,joué,joué,unknown,joué,wordfreq:fr,wordfreq_seeded;deterministically_filtered;structurally_curated
fr,v1,2,1171,1194,lutte,lutte,lutte,unknown,lutte,wordfreq:fr,wordfreq_seeded;deterministically_filtered;structurally_curated
fr,v1,2,1172,1195,marine,marine,marine,unknown,marine,wordfreq:fr,wordfreq_seeded;deterministically_filtered;structurally_curated
fr,v1,2,1173,1196,ouvrir,ouvrir,ouvrir,unknown,ouvrir,wordfreq:fr,wordfreq_seeded;deterministically_filtered;structurally_curated
fr,v1,2,1174,1197,pression,pression,pression,unknown,pression,wordfreq:fr,wordfreq_seeded;deterministically_filtered;structurally_curated
fr,v1,2,1175,1198,puissance,puissance,puissance,unknown,puissance,wordfreq:fr,wordfreq_seeded;deterministically_filtered;structurally_curated
fr,v1,2,1176,1199,religion,religion,religion,unknown,religion,wordfreq:fr,wordfreq_seeded;deterministically_filtered;structurally_curated
fr,v1,2,1177,1200,st,st,st,unknown,st,wordfreq:fr,wordfreq_seeded;deterministically_filtered;structurally_curated
fr,v1,2,1178,1201,stade,stade,stade,unknown,stade,wordfreq:fr,wordfreq_seeded;deterministically_filtered;structurally_curated
fr,v1,2,1179,1202,théâtre,théâtre,théâtre,unknown,théâtre,wordfreq:fr,wordfreq_seeded;deterministically_filtered;structurally_curated
fr,v1,2,1180,1203,volonté,volonté,volonté,unknown,volonté,wordfreq:fr,wordfreq_seeded;deterministically_filtered;structurally_curated
fr,v1,2,1181,1204,vraie,vraie,vraie,unknown,vraie,wordfreq:fr,wordfreq_seeded;deterministically_filtered;structurally_curated
fr,v1,2,1182,1205,élèves,élèves,élèves,unknown,élèves,wordfreq:fr,wordfreq_seeded;deterministically_filtered;structurally_curated
fr,v1,2,1183,1206,évolution,évolution,évolution,unknown,évolution,wordfreq:fr,wordfreq_seeded;deterministically_filtered;structurally_curated
fr,v1,2,1184,1207,adore,adore,adore,unknown,adore,wordfreq:fr,wordfreq_seeded;deterministically_filtered;structurally_curated
fr,v1,2,1185,1208,belgique,belgique,belgique,unknown,belgique,wordfreq:fr,wordfreq_seeded;deterministically_filtered;structurally_curated
fr,v1,2,1186,1209,camp,camp,camp,unknown,camp,wordfreq:fr,wordfreq_seeded;deterministically_filtered;structurally_curated
fr,v1,2,1187,1210,drôle,drôle,drôle,unknown,drôle,wordfreq:fr,wordfreq_seeded;deterministically_filtered;structurally_curated
fr,v1,2,1188,1211,débat,débat,débat,unknown,débat,wordfreq:fr,wordfreq_seeded;deterministically_filtered;structurally_curated
fr,v1,2,1189,1212,etats,etats,etats,unknown,etats,wordfreq:fr,wordfreq_seeded;deterministically_filtered;structurally_curated
fr,v1,2,1190,1213,john,john,john,unknown,john,wordfreq:fr,wordfreq_seeded;deterministically_filtered;structurally_curated
fr,v1,2,1191,1214,oublier,oublier,oublier,unknown,oublier,wordfreq:fr,wordfreq_seeded;deterministically_filtered;structurally_curated
fr,v1,2,1192,1215,pauvre,pauvre,pauvre,unknown,pauvre,wordfreq:fr,wordfreq_seeded;deterministically_filtered;structurally_curated
fr,v1,2,1193,1216,propres,propres,propres,unknown,propres,wordfreq:fr,wordfreq_seeded;deterministically_filtered;structurally_curated
fr,v1,2,1194,1217,regard,regard,regard,unknown,regard,wordfreq:fr,wordfreq_seeded;deterministically_filtered;structurally_curated
fr,v1,2,1195,1218,représente,représente,représente,unknown,représente,wordfreq:fr,wordfreq_seeded;deterministically_filtered;structurally_curated
fr,v1,2,1196,1219,revient,revient,revient,unknown,revient,wordfreq:fr,wordfreq_seeded;deterministically_filtered;structurally_curated
fr,v1,2,1197,1220,rêve,rêve,rêve,unknown,rêve,wordfreq:fr,wordfreq_seeded;deterministically_filtered;structurally_curated
fr,v1,2,1198,1221,science,science,science,unknown,science,wordfreq:fr,wordfreq_seeded;deterministically_filtered;structurally_curated
fr,v1,2,1199,1222,souhaite,souhaite,souhaite,unknown,souhaite,wordfreq:fr,wordfreq_seeded;deterministically_filtered;structurally_curated
fr,v1,2,1200,1223,touche,touche,touche,unknown,touche,wordfreq:fr,wordfreq_seeded;deterministically_filtered;structurally_curated
fr,v1,2,1201,1224,travaille,travaille,travaille,unknown,travaille,wordfreq:fr,wordfreq_seeded;deterministically_filtered;structurally_curated
fr,v1,2,1202,1225,utilisation,utilisation,utilisation,unknown,utilisation,wordfreq:fr,wordfreq_seeded;deterministically_filtered;structurally_curated
fr,v1,2,1203,1226,voulais,voulais,voulais,unknown,voulais,wordfreq:fr,wordfreq_seeded;deterministically_filtered;structurally_curated
fr,v1,2,1204,1227,étudiants,étudiants,étudiants,unknown,étudiants,wordfreq:fr,wordfreq_seeded;deterministically_filtered;structurally_curated
fr,v1,2,1205,1228,absence,absence,absence,unknown,absence,wordfreq:fr,wordfreq_seeded;deterministically_filtered;structurally_curated
fr,v1,2,1206,1229,amérique,amérique,amérique,unknown,amérique,wordfreq:fr,wordfreq_seeded;deterministically_filtered;structurally_curated
fr,v1,2,1207,1230,angleterre,angleterre,angleterre,unknown,angleterre,wordfreq:fr,wordfreq_seeded;deterministically_filtered;structurally_curated
fr,v1,2,1208,1231,blanche,blanche,blanche,unknown,blanche,wordfreq:fr,wordfreq_seeded;deterministically_filtered;structurally_curated
fr,v1,2,1209,1232,capable,capable,capable,unknown,capable,wordfreq:fr,wordfreq_seeded;deterministically_filtered;structurally_curated
fr,v1,2,1210,1233,changé,changé,changé,unknown,changé,wordfreq:fr,wordfreq_seeded;deterministically_filtered;structurally_curated
fr,v1,2,1211,1234,cité,cité,cité,unknown,cité,wordfreq:fr,wordfreq_seeded;deterministically_filtered;structurally_curated
fr,v1,2,1212,1235,clients,clients,clients,unknown,clients,wordfreq:fr,wordfreq_seeded;deterministically_filtered;structurally_curated
fr,v1,2,1213,1236,connaissance,connaissance,connaissance,unknown,connaissance,wordfreq:fr,wordfreq_seeded;deterministically_filtered;structurally_curated
fr,v1,2,1214,1237,coups,coups,coups,unknown,coups,wordfreq:fr,wordfreq_seeded;deterministically_filtered;structurally_curated
fr,v1,2,1215,1238,delà,delà,delà,unknown,delà,wordfreq:fr,wordfreq_seeded;deterministically_filtered;structurally_curated
fr,v1,2,1216,1239,end,end,end,unknown,end,wordfreq:fr,wordfreq_seeded;deterministically_filtered;structurally_curated
fr,v1,2,1217,1240,habitude,habitude,habitude,unknown,habitude,wordfreq:fr,wordfreq_seeded;deterministically_filtered;structurally_curated
fr,v1,2,1218,1241,jacques,jacques,jacques,unknown,jacques,wordfreq:fr,wordfreq_seeded;deterministically_filtered;structurally_curated
fr,v1,2,1219,1242,poser,poser,poser,unknown,poser,wordfreq:fr,wordfreq_seeded;deterministically_filtered;structurally_curated
fr,v1,2,1220,1243,principal,principal,principal,unknown,principal,wordfreq:fr,wordfreq_seeded;deterministically_filtered;structurally_curated
fr,v1,2,1221,1244,publics,publics,publics,unknown,publics,wordfreq:fr,wordfreq_seeded;deterministically_filtered;structurally_curated
fr,v1,2,1222,1245,royaume,royaume,royaume,unknown,royaume,wordfreq:fr,wordfreq_seeded;deterministically_filtered;structurally_curated
fr,v1,2,1223,1246,russe,russe,russe,unknown,russe,wordfreq:fr,wordfreq_seeded;deterministically_filtered;structurally_curated
fr,v1,2,1224,1247,référence,référence,référence,unknown,référence,wordfreq:fr,wordfreq_seeded;deterministically_filtered;structurally_curated
fr,v1,2,1225,1248,sciences,sciences,sciences,unknown,sciences,wordfreq:fr,wordfreq_seeded;deterministically_filtered;structurally_curated
fr,v1,2,1226,1249,secret,secret,secret,unknown,secret,wordfreq:fr,wordfreq_seeded;deterministically_filtered;structurally_curated
fr,v1,2,1227,1250,tombe,tombe,tombe,unknown,tombe,wordfreq:fr,wordfreq_seeded;deterministically_filtered;structurally_curated
fr,v1,2,1228,1251,top,top,top,unknown,top,wordfreq:fr,wordfreq_seeded;deterministically_filtered;structurally_curated
fr,v1,2,1229,1252,totalement,totalement,totalement,unknown,totalement,wordfreq:fr,wordfreq_seeded;deterministically_filtered;structurally_curated
fr,v1,2,1230,1253,usage,usage,usage,unknown,usage,wordfreq:fr,wordfreq_seeded;deterministically_filtered;structurally_curated
fr,v1,2,1231,1254,week,week,week,unknown,week,wordfreq:fr,wordfreq_seeded;deterministically_filtered;structurally_curated
fr,v1,2,1232,1255,émission,émission,émission,unknown,émission,wordfreq:fr,wordfreq_seeded;deterministically_filtered;structurally_curated
fr,v1,2,1233,1256,auraient,auraient,auraient,unknown,auraient,wordfreq:fr,wordfreq_seeded;deterministically_filtered;structurally_curated
fr,v1,2,1234,1257,beaux,beaux,beaux,unknown,beaux,wordfreq:fr,wordfreq_seeded;deterministically_filtered;structurally_curated
fr,v1,2,1235,1258,chaîne,chaîne,chaîne,unknown,chaîne,wordfreq:fr,wordfreq_seeded;deterministically_filtered;structurally_curated
fr,v1,2,1236,1259,chinois,chinois,chinois,unknown,chinois,wordfreq:fr,wordfreq_seeded;deterministically_filtered;structurally_curated
fr,v1,2,1237,1260,classique,classique,classique,unknown,classique,wordfreq:fr,wordfreq_seeded;deterministically_filtered;structurally_curated
fr,v1,2,1238,1261,comptes,comptes,comptes,unknown,comptes,wordfreq:fr,wordfreq_seeded;deterministically_filtered;structurally_curated
fr,v1,2,1239,1262,concerne,concerne,concerne,unknown,concerne,wordfreq:fr,wordfreq_seeded;deterministically_filtered;structurally_curated
fr,v1,2,1240,1263,contact,contact,contact,unknown,contact,wordfreq:fr,wordfreq_seeded;deterministically_filtered;structurally_curated
fr,v1,2,1241,1264,créé,créé,créé,unknown,créé,wordfreq:fr,wordfreq_seeded;deterministically_filtered;structurally_curated
fr,v1,2,1242,1265,dame,dame,dame,unknown,dame,wordfreq:fr,wordfreq_seeded;deterministically_filtered;structurally_curated
fr,v1,2,1243,1266,direct,direct,direct,unknown,direct,wordfreq:fr,wordfreq_seeded;deterministically_filtered;structurally_curated
fr,v1,2,1244,1267,divers,divers,divers,unknown,divers,wordfreq:fr,wordfreq_seeded;deterministically_filtered;structurally_curated
fr,v1,2,1245,1268,effets,effets,effets,unknown,effets,wordfreq:fr,wordfreq_seeded;deterministically_filtered;structurally_curated
fr,v1,2,1246,1269,envers,envers,envers,unknown,envers,wordfreq:fr,wordfreq_seeded;deterministically_filtered;structurally_curated
fr,v1,2,1247,1270,expression,expression,expression,unknown,expression,wordfreq:fr,wordfreq_seeded;deterministically_filtered;structurally_curated
fr,v1,2,1248,1271,facilement,facilement,facilement,unknown,facilement,wordfreq:fr,wordfreq_seeded;deterministically_filtered;structurally_curated
fr,v1,2,1249,1272,fer,fer,fer,unknown,fer,wordfreq:fr,wordfreq_seeded;deterministically_filtered;structurally_curated
fr,v1,2,1250,1273,fil,fil,fil,unknown,fil,wordfreq:fr,wordfreq_seeded;deterministically_filtered;structurally_curated
fr,v1,2,1251,1274,froid,froid,froid,unknown,froid,wordfreq:fr,wordfreq_seeded;deterministically_filtered;structurally_curated
fr,v1,2,1252,1275,frères,frères,frères,unknown,frères,wordfreq:fr,wordfreq_seeded;deterministically_filtered;structurally_curated
fr,v1,2,1253,1276,futur,futur,futur,unknown,futur,wordfreq:fr,wordfreq_seeded;deterministically_filtered;structurally_curated
fr,v1,2,1254,1277,gaz,gaz,gaz,unknown,gaz,wordfreq:fr,wordfreq_seeded;deterministically_filtered;structurally_curated
fr,v1,2,1255,1278,lignes,lignes,lignes,unknown,lignes,wordfreq:fr,wordfreq_seeded;deterministically_filtered;structurally_curated
fr,v1,2,1256,1279,malade,malade,malade,unknown,malade,wordfreq:fr,wordfreq_seeded;deterministically_filtered;structurally_curated
fr,v1,2,1257,1280,nouvel,nouvel,nouvel,unknown,nouvel,wordfreq:fr,wordfreq_seeded;deterministically_filtered;structurally_curated
fr,v1,2,1258,1281,pareil,pareil,pareil,unknown,pareil,wordfreq:fr,wordfreq_seeded;deterministically_filtered;structurally_curated
fr,v1,2,1259,1282,parlé,parlé,parlé,unknown,parlé,wordfreq:fr,wordfreq_seeded;deterministically_filtered;structurally_curated
fr,v1,2,1260,1283,privé,privé,privé,unknown,privé,wordfreq:fr,wordfreq_seeded;deterministically_filtered;structurally_curated
fr,v1,2,1261,1284,procès,procès,procès,unknown,procès,wordfreq:fr,wordfreq_seeded;deterministically_filtered;structurally_curated
fr,v1,2,1262,1285,rapide,rapide,rapide,unknown,rapide,wordfreq:fr,wordfreq_seeded;deterministically_filtered;structurally_curated
fr,v1,2,1263,1286,réseaux,réseaux,réseaux,unknown,réseaux,wordfreq:fr,wordfreq_seeded;deterministically_filtered;structurally_curated
fr,v1,2,1264,1287,réunion,réunion,réunion,unknown,réunion,wordfreq:fr,wordfreq_seeded;deterministically_filtered;structurally_curated
fr,v1,2,1265,1288,révolution,révolution,révolution,unknown,révolution,wordfreq:fr,wordfreq_seeded;deterministically_filtered;structurally_curated
fr,v1,2,1266,1289,tableau,tableau,tableau,unknown,tableau,wordfreq:fr,wordfreq_seeded;deterministically_filtered;structurally_curated
fr,v1,2,1267,1290,tendance,tendance,tendance,unknown,tendance,wordfreq:fr,wordfreq_seeded;deterministically_filtered;structurally_curated
fr,v1,2,1268,1291,vingt,vingt,vingt,unknown,vingt,wordfreq:fr,wordfreq_seeded;deterministically_filtered;structurally_curated
fr,v1,2,1269,1292,vit,vit,vit,unknown,vit,wordfreq:fr,wordfreq_seeded;deterministically_filtered;structurally_curated
fr,v1,2,1270,1293,atteint,atteint,atteint,unknown,atteint,wordfreq:fr,wordfreq_seeded;deterministically_filtered;structurally_curated
fr,v1,2,1271,1294,boulot,boulot,boulot,unknown,boulot,wordfreq:fr,wordfreq_seeded;deterministically_filtered;structurally_curated
fr,v1,2,1272,1295,bébé,bébé,bébé,unknown,bébé,wordfreq:fr,wordfreq_seeded;deterministically_filtered;structurally_curated
fr,v1,2,1273,1296,choisi,choisi,choisi,unknown,choisi,wordfreq:fr,wordfreq_seeded;deterministically_filtered;structurally_curated
fr,v1,2,1274,1297,communication,communication,communication,unknown,communication,wordfreq:fr,wordfreq_seeded;deterministically_filtered;structurally_curated
fr,v1,2,1275,1298,côte,côte,côte,unknown,côte,wordfreq:fr,wordfreq_seeded;deterministically_filtered;structurally_curated
fr,v1,2,1276,1299,familles,familles,familles,unknown,familles,wordfreq:fr,wordfreq_seeded;deterministically_filtered;structurally_curated
fr,v1,2,1277,1300,fasse,fasse,fasse,unknown,fasse,wordfreq:fr,wordfreq_seeded;deterministically_filtered;structurally_curated
fr,v1,2,1278,1301,finir,finir,finir,unknown,finir,wordfreq:fr,wordfreq_seeded;deterministically_filtered;structurally_curated
fr,v1,2,1279,1302,gagné,gagné,gagné,unknown,gagné,wordfreq:fr,wordfreq_seeded;deterministically_filtered;structurally_curated
fr,v1,2,1280,1303,goût,goût,goût,unknown,goût,wordfreq:fr,wordfreq_seeded;deterministically_filtered;structurally_curated
fr,v1,2,1281,1304,humain,humain,humain,unknown,humain,wordfreq:fr,wordfreq_seeded;deterministically_filtered;structurally_curated
fr,v1,2,1282,1305,lettres,lettres,lettres,unknown,lettres,wordfreq:fr,wordfreq_seeded;deterministically_filtered;structurally_curated
fr,v1,2,1283,1306,lois,lois,lois,unknown,lois,wordfreq:fr,wordfreq_seeded;deterministically_filtered;structurally_curated
fr,v1,2,1284,1307,londres,londres,londres,unknown,londres,wordfreq:fr,wordfreq_seeded;deterministically_filtered;structurally_curated
fr,v1,2,1285,1308,madame,madame,madame,unknown,madame,wordfreq:fr,wordfreq_seeded;deterministically_filtered;structurally_curated
fr,v1,2,1286,1309,oublié,oublié,oublié,unknown,oublié,wordfreq:fr,wordfreq_seeded;deterministically_filtered;structurally_curated
fr,v1,2,1287,1310,parlement,parlement,parlement,unknown,parlement,wordfreq:fr,wordfreq_seeded;deterministically_filtered;structurally_curated
fr,v1,2,1288,1311,peau,peau,peau,unknown,peau,wordfreq:fr,wordfreq_seeded;deterministically_filtered;structurally_curated
fr,v1,2,1289,1312,surface,surface,surface,unknown,surface,wordfreq:fr,wordfreq_seeded;deterministically_filtered;structurally_curated
fr,v1,2,1290,1313,tels,tels,tels,unknown,tels,wordfreq:fr,wordfreq_seeded;deterministically_filtered;structurally_curated
fr,v1,2,1291,1314,uniquement,uniquement,uniquement,unknown,uniquement,wordfreq:fr,wordfreq_seeded;deterministically_filtered;structurally_curated
fr,v1,2,1292,1315,vendre,vendre,vendre,unknown,vendre,wordfreq:fr,wordfreq_seeded;deterministically_filtered;structurally_curated
fr,v1,2,1293,1316,venu,venu,venu,unknown,venu,wordfreq:fr,wordfreq_seeded;deterministically_filtered;structurally_curated
fr,v1,2,1294,1317,victime,victime,victime,unknown,victime,wordfreq:fr,wordfreq_seeded;deterministically_filtered;structurally_curated
fr,v1,2,1295,1318,écoles,écoles,écoles,unknown,écoles,wordfreq:fr,wordfreq_seeded;deterministically_filtered;structurally_curated
fr,v1,2,1296,1319,élection,élection,élection,unknown,élection,wordfreq:fr,wordfreq_seeded;deterministically_filtered;structurally_curated
fr,v1,2,1297,1320,épisode,épisode,épisode,unknown,épisode,wordfreq:fr,wordfreq_seeded;deterministically_filtered;structurally_curated
fr,v1,2,1298,1321,équipes,équipes,équipes,unknown,équipes,wordfreq:fr,wordfreq_seeded;deterministically_filtered;structurally_curated
fr,v1,2,1299,1322,évidemment,évidemment,évidemment,unknown,évidemment,wordfreq:fr,wordfreq_seeded;deterministically_filtered;structurally_curated
fr,v1,2,1300,1323,aimerais,aimerais,aimerais,unknown,aimerais,wordfreq:fr,wordfreq_seeded;deterministically_filtered;structurally_curated
fr,v1,2,1301,1324,allemand,allemand,allemand,unknown,allemand,wordfreq:fr,wordfreq_seeded;deterministically_filtered;structurally_curated
fr,v1,2,1302,1325,appris,appris,appris,unknown,appris,wordfreq:fr,wordfreq_seeded;deterministically_filtered;structurally_curated
fr,v1,2,1303,1326,arrêt,arrêt,arrêt,unknown,arrêt,wordfreq:fr,wordfreq_seeded;deterministically_filtered;structurally_curated
fr,v1,2,1304,1327,avocat,avocat,avocat,unknown,avocat,wordfreq:fr,wordfreq_seeded;deterministically_filtered;structurally_curated
fr,v1,2,1305,1328,bonheur,bonheur,bonheur,unknown,bonheur,wordfreq:fr,wordfreq_seeded;deterministically_filtered;structurally_curated
fr,v1,2,1306,1329,budget,budget,budget,unknown,budget,wordfreq:fr,wordfreq_seeded;deterministically_filtered;structurally_curated
fr,v1,2,1307,1330,caractère,caractère,caractère,unknown,caractère,wordfreq:fr,wordfreq_seeded;deterministically_filtered;structurally_curated
fr,v1,2,1308,1331,certaine,certaine,certaine,unknown,certaine,wordfreq:fr,wordfreq_seeded;deterministically_filtered;structurally_curated
fr,v1,2,1309,1332,choisir,choisir,choisir,unknown,choisir,wordfreq:fr,wordfreq_seeded;deterministically_filtered;structurally_curated
fr,v1,2,1310,1333,compter,compter,compter,unknown,compter,wordfreq:fr,wordfreq_seeded;deterministically_filtered;structurally_curated
fr,v1,2,1311,1334,connaît,connaît,connaît,unknown,connaît,wordfreq:fr,wordfreq_seeded;deterministically_filtered;structurally_curated
fr,v1,2,1312,1335,consommation,consommation,consommation,unknown,consommation,wordfreq:fr,wordfreq_seeded;deterministically_filtered;structurally_curated
fr,v1,2,1313,1336,cru,cru,cru,unknown,cru,wordfreq:fr,wordfreq_seeded;deterministically_filtered;structurally_curated
fr,v1,2,1314,1337,dedans,dedans,dedans,unknown,dedans,wordfreq:fr,wordfreq_seeded;deterministically_filtered;structurally_curated
fr,v1,2,1315,1338,découvrir,découvrir,découvrir,unknown,découvrir,wordfreq:fr,wordfreq_seeded;deterministically_filtered;structurally_curated
fr,v1,2,1316,1339,enseignement,enseignement,enseignement,unknown,enseignement,wordfreq:fr,wordfreq_seeded;deterministically_filtered;structurally_curated
fr,v1,2,1317,1340,hollande,hollande,hollande,unknown,hollande,wordfreq:fr,wordfreq_seeded;deterministically_filtered;structurally_curated
fr,v1,2,1318,1341,laissé,laissé,laissé,unknown,laissé,wordfreq:fr,wordfreq_seeded;deterministically_filtered;structurally_curated
fr,v1,2,1319,1342,lendemain,lendemain,lendemain,unknown,lendemain,wordfreq:fr,wordfreq_seeded;deterministically_filtered;structurally_curated
fr,v1,2,1320,1343,lu,lu,lu,unknown,lu,wordfreq:fr,wordfreq_seeded;deterministically_filtered;structurally_curated
fr,v1,2,1321,1344,magnifique,magnifique,magnifique,unknown,magnifique,wordfreq:fr,wordfreq_seeded;deterministically_filtered;structurally_curated
fr,v1,2,1322,1345,mari,mari,mari,unknown,mari,wordfreq:fr,wordfreq_seeded;deterministically_filtered;structurally_curated
fr,v1,2,1323,1346,musée,musée,musée,unknown,musée,wordfreq:fr,wordfreq_seeded;deterministically_filtered;structurally_curated
fr,v1,2,1324,1347,populaire,populaire,populaire,unknown,populaire,wordfreq:fr,wordfreq_seeded;deterministically_filtered;structurally_curated
fr,v1,2,1325,1348,prince,prince,prince,unknown,prince,wordfreq:fr,wordfreq_seeded;deterministically_filtered;structurally_curated
fr,v1,2,1326,1349,province,province,province,unknown,province,wordfreq:fr,wordfreq_seeded;deterministically_filtered;structurally_curated
fr,v1,2,1327,1350,ps,ps,ps,unknown,ps,wordfreq:fr,wordfreq_seeded;deterministically_filtered;structurally_curated
fr,v1,2,1328,1351,rentrer,rentrer,rentrer,unknown,rentrer,wordfreq:fr,wordfreq_seeded;deterministically_filtered;structurally_curated
fr,v1,2,1329,1352,ressources,ressources,ressources,unknown,ressources,wordfreq:fr,wordfreq_seeded;deterministically_filtered;structurally_curated
fr,v1,2,1330,1353,retraite,retraite,retraite,unknown,retraite,wordfreq:fr,wordfreq_seeded;deterministically_filtered;structurally_curated
fr,v1,2,1331,1354,revenu,revenu,revenu,unknown,revenu,wordfreq:fr,wordfreq_seeded;deterministically_filtered;structurally_curated
fr,v1,2,1332,1355,sac,sac,sac,unknown,sac,wordfreq:fr,wordfreq_seeded;deterministically_filtered;structurally_curated
fr,v1,2,1333,1356,secrétaire,secrétaire,secrétaire,unknown,secrétaire,wordfreq:fr,wordfreq_seeded;deterministically_filtered;structurally_curated
fr,v1,2,1334,1357,siège,siège,siège,unknown,siège,wordfreq:fr,wordfreq_seeded;deterministically_filtered;structurally_curated
fr,v1,2,1335,1358,sources,sources,sources,unknown,sources,wordfreq:fr,wordfreq_seeded;deterministically_filtered;structurally_curated
fr,v1,2,1336,1359,supérieur,supérieur,supérieur,unknown,supérieur,wordfreq:fr,wordfreq_seeded;deterministically_filtered;structurally_curated
fr,v1,2,1337,1360,surprise,surprise,surprise,unknown,surprise,wordfreq:fr,wordfreq_seeded;deterministically_filtered;structurally_curated
fr,v1,2,1338,1361,u,u,u,unknown,u,wordfreq:fr,wordfreq_seeded;deterministically_filtered;structurally_curated
fr,v1,2,1339,1362,vent,vent,vent,unknown,vent,wordfreq:fr,wordfreq_seeded;deterministically_filtered;structurally_curated
fr,v1,2,1340,1365,acte,acte,acte,unknown,acte,wordfreq:fr,wordfreq_seeded;deterministically_filtered;structurally_curated
fr,v1,2,1341,1366,bouche,bouche,bouche,unknown,bouche,wordfreq:fr,wordfreq_seeded;deterministically_filtered;structurally_curated
fr,v1,2,1342,1367,capacité,capacité,capacité,unknown,capacité,wordfreq:fr,wordfreq_seeded;deterministically_filtered;structurally_curated
fr,v1,2,1343,1368,centrale,centrale,centrale,unknown,centrale,wordfreq:fr,wordfreq_seeded;deterministically_filtered;structurally_curated
fr,v1,2,1344,1369,chaud,chaud,chaud,unknown,chaud,wordfreq:fr,wordfreq_seeded;deterministically_filtered;structurally_curated
fr,v1,2,1345,1370,contexte,contexte,contexte,unknown,contexte,wordfreq:fr,wordfreq_seeded;deterministically_filtered;structurally_curated
fr,v1,2,1346,1371,dessous,dessous,dessous,unknown,dessous,wordfreq:fr,wordfreq_seeded;deterministically_filtered;structurally_curated
fr,v1,2,1347,1372,disait,disait,disait,unknown,disait,wordfreq:fr,wordfreq_seeded;deterministically_filtered;structurally_curated
fr,v1,2,1348,1373,extérieur,extérieur,extérieur,unknown,extérieur,wordfreq:fr,wordfreq_seeded;deterministically_filtered;structurally_curated
fr,v1,2,1349,1374,faudra,faudra,faudra,unknown,faudra,wordfreq:fr,wordfreq_seeded;deterministically_filtered;structurally_curated
fr,v1,2,1350,1375,gueule,gueule,gueule,unknown,gueule,wordfreq:fr,wordfreq_seeded;deterministically_filtered;structurally_curated
fr,v1,2,1351,1376,hauteur,hauteur,hauteur,unknown,hauteur,wordfreq:fr,wordfreq_seeded;deterministically_filtered;structurally_curated
fr,v1,2,1352,1377,naissance,naissance,naissance,unknown,naissance,wordfreq:fr,wordfreq_seeded;deterministically_filtered;structurally_curated
fr,v1,2,1353,1378,nicolas,nicolas,nicolas,unknown,nicolas,wordfreq:fr,wordfreq_seeded;deterministically_filtered;structurally_curated
fr,v1,2,1354,1379,né,né,né,unknown,né,wordfreq:fr,wordfreq_seeded;deterministically_filtered;structurally_curated
fr,v1,2,1355,1380,opposition,opposition,opposition,unknown,opposition,wordfreq:fr,wordfreq_seeded;deterministically_filtered;structurally_curated
fr,v1,2,1356,1381,ouvre,ouvre,ouvre,unknown,ouvre,wordfreq:fr,wordfreq_seeded;deterministically_filtered;structurally_curated
fr,v1,2,1357,1382,pages,pages,pages,unknown,pages,wordfreq:fr,wordfreq_seeded;deterministically_filtered;structurally_curated
fr,v1,2,1358,1383,processus,processus,processus,unknown,processus,wordfreq:fr,wordfreq_seeded;deterministically_filtered;structurally_curated
fr,v1,2,1359,1384,recevoir,recevoir,recevoir,unknown,recevoir,wordfreq:fr,wordfreq_seeded;deterministically_filtered;structurally_curated
fr,v1,2,1360,1385,recherches,recherches,recherches,unknown,recherches,wordfreq:fr,wordfreq_seeded;deterministically_filtered;structurally_curated
fr,v1,2,1361,1386,rencontrer,rencontrer,rencontrer,unknown,rencontrer,wordfreq:fr,wordfreq_seeded;deterministically_filtered;structurally_curated
fr,v1,2,1362,1387,rire,rire,rire,unknown,rire,wordfreq:fr,wordfreq_seeded;deterministically_filtered;structurally_curated
fr,v1,2,1363,1388,réalisé,réalisé,réalisé,unknown,réalisé,wordfreq:fr,wordfreq_seeded;deterministically_filtered;structurally_curated
fr,v1,2,1364,1389,salut,salut,salut,unknown,salut,wordfreq:fr,wordfreq_seeded;deterministically_filtered;structurally_curated
fr,v1,2,1365,1390,secondes,secondes,secondes,unknown,secondes,wordfreq:fr,wordfreq_seeded;deterministically_filtered;structurally_curated
fr,v1,2,1366,1391,servir,servir,servir,unknown,servir,wordfreq:fr,wordfreq_seeded;deterministically_filtered;structurally_curated
fr,v1,2,1367,1392,sœur,sœur,sœur,unknown,sœur,wordfreq:fr,wordfreq_seeded;deterministically_filtered;structurally_curated
fr,v1,2,1368,1393,utilise,utilise,utilise,unknown,utilise,wordfreq:fr,wordfreq_seeded;deterministically_filtered;structurally_curated
fr,v1,2,1369,1394,victimes,victimes,victimes,unknown,victimes,wordfreq:fr,wordfreq_seeded;deterministically_filtered;structurally_curated
fr,v1,2,1370,1395,vin,vin,vin,unknown,vin,wordfreq:fr,wordfreq_seeded;deterministically_filtered;structurally_curated
fr,v1,2,1371,1396,actuel,actuel,actuel,unknown,actuel,wordfreq:fr,wordfreq_seeded;deterministically_filtered;structurally_curated
fr,v1,2,1372,1397,approche,approche,approche,unknown,approche,wordfreq:fr,wordfreq_seeded;deterministically_filtered;structurally_curated
fr,v1,2,1373,1398,candidat,candidat,candidat,unknown,candidat,wordfreq:fr,wordfreq_seeded;deterministically_filtered;structurally_curated
fr,v1,2,1374,1399,capitaine,capitaine,capitaine,unknown,capitaine,wordfreq:fr,wordfreq_seeded;deterministically_filtered;structurally_curated
fr,v1,2,1375,1400,capitale,capitale,capitale,unknown,capitale,wordfreq:fr,wordfreq_seeded;deterministically_filtered;structurally_curated
fr,v1,2,1376,1401,croit,croit,croit,unknown,croit,wordfreq:fr,wordfreq_seeded;deterministically_filtered;structurally_curated
fr,v1,2,1377,1402,désolé,désolé,désolé,unknown,désolé,wordfreq:fr,wordfreq_seeded;deterministically_filtered;structurally_curated
fr,v1,2,1378,1403,européen,européen,européen,unknown,européen,wordfreq:fr,wordfreq_seeded;deterministically_filtered;structurally_curated
fr,v1,2,1379,1404,faveur,faveur,faveur,unknown,faveur,wordfreq:fr,wordfreq_seeded;deterministically_filtered;structurally_curated
fr,v1,2,1380,1405,front,front,front,unknown,front,wordfreq:fr,wordfreq_seeded;deterministically_filtered;structurally_curated
fr,v1,2,1381,1406,marseille,marseille,marseille,unknown,marseille,wordfreq:fr,wordfreq_seeded;deterministically_filtered;structurally_curated
fr,v1,2,1382,1407,mérite,mérite,mérite,unknown,mérite,wordfreq:fr,wordfreq_seeded;deterministically_filtered;structurally_curated
fr,v1,2,1383,1408,noms,noms,noms,unknown,noms,wordfreq:fr,wordfreq_seeded;deterministically_filtered;structurally_curated
fr,v1,2,1384,1409,noël,noël,noël,unknown,noël,wordfreq:fr,wordfreq_seeded;deterministically_filtered;structurally_curated
fr,v1,2,1385,1410,papier,papier,papier,unknown,papier,wordfreq:fr,wordfreq_seeded;deterministically_filtered;structurally_curated
fr,v1,2,1386,1411,portes,portes,portes,unknown,portes,wordfreq:fr,wordfreq_seeded;deterministically_filtered;structurally_curated
fr,v1,2,1387,1412,présenter,présenter,présenter,unknown,présenter,wordfreq:fr,wordfreq_seeded;deterministically_filtered;structurally_curated
fr,v1,2,1388,1413,prévu,prévu,prévu,unknown,prévu,wordfreq:fr,wordfreq_seeded;deterministically_filtered;structurally_curated
fr,v1,2,1389,1414,regardez,regardez,regardez,unknown,regardez,wordfreq:fr,wordfreq_seeded;deterministically_filtered;structurally_curated
fr,v1,2,1390,1415,sites,sites,sites,unknown,sites,wordfreq:fr,wordfreq_seeded;deterministically_filtered;structurally_curated
fr,v1,2,1391,1416,sociétés,sociétés,sociétés,unknown,sociétés,wordfreq:fr,wordfreq_seeded;deterministically_filtered;structurally_curated
fr,v1,2,1392,1417,tribunal,tribunal,tribunal,unknown,tribunal,wordfreq:fr,wordfreq_seeded;deterministically_filtered;structurally_curated
fr,v1,2,1393,1418,télé,télé,télé,unknown,télé,wordfreq:fr,wordfreq_seeded;deterministically_filtered;structurally_curated
fr,v1,2,1394,1419,accident,accident,accident,unknown,accident,wordfreq:fr,wordfreq_seeded;deterministically_filtered;structurally_curated
fr,v1,2,1395,1420,courage,courage,courage,unknown,courage,wordfreq:fr,wordfreq_seeded;deterministically_filtered;structurally_curated
fr,v1,2,1396,1421,dites,dites,dites,unknown,dites,wordfreq:fr,wordfreq_seeded;deterministically_filtered;structurally_curated
fr,v1,2,1397,1422,entrer,entrer,entrer,unknown,entrer,wordfreq:fr,wordfreq_seeded;deterministically_filtered;structurally_curated
fr,v1,2,1398,1423,envoyé,envoyé,envoyé,unknown,envoyé,wordfreq:fr,wordfreq_seeded;deterministically_filtered;structurally_curated
fr,v1,2,1399,1424,etre,etre,etre,unknown,etre,wordfreq:fr,wordfreq_seeded;deterministically_filtered;structurally_curated
fr,v1,2,1400,1425,festival,festival,festival,unknown,festival,wordfreq:fr,wordfreq_seeded;deterministically_filtered;structurally_curated
fr,v1,2,1401,1426,jeudi,jeudi,jeudi,unknown,jeudi,wordfreq:fr,wordfreq_seeded;deterministically_filtered;structurally_curated
fr,v1,2,1402,1427,journaliste,journaliste,journaliste,unknown,journaliste,wordfreq:fr,wordfreq_seeded;deterministically_filtered;structurally_curated
fr,v1,2,1403,1428,meme,meme,meme,unknown,meme,wordfreq:fr,wordfreq_seeded;deterministically_filtered;structurally_curated
fr,v1,2,1404,1429,nul,nul,nul,unknown,nul,wordfreq:fr,wordfreq_seeded;deterministically_filtered;structurally_curated
fr,v1,2,1405,1430,perte,perte,perte,unknown,perte,wordfreq:fr,wordfreq_seeded;deterministically_filtered;structurally_curated
fr,v1,2,1406,1431,possibilité,possibilité,possibilité,unknown,possibilité,wordfreq:fr,wordfreq_seeded;deterministically_filtered;structurally_curated
fr,v1,2,1407,1432,riche,riche,riche,unknown,riche,wordfreq:fr,wordfreq_seeded;deterministically_filtered;structurally_curated
fr,v1,2,1408,1433,régions,régions,régions,unknown,régions,wordfreq:fr,wordfreq_seeded;deterministically_filtered;structurally_curated
fr,v1,2,1409,1434,sainte,sainte,sainte,unknown,sainte,wordfreq:fr,wordfreq_seeded;deterministically_filtered;structurally_curated
fr,v1,2,1410,1435,seraient,seraient,seraient,unknown,seraient,wordfreq:fr,wordfreq_seeded;deterministically_filtered;structurally_curated
fr,v1,2,1411,1436,serais,serais,serais,unknown,serais,wordfreq:fr,wordfreq_seeded;deterministically_filtered;structurally_curated
fr,v1,2,1412,1437,termes,termes,termes,unknown,termes,wordfreq:fr,wordfreq_seeded;deterministically_filtered;structurally_curated
fr,v1,2,1413,1438,tuer,tuer,tuer,unknown,tuer,wordfreq:fr,wordfreq_seeded;deterministically_filtered;structurally_curated
fr,v1,2,1414,1439,unité,unité,unité,unknown,unité,wordfreq:fr,wordfreq_seeded;deterministically_filtered;structurally_curated
fr,v1,2,1415,1440,établissement,établissement,établissement,unknown,établissement,wordfreq:fr,wordfreq_seeded;deterministically_filtered;structurally_curated
fr,v1,2,1416,1441,anniversaire,anniversaire,anniversaire,unknown,anniversaire,wordfreq:fr,wordfreq_seeded;deterministically_filtered;structurally_curated
fr,v1,2,1417,1442,belles,belles,belles,unknown,belles,wordfreq:fr,wordfreq_seeded;deterministically_filtered;structurally_curated
fr,v1,2,1418,1443,bruxelles,bruxelles,bruxelles,unknown,bruxelles,wordfreq:fr,wordfreq_seeded;deterministically_filtered;structurally_curated
fr,v1,2,1419,1444,café,café,café,unknown,café,wordfreq:fr,wordfreq_seeded;deterministically_filtered;structurally_curated
fr,v1,2,1420,1445,chat,chat,chat,unknown,chat,wordfreq:fr,wordfreq_seeded;deterministically_filtered;structurally_curated
fr,v1,2,1421,1446,chiffres,chiffres,chiffres,unknown,chiffres,wordfreq:fr,wordfreq_seeded;deterministically_filtered;structurally_curated
fr,v1,2,1422,1447,coin,coin,coin,unknown,coin,wordfreq:fr,wordfreq_seeded;deterministically_filtered;structurally_curated
fr,v1,2,1423,1448,couleurs,couleurs,couleurs,unknown,couleurs,wordfreq:fr,wordfreq_seeded;deterministically_filtered;structurally_curated
fr,v1,2,1424,1449,el,el,el,unknown,el,wordfreq:fr,wordfreq_seeded;deterministically_filtered;structurally_curated
fr,v1,2,1425,1450,faudrait,faudrait,faudrait,unknown,faudrait,wordfreq:fr,wordfreq_seeded;deterministically_filtered;structurally_curated
fr,v1,2,1426,1451,identité,identité,identité,unknown,identité,wordfreq:fr,wordfreq_seeded;deterministically_filtered;structurally_curated
fr,v1,2,1427,1452,intéressant,intéressant,intéressant,unknown,intéressant,wordfreq:fr,wordfreq_seeded;deterministically_filtered;structurally_curated
fr,v1,2,1428,1453,lance,lance,lance,unknown,lance,wordfreq:fr,wordfreq_seeded;deterministically_filtered;structurally_curated
fr,v1,2,1429,1454,largement,largement,largement,unknown,largement,wordfreq:fr,wordfreq_seeded;deterministically_filtered;structurally_curated
fr,v1,2,1430,1455,martin,martin,martin,unknown,martin,wordfreq:fr,wordfreq_seeded;deterministically_filtered;structurally_curated
fr,v1,2,1431,1456,mets,mets,mets,unknown,mets,wordfreq:fr,wordfreq_seeded;deterministically_filtered;structurally_curated
fr,v1,2,1432,1457,mi,mi,mi,unknown,mi,wordfreq:fr,wordfreq_seeded;deterministically_filtered;structurally_curated
fr,v1,2,1433,1458,moindre,moindre,moindre,unknown,moindre,wordfreq:fr,wordfreq_seeded;deterministically_filtered;structurally_curated
fr,v1,2,1434,1459,no,no,no,unknown,no,wordfreq:fr,wordfreq_seeded;deterministically_filtered;structurally_curated
fr,v1,2,1435,1460,parcours,parcours,parcours,unknown,parcours,wordfreq:fr,wordfreq_seeded;deterministically_filtered;structurally_curated
fr,v1,2,1436,1461,parfaitement,parfaitement,parfaitement,unknown,parfaitement,wordfreq:fr,wordfreq_seeded;deterministically_filtered;structurally_curated
fr,v1,2,1437,1462,partage,partage,partage,unknown,partage,wordfreq:fr,wordfreq_seeded;deterministically_filtered;structurally_curated
fr,v1,2,1438,1463,partis,partis,partis,unknown,partis,wordfreq:fr,wordfreq_seeded;deterministically_filtered;structurally_curated
fr,v1,2,1439,1464,pont,pont,pont,unknown,pont,wordfreq:fr,wordfreq_seeded;deterministically_filtered;structurally_curated
fr,v1,2,1440,1465,protéger,protéger,protéger,unknown,protéger,wordfreq:fr,wordfreq_seeded;deterministically_filtered;structurally_curated
fr,v1,2,1441,1466,préfère,préfère,préfère,unknown,préfère,wordfreq:fr,wordfreq_seeded;deterministically_filtered;structurally_curated
fr,v1,2,1442,1467,remettre,remettre,remettre,unknown,remettre,wordfreq:fr,wordfreq_seeded;deterministically_filtered;structurally_curated
fr,v1,2,1443,1468,responsabilité,responsabilité,responsabilité,unknown,responsabilité,wordfreq:fr,wordfreq_seeded;deterministically_filtered;structurally_curated
fr,v1,2,1444,1469,scientifique,scientifique,scientifique,unknown,scientifique,wordfreq:fr,wordfreq_seeded;deterministically_filtered;structurally_curated
fr,v1,2,1445,1470,somme,somme,somme,unknown,somme,wordfreq:fr,wordfreq_seeded;deterministically_filtered;structurally_curated
fr,v1,2,1446,1471,sujets,sujets,sujets,unknown,sujets,wordfreq:fr,wordfreq_seeded;deterministically_filtered;structurally_curated
fr,v1,2,1447,1472,tirer,tirer,tirer,unknown,tirer,wordfreq:fr,wordfreq_seeded;deterministically_filtered;structurally_curated
fr,v1,2,1448,1473,titres,titres,titres,unknown,titres,wordfreq:fr,wordfreq_seeded;deterministically_filtered;structurally_curated
fr,v1,2,1449,1474,vidéos,vidéos,vidéos,unknown,vidéos,wordfreq:fr,wordfreq_seeded;deterministically_filtered;structurally_curated
fr,v1,2,1450,1475,violence,violence,violence,unknown,violence,wordfreq:fr,wordfreq_seeded;deterministically_filtered;structurally_curated
fr,v1,2,1451,1476,voire,voire,voire,unknown,voire,wordfreq:fr,wordfreq_seeded;deterministically_filtered;structurally_curated
fr,v1,2,1452,1477,élevé,élevé,élevé,unknown,élevé,wordfreq:fr,wordfreq_seeded;deterministically_filtered;structurally_curated
fr,v1,2,1453,1478,aimé,aimé,aimé,unknown,aimé,wordfreq:fr,wordfreq_seeded;deterministically_filtered;structurally_curated
fr,v1,2,1454,1479,appeler,appeler,appeler,unknown,appeler,wordfreq:fr,wordfreq_seeded;deterministically_filtered;structurally_curated
fr,v1,2,1455,1480,attends,attends,attends,unknown,attends,wordfreq:fr,wordfreq_seeded;deterministically_filtered;structurally_curated
fr,v1,2,1456,1481,beauté,beauté,beauté,unknown,beauté,wordfreq:fr,wordfreq_seeded;deterministically_filtered;structurally_curated
fr,v1,2,1457,1482,bleu,bleu,bleu,unknown,bleu,wordfreq:fr,wordfreq_seeded;deterministically_filtered;structurally_curated
fr,v1,2,1458,1483,buts,buts,buts,unknown,buts,wordfreq:fr,wordfreq_seeded;deterministically_filtered;structurally_curated
fr,v1,2,1459,1484,champ,champ,champ,unknown,champ,wordfreq:fr,wordfreq_seeded;deterministically_filtered;structurally_curated
fr,v1,2,1460,1485,conférence,conférence,conférence,unknown,conférence,wordfreq:fr,wordfreq_seeded;deterministically_filtered;structurally_curated
fr,v1,2,1461,1486,cuisine,cuisine,cuisine,unknown,cuisine,wordfreq:fr,wordfreq_seeded;deterministically_filtered;structurally_curated
fr,v1,2,1462,1487,côtés,côtés,côtés,unknown,côtés,wordfreq:fr,wordfreq_seeded;deterministically_filtered;structurally_curated
fr,v1,2,1463,1488,danger,danger,danger,unknown,danger,wordfreq:fr,wordfreq_seeded;deterministically_filtered;structurally_curated
fr,v1,2,1464,1489,député,député,député,unknown,député,wordfreq:fr,wordfreq_seeded;deterministically_filtered;structurally_curated
fr,v1,2,1465,1490,foi,foi,foi,unknown,foi,wordfreq:fr,wordfreq_seeded;deterministically_filtered;structurally_curated
fr,v1,2,1466,1491,football,football,football,unknown,football,wordfreq:fr,wordfreq_seeded;deterministically_filtered;structurally_curated
fr,v1,2,1467,1493,intérêts,intérêts,intérêts,unknown,intérêts,wordfreq:fr,wordfreq_seeded;deterministically_filtered;structurally_curated
fr,v1,2,1468,1494,lycée,lycée,lycée,unknown,lycée,wordfreq:fr,wordfreq_seeded;deterministically_filtered;structurally_curated
fr,v1,2,1469,1495,maisons,maisons,maisons,unknown,maisons,wordfreq:fr,wordfreq_seeded;deterministically_filtered;structurally_curated
fr,v1,2,1470,1496,mercredi,mercredi,mercredi,unknown,mercredi,wordfreq:fr,wordfreq_seeded;deterministically_filtered;structurally_curated
fr,v1,2,1471,1497,milliards,milliards,milliards,unknown,milliards,wordfreq:fr,wordfreq_seeded;deterministically_filtered;structurally_curated
fr,v1,2,1472,1498,mourir,mourir,mourir,unknown,mourir,wordfreq:fr,wordfreq_seeded;deterministically_filtered;structurally_curated
fr,v1,2,1473,1499,objets,objets,objets,unknown,objets,wordfreq:fr,wordfreq_seeded;deterministically_filtered;structurally_curated
fr,v1,2,1474,1500,opinion,opinion,opinion,unknown,opinion,wordfreq:fr,wordfreq_seeded;deterministically_filtered;structurally_curated
fr,v1,2,1475,1501,participer,participer,participer,unknown,participer,wordfreq:fr,wordfreq_seeded;deterministically_filtered;structurally_curated
fr,v1,2,1476,1502,personnage,personnage,personnage,unknown,personnage,wordfreq:fr,wordfreq_seeded;deterministically_filtered;structurally_curated
fr,v1,2,1477,1503,places,places,places,unknown,places,wordfreq:fr,wordfreq_seeded;deterministically_filtered;structurally_curated
fr,v1,2,1478,1504,planète,planète,planète,unknown,planète,wordfreq:fr,wordfreq_seeded;deterministically_filtered;structurally_curated
fr,v1,2,1479,1505,québécois,québécois,québécois,unknown,québécois,wordfreq:fr,wordfreq_seeded;deterministically_filtered;structurally_curated
fr,v1,2,1480,1506,retard,retard,retard,unknown,retard,wordfreq:fr,wordfreq_seeded;deterministically_filtered;structurally_curated
fr,v1,2,1481,1507,savent,savent,savent,unknown,savent,wordfreq:fr,wordfreq_seeded;deterministically_filtered;structurally_curated
fr,v1,2,1482,1508,sexe,sexe,sexe,unknown,sexe,wordfreq:fr,wordfreq_seeded;deterministically_filtered;structurally_curated
fr,v1,2,1483,1509,situé,situé,situé,unknown,situé,wordfreq:fr,wordfreq_seeded;deterministically_filtered;structurally_curated
fr,v1,2,1484,1510,tenu,tenu,tenu,unknown,tenu,wordfreq:fr,wordfreq_seeded;deterministically_filtered;structurally_curated
fr,v1,2,1485,1511,théorie,théorie,théorie,unknown,théorie,wordfreq:fr,wordfreq_seeded;deterministically_filtered;structurally_curated
fr,v1,2,1486,1512,verre,verre,verre,unknown,verre,wordfreq:fr,wordfreq_seeded;deterministically_filtered;structurally_curated
fr,v1,2,1487,1513,actuelle,actuelle,actuelle,unknown,actuelle,wordfreq:fr,wordfreq_seeded;deterministically_filtered;structurally_curated
fr,v1,2,1488,1514,agence,agence,agence,unknown,agence,wordfreq:fr,wordfreq_seeded;deterministically_filtered;structurally_curated
fr,v1,2,1489,1515,artiste,artiste,artiste,unknown,artiste,wordfreq:fr,wordfreq_seeded;deterministically_filtered;structurally_curated
fr,v1,2,1490,1516,artistes,artistes,artistes,unknown,artistes,wordfreq:fr,wordfreq_seeded;deterministically_filtered;structurally_curated
fr,v1,2,1491,1517,assurance,assurance,assurance,unknown,assurance,wordfreq:fr,wordfreq_seeded;deterministically_filtered;structurally_curated
fr,v1,2,1492,1518,autorité,autorité,autorité,unknown,autorité,wordfreq:fr,wordfreq_seeded;deterministically_filtered;structurally_curated
fr,v1,2,1493,1519,avions,avions,avions,unknown,avions,wordfreq:fr,wordfreq_seeded;deterministically_filtered;structurally_curated
fr,v1,2,1494,1520,bus,bus,bus,unknown,bus,wordfreq:fr,wordfreq_seeded;deterministically_filtered;structurally_curated
fr,v1,2,1495,1521,certainement,certainement,certainement,unknown,certainement,wordfreq:fr,wordfreq_seeded;deterministically_filtered;structurally_curated
fr,v1,2,1496,1522,citoyens,citoyens,citoyens,unknown,citoyens,wordfreq:fr,wordfreq_seeded;deterministically_filtered;structurally_curated
fr,v1,2,1497,1523,clairement,clairement,clairement,unknown,clairement,wordfreq:fr,wordfreq_seeded;deterministically_filtered;structurally_curated
fr,v1,2,1498,1524,collection,collection,collection,unknown,collection,wordfreq:fr,wordfreq_seeded;deterministically_filtered;structurally_curated
fr,v1,2,1499,1525,conscience,conscience,conscience,unknown,conscience,wordfreq:fr,wordfreq_seeded;deterministically_filtered;structurally_curated
fr,v1,2,1500,1526,content,content,content,unknown,content,wordfreq:fr,wordfreq_seeded;deterministically_filtered;structurally_curated
fr,v1,2,1501,1527,croissance,croissance,croissance,unknown,croissance,wordfreq:fr,wordfreq_seeded;deterministically_filtered;structurally_curated
fr,v1,2,1502,1528,célèbre,célèbre,célèbre,unknown,célèbre,wordfreq:fr,wordfreq_seeded;deterministically_filtered;structurally_curated
fr,v1,2,1503,1529,davantage,davantage,davantage,unknown,davantage,wordfreq:fr,wordfreq_seeded;deterministically_filtered;structurally_curated
fr,v1,2,1504,1530,distance,distance,distance,unknown,distance,wordfreq:fr,wordfreq_seeded;deterministically_filtered;structurally_curated
fr,v1,2,1505,1531,détails,détails,détails,unknown,détails,wordfreq:fr,wordfreq_seeded;deterministically_filtered;structurally_curated
fr,v1,2,1506,1532,entier,entier,entier,unknown,entier,wordfreq:fr,wordfreq_seeded;deterministically_filtered;structurally_curated
fr,v1,2,1507,1533,exposition,exposition,exposition,unknown,exposition,wordfreq:fr,wordfreq_seeded;deterministically_filtered;structurally_curated
fr,v1,2,1508,1534,extrême,extrême,extrême,unknown,extrême,wordfreq:fr,wordfreq_seeded;deterministically_filtered;structurally_curated
fr,v1,2,1509,1535,figure,figure,figure,unknown,figure,wordfreq:fr,wordfreq_seeded;deterministically_filtered;structurally_curated
fr,v1,2,1510,1536,imagine,imagine,imagine,unknown,imagine,wordfreq:fr,wordfreq_seeded;deterministically_filtered;structurally_curated
fr,v1,2,1511,1537,influence,influence,influence,unknown,influence,wordfreq:fr,wordfreq_seeded;deterministically_filtered;structurally_curated
fr,v1,2,1512,1538,lecture,lecture,lecture,unknown,lecture,wordfreq:fr,wordfreq_seeded;deterministically_filtered;structurally_curated
fr,v1,2,1513,1539,maman,maman,maman,unknown,maman,wordfreq:fr,wordfreq_seeded;deterministically_filtered;structurally_curated
fr,v1,2,1514,1540,masse,masse,masse,unknown,masse,wordfreq:fr,wordfreq_seeded;deterministically_filtered;structurally_curated
fr,v1,2,1515,1541,matchs,matchs,matchs,unknown,matchs,wordfreq:fr,wordfreq_seeded;deterministically_filtered;structurally_curated
fr,v1,2,1516,1542,moderne,moderne,moderne,unknown,moderne,wordfreq:fr,wordfreq_seeded;deterministically_filtered;structurally_curated
fr,v1,2,1517,1543,mur,mur,mur,unknown,mur,wordfreq:fr,wordfreq_seeded;deterministically_filtered;structurally_curated
fr,v1,2,1518,1544,noire,noire,noire,unknown,noire,wordfreq:fr,wordfreq_seeded;deterministically_filtered;structurally_curated
fr,v1,2,1519,1545,néanmoins,néanmoins,néanmoins,unknown,néanmoins,wordfreq:fr,wordfreq_seeded;deterministically_filtered;structurally_curated
fr,v1,2,1520,1546,pensée,pensée,pensée,unknown,pensée,wordfreq:fr,wordfreq_seeded;deterministically_filtered;structurally_curated
fr,v1,2,1521,1547,privée,privée,privée,unknown,privée,wordfreq:fr,wordfreq_seeded;deterministically_filtered;structurally_curated
fr,v1,2,1522,1548,propriétaire,propriétaire,propriétaire,unknown,propriétaire,wordfreq:fr,wordfreq_seeded;deterministically_filtered;structurally_curated
fr,v1,2,1523,1549,propriété,propriété,propriété,unknown,propriété,wordfreq:fr,wordfreq_seeded;deterministically_filtered;structurally_curated
fr,v1,2,1524,1550,quitter,quitter,quitter,unknown,quitter,wordfreq:fr,wordfreq_seeded;deterministically_filtered;structurally_curated
fr,v1,2,1525,1551,quotidien,quotidien,quotidien,unknown,quotidien,wordfreq:fr,wordfreq_seeded;deterministically_filtered;structurally_curated
fr,v1,2,1526,1552,risques,risques,risques,unknown,risques,wordfreq:fr,wordfreq_seeded;deterministically_filtered;structurally_curated
fr,v1,2,1527,1553,soldats,soldats,soldats,unknown,soldats,wordfreq:fr,wordfreq_seeded;deterministically_filtered;structurally_curated
fr,v1,2,1528,1554,triste,triste,triste,unknown,triste,wordfreq:fr,wordfreq_seeded;deterministically_filtered;structurally_curated
fr,v1,2,1529,1555,tué,tué,tué,unknown,tué,wordfreq:fr,wordfreq_seeded;deterministically_filtered;structurally_curated
fr,v1,2,1530,1556,twitter,twitter,twitter,unknown,twitter,wordfreq:fr,wordfreq_seeded;deterministically_filtered;structurally_curated
fr,v1,2,1531,1557,vert,vert,vert,unknown,vert,wordfreq:fr,wordfreq_seeded;deterministically_filtered;structurally_curated
fr,v1,2,1532,1558,vide,vide,vide,unknown,vide,wordfreq:fr,wordfreq_seeded;deterministically_filtered;structurally_curated
fr,v1,2,1533,1559,âme,âme,âme,unknown,âme,wordfreq:fr,wordfreq_seeded;deterministically_filtered;structurally_curated
fr,v1,2,1534,1560,échange,échange,échange,unknown,échange,wordfreq:fr,wordfreq_seeded;deterministically_filtered;structurally_curated
fr,v1,2,1535,1561,élu,élu,élu,unknown,élu,wordfreq:fr,wordfreq_seeded;deterministically_filtered;structurally_curated
fr,v1,2,1536,1562,énorme,énorme,énorme,unknown,énorme,wordfreq:fr,wordfreq_seeded;deterministically_filtered;structurally_curated
fr,v1,2,1537,1563,événements,événements,événements,unknown,événements,wordfreq:fr,wordfreq_seeded;deterministically_filtered;structurally_curated
fr,v1,2,1538,1564,actes,actes,actes,unknown,actes,wordfreq:fr,wordfreq_seeded;deterministically_filtered;structurally_curated
fr,v1,2,1539,1565,atteindre,atteindre,atteindre,unknown,atteindre,wordfreq:fr,wordfreq_seeded;deterministically_filtered;structurally_curated
fr,v1,2,1540,1566,bizarre,bizarre,bizarre,unknown,bizarre,wordfreq:fr,wordfreq_seeded;deterministically_filtered;structurally_curated
fr,v1,2,1541,1567,catégorie,catégorie,catégorie,unknown,catégorie,wordfreq:fr,wordfreq_seeded;deterministically_filtered;structurally_curated
fr,v1,2,1542,1568,communes,communes,communes,unknown,communes,wordfreq:fr,wordfreq_seeded;deterministically_filtered;structurally_curated
fr,v1,2,1543,1569,conseils,conseils,conseils,unknown,conseils,wordfreq:fr,wordfreq_seeded;deterministically_filtered;structurally_curated
fr,v1,2,1544,1570,contenu,contenu,contenu,unknown,contenu,wordfreq:fr,wordfreq_seeded;deterministically_filtered;structurally_curated
fr,v1,2,1545,1571,dommage,dommage,dommage,unknown,dommage,wordfreq:fr,wordfreq_seeded;deterministically_filtered;structurally_curated
fr,v1,2,1546,1572,découverte,découverte,découverte,unknown,découverte,wordfreq:fr,wordfreq_seeded;deterministically_filtered;structurally_curated
fr,v1,2,1547,1573,empire,empire,empire,unknown,empire,wordfreq:fr,wordfreq_seeded;deterministically_filtered;structurally_curated
fr,v1,2,1548,1574,entièrement,entièrement,entièrement,unknown,entièrement,wordfreq:fr,wordfreq_seeded;deterministically_filtered;structurally_curated
fr,v1,2,1549,1575,espoir,espoir,espoir,unknown,espoir,wordfreq:fr,wordfreq_seeded;deterministically_filtered;structurally_curated
fr,v1,2,1550,1576,existence,existence,existence,unknown,existence,wordfreq:fr,wordfreq_seeded;deterministically_filtered;structurally_curated
fr,v1,2,1551,1577,exploitation,exploitation,exploitation,unknown,exploitation,wordfreq:fr,wordfreq_seeded;deterministically_filtered;structurally_curated
fr,v1,2,1552,1578,fonctions,fonctions,fonctions,unknown,fonctions,wordfreq:fr,wordfreq_seeded;deterministically_filtered;structurally_curated
fr,v1,2,1553,1579,malheureusement,malheureusement,malheureusement,unknown,malheureusement,wordfreq:fr,wordfreq_seeded;deterministically_filtered;structurally_curated
fr,v1,2,1554,1580,mardi,mardi,mardi,unknown,mardi,wordfreq:fr,wordfreq_seeded;deterministically_filtered;structurally_curated
fr,v1,2,1555,1581,offrir,offrir,offrir,unknown,offrir,wordfreq:fr,wordfreq_seeded;deterministically_filtered;structurally_curated
fr,v1,2,1556,1582,prennent,prennent,prennent,unknown,prennent,wordfreq:fr,wordfreq_seeded;deterministically_filtered;structurally_curated
fr,v1,2,1557,1583,religieux,religieux,religieux,unknown,religieux,wordfreq:fr,wordfreq_seeded;deterministically_filtered;structurally_curated
fr,v1,2,1558,1584,rome,rome,rome,unknown,rome,wordfreq:fr,wordfreq_seeded;deterministically_filtered;structurally_curated
fr,v1,2,1559,1585,réserve,réserve,réserve,unknown,réserve,wordfreq:fr,wordfreq_seeded;deterministically_filtered;structurally_curated
fr,v1,2,1560,1586,section,section,section,unknown,section,wordfreq:fr,wordfreq_seeded;deterministically_filtered;structurally_curated
fr,v1,2,1561,1587,sent,sent,sent,unknown,sent,wordfreq:fr,wordfreq_seeded;deterministically_filtered;structurally_curated
fr,v1,2,1562,1588,signifie,signifie,signifie,unknown,signifie,wordfreq:fr,wordfreq_seeded;deterministically_filtered;structurally_curated
fr,v1,2,1563,1589,sociales,sociales,sociales,unknown,sociales,wordfreq:fr,wordfreq_seeded;deterministically_filtered;structurally_curated
fr,v1,2,1564,1590,spectacle,spectacle,spectacle,unknown,spectacle,wordfreq:fr,wordfreq_seeded;deterministically_filtered;structurally_curated
fr,v1,2,1565,1591,techniques,techniques,techniques,unknown,techniques,wordfreq:fr,wordfreq_seeded;deterministically_filtered;structurally_curated
fr,v1,2,1566,1592,algérie,algérie,algérie,unknown,algérie,wordfreq:fr,wordfreq_seeded;deterministically_filtered;structurally_curated
fr,v1,2,1567,1593,allons,allons,allons,unknown,allons,wordfreq:fr,wordfreq_seeded;deterministically_filtered;structurally_curated
fr,v1,2,1568,1594,appareil,appareil,appareil,unknown,appareil,wordfreq:fr,wordfreq_seeded;deterministically_filtered;structurally_curated
fr,v1,2,1569,1595,auront,auront,auront,unknown,auront,wordfreq:fr,wordfreq_seeded;deterministically_filtered;structurally_curated
fr,v1,2,1570,1596,britannique,britannique,britannique,unknown,britannique,wordfreq:fr,wordfreq_seeded;deterministically_filtered;structurally_curated
fr,v1,2,1571,1597,chargé,chargé,chargé,unknown,chargé,wordfreq:fr,wordfreq_seeded;deterministically_filtered;structurally_curated
fr,v1,2,1572,1598,château,château,château,unknown,château,wordfreq:fr,wordfreq_seeded;deterministically_filtered;structurally_curated
fr,v1,2,1573,1599,crédit,crédit,crédit,unknown,crédit,wordfreq:fr,wordfreq_seeded;deterministically_filtered;structurally_curated
fr,v1,2,1574,1600,disant,disant,disant,unknown,disant,wordfreq:fr,wordfreq_seeded;deterministically_filtered;structurally_curated
fr,v1,2,1575,1601,don,don,don,unknown,don,wordfreq:fr,wordfreq_seeded;deterministically_filtered;structurally_curated
fr,v1,2,1576,1602,découvert,découvert,découvert,unknown,découvert,wordfreq:fr,wordfreq_seeded;deterministically_filtered;structurally_curated
fr,v1,2,1577,1603,empêcher,empêcher,empêcher,unknown,empêcher,wordfreq:fr,wordfreq_seeded;deterministically_filtered;structurally_curated
fr,v1,2,1578,1604,entretien,entretien,entretien,unknown,entretien,wordfreq:fr,wordfreq_seeded;deterministically_filtered;structurally_curated
fr,v1,2,1579,1605,furent,furent,furent,unknown,furent,wordfreq:fr,wordfreq_seeded;deterministically_filtered;structurally_curated
fr,v1,2,1580,1606,gagne,gagne,gagne,unknown,gagne,wordfreq:fr,wordfreq_seeded;deterministically_filtered;structurally_curated
fr,v1,2,1581,1607,immédiatement,immédiatement,immédiatement,unknown,immédiatement,wordfreq:fr,wordfreq_seeded;deterministically_filtered;structurally_curated
fr,v1,2,1582,1608,incroyable,incroyable,incroyable,unknown,incroyable,wordfreq:fr,wordfreq_seeded;deterministically_filtered;structurally_curated
fr,v1,2,1583,1609,jeunesse,jeunesse,jeunesse,unknown,jeunesse,wordfreq:fr,wordfreq_seeded;deterministically_filtered;structurally_curated
fr,v1,2,1584,1610,liens,liens,liens,unknown,liens,wordfreq:fr,wordfreq_seeded;deterministically_filtered;structurally_curated
fr,v1,2,1585,1611,machine,machine,machine,unknown,machine,wordfreq:fr,wordfreq_seeded;deterministically_filtered;structurally_curated
fr,v1,2,1586,1612,militaires,militaires,militaires,unknown,militaires,wordfreq:fr,wordfreq_seeded;deterministically_filtered;structurally_curated
fr,v1,2,1587,1613,méthode,méthode,méthode,unknown,méthode,wordfreq:fr,wordfreq_seeded;deterministically_filtered;structurally_curated
fr,v1,2,1588,1614,naturel,naturel,naturel,unknown,naturel,wordfreq:fr,wordfreq_seeded;deterministically_filtered;structurally_curated
fr,v1,2,1589,1615,opérations,opérations,opérations,unknown,opérations,wordfreq:fr,wordfreq_seeded;deterministically_filtered;structurally_curated
fr,v1,2,1590,1616,revue,revue,revue,unknown,revue,wordfreq:fr,wordfreq_seeded;deterministically_filtered;structurally_curated
fr,v1,2,1591,1617,rose,rose,rose,unknown,rose,wordfreq:fr,wordfreq_seeded;deterministically_filtered;structurally_curated
fr,v1,2,1592,1618,règle,règle,règle,unknown,règle,wordfreq:fr,wordfreq_seeded;deterministically_filtered;structurally_curated
fr,v1,2,1593,1619,salon,salon,salon,unknown,salon,wordfreq:fr,wordfreq_seeded;deterministically_filtered;structurally_curated
fr,v1,2,1594,1620,silence,silence,silence,unknown,silence,wordfreq:fr,wordfreq_seeded;deterministically_filtered;structurally_curated
fr,v1,2,1595,1621,su,su,su,unknown,su,wordfreq:fr,wordfreq_seeded;deterministically_filtered;structurally_curated
fr,v1,2,1596,1622,sympa,sympa,sympa,unknown,sympa,wordfreq:fr,wordfreq_seeded;deterministically_filtered;structurally_curated
fr,v1,2,1597,1623,traité,traité,traité,unknown,traité,wordfreq:fr,wordfreq_seeded;deterministically_filtered;structurally_curated
fr,v1,2,1598,1624,univers,univers,univers,unknown,univers,wordfreq:fr,wordfreq_seeded;deterministically_filtered;structurally_curated
fr,v1,2,1599,1625,venez,venez,venez,unknown,venez,wordfreq:fr,wordfreq_seeded;deterministically_filtered;structurally_curated
fr,v1,2,1600,1626,vice,vice,vice,unknown,vice,wordfreq:fr,wordfreq_seeded;deterministically_filtered;structurally_curated
fr,v1,2,1601,1627,vision,vision,vision,unknown,vision,wordfreq:fr,wordfreq_seeded;deterministically_filtered;structurally_curated
fr,v1,2,1602,1628,écran,écran,écran,unknown,écran,wordfreq:fr,wordfreq_seeded;deterministically_filtered;structurally_curated
fr,v1,2,1603,1629,acteurs,acteurs,acteurs,unknown,acteurs,wordfreq:fr,wordfreq_seeded;deterministically_filtered;structurally_curated
fr,v1,2,1604,1630,augmentation,augmentation,augmentation,unknown,augmentation,wordfreq:fr,wordfreq_seeded;deterministically_filtered;structurally_curated
fr,v1,2,1605,1631,auteurs,auteurs,auteurs,unknown,auteurs,wordfreq:fr,wordfreq_seeded;deterministically_filtered;structurally_curated
fr,v1,2,1606,1632,bretagne,bretagne,bretagne,unknown,bretagne,wordfreq:fr,wordfreq_seeded;deterministically_filtered;structurally_curated
fr,v1,2,1607,1633,bruit,bruit,bruit,unknown,bruit,wordfreq:fr,wordfreq_seeded;deterministically_filtered;structurally_curated
fr,v1,2,1608,1634,classement,classement,classement,unknown,classement,wordfreq:fr,wordfreq_seeded;deterministically_filtered;structurally_curated
fr,v1,2,1609,1635,conseiller,conseiller,conseiller,unknown,conseiller,wordfreq:fr,wordfreq_seeded;deterministically_filtered;structurally_curated
fr,v1,2,1610,1636,docteur,docteur,docteur,unknown,docteur,wordfreq:fr,wordfreq_seeded;deterministically_filtered;structurally_curated
fr,v1,2,1611,1637,entend,entend,entend,unknown,entend,wordfreq:fr,wordfreq_seeded;deterministically_filtered;structurally_curated
fr,v1,2,1612,1638,formes,formes,formes,unknown,formes,wordfreq:fr,wordfreq_seeded;deterministically_filtered;structurally_curated
fr,v1,2,1613,1639,franchement,franchement,franchement,unknown,franchement,wordfreq:fr,wordfreq_seeded;deterministically_filtered;structurally_curated
fr,v1,2,1614,1640,génération,génération,génération,unknown,génération,wordfreq:fr,wordfreq_seeded;deterministically_filtered;structurally_curated
fr,v1,2,1615,1641,héros,héros,héros,unknown,héros,wordfreq:fr,wordfreq_seeded;deterministically_filtered;structurally_curated
fr,v1,2,1616,1642,mecs,mecs,mecs,unknown,mecs,wordfreq:fr,wordfreq_seeded;deterministically_filtered;structurally_curated
fr,v1,2,1617,1643,personnages,personnages,personnages,unknown,personnages,wordfreq:fr,wordfreq_seeded;deterministically_filtered;structurally_curated
fr,v1,2,1618,1644,pourraient,pourraient,pourraient,unknown,pourraient,wordfreq:fr,wordfreq_seeded;deterministically_filtered;structurally_curated
fr,v1,2,1619,1645,raconte,raconte,raconte,unknown,raconte,wordfreq:fr,wordfreq_seeded;deterministically_filtered;structurally_curated
fr,v1,2,1620,1646,rappeler,rappeler,rappeler,unknown,rappeler,wordfreq:fr,wordfreq_seeded;deterministically_filtered;structurally_curated
fr,v1,2,1621,1647,reine,reine,reine,unknown,reine,wordfreq:fr,wordfreq_seeded;deterministically_filtered;structurally_curated
fr,v1,2,1622,1648,rejoindre,rejoindre,rejoindre,unknown,rejoindre,wordfreq:fr,wordfreq_seeded;deterministically_filtered;structurally_curated
fr,v1,2,1623,1649,ressemble,ressemble,ressemble,unknown,ressemble,wordfreq:fr,wordfreq_seeded;deterministically_filtered;structurally_curated
fr,v1,2,1624,1650,roman,roman,roman,unknown,roman,wordfreq:fr,wordfreq_seeded;deterministically_filtered;structurally_curated
fr,v1,2,1625,1651,régulièrement,régulièrement,régulièrement,unknown,régulièrement,wordfreq:fr,wordfreq_seeded;deterministically_filtered;structurally_curated
fr,v1,2,1626,1652,star,star,star,unknown,star,wordfreq:fr,wordfreq_seeded;deterministically_filtered;structurally_curated
fr,v1,2,1627,1653,structure,structure,structure,unknown,structure,wordfreq:fr,wordfreq_seeded;deterministically_filtered;structurally_curated
fr,v1,2,1628,1654,textes,textes,textes,unknown,textes,wordfreq:fr,wordfreq_seeded;deterministically_filtered;structurally_curated
fr,v1,2,1629,1655,tiers,tiers,tiers,unknown,tiers,wordfreq:fr,wordfreq_seeded;deterministically_filtered;structurally_curated
fr,v1,2,1630,1656,voitures,voitures,voitures,unknown,voitures,wordfreq:fr,wordfreq_seeded;deterministically_filtered;structurally_curated
fr,v1,2,1631,1657,économiques,économiques,économiques,unknown,économiques,wordfreq:fr,wordfreq_seeded;deterministically_filtered;structurally_curated
fr,v1,2,1632,1658,écouter,écouter,écouter,unknown,écouter,wordfreq:fr,wordfreq_seeded;deterministically_filtered;structurally_curated
fr,v1,2,1633,1659,étape,étape,étape,unknown,étape,wordfreq:fr,wordfreq_seeded;deterministically_filtered;structurally_curated
fr,v1,2,1634,1660,ajouter,ajouter,ajouter,unknown,ajouter,wordfreq:fr,wordfreq_seeded;deterministically_filtered;structurally_curated
fr,v1,2,1635,1661,avantage,avantage,avantage,unknown,avantage,wordfreq:fr,wordfreq_seeded;deterministically_filtered;structurally_curated
fr,v1,2,1636,1662,bataille,bataille,bataille,unknown,bataille,wordfreq:fr,wordfreq_seeded;deterministically_filtered;structurally_curated
fr,v1,2,1637,1663,boîte,boîte,boîte,unknown,boîte,wordfreq:fr,wordfreq_seeded;deterministically_filtered;structurally_curated
fr,v1,2,1638,1664,capital,capital,capital,unknown,capital,wordfreq:fr,wordfreq_seeded;deterministically_filtered;structurally_curated
fr,v1,2,1639,1665,certes,certes,certes,unknown,certes,wordfreq:fr,wordfreq_seeded;deterministically_filtered;structurally_curated
fr,v1,2,1640,1666,cheval,cheval,cheval,unknown,cheval,wordfreq:fr,wordfreq_seeded;deterministically_filtered;structurally_curated
fr,v1,2,1641,1667,client,client,client,unknown,client,wordfreq:fr,wordfreq_seeded;deterministically_filtered;structurally_curated
fr,v1,2,1642,1668,conséquences,conséquences,conséquences,unknown,conséquences,wordfreq:fr,wordfreq_seeded;deterministically_filtered;structurally_curated
fr,v1,2,1643,1669,dangereux,dangereux,dangereux,unknown,dangereux,wordfreq:fr,wordfreq_seeded;deterministically_filtered;structurally_curated
fr,v1,2,1644,1670,danse,danse,danse,unknown,danse,wordfreq:fr,wordfreq_seeded;deterministically_filtered;structurally_curated
fr,v1,2,1645,1671,documents,documents,documents,unknown,documents,wordfreq:fr,wordfreq_seeded;deterministically_filtered;structurally_curated
fr,v1,2,1646,1672,défendre,défendre,défendre,unknown,défendre,wordfreq:fr,wordfreq_seeded;deterministically_filtered;structurally_curated
fr,v1,2,1647,1673,exercice,exercice,exercice,unknown,exercice,wordfreq:fr,wordfreq_seeded;deterministically_filtered;structurally_curated
fr,v1,2,1648,1674,françaises,françaises,françaises,unknown,françaises,wordfreq:fr,wordfreq_seeded;deterministically_filtered;structurally_curated
fr,v1,2,1649,1675,institut,institut,institut,unknown,institut,wordfreq:fr,wordfreq_seeded;deterministically_filtered;structurally_curated
fr,v1,2,1650,1676,intervention,intervention,intervention,unknown,intervention,wordfreq:fr,wordfreq_seeded;deterministically_filtered;structurally_curated
fr,v1,2,1651,1677,locaux,locaux,locaux,unknown,locaux,wordfreq:fr,wordfreq_seeded;deterministically_filtered;structurally_curated
fr,v1,2,1652,1678,logique,logique,logique,unknown,logique,wordfreq:fr,wordfreq_seeded;deterministically_filtered;structurally_curated
fr,v1,2,1653,1679,milliers,milliers,milliers,unknown,milliers,wordfreq:fr,wordfreq_seeded;deterministically_filtered;structurally_curated
fr,v1,2,1654,1680,monter,monter,monter,unknown,monter,wordfreq:fr,wordfreq_seeded;deterministically_filtered;structurally_curated
fr,v1,2,1655,1681,ouverte,ouverte,ouverte,unknown,ouverte,wordfreq:fr,wordfreq_seeded;deterministically_filtered;structurally_curated
fr,v1,2,1656,1682,palais,palais,palais,unknown,palais,wordfreq:fr,wordfreq_seeded;deterministically_filtered;structurally_curated
fr,v1,2,1657,1683,passant,passant,passant,unknown,passant,wordfreq:fr,wordfreq_seeded;deterministically_filtered;structurally_curated
fr,v1,2,1658,1684,principalement,principalement,principalement,unknown,principalement,wordfreq:fr,wordfreq_seeded;deterministically_filtered;structurally_curated
fr,v1,2,1659,1685,proches,proches,proches,unknown,proches,wordfreq:fr,wordfreq_seeded;deterministically_filtered;structurally_curated
fr,v1,2,1660,1686,reprendre,reprendre,reprendre,unknown,reprendre,wordfreq:fr,wordfreq_seeded;deterministically_filtered;structurally_curated
fr,v1,2,1661,1687,revoir,revoir,revoir,unknown,revoir,wordfreq:fr,wordfreq_seeded;deterministically_filtered;structurally_curated
fr,v1,2,1662,1688,robert,robert,robert,unknown,robert,wordfreq:fr,wordfreq_seeded;deterministically_filtered;structurally_curated
fr,v1,2,1663,1689,réaliser,réaliser,réaliser,unknown,réaliser,wordfreq:fr,wordfreq_seeded;deterministically_filtered;structurally_curated
fr,v1,2,1664,1690,récemment,récemment,récemment,unknown,récemment,wordfreq:fr,wordfreq_seeded;deterministically_filtered;structurally_curated
fr,v1,2,1665,1691,savez,savez,savez,unknown,savez,wordfreq:fr,wordfreq_seeded;deterministically_filtered;structurally_curated
fr,v1,2,1666,1692,sentiment,sentiment,sentiment,unknown,sentiment,wordfreq:fr,wordfreq_seeded;deterministically_filtered;structurally_curated
fr,v1,2,1667,1693,soin,soin,soin,unknown,soin,wordfreq:fr,wordfreq_seeded;deterministically_filtered;structurally_curated
fr,v1,2,1668,1694,statistiques,statistiques,statistiques,unknown,statistiques,wordfreq:fr,wordfreq_seeded;deterministically_filtered;structurally_curated
fr,v1,2,1669,1695,statut,statut,statut,unknown,statut,wordfreq:fr,wordfreq_seeded;deterministically_filtered;structurally_curated
fr,v1,2,1670,1696,sélection,sélection,sélection,unknown,sélection,wordfreq:fr,wordfreq_seeded;deterministically_filtered;structurally_curated
fr,v1,2,1671,1697,sûrement,sûrement,sûrement,unknown,sûrement,wordfreq:fr,wordfreq_seeded;deterministically_filtered;structurally_curated
fr,v1,2,1672,1698,tente,tente,tente,unknown,tente,wordfreq:fr,wordfreq_seeded;deterministically_filtered;structurally_curated
fr,v1,2,1673,1699,types,types,types,unknown,types,wordfreq:fr,wordfreq_seeded;deterministically_filtered;structurally_curated
fr,v1,2,1674,1700,vivant,vivant,vivant,unknown,vivant,wordfreq:fr,wordfreq_seeded;deterministically_filtered;structurally_curated
fr,v1,2,1675,1701,web,web,web,unknown,web,wordfreq:fr,wordfreq_seeded;deterministically_filtered;structurally_curated
fr,v1,2,1676,1702,zones,zones,zones,unknown,zones,wordfreq:fr,wordfreq_seeded;deterministically_filtered;structurally_curated
fr,v1,2,1677,1703,étrangers,étrangers,étrangers,unknown,étrangers,wordfreq:fr,wordfreq_seeded;deterministically_filtered;structurally_curated
fr,v1,2,1678,1704,arts,arts,arts,unknown,arts,wordfreq:fr,wordfreq_seeded;deterministically_filtered;structurally_curated
fr,v1,2,1679,1705,baisse,baisse,baisse,unknown,baisse,wordfreq:fr,wordfreq_seeded;deterministically_filtered;structurally_curated
fr,v1,2,1680,1706,besoins,besoins,besoins,unknown,besoins,wordfreq:fr,wordfreq_seeded;deterministically_filtered;structurally_curated
fr,v1,2,1681,1707,candidats,candidats,candidats,unknown,candidats,wordfreq:fr,wordfreq_seeded;deterministically_filtered;structurally_curated
fr,v1,2,1682,1708,claude,claude,claude,unknown,claude,wordfreq:fr,wordfreq_seeded;deterministically_filtered;structurally_curated
fr,v1,2,1683,1709,collège,collège,collège,unknown,collège,wordfreq:fr,wordfreq_seeded;deterministically_filtered;structurally_curated
fr,v1,2,1684,1710,construire,construire,construire,unknown,construire,wordfreq:fr,wordfreq_seeded;deterministically_filtered;structurally_curated
fr,v1,2,1685,1711,domicile,domicile,domicile,unknown,domicile,wordfreq:fr,wordfreq_seeded;deterministically_filtered;structurally_curated
fr,v1,2,1686,1712,efforts,efforts,efforts,unknown,efforts,wordfreq:fr,wordfreq_seeded;deterministically_filtered;structurally_curated
fr,v1,2,1687,1713,employés,employés,employés,unknown,employés,wordfreq:fr,wordfreq_seeded;deterministically_filtered;structurally_curated
fr,v1,2,1688,1714,examen,examen,examen,unknown,examen,wordfreq:fr,wordfreq_seeded;deterministically_filtered;structurally_curated
fr,v1,2,1689,1715,humaine,humaine,humaine,unknown,humaine,wordfreq:fr,wordfreq_seeded;deterministically_filtered;structurally_curated
fr,v1,2,1690,1716,max,max,max,unknown,max,wordfreq:fr,wordfreq_seeded;deterministically_filtered;structurally_curated
fr,v1,2,1691,1717,moteur,moteur,moteur,unknown,moteur,wordfreq:fr,wordfreq_seeded;deterministically_filtered;structurally_curated
fr,v1,2,1692,1718,officiel,officiel,officiel,unknown,officiel,wordfreq:fr,wordfreq_seeded;deterministically_filtered;structurally_curated
fr,v1,2,1693,1719,ouvrage,ouvrage,ouvrage,unknown,ouvrage,wordfreq:fr,wordfreq_seeded;deterministically_filtered;structurally_curated
fr,v1,2,1694,1720,partager,partager,partager,unknown,partager,wordfreq:fr,wordfreq_seeded;deterministically_filtered;structurally_curated
fr,v1,2,1695,1721,participation,participation,participation,unknown,participation,wordfreq:fr,wordfreq_seeded;deterministically_filtered;structurally_curated
fr,v1,2,1696,1722,patron,patron,patron,unknown,patron,wordfreq:fr,wordfreq_seeded;deterministically_filtered;structurally_curated
fr,v1,2,1697,1723,permettant,permettant,permettant,unknown,permettant,wordfreq:fr,wordfreq_seeded;deterministically_filtered;structurally_curated
fr,v1,2,1698,1724,possède,possède,possède,unknown,possède,wordfreq:fr,wordfreq_seeded;deterministically_filtered;structurally_curated
fr,v1,2,1699,1725,pourrais,pourrais,pourrais,unknown,pourrais,wordfreq:fr,wordfreq_seeded;deterministically_filtered;structurally_curated
fr,v1,2,1700,1726,principaux,principaux,principaux,unknown,principaux,wordfreq:fr,wordfreq_seeded;deterministically_filtered;structurally_curated
fr,v1,2,1701,1727,préparer,préparer,préparer,unknown,préparer,wordfreq:fr,wordfreq_seeded;deterministically_filtered;structurally_curated
fr,v1,2,1702,1728,rentre,rentre,rentre,unknown,rentre,wordfreq:fr,wordfreq_seeded;deterministically_filtered;structurally_curated
fr,v1,2,1703,1729,revenus,revenus,revenus,unknown,revenus,wordfreq:fr,wordfreq_seeded;deterministically_filtered;structurally_curated
fr,v1,2,1704,1730,réduction,réduction,réduction,unknown,réduction,wordfreq:fr,wordfreq_seeded;deterministically_filtered;structurally_curated
fr,v1,2,1705,1731,réel,réel,réel,unknown,réel,wordfreq:fr,wordfreq_seeded;deterministically_filtered;structurally_curated
fr,v1,2,1706,1732,réforme,réforme,réforme,unknown,réforme,wordfreq:fr,wordfreq_seeded;deterministically_filtered;structurally_curated
fr,v1,2,1707,1733,souvenir,souvenir,souvenir,unknown,souvenir,wordfreq:fr,wordfreq_seeded;deterministically_filtered;structurally_curated
fr,v1,2,1708,1734,suit,suit,suit,unknown,suit,wordfreq:fr,wordfreq_seeded;deterministically_filtered;structurally_curated
fr,v1,2,1709,1735,tenter,tenter,tenter,unknown,tenter,wordfreq:fr,wordfreq_seeded;deterministically_filtered;structurally_curated
fr,v1,2,1710,1736,test,test,test,unknown,test,wordfreq:fr,wordfreq_seeded;deterministically_filtered;structurally_curated
fr,v1,2,1711,1737,transports,transports,transports,unknown,transports,wordfreq:fr,wordfreq_seeded;deterministically_filtered;structurally_curated
fr,v1,2,1712,1738,utile,utile,utile,unknown,utile,wordfreq:fr,wordfreq_seeded;deterministically_filtered;structurally_curated
fr,v1,2,1713,1739,achat,achat,achat,unknown,achat,wordfreq:fr,wordfreq_seeded;deterministically_filtered;structurally_curated
fr,v1,2,1714,1740,bordeaux,bordeaux,bordeaux,unknown,bordeaux,wordfreq:fr,wordfreq_seeded;deterministically_filtered;structurally_curated
fr,v1,2,1715,1741,bâtiment,bâtiment,bâtiment,unknown,bâtiment,wordfreq:fr,wordfreq_seeded;deterministically_filtered;structurally_curated
fr,v1,2,1716,1742,cerveau,cerveau,cerveau,unknown,cerveau,wordfreq:fr,wordfreq_seeded;deterministically_filtered;structurally_curated
fr,v1,2,1717,1743,civile,civile,civile,unknown,civile,wordfreq:fr,wordfreq_seeded;deterministically_filtered;structurally_curated
fr,v1,2,1718,1744,commentaires,commentaires,commentaires,unknown,commentaires,wordfreq:fr,wordfreq_seeded;deterministically_filtered;structurally_curated
fr,v1,2,1719,1745,concept,concept,concept,unknown,concept,wordfreq:fr,wordfreq_seeded;deterministically_filtered;structurally_curated
fr,v1,2,1720,1746,disposition,disposition,disposition,unknown,disposition,wordfreq:fr,wordfreq_seeded;deterministically_filtered;structurally_curated
fr,v1,2,1721,1747,députés,députés,députés,unknown,députés,wordfreq:fr,wordfreq_seeded;deterministically_filtered;structurally_curated
fr,v1,2,1722,1748,envoie,envoie,envoie,unknown,envoie,wordfreq:fr,wordfreq_seeded;deterministically_filtered;structurally_curated
fr,v1,2,1723,1749,fortement,fortement,fortement,unknown,fortement,wordfreq:fr,wordfreq_seeded;deterministically_filtered;structurally_curated
fr,v1,2,1724,1750,humains,humains,humains,unknown,humains,wordfreq:fr,wordfreq_seeded;deterministically_filtered;structurally_curated
fr,v1,2,1725,1751,indépendance,indépendance,indépendance,unknown,indépendance,wordfreq:fr,wordfreq_seeded;deterministically_filtered;structurally_curated
fr,v1,2,1726,1752,japon,japon,japon,unknown,japon,wordfreq:fr,wordfreq_seeded;deterministically_filtered;structurally_curated
fr,v1,2,1727,1753,justement,justement,justement,unknown,justement,wordfreq:fr,wordfreq_seeded;deterministically_filtered;structurally_curated
fr,v1,2,1728,1754,lancer,lancer,lancer,unknown,lancer,wordfreq:fr,wordfreq_seeded;deterministically_filtered;structurally_curated
fr,v1,2,1729,1755,matériel,matériel,matériel,unknown,matériel,wordfreq:fr,wordfreq_seeded;deterministically_filtered;structurally_curated
fr,v1,2,1730,1756,montant,montant,montant,unknown,montant,wordfreq:fr,wordfreq_seeded;deterministically_filtered;structurally_curated
fr,v1,2,1731,1757,nations,nations,nations,unknown,nations,wordfreq:fr,wordfreq_seeded;deterministically_filtered;structurally_curated
fr,v1,2,1732,1758,nommé,nommé,nommé,unknown,nommé,wordfreq:fr,wordfreq_seeded;deterministically_filtered;structurally_curated
fr,v1,2,1733,1759,notes,notes,notes,unknown,notes,wordfreq:fr,wordfreq_seeded;deterministically_filtered;structurally_curated
fr,v1,2,1734,1760,oublie,oublie,oublie,unknown,oublie,wordfreq:fr,wordfreq_seeded;deterministically_filtered;structurally_curated
fr,v1,2,1735,1761,paraît,paraît,paraît,unknown,paraît,wordfreq:fr,wordfreq_seeded;deterministically_filtered;structurally_curated
fr,v1,2,1736,1762,parles,parles,parles,unknown,parles,wordfreq:fr,wordfreq_seeded;deterministically_filtered;structurally_curated
fr,v1,2,1737,1763,quatrième,quatrième,quatrième,unknown,quatrième,wordfreq:fr,wordfreq_seeded;deterministically_filtered;structurally_curated
fr,v1,2,1738,1764,quitte,quitte,quitte,unknown,quitte,wordfreq:fr,wordfreq_seeded;deterministically_filtered;structurally_curated
fr,v1,2,1739,1765,réaction,réaction,réaction,unknown,réaction,wordfreq:fr,wordfreq_seeded;deterministically_filtered;structurally_curated
fr,v1,2,1740,1766,réduire,réduire,réduire,unknown,réduire,wordfreq:fr,wordfreq_seeded;deterministically_filtered;structurally_curated
fr,v1,2,1741,1767,répond,répond,répond,unknown,répond,wordfreq:fr,wordfreq_seeded;deterministically_filtered;structurally_curated
fr,v1,2,1742,1768,sentir,sentir,sentir,unknown,sentir,wordfreq:fr,wordfreq_seeded;deterministically_filtered;structurally_curated
fr,v1,2,1743,1769,sourire,sourire,sourire,unknown,sourire,wordfreq:fr,wordfreq_seeded;deterministically_filtered;structurally_curated
fr,v1,2,1744,1770,tourner,tourner,tourner,unknown,tourner,wordfreq:fr,wordfreq_seeded;deterministically_filtered;structurally_curated
fr,v1,2,1745,1771,van,van,van,unknown,van,wordfreq:fr,wordfreq_seeded;deterministically_filtered;structurally_curated
fr,v1,2,1746,1772,agir,agir,agir,unknown,agir,wordfreq:fr,wordfreq_seeded;deterministically_filtered;structurally_curated
fr,v1,2,1747,1773,alcool,alcool,alcool,unknown,alcool,wordfreq:fr,wordfreq_seeded;deterministically_filtered;structurally_curated
fr,v1,2,1748,1774,amie,amie,amie,unknown,amie,wordfreq:fr,wordfreq_seeded;deterministically_filtered;structurally_curated
fr,v1,2,1749,1775,arme,arme,arme,unknown,arme,wordfreq:fr,wordfreq_seeded;deterministically_filtered;structurally_curated
fr,v1,2,1750,1776,autrement,autrement,autrement,unknown,autrement,wordfreq:fr,wordfreq_seeded;deterministically_filtered;structurally_curated
fr,v1,2,1751,1777,battre,battre,battre,unknown,battre,wordfreq:fr,wordfreq_seeded;deterministically_filtered;structurally_curated
fr,v1,2,1752,1778,cartes,cartes,cartes,unknown,cartes,wordfreq:fr,wordfreq_seeded;deterministically_filtered;structurally_curated
fr,v1,2,1753,1779,coût,coût,coût,unknown,coût,wordfreq:fr,wordfreq_seeded;deterministically_filtered;structurally_curated
fr,v1,2,1754,1780,différent,différent,différent,unknown,différent,wordfreq:fr,wordfreq_seeded;deterministically_filtered;structurally_curated
fr,v1,2,1755,1781,disponible,disponible,disponible,unknown,disponible,wordfreq:fr,wordfreq_seeded;deterministically_filtered;structurally_curated
fr,v1,2,1756,1782,fleurs,fleurs,fleurs,unknown,fleurs,wordfreq:fr,wordfreq_seeded;deterministically_filtered;structurally_curated
fr,v1,2,1757,1783,iii,iii,iii,unknown,iii,wordfreq:fr,wordfreq_seeded;deterministically_filtered;structurally_curated
fr,v1,2,1758,1784,indique,indique,indique,unknown,indique,wordfreq:fr,wordfreq_seeded;deterministically_filtered;structurally_curated
fr,v1,2,1759,1785,intention,intention,intention,unknown,intention,wordfreq:fr,wordfreq_seeded;deterministically_filtered;structurally_curated
fr,v1,2,1760,1786,jardin,jardin,jardin,unknown,jardin,wordfreq:fr,wordfreq_seeded;deterministically_filtered;structurally_curated
fr,v1,2,1761,1787,lac,lac,lac,unknown,lac,wordfreq:fr,wordfreq_seeded;deterministically_filtered;structurally_curated
fr,v1,2,1762,1788,lorsqu'il,lorsqu'il,lorsqu'il,unknown,lorsqu'il,wordfreq:fr,wordfreq_seeded;deterministically_filtered;structurally_curated
fr,v1,2,1763,1789,marc,marc,marc,unknown,marc,wordfreq:fr,wordfreq_seeded;deterministically_filtered;structurally_curated
fr,v1,2,1764,1790,minute,minute,minute,unknown,minute,wordfreq:fr,wordfreq_seeded;deterministically_filtered;structurally_curated
fr,v1,2,1765,1791,mondial,mondial,mondial,unknown,mondial,wordfreq:fr,wordfreq_seeded;deterministically_filtered;structurally_curated
fr,v1,2,1766,1792,obligé,obligé,obligé,unknown,obligé,wordfreq:fr,wordfreq_seeded;deterministically_filtered;structurally_curated
fr,v1,2,1767,1793,patrimoine,patrimoine,patrimoine,unknown,patrimoine,wordfreq:fr,wordfreq_seeded;deterministically_filtered;structurally_curated
fr,v1,2,1768,1794,pensez,pensez,pensez,unknown,pensez,wordfreq:fr,wordfreq_seeded;deterministically_filtered;structurally_curated
fr,v1,2,1769,1795,phase,phase,phase,unknown,phase,wordfreq:fr,wordfreq_seeded;deterministically_filtered;structurally_curated
fr,v1,2,1770,1796,publiques,publiques,publiques,unknown,publiques,wordfreq:fr,wordfreq_seeded;deterministically_filtered;structurally_curated
fr,v1,2,1771,1797,rare,rare,rare,unknown,rare,wordfreq:fr,wordfreq_seeded;deterministically_filtered;structurally_curated
fr,v1,2,1772,1798,soins,soins,soins,unknown,soins,wordfreq:fr,wordfreq_seeded;deterministically_filtered;structurally_curated
fr,v1,2,1773,1799,sois,sois,sois,unknown,sois,wordfreq:fr,wordfreq_seeded;deterministically_filtered;structurally_curated
fr,v1,2,1774,1800,supérieure,supérieure,supérieure,unknown,supérieure,wordfreq:fr,wordfreq_seeded;deterministically_filtered;structurally_curated
fr,v1,2,1775,1801,séance,séance,séance,unknown,séance,wordfreq:fr,wordfreq_seeded;deterministically_filtered;structurally_curated
fr,v1,2,1776,1802,séries,séries,séries,unknown,séries,wordfreq:fr,wordfreq_seeded;deterministically_filtered;structurally_curated
fr,v1,2,1777,1803,thomas,thomas,thomas,unknown,thomas,wordfreq:fr,wordfreq_seeded;deterministically_filtered;structurally_curated
fr,v1,2,1778,1804,tv,tv,tv,unknown,tv,wordfreq:fr,wordfreq_seeded;deterministically_filtered;structurally_curated
fr,v1,2,1779,1805,urgence,urgence,urgence,unknown,urgence,wordfreq:fr,wordfreq_seeded;deterministically_filtered;structurally_curated
fr,v1,2,1780,1806,vécu,vécu,vécu,unknown,vécu,wordfreq:fr,wordfreq_seeded;deterministically_filtered;structurally_curated
fr,v1,2,1781,1807,you,you,you,unknown,you,wordfreq:fr,wordfreq_seeded;deterministically_filtered;structurally_curated
fr,v1,2,1782,1808,élève,élève,élève,unknown,élève,wordfreq:fr,wordfreq_seeded;deterministically_filtered;structurally_curated
fr,v1,2,1783,1809,accepter,accepter,accepter,unknown,accepter,wordfreq:fr,wordfreq_seeded;deterministically_filtered;structurally_curated
fr,v1,2,1784,1810,agent,agent,agent,unknown,agent,wordfreq:fr,wordfreq_seeded;deterministically_filtered;structurally_curated
fr,v1,2,1785,1811,agriculture,agriculture,agriculture,unknown,agriculture,wordfreq:fr,wordfreq_seeded;deterministically_filtered;structurally_curated
fr,v1,2,1786,1812,allé,allé,allé,unknown,allé,wordfreq:fr,wordfreq_seeded;deterministically_filtered;structurally_curated
fr,v1,2,1787,1813,améliorer,améliorer,améliorer,unknown,améliorer,wordfreq:fr,wordfreq_seeded;deterministically_filtered;structurally_curated
fr,v1,2,1788,1814,attendant,attendant,attendant,unknown,attendant,wordfreq:fr,wordfreq_seeded;deterministically_filtered;structurally_curated
fr,v1,2,1789,1815,auto,auto,auto,unknown,auto,wordfreq:fr,wordfreq_seeded;deterministically_filtered;structurally_curated
fr,v1,2,1790,1816,cancer,cancer,cancer,unknown,cancer,wordfreq:fr,wordfreq_seeded;deterministically_filtered;structurally_curated
fr,v1,2,1791,1817,championnat,championnat,championnat,unknown,championnat,wordfreq:fr,wordfreq_seeded;deterministically_filtered;structurally_curated
fr,v1,2,1792,1818,chasse,chasse,chasse,unknown,chasse,wordfreq:fr,wordfreq_seeded;deterministically_filtered;structurally_curated
fr,v1,2,1793,1819,complet,complet,complet,unknown,complet,wordfreq:fr,wordfreq_seeded;deterministically_filtered;structurally_curated
fr,v1,2,1794,1820,complexe,complexe,complexe,unknown,complexe,wordfreq:fr,wordfreq_seeded;deterministically_filtered;structurally_curated
fr,v1,2,1795,1821,concert,concert,concert,unknown,concert,wordfreq:fr,wordfreq_seeded;deterministically_filtered;structurally_curated
fr,v1,2,1796,1822,constitution,constitution,constitution,unknown,constitution,wordfreq:fr,wordfreq_seeded;deterministically_filtered;structurally_curated
fr,v1,2,1797,1823,déclaration,déclaration,déclaration,unknown,déclaration,wordfreq:fr,wordfreq_seeded;deterministically_filtered;structurally_curated
fr,v1,2,1798,1824,développer,développer,développer,unknown,développer,wordfreq:fr,wordfreq_seeded;deterministically_filtered;structurally_curated
fr,v1,2,1799,1825,essaie,essaie,essaie,unknown,essaie,wordfreq:fr,wordfreq_seeded;deterministically_filtered;structurally_curated
fr,v1,2,1800,1826,fn,fn,fn,unknown,fn,wordfreq:fr,wordfreq_seeded;deterministically_filtered;structurally_curated
fr,v1,2,1801,1827,forcément,forcément,forcément,unknown,forcément,wordfreq:fr,wordfreq_seeded;deterministically_filtered;structurally_curated
fr,v1,2,1802,1828,gérer,gérer,gérer,unknown,gérer,wordfreq:fr,wordfreq_seeded;deterministically_filtered;structurally_curated
fr,v1,2,1803,1829,heureusement,heureusement,heureusement,unknown,heureusement,wordfreq:fr,wordfreq_seeded;deterministically_filtered;structurally_curated
fr,v1,2,1804,1830,impact,impact,impact,unknown,impact,wordfreq:fr,wordfreq_seeded;deterministically_filtered;structurally_curated
fr,v1,2,1805,1831,inscrit,inscrit,inscrit,unknown,inscrit,wordfreq:fr,wordfreq_seeded;deterministically_filtered;structurally_curated
fr,v1,2,1806,1832,joie,joie,joie,unknown,joie,wordfreq:fr,wordfreq_seeded;deterministically_filtered;structurally_curated
fr,v1,2,1807,1833,kilomètres,kilomètres,kilomètres,unknown,kilomètres,wordfreq:fr,wordfreq_seeded;deterministically_filtered;structurally_curated
fr,v1,2,1808,1834,laurent,laurent,laurent,unknown,laurent,wordfreq:fr,wordfreq_seeded;deterministically_filtered;structurally_curated
fr,v1,2,1809,1835,lesquels,lesquels,lesquels,unknown,lesquels,wordfreq:fr,wordfreq_seeded;deterministically_filtered;structurally_curated
fr,v1,2,1810,1836,local,local,local,unknown,local,wordfreq:fr,wordfreq_seeded;deterministically_filtered;structurally_curated
fr,v1,2,1811,1837,michael,michael,michael,unknown,michael,wordfreq:fr,wordfreq_seeded;deterministically_filtered;structurally_curated
fr,v1,2,1812,1838,métier,métier,métier,unknown,métier,wordfreq:fr,wordfreq_seeded;deterministically_filtered;structurally_curated
fr,v1,2,1813,1839,nez,nez,nez,unknown,nez,wordfreq:fr,wordfreq_seeded;deterministically_filtered;structurally_curated
fr,v1,2,1814,1840,obtenu,obtenu,obtenu,unknown,obtenu,wordfreq:fr,wordfreq_seeded;deterministically_filtered;structurally_curated
fr,v1,2,1815,1841,occupe,occupe,occupe,unknown,occupe,wordfreq:fr,wordfreq_seeded;deterministically_filtered;structurally_curated
fr,v1,2,1816,1842,pensé,pensé,pensé,unknown,pensé,wordfreq:fr,wordfreq_seeded;deterministically_filtered;structurally_curated
fr,v1,2,1817,1843,prises,prises,prises,unknown,prises,wordfreq:fr,wordfreq_seeded;deterministically_filtered;structurally_curated
fr,v1,2,1818,1844,profiter,profiter,profiter,unknown,profiter,wordfreq:fr,wordfreq_seeded;deterministically_filtered;structurally_curated
fr,v1,2,1819,1845,présenté,présenté,présenté,unknown,présenté,wordfreq:fr,wordfreq_seeded;deterministically_filtered;structurally_curated
fr,v1,2,1820,1846,revanche,revanche,revanche,unknown,revanche,wordfreq:fr,wordfreq_seeded;deterministically_filtered;structurally_curated
fr,v1,2,1821,1847,sauver,sauver,sauver,unknown,sauver,wordfreq:fr,wordfreq_seeded;deterministically_filtered;structurally_curated
fr,v1,2,1822,1848,savais,savais,savais,unknown,savais,wordfreq:fr,wordfreq_seeded;deterministically_filtered;structurally_curated
fr,v1,2,1823,1849,scolaire,scolaire,scolaire,unknown,scolaire,wordfreq:fr,wordfreq_seeded;deterministically_filtered;structurally_curated
fr,v1,2,1824,1850,spécial,spécial,spécial,unknown,spécial,wordfreq:fr,wordfreq_seeded;deterministically_filtered;structurally_curated
fr,v1,2,1825,1851,totale,totale,totale,unknown,totale,wordfreq:fr,wordfreq_seeded;deterministically_filtered;structurally_curated
fr,v1,2,1826,1852,troupes,troupes,troupes,unknown,troupes,wordfreq:fr,wordfreq_seeded;deterministically_filtered;structurally_curated
fr,v1,2,1827,1853,trouvent,trouvent,trouvent,unknown,trouvent,wordfreq:fr,wordfreq_seeded;deterministically_filtered;structurally_curated
fr,v1,2,1828,1854,télévision,télévision,télévision,unknown,télévision,wordfreq:fr,wordfreq_seeded;deterministically_filtered;structurally_curated
fr,v1,2,1829,1855,vieille,vieille,vieille,unknown,vieille,wordfreq:fr,wordfreq_seeded;deterministically_filtered;structurally_curated
fr,v1,2,1830,1856,événement,événement,événement,unknown,événement,wordfreq:fr,wordfreq_seeded;deterministically_filtered;structurally_curated
fr,v1,2,1831,1857,accueil,accueil,accueil,unknown,accueil,wordfreq:fr,wordfreq_seeded;deterministically_filtered;structurally_curated
fr,v1,2,1832,1858,agents,agents,agents,unknown,agents,wordfreq:fr,wordfreq_seeded;deterministically_filtered;structurally_curated
fr,v1,2,1833,1859,aimer,aimer,aimer,unknown,aimer,wordfreq:fr,wordfreq_seeded;deterministically_filtered;structurally_curated
fr,v1,2,1834,1860,aurai,aurai,aurai,unknown,aurai,wordfreq:fr,wordfreq_seeded;deterministically_filtered;structurally_curated
fr,v1,2,1835,1861,autorités,autorités,autorités,unknown,autorités,wordfreq:fr,wordfreq_seeded;deterministically_filtered;structurally_curated
fr,v1,2,1836,1862,bernard,bernard,bernard,unknown,bernard,wordfreq:fr,wordfreq_seeded;deterministically_filtered;structurally_curated
fr,v1,2,1837,1863,biens,biens,biens,unknown,biens,wordfreq:fr,wordfreq_seeded;deterministically_filtered;structurally_curated
fr,v1,2,1838,1864,bordel,bordel,bordel,unknown,bordel,wordfreq:fr,wordfreq_seeded;deterministically_filtered;structurally_curated
fr,v1,2,1839,1865,cadeau,cadeau,cadeau,unknown,cadeau,wordfreq:fr,wordfreq_seeded;deterministically_filtered;structurally_curated
fr,v1,2,1840,1866,cent,cent,cent,unknown,cent,wordfreq:fr,wordfreq_seeded;deterministically_filtered;structurally_curated
fr,v1,2,1841,1867,chefs,chefs,chefs,unknown,chefs,wordfreq:fr,wordfreq_seeded;deterministically_filtered;structurally_curated
fr,v1,2,1842,1868,co,co,co,unknown,co,wordfreq:fr,wordfreq_seeded;deterministically_filtered;structurally_curated
fr,v1,2,1843,1869,colère,colère,colère,unknown,colère,wordfreq:fr,wordfreq_seeded;deterministically_filtered;structurally_curated
fr,v1,2,1844,1870,condition,condition,condition,unknown,condition,wordfreq:fr,wordfreq_seeded;deterministically_filtered;structurally_curated
fr,v1,2,1845,1871,conduit,conduit,conduit,unknown,conduit,wordfreq:fr,wordfreq_seeded;deterministically_filtered;structurally_curated
fr,v1,2,1846,1872,diverses,diverses,diverses,unknown,diverses,wordfreq:fr,wordfreq_seeded;deterministically_filtered;structurally_curated
fr,v1,2,1847,1873,dormir,dormir,dormir,unknown,dormir,wordfreq:fr,wordfreq_seeded;deterministically_filtered;structurally_curated
fr,v1,2,1848,1874,dépend,dépend,dépend,unknown,dépend,wordfreq:fr,wordfreq_seeded;deterministically_filtered;structurally_curated
fr,v1,2,1849,1875,eaux,eaux,eaux,unknown,eaux,wordfreq:fr,wordfreq_seeded;deterministically_filtered;structurally_curated
fr,v1,2,1850,1876,espèces,espèces,espèces,unknown,espèces,wordfreq:fr,wordfreq_seeded;deterministically_filtered;structurally_curated
fr,v1,2,1851,1877,excellent,excellent,excellent,unknown,excellent,wordfreq:fr,wordfreq_seeded;deterministically_filtered;structurally_curated
fr,v1,2,1852,1878,ferait,ferait,ferait,unknown,ferait,wordfreq:fr,wordfreq_seeded;deterministically_filtered;structurally_curated
fr,v1,2,1853,1879,foutre,foutre,foutre,unknown,foutre,wordfreq:fr,wordfreq_seeded;deterministically_filtered;structurally_curated
fr,v1,2,1854,1880,hasard,hasard,hasard,unknown,hasard,wordfreq:fr,wordfreq_seeded;deterministically_filtered;structurally_curated
fr,v1,2,1855,1882,importants,importants,importants,unknown,importants,wordfreq:fr,wordfreq_seeded;deterministically_filtered;structurally_curated
fr,v1,2,1856,1883,jaune,jaune,jaune,unknown,jaune,wordfreq:fr,wordfreq_seeded;deterministically_filtered;structurally_curated
fr,v1,2,1857,1884,jolie,jolie,jolie,unknown,jolie,wordfreq:fr,wordfreq_seeded;deterministically_filtered;structurally_curated
fr,v1,2,1858,1885,jésus,jésus,jésus,unknown,jésus,wordfreq:fr,wordfreq_seeded;deterministically_filtered;structurally_curated
fr,v1,2,1859,1886,longueur,longueur,longueur,unknown,longueur,wordfreq:fr,wordfreq_seeded;deterministically_filtered;structurally_curated
fr,v1,2,1860,1887,minimum,minimum,minimum,unknown,minimum,wordfreq:fr,wordfreq_seeded;deterministically_filtered;structurally_curated
fr,v1,2,1861,1888,moments,moments,moments,unknown,moments,wordfreq:fr,wordfreq_seeded;deterministically_filtered;structurally_curated
fr,v1,2,1862,1889,morte,morte,morte,unknown,morte,wordfreq:fr,wordfreq_seeded;deterministically_filtered;structurally_curated
fr,v1,2,1863,1890,musulmans,musulmans,musulmans,unknown,musulmans,wordfreq:fr,wordfreq_seeded;deterministically_filtered;structurally_curated
fr,v1,2,1864,1891,numérique,numérique,numérique,unknown,numérique,wordfreq:fr,wordfreq_seeded;deterministically_filtered;structurally_curated
fr,v1,2,1865,1892,nécessaires,nécessaires,nécessaires,unknown,nécessaires,wordfreq:fr,wordfreq_seeded;deterministically_filtered;structurally_curated
fr,v1,2,1866,1893,permettent,permettent,permettent,unknown,permettent,wordfreq:fr,wordfreq_seeded;deterministically_filtered;structurally_curated
fr,v1,2,1867,1894,phrase,phrase,phrase,unknown,phrase,wordfreq:fr,wordfreq_seeded;deterministically_filtered;structurally_curated
fr,v1,2,1868,1895,pointe,pointe,pointe,unknown,pointe,wordfreq:fr,wordfreq_seeded;deterministically_filtered;structurally_curated
fr,v1,2,1869,1896,porté,porté,porté,unknown,porté,wordfreq:fr,wordfreq_seeded;deterministically_filtered;structurally_curated
fr,v1,2,1870,1897,principale,principale,principale,unknown,principale,wordfreq:fr,wordfreq_seeded;deterministically_filtered;structurally_curated
fr,v1,2,1871,1898,professionnel,professionnel,professionnel,unknown,professionnel,wordfreq:fr,wordfreq_seeded;deterministically_filtered;structurally_curated
fr,v1,2,1872,1899,proposition,proposition,proposition,unknown,proposition,wordfreq:fr,wordfreq_seeded;deterministically_filtered;structurally_curated
fr,v1,2,1873,1900,publication,publication,publication,unknown,publication,wordfreq:fr,wordfreq_seeded;deterministically_filtered;structurally_curated
fr,v1,2,1874,1901,secours,secours,secours,unknown,secours,wordfreq:fr,wordfreq_seeded;deterministically_filtered;structurally_curated
fr,v1,2,1875,1902,sommet,sommet,sommet,unknown,sommet,wordfreq:fr,wordfreq_seeded;deterministically_filtered;structurally_curated
fr,v1,2,1876,1903,systèmes,systèmes,systèmes,unknown,systèmes,wordfreq:fr,wordfreq_seeded;deterministically_filtered;structurally_curated
fr,v1,2,1877,1904,us,us,us,unknown,us,wordfreq:fr,wordfreq_seeded;deterministically_filtered;structurally_curated
fr,v1,2,1878,1905,électrique,électrique,électrique,unknown,électrique,wordfreq:fr,wordfreq_seeded;deterministically_filtered;structurally_curated
fr,v1,2,1879,1906,œil,œil,œil,unknown,œil,wordfreq:fr,wordfreq_seeded;deterministically_filtered;structurally_curated
fr,v1,2,1880,1907,acheté,acheté,acheté,unknown,acheté,wordfreq:fr,wordfreq_seeded;deterministically_filtered;structurally_curated
fr,v1,2,1881,1908,acteur,acteur,acteur,unknown,acteur,wordfreq:fr,wordfreq_seeded;deterministically_filtered;structurally_curated
fr,v1,2,1882,1909,ajoute,ajoute,ajoute,unknown,ajoute,wordfreq:fr,wordfreq_seeded;deterministically_filtered;structurally_curated
fr,v1,2,1883,1910,arabe,arabe,arabe,unknown,arabe,wordfreq:fr,wordfreq_seeded;deterministically_filtered;structurally_curated
fr,v1,2,1884,1911,assure,assure,assure,unknown,assure,wordfreq:fr,wordfreq_seeded;deterministically_filtered;structurally_curated
fr,v1,2,1885,1912,augmenter,augmenter,augmenter,unknown,augmenter,wordfreq:fr,wordfreq_seeded;deterministically_filtered;structurally_curated
fr,v1,2,1886,1913,bar,bar,bar,unknown,bar,wordfreq:fr,wordfreq_seeded;deterministically_filtered;structurally_curated
fr,v1,2,1887,1914,blague,blague,blague,unknown,blague,wordfreq:fr,wordfreq_seeded;deterministically_filtered;structurally_curated
fr,v1,2,1888,1915,champion,champion,champion,unknown,champion,wordfreq:fr,wordfreq_seeded;deterministically_filtered;structurally_curated
fr,v1,2,1889,1916,chute,chute,chute,unknown,chute,wordfreq:fr,wordfreq_seeded;deterministically_filtered;structurally_curated
fr,v1,2,1890,1917,complète,complète,complète,unknown,complète,wordfreq:fr,wordfreq_seeded;deterministically_filtered;structurally_curated
fr,v1,2,1891,1918,compétition,compétition,compétition,unknown,compétition,wordfreq:fr,wordfreq_seeded;deterministically_filtered;structurally_curated
fr,v1,2,1892,1919,crime,crime,crime,unknown,crime,wordfreq:fr,wordfreq_seeded;deterministically_filtered;structurally_curated
fr,v1,2,1893,1920,croix,croix,croix,unknown,croix,wordfreq:fr,wordfreq_seeded;deterministically_filtered;structurally_curated
fr,v1,2,1894,1921,description,description,description,unknown,description,wordfreq:fr,wordfreq_seeded;deterministically_filtered;structurally_curated
fr,v1,2,1895,1922,devraient,devraient,devraient,unknown,devraient,wordfreq:fr,wordfreq_seeded;deterministically_filtered;structurally_curated
fr,v1,2,1896,1923,difficultés,difficultés,difficultés,unknown,difficultés,wordfreq:fr,wordfreq_seeded;deterministically_filtered;structurally_curated
fr,v1,2,1897,1924,dure,dure,dure,unknown,dure,wordfreq:fr,wordfreq_seeded;deterministically_filtered;structurally_curated
fr,v1,2,1898,1925,dépenses,dépenses,dépenses,unknown,dépenses,wordfreq:fr,wordfreq_seeded;deterministically_filtered;structurally_curated
fr,v1,2,1899,1926,efficace,efficace,efficace,unknown,efficace,wordfreq:fr,wordfreq_seeded;deterministically_filtered;structurally_curated
fr,v1,2,1900,1927,essayé,essayé,essayé,unknown,essayé,wordfreq:fr,wordfreq_seeded;deterministically_filtered;structurally_curated
fr,v1,2,1901,1928,européens,européens,européens,unknown,européens,wordfreq:fr,wordfreq_seeded;deterministically_filtered;structurally_curated
fr,v1,2,1902,1929,fiche,fiche,fiche,unknown,fiche,wordfreq:fr,wordfreq_seeded;deterministically_filtered;structurally_curated
fr,v1,2,1903,1930,garçon,garçon,garçon,unknown,garçon,wordfreq:fr,wordfreq_seeded;deterministically_filtered;structurally_curated
fr,v1,2,1904,1931,histoires,histoires,histoires,unknown,histoires,wordfreq:fr,wordfreq_seeded;deterministically_filtered;structurally_curated
fr,v1,2,1905,1932,interdit,interdit,interdit,unknown,interdit,wordfreq:fr,wordfreq_seeded;deterministically_filtered;structurally_curated
fr,v1,2,1906,1933,issue,issue,issue,unknown,issue,wordfreq:fr,wordfreq_seeded;deterministically_filtered;structurally_curated
fr,v1,2,1907,1934,journalistes,journalistes,journalistes,unknown,journalistes,wordfreq:fr,wordfreq_seeded;deterministically_filtered;structurally_curated
fr,v1,2,1908,1935,juifs,juifs,juifs,unknown,juifs,wordfreq:fr,wordfreq_seeded;deterministically_filtered;structurally_curated
fr,v1,2,1909,1936,mille,mille,mille,unknown,mille,wordfreq:fr,wordfreq_seeded;deterministically_filtered;structurally_curated
fr,v1,2,1910,1937,pain,pain,pain,unknown,pain,wordfreq:fr,wordfreq_seeded;deterministically_filtered;structurally_curated
fr,v1,2,1911,1938,paroles,paroles,paroles,unknown,paroles,wordfreq:fr,wordfreq_seeded;deterministically_filtered;structurally_curated
fr,v1,2,1912,1939,pensais,pensais,pensais,unknown,pensais,wordfreq:fr,wordfreq_seeded;deterministically_filtered;structurally_curated
fr,v1,2,1913,1940,perd,perd,perd,unknown,perd,wordfreq:fr,wordfreq_seeded;deterministically_filtered;structurally_curated
fr,v1,2,1914,1941,plans,plans,plans,unknown,plans,wordfreq:fr,wordfreq_seeded;deterministically_filtered;structurally_curated
fr,v1,2,1915,1942,pouvons,pouvons,pouvons,unknown,pouvons,wordfreq:fr,wordfreq_seeded;deterministically_filtered;structurally_curated
fr,v1,2,1916,1943,pratiques,pratiques,pratiques,unknown,pratiques,wordfreq:fr,wordfreq_seeded;deterministically_filtered;structurally_curated
fr,v1,2,1917,1944,quelles,quelles,quelles,unknown,quelles,wordfreq:fr,wordfreq_seeded;deterministically_filtered;structurally_curated
fr,v1,2,1918,1945,quels,quels,quels,unknown,quels,wordfreq:fr,wordfreq_seeded;deterministically_filtered;structurally_curated
fr,v1,2,1919,1946,repas,repas,repas,unknown,repas,wordfreq:fr,wordfreq_seeded;deterministically_filtered;structurally_curated
fr,v1,2,1920,1947,résistance,résistance,résistance,unknown,résistance,wordfreq:fr,wordfreq_seeded;deterministically_filtered;structurally_curated
fr,v1,2,1921,1948,soutenir,soutenir,soutenir,unknown,soutenir,wordfreq:fr,wordfreq_seeded;deterministically_filtered;structurally_curated
fr,v1,2,1922,1949,suivante,suivante,suivante,unknown,suivante,wordfreq:fr,wordfreq_seeded;deterministically_filtered;structurally_curated
fr,v1,2,1923,1950,terminé,terminé,terminé,unknown,terminé,wordfreq:fr,wordfreq_seeded;deterministically_filtered;structurally_curated
fr,v1,2,1924,1951,vêtements,vêtements,vêtements,unknown,vêtements,wordfreq:fr,wordfreq_seeded;deterministically_filtered;structurally_curated
fr,v1,2,1925,1952,échelle,échelle,échelle,unknown,échelle,wordfreq:fr,wordfreq_seeded;deterministically_filtered;structurally_curated
fr,v1,2,1926,1953,aimes,aimes,aimes,unknown,aimes,wordfreq:fr,wordfreq_seeded;deterministically_filtered;structurally_curated
fr,v1,2,1927,1954,appartient,appartient,appartient,unknown,appartient,wordfreq:fr,wordfreq_seeded;deterministically_filtered;structurally_curated
fr,v1,2,1928,1955,aéroport,aéroport,aéroport,unknown,aéroport,wordfreq:fr,wordfreq_seeded;deterministically_filtered;structurally_curated
fr,v1,2,1929,1956,canal,canal,canal,unknown,canal,wordfreq:fr,wordfreq_seeded;deterministically_filtered;structurally_curated
fr,v1,2,1930,1957,chier,chier,chier,unknown,chier,wordfreq:fr,wordfreq_seeded;deterministically_filtered;structurally_curated
fr,v1,2,1931,1958,chiffre,chiffre,chiffre,unknown,chiffre,wordfreq:fr,wordfreq_seeded;deterministically_filtered;structurally_curated
fr,v1,2,1932,1959,comte,comte,comte,unknown,comte,wordfreq:fr,wordfreq_seeded;deterministically_filtered;structurally_curated
fr,v1,2,1933,1960,constitue,constitue,constitue,unknown,constitue,wordfreq:fr,wordfreq_seeded;deterministically_filtered;structurally_curated
fr,v1,2,1934,1961,contrairement,contrairement,contrairement,unknown,contrairement,wordfreq:fr,wordfreq_seeded;deterministically_filtered;structurally_curated
fr,v1,2,1935,1962,défaut,défaut,défaut,unknown,défaut,wordfreq:fr,wordfreq_seeded;deterministically_filtered;structurally_curated
fr,v1,2,1936,1963,enfance,enfance,enfance,unknown,enfance,wordfreq:fr,wordfreq_seeded;deterministically_filtered;structurally_curated
fr,v1,2,1937,1964,estime,estime,estime,unknown,estime,wordfreq:fr,wordfreq_seeded;deterministically_filtered;structurally_curated
fr,v1,2,1938,1965,gare,gare,gare,unknown,gare,wordfreq:fr,wordfreq_seeded;deterministically_filtered;structurally_curated
fr,v1,2,1939,1966,glace,glace,glace,unknown,glace,wordfreq:fr,wordfreq_seeded;deterministically_filtered;structurally_curated
fr,v1,2,1940,1967,hommage,hommage,hommage,unknown,hommage,wordfreq:fr,wordfreq_seeded;deterministically_filtered;structurally_curated
fr,v1,2,1941,1968,humanité,humanité,humanité,unknown,humanité,wordfreq:fr,wordfreq_seeded;deterministically_filtered;structurally_curated
fr,v1,2,1942,1969,info,info,info,unknown,info,wordfreq:fr,wordfreq_seeded;deterministically_filtered;structurally_curated
fr,v1,2,1943,1970,intéresse,intéresse,intéresse,unknown,intéresse,wordfreq:fr,wordfreq_seeded;deterministically_filtered;structurally_curated
fr,v1,2,1944,1971,logement,logement,logement,unknown,logement,wordfreq:fr,wordfreq_seeded;deterministically_filtered;structurally_curated
fr,v1,2,1945,1972,maximum,maximum,maximum,unknown,maximum,wordfreq:fr,wordfreq_seeded;deterministically_filtered;structurally_curated
fr,v1,2,1946,1973,meilleures,meilleures,meilleures,unknown,meilleures,wordfreq:fr,wordfreq_seeded;deterministically_filtered;structurally_curated
fr,v1,2,1947,1974,nice,nice,nice,unknown,nice,wordfreq:fr,wordfreq_seeded;deterministically_filtered;structurally_curated
fr,v1,2,1948,1975,piste,piste,piste,unknown,piste,wordfreq:fr,wordfreq_seeded;deterministically_filtered;structurally_curated
fr,v1,2,1949,1976,plage,plage,plage,unknown,plage,wordfreq:fr,wordfreq_seeded;deterministically_filtered;structurally_curated
fr,v1,2,1950,1977,policiers,policiers,policiers,unknown,policiers,wordfreq:fr,wordfreq_seeded;deterministically_filtered;structurally_curated
fr,v1,2,1951,1978,post,post,post,unknown,post,wordfreq:fr,wordfreq_seeded;deterministically_filtered;structurally_curated
fr,v1,2,1952,1979,pouvoirs,pouvoirs,pouvoirs,unknown,pouvoirs,wordfreq:fr,wordfreq_seeded;deterministically_filtered;structurally_curated
fr,v1,2,1953,1980,procédure,procédure,procédure,unknown,procédure,wordfreq:fr,wordfreq_seeded;deterministically_filtered;structurally_curated
fr,v1,2,1954,1981,produire,produire,produire,unknown,produire,wordfreq:fr,wordfreq_seeded;deterministically_filtered;structurally_curated
fr,v1,2,1955,1982,proximité,proximité,proximité,unknown,proximité,wordfreq:fr,wordfreq_seeded;deterministically_filtered;structurally_curated
fr,v1,2,1956,1983,précise,précise,précise,unknown,précise,wordfreq:fr,wordfreq_seeded;deterministically_filtered;structurally_curated
fr,v1,2,1957,1984,prêts,prêts,prêts,unknown,prêts,wordfreq:fr,wordfreq_seeded;deterministically_filtered;structurally_curated
fr,v1,2,1958,1985,restent,restent,restent,unknown,restent,wordfreq:fr,wordfreq_seeded;deterministically_filtered;structurally_curated
fr,v1,2,1959,1986,signé,signé,signé,unknown,signé,wordfreq:fr,wordfreq_seeded;deterministically_filtered;structurally_curated
fr,v1,2,1960,1987,station,station,station,unknown,station,wordfreq:fr,wordfreq_seeded;deterministically_filtered;structurally_curated
fr,v1,2,1961,1988,stratégie,stratégie,stratégie,unknown,stratégie,wordfreq:fr,wordfreq_seeded;deterministically_filtered;structurally_curated
fr,v1,2,1962,1989,telles,telles,telles,unknown,telles,wordfreq:fr,wordfreq_seeded;deterministically_filtered;structurally_curated
fr,v1,2,1963,1990,terres,terres,terres,unknown,terres,wordfreq:fr,wordfreq_seeded;deterministically_filtered;structurally_curated
fr,v1,2,1964,1991,tourne,tourne,tourne,unknown,tourne,wordfreq:fr,wordfreq_seeded;deterministically_filtered;structurally_curated
fr,v1,2,1965,1992,volume,volume,volume,unknown,volume,wordfreq:fr,wordfreq_seeded;deterministically_filtered;structurally_curated
fr,v1,2,1966,1993,voyez,voyez,voyez,unknown,voyez,wordfreq:fr,wordfreq_seeded;deterministically_filtered;structurally_curated
fr,v1,2,1967,1994,égalité,égalité,égalité,unknown,égalité,wordfreq:fr,wordfreq_seeded;deterministically_filtered;structurally_curated
fr,v1,2,1968,1995,élus,élus,élus,unknown,élus,wordfreq:fr,wordfreq_seeded;deterministically_filtered;structurally_curated
fr,v1,2,1969,1996,boire,boire,boire,unknown,boire,wordfreq:fr,wordfreq_seeded;deterministically_filtered;structurally_curated
fr,v1,2,1970,1997,chômage,chômage,chômage,unknown,chômage,wordfreq:fr,wordfreq_seeded;deterministically_filtered;structurally_curated
fr,v1,2,1971,1998,claire,claire,claire,unknown,claire,wordfreq:fr,wordfreq_seeded;deterministically_filtered;structurally_curated
fr,v1,2,1972,1999,clé,clé,clé,unknown,clé,wordfreq:fr,wordfreq_seeded;deterministically_filtered;structurally_curated
fr,v1,2,1973,2000,comportement,comportement,comportement,unknown,comportement,wordfreq:fr,wordfreq_seeded;deterministically_filtered;structurally_curated
fr,v1,2,1974,2001,congrès,congrès,congrès,unknown,congrès,wordfreq:fr,wordfreq_seeded;deterministically_filtered;structurally_curated
fr,v1,2,1975,2002,critiques,critiques,critiques,unknown,critiques,wordfreq:fr,wordfreq_seeded;deterministically_filtered;structurally_curated
fr,v1,2,1976,2003,demeure,demeure,demeure,unknown,demeure,wordfreq:fr,wordfreq_seeded;deterministically_filtered;structurally_curated
fr,v1,2,1977,2004,discussion,discussion,discussion,unknown,discussion,wordfreq:fr,wordfreq_seeded;deterministically_filtered;structurally_curated
fr,v1,2,1978,2005,distribution,distribution,distribution,unknown,distribution,wordfreq:fr,wordfreq_seeded;deterministically_filtered;structurally_curated
fr,v1,2,1979,2006,division,division,division,unknown,division,wordfreq:fr,wordfreq_seeded;deterministically_filtered;structurally_curated
fr,v1,2,1980,2007,dr,dr,dr,unknown,dr,wordfreq:fr,wordfreq_seeded;deterministically_filtered;structurally_curated
fr,v1,2,1981,2008,définition,définition,définition,unknown,définition,wordfreq:fr,wordfreq_seeded;deterministically_filtered;structurally_curated
fr,v1,2,1982,2009,effort,effort,effort,unknown,effort,wordfreq:fr,wordfreq_seeded;deterministically_filtered;structurally_curated
fr,v1,2,1983,2010,importantes,importantes,importantes,unknown,importantes,wordfreq:fr,wordfreq_seeded;deterministically_filtered;structurally_curated
fr,v1,2,1984,2011,langues,langues,langues,unknown,langues,wordfreq:fr,wordfreq_seeded;deterministically_filtered;structurally_curated
fr,v1,2,1985,2012,mandat,mandat,mandat,unknown,mandat,wordfreq:fr,wordfreq_seeded;deterministically_filtered;structurally_curated
fr,v1,2,1986,2013,montagne,montagne,montagne,unknown,montagne,wordfreq:fr,wordfreq_seeded;deterministically_filtered;structurally_curated
fr,v1,2,1987,2014,médecine,médecine,médecine,unknown,médecine,wordfreq:fr,wordfreq_seeded;deterministically_filtered;structurally_curated
fr,v1,2,1988,2015,net,net,net,unknown,net,wordfreq:fr,wordfreq_seeded;deterministically_filtered;structurally_curated
fr,v1,2,1989,2016,noirs,noirs,noirs,unknown,noirs,wordfreq:fr,wordfreq_seeded;deterministically_filtered;structurally_curated
fr,v1,2,1990,2017,nourriture,nourriture,nourriture,unknown,nourriture,wordfreq:fr,wordfreq_seeded;deterministically_filtered;structurally_curated
fr,v1,2,1991,2018,pape,pape,pape,unknown,pape,wordfreq:fr,wordfreq_seeded;deterministically_filtered;structurally_curated
fr,v1,2,1992,2019,parlent,parlent,parlent,unknown,parlent,wordfreq:fr,wordfreq_seeded;deterministically_filtered;structurally_curated
fr,v1,2,1993,2020,phénomène,phénomène,phénomène,unknown,phénomène,wordfreq:fr,wordfreq_seeded;deterministically_filtered;structurally_curated
fr,v1,2,1994,2021,portant,portant,portant,unknown,portant,wordfreq:fr,wordfreq_seeded;deterministically_filtered;structurally_curated
fr,v1,2,1995,2022,portée,portée,portée,unknown,portée,wordfreq:fr,wordfreq_seeded;deterministically_filtered;structurally_curated
fr,v1,2,1996,2023,précédent,précédent,précédent,unknown,précédent,wordfreq:fr,wordfreq_seeded;deterministically_filtered;structurally_curated
fr,v1,2,1997,2024,prête,prête,prête,unknown,prête,wordfreq:fr,wordfreq_seeded;deterministically_filtered;structurally_curated
fr,v1,2,1998,2025,refuse,refuse,refuse,unknown,refuse,wordfreq:fr,wordfreq_seeded;deterministically_filtered;structurally_curated
fr,v1,2,1999,2026,rencontres,rencontres,rencontres,unknown,rencontres,wordfreq:fr,wordfreq_seeded;deterministically_filtered;structurally_curated
fr,v1,2,2000,2027,reprise,reprise,reprise,unknown,reprise,wordfreq:fr,wordfreq_seeded;deterministically_filtered;structurally_curated
fr,v1,3,2001,2028,représentant,représentant,représentant,unknown,représentant,wordfreq:fr,wordfreq_seeded;deterministically_filtered;structurally_curated
fr,v1,3,2002,2029,répondu,répondu,répondu,unknown,répondu,wordfreq:fr,wordfreq_seeded;deterministically_filtered;structurally_curated
fr,v1,3,2003,2030,sale,sale,sale,unknown,sale,wordfreq:fr,wordfreq_seeded;deterministically_filtered;structurally_curated
fr,v1,3,2004,2031,tenue,tenue,tenue,unknown,tenue,wordfreq:fr,wordfreq_seeded;deterministically_filtered;structurally_curated
fr,v1,3,2005,2032,toulouse,toulouse,toulouse,unknown,toulouse,wordfreq:fr,wordfreq_seeded;deterministically_filtered;structurally_curated
fr,v1,3,2006,2033,œuvres,œuvres,œuvres,unknown,œuvres,wordfreq:fr,wordfreq_seeded;deterministically_filtered;structurally_curated
fr,v1,3,2007,2034,amoureux,amoureux,amoureux,unknown,amoureux,wordfreq:fr,wordfreq_seeded;deterministically_filtered;structurally_curated
fr,v1,3,2008,2035,animal,animal,animal,unknown,animal,wordfreq:fr,wordfreq_seeded;deterministically_filtered;structurally_curated
fr,v1,3,2009,2036,appartement,appartement,appartement,unknown,appartement,wordfreq:fr,wordfreq_seeded;deterministically_filtered;structurally_curated
fr,v1,3,2010,2037,bateau,bateau,bateau,unknown,bateau,wordfreq:fr,wordfreq_seeded;deterministically_filtered;structurally_curated
fr,v1,3,2011,2038,bilan,bilan,bilan,unknown,bilan,wordfreq:fr,wordfreq_seeded;deterministically_filtered;structurally_curated
fr,v1,3,2012,2039,blancs,blancs,blancs,unknown,blancs,wordfreq:fr,wordfreq_seeded;deterministically_filtered;structurally_curated
fr,v1,3,2013,2040,cabinet,cabinet,cabinet,unknown,cabinet,wordfreq:fr,wordfreq_seeded;deterministically_filtered;structurally_curated
fr,v1,3,2014,2041,cap,cap,cap,unknown,cap,wordfreq:fr,wordfreq_seeded;deterministically_filtered;structurally_curated
fr,v1,3,2015,2042,classes,classes,classes,unknown,classes,wordfreq:fr,wordfreq_seeded;deterministically_filtered;structurally_curated
fr,v1,3,2016,2043,considéré,considéré,considéré,unknown,considéré,wordfreq:fr,wordfreq_seeded;deterministically_filtered;structurally_curated
fr,v1,3,2017,2044,demandes,demandes,demandes,unknown,demandes,wordfreq:fr,wordfreq_seeded;deterministically_filtered;structurally_curated
fr,v1,3,2018,2045,devenue,devenue,devenue,unknown,devenue,wordfreq:fr,wordfreq_seeded;deterministically_filtered;structurally_curated
fr,v1,3,2019,2046,disparu,disparu,disparu,unknown,disparu,wordfreq:fr,wordfreq_seeded;deterministically_filtered;structurally_curated
fr,v1,3,2020,2047,donnent,donnent,donnent,unknown,donnent,wordfreq:fr,wordfreq_seeded;deterministically_filtered;structurally_curated
fr,v1,3,2021,2048,douleur,douleur,douleur,unknown,douleur,wordfreq:fr,wordfreq_seeded;deterministically_filtered;structurally_curated
fr,v1,3,2022,2049,décès,décès,décès,unknown,décès,wordfreq:fr,wordfreq_seeded;deterministically_filtered;structurally_curated
fr,v1,3,2023,2050,démocratie,démocratie,démocratie,unknown,démocratie,wordfreq:fr,wordfreq_seeded;deterministically_filtered;structurally_curated
fr,v1,3,2024,2051,emplois,emplois,emplois,unknown,emplois,wordfreq:fr,wordfreq_seeded;deterministically_filtered;structurally_curated
fr,v1,3,2025,2052,espagnol,espagnol,espagnol,unknown,espagnol,wordfreq:fr,wordfreq_seeded;deterministically_filtered;structurally_curated
fr,v1,3,2026,2053,faim,faim,faim,unknown,faim,wordfreq:fr,wordfreq_seeded;deterministically_filtered;structurally_curated
fr,v1,3,2027,2054,formule,formule,formule,unknown,formule,wordfreq:fr,wordfreq_seeded;deterministically_filtered;structurally_curated
fr,v1,3,2028,2055,lait,lait,lait,unknown,lait,wordfreq:fr,wordfreq_seeded;deterministically_filtered;structurally_curated
fr,v1,3,2029,2056,lancé,lancé,lancé,unknown,lancé,wordfreq:fr,wordfreq_seeded;deterministically_filtered;structurally_curated
fr,v1,3,2030,2057,lune,lune,lune,unknown,lune,wordfreq:fr,wordfreq_seeded;deterministically_filtered;structurally_curated
fr,v1,3,2031,2058,marqué,marqué,marqué,unknown,marqué,wordfreq:fr,wordfreq_seeded;deterministically_filtered;structurally_curated
fr,v1,3,2032,2059,office,office,office,unknown,office,wordfreq:fr,wordfreq_seeded;deterministically_filtered;structurally_curated
fr,v1,3,2033,2060,ordres,ordres,ordres,unknown,ordres,wordfreq:fr,wordfreq_seeded;deterministically_filtered;structurally_curated
fr,v1,3,2034,2061,peinture,peinture,peinture,unknown,peinture,wordfreq:fr,wordfreq_seeded;deterministically_filtered;structurally_curated
fr,v1,3,2035,2062,printemps,printemps,printemps,unknown,printemps,wordfreq:fr,wordfreq_seeded;deterministically_filtered;structurally_curated
fr,v1,3,2036,2063,profit,profit,profit,unknown,profit,wordfreq:fr,wordfreq_seeded;deterministically_filtered;structurally_curated
fr,v1,3,2037,2064,programmes,programmes,programmes,unknown,programmes,wordfreq:fr,wordfreq_seeded;deterministically_filtered;structurally_curated
fr,v1,3,2038,2065,rencontré,rencontré,rencontré,unknown,rencontré,wordfreq:fr,wordfreq_seeded;deterministically_filtered;structurally_curated
fr,v1,3,2039,2066,restaurant,restaurant,restaurant,unknown,restaurant,wordfreq:fr,wordfreq_seeded;deterministically_filtered;structurally_curated
fr,v1,3,2040,2067,retourner,retourner,retourner,unknown,retourner,wordfreq:fr,wordfreq_seeded;deterministically_filtered;structurally_curated
fr,v1,3,2041,2068,rues,rues,rues,unknown,rues,wordfreq:fr,wordfreq_seeded;deterministically_filtered;structurally_curated
fr,v1,3,2042,2069,scientifiques,scientifiques,scientifiques,unknown,scientifiques,wordfreq:fr,wordfreq_seeded;deterministically_filtered;structurally_curated
fr,v1,3,2043,2070,seine,seine,seine,unknown,seine,wordfreq:fr,wordfreq_seeded;deterministically_filtered;structurally_curated
fr,v1,3,2044,2071,température,température,température,unknown,température,wordfreq:fr,wordfreq_seeded;deterministically_filtered;structurally_curated
fr,v1,3,2045,2072,up,up,up,unknown,up,wordfreq:fr,wordfreq_seeded;deterministically_filtered;structurally_curated
fr,v1,3,2046,2073,véhicule,véhicule,véhicule,unknown,véhicule,wordfreq:fr,wordfreq_seeded;deterministically_filtered;structurally_curated
fr,v1,3,2047,2074,alain,alain,alain,unknown,alain,wordfreq:fr,wordfreq_seeded;deterministically_filtered;structurally_curated
fr,v1,3,2048,2075,allemands,allemands,allemands,unknown,allemands,wordfreq:fr,wordfreq_seeded;deterministically_filtered;structurally_curated
fr,v1,3,2049,2076,andré,andré,andré,unknown,andré,wordfreq:fr,wordfreq_seeded;deterministically_filtered;structurally_curated
fr,v1,3,2050,2077,apporter,apporter,apporter,unknown,apporter,wordfreq:fr,wordfreq_seeded;deterministically_filtered;structurally_curated
fr,v1,3,2051,2078,arrivent,arrivent,arrivent,unknown,arrivent,wordfreq:fr,wordfreq_seeded;deterministically_filtered;structurally_curated
fr,v1,3,2052,2079,balle,balle,balle,unknown,balle,wordfreq:fr,wordfreq_seeded;deterministically_filtered;structurally_curated
fr,v1,3,2053,2080,barre,barre,barre,unknown,barre,wordfreq:fr,wordfreq_seeded;deterministically_filtered;structurally_curated
fr,v1,3,2054,2081,bibliothèque,bibliothèque,bibliothèque,unknown,bibliothèque,wordfreq:fr,wordfreq_seeded;deterministically_filtered;structurally_curated
fr,v1,3,2055,2082,climat,climat,climat,unknown,climat,wordfreq:fr,wordfreq_seeded;deterministically_filtered;structurally_curated
fr,v1,3,2056,2083,conflit,conflit,conflit,unknown,conflit,wordfreq:fr,wordfreq_seeded;deterministically_filtered;structurally_curated
fr,v1,3,2057,2084,difficulté,difficulté,difficulté,unknown,difficulté,wordfreq:fr,wordfreq_seeded;deterministically_filtered;structurally_curated
fr,v1,3,2058,2085,essentiel,essentiel,essentiel,unknown,essentiel,wordfreq:fr,wordfreq_seeded;deterministically_filtered;structurally_curated
fr,v1,3,2059,2086,euro,euro,euro,unknown,euro,wordfreq:fr,wordfreq_seeded;deterministically_filtered;structurally_curated
fr,v1,3,2060,2087,exception,exception,exception,unknown,exception,wordfreq:fr,wordfreq_seeded;deterministically_filtered;structurally_curated
fr,v1,3,2061,2088,extrêmement,extrêmement,extrêmement,unknown,extrêmement,wordfreq:fr,wordfreq_seeded;deterministically_filtered;structurally_curated
fr,v1,3,2062,2089,for,for,for,unknown,for,wordfreq:fr,wordfreq_seeded;deterministically_filtered;structurally_curated
fr,v1,3,2063,2090,forêt,forêt,forêt,unknown,forêt,wordfreq:fr,wordfreq_seeded;deterministically_filtered;structurally_curated
fr,v1,3,2064,2091,frontière,frontière,frontière,unknown,frontière,wordfreq:fr,wordfreq_seeded;deterministically_filtered;structurally_curated
fr,v1,3,2065,2092,gratuit,gratuit,gratuit,unknown,gratuit,wordfreq:fr,wordfreq_seeded;deterministically_filtered;structurally_curated
fr,v1,3,2066,2093,génie,génie,génie,unknown,génie,wordfreq:fr,wordfreq_seeded;deterministically_filtered;structurally_curated
fr,v1,3,2067,2094,henri,henri,henri,unknown,henri,wordfreq:fr,wordfreq_seeded;deterministically_filtered;structurally_curated
fr,v1,3,2068,2095,honte,honte,honte,unknown,honte,wordfreq:fr,wordfreq_seeded;deterministically_filtered;structurally_curated
fr,v1,3,2069,2096,invité,invité,invité,unknown,invité,wordfreq:fr,wordfreq_seeded;deterministically_filtered;structurally_curated
fr,v1,3,2070,2097,islam,islam,islam,unknown,islam,wordfreq:fr,wordfreq_seeded;deterministically_filtered;structurally_curated
fr,v1,3,2071,2098,locale,locale,locale,unknown,locale,wordfreq:fr,wordfreq_seeded;deterministically_filtered;structurally_curated
fr,v1,3,2072,2099,menace,menace,menace,unknown,menace,wordfreq:fr,wordfreq_seeded;deterministically_filtered;structurally_curated
fr,v1,3,2073,2100,mettent,mettent,mettent,unknown,mettent,wordfreq:fr,wordfreq_seeded;deterministically_filtered;structurally_curated
fr,v1,3,2074,2101,mobile,mobile,mobile,unknown,mobile,wordfreq:fr,wordfreq_seeded;deterministically_filtered;structurally_curated
fr,v1,3,2075,2102,mouvements,mouvements,mouvements,unknown,mouvements,wordfreq:fr,wordfreq_seeded;deterministically_filtered;structurally_curated
fr,v1,3,2076,2103,occuper,occuper,occuper,unknown,occuper,wordfreq:fr,wordfreq_seeded;deterministically_filtered;structurally_curated
fr,v1,3,2077,2104,orange,orange,orange,unknown,orange,wordfreq:fr,wordfreq_seeded;deterministically_filtered;structurally_curated
fr,v1,3,2078,2105,pauvres,pauvres,pauvres,unknown,pauvres,wordfreq:fr,wordfreq_seeded;deterministically_filtered;structurally_curated
fr,v1,3,2079,2106,payé,payé,payé,unknown,payé,wordfreq:fr,wordfreq_seeded;deterministically_filtered;structurally_curated
fr,v1,3,2080,2107,présentation,présentation,présentation,unknown,présentation,wordfreq:fr,wordfreq_seeded;deterministically_filtered;structurally_curated
fr,v1,3,2081,2108,présidentielle,présidentielle,présidentielle,unknown,présidentielle,wordfreq:fr,wordfreq_seeded;deterministically_filtered;structurally_curated
fr,v1,3,2082,2109,quantité,quantité,quantité,unknown,quantité,wordfreq:fr,wordfreq_seeded;deterministically_filtered;structurally_curated
fr,v1,3,2083,2110,race,race,race,unknown,race,wordfreq:fr,wordfreq_seeded;deterministically_filtered;structurally_curated
fr,v1,3,2084,2111,rares,rares,rares,unknown,rares,wordfreq:fr,wordfreq_seeded;deterministically_filtered;structurally_curated
fr,v1,3,2085,2112,reconnu,reconnu,reconnu,unknown,reconnu,wordfreq:fr,wordfreq_seeded;deterministically_filtered;structurally_curated
fr,v1,3,2086,2113,réellement,réellement,réellement,unknown,réellement,wordfreq:fr,wordfreq_seeded;deterministically_filtered;structurally_curated
fr,v1,3,2087,2114,sarkozy,sarkozy,sarkozy,unknown,sarkozy,wordfreq:fr,wordfreq_seeded;deterministically_filtered;structurally_curated
fr,v1,3,2088,2115,solutions,solutions,solutions,unknown,solutions,wordfreq:fr,wordfreq_seeded;deterministically_filtered;structurally_curated
fr,v1,3,2089,2116,thème,thème,thème,unknown,thème,wordfreq:fr,wordfreq_seeded;deterministically_filtered;structurally_curated
fr,v1,3,2090,2117,tours,tours,tours,unknown,tours,wordfreq:fr,wordfreq_seeded;deterministically_filtered;structurally_curated
fr,v1,3,2091,2118,usine,usine,usine,unknown,usine,wordfreq:fr,wordfreq_seeded;deterministically_filtered;structurally_curated
fr,v1,3,2092,2119,vincent,vincent,vincent,unknown,vincent,wordfreq:fr,wordfreq_seeded;deterministically_filtered;structurally_curated
fr,v1,3,2093,2120,aient,aient,aient,unknown,aient,wordfreq:fr,wordfreq_seeded;deterministically_filtered;structurally_curated
fr,v1,3,2094,2121,ambiance,ambiance,ambiance,unknown,ambiance,wordfreq:fr,wordfreq_seeded;deterministically_filtered;structurally_curated
fr,v1,3,2095,2122,anne,anne,anne,unknown,anne,wordfreq:fr,wordfreq_seeded;deterministically_filtered;structurally_curated
fr,v1,3,2096,2123,annoncé,annoncé,annoncé,unknown,annoncé,wordfreq:fr,wordfreq_seeded;deterministically_filtered;structurally_curated
fr,v1,3,2097,2124,aventure,aventure,aventure,unknown,aventure,wordfreq:fr,wordfreq_seeded;deterministically_filtered;structurally_curated
fr,v1,3,2098,2125,blessé,blessé,blessé,unknown,blessé,wordfreq:fr,wordfreq_seeded;deterministically_filtered;structurally_curated
fr,v1,3,2099,2126,central,central,central,unknown,central,wordfreq:fr,wordfreq_seeded;deterministically_filtered;structurally_curated
fr,v1,3,2100,2127,contient,contient,contient,unknown,contient,wordfreq:fr,wordfreq_seeded;deterministically_filtered;structurally_curated
fr,v1,3,2101,2128,daniel,daniel,daniel,unknown,daniel,wordfreq:fr,wordfreq_seeded;deterministically_filtered;structurally_curated
fr,v1,3,2102,2129,dessin,dessin,dessin,unknown,dessin,wordfreq:fr,wordfreq_seeded;deterministically_filtered;structurally_curated
fr,v1,3,2103,2130,duc,duc,duc,unknown,duc,wordfreq:fr,wordfreq_seeded;deterministically_filtered;structurally_curated
fr,v1,3,2104,2131,décide,décide,décide,unknown,décide,wordfreq:fr,wordfreq_seeded;deterministically_filtered;structurally_curated
fr,v1,3,2105,2132,déclaré,déclaré,déclaré,unknown,déclaré,wordfreq:fr,wordfreq_seeded;deterministically_filtered;structurally_curated
fr,v1,3,2106,2133,défaite,défaite,défaite,unknown,défaite,wordfreq:fr,wordfreq_seeded;deterministically_filtered;structurally_curated
fr,v1,3,2107,2134,empêche,empêche,empêche,unknown,empêche,wordfreq:fr,wordfreq_seeded;deterministically_filtered;structurally_curated
fr,v1,3,2108,2135,erreurs,erreurs,erreurs,unknown,erreurs,wordfreq:fr,wordfreq_seeded;deterministically_filtered;structurally_curated
fr,v1,3,2109,2136,finances,finances,finances,unknown,finances,wordfreq:fr,wordfreq_seeded;deterministically_filtered;structurally_curated
fr,v1,3,2110,2137,finit,finit,finit,unknown,finit,wordfreq:fr,wordfreq_seeded;deterministically_filtered;structurally_curated
fr,v1,3,2111,2138,fous,fous,fous,unknown,fous,wordfreq:fr,wordfreq_seeded;deterministically_filtered;structurally_curated
fr,v1,3,2112,2139,fédération,fédération,fédération,unknown,fédération,wordfreq:fr,wordfreq_seeded;deterministically_filtered;structurally_curated
fr,v1,3,2113,2140,huile,huile,huile,unknown,huile,wordfreq:fr,wordfreq_seeded;deterministically_filtered;structurally_curated
fr,v1,3,2114,2141,inquiète,inquiète,inquiète,unknown,inquiète,wordfreq:fr,wordfreq_seeded;deterministically_filtered;structurally_curated
fr,v1,3,2115,2142,israël,israël,israël,unknown,israël,wordfreq:fr,wordfreq_seeded;deterministically_filtered;structurally_curated
fr,v1,3,2116,2143,james,james,james,unknown,james,wordfreq:fr,wordfreq_seeded;deterministically_filtered;structurally_curated
fr,v1,3,2117,2144,k,k,k,unknown,k,wordfreq:fr,wordfreq_seeded;deterministically_filtered;structurally_curated
fr,v1,3,2118,2145,littérature,littérature,littérature,unknown,littérature,wordfreq:fr,wordfreq_seeded;deterministically_filtered;structurally_curated
fr,v1,3,2119,2146,messages,messages,messages,unknown,messages,wordfreq:fr,wordfreq_seeded;deterministically_filtered;structurally_curated
fr,v1,3,2120,2147,min,min,min,unknown,min,wordfreq:fr,wordfreq_seeded;deterministically_filtered;structurally_curated
fr,v1,3,2121,2148,médecins,médecins,médecins,unknown,médecins,wordfreq:fr,wordfreq_seeded;deterministically_filtered;structurally_curated
fr,v1,3,2122,2149,métro,métro,métro,unknown,métro,wordfreq:fr,wordfreq_seeded;deterministically_filtered;structurally_curated
fr,v1,3,2123,2150,nation,nation,nation,unknown,nation,wordfreq:fr,wordfreq_seeded;deterministically_filtered;structurally_curated
fr,v1,3,2124,2151,oeuvre,oeuvre,oeuvre,unknown,oeuvre,wordfreq:fr,wordfreq_seeded;deterministically_filtered;structurally_curated
fr,v1,3,2125,2152,penses,penses,penses,unknown,penses,wordfreq:fr,wordfreq_seeded;deterministically_filtered;structurally_curated
fr,v1,3,2126,2153,placé,placé,placé,unknown,placé,wordfreq:fr,wordfreq_seeded;deterministically_filtered;structurally_curated
fr,v1,3,2127,2154,pq,pq,pq,unknown,pq,wordfreq:fr,wordfreq_seeded;deterministically_filtered;structurally_curated
fr,v1,3,2128,2155,proposé,proposé,proposé,unknown,proposé,wordfreq:fr,wordfreq_seeded;deterministically_filtered;structurally_curated
fr,v1,3,2129,2156,rapports,rapports,rapports,unknown,rapports,wordfreq:fr,wordfreq_seeded;deterministically_filtered;structurally_curated
fr,v1,3,2130,2157,relativement,relativement,relativement,unknown,relativement,wordfreq:fr,wordfreq_seeded;deterministically_filtered;structurally_curated
fr,v1,3,2131,2158,rivière,rivière,rivière,unknown,rivière,wordfreq:fr,wordfreq_seeded;deterministically_filtered;structurally_curated
fr,v1,3,2132,2159,robe,robe,robe,unknown,robe,wordfreq:fr,wordfreq_seeded;deterministically_filtered;structurally_curated
fr,v1,3,2133,2160,réalisation,réalisation,réalisation,unknown,réalisation,wordfreq:fr,wordfreq_seeded;deterministically_filtered;structurally_curated
fr,v1,3,2134,2161,réponses,réponses,réponses,unknown,réponses,wordfreq:fr,wordfreq_seeded;deterministically_filtered;structurally_curated
fr,v1,3,2135,2162,salaire,salaire,salaire,unknown,salaire,wordfreq:fr,wordfreq_seeded;deterministically_filtered;structurally_curated
fr,v1,3,2136,2163,soeur,soeur,soeur,unknown,soeur,wordfreq:fr,wordfreq_seeded;deterministically_filtered;structurally_curated
fr,v1,3,2137,2164,toucher,toucher,toucher,unknown,toucher,wordfreq:fr,wordfreq_seeded;deterministically_filtered;structurally_curated
fr,v1,3,2138,2165,traduction,traduction,traduction,unknown,traduction,wordfreq:fr,wordfreq_seeded;deterministically_filtered;structurally_curated
fr,v1,3,2139,2166,tranquille,tranquille,tranquille,unknown,tranquille,wordfreq:fr,wordfreq_seeded;deterministically_filtered;structurally_curated
fr,v1,3,2140,2167,trente,trente,trente,unknown,trente,wordfreq:fr,wordfreq_seeded;deterministically_filtered;structurally_curated
fr,v1,3,2141,2168,vérifier,vérifier,vérifier,unknown,vérifier,wordfreq:fr,wordfreq_seeded;deterministically_filtered;structurally_curated
fr,v1,3,2142,2169,écriture,écriture,écriture,unknown,écriture,wordfreq:fr,wordfreq_seeded;deterministically_filtered;structurally_curated
fr,v1,3,2143,2170,épreuve,épreuve,épreuve,unknown,épreuve,wordfreq:fr,wordfreq_seeded;deterministically_filtered;structurally_curated
fr,v1,3,2144,2171,étoiles,étoiles,étoiles,unknown,étoiles,wordfreq:fr,wordfreq_seeded;deterministically_filtered;structurally_curated
fr,v1,3,2145,2173,académie,académie,académie,unknown,académie,wordfreq:fr,wordfreq_seeded;deterministically_filtered;structurally_curated
fr,v1,3,2146,2174,auparavant,auparavant,auparavant,unknown,auparavant,wordfreq:fr,wordfreq_seeded;deterministically_filtered;structurally_curated
fr,v1,3,2147,2175,basse,basse,basse,unknown,basse,wordfreq:fr,wordfreq_seeded;deterministically_filtered;structurally_curated
fr,v1,3,2148,2176,black,black,black,unknown,black,wordfreq:fr,wordfreq_seeded;deterministically_filtered;structurally_curated
fr,v1,3,2149,2177,brésil,brésil,brésil,unknown,brésil,wordfreq:fr,wordfreq_seeded;deterministically_filtered;structurally_curated
fr,v1,3,2150,2178,chaleur,chaleur,chaleur,unknown,chaleur,wordfreq:fr,wordfreq_seeded;deterministically_filtered;structurally_curated
fr,v1,3,2151,2179,commande,commande,commande,unknown,commande,wordfreq:fr,wordfreq_seeded;deterministically_filtered;structurally_curated
fr,v1,3,2152,2180,commentaire,commentaire,commentaire,unknown,commentaire,wordfreq:fr,wordfreq_seeded;deterministically_filtered;structurally_curated
fr,v1,3,2153,2181,concurrence,concurrence,concurrence,unknown,concurrence,wordfreq:fr,wordfreq_seeded;deterministically_filtered;structurally_curated
fr,v1,3,2154,2182,conduite,conduite,conduite,unknown,conduite,wordfreq:fr,wordfreq_seeded;deterministically_filtered;structurally_curated
fr,v1,3,2155,2183,denis,denis,denis,unknown,denis,wordfreq:fr,wordfreq_seeded;deterministically_filtered;structurally_curated
fr,v1,3,2156,2184,discuter,discuter,discuter,unknown,discuter,wordfreq:fr,wordfreq_seeded;deterministically_filtered;structurally_curated
fr,v1,3,2157,2185,doigts,doigts,doigts,unknown,doigts,wordfreq:fr,wordfreq_seeded;deterministically_filtered;structurally_curated
fr,v1,3,2158,2186,détail,détail,détail,unknown,détail,wordfreq:fr,wordfreq_seeded;deterministically_filtered;structurally_curated
fr,v1,3,2159,2187,essaye,essaye,essaye,unknown,essaye,wordfreq:fr,wordfreq_seeded;deterministically_filtered;structurally_curated
fr,v1,3,2160,2188,fit,fit,fit,unknown,fit,wordfreq:fr,wordfreq_seeded;deterministically_filtered;structurally_curated
fr,v1,3,2161,2189,fruits,fruits,fruits,unknown,fruits,wordfreq:fr,wordfreq_seeded;deterministically_filtered;structurally_curated
fr,v1,3,2162,2190,haine,haine,haine,unknown,haine,wordfreq:fr,wordfreq_seeded;deterministically_filtered;structurally_curated
fr,v1,3,2163,2191,heureuse,heureuse,heureuse,unknown,heureuse,wordfreq:fr,wordfreq_seeded;deterministically_filtered;structurally_curated
fr,v1,3,2164,2192,humour,humour,humour,unknown,humour,wordfreq:fr,wordfreq_seeded;deterministically_filtered;structurally_curated
fr,v1,3,2165,2193,informatique,informatique,informatique,unknown,informatique,wordfreq:fr,wordfreq_seeded;deterministically_filtered;structurally_curated
fr,v1,3,2166,2194,interne,interne,interne,unknown,interne,wordfreq:fr,wordfreq_seeded;deterministically_filtered;structurally_curated
fr,v1,3,2167,2195,lesquelles,lesquelles,lesquelles,unknown,lesquelles,wordfreq:fr,wordfreq_seeded;deterministically_filtered;structurally_curated
fr,v1,3,2168,2196,légende,légende,légende,unknown,légende,wordfreq:fr,wordfreq_seeded;deterministically_filtered;structurally_curated
fr,v1,3,2169,2197,magasin,magasin,magasin,unknown,magasin,wordfreq:fr,wordfreq_seeded;deterministically_filtered;structurally_curated
fr,v1,3,2170,2198,monte,monte,monte,unknown,monte,wordfreq:fr,wordfreq_seeded;deterministically_filtered;structurally_curated
fr,v1,3,2171,2199,montré,montré,montré,unknown,montré,wordfreq:fr,wordfreq_seeded;deterministically_filtered;structurally_curated
fr,v1,3,2172,2200,organisé,organisé,organisé,unknown,organisé,wordfreq:fr,wordfreq_seeded;deterministically_filtered;structurally_curated
fr,v1,3,2173,2201,parfaite,parfaite,parfaite,unknown,parfaite,wordfreq:fr,wordfreq_seeded;deterministically_filtered;structurally_curated
fr,v1,3,2174,2202,pc,pc,pc,unknown,pc,wordfreq:fr,wordfreq_seeded;deterministically_filtered;structurally_curated
fr,v1,3,2175,2203,pensent,pensent,pensent,unknown,pensent,wordfreq:fr,wordfreq_seeded;deterministically_filtered;structurally_curated
fr,v1,3,2176,2204,plaît,plaît,plaît,unknown,plaît,wordfreq:fr,wordfreq_seeded;deterministically_filtered;structurally_curated
fr,v1,3,2177,2205,postes,postes,postes,unknown,postes,wordfreq:fr,wordfreq_seeded;deterministically_filtered;structurally_curated
fr,v1,3,2178,2206,préféré,préféré,préféré,unknown,préféré,wordfreq:fr,wordfreq_seeded;deterministically_filtered;structurally_curated
fr,v1,3,2179,2207,rang,rang,rang,unknown,rang,wordfreq:fr,wordfreq_seeded;deterministically_filtered;structurally_curated
fr,v1,3,2180,2208,recours,recours,recours,unknown,recours,wordfreq:fr,wordfreq_seeded;deterministically_filtered;structurally_curated
fr,v1,3,2181,2209,reprises,reprises,reprises,unknown,reprises,wordfreq:fr,wordfreq_seeded;deterministically_filtered;structurally_curated
fr,v1,3,2182,2210,retrouvé,retrouvé,retrouvé,unknown,retrouvé,wordfreq:fr,wordfreq_seeded;deterministically_filtered;structurally_curated
fr,v1,3,2183,2211,réflexion,réflexion,réflexion,unknown,réflexion,wordfreq:fr,wordfreq_seeded;deterministically_filtered;structurally_curated
fr,v1,3,2184,2212,sentiments,sentiments,sentiments,unknown,sentiments,wordfreq:fr,wordfreq_seeded;deterministically_filtered;structurally_curated
fr,v1,3,2185,2213,souvenirs,souvenirs,souvenirs,unknown,souvenirs,wordfreq:fr,wordfreq_seeded;deterministically_filtered;structurally_curated
fr,v1,3,2186,2214,tradition,tradition,tradition,unknown,tradition,wordfreq:fr,wordfreq_seeded;deterministically_filtered;structurally_curated
fr,v1,3,2187,2215,travailleurs,travailleurs,travailleurs,unknown,travailleurs,wordfreq:fr,wordfreq_seeded;deterministically_filtered;structurally_curated
fr,v1,3,2188,2216,veille,veille,veille,unknown,veille,wordfreq:fr,wordfreq_seeded;deterministically_filtered;structurally_curated
fr,v1,3,2189,2217,verra,verra,verra,unknown,verra,wordfreq:fr,wordfreq_seeded;deterministically_filtered;structurally_curated
fr,v1,3,2190,2218,vienne,vienne,vienne,unknown,vienne,wordfreq:fr,wordfreq_seeded;deterministically_filtered;structurally_curated
fr,v1,3,2191,2219,vive,vive,vive,unknown,vive,wordfreq:fr,wordfreq_seeded;deterministically_filtered;structurally_curated
fr,v1,3,2192,2220,élément,élément,élément,unknown,élément,wordfreq:fr,wordfreq_seeded;deterministically_filtered;structurally_curated
fr,v1,3,2193,2221,épouse,épouse,épouse,unknown,épouse,wordfreq:fr,wordfreq_seeded;deterministically_filtered;structurally_curated
fr,v1,3,2194,2222,établissements,établissements,établissements,unknown,établissements,wordfreq:fr,wordfreq_seeded;deterministically_filtered;structurally_curated
fr,v1,3,2195,2223,aiment,aiment,aiment,unknown,aiment,wordfreq:fr,wordfreq_seeded;deterministically_filtered;structurally_curated
fr,v1,3,2196,2224,alliance,alliance,alliance,unknown,alliance,wordfreq:fr,wordfreq_seeded;deterministically_filtered;structurally_curated
fr,v1,3,2197,2225,apparemment,apparemment,apparemment,unknown,apparemment,wordfreq:fr,wordfreq_seeded;deterministically_filtered;structurally_curated
fr,v1,3,2198,2226,arbre,arbre,arbre,unknown,arbre,wordfreq:fr,wordfreq_seeded;deterministically_filtered;structurally_curated
fr,v1,3,2199,2227,aspect,aspect,aspect,unknown,aspect,wordfreq:fr,wordfreq_seeded;deterministically_filtered;structurally_curated
fr,v1,3,2200,2228,attendu,attendu,attendu,unknown,attendu,wordfreq:fr,wordfreq_seeded;deterministically_filtered;structurally_curated
fr,v1,3,2201,2229,auquel,auquel,auquel,unknown,auquel,wordfreq:fr,wordfreq_seeded;deterministically_filtered;structurally_curated
fr,v1,3,2202,2230,bac,bac,bac,unknown,bac,wordfreq:fr,wordfreq_seeded;deterministically_filtered;structurally_curated
fr,v1,3,2203,2231,bel,bel,bel,unknown,bel,wordfreq:fr,wordfreq_seeded;deterministically_filtered;structurally_curated
fr,v1,3,2204,2232,composé,composé,composé,unknown,composé,wordfreq:fr,wordfreq_seeded;deterministically_filtered;structurally_curated
fr,v1,3,2205,2233,conception,conception,conception,unknown,conception,wordfreq:fr,wordfreq_seeded;deterministically_filtered;structurally_curated
fr,v1,3,2206,2234,décisions,décisions,décisions,unknown,décisions,wordfreq:fr,wordfreq_seeded;deterministically_filtered;structurally_curated
fr,v1,3,2207,2235,engagement,engagement,engagement,unknown,engagement,wordfreq:fr,wordfreq_seeded;deterministically_filtered;structurally_curated
fr,v1,3,2208,2236,ennemi,ennemi,ennemi,unknown,ennemi,wordfreq:fr,wordfreq_seeded;deterministically_filtered;structurally_curated
fr,v1,3,2209,2237,euh,euh,euh,unknown,euh,wordfreq:fr,wordfreq_seeded;deterministically_filtered;structurally_curated
fr,v1,3,2210,2238,fonctionne,fonctionne,fonctionne,unknown,fonctionne,wordfreq:fr,wordfreq_seeded;deterministically_filtered;structurally_curated
fr,v1,3,2211,2239,fonctionnement,fonctionnement,fonctionnement,unknown,fonctionnement,wordfreq:fr,wordfreq_seeded;deterministically_filtered;structurally_curated
fr,v1,3,2212,2240,impôt,impôt,impôt,unknown,impôt,wordfreq:fr,wordfreq_seeded;deterministically_filtered;structurally_curated
fr,v1,3,2213,2241,individus,individus,individus,unknown,individus,wordfreq:fr,wordfreq_seeded;deterministically_filtered;structurally_curated
fr,v1,3,2214,2242,initiative,initiative,initiative,unknown,initiative,wordfreq:fr,wordfreq_seeded;deterministically_filtered;structurally_curated
fr,v1,3,2215,2243,inutile,inutile,inutile,unknown,inutile,wordfreq:fr,wordfreq_seeded;deterministically_filtered;structurally_curated
fr,v1,3,2216,2244,investissement,investissement,investissement,unknown,investissement,wordfreq:fr,wordfreq_seeded;deterministically_filtered;structurally_curated
fr,v1,3,2217,2245,maintenir,maintenir,maintenir,unknown,maintenir,wordfreq:fr,wordfreq_seeded;deterministically_filtered;structurally_curated
fr,v1,3,2218,2246,maroc,maroc,maroc,unknown,maroc,wordfreq:fr,wordfreq_seeded;deterministically_filtered;structurally_curated
fr,v1,3,2219,2247,modèles,modèles,modèles,unknown,modèles,wordfreq:fr,wordfreq_seeded;deterministically_filtered;structurally_curated
fr,v1,3,2220,2248,naturelle,naturelle,naturelle,unknown,naturelle,wordfreq:fr,wordfreq_seeded;deterministically_filtered;structurally_curated
fr,v1,3,2221,2249,objectifs,objectifs,objectifs,unknown,objectifs,wordfreq:fr,wordfreq_seeded;deterministically_filtered;structurally_curated
fr,v1,3,2222,2250,papa,papa,papa,unknown,papa,wordfreq:fr,wordfreq_seeded;deterministically_filtered;structurally_curated
fr,v1,3,2223,2251,passion,passion,passion,unknown,passion,wordfreq:fr,wordfreq_seeded;deterministically_filtered;structurally_curated
fr,v1,3,2224,2252,pourront,pourront,pourront,unknown,pourront,wordfreq:fr,wordfreq_seeded;deterministically_filtered;structurally_curated
fr,v1,3,2225,2253,professionnels,professionnels,professionnels,unknown,professionnels,wordfreq:fr,wordfreq_seeded;deterministically_filtered;structurally_curated
fr,v1,3,2226,2254,profil,profil,profil,unknown,profil,wordfreq:fr,wordfreq_seeded;deterministically_filtered;structurally_curated
fr,v1,3,2227,2255,proposer,proposer,proposer,unknown,proposer,wordfreq:fr,wordfreq_seeded;deterministically_filtered;structurally_curated
fr,v1,3,2228,2256,préparation,préparation,préparation,unknown,préparation,wordfreq:fr,wordfreq_seeded;deterministically_filtered;structurally_curated
fr,v1,3,2229,2257,record,record,record,unknown,record,wordfreq:fr,wordfreq_seeded;deterministically_filtered;structurally_curated
fr,v1,3,2230,2258,remplacer,remplacer,remplacer,unknown,remplacer,wordfreq:fr,wordfreq_seeded;deterministically_filtered;structurally_curated
fr,v1,3,2231,2259,respecter,respecter,respecter,unknown,respecter,wordfreq:fr,wordfreq_seeded;deterministically_filtered;structurally_curated
fr,v1,3,2232,2260,richard,richard,richard,unknown,richard,wordfreq:fr,wordfreq_seeded;deterministically_filtered;structurally_curated
fr,v1,3,2233,2261,royal,royal,royal,unknown,royal,wordfreq:fr,wordfreq_seeded;deterministically_filtered;structurally_curated
fr,v1,3,2234,2262,savait,savait,savait,unknown,savait,wordfreq:fr,wordfreq_seeded;deterministically_filtered;structurally_curated
fr,v1,3,2235,2263,serai,serai,serai,unknown,serai,wordfreq:fr,wordfreq_seeded;deterministically_filtered;structurally_curated
fr,v1,3,2236,2264,souviens,souviens,souviens,unknown,souviens,wordfreq:fr,wordfreq_seeded;deterministically_filtered;structurally_curated
fr,v1,3,2237,2265,sérieusement,sérieusement,sérieusement,unknown,sérieusement,wordfreq:fr,wordfreq_seeded;deterministically_filtered;structurally_curated
fr,v1,3,2238,2266,travaillé,travaillé,travaillé,unknown,travaillé,wordfreq:fr,wordfreq_seeded;deterministically_filtered;structurally_curated
fr,v1,3,2239,2267,unités,unités,unités,unknown,unités,wordfreq:fr,wordfreq_seeded;deterministically_filtered;structurally_curated
fr,v1,3,2240,2268,uns,uns,uns,unknown,uns,wordfreq:fr,wordfreq_seeded;deterministically_filtered;structurally_curated
fr,v1,3,2241,2269,électricité,électricité,électricité,unknown,électricité,wordfreq:fr,wordfreq_seeded;deterministically_filtered;structurally_curated
fr,v1,3,2242,2270,apparaît,apparaît,apparaît,unknown,apparaît,wordfreq:fr,wordfreq_seeded;deterministically_filtered;structurally_curated
fr,v1,3,2243,2271,avoue,avoue,avoue,unknown,avoue,wordfreq:fr,wordfreq_seeded;deterministically_filtered;structurally_curated
fr,v1,3,2244,2272,belge,belge,belge,unknown,belge,wordfreq:fr,wordfreq_seeded;deterministically_filtered;structurally_curated
fr,v1,3,2245,2273,blog,blog,blog,unknown,blog,wordfreq:fr,wordfreq_seeded;deterministically_filtered;structurally_curated
fr,v1,3,2246,2274,canadien,canadien,canadien,unknown,canadien,wordfreq:fr,wordfreq_seeded;deterministically_filtered;structurally_curated
fr,v1,3,2247,2275,centaines,centaines,centaines,unknown,centaines,wordfreq:fr,wordfreq_seeded;deterministically_filtered;structurally_curated
fr,v1,3,2248,2276,champs,champs,champs,unknown,champs,wordfreq:fr,wordfreq_seeded;deterministically_filtered;structurally_curated
fr,v1,3,2249,2277,changements,changements,changements,unknown,changements,wordfreq:fr,wordfreq_seeded;deterministically_filtered;structurally_curated
fr,v1,3,2250,2278,chapitre,chapitre,chapitre,unknown,chapitre,wordfreq:fr,wordfreq_seeded;deterministically_filtered;structurally_curated
fr,v1,3,2251,2279,circulation,circulation,circulation,unknown,circulation,wordfreq:fr,wordfreq_seeded;deterministically_filtered;structurally_curated
fr,v1,3,2252,2280,conduire,conduire,conduire,unknown,conduire,wordfreq:fr,wordfreq_seeded;deterministically_filtered;structurally_curated
fr,v1,3,2253,2281,considère,considère,considère,unknown,considère,wordfreq:fr,wordfreq_seeded;deterministically_filtered;structurally_curated
fr,v1,3,2254,2282,conversation,conversation,conversation,unknown,conversation,wordfreq:fr,wordfreq_seeded;deterministically_filtered;structurally_curated
fr,v1,3,2255,2283,correspond,correspond,correspond,unknown,correspond,wordfreq:fr,wordfreq_seeded;deterministically_filtered;structurally_curated
fr,v1,3,2256,2284,coucher,coucher,coucher,unknown,coucher,wordfreq:fr,wordfreq_seeded;deterministically_filtered;structurally_curated
fr,v1,3,2257,2285,crée,crée,crée,unknown,crée,wordfreq:fr,wordfreq_seeded;deterministically_filtered;structurally_curated
fr,v1,3,2258,2286,devrais,devrais,devrais,unknown,devrais,wordfreq:fr,wordfreq_seeded;deterministically_filtered;structurally_curated
fr,v1,3,2259,2287,di,di,di,unknown,di,wordfreq:fr,wordfreq_seeded;deterministically_filtered;structurally_curated
fr,v1,3,2260,2288,entends,entends,entends,unknown,entends,wordfreq:fr,wordfreq_seeded;deterministically_filtered;structurally_curated
fr,v1,3,2261,2289,entraîneur,entraîneur,entraîneur,unknown,entraîneur,wordfreq:fr,wordfreq_seeded;deterministically_filtered;structurally_curated
fr,v1,3,2262,2290,essai,essai,essai,unknown,essai,wordfreq:fr,wordfreq_seeded;deterministically_filtered;structurally_curated
fr,v1,3,2263,2291,financement,financement,financement,unknown,financement,wordfreq:fr,wordfreq_seeded;deterministically_filtered;structurally_curated
fr,v1,3,2264,2292,fr,fr,fr,unknown,fr,wordfreq:fr,wordfreq_seeded;deterministically_filtered;structurally_curated
fr,v1,3,2265,2293,gentil,gentil,gentil,unknown,gentil,wordfreq:fr,wordfreq_seeded;deterministically_filtered;structurally_curated
fr,v1,3,2266,2294,infos,infos,infos,unknown,infos,wordfreq:fr,wordfreq_seeded;deterministically_filtered;structurally_curated
fr,v1,3,2267,2295,institutions,institutions,institutions,unknown,institutions,wordfreq:fr,wordfreq_seeded;deterministically_filtered;structurally_curated
fr,v1,3,2268,2296,japonais,japonais,japonais,unknown,japonais,wordfreq:fr,wordfreq_seeded;deterministically_filtered;structurally_curated
fr,v1,3,2269,2297,jugement,jugement,jugement,unknown,jugement,wordfreq:fr,wordfreq_seeded;deterministically_filtered;structurally_curated
fr,v1,3,2270,2298,limites,limites,limites,unknown,limites,wordfreq:fr,wordfreq_seeded;deterministically_filtered;structurally_curated
fr,v1,3,2271,2299,marcher,marcher,marcher,unknown,marcher,wordfreq:fr,wordfreq_seeded;deterministically_filtered;structurally_curated
fr,v1,3,2272,2300,monnaie,monnaie,monnaie,unknown,monnaie,wordfreq:fr,wordfreq_seeded;deterministically_filtered;structurally_curated
fr,v1,3,2273,2301,murs,murs,murs,unknown,murs,wordfreq:fr,wordfreq_seeded;deterministically_filtered;structurally_curated
fr,v1,3,2274,2302,nantes,nantes,nantes,unknown,nantes,wordfreq:fr,wordfreq_seeded;deterministically_filtered;structurally_curated
fr,v1,3,2275,2303,neige,neige,neige,unknown,neige,wordfreq:fr,wordfreq_seeded;deterministically_filtered;structurally_curated
fr,v1,3,2276,2304,nucléaire,nucléaire,nucléaire,unknown,nucléaire,wordfreq:fr,wordfreq_seeded;deterministically_filtered;structurally_curated
fr,v1,3,2277,2305,peter,peter,peter,unknown,peter,wordfreq:fr,wordfreq_seeded;deterministically_filtered;structurally_curated
fr,v1,3,2278,2306,pluie,pluie,pluie,unknown,pluie,wordfreq:fr,wordfreq_seeded;deterministically_filtered;structurally_curated
fr,v1,3,2279,2307,pote,pote,pote,unknown,pote,wordfreq:fr,wordfreq_seeded;deterministically_filtered;structurally_curated
fr,v1,3,2280,2308,primaire,primaire,primaire,unknown,primaire,wordfreq:fr,wordfreq_seeded;deterministically_filtered;structurally_curated
fr,v1,3,2281,2309,promis,promis,promis,unknown,promis,wordfreq:fr,wordfreq_seeded;deterministically_filtered;structurally_curated
fr,v1,3,2282,2310,reconnaissance,reconnaissance,reconnaissance,unknown,reconnaissance,wordfreq:fr,wordfreq_seeded;deterministically_filtered;structurally_curated
fr,v1,3,2283,2311,riches,riches,riches,unknown,riches,wordfreq:fr,wordfreq_seeded;deterministically_filtered;structurally_curated
fr,v1,3,2284,2312,rythme,rythme,rythme,unknown,rythme,wordfreq:fr,wordfreq_seeded;deterministically_filtered;structurally_curated
fr,v1,3,2285,2313,syrie,syrie,syrie,unknown,syrie,wordfreq:fr,wordfreq_seeded;deterministically_filtered;structurally_curated
fr,v1,3,2286,2314,tue,tue,tue,unknown,tue,wordfreq:fr,wordfreq_seeded;deterministically_filtered;structurally_curated
fr,v1,3,2287,2315,ue,ue,ue,unknown,ue,wordfreq:fr,wordfreq_seeded;deterministically_filtered;structurally_curated
fr,v1,3,2288,2316,uni,uni,uni,unknown,uni,wordfreq:fr,wordfreq_seeded;deterministically_filtered;structurally_curated
fr,v1,3,2289,2317,vélo,vélo,vélo,unknown,vélo,wordfreq:fr,wordfreq_seeded;deterministically_filtered;structurally_curated
fr,v1,3,2290,2318,ya,ya,ya,unknown,ya,wordfreq:fr,wordfreq_seeded;deterministically_filtered;structurally_curated
fr,v1,3,2291,2319,échec,échec,échec,unknown,échec,wordfreq:fr,wordfreq_seeded;deterministically_filtered;structurally_curated
fr,v1,3,2292,2320,amitié,amitié,amitié,unknown,amitié,wordfreq:fr,wordfreq_seeded;deterministically_filtered;structurally_curated
fr,v1,3,2293,2321,associations,associations,associations,unknown,associations,wordfreq:fr,wordfreq_seeded;deterministically_filtered;structurally_curated
fr,v1,3,2294,2322,bain,bain,bain,unknown,bain,wordfreq:fr,wordfreq_seeded;deterministically_filtered;structurally_curated
fr,v1,3,2295,2323,chances,chances,chances,unknown,chances,wordfreq:fr,wordfreq_seeded;deterministically_filtered;structurally_curated
fr,v1,3,2296,2324,construit,construit,construit,unknown,construit,wordfreq:fr,wordfreq_seeded;deterministically_filtered;structurally_curated
fr,v1,3,2297,2325,conséquence,conséquence,conséquence,unknown,conséquence,wordfreq:fr,wordfreq_seeded;deterministically_filtered;structurally_curated
fr,v1,3,2298,2326,dents,dents,dents,unknown,dents,wordfreq:fr,wordfreq_seeded;deterministically_filtered;structurally_curated
fr,v1,3,2299,2327,devons,devons,devons,unknown,devons,wordfreq:fr,wordfreq_seeded;deterministically_filtered;structurally_curated
fr,v1,3,2300,2328,dirais,dirais,dirais,unknown,dirais,wordfreq:fr,wordfreq_seeded;deterministically_filtered;structurally_curated
fr,v1,3,2301,2329,doux,doux,doux,unknown,doux,wordfreq:fr,wordfreq_seeded;deterministically_filtered;structurally_curated
fr,v1,3,2302,2330,enceinte,enceinte,enceinte,unknown,enceinte,wordfreq:fr,wordfreq_seeded;deterministically_filtered;structurally_curated
fr,v1,3,2303,2331,fans,fans,fans,unknown,fans,wordfreq:fr,wordfreq_seeded;deterministically_filtered;structurally_curated
fr,v1,3,2304,2332,laissez,laissez,laissez,unknown,laissez,wordfreq:fr,wordfreq_seeded;deterministically_filtered;structurally_curated
fr,v1,3,2305,2333,langage,langage,langage,unknown,langage,wordfreq:fr,wordfreq_seeded;deterministically_filtered;structurally_curated
fr,v1,3,2306,2334,lille,lille,lille,unknown,lille,wordfreq:fr,wordfreq_seeded;deterministically_filtered;structurally_curated
fr,v1,3,2307,2335,légèrement,légèrement,légèrement,unknown,légèrement,wordfreq:fr,wordfreq_seeded;deterministically_filtered;structurally_curated
fr,v1,3,2308,2336,mange,mange,mange,unknown,mange,wordfreq:fr,wordfreq_seeded;deterministically_filtered;structurally_curated
fr,v1,3,2309,2337,original,original,original,unknown,original,wordfreq:fr,wordfreq_seeded;deterministically_filtered;structurally_curated
fr,v1,3,2310,2338,pen,pen,pen,unknown,pen,wordfreq:fr,wordfreq_seeded;deterministically_filtered;structurally_curated
fr,v1,3,2311,2339,perso,perso,perso,unknown,perso,wordfreq:fr,wordfreq_seeded;deterministically_filtered;structurally_curated
fr,v1,3,2312,2340,philosophie,philosophie,philosophie,unknown,philosophie,wordfreq:fr,wordfreq_seeded;deterministically_filtered;structurally_curated
fr,v1,3,2313,2341,plateau,plateau,plateau,unknown,plateau,wordfreq:fr,wordfreq_seeded;deterministically_filtered;structurally_curated
fr,v1,3,2314,2342,pouvant,pouvant,pouvant,unknown,pouvant,wordfreq:fr,wordfreq_seeded;deterministically_filtered;structurally_curated
fr,v1,3,2315,2343,principales,principales,principales,unknown,principales,wordfreq:fr,wordfreq_seeded;deterministically_filtered;structurally_curated
fr,v1,3,2316,2344,professionnelle,professionnelle,professionnelle,unknown,professionnelle,wordfreq:fr,wordfreq_seeded;deterministically_filtered;structurally_curated
fr,v1,3,2317,2345,quasi,quasi,quasi,unknown,quasi,wordfreq:fr,wordfreq_seeded;deterministically_filtered;structurally_curated
fr,v1,3,2318,2346,remise,remise,remise,unknown,remise,wordfreq:fr,wordfreq_seeded;deterministically_filtered;structurally_curated
fr,v1,3,2319,2347,russes,russes,russes,unknown,russes,wordfreq:fr,wordfreq_seeded;deterministically_filtered;structurally_curated
fr,v1,3,2320,2348,récupérer,récupérer,récupérer,unknown,récupérer,wordfreq:fr,wordfreq_seeded;deterministically_filtered;structurally_curated
fr,v1,3,2321,2349,réduit,réduit,réduit,unknown,réduit,wordfreq:fr,wordfreq_seeded;deterministically_filtered;structurally_curated
fr,v1,3,2322,2350,résidence,résidence,résidence,unknown,résidence,wordfreq:fr,wordfreq_seeded;deterministically_filtered;structurally_curated
fr,v1,3,2323,2351,salariés,salariés,salariés,unknown,salariés,wordfreq:fr,wordfreq_seeded;deterministically_filtered;structurally_curated
fr,v1,3,2324,2352,semblent,semblent,semblent,unknown,semblent,wordfreq:fr,wordfreq_seeded;deterministically_filtered;structurally_curated
fr,v1,3,2325,2353,située,située,située,unknown,située,wordfreq:fr,wordfreq_seeded;deterministically_filtered;structurally_curated
fr,v1,3,2326,2354,talent,talent,talent,unknown,talent,wordfreq:fr,wordfreq_seeded;deterministically_filtered;structurally_curated
fr,v1,3,2327,2355,tombé,tombé,tombé,unknown,tombé,wordfreq:fr,wordfreq_seeded;deterministically_filtered;structurally_curated
fr,v1,3,2328,2356,tourisme,tourisme,tourisme,unknown,tourisme,wordfreq:fr,wordfreq_seeded;deterministically_filtered;structurally_curated
fr,v1,3,2329,2357,traiter,traiter,traiter,unknown,traiter,wordfreq:fr,wordfreq_seeded;deterministically_filtered;structurally_curated
fr,v1,3,2330,2358,venait,venait,venait,unknown,venait,wordfreq:fr,wordfreq_seeded;deterministically_filtered;structurally_curated
fr,v1,3,2331,2359,vendu,vendu,vendu,unknown,vendu,wordfreq:fr,wordfreq_seeded;deterministically_filtered;structurally_curated
fr,v1,3,2332,2360,venus,venus,venus,unknown,venus,wordfreq:fr,wordfreq_seeded;deterministically_filtered;structurally_curated
fr,v1,3,2333,2361,vrais,vrais,vrais,unknown,vrais,wordfreq:fr,wordfreq_seeded;deterministically_filtered;structurally_curated
fr,v1,3,2334,2362,étrangères,étrangères,étrangères,unknown,étrangères,wordfreq:fr,wordfreq_seeded;deterministically_filtered;structurally_curated
fr,v1,3,2335,2363,apprend,apprend,apprend,unknown,apprend,wordfreq:fr,wordfreq_seeded;deterministically_filtered;structurally_curated
fr,v1,3,2336,2364,archives,archives,archives,unknown,archives,wordfreq:fr,wordfreq_seeded;deterministically_filtered;structurally_curated
fr,v1,3,2337,2365,arrêtez,arrêtez,arrêtez,unknown,arrêtez,wordfreq:fr,wordfreq_seeded;deterministically_filtered;structurally_curated
fr,v1,3,2338,2366,bravo,bravo,bravo,unknown,bravo,wordfreq:fr,wordfreq_seeded;deterministically_filtered;structurally_curated
fr,v1,3,2339,2367,chansons,chansons,chansons,unknown,chansons,wordfreq:fr,wordfreq_seeded;deterministically_filtered;structurally_curated
fr,v1,3,2340,2368,commandant,commandant,commandant,unknown,commandant,wordfreq:fr,wordfreq_seeded;deterministically_filtered;structurally_curated
fr,v1,3,2341,2369,commercial,commercial,commercial,unknown,commercial,wordfreq:fr,wordfreq_seeded;deterministically_filtered;structurally_curated
fr,v1,3,2342,2370,convention,convention,convention,unknown,convention,wordfreq:fr,wordfreq_seeded;deterministically_filtered;structurally_curated
fr,v1,3,2343,2371,couche,couche,couche,unknown,couche,wordfreq:fr,wordfreq_seeded;deterministically_filtered;structurally_curated
fr,v1,3,2344,2372,couverture,couverture,couverture,unknown,couverture,wordfreq:fr,wordfreq_seeded;deterministically_filtered;structurally_curated
fr,v1,3,2345,2373,dispose,dispose,dispose,unknown,dispose,wordfreq:fr,wordfreq_seeded;deterministically_filtered;structurally_curated
fr,v1,3,2346,2374,document,document,document,unknown,document,wordfreq:fr,wordfreq_seeded;deterministically_filtered;structurally_curated
fr,v1,3,2347,2375,domaines,domaines,domaines,unknown,domaines,wordfreq:fr,wordfreq_seeded;deterministically_filtered;structurally_curated
fr,v1,3,2348,2376,déteste,déteste,déteste,unknown,déteste,wordfreq:fr,wordfreq_seeded;deterministically_filtered;structurally_curated
fr,v1,3,2349,2377,empereur,empereur,empereur,unknown,empereur,wordfreq:fr,wordfreq_seeded;deterministically_filtered;structurally_curated
fr,v1,3,2350,2378,fier,fier,fier,unknown,fier,wordfreq:fr,wordfreq_seeded;deterministically_filtered;structurally_curated
fr,v1,3,2351,2379,george,george,george,unknown,george,wordfreq:fr,wordfreq_seeded;deterministically_filtered;structurally_curated
fr,v1,3,2352,2380,grosses,grosses,grosses,unknown,grosses,wordfreq:fr,wordfreq_seeded;deterministically_filtered;structurally_curated
fr,v1,3,2353,2381,impôts,impôts,impôts,unknown,impôts,wordfreq:fr,wordfreq_seeded;deterministically_filtered;structurally_curated
fr,v1,3,2354,2382,italien,italien,italien,unknown,italien,wordfreq:fr,wordfreq_seeded;deterministically_filtered;structurally_curated
fr,v1,3,2355,2383,lever,lever,lever,unknown,lever,wordfreq:fr,wordfreq_seeded;deterministically_filtered;structurally_curated
fr,v1,3,2356,2384,mini,mini,mini,unknown,mini,wordfreq:fr,wordfreq_seeded;deterministically_filtered;structurally_curated
fr,v1,3,2357,2385,méthodes,méthodes,méthodes,unknown,méthodes,wordfreq:fr,wordfreq_seeded;deterministically_filtered;structurally_curated
fr,v1,3,2358,2386,option,option,option,unknown,option,wordfreq:fr,wordfreq_seeded;deterministically_filtered;structurally_curated
fr,v1,3,2359,2387,orient,orient,orient,unknown,orient,wordfreq:fr,wordfreq_seeded;deterministically_filtered;structurally_curated
fr,v1,3,2360,2388,patrick,patrick,patrick,unknown,patrick,wordfreq:fr,wordfreq_seeded;deterministically_filtered;structurally_curated
fr,v1,3,2361,2389,plantes,plantes,plantes,unknown,plantes,wordfreq:fr,wordfreq_seeded;deterministically_filtered;structurally_curated
fr,v1,3,2362,2390,policier,policier,policier,unknown,policier,wordfreq:fr,wordfreq_seeded;deterministically_filtered;structurally_curated
fr,v1,3,2363,2391,pp,pp,pp,unknown,pp,wordfreq:fr,wordfreq_seeded;deterministically_filtered;structurally_curated
fr,v1,3,2364,2392,promotion,promotion,promotion,unknown,promotion,wordfreq:fr,wordfreq_seeded;deterministically_filtered;structurally_curated
fr,v1,3,2365,2393,précis,précis,précis,unknown,précis,wordfreq:fr,wordfreq_seeded;deterministically_filtered;structurally_curated
fr,v1,3,2366,2394,présents,présents,présents,unknown,présents,wordfreq:fr,wordfreq_seeded;deterministically_filtered;structurally_curated
fr,v1,3,2367,2395,quitté,quitté,quitté,unknown,quitté,wordfreq:fr,wordfreq_seeded;deterministically_filtered;structurally_curated
fr,v1,3,2368,2396,remarque,remarque,remarque,unknown,remarque,wordfreq:fr,wordfreq_seeded;deterministically_filtered;structurally_curated
fr,v1,3,2369,2397,règlement,règlement,règlement,unknown,règlement,wordfreq:fr,wordfreq_seeded;deterministically_filtered;structurally_curated
fr,v1,3,2370,2398,sacré,sacré,sacré,unknown,sacré,wordfreq:fr,wordfreq_seeded;deterministically_filtered;structurally_curated
fr,v1,3,2371,2399,scénario,scénario,scénario,unknown,scénario,wordfreq:fr,wordfreq_seeded;deterministically_filtered;structurally_curated
fr,v1,3,2372,2400,signes,signes,signes,unknown,signes,wordfreq:fr,wordfreq_seeded;deterministically_filtered;structurally_curated
fr,v1,3,2373,2401,socialiste,socialiste,socialiste,unknown,socialiste,wordfreq:fr,wordfreq_seeded;deterministically_filtered;structurally_curated
fr,v1,3,2374,2402,soyez,soyez,soyez,unknown,soyez,wordfreq:fr,wordfreq_seeded;deterministically_filtered;structurally_curated
fr,v1,3,2375,2403,spéciale,spéciale,spéciale,unknown,spéciale,wordfreq:fr,wordfreq_seeded;deterministically_filtered;structurally_curated
fr,v1,3,2376,2404,surveillance,surveillance,surveillance,unknown,surveillance,wordfreq:fr,wordfreq_seeded;deterministically_filtered;structurally_curated
fr,v1,3,2377,2405,tas,tas,tas,unknown,tas,wordfreq:fr,wordfreq_seeded;deterministically_filtered;structurally_curated
fr,v1,3,2378,2406,technologie,technologie,technologie,unknown,technologie,wordfreq:fr,wordfreq_seeded;deterministically_filtered;structurally_curated
fr,v1,3,2379,2407,tort,tort,tort,unknown,tort,wordfreq:fr,wordfreq_seeded;deterministically_filtered;structurally_curated
fr,v1,3,2380,2408,tournée,tournée,tournée,unknown,tournée,wordfreq:fr,wordfreq_seeded;deterministically_filtered;structurally_curated
fr,v1,3,2381,2409,trou,trou,trou,unknown,trou,wordfreq:fr,wordfreq_seeded;deterministically_filtered;structurally_curated
fr,v1,3,2382,2410,venue,venue,venue,unknown,venue,wordfreq:fr,wordfreq_seeded;deterministically_filtered;structurally_curated
fr,v1,3,2383,2411,voies,voies,voies,unknown,voies,wordfreq:fr,wordfreq_seeded;deterministically_filtered;structurally_curated
fr,v1,3,2384,2412,voisins,voisins,voisins,unknown,voisins,wordfreq:fr,wordfreq_seeded;deterministically_filtered;structurally_curated
fr,v1,3,2385,2413,voter,voter,voter,unknown,voter,wordfreq:fr,wordfreq_seeded;deterministically_filtered;structurally_curated
fr,v1,3,2386,2414,véhicules,véhicules,véhicules,unknown,véhicules,wordfreq:fr,wordfreq_seeded;deterministically_filtered;structurally_curated
fr,v1,3,2387,2415,étudiant,étudiant,étudiant,unknown,étudiant,wordfreq:fr,wordfreq_seeded;deterministically_filtered;structurally_curated
fr,v1,3,2388,2417,affiche,affiche,affiche,unknown,affiche,wordfreq:fr,wordfreq_seeded;deterministically_filtered;structurally_curated
fr,v1,3,2389,2418,ajouté,ajouté,ajouté,unknown,ajouté,wordfreq:fr,wordfreq_seeded;deterministically_filtered;structurally_curated
fr,v1,3,2390,2419,allemande,allemande,allemande,unknown,allemande,wordfreq:fr,wordfreq_seeded;deterministically_filtered;structurally_curated
fr,v1,3,2391,2420,apporte,apporte,apporte,unknown,apporte,wordfreq:fr,wordfreq_seeded;deterministically_filtered;structurally_curated
fr,v1,3,2392,2421,arabes,arabes,arabes,unknown,arabes,wordfreq:fr,wordfreq_seeded;deterministically_filtered;structurally_curated
fr,v1,3,2393,2422,arbres,arbres,arbres,unknown,arbres,wordfreq:fr,wordfreq_seeded;deterministically_filtered;structurally_curated
fr,v1,3,2394,2423,cache,cache,cache,unknown,cache,wordfreq:fr,wordfreq_seeded;deterministically_filtered;structurally_curated
fr,v1,3,2395,2424,caisse,caisse,caisse,unknown,caisse,wordfreq:fr,wordfreq_seeded;deterministically_filtered;structurally_curated
fr,v1,3,2396,2425,casse,casse,casse,unknown,casse,wordfreq:fr,wordfreq_seeded;deterministically_filtered;structurally_curated
fr,v1,3,2397,2426,centres,centres,centres,unknown,centres,wordfreq:fr,wordfreq_seeded;deterministically_filtered;structurally_curated
fr,v1,3,2398,2427,cm,cm,cm,unknown,cm,wordfreq:fr,wordfreq_seeded;deterministically_filtered;structurally_curated
fr,v1,3,2399,2428,collectif,collectif,collectif,unknown,collectif,wordfreq:fr,wordfreq_seeded;deterministically_filtered;structurally_curated
fr,v1,3,2400,2429,compliqué,compliqué,compliqué,unknown,compliqué,wordfreq:fr,wordfreq_seeded;deterministically_filtered;structurally_curated
fr,v1,3,2401,2430,condamné,condamné,condamné,unknown,condamné,wordfreq:fr,wordfreq_seeded;deterministically_filtered;structurally_curated
fr,v1,3,2402,2431,consiste,consiste,consiste,unknown,consiste,wordfreq:fr,wordfreq_seeded;deterministically_filtered;structurally_curated
fr,v1,3,2403,2432,couper,couper,couper,unknown,couper,wordfreq:fr,wordfreq_seeded;deterministically_filtered;structurally_curated
fr,v1,3,2404,2433,effectivement,effectivement,effectivement,unknown,effectivement,wordfreq:fr,wordfreq_seeded;deterministically_filtered;structurally_curated
fr,v1,3,2405,2434,essentiellement,essentiellement,essentiellement,unknown,essentiellement,wordfreq:fr,wordfreq_seeded;deterministically_filtered;structurally_curated
fr,v1,3,2406,2435,eut,eut,eut,unknown,eut,wordfreq:fr,wordfreq_seeded;deterministically_filtered;structurally_curated
fr,v1,3,2407,2436,excuse,excuse,excuse,unknown,excuse,wordfreq:fr,wordfreq_seeded;deterministically_filtered;structurally_curated
fr,v1,3,2408,2437,exprimer,exprimer,exprimer,unknown,exprimer,wordfreq:fr,wordfreq_seeded;deterministically_filtered;structurally_curated
fr,v1,3,2409,2438,fermer,fermer,fermer,unknown,fermer,wordfreq:fr,wordfreq_seeded;deterministically_filtered;structurally_curated
fr,v1,3,2410,2439,hausse,hausse,hausse,unknown,hausse,wordfreq:fr,wordfreq_seeded;deterministically_filtered;structurally_curated
fr,v1,3,2411,2440,joli,joli,joli,unknown,joli,wordfreq:fr,wordfreq_seeded;deterministically_filtered;structurally_curated
fr,v1,3,2412,2441,journaux,journaux,journaux,unknown,journaux,wordfreq:fr,wordfreq_seeded;deterministically_filtered;structurally_curated
fr,v1,3,2413,2442,judiciaire,judiciaire,judiciaire,unknown,judiciaire,wordfreq:fr,wordfreq_seeded;deterministically_filtered;structurally_curated
fr,v1,3,2414,2443,libération,libération,libération,unknown,libération,wordfreq:fr,wordfreq_seeded;deterministically_filtered;structurally_curated
fr,v1,3,2415,2444,mairie,mairie,mairie,unknown,mairie,wordfreq:fr,wordfreq_seeded;deterministically_filtered;structurally_curated
fr,v1,3,2416,2445,manuel,manuel,manuel,unknown,manuel,wordfreq:fr,wordfreq_seeded;deterministically_filtered;structurally_curated
fr,v1,3,2417,2446,million,million,million,unknown,million,wordfreq:fr,wordfreq_seeded;deterministically_filtered;structurally_curated
fr,v1,3,2418,2447,ministres,ministres,ministres,unknown,ministres,wordfreq:fr,wordfreq_seeded;deterministically_filtered;structurally_curated
fr,v1,3,2419,2448,mr,mr,mr,unknown,mr,wordfreq:fr,wordfreq_seeded;deterministically_filtered;structurally_curated
fr,v1,3,2420,2449,officielle,officielle,officielle,unknown,officielle,wordfreq:fr,wordfreq_seeded;deterministically_filtered;structurally_curated
fr,v1,3,2421,2450,one,one,one,unknown,one,wordfreq:fr,wordfreq_seeded;deterministically_filtered;structurally_curated
fr,v1,3,2422,2451,organisme,organisme,organisme,unknown,organisme,wordfreq:fr,wordfreq_seeded;deterministically_filtered;structurally_curated
fr,v1,3,2423,2452,passent,passent,passent,unknown,passent,wordfreq:fr,wordfreq_seeded;deterministically_filtered;structurally_curated
fr,v1,3,2424,2453,passée,passée,passée,unknown,passée,wordfreq:fr,wordfreq_seeded;deterministically_filtered;structurally_curated
fr,v1,3,2425,2454,personnalité,personnalité,personnalité,unknown,personnalité,wordfreq:fr,wordfreq_seeded;deterministically_filtered;structurally_curated
fr,v1,3,2426,2455,princesse,princesse,princesse,unknown,princesse,wordfreq:fr,wordfreq_seeded;deterministically_filtered;structurally_curated
fr,v1,3,2427,2456,progrès,progrès,progrès,unknown,progrès,wordfreq:fr,wordfreq_seeded;deterministically_filtered;structurally_curated
fr,v1,3,2428,2457,prouver,prouver,prouver,unknown,prouver,wordfreq:fr,wordfreq_seeded;deterministically_filtered;structurally_curated
fr,v1,3,2429,2458,puissant,puissant,puissant,unknown,puissant,wordfreq:fr,wordfreq_seeded;deterministically_filtered;structurally_curated
fr,v1,3,2430,2459,quartiers,quartiers,quartiers,unknown,quartiers,wordfreq:fr,wordfreq_seeded;deterministically_filtered;structurally_curated
fr,v1,3,2431,2460,représentants,représentants,représentants,unknown,représentants,wordfreq:fr,wordfreq_seeded;deterministically_filtered;structurally_curated
fr,v1,3,2432,2461,responsables,responsables,responsables,unknown,responsables,wordfreq:fr,wordfreq_seeded;deterministically_filtered;structurally_curated
fr,v1,3,2433,2462,retirer,retirer,retirer,unknown,retirer,wordfreq:fr,wordfreq_seeded;deterministically_filtered;structurally_curated
fr,v1,3,2434,2463,retourne,retourne,retourne,unknown,retourne,wordfreq:fr,wordfreq_seeded;deterministically_filtered;structurally_curated
fr,v1,3,2435,2464,reçoit,reçoit,reçoit,unknown,reçoit,wordfreq:fr,wordfreq_seeded;deterministically_filtered;structurally_curated
fr,v1,3,2436,2465,réfléchir,réfléchir,réfléchir,unknown,réfléchir,wordfreq:fr,wordfreq_seeded;deterministically_filtered;structurally_curated
fr,v1,3,2437,2466,résumé,résumé,résumé,unknown,résumé,wordfreq:fr,wordfreq_seeded;deterministically_filtered;structurally_curated
fr,v1,3,2438,2467,suffisamment,suffisamment,suffisamment,unknown,suffisamment,wordfreq:fr,wordfreq_seeded;deterministically_filtered;structurally_curated
fr,v1,3,2439,2468,tire,tire,tire,unknown,tire,wordfreq:fr,wordfreq_seeded;deterministically_filtered;structurally_curated
fr,v1,3,2440,2469,vaste,vaste,vaste,unknown,vaste,wordfreq:fr,wordfreq_seeded;deterministically_filtered;structurally_curated
fr,v1,3,2441,2470,voudrais,voudrais,voudrais,unknown,voudrais,wordfreq:fr,wordfreq_seeded;deterministically_filtered;structurally_curated
fr,v1,3,2442,2471,youtube,youtube,youtube,unknown,youtube,wordfreq:fr,wordfreq_seeded;deterministically_filtered;structurally_curated
fr,v1,3,2443,2472,équilibre,équilibre,équilibre,unknown,équilibre,wordfreq:fr,wordfreq_seeded;deterministically_filtered;structurally_curated
fr,v1,3,2444,2473,accepte,accepte,accepte,unknown,accepte,wordfreq:fr,wordfreq_seeded;deterministically_filtered;structurally_curated
fr,v1,3,2445,2474,alexandre,alexandre,alexandre,unknown,alexandre,wordfreq:fr,wordfreq_seeded;deterministically_filtered;structurally_curated
fr,v1,3,2446,2475,attente,attente,attente,unknown,attente,wordfreq:fr,wordfreq_seeded;deterministically_filtered;structurally_curated
fr,v1,3,2447,2476,by,by,by,unknown,by,wordfreq:fr,wordfreq_seeded;deterministically_filtered;structurally_curated
fr,v1,3,2448,2477,cercle,cercle,cercle,unknown,cercle,wordfreq:fr,wordfreq_seeded;deterministically_filtered;structurally_curated
fr,v1,3,2449,2478,cesse,cesse,cesse,unknown,cesse,wordfreq:fr,wordfreq_seeded;deterministically_filtered;structurally_curated
fr,v1,3,2450,2479,charges,charges,charges,unknown,charges,wordfreq:fr,wordfreq_seeded;deterministically_filtered;structurally_curated
fr,v1,3,2451,2480,chiens,chiens,chiens,unknown,chiens,wordfreq:fr,wordfreq_seeded;deterministically_filtered;structurally_curated
fr,v1,3,2452,2481,connue,connue,connue,unknown,connue,wordfreq:fr,wordfreq_seeded;deterministically_filtered;structurally_curated
fr,v1,3,2453,2482,courte,courte,courte,unknown,courte,wordfreq:fr,wordfreq_seeded;deterministically_filtered;structurally_curated
fr,v1,3,2454,2483,dette,dette,dette,unknown,dette,wordfreq:fr,wordfreq_seeded;deterministically_filtered;structurally_curated
fr,v1,3,2455,2484,doigt,doigt,doigt,unknown,doigt,wordfreq:fr,wordfreq_seeded;deterministically_filtered;structurally_curated
fr,v1,3,2456,2485,douce,douce,douce,unknown,douce,wordfreq:fr,wordfreq_seeded;deterministically_filtered;structurally_curated
fr,v1,3,2457,2486,douze,douze,douze,unknown,douze,wordfreq:fr,wordfreq_seeded;deterministically_filtered;structurally_curated
fr,v1,3,2458,2487,démocratique,démocratique,démocratique,unknown,démocratique,wordfreq:fr,wordfreq_seeded;deterministically_filtered;structurally_curated
fr,v1,3,2459,2488,exemples,exemples,exemples,unknown,exemples,wordfreq:fr,wordfreq_seeded;deterministically_filtered;structurally_curated
fr,v1,3,2460,2489,fenêtre,fenêtre,fenêtre,unknown,fenêtre,wordfreq:fr,wordfreq_seeded;deterministically_filtered;structurally_curated
fr,v1,3,2461,2490,former,former,former,unknown,former,wordfreq:fr,wordfreq_seeded;deterministically_filtered;structurally_curated
fr,v1,3,2462,2491,fournir,fournir,fournir,unknown,fournir,wordfreq:fr,wordfreq_seeded;deterministically_filtered;structurally_curated
fr,v1,3,2463,2492,frappe,frappe,frappe,unknown,frappe,wordfreq:fr,wordfreq_seeded;deterministically_filtered;structurally_curated
fr,v1,3,2464,2493,grève,grève,grève,unknown,grève,wordfreq:fr,wordfreq_seeded;deterministically_filtered;structurally_curated
fr,v1,3,2465,2494,ha,ha,ha,unknown,ha,wordfreq:fr,wordfreq_seeded;deterministically_filtered;structurally_curated
fr,v1,3,2466,2495,imaginer,imaginer,imaginer,unknown,imaginer,wordfreq:fr,wordfreq_seeded;deterministically_filtered;structurally_curated
fr,v1,3,2467,2496,inde,inde,inde,unknown,inde,wordfreq:fr,wordfreq_seeded;deterministically_filtered;structurally_curated
fr,v1,3,2468,2497,jusque,jusque,jusque,unknown,jusque,wordfreq:fr,wordfreq_seeded;deterministically_filtered;structurally_curated
fr,v1,3,2469,2498,meurtre,meurtre,meurtre,unknown,meurtre,wordfreq:fr,wordfreq_seeded;deterministically_filtered;structurally_curated
fr,v1,3,2470,2499,mises,mises,mises,unknown,mises,wordfreq:fr,wordfreq_seeded;deterministically_filtered;structurally_curated
fr,v1,3,2471,2500,mélange,mélange,mélange,unknown,mélange,wordfreq:fr,wordfreq_seeded;deterministically_filtered;structurally_curated
fr,v1,3,2472,2501,normalement,normalement,normalement,unknown,normalement,wordfreq:fr,wordfreq_seeded;deterministically_filtered;structurally_curated
fr,v1,3,2473,2502,ombre,ombre,ombre,unknown,ombre,wordfreq:fr,wordfreq_seeded;deterministically_filtered;structurally_curated
fr,v1,3,2474,2503,personnelle,personnelle,personnelle,unknown,personnelle,wordfreq:fr,wordfreq_seeded;deterministically_filtered;structurally_curated
fr,v1,3,2475,2504,pilote,pilote,pilote,unknown,pilote,wordfreq:fr,wordfreq_seeded;deterministically_filtered;structurally_curated
fr,v1,3,2476,2505,plat,plat,plat,unknown,plat,wordfreq:fr,wordfreq_seeded;deterministically_filtered;structurally_curated
fr,v1,3,2477,2506,repris,repris,repris,unknown,repris,wordfreq:fr,wordfreq_seeded;deterministically_filtered;structurally_curated
fr,v1,3,2478,2507,san,san,san,unknown,san,wordfreq:fr,wordfreq_seeded;deterministically_filtered;structurally_curated
fr,v1,3,2479,2508,servi,servi,servi,unknown,servi,wordfreq:fr,wordfreq_seeded;deterministically_filtered;structurally_curated
fr,v1,3,2480,2509,surpris,surpris,surpris,unknown,surpris,wordfreq:fr,wordfreq_seeded;deterministically_filtered;structurally_curated
fr,v1,3,2481,2510,terrible,terrible,terrible,unknown,terrible,wordfreq:fr,wordfreq_seeded;deterministically_filtered;structurally_curated
fr,v1,3,2482,2511,tres,tres,tres,unknown,tres,wordfreq:fr,wordfreq_seeded;deterministically_filtered;structurally_curated
fr,v1,3,2483,2512,établir,établir,établir,unknown,établir,wordfreq:fr,wordfreq_seeded;deterministically_filtered;structurally_curated
fr,v1,3,2484,2513,étage,étage,étage,unknown,étage,wordfreq:fr,wordfreq_seeded;deterministically_filtered;structurally_curated
fr,v1,3,2485,2514,actualité,actualité,actualité,unknown,actualité,wordfreq:fr,wordfreq_seeded;deterministically_filtered;structurally_curated
fr,v1,3,2486,2515,agréable,agréable,agréable,unknown,agréable,wordfreq:fr,wordfreq_seeded;deterministically_filtered;structurally_curated
fr,v1,3,2487,2516,asie,asie,asie,unknown,asie,wordfreq:fr,wordfreq_seeded;deterministically_filtered;structurally_curated
fr,v1,3,2488,2517,avancer,avancer,avancer,unknown,avancer,wordfreq:fr,wordfreq_seeded;deterministically_filtered;structurally_curated
fr,v1,3,2489,2518,avantages,avantages,avantages,unknown,avantages,wordfreq:fr,wordfreq_seeded;deterministically_filtered;structurally_curated
fr,v1,3,2490,2519,bienvenue,bienvenue,bienvenue,unknown,bienvenue,wordfreq:fr,wordfreq_seeded;deterministically_filtered;structurally_curated
fr,v1,3,2491,2520,bête,bête,bête,unknown,bête,wordfreq:fr,wordfreq_seeded;deterministically_filtered;structurally_curated
fr,v1,3,2492,2521,catholique,catholique,catholique,unknown,catholique,wordfreq:fr,wordfreq_seeded;deterministically_filtered;structurally_curated
fr,v1,3,2493,2522,champions,champions,champions,unknown,champions,wordfreq:fr,wordfreq_seeded;deterministically_filtered;structurally_curated
fr,v1,3,2494,2523,chaussures,chaussures,chaussures,unknown,chaussures,wordfreq:fr,wordfreq_seeded;deterministically_filtered;structurally_curated
fr,v1,3,2495,2524,chrétiens,chrétiens,chrétiens,unknown,chrétiens,wordfreq:fr,wordfreq_seeded;deterministically_filtered;structurally_curated
fr,v1,3,2496,2525,cible,cible,cible,unknown,cible,wordfreq:fr,wordfreq_seeded;deterministically_filtered;structurally_curated
fr,v1,3,2497,2526,city,city,city,unknown,city,wordfreq:fr,wordfreq_seeded;deterministically_filtered;structurally_curated
fr,v1,3,2498,2527,devra,devra,devra,unknown,devra,wordfreq:fr,wordfreq_seeded;deterministically_filtered;structurally_curated
fr,v1,3,2499,2528,donnée,donnée,donnée,unknown,donnée,wordfreq:fr,wordfreq_seeded;deterministically_filtered;structurally_curated
fr,v1,3,2500,2529,décider,décider,décider,unknown,décider,wordfreq:fr,wordfreq_seeded;deterministically_filtered;structurally_curated
fr,v1,3,2501,2530,décrit,décrit,décrit,unknown,décrit,wordfreq:fr,wordfreq_seeded;deterministically_filtered;structurally_curated
fr,v1,3,2502,2531,endroits,endroits,endroits,unknown,endroits,wordfreq:fr,wordfreq_seeded;deterministically_filtered;structurally_curated
fr,v1,3,2503,2532,format,format,format,unknown,format,wordfreq:fr,wordfreq_seeded;deterministically_filtered;structurally_curated
fr,v1,3,2504,2533,génial,génial,génial,unknown,génial,wordfreq:fr,wordfreq_seeded;deterministically_filtered;structurally_curated
fr,v1,3,2505,2534,installer,installer,installer,unknown,installer,wordfreq:fr,wordfreq_seeded;deterministically_filtered;structurally_curated
fr,v1,3,2506,2535,is,is,is,unknown,is,wordfreq:fr,wordfreq_seeded;deterministically_filtered;structurally_curated
fr,v1,3,2507,2536,jambes,jambes,jambes,unknown,jambes,wordfreq:fr,wordfreq_seeded;deterministically_filtered;structurally_curated
fr,v1,3,2508,2537,lieutenant,lieutenant,lieutenant,unknown,lieutenant,wordfreq:fr,wordfreq_seeded;deterministically_filtered;structurally_curated
fr,v1,3,2509,2538,live,live,live,unknown,live,wordfreq:fr,wordfreq_seeded;deterministically_filtered;structurally_curated
fr,v1,3,2510,2539,lié,lié,lié,unknown,lié,wordfreq:fr,wordfreq_seeded;deterministically_filtered;structurally_curated
fr,v1,3,2511,2540,locales,locales,locales,unknown,locales,wordfreq:fr,wordfreq_seeded;deterministically_filtered;structurally_curated
fr,v1,3,2512,2541,magazine,magazine,magazine,unknown,magazine,wordfreq:fr,wordfreq_seeded;deterministically_filtered;structurally_curated
fr,v1,3,2513,2542,marchés,marchés,marchés,unknown,marchés,wordfreq:fr,wordfreq_seeded;deterministically_filtered;structurally_curated
fr,v1,3,2514,2543,nulle,nulle,nulle,unknown,nulle,wordfreq:fr,wordfreq_seeded;deterministically_filtered;structurally_curated
fr,v1,3,2515,2544,oeil,oeil,oeil,unknown,oeil,wordfreq:fr,wordfreq_seeded;deterministically_filtered;structurally_curated
fr,v1,3,2516,2545,olivier,olivier,olivier,unknown,olivier,wordfreq:fr,wordfreq_seeded;deterministically_filtered;structurally_curated
fr,v1,3,2517,2546,partenaire,partenaire,partenaire,unknown,partenaire,wordfreq:fr,wordfreq_seeded;deterministically_filtered;structurally_curated
fr,v1,3,2518,2547,particuliers,particuliers,particuliers,unknown,particuliers,wordfreq:fr,wordfreq_seeded;deterministically_filtered;structurally_curated
fr,v1,3,2519,2548,patients,patients,patients,unknown,patients,wordfreq:fr,wordfreq_seeded;deterministically_filtered;structurally_curated
fr,v1,3,2520,2549,performance,performance,performance,unknown,performance,wordfreq:fr,wordfreq_seeded;deterministically_filtered;structurally_curated
fr,v1,3,2521,2550,plainte,plainte,plainte,unknown,plainte,wordfreq:fr,wordfreq_seeded;deterministically_filtered;structurally_curated
fr,v1,3,2522,2551,portable,portable,portable,unknown,portable,wordfreq:fr,wordfreq_seeded;deterministically_filtered;structurally_curated
fr,v1,3,2523,2552,portrait,portrait,portrait,unknown,portrait,wordfreq:fr,wordfreq_seeded;deterministically_filtered;structurally_curated
fr,v1,3,2524,2553,prenez,prenez,prenez,unknown,prenez,wordfreq:fr,wordfreq_seeded;deterministically_filtered;structurally_curated
fr,v1,3,2525,2554,preuves,preuves,preuves,unknown,preuves,wordfreq:fr,wordfreq_seeded;deterministically_filtered;structurally_curated
fr,v1,3,2526,2555,rouges,rouges,rouges,unknown,rouges,wordfreq:fr,wordfreq_seeded;deterministically_filtered;structurally_curated
fr,v1,3,2527,2556,routes,routes,routes,unknown,routes,wordfreq:fr,wordfreq_seeded;deterministically_filtered;structurally_curated
fr,v1,3,2528,2557,réussir,réussir,réussir,unknown,réussir,wordfreq:fr,wordfreq_seeded;deterministically_filtered;structurally_curated
fr,v1,3,2529,2558,rêves,rêves,rêves,unknown,rêves,wordfreq:fr,wordfreq_seeded;deterministically_filtered;structurally_curated
fr,v1,3,2530,2559,score,score,score,unknown,score,wordfreq:fr,wordfreq_seeded;deterministically_filtered;structurally_curated
fr,v1,3,2531,2560,sors,sors,sors,unknown,sors,wordfreq:fr,wordfreq_seeded;deterministically_filtered;structurally_curated
fr,v1,3,2532,2561,superbe,superbe,superbe,unknown,superbe,wordfreq:fr,wordfreq_seeded;deterministically_filtered;structurally_curated
fr,v1,3,2533,2562,tiré,tiré,tiré,unknown,tiré,wordfreq:fr,wordfreq_seeded;deterministically_filtered;structurally_curated
fr,v1,3,2534,2563,tournoi,tournoi,tournoi,unknown,tournoi,wordfreq:fr,wordfreq_seeded;deterministically_filtered;structurally_curated
fr,v1,3,2535,2564,ventes,ventes,ventes,unknown,ventes,wordfreq:fr,wordfreq_seeded;deterministically_filtered;structurally_curated
fr,v1,3,2536,2565,viande,viande,viande,unknown,viande,wordfreq:fr,wordfreq_seeded;deterministically_filtered;structurally_curated
fr,v1,3,2537,2566,vierge,vierge,vierge,unknown,vierge,wordfreq:fr,wordfreq_seeded;deterministically_filtered;structurally_curated
fr,v1,3,2538,2567,washington,washington,washington,unknown,washington,wordfreq:fr,wordfreq_seeded;deterministically_filtered;structurally_curated
fr,v1,3,2539,2568,étrange,étrange,étrange,unknown,étrange,wordfreq:fr,wordfreq_seeded;deterministically_filtered;structurally_curated
fr,v1,3,2540,2569,antoine,antoine,antoine,unknown,antoine,wordfreq:fr,wordfreq_seeded;deterministically_filtered;structurally_curated
fr,v1,3,2541,2570,attitude,attitude,attitude,unknown,attitude,wordfreq:fr,wordfreq_seeded;deterministically_filtered;structurally_curated
fr,v1,3,2542,2571,balles,balles,balles,unknown,balles,wordfreq:fr,wordfreq_seeded;deterministically_filtered;structurally_curated
fr,v1,3,2543,2572,batterie,batterie,batterie,unknown,batterie,wordfreq:fr,wordfreq_seeded;deterministically_filtered;structurally_curated
fr,v1,3,2544,2573,chacune,chacune,chacune,unknown,chacune,wordfreq:fr,wordfreq_seeded;deterministically_filtered;structurally_curated
fr,v1,3,2545,2574,christ,christ,christ,unknown,christ,wordfreq:fr,wordfreq_seeded;deterministically_filtered;structurally_curated
fr,v1,3,2546,2575,collaboration,collaboration,collaboration,unknown,collaboration,wordfreq:fr,wordfreq_seeded;deterministically_filtered;structurally_curated
fr,v1,3,2547,2576,colonel,colonel,colonel,unknown,colonel,wordfreq:fr,wordfreq_seeded;deterministically_filtered;structurally_curated
fr,v1,3,2548,2577,commis,commis,commis,unknown,commis,wordfreq:fr,wordfreq_seeded;deterministically_filtered;structurally_curated
fr,v1,3,2549,2578,composition,composition,composition,unknown,composition,wordfreq:fr,wordfreq_seeded;deterministically_filtered;structurally_curated
fr,v1,3,2550,2579,contente,contente,contente,unknown,contente,wordfreq:fr,wordfreq_seeded;deterministically_filtered;structurally_curated
fr,v1,3,2551,2580,convaincre,convaincre,convaincre,unknown,convaincre,wordfreq:fr,wordfreq_seeded;deterministically_filtered;structurally_curated
fr,v1,3,2552,2581,copine,copine,copine,unknown,copine,wordfreq:fr,wordfreq_seeded;deterministically_filtered;structurally_curated
fr,v1,3,2553,2582,courses,courses,courses,unknown,courses,wordfreq:fr,wordfreq_seeded;deterministically_filtered;structurally_curated
fr,v1,3,2554,2583,devez,devez,devez,unknown,devez,wordfreq:fr,wordfreq_seeded;deterministically_filtered;structurally_curated
fr,v1,3,2555,2584,diffusion,diffusion,diffusion,unknown,diffusion,wordfreq:fr,wordfreq_seeded;deterministically_filtered;structurally_curated
fr,v1,3,2556,2585,différente,différente,différente,unknown,différente,wordfreq:fr,wordfreq_seeded;deterministically_filtered;structurally_curated
fr,v1,3,2557,2586,dirigeants,dirigeants,dirigeants,unknown,dirigeants,wordfreq:fr,wordfreq_seeded;deterministically_filtered;structurally_curated
fr,v1,3,2558,2587,emmanuel,emmanuel,emmanuel,unknown,emmanuel,wordfreq:fr,wordfreq_seeded;deterministically_filtered;structurally_curated
fr,v1,3,2559,2588,entière,entière,entière,unknown,entière,wordfreq:fr,wordfreq_seeded;deterministically_filtered;structurally_curated
fr,v1,3,2560,2589,essence,essence,essence,unknown,essence,wordfreq:fr,wordfreq_seeded;deterministically_filtered;structurally_curated
fr,v1,3,2561,2590,fondation,fondation,fondation,unknown,fondation,wordfreq:fr,wordfreq_seeded;deterministically_filtered;structurally_curated
fr,v1,3,2562,2591,guide,guide,guide,unknown,guide,wordfreq:fr,wordfreq_seeded;deterministically_filtered;structurally_curated
fr,v1,3,2563,2592,immobilier,immobilier,immobilier,unknown,immobilier,wordfreq:fr,wordfreq_seeded;deterministically_filtered;structurally_curated
fr,v1,3,2564,2593,impose,impose,impose,unknown,impose,wordfreq:fr,wordfreq_seeded;deterministically_filtered;structurally_curated
fr,v1,3,2565,2594,imposer,imposer,imposer,unknown,imposer,wordfreq:fr,wordfreq_seeded;deterministically_filtered;structurally_curated
fr,v1,3,2566,2595,invite,invite,invite,unknown,invite,wordfreq:fr,wordfreq_seeded;deterministically_filtered;structurally_curated
fr,v1,3,2567,2596,jeter,jeter,jeter,unknown,jeter,wordfreq:fr,wordfreq_seeded;deterministically_filtered;structurally_curated
fr,v1,3,2568,2597,joseph,joseph,joseph,unknown,joseph,wordfreq:fr,wordfreq_seeded;deterministically_filtered;structurally_curated
fr,v1,3,2569,2598,liés,liés,liés,unknown,liés,wordfreq:fr,wordfreq_seeded;deterministically_filtered;structurally_curated
fr,v1,3,2570,2599,normale,normale,normale,unknown,normale,wordfreq:fr,wordfreq_seeded;deterministically_filtered;structurally_curated
fr,v1,3,2571,2600,nécessité,nécessité,nécessité,unknown,nécessité,wordfreq:fr,wordfreq_seeded;deterministically_filtered;structurally_curated
fr,v1,3,2572,2601,officiellement,officiellement,officiellement,unknown,officiellement,wordfreq:fr,wordfreq_seeded;deterministically_filtered;structurally_curated
fr,v1,3,2573,2602,ouvrages,ouvrages,ouvrages,unknown,ouvrages,wordfreq:fr,wordfreq_seeded;deterministically_filtered;structurally_curated
fr,v1,3,2574,2603,poisson,poisson,poisson,unknown,poisson,wordfreq:fr,wordfreq_seeded;deterministically_filtered;structurally_curated
fr,v1,3,2575,2604,populations,populations,populations,unknown,populations,wordfreq:fr,wordfreq_seeded;deterministically_filtered;structurally_curated
fr,v1,3,2576,2605,posé,posé,posé,unknown,posé,wordfreq:fr,wordfreq_seeded;deterministically_filtered;structurally_curated
fr,v1,3,2577,2606,propriétaires,propriétaires,propriétaires,unknown,propriétaires,wordfreq:fr,wordfreq_seeded;deterministically_filtered;structurally_curated
fr,v1,3,2578,2607,reconnaître,reconnaître,reconnaître,unknown,reconnaître,wordfreq:fr,wordfreq_seeded;deterministically_filtered;structurally_curated
fr,v1,3,2579,2608,représentation,représentation,représentation,unknown,représentation,wordfreq:fr,wordfreq_seeded;deterministically_filtered;structurally_curated
fr,v1,3,2580,2609,régler,régler,régler,unknown,régler,wordfreq:fr,wordfreq_seeded;deterministically_filtered;structurally_curated
fr,v1,3,2581,2610,simples,simples,simples,unknown,simples,wordfreq:fr,wordfreq_seeded;deterministically_filtered;structurally_curated
fr,v1,3,2582,2611,spécialiste,spécialiste,spécialiste,unknown,spécialiste,wordfreq:fr,wordfreq_seeded;deterministically_filtered;structurally_curated
fr,v1,3,2583,2612,stage,stage,stage,unknown,stage,wordfreq:fr,wordfreq_seeded;deterministically_filtered;structurally_curated
fr,v1,3,2584,2613,suppose,suppose,suppose,unknown,suppose,wordfreq:fr,wordfreq_seeded;deterministically_filtered;structurally_curated
fr,v1,3,2585,2614,tom,tom,tom,unknown,tom,wordfreq:fr,wordfreq_seeded;deterministically_filtered;structurally_curated
fr,v1,3,2586,2615,touché,touché,touché,unknown,touché,wordfreq:fr,wordfreq_seeded;deterministically_filtered;structurally_curated
fr,v1,3,2587,2616,usa,usa,usa,unknown,usa,wordfreq:fr,wordfreq_seeded;deterministically_filtered;structurally_curated
fr,v1,3,2588,2617,vivent,vivent,vivent,unknown,vivent,wordfreq:fr,wordfreq_seeded;deterministically_filtered;structurally_curated
fr,v1,3,2589,2618,évident,évident,évident,unknown,évident,wordfreq:fr,wordfreq_seeded;deterministically_filtered;structurally_curated
fr,v1,3,2590,2619,acquis,acquis,acquis,unknown,acquis,wordfreq:fr,wordfreq_seeded;deterministically_filtered;structurally_curated
fr,v1,3,2591,2620,actif,actif,actif,unknown,actif,wordfreq:fr,wordfreq_seeded;deterministically_filtered;structurally_curated
fr,v1,3,2592,2621,allais,allais,allais,unknown,allais,wordfreq:fr,wordfreq_seeded;deterministically_filtered;structurally_curated
fr,v1,3,2593,2622,automne,automne,automne,unknown,automne,wordfreq:fr,wordfreq_seeded;deterministically_filtered;structurally_curated
fr,v1,3,2594,2623,bloc,bloc,bloc,unknown,bloc,wordfreq:fr,wordfreq_seeded;deterministically_filtered;structurally_curated
fr,v1,3,2595,2624,chocolat,chocolat,chocolat,unknown,chocolat,wordfreq:fr,wordfreq_seeded;deterministically_filtered;structurally_curated
fr,v1,3,2596,2625,collègues,collègues,collègues,unknown,collègues,wordfreq:fr,wordfreq_seeded;deterministically_filtered;structurally_curated
fr,v1,3,2597,2626,confirme,confirme,confirme,unknown,confirme,wordfreq:fr,wordfreq_seeded;deterministically_filtered;structurally_curated
fr,v1,3,2598,2627,extrait,extrait,extrait,unknown,extrait,wordfreq:fr,wordfreq_seeded;deterministically_filtered;structurally_curated
fr,v1,3,2599,2628,financière,financière,financière,unknown,financière,wordfreq:fr,wordfreq_seeded;deterministically_filtered;structurally_curated
fr,v1,3,2600,2629,fixe,fixe,fixe,unknown,fixe,wordfreq:fr,wordfreq_seeded;deterministically_filtered;structurally_curated
fr,v1,3,2601,2630,foule,foule,foule,unknown,foule,wordfreq:fr,wordfreq_seeded;deterministically_filtered;structurally_curated
fr,v1,3,2602,2631,fédéral,fédéral,fédéral,unknown,fédéral,wordfreq:fr,wordfreq_seeded;deterministically_filtered;structurally_curated
fr,v1,3,2603,2632,gay,gay,gay,unknown,gay,wordfreq:fr,wordfreq_seeded;deterministically_filtered;structurally_curated
fr,v1,3,2604,2633,grèce,grèce,grèce,unknown,grèce,wordfreq:fr,wordfreq_seeded;deterministically_filtered;structurally_curated
fr,v1,3,2605,2634,guillaume,guillaume,guillaume,unknown,guillaume,wordfreq:fr,wordfreq_seeded;deterministically_filtered;structurally_curated
fr,v1,3,2606,2635,hauts,hauts,hauts,unknown,hauts,wordfreq:fr,wordfreq_seeded;deterministically_filtered;structurally_curated
fr,v1,3,2607,2636,immense,immense,immense,unknown,immense,wordfreq:fr,wordfreq_seeded;deterministically_filtered;structurally_curated
fr,v1,3,2608,2637,immeuble,immeuble,immeuble,unknown,immeuble,wordfreq:fr,wordfreq_seeded;deterministically_filtered;structurally_curated
fr,v1,3,2609,2638,interview,interview,interview,unknown,interview,wordfreq:fr,wordfreq_seeded;deterministically_filtered;structurally_curated
fr,v1,3,2610,2639,inverse,inverse,inverse,unknown,inverse,wordfreq:fr,wordfreq_seeded;deterministically_filtered;structurally_curated
fr,v1,3,2611,2640,lol,lol,lol,unknown,lol,wordfreq:fr,wordfreq_seeded;deterministically_filtered;structurally_curated
fr,v1,3,2612,2641,longues,longues,longues,unknown,longues,wordfreq:fr,wordfreq_seeded;deterministically_filtered;structurally_curated
fr,v1,3,2613,2642,léger,léger,léger,unknown,léger,wordfreq:fr,wordfreq_seeded;deterministically_filtered;structurally_curated
fr,v1,3,2614,2643,machines,machines,machines,unknown,machines,wordfreq:fr,wordfreq_seeded;deterministically_filtered;structurally_curated
fr,v1,3,2615,2644,maladies,maladies,maladies,unknown,maladies,wordfreq:fr,wordfreq_seeded;deterministically_filtered;structurally_curated
fr,v1,3,2616,2645,ordinateur,ordinateur,ordinateur,unknown,ordinateur,wordfreq:fr,wordfreq_seeded;deterministically_filtered;structurally_curated
fr,v1,3,2617,2646,os,os,os,unknown,os,wordfreq:fr,wordfreq_seeded;deterministically_filtered;structurally_curated
fr,v1,3,2618,2647,outils,outils,outils,unknown,outils,wordfreq:fr,wordfreq_seeded;deterministically_filtered;structurally_curated
fr,v1,3,2619,2648,pouvais,pouvais,pouvais,unknown,pouvais,wordfreq:fr,wordfreq_seeded;deterministically_filtered;structurally_curated
fr,v1,3,2620,2649,principes,principes,principes,unknown,principes,wordfreq:fr,wordfreq_seeded;deterministically_filtered;structurally_curated
fr,v1,3,2621,2650,précisément,précisément,précisément,unknown,précisément,wordfreq:fr,wordfreq_seeded;deterministically_filtered;structurally_curated
fr,v1,3,2622,2651,prépare,prépare,prépare,unknown,prépare,wordfreq:fr,wordfreq_seeded;deterministically_filtered;structurally_curated
fr,v1,3,2623,2652,pub,pub,pub,unknown,pub,wordfreq:fr,wordfreq_seeded;deterministically_filtered;structurally_curated
fr,v1,3,2624,2653,pêche,pêche,pêche,unknown,pêche,wordfreq:fr,wordfreq_seeded;deterministically_filtered;structurally_curated
fr,v1,3,2625,2654,rarement,rarement,rarement,unknown,rarement,wordfreq:fr,wordfreq_seeded;deterministically_filtered;structurally_curated
fr,v1,3,2626,2655,re,re,re,unknown,re,wordfreq:fr,wordfreq_seeded;deterministically_filtered;structurally_curated
fr,v1,3,2627,2656,recettes,recettes,recettes,unknown,recettes,wordfreq:fr,wordfreq_seeded;deterministically_filtered;structurally_curated
fr,v1,3,2628,2657,rentrée,rentrée,rentrée,unknown,rentrée,wordfreq:fr,wordfreq_seeded;deterministically_filtered;structurally_curated
fr,v1,3,2629,2658,souci,souci,souci,unknown,souci,wordfreq:fr,wordfreq_seeded;deterministically_filtered;structurally_curated
fr,v1,3,2630,2659,soumis,soumis,soumis,unknown,soumis,wordfreq:fr,wordfreq_seeded;deterministically_filtered;structurally_curated
fr,v1,3,2631,2660,sports,sports,sports,unknown,sports,wordfreq:fr,wordfreq_seeded;deterministically_filtered;structurally_curated
fr,v1,3,2632,2661,séjour,séjour,séjour,unknown,séjour,wordfreq:fr,wordfreq_seeded;deterministically_filtered;structurally_curated
fr,v1,3,2633,2662,taxe,taxe,taxe,unknown,taxe,wordfreq:fr,wordfreq_seeded;deterministically_filtered;structurally_curated
fr,v1,3,2634,2663,transfert,transfert,transfert,unknown,transfert,wordfreq:fr,wordfreq_seeded;deterministically_filtered;structurally_curated
fr,v1,3,2635,2664,turquie,turquie,turquie,unknown,turquie,wordfreq:fr,wordfreq_seeded;deterministically_filtered;structurally_curated
fr,v1,3,2636,2665,vigueur,vigueur,vigueur,unknown,vigueur,wordfreq:fr,wordfreq_seeded;deterministically_filtered;structurally_curated
fr,v1,3,2637,2666,voient,voient,voient,unknown,voient,wordfreq:fr,wordfreq_seeded;deterministically_filtered;structurally_curated
fr,v1,3,2638,2667,voile,voile,voile,unknown,voile,wordfreq:fr,wordfreq_seeded;deterministically_filtered;structurally_curated
fr,v1,3,2639,2668,w,w,w,unknown,w,wordfreq:fr,wordfreq_seeded;deterministically_filtered;structurally_curated
fr,v1,3,2640,2669,zéro,zéro,zéro,unknown,zéro,wordfreq:fr,wordfreq_seeded;deterministically_filtered;structurally_curated
fr,v1,3,2641,2670,allant,allant,allant,unknown,allant,wordfreq:fr,wordfreq_seeded;deterministically_filtered;structurally_curated
fr,v1,3,2642,2672,aurez,aurez,aurez,unknown,aurez,wordfreq:fr,wordfreq_seeded;deterministically_filtered;structurally_curated
fr,v1,3,2643,2673,banques,banques,banques,unknown,banques,wordfreq:fr,wordfreq_seeded;deterministically_filtered;structurally_curated
fr,v1,3,2644,2674,billets,billets,billets,unknown,billets,wordfreq:fr,wordfreq_seeded;deterministically_filtered;structurally_curated
fr,v1,3,2645,2675,calcul,calcul,calcul,unknown,calcul,wordfreq:fr,wordfreq_seeded;deterministically_filtered;structurally_curated
fr,v1,3,2646,2676,caractéristiques,caractéristiques,caractéristiques,unknown,caractéristiques,wordfreq:fr,wordfreq_seeded;deterministically_filtered;structurally_curated
fr,v1,3,2647,2677,chevaux,chevaux,chevaux,unknown,chevaux,wordfreq:fr,wordfreq_seeded;deterministically_filtered;structurally_curated
fr,v1,3,2648,2678,choc,choc,choc,unknown,choc,wordfreq:fr,wordfreq_seeded;deterministically_filtered;structurally_curated
fr,v1,3,2649,2679,civil,civil,civil,unknown,civil,wordfreq:fr,wordfreq_seeded;deterministically_filtered;structurally_curated
fr,v1,3,2650,2680,clés,clés,clés,unknown,clés,wordfreq:fr,wordfreq_seeded;deterministically_filtered;structurally_curated
fr,v1,3,2651,2681,connaissent,connaissent,connaissent,unknown,connaissent,wordfreq:fr,wordfreq_seeded;deterministically_filtered;structurally_curated
fr,v1,3,2652,2682,disque,disque,disque,unknown,disque,wordfreq:fr,wordfreq_seeded;deterministically_filtered;structurally_curated
fr,v1,3,2653,2683,décret,décret,décret,unknown,décret,wordfreq:fr,wordfreq_seeded;deterministically_filtered;structurally_curated
fr,v1,3,2654,2684,désir,désir,désir,unknown,désir,wordfreq:fr,wordfreq_seeded;deterministically_filtered;structurally_curated
fr,v1,3,2655,2685,déterminer,déterminer,déterminer,unknown,déterminer,wordfreq:fr,wordfreq_seeded;deterministically_filtered;structurally_curated
fr,v1,3,2656,2686,enlever,enlever,enlever,unknown,enlever,wordfreq:fr,wordfreq_seeded;deterministically_filtered;structurally_curated
fr,v1,3,2657,2687,entraînement,entraînement,entraînement,unknown,entraînement,wordfreq:fr,wordfreq_seeded;deterministically_filtered;structurally_curated
fr,v1,3,2658,2688,expériences,expériences,expériences,unknown,expériences,wordfreq:fr,wordfreq_seeded;deterministically_filtered;structurally_curated
fr,v1,3,2659,2689,fabrication,fabrication,fabrication,unknown,fabrication,wordfreq:fr,wordfreq_seeded;deterministically_filtered;structurally_curated
fr,v1,3,2660,2690,fermé,fermé,fermé,unknown,fermé,wordfreq:fr,wordfreq_seeded;deterministically_filtered;structurally_curated
fr,v1,3,2661,2691,garçons,garçons,garçons,unknown,garçons,wordfreq:fr,wordfreq_seeded;deterministically_filtered;structurally_curated
fr,v1,3,2662,2692,georges,georges,georges,unknown,georges,wordfreq:fr,wordfreq_seeded;deterministically_filtered;structurally_curated
fr,v1,3,2663,2693,harry,harry,harry,unknown,harry,wordfreq:fr,wordfreq_seeded;deterministically_filtered;structurally_curated
fr,v1,3,2664,2694,iv,iv,iv,unknown,iv,wordfreq:fr,wordfreq_seeded;deterministically_filtered;structurally_curated
fr,v1,3,2665,2695,lourd,lourd,lourd,unknown,lourd,wordfreq:fr,wordfreq_seeded;deterministically_filtered;structurally_curated
fr,v1,3,2666,2696,mener,mener,mener,unknown,mener,wordfreq:fr,wordfreq_seeded;deterministically_filtered;structurally_curated
fr,v1,3,2667,2697,micro,micro,micro,unknown,micro,wordfreq:fr,wordfreq_seeded;deterministically_filtered;structurally_curated
fr,v1,3,2668,2698,mont,mont,mont,unknown,mont,wordfreq:fr,wordfreq_seeded;deterministically_filtered;structurally_curated
fr,v1,3,2669,2699,morale,morale,morale,unknown,morale,wordfreq:fr,wordfreq_seeded;deterministically_filtered;structurally_curated
fr,v1,3,2670,2700,niveaux,niveaux,niveaux,unknown,niveaux,wordfreq:fr,wordfreq_seeded;deterministically_filtered;structurally_curated
fr,v1,3,2671,2701,obligation,obligation,obligation,unknown,obligation,wordfreq:fr,wordfreq_seeded;deterministically_filtered;structurally_curated
fr,v1,3,2672,2702,officier,officier,officier,unknown,officier,wordfreq:fr,wordfreq_seeded;deterministically_filtered;structurally_curated
fr,v1,3,2673,2703,poche,poche,poche,unknown,poche,wordfreq:fr,wordfreq_seeded;deterministically_filtered;structurally_curated
fr,v1,3,2674,2704,prenant,prenant,prenant,unknown,prenant,wordfreq:fr,wordfreq_seeded;deterministically_filtered;structurally_curated
fr,v1,3,2675,2705,prénom,prénom,prénom,unknown,prénom,wordfreq:fr,wordfreq_seeded;deterministically_filtered;structurally_curated
fr,v1,3,2676,2706,regardé,regardé,regardé,unknown,regardé,wordfreq:fr,wordfreq_seeded;deterministically_filtered;structurally_curated
fr,v1,3,2677,2707,rock,rock,rock,unknown,rock,wordfreq:fr,wordfreq_seeded;deterministically_filtered;structurally_curated
fr,v1,3,2678,2708,réelle,réelle,réelle,unknown,réelle,wordfreq:fr,wordfreq_seeded;deterministically_filtered;structurally_curated
fr,v1,3,2679,2709,solide,solide,solide,unknown,solide,wordfreq:fr,wordfreq_seeded;deterministically_filtered;structurally_curated
fr,v1,3,2680,2710,tentative,tentative,tentative,unknown,tentative,wordfreq:fr,wordfreq_seeded;deterministically_filtered;structurally_curated
fr,v1,3,2681,2711,vallée,vallée,vallée,unknown,vallée,wordfreq:fr,wordfreq_seeded;deterministically_filtered;structurally_curated
fr,v1,3,2682,2712,égard,égard,égard,unknown,égard,wordfreq:fr,wordfreq_seeded;deterministically_filtered;structurally_curated
fr,v1,3,2683,2713,émissions,émissions,émissions,unknown,émissions,wordfreq:fr,wordfreq_seeded;deterministically_filtered;structurally_curated
fr,v1,3,2684,2714,accepté,accepté,accepté,unknown,accepté,wordfreq:fr,wordfreq_seeded;deterministically_filtered;structurally_curated
fr,v1,3,2685,2715,agricole,agricole,agricole,unknown,agricole,wordfreq:fr,wordfreq_seeded;deterministically_filtered;structurally_curated
fr,v1,3,2686,2716,appliquer,appliquer,appliquer,unknown,appliquer,wordfreq:fr,wordfreq_seeded;deterministically_filtered;structurally_curated
fr,v1,3,2687,2717,attaquer,attaquer,attaquer,unknown,attaquer,wordfreq:fr,wordfreq_seeded;deterministically_filtered;structurally_curated
fr,v1,3,2688,2718,autorisation,autorisation,autorisation,unknown,autorisation,wordfreq:fr,wordfreq_seeded;deterministically_filtered;structurally_curated
fr,v1,3,2689,2719,bases,bases,bases,unknown,bases,wordfreq:fr,wordfreq_seeded;deterministically_filtered;structurally_curated
fr,v1,3,2690,2720,circuit,circuit,circuit,unknown,circuit,wordfreq:fr,wordfreq_seeded;deterministically_filtered;structurally_curated
fr,v1,3,2691,2721,courir,courir,courir,unknown,courir,wordfreq:fr,wordfreq_seeded;deterministically_filtered;structurally_curated
fr,v1,3,2692,2722,débats,débats,débats,unknown,débats,wordfreq:fr,wordfreq_seeded;deterministically_filtered;structurally_curated
fr,v1,3,2693,2723,déclare,déclare,déclare,unknown,déclare,wordfreq:fr,wordfreq_seeded;deterministically_filtered;structurally_curated
fr,v1,3,2694,2724,déjeuner,déjeuner,déjeuner,unknown,déjeuner,wordfreq:fr,wordfreq_seeded;deterministically_filtered;structurally_curated
fr,v1,3,2695,2725,délai,délai,délai,unknown,délai,wordfreq:fr,wordfreq_seeded;deterministically_filtered;structurally_curated
fr,v1,3,2696,2726,efficacité,efficacité,efficacité,unknown,efficacité,wordfreq:fr,wordfreq_seeded;deterministically_filtered;structurally_curated
fr,v1,3,2697,2727,employé,employé,employé,unknown,employé,wordfreq:fr,wordfreq_seeded;deterministically_filtered;structurally_curated
fr,v1,3,2698,2728,ennemis,ennemis,ennemis,unknown,ennemis,wordfreq:fr,wordfreq_seeded;deterministically_filtered;structurally_curated
fr,v1,3,2699,2729,experts,experts,experts,unknown,experts,wordfreq:fr,wordfreq_seeded;deterministically_filtered;structurally_curated
fr,v1,3,2700,2730,fan,fan,fan,unknown,fan,wordfreq:fr,wordfreq_seeded;deterministically_filtered;structurally_curated
fr,v1,3,2701,2731,feuilles,feuilles,feuilles,unknown,feuilles,wordfreq:fr,wordfreq_seeded;deterministically_filtered;structurally_curated
fr,v1,3,2702,2732,go,go,go,unknown,go,wordfreq:fr,wordfreq_seeded;deterministically_filtered;structurally_curated
fr,v1,3,2703,2733,idéal,idéal,idéal,unknown,idéal,wordfreq:fr,wordfreq_seeded;deterministically_filtered;structurally_curated
fr,v1,3,2704,2734,individu,individu,individu,unknown,individu,wordfreq:fr,wordfreq_seeded;deterministically_filtered;structurally_curated
fr,v1,3,2705,2735,intelligence,intelligence,intelligence,unknown,intelligence,wordfreq:fr,wordfreq_seeded;deterministically_filtered;structurally_curated
fr,v1,3,2706,2736,loire,loire,loire,unknown,loire,wordfreq:fr,wordfreq_seeded;deterministically_filtered;structurally_curated
fr,v1,3,2707,2737,luc,luc,luc,unknown,luc,wordfreq:fr,wordfreq_seeded;deterministically_filtered;structurally_curated
fr,v1,3,2708,2738,mention,mention,mention,unknown,mention,wordfreq:fr,wordfreq_seeded;deterministically_filtered;structurally_curated
fr,v1,3,2709,2739,mettant,mettant,mettant,unknown,mettant,wordfreq:fr,wordfreq_seeded;deterministically_filtered;structurally_curated
fr,v1,3,2710,2740,née,née,née,unknown,née,wordfreq:fr,wordfreq_seeded;deterministically_filtered;structurally_curated
fr,v1,3,2711,2741,offert,offert,offert,unknown,offert,wordfreq:fr,wordfreq_seeded;deterministically_filtered;structurally_curated
fr,v1,3,2712,2742,organiser,organiser,organiser,unknown,organiser,wordfreq:fr,wordfreq_seeded;deterministically_filtered;structurally_curated
fr,v1,3,2713,2743,partenaires,partenaires,partenaires,unknown,partenaires,wordfreq:fr,wordfreq_seeded;deterministically_filtered;structurally_curated
fr,v1,3,2714,2744,pause,pause,pause,unknown,pause,wordfreq:fr,wordfreq_seeded;deterministically_filtered;structurally_curated
fr,v1,3,2715,2745,portent,portent,portent,unknown,portent,wordfreq:fr,wordfreq_seeded;deterministically_filtered;structurally_curated
fr,v1,3,2716,2746,propositions,propositions,propositions,unknown,propositions,wordfreq:fr,wordfreq_seeded;deterministically_filtered;structurally_curated
fr,v1,3,2717,2747,quart,quart,quart,unknown,quart,wordfreq:fr,wordfreq_seeded;deterministically_filtered;structurally_curated
fr,v1,3,2718,2748,remis,remis,remis,unknown,remis,wordfreq:fr,wordfreq_seeded;deterministically_filtered;structurally_curated
fr,v1,3,2719,2749,resté,resté,resté,unknown,resté,wordfreq:fr,wordfreq_seeded;deterministically_filtered;structurally_curated
fr,v1,3,2720,2750,ridicule,ridicule,ridicule,unknown,ridicule,wordfreq:fr,wordfreq_seeded;deterministically_filtered;structurally_curated
fr,v1,3,2721,2751,réputation,réputation,réputation,unknown,réputation,wordfreq:fr,wordfreq_seeded;deterministically_filtered;structurally_curated
fr,v1,3,2722,2752,secondaire,secondaire,secondaire,unknown,secondaire,wordfreq:fr,wordfreq_seeded;deterministically_filtered;structurally_curated
fr,v1,3,2723,2753,seules,seules,seules,unknown,seules,wordfreq:fr,wordfreq_seeded;deterministically_filtered;structurally_curated
fr,v1,3,2724,2754,soucis,soucis,soucis,unknown,soucis,wordfreq:fr,wordfreq_seeded;deterministically_filtered;structurally_curated
fr,v1,3,2725,2755,studio,studio,studio,unknown,studio,wordfreq:fr,wordfreq_seeded;deterministically_filtered;structurally_curated
fr,v1,3,2726,2756,sucre,sucre,sucre,unknown,sucre,wordfreq:fr,wordfreq_seeded;deterministically_filtered;structurally_curated
fr,v1,3,2727,2757,sénat,sénat,sénat,unknown,sénat,wordfreq:fr,wordfreq_seeded;deterministically_filtered;structurally_curated
fr,v1,3,2728,2758,tenté,tenté,tenté,unknown,tenté,wordfreq:fr,wordfreq_seeded;deterministically_filtered;structurally_curated
fr,v1,3,2729,2759,trafic,trafic,trafic,unknown,trafic,wordfreq:fr,wordfreq_seeded;deterministically_filtered;structurally_curated
fr,v1,3,2730,2760,utilisateurs,utilisateurs,utilisateurs,unknown,utilisateurs,wordfreq:fr,wordfreq_seeded;deterministically_filtered;structurally_curated
fr,v1,3,2731,2761,venant,venant,venant,unknown,venant,wordfreq:fr,wordfreq_seeded;deterministically_filtered;structurally_curated
fr,v1,3,2732,2762,violences,violences,violences,unknown,violences,wordfreq:fr,wordfreq_seeded;deterministically_filtered;structurally_curated
fr,v1,3,2733,2763,voisin,voisin,voisin,unknown,voisin,wordfreq:fr,wordfreq_seeded;deterministically_filtered;structurally_curated
fr,v1,3,2734,2764,échanges,échanges,échanges,unknown,échanges,wordfreq:fr,wordfreq_seeded;deterministically_filtered;structurally_curated
fr,v1,3,2735,2765,électeurs,électeurs,électeurs,unknown,électeurs,wordfreq:fr,wordfreq_seeded;deterministically_filtered;structurally_curated
fr,v1,3,2736,2766,étudier,étudier,étudier,unknown,étudier,wordfreq:fr,wordfreq_seeded;deterministically_filtered;structurally_curated
fr,v1,3,2737,2767,affirme,affirme,affirme,unknown,affirme,wordfreq:fr,wordfreq_seeded;deterministically_filtered;structurally_curated
fr,v1,3,2738,2768,angle,angle,angle,unknown,angle,wordfreq:fr,wordfreq_seeded;deterministically_filtered;structurally_curated
fr,v1,3,2739,2769,appui,appui,appui,unknown,appui,wordfreq:fr,wordfreq_seeded;deterministically_filtered;structurally_curated
fr,v1,3,2740,2770,attaques,attaques,attaques,unknown,attaques,wordfreq:fr,wordfreq_seeded;deterministically_filtered;structurally_curated
fr,v1,3,2741,2771,auras,auras,auras,unknown,auras,wordfreq:fr,wordfreq_seeded;deterministically_filtered;structurally_curated
fr,v1,3,2742,2772,berlin,berlin,berlin,unknown,berlin,wordfreq:fr,wordfreq_seeded;deterministically_filtered;structurally_curated
fr,v1,3,2743,2773,big,big,big,unknown,big,wordfreq:fr,wordfreq_seeded;deterministically_filtered;structurally_curated
fr,v1,3,2744,2774,billet,billet,billet,unknown,billet,wordfreq:fr,wordfreq_seeded;deterministically_filtered;structurally_curated
fr,v1,3,2745,2775,bière,bière,bière,unknown,bière,wordfreq:fr,wordfreq_seeded;deterministically_filtered;structurally_curated
fr,v1,3,2746,2776,bâtiments,bâtiments,bâtiments,unknown,bâtiments,wordfreq:fr,wordfreq_seeded;deterministically_filtered;structurally_curated
fr,v1,3,2747,2777,cacher,cacher,cacher,unknown,cacher,wordfreq:fr,wordfreq_seeded;deterministically_filtered;structurally_curated
fr,v1,3,2748,2778,chère,chère,chère,unknown,chère,wordfreq:fr,wordfreq_seeded;deterministically_filtered;structurally_curated
fr,v1,3,2749,2779,clubs,clubs,clubs,unknown,clubs,wordfreq:fr,wordfreq_seeded;deterministically_filtered;structurally_curated
fr,v1,3,2750,2780,compétences,compétences,compétences,unknown,compétences,wordfreq:fr,wordfreq_seeded;deterministically_filtered;structurally_curated
fr,v1,3,2751,2781,coupable,coupable,coupable,unknown,coupable,wordfreq:fr,wordfreq_seeded;deterministically_filtered;structurally_curated
fr,v1,3,2752,2782,culturel,culturel,culturel,unknown,culturel,wordfreq:fr,wordfreq_seeded;deterministically_filtered;structurally_curated
fr,v1,3,2753,2783,cérémonie,cérémonie,cérémonie,unknown,cérémonie,wordfreq:fr,wordfreq_seeded;deterministically_filtered;structurally_curated
fr,v1,3,2754,2784,debout,debout,debout,unknown,debout,wordfreq:fr,wordfreq_seeded;deterministically_filtered;structurally_curated
fr,v1,3,2755,2785,disais,disais,disais,unknown,disais,wordfreq:fr,wordfreq_seeded;deterministically_filtered;structurally_curated
fr,v1,3,2756,2786,drogue,drogue,drogue,unknown,drogue,wordfreq:fr,wordfreq_seeded;deterministically_filtered;structurally_curated
fr,v1,3,2757,2787,découvre,découvre,découvre,unknown,découvre,wordfreq:fr,wordfreq_seeded;deterministically_filtered;structurally_curated
fr,v1,3,2758,2788,détruire,détruire,détruire,unknown,détruire,wordfreq:fr,wordfreq_seeded;deterministically_filtered;structurally_curated
fr,v1,3,2759,2789,enfer,enfer,enfer,unknown,enfer,wordfreq:fr,wordfreq_seeded;deterministically_filtered;structurally_curated
fr,v1,3,2760,2790,européennes,européennes,européennes,unknown,européennes,wordfreq:fr,wordfreq_seeded;deterministically_filtered;structurally_curated
fr,v1,3,2761,2791,frontières,frontières,frontières,unknown,frontières,wordfreq:fr,wordfreq_seeded;deterministically_filtered;structurally_curated
fr,v1,3,2762,2792,gardien,gardien,gardien,unknown,gardien,wordfreq:fr,wordfreq_seeded;deterministically_filtered;structurally_curated
fr,v1,3,2763,2793,genève,genève,genève,unknown,genève,wordfreq:fr,wordfreq_seeded;deterministically_filtered;structurally_curated
fr,v1,3,2764,2794,geste,geste,geste,unknown,geste,wordfreq:fr,wordfreq_seeded;deterministically_filtered;structurally_curated
fr,v1,3,2765,2795,it,it,it,unknown,it,wordfreq:fr,wordfreq_seeded;deterministically_filtered;structurally_curated
fr,v1,3,2766,2796,jack,jack,jack,unknown,jack,wordfreq:fr,wordfreq_seeded;deterministically_filtered;structurally_curated
fr,v1,3,2767,2797,juger,juger,juger,unknown,juger,wordfreq:fr,wordfreq_seeded;deterministically_filtered;structurally_curated
fr,v1,3,2768,2798,jusqu'en,jusqu'en,jusqu'en,unknown,jusqu'en,wordfreq:fr,wordfreq_seeded;deterministically_filtered;structurally_curated
fr,v1,3,2769,2799,majeur,majeur,majeur,unknown,majeur,wordfreq:fr,wordfreq_seeded;deterministically_filtered;structurally_curated
fr,v1,3,2770,2800,meurt,meurt,meurt,unknown,meurt,wordfreq:fr,wordfreq_seeded;deterministically_filtered;structurally_curated
fr,v1,3,2771,2801,mène,mène,mène,unknown,mène,wordfreq:fr,wordfreq_seeded;deterministically_filtered;structurally_curated
fr,v1,3,2772,2802,notion,notion,notion,unknown,notion,wordfreq:fr,wordfreq_seeded;deterministically_filtered;structurally_curated
fr,v1,3,2773,2803,pardon,pardon,pardon,unknown,pardon,wordfreq:fr,wordfreq_seeded;deterministically_filtered;structurally_curated
fr,v1,3,2774,2804,participé,participé,participé,unknown,participé,wordfreq:fr,wordfreq_seeded;deterministically_filtered;structurally_curated
fr,v1,3,2775,2805,possibles,possibles,possibles,unknown,possibles,wordfreq:fr,wordfreq_seeded;deterministically_filtered;structurally_curated
fr,v1,3,2776,2806,poursuivre,poursuivre,poursuivre,unknown,poursuivre,wordfreq:fr,wordfreq_seeded;deterministically_filtered;structurally_curated
fr,v1,3,2777,2807,pousse,pousse,pousse,unknown,pousse,wordfreq:fr,wordfreq_seeded;deterministically_filtered;structurally_curated
fr,v1,3,2778,2808,raconter,raconter,raconter,unknown,raconter,wordfreq:fr,wordfreq_seeded;deterministically_filtered;structurally_curated
fr,v1,3,2779,2809,relève,relève,relève,unknown,relève,wordfreq:fr,wordfreq_seeded;deterministically_filtered;structurally_curated
fr,v1,3,2780,2810,règne,règne,règne,unknown,règne,wordfreq:fr,wordfreq_seeded;deterministically_filtered;structurally_curated
fr,v1,3,2781,2811,récit,récit,récit,unknown,récit,wordfreq:fr,wordfreq_seeded;deterministically_filtered;structurally_curated
fr,v1,3,2782,2812,salles,salles,salles,unknown,salles,wordfreq:fr,wordfreq_seeded;deterministically_filtered;structurally_curated
fr,v1,3,2783,2813,sommeil,sommeil,sommeil,unknown,sommeil,wordfreq:fr,wordfreq_seeded;deterministically_filtered;structurally_curated
fr,v1,3,2784,2814,suicide,suicide,suicide,unknown,suicide,wordfreq:fr,wordfreq_seeded;deterministically_filtered;structurally_curated
fr,v1,3,2785,2815,tome,tome,tome,unknown,tome,wordfreq:fr,wordfreq_seeded;deterministically_filtered;structurally_curated
fr,v1,3,2786,2816,traces,traces,traces,unknown,traces,wordfreq:fr,wordfreq_seeded;deterministically_filtered;structurally_curated
fr,v1,3,2787,2817,tâche,tâche,tâche,unknown,tâche,wordfreq:fr,wordfreq_seeded;deterministically_filtered;structurally_curated
fr,v1,3,2788,2818,ultra,ultra,ultra,unknown,ultra,wordfreq:fr,wordfreq_seeded;deterministically_filtered;structurally_curated
fr,v1,3,2789,2819,établi,établi,établi,unknown,établi,wordfreq:fr,wordfreq_seeded;deterministically_filtered;structurally_curated
fr,v1,3,2790,2820,accueillir,accueillir,accueillir,unknown,accueillir,wordfreq:fr,wordfreq_seeded;deterministically_filtered;structurally_curated
fr,v1,3,2791,2821,alpes,alpes,alpes,unknown,alpes,wordfreq:fr,wordfreq_seeded;deterministically_filtered;structurally_curated
fr,v1,3,2792,2822,associé,associé,associé,unknown,associé,wordfreq:fr,wordfreq_seeded;deterministically_filtered;structurally_curated
fr,v1,3,2793,2823,atelier,atelier,atelier,unknown,atelier,wordfreq:fr,wordfreq_seeded;deterministically_filtered;structurally_curated
fr,v1,3,2794,2824,automobile,automobile,automobile,unknown,automobile,wordfreq:fr,wordfreq_seeded;deterministically_filtered;structurally_curated
fr,v1,3,2795,2825,charte,charte,charte,unknown,charte,wordfreq:fr,wordfreq_seeded;deterministically_filtered;structurally_curated
fr,v1,3,2796,2826,christian,christian,christian,unknown,christian,wordfreq:fr,wordfreq_seeded;deterministically_filtered;structurally_curated
fr,v1,3,2797,2827,cinquième,cinquième,cinquième,unknown,cinquième,wordfreq:fr,wordfreq_seeded;deterministically_filtered;structurally_curated
fr,v1,3,2798,2828,circonstances,circonstances,circonstances,unknown,circonstances,wordfreq:fr,wordfreq_seeded;deterministically_filtered;structurally_curated
fr,v1,3,2799,2829,communautés,communautés,communautés,unknown,communautés,wordfreq:fr,wordfreq_seeded;deterministically_filtered;structurally_curated
fr,v1,3,2800,2830,connaissances,connaissances,connaissances,unknown,connaissances,wordfreq:fr,wordfreq_seeded;deterministically_filtered;structurally_curated
fr,v1,3,2801,2831,conserver,conserver,conserver,unknown,conserver,wordfreq:fr,wordfreq_seeded;deterministically_filtered;structurally_curated
fr,v1,3,2802,2832,deviennent,deviennent,deviennent,unknown,deviennent,wordfreq:fr,wordfreq_seeded;deterministically_filtered;structurally_curated
fr,v1,3,2803,2833,do,do,do,unknown,do,wordfreq:fr,wordfreq_seeded;deterministically_filtered;structurally_curated
fr,v1,3,2804,2834,donnant,donnant,donnant,unknown,donnant,wordfreq:fr,wordfreq_seeded;deterministically_filtered;structurally_curated
fr,v1,3,2805,2835,définitivement,définitivement,définitivement,unknown,définitivement,wordfreq:fr,wordfreq_seeded;deterministically_filtered;structurally_curated
fr,v1,3,2806,2836,démarche,démarche,démarche,unknown,démarche,wordfreq:fr,wordfreq_seeded;deterministically_filtered;structurally_curated
fr,v1,3,2807,2837,foot,foot,foot,unknown,foot,wordfreq:fr,wordfreq_seeded;deterministically_filtered;structurally_curated
fr,v1,3,2808,2838,gouverneur,gouverneur,gouverneur,unknown,gouverneur,wordfreq:fr,wordfreq_seeded;deterministically_filtered;structurally_curated
fr,v1,3,2809,2839,gratuitement,gratuitement,gratuitement,unknown,gratuitement,wordfreq:fr,wordfreq_seeded;deterministically_filtered;structurally_curated
fr,v1,3,2810,2840,incendie,incendie,incendie,unknown,incendie,wordfreq:fr,wordfreq_seeded;deterministically_filtered;structurally_curated
fr,v1,3,2811,2841,interprétation,interprétation,interprétation,unknown,interprétation,wordfreq:fr,wordfreq_seeded;deterministically_filtered;structurally_curated
fr,v1,3,2812,2842,journées,journées,journées,unknown,journées,wordfreq:fr,wordfreq_seeded;deterministically_filtered;structurally_curated
fr,v1,3,2813,2843,juges,juges,juges,unknown,juges,wordfreq:fr,wordfreq_seeded;deterministically_filtered;structurally_curated
fr,v1,3,2814,2844,julien,julien,julien,unknown,julien,wordfreq:fr,wordfreq_seeded;deterministically_filtered;structurally_curated
fr,v1,3,2815,2845,juridique,juridique,juridique,unknown,juridique,wordfreq:fr,wordfreq_seeded;deterministically_filtered;structurally_curated
fr,v1,3,2816,2846,leader,leader,leader,unknown,leader,wordfreq:fr,wordfreq_seeded;deterministically_filtered;structurally_curated
fr,v1,3,2817,2847,love,love,love,unknown,love,wordfreq:fr,wordfreq_seeded;deterministically_filtered;structurally_curated
fr,v1,3,2818,2848,luxe,luxe,luxe,unknown,luxe,wordfreq:fr,wordfreq_seeded;deterministically_filtered;structurally_curated
fr,v1,3,2819,2849,man,man,man,unknown,man,wordfreq:fr,wordfreq_seeded;deterministically_filtered;structurally_curated
fr,v1,3,2820,2850,manifestation,manifestation,manifestation,unknown,manifestation,wordfreq:fr,wordfreq_seeded;deterministically_filtered;structurally_curated
fr,v1,3,2821,2851,manifestations,manifestations,manifestations,unknown,manifestations,wordfreq:fr,wordfreq_seeded;deterministically_filtered;structurally_curated
fr,v1,3,2822,2852,marques,marques,marques,unknown,marques,wordfreq:fr,wordfreq_seeded;deterministically_filtered;structurally_curated
fr,v1,3,2823,2853,moral,moral,moral,unknown,moral,wordfreq:fr,wordfreq_seeded;deterministically_filtered;structurally_curated
fr,v1,3,2824,2854,multiples,multiples,multiples,unknown,multiples,wordfreq:fr,wordfreq_seeded;deterministically_filtered;structurally_curated
fr,v1,3,2825,2855,municipal,municipal,municipal,unknown,municipal,wordfreq:fr,wordfreq_seeded;deterministically_filtered;structurally_curated
fr,v1,3,2826,2856,noter,noter,noter,unknown,noter,wordfreq:fr,wordfreq_seeded;deterministically_filtered;structurally_curated
fr,v1,3,2827,2857,parlant,parlant,parlant,unknown,parlant,wordfreq:fr,wordfreq_seeded;deterministically_filtered;structurally_curated
fr,v1,3,2828,2858,particulière,particulière,particulière,unknown,particulière,wordfreq:fr,wordfreq_seeded;deterministically_filtered;structurally_curated
fr,v1,3,2829,2859,plait,plait,plait,unknown,plait,wordfreq:fr,wordfreq_seeded;deterministically_filtered;structurally_curated
fr,v1,3,2830,2860,positif,positif,positif,unknown,positif,wordfreq:fr,wordfreq_seeded;deterministically_filtered;structurally_curated
fr,v1,3,2831,2861,procureur,procureur,procureur,unknown,procureur,wordfreq:fr,wordfreq_seeded;deterministically_filtered;structurally_curated
fr,v1,3,2832,2862,prof,prof,prof,unknown,prof,wordfreq:fr,wordfreq_seeded;deterministically_filtered;structurally_curated
fr,v1,3,2833,2863,pré,pré,pré,unknown,pré,wordfreq:fr,wordfreq_seeded;deterministically_filtered;structurally_curated
fr,v1,3,2834,2864,pétrole,pétrole,pétrole,unknown,pétrole,wordfreq:fr,wordfreq_seeded;deterministically_filtered;structurally_curated
fr,v1,3,2835,2865,repose,repose,repose,unknown,repose,wordfreq:fr,wordfreq_seeded;deterministically_filtered;structurally_curated
fr,v1,3,2836,2866,show,show,show,unknown,show,wordfreq:fr,wordfreq_seeded;deterministically_filtered;structurally_curated
fr,v1,3,2837,2867,simon,simon,simon,unknown,simon,wordfreq:fr,wordfreq_seeded;deterministically_filtered;structurally_curated
fr,v1,3,2838,2868,siècles,siècles,siècles,unknown,siècles,wordfreq:fr,wordfreq_seeded;deterministically_filtered;structurally_curated
fr,v1,3,2839,2869,strasbourg,strasbourg,strasbourg,unknown,strasbourg,wordfreq:fr,wordfreq_seeded;deterministically_filtered;structurally_curated
fr,v1,3,2840,2870,suivantes,suivantes,suivantes,unknown,suivantes,wordfreq:fr,wordfreq_seeded;deterministically_filtered;structurally_curated
fr,v1,3,2841,2871,traite,traite,traite,unknown,traite,wordfreq:fr,wordfreq_seeded;deterministically_filtered;structurally_curated
fr,v1,3,2842,2872,utilisés,utilisés,utilisés,unknown,utilisés,wordfreq:fr,wordfreq_seeded;deterministically_filtered;structurally_curated
fr,v1,3,2843,2873,vague,vague,vague,unknown,vague,wordfreq:fr,wordfreq_seeded;deterministically_filtered;structurally_curated
fr,v1,3,2844,2874,abus,abus,abus,unknown,abus,wordfreq:fr,wordfreq_seeded;deterministically_filtered;structurally_curated
fr,v1,3,2845,2875,active,active,active,unknown,active,wordfreq:fr,wordfreq_seeded;deterministically_filtered;structurally_curated
fr,v1,3,2846,2876,aise,aise,aise,unknown,aise,wordfreq:fr,wordfreq_seeded;deterministically_filtered;structurally_curated
fr,v1,3,2847,2877,anciennes,anciennes,anciennes,unknown,anciennes,wordfreq:fr,wordfreq_seeded;deterministically_filtered;structurally_curated
fr,v1,3,2848,2878,appareils,appareils,appareils,unknown,appareils,wordfreq:fr,wordfreq_seeded;deterministically_filtered;structurally_curated
fr,v1,3,2849,2879,bat,bat,bat,unknown,bat,wordfreq:fr,wordfreq_seeded;deterministically_filtered;structurally_curated
fr,v1,3,2850,2880,citoyen,citoyen,citoyen,unknown,citoyen,wordfreq:fr,wordfreq_seeded;deterministically_filtered;structurally_curated
fr,v1,3,2851,2881,commissaire,commissaire,commissaire,unknown,commissaire,wordfreq:fr,wordfreq_seeded;deterministically_filtered;structurally_curated
fr,v1,3,2852,2882,compagnies,compagnies,compagnies,unknown,compagnies,wordfreq:fr,wordfreq_seeded;deterministically_filtered;structurally_curated
fr,v1,3,2853,2883,convient,convient,convient,unknown,convient,wordfreq:fr,wordfreq_seeded;deterministically_filtered;structurally_curated
fr,v1,3,2854,2884,coopération,coopération,coopération,unknown,coopération,wordfreq:fr,wordfreq_seeded;deterministically_filtered;structurally_curated
fr,v1,3,2855,2885,degré,degré,degré,unknown,degré,wordfreq:fr,wordfreq_seeded;deterministically_filtered;structurally_curated
fr,v1,3,2856,2886,disponibles,disponibles,disponibles,unknown,disponibles,wordfreq:fr,wordfreq_seeded;deterministically_filtered;structurally_curated
fr,v1,3,2857,2887,dite,dite,dite,unknown,dite,wordfreq:fr,wordfreq_seeded;deterministically_filtered;structurally_curated
fr,v1,3,2858,2888,drapeau,drapeau,drapeau,unknown,drapeau,wordfreq:fr,wordfreq_seeded;deterministically_filtered;structurally_curated
fr,v1,3,2859,2889,détruit,détruit,détruit,unknown,détruit,wordfreq:fr,wordfreq_seeded;deterministically_filtered;structurally_curated
fr,v1,3,2860,2890,eric,eric,eric,unknown,eric,wordfreq:fr,wordfreq_seeded;deterministically_filtered;structurally_curated
fr,v1,3,2861,2891,essais,essais,essais,unknown,essais,wordfreq:fr,wordfreq_seeded;deterministically_filtered;structurally_curated
fr,v1,3,2862,2892,franc,franc,franc,unknown,franc,wordfreq:fr,wordfreq_seeded;deterministically_filtered;structurally_curated
fr,v1,3,2863,2893,fuite,fuite,fuite,unknown,fuite,wordfreq:fr,wordfreq_seeded;deterministically_filtered;structurally_curated
fr,v1,3,2864,2894,gamme,gamme,gamme,unknown,gamme,wordfreq:fr,wordfreq_seeded;deterministically_filtered;structurally_curated
fr,v1,3,2865,2895,institution,institution,institution,unknown,institution,wordfreq:fr,wordfreq_seeded;deterministically_filtered;structurally_curated
fr,v1,3,2866,2896,invités,invités,invités,unknown,invités,wordfreq:fr,wordfreq_seeded;deterministically_filtered;structurally_curated
fr,v1,3,2867,2897,lunettes,lunettes,lunettes,unknown,lunettes,wordfreq:fr,wordfreq_seeded;deterministically_filtered;structurally_curated
fr,v1,3,2868,2898,messieurs,messieurs,messieurs,unknown,messieurs,wordfreq:fr,wordfreq_seeded;deterministically_filtered;structurally_curated
fr,v1,3,2869,2899,mine,mine,mine,unknown,mine,wordfreq:fr,wordfreq_seeded;deterministically_filtered;structurally_curated
fr,v1,3,2870,2900,moscou,moscou,moscou,unknown,moscou,wordfreq:fr,wordfreq_seeded;deterministically_filtered;structurally_curated
fr,v1,3,2871,2901,news,news,news,unknown,news,wordfreq:fr,wordfreq_seeded;deterministically_filtered;structurally_curated
fr,v1,3,2872,2902,obligatoire,obligatoire,obligatoire,unknown,obligatoire,wordfreq:fr,wordfreq_seeded;deterministically_filtered;structurally_curated
fr,v1,3,2873,2903,op,op,op,unknown,op,wordfreq:fr,wordfreq_seeded;deterministically_filtered;structurally_curated
fr,v1,3,2874,2904,paradis,paradis,paradis,unknown,paradis,wordfreq:fr,wordfreq_seeded;deterministically_filtered;structurally_curated
fr,v1,3,2875,2905,potentiel,potentiel,potentiel,unknown,potentiel,wordfreq:fr,wordfreq_seeded;deterministically_filtered;structurally_curated
fr,v1,3,2876,2906,pousser,pousser,pousser,unknown,pousser,wordfreq:fr,wordfreq_seeded;deterministically_filtered;structurally_curated
fr,v1,3,2877,2907,remarqué,remarqué,remarqué,unknown,remarqué,wordfreq:fr,wordfreq_seeded;deterministically_filtered;structurally_curated
fr,v1,3,2878,2908,repos,repos,repos,unknown,repos,wordfreq:fr,wordfreq_seeded;deterministically_filtered;structurally_curated
fr,v1,3,2879,2909,reprend,reprend,reprend,unknown,reprend,wordfreq:fr,wordfreq_seeded;deterministically_filtered;structurally_curated
fr,v1,3,2880,2910,royale,royale,royale,unknown,royale,wordfreq:fr,wordfreq_seeded;deterministically_filtered;structurally_curated
fr,v1,3,2881,2911,sec,sec,sec,unknown,sec,wordfreq:fr,wordfreq_seeded;deterministically_filtered;structurally_curated
fr,v1,3,2882,2912,semblait,semblait,semblait,unknown,semblait,wordfreq:fr,wordfreq_seeded;deterministically_filtered;structurally_curated
fr,v1,3,2883,2913,sondage,sondage,sondage,unknown,sondage,wordfreq:fr,wordfreq_seeded;deterministically_filtered;structurally_curated
fr,v1,3,2884,2914,standard,standard,standard,unknown,standard,wordfreq:fr,wordfreq_seeded;deterministically_filtered;structurally_curated
fr,v1,3,2885,2915,trouvait,trouvait,trouvait,unknown,trouvait,wordfreq:fr,wordfreq_seeded;deterministically_filtered;structurally_curated
fr,v1,3,2886,2916,trésor,trésor,trésor,unknown,trésor,wordfreq:fr,wordfreq_seeded;deterministically_filtered;structurally_curated
fr,v1,3,2887,2917,z,z,z,unknown,z,wordfreq:fr,wordfreq_seeded;deterministically_filtered;structurally_curated
fr,v1,3,2888,2918,électronique,électronique,électronique,unknown,électronique,wordfreq:fr,wordfreq_seeded;deterministically_filtered;structurally_curated
fr,v1,3,2889,2919,évidence,évidence,évidence,unknown,évidence,wordfreq:fr,wordfreq_seeded;deterministically_filtered;structurally_curated
fr,v1,3,2890,2921,alerte,alerte,alerte,unknown,alerte,wordfreq:fr,wordfreq_seeded;deterministically_filtered;structurally_curated
fr,v1,3,2891,2922,architecture,architecture,architecture,unknown,architecture,wordfreq:fr,wordfreq_seeded;deterministically_filtered;structurally_curated
fr,v1,3,2892,2923,baiser,baiser,baiser,unknown,baiser,wordfreq:fr,wordfreq_seeded;deterministically_filtered;structurally_curated
fr,v1,3,2893,2924,bourse,bourse,bourse,unknown,bourse,wordfreq:fr,wordfreq_seeded;deterministically_filtered;structurally_curated
fr,v1,3,2894,2925,chambres,chambres,chambres,unknown,chambres,wordfreq:fr,wordfreq_seeded;deterministically_filtered;structurally_curated
fr,v1,3,2895,2926,comparaison,comparaison,comparaison,unknown,comparaison,wordfreq:fr,wordfreq_seeded;deterministically_filtered;structurally_curated
fr,v1,3,2896,2927,conneries,conneries,conneries,unknown,conneries,wordfreq:fr,wordfreq_seeded;deterministically_filtered;structurally_curated
fr,v1,3,2897,2928,connus,connus,connus,unknown,connus,wordfreq:fr,wordfreq_seeded;deterministically_filtered;structurally_curated
fr,v1,3,2898,2929,coûte,coûte,coûte,unknown,coûte,wordfreq:fr,wordfreq_seeded;deterministically_filtered;structurally_curated
fr,v1,3,2899,2930,crimes,crimes,crimes,unknown,crimes,wordfreq:fr,wordfreq_seeded;deterministically_filtered;structurally_curated
fr,v1,3,2900,2931,cycle,cycle,cycle,unknown,cycle,wordfreq:fr,wordfreq_seeded;deterministically_filtered;structurally_curated
fr,v1,3,2901,2932,destination,destination,destination,unknown,destination,wordfreq:fr,wordfreq_seeded;deterministically_filtered;structurally_curated
fr,v1,3,2902,2933,dossiers,dossiers,dossiers,unknown,dossiers,wordfreq:fr,wordfreq_seeded;deterministically_filtered;structurally_curated
fr,v1,3,2903,2934,douche,douche,douche,unknown,douche,wordfreq:fr,wordfreq_seeded;deterministically_filtered;structurally_curated
fr,v1,3,2904,2935,explication,explication,explication,unknown,explication,wordfreq:fr,wordfreq_seeded;deterministically_filtered;structurally_curated
fr,v1,3,2905,2936,exécution,exécution,exécution,unknown,exécution,wordfreq:fr,wordfreq_seeded;deterministically_filtered;structurally_curated
fr,v1,3,2906,2937,falloir,falloir,falloir,unknown,falloir,wordfreq:fr,wordfreq_seeded;deterministically_filtered;structurally_curated
fr,v1,3,2907,2938,fausse,fausse,fausse,unknown,fausse,wordfreq:fr,wordfreq_seeded;deterministically_filtered;structurally_curated
fr,v1,3,2908,2939,fonctionnaires,fonctionnaires,fonctionnaires,unknown,fonctionnaires,wordfreq:fr,wordfreq_seeded;deterministically_filtered;structurally_curated
fr,v1,3,2909,2940,formé,formé,formé,unknown,formé,wordfreq:fr,wordfreq_seeded;deterministically_filtered;structurally_curated
fr,v1,3,2910,2941,fortes,fortes,fortes,unknown,fortes,wordfreq:fr,wordfreq_seeded;deterministically_filtered;structurally_curated
fr,v1,3,2911,2942,franco,franco,franco,unknown,franco,wordfreq:fr,wordfreq_seeded;deterministically_filtered;structurally_curated
fr,v1,3,2912,2943,fêtes,fêtes,fêtes,unknown,fêtes,wordfreq:fr,wordfreq_seeded;deterministically_filtered;structurally_curated
fr,v1,3,2913,2944,henry,henry,henry,unknown,henry,wordfreq:fr,wordfreq_seeded;deterministically_filtered;structurally_curated
fr,v1,3,2914,2945,inscription,inscription,inscription,unknown,inscription,wordfreq:fr,wordfreq_seeded;deterministically_filtered;structurally_curated
fr,v1,3,2915,2946,ira,ira,ira,unknown,ira,wordfreq:fr,wordfreq_seeded;deterministically_filtered;structurally_curated
fr,v1,3,2916,2947,libres,libres,libres,unknown,libres,wordfreq:fr,wordfreq_seeded;deterministically_filtered;structurally_curated
fr,v1,3,2917,2948,lèvres,lèvres,lèvres,unknown,lèvres,wordfreq:fr,wordfreq_seeded;deterministically_filtered;structurally_curated
fr,v1,3,2918,2949,madrid,madrid,madrid,unknown,madrid,wordfreq:fr,wordfreq_seeded;deterministically_filtered;structurally_curated
fr,v1,3,2919,2950,mail,mail,mail,unknown,mail,wordfreq:fr,wordfreq_seeded;deterministically_filtered;structurally_curated
fr,v1,3,2920,2951,montrent,montrent,montrent,unknown,montrent,wordfreq:fr,wordfreq_seeded;deterministically_filtered;structurally_curated
fr,v1,3,2921,2952,my,my,my,unknown,my,wordfreq:fr,wordfreq_seeded;deterministically_filtered;structurally_curated
fr,v1,3,2922,2953,offres,offres,offres,unknown,offres,wordfreq:fr,wordfreq_seeded;deterministically_filtered;structurally_curated
fr,v1,3,2923,2954,oiseaux,oiseaux,oiseaux,unknown,oiseaux,wordfreq:fr,wordfreq_seeded;deterministically_filtered;structurally_curated
fr,v1,3,2924,2955,oreilles,oreilles,oreilles,unknown,oreilles,wordfreq:fr,wordfreq_seeded;deterministically_filtered;structurally_curated
fr,v1,3,2925,2956,organisations,organisations,organisations,unknown,organisations,wordfreq:fr,wordfreq_seeded;deterministically_filtered;structurally_curated
fr,v1,3,2926,2957,outil,outil,outil,unknown,outil,wordfreq:fr,wordfreq_seeded;deterministically_filtered;structurally_curated
fr,v1,3,2927,2958,paiement,paiement,paiement,unknown,paiement,wordfreq:fr,wordfreq_seeded;deterministically_filtered;structurally_curated
fr,v1,3,2928,2959,parisien,parisien,parisien,unknown,parisien,wordfreq:fr,wordfreq_seeded;deterministically_filtered;structurally_curated
fr,v1,3,2929,2960,parlait,parlait,parlait,unknown,parlait,wordfreq:fr,wordfreq_seeded;deterministically_filtered;structurally_curated
fr,v1,3,2930,2961,poissons,poissons,poissons,unknown,poissons,wordfreq:fr,wordfreq_seeded;deterministically_filtered;structurally_curated
fr,v1,3,2931,2962,profite,profite,profite,unknown,profite,wordfreq:fr,wordfreq_seeded;deterministically_filtered;structurally_curated
fr,v1,3,2932,2963,profondeur,profondeur,profondeur,unknown,profondeur,wordfreq:fr,wordfreq_seeded;deterministically_filtered;structurally_curated
fr,v1,3,2933,2964,précédente,précédente,précédente,unknown,précédente,wordfreq:fr,wordfreq_seeded;deterministically_filtered;structurally_curated
fr,v1,3,2934,2965,publicité,publicité,publicité,unknown,publicité,wordfreq:fr,wordfreq_seeded;deterministically_filtered;structurally_curated
fr,v1,3,2935,2966,publiée,publiée,publiée,unknown,publiée,wordfreq:fr,wordfreq_seeded;deterministically_filtered;structurally_curated
fr,v1,3,2936,2967,puisqu'il,puisqu'il,puisqu'il,unknown,puisqu'il,wordfreq:fr,wordfreq_seeded;deterministically_filtered;structurally_curated
fr,v1,3,2937,2968,queue,queue,queue,unknown,queue,wordfreq:fr,wordfreq_seeded;deterministically_filtered;structurally_curated
fr,v1,3,2938,2969,quinze,quinze,quinze,unknown,quinze,wordfreq:fr,wordfreq_seeded;deterministically_filtered;structurally_curated
fr,v1,3,2939,2970,refusé,refusé,refusé,unknown,refusé,wordfreq:fr,wordfreq_seeded;deterministically_filtered;structurally_curated
fr,v1,3,2940,2971,rejoint,rejoint,rejoint,unknown,rejoint,wordfreq:fr,wordfreq_seeded;deterministically_filtered;structurally_curated
fr,v1,3,2941,2972,religieuse,religieuse,religieuse,unknown,religieuse,wordfreq:fr,wordfreq_seeded;deterministically_filtered;structurally_curated
fr,v1,3,2942,2973,représentent,représentent,représentent,unknown,représentent,wordfreq:fr,wordfreq_seeded;deterministically_filtered;structurally_curated
fr,v1,3,2943,2974,régional,régional,régional,unknown,régional,wordfreq:fr,wordfreq_seeded;deterministically_filtered;structurally_curated
fr,v1,3,2944,2975,résoudre,résoudre,résoudre,unknown,résoudre,wordfreq:fr,wordfreq_seeded;deterministically_filtered;structurally_curated
fr,v1,3,2945,2976,réussite,réussite,réussite,unknown,réussite,wordfreq:fr,wordfreq_seeded;deterministically_filtered;structurally_curated
fr,v1,3,2946,2977,sexy,sexy,sexy,unknown,sexy,wordfreq:fr,wordfreq_seeded;deterministically_filtered;structurally_curated
fr,v1,3,2947,2978,situations,situations,situations,unknown,situations,wordfreq:fr,wordfreq_seeded;deterministically_filtered;structurally_curated
fr,v1,3,2948,2979,souris,souris,souris,unknown,souris,wordfreq:fr,wordfreq_seeded;deterministically_filtered;structurally_curated
fr,v1,3,2949,2980,sûre,sûre,sûre,unknown,sûre,wordfreq:fr,wordfreq_seeded;deterministically_filtered;structurally_curated
fr,v1,3,2950,2981,termine,termine,termine,unknown,termine,wordfreq:fr,wordfreq_seeded;deterministically_filtered;structurally_curated
fr,v1,3,2951,2982,tests,tests,tests,unknown,tests,wordfreq:fr,wordfreq_seeded;deterministically_filtered;structurally_curated
fr,v1,3,2952,2983,tir,tir,tir,unknown,tir,wordfreq:fr,wordfreq_seeded;deterministically_filtered;structurally_curated
fr,v1,3,2953,2984,tonnes,tonnes,tonnes,unknown,tonnes,wordfreq:fr,wordfreq_seeded;deterministically_filtered;structurally_curated
fr,v1,3,2954,2985,traduit,traduit,traduit,unknown,traduit,wordfreq:fr,wordfreq_seeded;deterministically_filtered;structurally_curated
fr,v1,3,2955,2986,témoin,témoin,témoin,unknown,témoin,wordfreq:fr,wordfreq_seeded;deterministically_filtered;structurally_curated
fr,v1,3,2956,2987,témoins,témoins,témoins,unknown,témoins,wordfreq:fr,wordfreq_seeded;deterministically_filtered;structurally_curated
fr,v1,3,2957,2988,utilisée,utilisée,utilisée,unknown,utilisée,wordfreq:fr,wordfreq_seeded;deterministically_filtered;structurally_curated
fr,v1,3,2958,2989,échapper,échapper,échapper,unknown,échapper,wordfreq:fr,wordfreq_seeded;deterministically_filtered;structurally_curated
fr,v1,3,2959,2991,achète,achète,achète,unknown,achète,wordfreq:fr,wordfreq_seeded;deterministically_filtered;structurally_curated
fr,v1,3,2960,2992,adultes,adultes,adultes,unknown,adultes,wordfreq:fr,wordfreq_seeded;deterministically_filtered;structurally_curated
fr,v1,3,2961,2993,alimentation,alimentation,alimentation,unknown,alimentation,wordfreq:fr,wordfreq_seeded;deterministically_filtered;structurally_curated
fr,v1,3,2962,2994,apparition,apparition,apparition,unknown,apparition,wordfreq:fr,wordfreq_seeded;deterministically_filtered;structurally_curated
fr,v1,3,2963,2995,armées,armées,armées,unknown,armées,wordfreq:fr,wordfreq_seeded;deterministically_filtered;structurally_curated
fr,v1,3,2964,2996,arrondissement,arrondissement,arrondissement,unknown,arrondissement,wordfreq:fr,wordfreq_seeded;deterministically_filtered;structurally_curated
fr,v1,3,2965,2997,artistique,artistique,artistique,unknown,artistique,wordfreq:fr,wordfreq_seeded;deterministically_filtered;structurally_curated
fr,v1,3,2966,2998,ballon,ballon,ballon,unknown,ballon,wordfreq:fr,wordfreq_seeded;deterministically_filtered;structurally_curated
fr,v1,3,2967,2999,bio,bio,bio,unknown,bio,wordfreq:fr,wordfreq_seeded;deterministically_filtered;structurally_curated
fr,v1,3,2968,3000,branche,branche,branche,unknown,branche,wordfreq:fr,wordfreq_seeded;deterministically_filtered;structurally_curated
fr,v1,3,2969,3001,caméra,caméra,caméra,unknown,caméra,wordfreq:fr,wordfreq_seeded;deterministically_filtered;structurally_curated
fr,v1,3,2970,3002,chercheurs,chercheurs,chercheurs,unknown,chercheurs,wordfreq:fr,wordfreq_seeded;deterministically_filtered;structurally_curated
fr,v1,3,2971,3003,combats,combats,combats,unknown,combats,wordfreq:fr,wordfreq_seeded;deterministically_filtered;structurally_curated
fr,v1,3,2972,3004,conclusion,conclusion,conclusion,unknown,conclusion,wordfreq:fr,wordfreq_seeded;deterministically_filtered;structurally_curated
fr,v1,3,2973,3005,contrats,contrats,contrats,unknown,contrats,wordfreq:fr,wordfreq_seeded;deterministically_filtered;structurally_curated
fr,v1,3,2974,3006,contrôler,contrôler,contrôler,unknown,contrôler,wordfreq:fr,wordfreq_seeded;deterministically_filtered;structurally_curated
fr,v1,3,2975,3007,corse,corse,corse,unknown,corse,wordfreq:fr,wordfreq_seeded;deterministically_filtered;structurally_curated
fr,v1,3,2976,3008,couronne,couronne,couronne,unknown,couronne,wordfreq:fr,wordfreq_seeded;deterministically_filtered;structurally_curated
fr,v1,3,2977,3009,curieux,curieux,curieux,unknown,curieux,wordfreq:fr,wordfreq_seeded;deterministically_filtered;structurally_curated
fr,v1,3,2978,3010,dialogue,dialogue,dialogue,unknown,dialogue,wordfreq:fr,wordfreq_seeded;deterministically_filtered;structurally_curated
fr,v1,3,2979,3011,dispositif,dispositif,dispositif,unknown,dispositif,wordfreq:fr,wordfreq_seeded;deterministically_filtered;structurally_curated
fr,v1,3,2980,3012,découvrez,découvrez,découvrez,unknown,découvrez,wordfreq:fr,wordfreq_seeded;deterministically_filtered;structurally_curated
fr,v1,3,2981,3013,engagé,engagé,engagé,unknown,engagé,wordfreq:fr,wordfreq_seeded;deterministically_filtered;structurally_curated
fr,v1,3,2982,3014,etait,etait,etait,unknown,etait,wordfreq:fr,wordfreq_seeded;deterministically_filtered;structurally_curated
fr,v1,3,2983,3015,excellente,excellente,excellente,unknown,excellente,wordfreq:fr,wordfreq_seeded;deterministically_filtered;structurally_curated
fr,v1,3,2984,3016,facteurs,facteurs,facteurs,unknown,facteurs,wordfreq:fr,wordfreq_seeded;deterministically_filtered;structurally_curated
fr,v1,3,2985,3017,fameux,fameux,fameux,unknown,fameux,wordfreq:fr,wordfreq_seeded;deterministically_filtered;structurally_curated
fr,v1,3,2986,3018,feront,feront,feront,unknown,feront,wordfreq:fr,wordfreq_seeded;deterministically_filtered;structurally_curated
fr,v1,3,2987,3019,fillon,fillon,fillon,unknown,fillon,wordfreq:fr,wordfreq_seeded;deterministically_filtered;structurally_curated
fr,v1,3,2988,3020,financier,financier,financier,unknown,financier,wordfreq:fr,wordfreq_seeded;deterministically_filtered;structurally_curated
fr,v1,3,2989,3021,grec,grec,grec,unknown,grec,wordfreq:fr,wordfreq_seeded;deterministically_filtered;structurally_curated
fr,v1,3,2990,3022,habite,habite,habite,unknown,habite,wordfreq:fr,wordfreq_seeded;deterministically_filtered;structurally_curated
fr,v1,3,2991,3023,historiques,historiques,historiques,unknown,historiques,wordfreq:fr,wordfreq_seeded;deterministically_filtered;structurally_curated
fr,v1,3,2992,3024,humaines,humaines,humaines,unknown,humaines,wordfreq:fr,wordfreq_seeded;deterministically_filtered;structurally_curated
fr,v1,3,2993,3025,ingénieur,ingénieur,ingénieur,unknown,ingénieur,wordfreq:fr,wordfreq_seeded;deterministically_filtered;structurally_curated
fr,v1,3,2994,3026,laboratoire,laboratoire,laboratoire,unknown,laboratoire,wordfreq:fr,wordfreq_seeded;deterministically_filtered;structurally_curated
fr,v1,3,2995,3027,laissant,laissant,laissant,unknown,laissant,wordfreq:fr,wordfreq_seeded;deterministically_filtered;structurally_curated
fr,v1,3,2996,3028,lancement,lancement,lancement,unknown,lancement,wordfreq:fr,wordfreq_seeded;deterministically_filtered;structurally_curated
fr,v1,3,2997,3029,larmes,larmes,larmes,unknown,larmes,wordfreq:fr,wordfreq_seeded;deterministically_filtered;structurally_curated
fr,v1,3,2998,3030,libéral,libéral,libéral,unknown,libéral,wordfreq:fr,wordfreq_seeded;deterministically_filtered;structurally_curated
fr,v1,3,2999,3031,liquide,liquide,liquide,unknown,liquide,wordfreq:fr,wordfreq_seeded;deterministically_filtered;structurally_curated
fr,v1,3,3000,3032,lot,lot,lot,unknown,lot,wordfreq:fr,wordfreq_seeded;deterministically_filtered;structurally_curated
