language,frequency_list_version,level,rank,source_rank,display_form,lemma,lemma_key,part_of_speech,definition_seed,source_provenance,curation_flags
hu,v1,1,1,1,a,a,a,unknown,a,wordfreq:hu,wordfreq_seeded;deterministically_filtered;structurally_curated
hu,v1,1,2,2,az,az,az,unknown,az,wordfreq:hu,wordfreq_seeded;deterministically_filtered;structurally_curated
hu,v1,1,3,3,és,és,és,unknown,és,wordfreq:hu,wordfreq_seeded;deterministically_filtered;structurally_curated
hu,v1,1,4,4,nem,nem,nem,unknown,nem,wordfreq:hu,wordfreq_seeded;deterministically_filtered;structurally_curated
hu,v1,1,5,5,hogy,hogy,hogy,unknown,hogy,wordfreq:hu,wordfreq_seeded;deterministically_filtered;structurally_curated
hu,v1,1,6,7,egy,egy,egy,unknown,egy,wordfreq:hu,wordfreq_seeded;deterministically_filtered;structurally_curated
hu,v1,1,7,8,is,is,is,unknown,is,wordfreq:hu,wordfreq_seeded;deterministically_filtered;structurally_curated
hu,v1,1,8,9,de,de,de,unknown,de,wordfreq:hu,wordfreq_seeded;deterministically_filtered;structurally_curated
hu,v1,1,9,10,meg,meg,meg,unknown,meg,wordfreq:hu,wordfreq_seeded;deterministically_filtered;structurally_curated
hu,v1,1,10,12,csak,csak,csak,unknown,csak,wordfreq:hu,wordfreq_seeded;deterministically_filtered;structurally_curated
hu,v1,1,11,13,ha,ha,ha,unknown,ha,wordfreq:hu,wordfreq_seeded;deterministically_filtered;structurally_curated
hu,v1,1,12,14,van,van,van,unknown,van,wordfreq:hu,wordfreq_seeded;deterministically_filtered;structurally_curated
hu,v1,1,13,15,volt,volt,volt,unknown,volt,wordfreq:hu,wordfreq_seeded;deterministically_filtered;structurally_curated
hu,v1,1,14,16,ez,ez,ez,unknown,ez,wordfreq:hu,wordfreq_seeded;deterministically_filtered;structurally_curated
hu,v1,1,15,17,vagy,vagy,vagy,unknown,vagy,wordfreq:hu,wordfreq_seeded;deterministically_filtered;structurally_curated
hu,v1,1,16,18,már,már,már,unknown,már,wordfreq:hu,wordfreq_seeded;deterministically_filtered;structurally_curated
hu,v1,1,17,19,még,még,még,unknown,még,wordfreq:hu,wordfreq_seeded;deterministically_filtered;structurally_curated
hu,v1,1,18,20,én,én,én,unknown,én,wordfreq:hu,wordfreq_seeded;deterministically_filtered;structurally_curated
hu,v1,1,19,21,kell,kell,kell,unknown,kell,wordfreq:hu,wordfreq_seeded;deterministically_filtered;structurally_curated
hu,v1,1,20,22,el,el,el,unknown,el,wordfreq:hu,wordfreq_seeded;deterministically_filtered;structurally_curated
hu,v1,1,21,24,jó,jó,jó,unknown,jó,wordfreq:hu,wordfreq_seeded;deterministically_filtered;structurally_curated
hu,v1,1,22,25,ki,ki,ki,unknown,ki,wordfreq:hu,wordfreq_seeded;deterministically_filtered;structurally_curated
hu,v1,1,23,26,azt,azt,azt,unknown,azt,wordfreq:hu,wordfreq_seeded;deterministically_filtered;structurally_curated
hu,v1,1,24,27,most,most,most,unknown,most,wordfreq:hu,wordfreq_seeded;deterministically_filtered;structurally_curated
hu,v1,1,25,28,akkor,akkor,akkor,unknown,akkor,wordfreq:hu,wordfreq_seeded;deterministically_filtered;structurally_curated
hu,v1,1,26,29,mint,mint,mint,unknown,mint,wordfreq:hu,wordfreq_seeded;deterministically_filtered;structurally_curated
hu,v1,1,27,31,ezt,ezt,ezt,unknown,ezt,wordfreq:hu,wordfreq_seeded;deterministically_filtered;structurally_curated
hu,v1,1,28,32,minden,minden,minden,unknown,minden,wordfreq:hu,wordfreq_seeded;deterministically_filtered;structurally_curated
hu,v1,1,29,33,mert,mert,mert,unknown,mert,wordfreq:hu,wordfreq_seeded;deterministically_filtered;structurally_curated
hu,v1,1,30,34,magyar,magyar,magyar,unknown,magyar,wordfreq:hu,wordfreq_seeded;deterministically_filtered;structurally_curated
hu,v1,1,31,35,nagyon,nagyon,nagyon,unknown,nagyon,wordfreq:hu,wordfreq_seeded;deterministically_filtered;structurally_curated
hu,v1,1,32,36,így,így,így,unknown,így,wordfreq:hu,wordfreq_seeded;deterministically_filtered;structurally_curated
hu,v1,1,33,37,olyan,olyan,olyan,unknown,olyan,wordfreq:hu,wordfreq_seeded;deterministically_filtered;structurally_curated
hu,v1,1,34,38,itt,itt,itt,unknown,itt,wordfreq:hu,wordfreq_seeded;deterministically_filtered;structurally_curated
hu,v1,1,35,39,mi,mi,mi,unknown,mi,wordfreq:hu,wordfreq_seeded;deterministically_filtered;structurally_curated
hu,v1,1,36,40,sem,sem,sem,unknown,sem,wordfreq:hu,wordfreq_seeded;deterministically_filtered;structurally_curated
hu,v1,1,37,42,lesz,lesz,lesz,unknown,lesz,wordfreq:hu,wordfreq_seeded;deterministically_filtered;structurally_curated
hu,v1,1,38,43,lehet,lehet,lehet,unknown,lehet,wordfreq:hu,wordfreq_seeded;deterministically_filtered;structurally_curated
hu,v1,1,39,44,vagyok,vagyok,vagyok,unknown,vagyok,wordfreq:hu,wordfreq_seeded;deterministically_filtered;structurally_curated
hu,v1,1,40,45,majd,majd,majd,unknown,majd,wordfreq:hu,wordfreq_seeded;deterministically_filtered;structurally_curated
hu,v1,1,41,46,es,es,es,unknown,es,wordfreq:hu,wordfreq_seeded;deterministically_filtered;structurally_curated
hu,v1,1,42,47,nagy,nagy,nagy,unknown,nagy,wordfreq:hu,wordfreq_seeded;deterministically_filtered;structurally_curated
hu,v1,1,43,48,úgy,úgy,úgy,unknown,úgy,wordfreq:hu,wordfreq_seeded;deterministically_filtered;structurally_curated
hu,v1,1,44,50,be,be,be,unknown,be,wordfreq:hu,wordfreq_seeded;deterministically_filtered;structurally_curated
hu,v1,1,45,51,nincs,nincs,nincs,unknown,nincs,wordfreq:hu,wordfreq_seeded;deterministically_filtered;structurally_curated
hu,v1,1,46,52,aki,aki,aki,unknown,aki,wordfreq:hu,wordfreq_seeded;deterministically_filtered;structurally_curated
hu,v1,1,47,53,két,két,két,unknown,két,wordfreq:hu,wordfreq_seeded;deterministically_filtered;structurally_curated
hu,v1,1,48,54,fel,fel,fel,unknown,fel,wordfreq:hu,wordfreq_seeded;deterministically_filtered;structurally_curated
hu,v1,1,49,55,után,után,után,unknown,után,wordfreq:hu,wordfreq_seeded;deterministically_filtered;structurally_curated
hu,v1,1,50,56,ne,ne,ne,unknown,ne,wordfreq:hu,wordfreq_seeded;deterministically_filtered;structurally_curated
hu,v1,1,51,57,új,új,új,unknown,új,wordfreq:hu,wordfreq_seeded;deterministically_filtered;structurally_curated
hu,v1,1,52,58,amikor,amikor,amikor,unknown,amikor,wordfreq:hu,wordfreq_seeded;deterministically_filtered;structurally_curated
hu,v1,1,53,59,ami,ami,ami,unknown,ami,wordfreq:hu,wordfreq_seeded;deterministically_filtered;structurally_curated
hu,v1,1,54,60,első,első,első,unknown,első,wordfreq:hu,wordfreq_seeded;deterministically_filtered;structurally_curated
hu,v1,1,55,61,te,te,te,unknown,te,wordfreq:hu,wordfreq_seeded;deterministically_filtered;structurally_curated
hu,v1,1,56,62,több,több,több,unknown,több,wordfreq:hu,wordfreq_seeded;deterministically_filtered;structurally_curated
hu,v1,1,57,63,pedig,pedig,pedig,unknown,pedig,wordfreq:hu,wordfreq_seeded;deterministically_filtered;structurally_curated
hu,v1,1,58,64,mindig,mindig,mindig,unknown,mindig,wordfreq:hu,wordfreq_seeded;deterministically_filtered;structurally_curated
hu,v1,1,59,65,nekem,nekem,nekem,unknown,nekem,wordfreq:hu,wordfreq_seeded;deterministically_filtered;structurally_curated
hu,v1,1,60,67,amit,amit,amit,unknown,amit,wordfreq:hu,wordfreq_seeded;deterministically_filtered;structurally_curated
hu,v1,1,61,68,szerint,szerint,szerint,unknown,szerint,wordfreq:hu,wordfreq_seeded;deterministically_filtered;structurally_curated
hu,v1,1,62,69,kis,kis,kis,unknown,kis,wordfreq:hu,wordfreq_seeded;deterministically_filtered;structurally_curated
hu,v1,1,63,70,mit,mit,mit,unknown,mit,wordfreq:hu,wordfreq_seeded;deterministically_filtered;structurally_curated
hu,v1,1,64,71,s,s,s,unknown,s,wordfreq:hu,wordfreq_seeded;deterministically_filtered;structurally_curated
hu,v1,1,65,72,egyik,egyik,egyik,unknown,egyik,wordfreq:hu,wordfreq_seeded;deterministically_filtered;structurally_curated
hu,v1,1,66,73,ilyen,ilyen,ilyen,unknown,ilyen,wordfreq:hu,wordfreq_seeded;deterministically_filtered;structurally_curated
hu,v1,1,67,74,le,le,le,unknown,le,wordfreq:hu,wordfreq_seeded;deterministically_filtered;structurally_curated
hu,v1,1,68,75,sok,sok,sok,unknown,sok,wordfreq:hu,wordfreq_seeded;deterministically_filtered;structurally_curated
hu,v1,1,69,77,e,e,e,unknown,e,wordfreq:hu,wordfreq_seeded;deterministically_filtered;structurally_curated
hu,v1,1,70,78,jól,jól,jól,unknown,jól,wordfreq:hu,wordfreq_seeded;deterministically_filtered;structurally_curated
hu,v1,1,71,79,i,i,i,unknown,i,wordfreq:hu,wordfreq_seeded;deterministically_filtered;structurally_curated
hu,v1,1,72,80,miért,miért,miért,unknown,miért,wordfreq:hu,wordfreq_seeded;deterministically_filtered;structurally_curated
hu,v1,1,73,81,volna,volna,volna,unknown,volna,wordfreq:hu,wordfreq_seeded;deterministically_filtered;structurally_curated
hu,v1,1,74,82,azért,azért,azért,unknown,azért,wordfreq:hu,wordfreq_seeded;deterministically_filtered;structurally_curated
hu,v1,1,75,83,tudom,tudom,tudom,unknown,tudom,wordfreq:hu,wordfreq_seeded;deterministically_filtered;structurally_curated
hu,v1,1,76,84,budapest,budapest,budapest,unknown,budapest,wordfreq:hu,wordfreq_seeded;deterministically_filtered;structurally_curated
hu,v1,1,77,85,milyen,milyen,milyen,unknown,milyen,wordfreq:hu,wordfreq_seeded;deterministically_filtered;structurally_curated
hu,v1,1,78,86,igen,igen,igen,unknown,igen,wordfreq:hu,wordfreq_seeded;deterministically_filtered;structurally_curated
hu,v1,1,79,87,között,között,között,unknown,között,wordfreq:hu,wordfreq_seeded;deterministically_filtered;structurally_curated
hu,v1,1,80,88,lett,lett,lett,unknown,lett,wordfreq:hu,wordfreq_seeded;deterministically_filtered;structurally_curated
hu,v1,1,81,89,ott,ott,ott,unknown,ott,wordfreq:hu,wordfreq_seeded;deterministically_filtered;structurally_curated
hu,v1,1,82,90,alatt,alatt,alatt,unknown,alatt,wordfreq:hu,wordfreq_seeded;deterministically_filtered;structurally_curated
hu,v1,1,83,91,ember,ember,ember,unknown,ember,wordfreq:hu,wordfreq_seeded;deterministically_filtered;structurally_curated
hu,v1,1,84,92,ma,ma,ma,unknown,ma,wordfreq:hu,wordfreq_seeded;deterministically_filtered;structurally_curated
hu,v1,1,85,93,miatt,miatt,miatt,unknown,miatt,wordfreq:hu,wordfreq_seeded;deterministically_filtered;structurally_curated
hu,v1,1,86,94,t,t,t,unknown,t,wordfreq:hu,wordfreq_seeded;deterministically_filtered;structurally_curated
hu,v1,1,87,95,lenne,lenne,lenne,unknown,lenne,wordfreq:hu,wordfreq_seeded;deterministically_filtered;structurally_curated
hu,v1,1,88,96,által,által,által,unknown,által,wordfreq:hu,wordfreq_seeded;deterministically_filtered;structurally_curated
hu,v1,1,89,97,hát,hát,hát,unknown,hát,wordfreq:hu,wordfreq_seeded;deterministically_filtered;structurally_curated
hu,v1,1,90,98,más,más,más,unknown,más,wordfreq:hu,wordfreq_seeded;deterministically_filtered;structurally_curated
hu,v1,1,91,99,ő,ő,ő,unknown,ő,wordfreq:hu,wordfreq_seeded;deterministically_filtered;structurally_curated
hu,v1,1,92,100,mikor,mikor,mikor,unknown,mikor,wordfreq:hu,wordfreq_seeded;deterministically_filtered;structurally_curated
hu,v1,1,93,101,valami,valami,valami,unknown,valami,wordfreq:hu,wordfreq_seeded;deterministically_filtered;structurally_curated
hu,v1,1,94,102,ben,ben,ben,unknown,ben,wordfreq:hu,wordfreq_seeded;deterministically_filtered;structurally_curated
hu,v1,1,95,103,egész,egész,egész,unknown,egész,wordfreq:hu,wordfreq_seeded;deterministically_filtered;structurally_curated
hu,v1,1,96,104,arra,arra,arra,unknown,arra,wordfreq:hu,wordfreq_seeded;deterministically_filtered;structurally_curated
hu,v1,1,97,105,ezért,ezért,ezért,unknown,ezért,wordfreq:hu,wordfreq_seeded;deterministically_filtered;structurally_curated
hu,v1,1,98,106,vannak,vannak,vannak,unknown,vannak,wordfreq:hu,wordfreq_seeded;deterministically_filtered;structurally_curated
hu,v1,1,99,108,ahol,ahol,ahol,unknown,ahol,wordfreq:hu,wordfreq_seeded;deterministically_filtered;structurally_curated
hu,v1,1,100,109,át,át,át,unknown,át,wordfreq:hu,wordfreq_seeded;deterministically_filtered;structurally_curated
hu,v1,1,101,110,ezek,ezek,ezek,unknown,ezek,wordfreq:hu,wordfreq_seeded;deterministically_filtered;structurally_curated
hu,v1,1,102,112,legyen,legyen,legyen,unknown,legyen,wordfreq:hu,wordfreq_seeded;deterministically_filtered;structurally_curated
hu,v1,1,103,113,nap,nap,nap,unknown,nap,wordfreq:hu,wordfreq_seeded;deterministically_filtered;structurally_curated
hu,v1,1,104,115,rá,rá,rá,unknown,rá,wordfreq:hu,wordfreq_seeded;deterministically_filtered;structurally_curated
hu,v1,1,105,116,the,the,the,unknown,the,wordfreq:hu,wordfreq_seeded;deterministically_filtered;structurally_curated
hu,v1,1,106,117,elég,elég,elég,unknown,elég,wordfreq:hu,wordfreq_seeded;deterministically_filtered;structurally_curated
hu,v1,1,107,118,neki,neki,neki,unknown,neki,wordfreq:hu,wordfreq_seeded;deterministically_filtered;structurally_curated
hu,v1,1,108,119,aztán,aztán,aztán,unknown,aztán,wordfreq:hu,wordfreq_seeded;deterministically_filtered;structurally_curated
hu,v1,1,109,120,előtt,előtt,előtt,unknown,előtt,wordfreq:hu,wordfreq_seeded;deterministically_filtered;structurally_curated
hu,v1,1,110,121,se,se,se,unknown,se,wordfreq:hu,wordfreq_seeded;deterministically_filtered;structurally_curated
hu,v1,1,111,122,valaki,valaki,valaki,unknown,valaki,wordfreq:hu,wordfreq_seeded;deterministically_filtered;structurally_curated
hu,v1,1,112,123,év,év,év,unknown,év,wordfreq:hu,wordfreq_seeded;deterministically_filtered;structurally_curated
hu,v1,1,113,124,amely,amely,amely,unknown,amely,wordfreq:hu,wordfreq_seeded;deterministically_filtered;structurally_curated
hu,v1,1,114,125,kicsit,kicsit,kicsit,unknown,kicsit,wordfreq:hu,wordfreq_seeded;deterministically_filtered;structurally_curated
hu,v1,1,115,126,semmi,semmi,semmi,unknown,semmi,wordfreq:hu,wordfreq_seeded;deterministically_filtered;structurally_curated
hu,v1,1,116,127,tényleg,tényleg,tényleg,unknown,tényleg,wordfreq:hu,wordfreq_seeded;deterministically_filtered;structurally_curated
hu,v1,1,117,128,mellett,mellett,mellett,unknown,mellett,wordfreq:hu,wordfreq_seeded;deterministically_filtered;structurally_curated
hu,v1,1,118,129,erre,erre,erre,unknown,erre,wordfreq:hu,wordfreq_seeded;deterministically_filtered;structurally_curated
hu,v1,1,119,130,fog,fog,fog,unknown,fog,wordfreq:hu,wordfreq_seeded;deterministically_filtered;structurally_curated
hu,v1,1,120,131,mindenki,mindenki,mindenki,unknown,mindenki,wordfreq:hu,wordfreq_seeded;deterministically_filtered;structurally_curated
hu,v1,1,121,132,neked,neked,neked,unknown,neked,wordfreq:hu,wordfreq_seeded;deterministically_filtered;structurally_curated
hu,v1,1,122,133,na,na,na,unknown,na,wordfreq:hu,wordfreq_seeded;deterministically_filtered;structurally_curated
hu,v1,1,123,134,nélkül,nélkül,nélkül,unknown,nélkül,wordfreq:hu,wordfreq_seeded;deterministically_filtered;structurally_curated
hu,v1,1,124,135,saját,saját,saját,unknown,saját,wordfreq:hu,wordfreq_seeded;deterministically_filtered;structurally_curated
hu,v1,1,125,136,szép,szép,szép,unknown,szép,wordfreq:hu,wordfreq_seeded;deterministically_filtered;structurally_curated
hu,v1,1,126,137,ahogy,ahogy,ahogy,unknown,ahogy,wordfreq:hu,wordfreq_seeded;deterministically_filtered;structurally_curated
hu,v1,1,127,138,akik,akik,akik,unknown,akik,wordfreq:hu,wordfreq_seeded;deterministically_filtered;structurally_curated
hu,v1,1,128,139,három,három,három,unknown,három,wordfreq:hu,wordfreq_seeded;deterministically_filtered;structurally_curated
hu,v1,1,129,140,inkább,inkább,inkább,unknown,inkább,wordfreq:hu,wordfreq_seeded;deterministically_filtered;structurally_curated
hu,v1,1,130,141,jobb,jobb,jobb,unknown,jobb,wordfreq:hu,wordfreq_seeded;deterministically_filtered;structurally_curated
hu,v1,1,131,142,szerintem,szerintem,szerintem,unknown,szerintem,wordfreq:hu,wordfreq_seeded;deterministically_filtered;structurally_curated
hu,v1,1,132,143,együtt,együtt,együtt,unknown,együtt,wordfreq:hu,wordfreq_seeded;deterministically_filtered;structurally_curated
hu,v1,1,133,144,hogyan,hogyan,hogyan,unknown,hogyan,wordfreq:hu,wordfreq_seeded;deterministically_filtered;structurally_curated
hu,v1,1,134,145,túl,túl,túl,unknown,túl,wordfreq:hu,wordfreq_seeded;deterministically_filtered;structurally_curated
hu,v1,1,135,146,valamint,valamint,valamint,unknown,valamint,wordfreq:hu,wordfreq_seeded;deterministically_filtered;structurally_curated
hu,v1,1,136,148,legjobb,legjobb,legjobb,unknown,legjobb,wordfreq:hu,wordfreq_seeded;deterministically_filtered;structurally_curated
hu,v1,1,137,149,újra,újra,újra,unknown,újra,wordfreq:hu,wordfreq_seeded;deterministically_filtered;structurally_curated
hu,v1,1,138,150,biztos,biztos,biztos,unknown,biztos,wordfreq:hu,wordfreq_seeded;deterministically_filtered;structurally_curated
hu,v1,1,139,151,c,c,c,unknown,c,wordfreq:hu,wordfreq_seeded;deterministically_filtered;structurally_curated
hu,v1,1,140,152,ezzel,ezzel,ezzel,unknown,ezzel,wordfreq:hu,wordfreq_seeded;deterministically_filtered;structurally_curated
hu,v1,1,141,153,mivel,mivel,mivel,unknown,mivel,wordfreq:hu,wordfreq_seeded;deterministically_filtered;structurally_curated
hu,v1,1,142,154,másik,másik,másik,unknown,másik,wordfreq:hu,wordfreq_seeded;deterministically_filtered;structurally_curated
hu,v1,1,143,155,néhány,néhány,néhány,unknown,néhány,wordfreq:hu,wordfreq_seeded;deterministically_filtered;structurally_curated
hu,v1,1,144,156,vissza,vissza,vissza,unknown,vissza,wordfreq:hu,wordfreq_seeded;deterministically_filtered;structurally_curated
hu,v1,1,145,157,őket,őket,őket,unknown,őket,wordfreq:hu,wordfreq_seeded;deterministically_filtered;structurally_curated
hu,v1,1,146,158,ban,ban,ban,unknown,ban,wordfreq:hu,wordfreq_seeded;deterministically_filtered;structurally_curated
hu,v1,1,147,159,ellen,ellen,ellen,unknown,ellen,wordfreq:hu,wordfreq_seeded;deterministically_filtered;structurally_curated
hu,v1,1,148,160,ennek,ennek,ennek,unknown,ennek,wordfreq:hu,wordfreq_seeded;deterministically_filtered;structurally_curated
hu,v1,1,149,161,hanem,hanem,hanem,unknown,hanem,wordfreq:hu,wordfreq_seeded;deterministically_filtered;structurally_curated
hu,v1,1,150,162,pár,pár,pár,unknown,pár,wordfreq:hu,wordfreq_seeded;deterministically_filtered;structurally_curated
hu,v1,1,151,163,benne,benne,benne,unknown,benne,wordfreq:hu,wordfreq_seeded;deterministically_filtered;structurally_curated
hu,v1,1,152,164,ezen,ezen,ezen,unknown,ezen,wordfreq:hu,wordfreq_seeded;deterministically_filtered;structurally_curated
hu,v1,1,153,165,persze,persze,persze,unknown,persze,wordfreq:hu,wordfreq_seeded;deterministically_filtered;structurally_curated
hu,v1,1,154,166,tovább,tovább,tovább,unknown,tovább,wordfreq:hu,wordfreq_seeded;deterministically_filtered;structurally_curated
hu,v1,1,155,167,azonban,azonban,azonban,unknown,azonban,wordfreq:hu,wordfreq_seeded;deterministically_filtered;structurally_curated
hu,v1,1,156,168,című,című,című,unknown,című,wordfreq:hu,wordfreq_seeded;deterministically_filtered;structurally_curated
hu,v1,1,157,169,emberek,emberek,emberek,unknown,emberek,wordfreq:hu,wordfreq_seeded;deterministically_filtered;structurally_curated
hu,v1,1,158,170,illetve,illetve,illetve,unknown,illetve,wordfreq:hu,wordfreq_seeded;deterministically_filtered;structurally_curated
hu,v1,1,159,171,köszönöm,köszönöm,köszönöm,unknown,köszönöm,wordfreq:hu,wordfreq_seeded;deterministically_filtered;structurally_curated
hu,v1,1,160,172,vele,vele,vele,unknown,vele,wordfreq:hu,wordfreq_seeded;deterministically_filtered;structurally_curated
hu,v1,1,161,173,éves,éves,éves,unknown,éves,wordfreq:hu,wordfreq_seeded;deterministically_filtered;structurally_curated
hu,v1,1,162,174,egyszer,egyszer,egyszer,unknown,egyszer,wordfreq:hu,wordfreq_seeded;deterministically_filtered;structurally_curated
hu,v1,1,163,175,talán,talán,talán,unknown,talán,wordfreq:hu,wordfreq_seeded;deterministically_filtered;structurally_curated
hu,v1,1,164,176,ebben,ebben,ebben,unknown,ebben,wordfreq:hu,wordfreq_seeded;deterministically_filtered;structurally_curated
hu,v1,1,165,177,rossz,rossz,rossz,unknown,rossz,wordfreq:hu,wordfreq_seeded;deterministically_filtered;structurally_curated
hu,v1,1,166,178,teljesen,teljesen,teljesen,unknown,teljesen,wordfreq:hu,wordfreq_seeded;deterministically_filtered;structurally_curated
hu,v1,1,167,179,bár,bár,bár,unknown,bár,wordfreq:hu,wordfreq_seeded;deterministically_filtered;structurally_curated
hu,v1,1,168,180,kellett,kellett,kellett,unknown,kellett,wordfreq:hu,wordfreq_seeded;deterministically_filtered;structurally_curated
hu,v1,1,169,181,teljes,teljes,teljes,unknown,teljes,wordfreq:hu,wordfreq_seeded;deterministically_filtered;structurally_curated
hu,v1,1,170,182,voltak,voltak,voltak,unknown,voltak,wordfreq:hu,wordfreq_seeded;deterministically_filtered;structurally_curated
hu,v1,1,171,183,annak,annak,annak,unknown,annak,wordfreq:hu,wordfreq_seeded;deterministically_filtered;structurally_curated
hu,v1,1,172,184,annyira,annyira,annyira,unknown,annyira,wordfreq:hu,wordfreq_seeded;deterministically_filtered;structurally_curated
hu,v1,1,173,185,este,este,este,unknown,este,wordfreq:hu,wordfreq_seeded;deterministically_filtered;structurally_curated
hu,v1,1,174,186,idő,idő,idő,unknown,idő,wordfreq:hu,wordfreq_seeded;deterministically_filtered;structurally_curated
hu,v1,1,175,187,mind,mind,mind,unknown,mind,wordfreq:hu,wordfreq_seeded;deterministically_filtered;structurally_curated
hu,v1,1,176,188,második,második,második,unknown,második,wordfreq:hu,wordfreq_seeded;deterministically_filtered;structurally_curated
hu,v1,1,177,189,áll,áll,áll,unknown,áll,wordfreq:hu,wordfreq_seeded;deterministically_filtered;structurally_curated
hu,v1,1,178,190,jobban,jobban,jobban,unknown,jobban,wordfreq:hu,wordfreq_seeded;deterministically_filtered;structurally_curated
hu,v1,1,179,191,legnagyobb,legnagyobb,legnagyobb,unknown,legnagyobb,wordfreq:hu,wordfreq_seeded;deterministically_filtered;structurally_curated
hu,v1,1,180,192,nézd,nézd,nézd,unknown,nézd,wordfreq:hu,wordfreq_seeded;deterministically_filtered;structurally_curated
hu,v1,1,181,193,hozzá,hozzá,hozzá,unknown,hozzá,wordfreq:hu,wordfreq_seeded;deterministically_filtered;structurally_curated
hu,v1,1,182,194,mindent,mindent,mindent,unknown,mindent,wordfreq:hu,wordfreq_seeded;deterministically_filtered;structurally_curated
hu,v1,1,183,195,utolsó,utolsó,utolsó,unknown,utolsó,wordfreq:hu,wordfreq_seeded;deterministically_filtered;structurally_curated
hu,v1,1,184,196,való,való,való,unknown,való,wordfreq:hu,wordfreq_seeded;deterministically_filtered;structurally_curated
hu,v1,1,185,197,km,km,km,unknown,km,wordfreq:hu,wordfreq_seeded;deterministically_filtered;structurally_curated
hu,v1,1,186,198,során,során,során,unknown,során,wordfreq:hu,wordfreq_seeded;deterministically_filtered;structurally_curated
hu,v1,1,187,199,vagyunk,vagyunk,vagyunk,unknown,vagyunk,wordfreq:hu,wordfreq_seeded;deterministically_filtered;structurally_curated
hu,v1,1,188,200,tudja,tudja,tudja,unknown,tudja,wordfreq:hu,wordfreq_seeded;deterministically_filtered;structurally_curated
hu,v1,1,189,202,először,először,először,unknown,először,wordfreq:hu,wordfreq_seeded;deterministically_filtered;structurally_curated
hu,v1,1,190,203,fontos,fontos,fontos,unknown,fontos,wordfreq:hu,wordfreq_seeded;deterministically_filtered;structurally_curated
hu,v1,1,191,204,hol,hol,hol,unknown,hol,wordfreq:hu,wordfreq_seeded;deterministically_filtered;structurally_curated
hu,v1,1,192,205,kéne,kéne,kéne,unknown,kéne,wordfreq:hu,wordfreq_seeded;deterministically_filtered;structurally_curated
hu,v1,1,193,206,mondta,mondta,mondta,unknown,mondta,wordfreq:hu,wordfreq_seeded;deterministically_filtered;structurally_curated
hu,v1,1,194,207,of,of,of,unknown,of,wordfreq:hu,wordfreq_seeded;deterministically_filtered;structurally_curated
hu,v1,1,195,208,in,in,in,unknown,in,wordfreq:hu,wordfreq_seeded;deterministically_filtered;structurally_curated
hu,v1,1,196,209,következő,következő,következő,unknown,következő,wordfreq:hu,wordfreq_seeded;deterministically_filtered;structurally_curated
hu,v1,1,197,210,magam,magam,magam,unknown,magam,wordfreq:hu,wordfreq_seeded;deterministically_filtered;structurally_curated
hu,v1,1,198,211,pont,pont,pont,unknown,pont,wordfreq:hu,wordfreq_seeded;deterministically_filtered;structurally_curated
hu,v1,1,199,212,viszont,viszont,viszont,unknown,viszont,wordfreq:hu,wordfreq_seeded;deterministically_filtered;structurally_curated
hu,v1,1,200,213,össze,össze,össze,unknown,össze,wordfreq:hu,wordfreq_seeded;deterministically_filtered;structurally_curated
hu,v1,1,201,214,azok,azok,azok,unknown,azok,wordfreq:hu,wordfreq_seeded;deterministically_filtered;structurally_curated
hu,v1,1,202,215,d,d,d,unknown,d,wordfreq:hu,wordfreq_seeded;deterministically_filtered;structurally_curated
hu,v1,1,203,216,dolog,dolog,dolog,unknown,dolog,wordfreq:hu,wordfreq_seeded;deterministically_filtered;structurally_curated
hu,v1,1,204,217,európai,európai,európai,unknown,európai,wordfreq:hu,wordfreq_seeded;deterministically_filtered;structurally_curated
hu,v1,1,205,218,férfi,férfi,férfi,unknown,férfi,wordfreq:hu,wordfreq_seeded;deterministically_filtered;structurally_curated
hu,v1,1,206,219,lenni,lenni,lenni,unknown,lenni,wordfreq:hu,wordfreq_seeded;deterministically_filtered;structurally_curated
hu,v1,1,207,220,n,n,n,unknown,n,wordfreq:hu,wordfreq_seeded;deterministically_filtered;structurally_curated
hu,v1,1,208,221,nemzeti,nemzeti,nemzeti,unknown,nemzeti,wordfreq:hu,wordfreq_seeded;deterministically_filtered;structurally_curated
hu,v1,1,209,222,os,os,os,unknown,os,wordfreq:hu,wordfreq_seeded;deterministically_filtered;structurally_curated
hu,v1,1,210,223,számára,számára,számára,unknown,számára,wordfreq:hu,wordfreq_seeded;deterministically_filtered;structurally_curated
hu,v1,1,211,224,szóval,szóval,szóval,unknown,szóval,wordfreq:hu,wordfreq_seeded;deterministically_filtered;structurally_curated
hu,v1,1,212,225,tudok,tudok,tudok,unknown,tudok,wordfreq:hu,wordfreq_seeded;deterministically_filtered;structurally_curated
hu,v1,1,213,226,m,m,m,unknown,m,wordfreq:hu,wordfreq_seeded;deterministically_filtered;structurally_curated
hu,v1,1,214,227,soha,soha,soha,unknown,soha,wordfreq:hu,wordfreq_seeded;deterministically_filtered;structurally_curated
hu,v1,1,215,228,szó,szó,szó,unknown,szó,wordfreq:hu,wordfreq_seeded;deterministically_filtered;structurally_curated
hu,v1,1,216,229,voltam,voltam,voltam,unknown,voltam,wordfreq:hu,wordfreq_seeded;deterministically_filtered;structurally_curated
hu,v1,1,217,230,alapján,alapján,alapján,unknown,alapján,wordfreq:hu,wordfreq_seeded;deterministically_filtered;structurally_curated
hu,v1,1,218,231,jön,jön,jön,unknown,jön,wordfreq:hu,wordfreq_seeded;deterministically_filtered;structurally_curated
hu,v1,1,219,232,legalább,legalább,legalább,unknown,legalább,wordfreq:hu,wordfreq_seeded;deterministically_filtered;structurally_curated
hu,v1,1,220,233,magyarország,magyarország,magyarország,unknown,magyarország,wordfreq:hu,wordfreq_seeded;deterministically_filtered;structurally_curated
hu,v1,1,221,234,magát,magát,magát,unknown,magát,wordfreq:hu,wordfreq_seeded;deterministically_filtered;structurally_curated
hu,v1,1,222,235,mai,mai,mai,unknown,mai,wordfreq:hu,wordfreq_seeded;deterministically_filtered;structurally_curated
hu,v1,1,223,236,például,például,például,unknown,például,wordfreq:hu,wordfreq_seeded;deterministically_filtered;structurally_curated
hu,v1,1,224,237,további,további,további,unknown,további,wordfreq:hu,wordfreq_seeded;deterministically_filtered;structurally_curated
hu,v1,1,225,238,azzal,azzal,azzal,unknown,azzal,wordfreq:hu,wordfreq_seeded;deterministically_filtered;structurally_curated
hu,v1,1,226,239,dr,dr,dr,unknown,dr,wordfreq:hu,wordfreq_seeded;deterministically_filtered;structurally_curated
hu,v1,1,227,240,ft,ft,ft,unknown,ft,wordfreq:hu,wordfreq_seeded;deterministically_filtered;structurally_curated
hu,v1,1,228,241,ide,ide,ide,unknown,ide,wordfreq:hu,wordfreq_seeded;deterministically_filtered;structurally_curated
hu,v1,1,229,242,igaz,igaz,igaz,unknown,igaz,wordfreq:hu,wordfreq_seeded;deterministically_filtered;structurally_curated
hu,v1,1,230,243,maga,maga,maga,unknown,maga,wordfreq:hu,wordfreq_seeded;deterministically_filtered;structurally_curated
hu,v1,1,231,244,szeptember,szeptember,szeptember,unknown,szeptember,wordfreq:hu,wordfreq_seeded;deterministically_filtered;structurally_curated
hu,v1,1,232,245,film,film,film,unknown,film,wordfreq:hu,wordfreq_seeded;deterministically_filtered;structurally_curated
hu,v1,1,233,246,isten,isten,isten,unknown,isten,wordfreq:hu,wordfreq_seeded;deterministically_filtered;structurally_curated
hu,v1,1,234,247,később,később,később,unknown,később,wordfreq:hu,wordfreq_seeded;deterministically_filtered;structurally_curated
hu,v1,1,235,248,megy,megy,megy,unknown,megy,wordfreq:hu,wordfreq_seeded;deterministically_filtered;structurally_curated
hu,v1,1,236,249,mégis,mégis,mégis,unknown,mégis,wordfreq:hu,wordfreq_seeded;deterministically_filtered;structurally_curated
hu,v1,1,237,250,sokkal,sokkal,sokkal,unknown,sokkal,wordfreq:hu,wordfreq_seeded;deterministically_filtered;structurally_curated
hu,v1,1,238,251,világ,világ,világ,unknown,világ,wordfreq:hu,wordfreq_seeded;deterministically_filtered;structurally_curated
hu,v1,1,239,252,óta,óta,óta,unknown,óta,wordfreq:hu,wordfreq_seeded;deterministically_filtered;structurally_curated
hu,v1,1,240,253,amerikai,amerikai,amerikai,unknown,amerikai,wordfreq:hu,wordfreq_seeded;deterministically_filtered;structurally_curated
hu,v1,1,241,254,azon,azon,azon,unknown,azon,wordfreq:hu,wordfreq_seeded;deterministically_filtered;structurally_curated
hu,v1,1,242,255,baj,baj,baj,unknown,baj,wordfreq:hu,wordfreq_seeded;deterministically_filtered;structurally_curated
hu,v1,1,243,256,míg,míg,míg,unknown,míg,wordfreq:hu,wordfreq_seeded;deterministically_filtered;structurally_curated
hu,v1,1,244,257,as,as,as,unknown,as,wordfreq:hu,wordfreq_seeded;deterministically_filtered;structurally_curated
hu,v1,1,245,258,egyetlen,egyetlen,egyetlen,unknown,egyetlen,wordfreq:hu,wordfreq_seeded;deterministically_filtered;structurally_curated
hu,v1,1,246,259,hosszú,hosszú,hosszú,unknown,hosszú,wordfreq:hu,wordfreq_seeded;deterministically_filtered;structurally_curated
hu,v1,1,247,260,mely,mely,mely,unknown,mely,wordfreq:hu,wordfreq_seeded;deterministically_filtered;structurally_curated
hu,v1,1,248,261,német,német,német,unknown,német,wordfreq:hu,wordfreq_seeded;deterministically_filtered;structurally_curated
hu,v1,1,249,262,re,re,re,unknown,re,wordfreq:hu,wordfreq_seeded;deterministically_filtered;structurally_curated
hu,v1,1,250,263,tud,tud,tud,unknown,tud,wordfreq:hu,wordfreq_seeded;deterministically_filtered;structurally_curated
hu,v1,1,251,264,élő,élő,élő,unknown,élő,wordfreq:hu,wordfreq_seeded;deterministically_filtered;structurally_curated
hu,v1,1,252,265,összes,összes,összes,unknown,összes,wordfreq:hu,wordfreq_seeded;deterministically_filtered;structurally_curated
hu,v1,1,253,266,ismét,ismét,ismét,unknown,ismét,wordfreq:hu,wordfreq_seeded;deterministically_filtered;structurally_curated
hu,v1,1,254,267,ja,ja,ja,unknown,ja,wordfreq:hu,wordfreq_seeded;deterministically_filtered;structurally_curated
hu,v1,1,255,268,közben,közben,közben,unknown,közben,wordfreq:hu,wordfreq_seeded;deterministically_filtered;structurally_curated
hu,v1,1,256,269,mintha,mintha,mintha,unknown,mintha,wordfreq:hu,wordfreq_seeded;deterministically_filtered;structurally_curated
hu,v1,1,257,270,nemzetközi,nemzetközi,nemzetközi,unknown,nemzetközi,wordfreq:hu,wordfreq_seeded;deterministically_filtered;structurally_curated
hu,v1,1,258,271,nő,nő,nő,unknown,nő,wordfreq:hu,wordfreq_seeded;deterministically_filtered;structurally_curated
hu,v1,1,259,272,oda,oda,oda,unknown,oda,wordfreq:hu,wordfreq_seeded;deterministically_filtered;structurally_curated
hu,v1,1,260,273,tehát,tehát,tehát,unknown,tehát,wordfreq:hu,wordfreq_seeded;deterministically_filtered;structurally_curated
hu,v1,1,261,274,x,x,x,unknown,x,wordfreq:hu,wordfreq_seeded;deterministically_filtered;structurally_curated
hu,v1,1,262,276,b,b,b,unknown,b,wordfreq:hu,wordfreq_seeded;deterministically_filtered;structurally_curated
hu,v1,1,263,277,egyre,egyre,egyre,unknown,egyre,wordfreq:hu,wordfreq_seeded;deterministically_filtered;structurally_curated
hu,v1,1,264,278,engem,engem,engem,unknown,engem,wordfreq:hu,wordfreq_seeded;deterministically_filtered;structurally_curated
hu,v1,1,265,279,fekete,fekete,fekete,unknown,fekete,wordfreq:hu,wordfreq_seeded;deterministically_filtered;structurally_curated
hu,v1,1,266,280,ig,ig,ig,unknown,ig,wordfreq:hu,wordfreq_seeded;deterministically_filtered;structurally_curated
hu,v1,1,267,281,igazán,igazán,igazán,unknown,igazán,wordfreq:hu,wordfreq_seeded;deterministically_filtered;structurally_curated
hu,v1,1,268,282,nagyobb,nagyobb,nagyobb,unknown,nagyobb,wordfreq:hu,wordfreq_seeded;deterministically_filtered;structurally_curated
hu,v1,1,269,283,sokat,sokat,sokat,unknown,sokat,wordfreq:hu,wordfreq_seeded;deterministically_filtered;structurally_curated
hu,v1,1,270,284,éve,éve,éve,unknown,éve,wordfreq:hu,wordfreq_seeded;deterministically_filtered;structurally_curated
hu,v1,1,271,285,belül,belül,belül,unknown,belül,wordfreq:hu,wordfreq_seeded;deterministically_filtered;structurally_curated
hu,v1,1,272,286,jelent,jelent,jelent,unknown,jelent,wordfreq:hu,wordfreq_seeded;deterministically_filtered;structurally_curated
hu,v1,1,273,287,került,került,került,unknown,került,wordfreq:hu,wordfreq_seeded;deterministically_filtered;structurally_curated
hu,v1,1,274,288,régi,régi,régi,unknown,régi,wordfreq:hu,wordfreq_seeded;deterministically_filtered;structurally_curated
hu,v1,1,275,289,szia,szia,szia,unknown,szia,wordfreq:hu,wordfreq_seeded;deterministically_filtered;structurally_curated
hu,v1,1,276,290,tudod,tudod,tudod,unknown,tudod,wordfreq:hu,wordfreq_seeded;deterministically_filtered;structurally_curated
hu,v1,1,277,291,történt,történt,történt,unknown,történt,wordfreq:hu,wordfreq_seeded;deterministically_filtered;structurally_curated
hu,v1,1,278,292,v,v,v,unknown,v,wordfreq:hu,wordfreq_seeded;deterministically_filtered;structurally_curated
hu,v1,1,279,293,akár,akár,akár,unknown,akár,wordfreq:hu,wordfreq_seeded;deterministically_filtered;structurally_curated
hu,v1,1,280,294,kedves,kedves,kedves,unknown,kedves,wordfreq:hu,wordfreq_seeded;deterministically_filtered;structurally_curated
hu,v1,1,281,295,készült,készült,készült,unknown,készült,wordfreq:hu,wordfreq_seeded;deterministically_filtered;structurally_curated
hu,v1,1,282,296,közül,közül,közül,unknown,közül,wordfreq:hu,wordfreq_seeded;deterministically_filtered;structurally_curated
hu,v1,1,283,297,l,l,l,unknown,l,wordfreq:hu,wordfreq_seeded;deterministically_filtered;structurally_curated
hu,v1,1,284,298,lászló,lászló,lászló,unknown,lászló,wordfreq:hu,wordfreq_seeded;deterministically_filtered;structurally_curated
hu,v1,1,285,299,megyek,megyek,megyek,unknown,megyek,wordfreq:hu,wordfreq_seeded;deterministically_filtered;structurally_curated
hu,v1,1,286,300,sikerült,sikerült,sikerült,unknown,sikerült,wordfreq:hu,wordfreq_seeded;deterministically_filtered;structurally_curated
hu,v1,1,287,301,velem,velem,velem,unknown,velem,wordfreq:hu,wordfreq_seeded;deterministically_filtered;structurally_curated
hu,v1,1,288,302,óra,óra,óra,unknown,óra,wordfreq:hu,wordfreq_seeded;deterministically_filtered;structurally_curated
hu,v1,1,289,303,ők,ők,ők,unknown,ők,wordfreq:hu,wordfreq_seeded;deterministically_filtered;structurally_curated
hu,v1,1,290,304,kapott,kapott,kapott,unknown,kapott,wordfreq:hu,wordfreq_seeded;deterministically_filtered;structurally_curated
hu,v1,1,291,305,p,p,p,unknown,p,wordfreq:hu,wordfreq_seeded;deterministically_filtered;structurally_curated
hu,v1,1,292,306,senki,senki,senki,unknown,senki,wordfreq:hu,wordfreq_seeded;deterministically_filtered;structurally_curated
hu,v1,1,293,307,tudtam,tudtam,tudtam,unknown,tudtam,wordfreq:hu,wordfreq_seeded;deterministically_filtered;structurally_curated
hu,v1,1,294,308,arról,arról,arról,unknown,arról,wordfreq:hu,wordfreq_seeded;deterministically_filtered;structurally_curated
hu,v1,1,295,309,fél,fél,fél,unknown,fél,wordfreq:hu,wordfreq_seeded;deterministically_filtered;structurally_curated
hu,v1,1,296,310,magyarországon,magyarországon,magyarországon,unknown,magyarországon,wordfreq:hu,wordfreq_seeded;deterministically_filtered;structurally_curated
hu,v1,1,297,311,megint,megint,megint,unknown,megint,wordfreq:hu,wordfreq_seeded;deterministically_filtered;structurally_curated
hu,v1,1,298,312,részt,részt,részt,unknown,részt,wordfreq:hu,wordfreq_seeded;deterministically_filtered;structurally_curated
hu,v1,1,299,313,újabb,újabb,újabb,unknown,újabb,wordfreq:hu,wordfreq_seeded;deterministically_filtered;structurally_curated
hu,v1,1,300,314,adott,adott,adott,unknown,adott,wordfreq:hu,wordfreq_seeded;deterministically_filtered;structurally_curated
hu,v1,1,301,315,akarok,akarok,akarok,unknown,akarok,wordfreq:hu,wordfreq_seeded;deterministically_filtered;structurally_curated
hu,v1,1,302,316,eddig,eddig,eddig,unknown,eddig,wordfreq:hu,wordfreq_seeded;deterministically_filtered;structurally_curated
hu,v1,1,303,317,egyes,egyes,egyes,unknown,egyes,wordfreq:hu,wordfreq_seeded;deterministically_filtered;structurally_curated
hu,v1,1,304,318,igazi,igazi,igazi,unknown,igazi,wordfreq:hu,wordfreq_seeded;deterministically_filtered;structurally_curated
hu,v1,1,305,319,istván,istván,istván,unknown,istván,wordfreq:hu,wordfreq_seeded;deterministically_filtered;structurally_curated
hu,v1,1,306,320,lány,lány,lány,unknown,lány,wordfreq:hu,wordfreq_seeded;deterministically_filtered;structurally_curated
hu,v1,1,307,321,láttam,láttam,láttam,unknown,láttam,wordfreq:hu,wordfreq_seeded;deterministically_filtered;structurally_curated
hu,v1,1,308,322,mire,mire,mire,unknown,mire,wordfreq:hu,wordfreq_seeded;deterministically_filtered;structurally_curated
hu,v1,1,309,323,női,női,női,unknown,női,wordfreq:hu,wordfreq_seeded;deterministically_filtered;structurally_curated
hu,v1,1,310,324,szabad,szabad,szabad,unknown,szabad,wordfreq:hu,wordfreq_seeded;deterministically_filtered;structurally_curated
hu,v1,1,311,325,vége,vége,vége,unknown,vége,wordfreq:hu,wordfreq_seeded;deterministically_filtered;structurally_curated
hu,v1,1,312,326,végre,végre,végre,unknown,végre,wordfreq:hu,wordfreq_seeded;deterministically_filtered;structurally_curated
hu,v1,1,313,327,án,án,án,unknown,án,wordfreq:hu,wordfreq_seeded;deterministically_filtered;structurally_curated
hu,v1,1,314,328,értem,értem,értem,unknown,értem,wordfreq:hu,wordfreq_seeded;deterministically_filtered;structurally_curated
hu,v1,1,315,330,fehér,fehér,fehér,unknown,fehér,wordfreq:hu,wordfreq_seeded;deterministically_filtered;structurally_curated
hu,v1,1,316,331,felé,felé,felé,unknown,felé,wordfreq:hu,wordfreq_seeded;deterministically_filtered;structurally_curated
hu,v1,1,317,332,kb,kb,kb,unknown,kb,wordfreq:hu,wordfreq_seeded;deterministically_filtered;structurally_curated
hu,v1,1,318,333,new,new,new,unknown,new,wordfreq:hu,wordfreq_seeded;deterministically_filtered;structurally_curated
hu,v1,1,319,334,angol,angol,angol,unknown,angol,wordfreq:hu,wordfreq_seeded;deterministically_filtered;structurally_curated
hu,v1,1,320,335,fő,fő,fő,unknown,fő,wordfreq:hu,wordfreq_seeded;deterministically_filtered;structurally_curated
hu,v1,1,321,336,kellene,kellene,kellene,unknown,kellene,wordfreq:hu,wordfreq_seeded;deterministically_filtered;structurally_curated
hu,v1,1,322,337,képes,képes,képes,unknown,képes,wordfreq:hu,wordfreq_seeded;deterministically_filtered;structurally_curated
hu,v1,1,323,338,négy,négy,négy,unknown,négy,wordfreq:hu,wordfreq_seeded;deterministically_filtered;structurally_curated
hu,v1,1,324,339,ország,ország,ország,unknown,ország,wordfreq:hu,wordfreq_seeded;deterministically_filtered;structurally_curated
hu,v1,1,325,340,perc,perc,perc,unknown,perc,wordfreq:hu,wordfreq_seeded;deterministically_filtered;structurally_curated
hu,v1,1,326,341,része,része,része,unknown,része,wordfreq:hu,wordfreq_seeded;deterministically_filtered;structurally_curated
hu,v1,1,327,342,város,város,város,unknown,város,wordfreq:hu,wordfreq_seeded;deterministically_filtered;structurally_curated
hu,v1,1,328,343,végén,végén,végén,unknown,végén,wordfreq:hu,wordfreq_seeded;deterministically_filtered;structurally_curated
hu,v1,1,329,344,abban,abban,abban,unknown,abban,wordfreq:hu,wordfreq_seeded;deterministically_filtered;structurally_curated
hu,v1,1,330,345,akar,akar,akar,unknown,akar,wordfreq:hu,wordfreq_seeded;deterministically_filtered;structurally_curated
hu,v1,1,331,346,király,király,király,unknown,király,wordfreq:hu,wordfreq_seeded;deterministically_filtered;structurally_curated
hu,v1,1,332,347,munka,munka,munka,unknown,munka,wordfreq:hu,wordfreq_seeded;deterministically_filtered;structurally_curated
hu,v1,1,333,348,néha,néha,néha,unknown,néha,wordfreq:hu,wordfreq_seeded;deterministically_filtered;structurally_curated
hu,v1,1,334,349,róla,róla,róla,unknown,róla,wordfreq:hu,wordfreq_seeded;deterministically_filtered;structurally_curated
hu,v1,1,335,350,valamit,valamit,valamit,unknown,valamit,wordfreq:hu,wordfreq_seeded;deterministically_filtered;structurally_curated
hu,v1,1,336,351,út,út,út,unknown,út,wordfreq:hu,wordfreq_seeded;deterministically_filtered;structurally_curated
hu,v1,1,337,352,bele,bele,bele,unknown,bele,wordfreq:hu,wordfreq_seeded;deterministically_filtered;structurally_curated
hu,v1,1,338,353,k,k,k,unknown,k,wordfreq:hu,wordfreq_seeded;deterministically_filtered;structurally_curated
hu,v1,1,339,354,különböző,különböző,különböző,unknown,különböző,wordfreq:hu,wordfreq_seeded;deterministically_filtered;structurally_curated
hu,v1,1,340,355,remélem,remélem,remélem,unknown,remélem,wordfreq:hu,wordfreq_seeded;deterministically_filtered;structurally_curated
hu,v1,1,341,356,található,található,található,unknown,található,wordfreq:hu,wordfreq_seeded;deterministically_filtered;structurally_curated
hu,v1,1,342,357,többet,többet,többet,unknown,többet,wordfreq:hu,wordfreq_seeded;deterministically_filtered;structurally_curated
hu,v1,1,343,358,végül,végül,végül,unknown,végül,wordfreq:hu,wordfreq_seeded;deterministically_filtered;structurally_curated
hu,v1,1,344,359,évi,évi,évi,unknown,évi,wordfreq:hu,wordfreq_seeded;deterministically_filtered;structurally_curated
hu,v1,1,345,360,öt,öt,öt,unknown,öt,wordfreq:hu,wordfreq_seeded;deterministically_filtered;structurally_curated
hu,v1,1,346,361,amíg,amíg,amíg,unknown,amíg,wordfreq:hu,wordfreq_seeded;deterministically_filtered;structurally_curated
hu,v1,1,347,362,holnap,holnap,holnap,unknown,holnap,wordfreq:hu,wordfreq_seeded;deterministically_filtered;structurally_curated
hu,v1,1,348,363,ii,ii,ii,unknown,ii,wordfreq:hu,wordfreq_seeded;deterministically_filtered;structurally_curated
hu,v1,1,349,364,komolyan,komolyan,komolyan,unknown,komolyan,wordfreq:hu,wordfreq_seeded;deterministically_filtered;structurally_curated
hu,v1,1,350,365,korábban,korábban,korábban,unknown,korábban,wordfreq:hu,wordfreq_seeded;deterministically_filtered;structurally_curated
hu,v1,1,351,366,nehéz,nehéz,nehéz,unknown,nehéz,wordfreq:hu,wordfreq_seeded;deterministically_filtered;structurally_curated
hu,v1,1,352,367,rajta,rajta,rajta,unknown,rajta,wordfreq:hu,wordfreq_seeded;deterministically_filtered;structurally_curated
hu,v1,1,353,368,semmit,semmit,semmit,unknown,semmit,wordfreq:hu,wordfreq_seeded;deterministically_filtered;structurally_curated
hu,v1,1,354,369,élet,élet,élet,unknown,élet,wordfreq:hu,wordfreq_seeded;deterministically_filtered;structurally_curated
hu,v1,1,355,370,őt,őt,őt,unknown,őt,wordfreq:hu,wordfreq_seeded;deterministically_filtered;structurally_curated
hu,v1,1,356,371,addig,addig,addig,unknown,addig,wordfreq:hu,wordfreq_seeded;deterministically_filtered;structurally_curated
hu,v1,1,357,372,ahhoz,ahhoz,ahhoz,unknown,ahhoz,wordfreq:hu,wordfreq_seeded;deterministically_filtered;structurally_curated
hu,v1,1,358,373,h,h,h,unknown,h,wordfreq:hu,wordfreq_seeded;deterministically_filtered;structurally_curated
hu,v1,1,359,374,helyen,helyen,helyen,unknown,helyen,wordfreq:hu,wordfreq_seeded;deterministically_filtered;structurally_curated
hu,v1,1,360,375,jött,jött,jött,unknown,jött,wordfreq:hu,wordfreq_seeded;deterministically_filtered;structurally_curated
hu,v1,1,361,376,neve,neve,neve,unknown,neve,wordfreq:hu,wordfreq_seeded;deterministically_filtered;structurally_curated
hu,v1,1,362,377,on,on,on,unknown,on,wordfreq:hu,wordfreq_seeded;deterministically_filtered;structurally_curated
hu,v1,1,363,378,online,online,online,unknown,online,wordfreq:hu,wordfreq_seeded;deterministically_filtered;structurally_curated
hu,v1,1,364,379,pl,pl,pl,unknown,pl,wordfreq:hu,wordfreq_seeded;deterministically_filtered;structurally_curated
hu,v1,1,365,380,reggel,reggel,reggel,unknown,reggel,wordfreq:hu,wordfreq_seeded;deterministically_filtered;structurally_curated
hu,v1,1,366,381,ugye,ugye,ugye,unknown,ugye,wordfreq:hu,wordfreq_seeded;deterministically_filtered;structurally_curated
hu,v1,1,367,382,ennyi,ennyi,ennyi,unknown,ennyi,wordfreq:hu,wordfreq_seeded;deterministically_filtered;structurally_curated
hu,v1,1,368,383,fogok,fogok,fogok,unknown,fogok,wordfreq:hu,wordfreq_seeded;deterministically_filtered;structurally_curated
hu,v1,1,369,384,jános,jános,jános,unknown,jános,wordfreq:hu,wordfreq_seeded;deterministically_filtered;structurally_curated
hu,v1,1,370,385,kívül,kívül,kívül,unknown,kívül,wordfreq:hu,wordfreq_seeded;deterministically_filtered;structurally_curated
hu,v1,1,371,386,leszek,leszek,leszek,unknown,leszek,wordfreq:hu,wordfreq_seeded;deterministically_filtered;structurally_curated
hu,v1,1,372,387,menni,menni,menni,unknown,menni,wordfreq:hu,wordfreq_seeded;deterministically_filtered;structurally_curated
hu,v1,1,373,388,miután,miután,miután,unknown,miután,wordfreq:hu,wordfreq_seeded;deterministically_filtered;structurally_curated
hu,v1,1,374,389,március,március,március,unknown,március,wordfreq:hu,wordfreq_seeded;deterministically_filtered;structurally_curated
hu,v1,1,375,390,rád,rád,rád,unknown,rád,wordfreq:hu,wordfreq_seeded;deterministically_filtered;structurally_curated
hu,v1,1,376,391,ön,ön,ön,unknown,ön,wordfreq:hu,wordfreq_seeded;deterministically_filtered;structurally_curated
hu,v1,1,377,392,elő,elő,elő,unknown,elő,wordfreq:hu,wordfreq_seeded;deterministically_filtered;structurally_curated
hu,v1,1,378,393,harmadik,harmadik,harmadik,unknown,harmadik,wordfreq:hu,wordfreq_seeded;deterministically_filtered;structurally_curated
hu,v1,1,379,394,hiszem,hiszem,hiszem,unknown,hiszem,wordfreq:hu,wordfreq_seeded;deterministically_filtered;structurally_curated
hu,v1,1,380,395,keresztül,keresztül,keresztül,unknown,keresztül,wordfreq:hu,wordfreq_seeded;deterministically_filtered;structurally_curated
hu,v1,1,381,396,közel,közel,közel,unknown,közel,wordfreq:hu,wordfreq_seeded;deterministically_filtered;structurally_curated
hu,v1,1,382,397,módon,módon,módon,unknown,módon,wordfreq:hu,wordfreq_seeded;deterministically_filtered;structurally_curated
hu,v1,1,383,398,országos,országos,országos,unknown,országos,wordfreq:hu,wordfreq_seeded;deterministically_filtered;structurally_curated
hu,v1,1,384,399,péter,péter,péter,unknown,péter,wordfreq:hu,wordfreq_seeded;deterministically_filtered;structurally_curated
hu,v1,1,385,400,éppen,éppen,éppen,unknown,éppen,wordfreq:hu,wordfreq_seeded;deterministically_filtered;structurally_curated
hu,v1,1,386,401,budapesti,budapesti,budapesti,unknown,budapesti,wordfreq:hu,wordfreq_seeded;deterministically_filtered;structurally_curated
hu,v1,1,387,402,hivatalos,hivatalos,hivatalos,unknown,hivatalos,wordfreq:hu,wordfreq_seeded;deterministically_filtered;structurally_curated
hu,v1,1,388,403,szent,szent,szent,unknown,szent,wordfreq:hu,wordfreq_seeded;deterministically_filtered;structurally_curated
hu,v1,1,389,404,szeretnék,szeretnék,szeretnék,unknown,szeretnék,wordfreq:hu,wordfreq_seeded;deterministically_filtered;structurally_curated
hu,v1,1,390,405,száma,száma,száma,unknown,száma,wordfreq:hu,wordfreq_seeded;deterministically_filtered;structurally_curated
hu,v1,1,391,406,április,április,április,unknown,április,wordfreq:hu,wordfreq_seeded;deterministically_filtered;structurally_curated
hu,v1,1,392,407,épp,épp,épp,unknown,épp,wordfreq:hu,wordfreq_seeded;deterministically_filtered;structurally_curated
hu,v1,1,393,408,ért,ért,ért,unknown,ért,wordfreq:hu,wordfreq_seeded;deterministically_filtered;structurally_curated
hu,v1,1,394,409,augusztus,augusztus,augusztus,unknown,augusztus,wordfreq:hu,wordfreq_seeded;deterministically_filtered;structurally_curated
hu,v1,1,395,410,et,et,et,unknown,et,wordfreq:hu,wordfreq_seeded;deterministically_filtered;structurally_curated
hu,v1,1,396,411,ezeket,ezeket,ezeket,unknown,ezeket,wordfreq:hu,wordfreq_seeded;deterministically_filtered;structurally_curated
hu,v1,1,397,412,ezer,ezer,ezer,unknown,ezer,wordfreq:hu,wordfreq_seeded;deterministically_filtered;structurally_curated
hu,v1,1,398,413,gyorsan,gyorsan,gyorsan,unknown,gyorsan,wordfreq:hu,wordfreq_seeded;deterministically_filtered;structurally_curated
hu,v1,1,399,414,hét,hét,hét,unknown,hét,wordfreq:hu,wordfreq_seeded;deterministically_filtered;structurally_curated
hu,v1,1,400,415,millió,millió,millió,unknown,millió,wordfreq:hu,wordfreq_seeded;deterministically_filtered;structurally_curated
hu,v1,1,401,416,tetszik,tetszik,tetszik,unknown,tetszik,wordfreq:hu,wordfreq_seeded;deterministically_filtered;structurally_curated
hu,v1,1,402,417,többi,többi,többi,unknown,többi,wordfreq:hu,wordfreq_seeded;deterministically_filtered;structurally_curated
hu,v1,1,403,418,alá,alá,alá,unknown,alá,wordfreq:hu,wordfreq_seeded;deterministically_filtered;structurally_curated
hu,v1,1,404,419,csapat,csapat,csapat,unknown,csapat,wordfreq:hu,wordfreq_seeded;deterministically_filtered;structurally_curated
hu,v1,1,405,420,egyszerűen,egyszerűen,egyszerűen,unknown,egyszerűen,wordfreq:hu,wordfreq_seeded;deterministically_filtered;structurally_curated
hu,v1,1,406,421,ferenc,ferenc,ferenc,unknown,ferenc,wordfreq:hu,wordfreq_seeded;deterministically_filtered;structurally_curated
hu,v1,1,407,422,hat,hat,hat,unknown,hat,wordfreq:hu,wordfreq_seeded;deterministically_filtered;structurally_curated
hu,v1,1,408,423,ház,ház,ház,unknown,ház,wordfreq:hu,wordfreq_seeded;deterministically_filtered;structurally_curated
hu,v1,1,409,424,mm,mm,mm,unknown,mm,wordfreq:hu,wordfreq_seeded;deterministically_filtered;structurally_curated
hu,v1,1,410,425,nak,nak,nak,unknown,nak,wordfreq:hu,wordfreq_seeded;deterministically_filtered;structurally_curated
hu,v1,1,411,426,sajnos,sajnos,sajnos,unknown,sajnos,wordfreq:hu,wordfreq_seeded;deterministically_filtered;structurally_curated
hu,v1,1,412,427,tegnap,tegnap,tegnap,unknown,tegnap,wordfreq:hu,wordfreq_seeded;deterministically_filtered;structurally_curated
hu,v1,1,413,428,utána,utána,utána,unknown,utána,wordfreq:hu,wordfreq_seeded;deterministically_filtered;structurally_curated
hu,v1,1,414,429,akit,akit,akit,unknown,akit,wordfreq:hu,wordfreq_seeded;deterministically_filtered;structurally_curated
hu,v1,1,415,430,elmúlt,elmúlt,elmúlt,unknown,elmúlt,wordfreq:hu,wordfreq_seeded;deterministically_filtered;structurally_curated
hu,v1,1,416,431,megvan,megvan,megvan,unknown,megvan,wordfreq:hu,wordfreq_seeded;deterministically_filtered;structurally_curated
hu,v1,1,417,432,rövid,rövid,rövid,unknown,rövid,wordfreq:hu,wordfreq_seeded;deterministically_filtered;structurally_curated
hu,v1,1,418,433,ti,ti,ti,unknown,ti,wordfreq:hu,wordfreq_seeded;deterministically_filtered;structurally_curated
hu,v1,1,419,434,tökéletes,tökéletes,tökéletes,unknown,tökéletes,wordfreq:hu,wordfreq_seeded;deterministically_filtered;structurally_curated
hu,v1,1,420,435,évben,évben,évben,unknown,évben,wordfreq:hu,wordfreq_seeded;deterministically_filtered;structurally_curated
hu,v1,1,421,436,évek,évek,évek,unknown,évek,wordfreq:hu,wordfreq_seeded;deterministically_filtered;structurally_curated
hu,v1,1,422,437,európa,európa,európa,unknown,európa,wordfreq:hu,wordfreq_seeded;deterministically_filtered;structurally_curated
hu,v1,1,423,438,hatalmas,hatalmas,hatalmas,unknown,hatalmas,wordfreq:hu,wordfreq_seeded;deterministically_filtered;structurally_curated
hu,v1,1,424,439,helyi,helyi,helyi,unknown,helyi,wordfreq:hu,wordfreq_seeded;deterministically_filtered;structurally_curated
hu,v1,1,425,440,lévő,lévő,lévő,unknown,lévő,wordfreq:hu,wordfreq_seeded;deterministically_filtered;structurally_curated
hu,v1,1,426,441,ment,ment,ment,unknown,ment,wordfreq:hu,wordfreq_seeded;deterministically_filtered;structurally_curated
hu,v1,1,427,442,minket,minket,minket,unknown,minket,wordfreq:hu,wordfreq_seeded;deterministically_filtered;structurally_curated
hu,v1,1,428,443,o,o,o,unknown,o,wordfreq:hu,wordfreq_seeded;deterministically_filtered;structurally_curated
hu,v1,1,429,444,orosz,orosz,orosz,unknown,orosz,wordfreq:hu,wordfreq_seeded;deterministically_filtered;structurally_curated
hu,v1,1,430,445,sincs,sincs,sincs,unknown,sincs,wordfreq:hu,wordfreq_seeded;deterministically_filtered;structurally_curated
hu,v1,1,431,446,tudjuk,tudjuk,tudjuk,unknown,tudjuk,wordfreq:hu,wordfreq_seeded;deterministically_filtered;structurally_curated
hu,v1,1,432,447,érzem,érzem,érzem,unknown,érzem,wordfreq:hu,wordfreq_seeded;deterministically_filtered;structurally_curated
hu,v1,1,433,448,boldog,boldog,boldog,unknown,boldog,wordfreq:hu,wordfreq_seeded;deterministically_filtered;structurally_curated
hu,v1,1,434,449,haza,haza,haza,unknown,haza,wordfreq:hu,wordfreq_seeded;deterministically_filtered;structurally_curated
hu,v1,1,435,450,játék,játék,játék,unknown,játék,wordfreq:hu,wordfreq_seeded;deterministically_filtered;structurally_curated
hu,v1,1,436,451,kormány,kormány,kormány,unknown,kormány,wordfreq:hu,wordfreq_seeded;deterministically_filtered;structurally_curated
hu,v1,1,437,452,mennyire,mennyire,mennyire,unknown,mennyire,wordfreq:hu,wordfreq_seeded;deterministically_filtered;structurally_curated
hu,v1,1,438,453,mondom,mondom,mondom,unknown,mondom,wordfreq:hu,wordfreq_seeded;deterministically_filtered;structurally_curated
hu,v1,1,439,454,számos,számos,számos,unknown,számos,wordfreq:hu,wordfreq_seeded;deterministically_filtered;structurally_curated
hu,v1,1,440,455,szóló,szóló,szóló,unknown,szóló,wordfreq:hu,wordfreq_seeded;deterministically_filtered;structurally_curated
hu,v1,1,441,456,tett,tett,tett,unknown,tett,wordfreq:hu,wordfreq_seeded;deterministically_filtered;structurally_curated
hu,v1,1,442,457,u,u,u,unknown,u,wordfreq:hu,wordfreq_seeded;deterministically_filtered;structurally_curated
hu,v1,1,443,458,utca,utca,utca,unknown,utca,wordfreq:hu,wordfreq_seeded;deterministically_filtered;structurally_curated
hu,v1,1,444,459,alig,alig,alig,unknown,alig,wordfreq:hu,wordfreq_seeded;deterministically_filtered;structurally_curated
hu,v1,1,445,460,annyi,annyi,annyi,unknown,annyi,wordfreq:hu,wordfreq_seeded;deterministically_filtered;structurally_curated
hu,v1,1,446,461,anya,anya,anya,unknown,anya,wordfreq:hu,wordfreq_seeded;deterministically_filtered;structurally_curated
hu,v1,1,447,462,egyszerű,egyszerű,egyszerű,unknown,egyszerű,wordfreq:hu,wordfreq_seeded;deterministically_filtered;structurally_curated
hu,v1,1,448,463,erős,erős,erős,unknown,erős,wordfreq:hu,wordfreq_seeded;deterministically_filtered;structurally_curated
hu,v1,1,449,464,kérdés,kérdés,kérdés,unknown,kérdés,wordfreq:hu,wordfreq_seeded;deterministically_filtered;structurally_curated
hu,v1,1,450,465,közös,közös,közös,unknown,közös,wordfreq:hu,wordfreq_seeded;deterministically_filtered;structurally_curated
hu,v1,1,451,466,magas,magas,magas,unknown,magas,wordfreq:hu,wordfreq_seeded;deterministically_filtered;structurally_curated
hu,v1,1,452,467,majdnem,majdnem,majdnem,unknown,majdnem,wordfreq:hu,wordfreq_seeded;deterministically_filtered;structurally_curated
hu,v1,1,453,468,rám,rám,rám,unknown,rám,wordfreq:hu,wordfreq_seeded;deterministically_filtered;structurally_curated
hu,v1,1,454,469,szeretem,szeretem,szeretem,unknown,szeretem,wordfreq:hu,wordfreq_seeded;deterministically_filtered;structurally_curated
hu,v1,1,455,470,tudni,tudni,tudni,unknown,tudni,wordfreq:hu,wordfreq_seeded;deterministically_filtered;structurally_curated
hu,v1,1,456,471,tól,tól,tól,unknown,tól,wordfreq:hu,wordfreq_seeded;deterministically_filtered;structurally_curated
hu,v1,1,457,472,vált,vált,vált,unknown,vált,wordfreq:hu,wordfreq_seeded;deterministically_filtered;structurally_curated
hu,v1,1,458,473,általában,általában,általában,unknown,általában,wordfreq:hu,wordfreq_seeded;deterministically_filtered;structurally_curated
hu,v1,1,459,474,ám,ám,ám,unknown,ám,wordfreq:hu,wordfreq_seeded;deterministically_filtered;structurally_curated
hu,v1,1,460,475,akinek,akinek,akinek,unknown,akinek,wordfreq:hu,wordfreq_seeded;deterministically_filtered;structurally_curated
hu,v1,1,461,476,család,család,család,unknown,család,wordfreq:hu,wordfreq_seeded;deterministically_filtered;structurally_curated
hu,v1,1,462,477,ebből,ebből,ebből,unknown,ebből,wordfreq:hu,wordfreq_seeded;deterministically_filtered;structurally_curated
hu,v1,1,463,478,egyedül,egyedül,egyedül,unknown,egyedül,wordfreq:hu,wordfreq_seeded;deterministically_filtered;structurally_curated
hu,v1,1,464,479,egyéb,egyéb,egyéb,unknown,egyéb,wordfreq:hu,wordfreq_seeded;deterministically_filtered;structurally_curated
hu,v1,1,465,480,egészen,egészen,egészen,unknown,egészen,wordfreq:hu,wordfreq_seeded;deterministically_filtered;structurally_curated
hu,v1,1,466,481,gyönyörű,gyönyörű,gyönyörű,unknown,gyönyörű,wordfreq:hu,wordfreq_seeded;deterministically_filtered;structurally_curated
hu,v1,1,467,482,helyett,helyett,helyett,unknown,helyett,wordfreq:hu,wordfreq_seeded;deterministically_filtered;structurally_curated
hu,v1,1,468,483,jár,jár,jár,unknown,jár,wordfreq:hu,wordfreq_seeded;deterministically_filtered;structurally_curated
hu,v1,1,469,484,október,október,október,unknown,október,wordfreq:hu,wordfreq_seeded;deterministically_filtered;structurally_curated
hu,v1,1,470,485,otthon,otthon,otthon,unknown,otthon,wordfreq:hu,wordfreq_seeded;deterministically_filtered;structurally_curated
hu,v1,1,471,486,ra,ra,ra,unknown,ra,wordfreq:hu,wordfreq_seeded;deterministically_filtered;structurally_curated
hu,v1,1,472,487,sorozat,sorozat,sorozat,unknown,sorozat,wordfreq:hu,wordfreq_seeded;deterministically_filtered;structurally_curated
hu,v1,1,473,488,sosem,sosem,sosem,unknown,sosem,wordfreq:hu,wordfreq_seeded;deterministically_filtered;structurally_curated
hu,v1,1,474,489,szinte,szinte,szinte,unknown,szinte,wordfreq:hu,wordfreq_seeded;deterministically_filtered;structurally_curated
hu,v1,1,475,490,érdekes,érdekes,érdekes,unknown,érdekes,wordfreq:hu,wordfreq_seeded;deterministically_filtered;structurally_curated
hu,v1,1,476,491,and,and,and,unknown,and,wordfreq:hu,wordfreq_seeded;deterministically_filtered;structurally_curated
hu,v1,1,477,492,belőle,belőle,belőle,unknown,belőle,wordfreq:hu,wordfreq_seeded;deterministically_filtered;structurally_curated
hu,v1,1,478,493,egyet,egyet,egyet,unknown,egyet,wordfreq:hu,wordfreq_seeded;deterministically_filtered;structurally_curated
hu,v1,1,479,494,fiatal,fiatal,fiatal,unknown,fiatal,wordfreq:hu,wordfreq_seeded;deterministically_filtered;structurally_curated
hu,v1,1,480,495,iskola,iskola,iskola,unknown,iskola,wordfreq:hu,wordfreq_seeded;deterministically_filtered;structurally_curated
hu,v1,1,481,496,komoly,komoly,komoly,unknown,komoly,wordfreq:hu,wordfreq_seeded;deterministically_filtered;structurally_curated
hu,v1,1,482,497,nekünk,nekünk,nekünk,unknown,nekünk,wordfreq:hu,wordfreq_seeded;deterministically_filtered;structurally_curated
hu,v1,1,483,498,szól,szól,szól,unknown,szól,wordfreq:hu,wordfreq_seeded;deterministically_filtered;structurally_curated
hu,v1,1,484,499,tart,tart,tart,unknown,tart,wordfreq:hu,wordfreq_seeded;deterministically_filtered;structurally_curated
hu,v1,1,485,500,től,től,től,unknown,től,wordfreq:hu,wordfreq_seeded;deterministically_filtered;structurally_curated
hu,v1,1,486,501,ugyan,ugyan,ugyan,unknown,ugyan,wordfreq:hu,wordfreq_seeded;deterministically_filtered;structurally_curated
hu,v1,1,487,502,álló,álló,álló,unknown,álló,wordfreq:hu,wordfreq_seeded;deterministically_filtered;structurally_curated
hu,v1,1,488,503,attól,attól,attól,unknown,attól,wordfreq:hu,wordfreq_seeded;deterministically_filtered;structurally_curated
hu,v1,1,489,504,azokat,azokat,azokat,unknown,azokat,wordfreq:hu,wordfreq_seeded;deterministically_filtered;structurally_curated
hu,v1,1,490,505,azonnal,azonnal,azonnal,unknown,azonnal,wordfreq:hu,wordfreq_seeded;deterministically_filtered;structurally_curated
hu,v1,1,491,506,budapesten,budapesten,budapesten,unknown,budapesten,wordfreq:hu,wordfreq_seeded;deterministically_filtered;structurally_curated
hu,v1,1,492,507,egyébként,egyébként,egyébként,unknown,egyébként,wordfreq:hu,wordfreq_seeded;deterministically_filtered;structurally_curated
hu,v1,1,493,508,ehhez,ehhez,ehhez,unknown,ehhez,wordfreq:hu,wordfreq_seeded;deterministically_filtered;structurally_curated
hu,v1,1,494,509,elleni,elleni,elleni,unknown,elleni,wordfreq:hu,wordfreq_seeded;deterministically_filtered;structurally_curated
hu,v1,1,495,510,gyerek,gyerek,gyerek,unknown,gyerek,wordfreq:hu,wordfreq_seeded;deterministically_filtered;structurally_curated
hu,v1,1,496,511,hely,hely,hely,unknown,hely,wordfreq:hu,wordfreq_seeded;deterministically_filtered;structurally_curated
hu,v1,1,497,512,jelenleg,jelenleg,jelenleg,unknown,jelenleg,wordfreq:hu,wordfreq_seeded;deterministically_filtered;structurally_curated
hu,v1,1,498,513,múlva,múlva,múlva,unknown,múlva,wordfreq:hu,wordfreq_seeded;deterministically_filtered;structurally_curated
hu,v1,1,499,514,nek,nek,nek,unknown,nek,wordfreq:hu,wordfreq_seeded;deterministically_filtered;structurally_curated
hu,v1,1,500,515,szintén,szintén,szintén,unknown,szintén,wordfreq:hu,wordfreq_seeded;deterministically_filtered;structurally_curated
hu,v1,1,501,516,szépen,szépen,szépen,unknown,szépen,wordfreq:hu,wordfreq_seeded;deterministically_filtered;structurally_curated
hu,v1,1,502,517,tamás,tamás,tamás,unknown,tamás,wordfreq:hu,wordfreq_seeded;deterministically_filtered;structurally_curated
hu,v1,1,503,518,amelyek,amelyek,amelyek,unknown,amelyek,wordfreq:hu,wordfreq_seeded;deterministically_filtered;structurally_curated
hu,v1,1,504,519,en,en,en,unknown,en,wordfreq:hu,wordfreq_seeded;deterministically_filtered;structurally_curated
hu,v1,1,505,520,esetleg,esetleg,esetleg,unknown,esetleg,wordfreq:hu,wordfreq_seeded;deterministically_filtered;structurally_curated
hu,v1,1,506,521,g,g,g,unknown,g,wordfreq:hu,wordfreq_seeded;deterministically_filtered;structurally_curated
hu,v1,1,507,522,gyerekek,gyerekek,gyerekek,unknown,gyerekek,wordfreq:hu,wordfreq_seeded;deterministically_filtered;structurally_curated
hu,v1,1,508,523,hasonló,hasonló,hasonló,unknown,hasonló,wordfreq:hu,wordfreq_seeded;deterministically_filtered;structurally_curated
hu,v1,1,509,525,ideje,ideje,ideje,unknown,ideje,wordfreq:hu,wordfreq_seeded;deterministically_filtered;structurally_curated
hu,v1,1,510,526,maradt,maradt,maradt,unknown,maradt,wordfreq:hu,wordfreq_seeded;deterministically_filtered;structurally_curated
hu,v1,1,511,527,mondja,mondja,mondja,unknown,mondja,wordfreq:hu,wordfreq_seeded;deterministically_filtered;structurally_curated
hu,v1,1,512,528,született,született,született,unknown,született,wordfreq:hu,wordfreq_seeded;deterministically_filtered;structurally_curated
hu,v1,1,513,529,tenni,tenni,tenni,unknown,tenni,wordfreq:hu,wordfreq_seeded;deterministically_filtered;structurally_curated
hu,v1,1,514,530,akarom,akarom,akarom,unknown,akarom,wordfreq:hu,wordfreq_seeded;deterministically_filtered;structurally_curated
hu,v1,1,515,531,családi,családi,családi,unknown,családi,wordfreq:hu,wordfreq_seeded;deterministically_filtered;structurally_curated
hu,v1,1,516,532,egyáltalán,egyáltalán,egyáltalán,unknown,egyáltalán,wordfreq:hu,wordfreq_seeded;deterministically_filtered;structurally_curated
hu,v1,1,517,533,erről,erről,erről,unknown,erről,wordfreq:hu,wordfreq_seeded;deterministically_filtered;structurally_curated
hu,v1,1,518,534,főleg,főleg,főleg,unknown,főleg,wordfreq:hu,wordfreq_seeded;deterministically_filtered;structurally_curated
hu,v1,1,519,535,hazai,hazai,hazai,unknown,hazai,wordfreq:hu,wordfreq_seeded;deterministically_filtered;structurally_curated
hu,v1,1,520,536,jutott,jutott,jutott,unknown,jutott,wordfreq:hu,wordfreq_seeded;deterministically_filtered;structurally_curated
hu,v1,1,521,537,körül,körül,körül,unknown,körül,wordfreq:hu,wordfreq_seeded;deterministically_filtered;structurally_curated
hu,v1,1,522,538,követően,követően,követően,unknown,követően,wordfreq:hu,wordfreq_seeded;deterministically_filtered;structurally_curated
hu,v1,1,523,539,látni,látni,látni,unknown,látni,wordfreq:hu,wordfreq_seeded;deterministically_filtered;structurally_curated
hu,v1,1,524,540,napon,napon,napon,unknown,napon,wordfreq:hu,wordfreq_seeded;deterministically_filtered;structurally_curated
hu,v1,1,525,541,nyári,nyári,nyári,unknown,nyári,wordfreq:hu,wordfreq_seeded;deterministically_filtered;structurally_curated
hu,v1,1,526,542,ok,ok,ok,unknown,ok,wordfreq:hu,wordfreq_seeded;deterministically_filtered;structurally_curated
hu,v1,1,527,543,pontosan,pontosan,pontosan,unknown,pontosan,wordfreq:hu,wordfreq_seeded;deterministically_filtered;structurally_curated
hu,v1,1,528,544,r,r,r,unknown,r,wordfreq:hu,wordfreq_seeded;deterministically_filtered;structurally_curated
hu,v1,1,529,545,stb,stb,stb,unknown,stb,wordfreq:hu,wordfreq_seeded;deterministically_filtered;structurally_curated
hu,v1,1,530,546,szemben,szemben,szemben,unknown,szemben,wordfreq:hu,wordfreq_seeded;deterministically_filtered;structurally_curated
hu,v1,1,531,547,történik,történik,történik,unknown,történik,wordfreq:hu,wordfreq_seeded;deterministically_filtered;structurally_curated
hu,v1,1,532,548,vár,vár,vár,unknown,vár,wordfreq:hu,wordfreq_seeded;deterministically_filtered;structurally_curated
hu,v1,1,533,549,érte,érte,érte,unknown,érte,wordfreq:hu,wordfreq_seeded;deterministically_filtered;structurally_curated
hu,v1,1,534,550,évvel,évvel,évvel,unknown,évvel,wordfreq:hu,wordfreq_seeded;deterministically_filtered;structurally_curated
hu,v1,1,535,551,fogja,fogja,fogja,unknown,fogja,wordfreq:hu,wordfreq_seeded;deterministically_filtered;structurally_curated
hu,v1,1,536,552,helyet,helyet,helyet,unknown,helyet,wordfreq:hu,wordfreq_seeded;deterministically_filtered;structurally_curated
hu,v1,1,537,553,időben,időben,időben,unknown,időben,wordfreq:hu,wordfreq_seeded;deterministically_filtered;structurally_curated
hu,v1,1,538,554,marad,marad,marad,unknown,marad,wordfreq:hu,wordfreq_seeded;deterministically_filtered;structurally_curated
hu,v1,1,539,555,to,to,to,unknown,to,wordfreq:hu,wordfreq_seeded;deterministically_filtered;structurally_curated
hu,v1,1,540,556,tv,tv,tv,unknown,tv,wordfreq:hu,wordfreq_seeded;deterministically_filtered;structurally_curated
hu,v1,1,541,557,valószínűleg,valószínűleg,valószínűleg,unknown,valószínűleg,wordfreq:hu,wordfreq_seeded;deterministically_filtered;structurally_curated
hu,v1,1,542,558,venni,venni,venni,unknown,venni,wordfreq:hu,wordfreq_seeded;deterministically_filtered;structurally_curated
hu,v1,1,543,559,állami,állami,állami,unknown,állami,wordfreq:hu,wordfreq_seeded;deterministically_filtered;structurally_curated
hu,v1,1,544,560,érdemes,érdemes,érdemes,unknown,érdemes,wordfreq:hu,wordfreq_seeded;deterministically_filtered;structurally_curated
hu,v1,1,545,561,adatok,adatok,adatok,unknown,adatok,wordfreq:hu,wordfreq_seeded;deterministically_filtered;structurally_curated
hu,v1,1,546,562,akartam,akartam,akartam,unknown,akartam,wordfreq:hu,wordfreq_seeded;deterministically_filtered;structurally_curated
hu,v1,1,547,563,eredeti,eredeti,eredeti,unknown,eredeti,wordfreq:hu,wordfreq_seeded;deterministically_filtered;structurally_curated
hu,v1,1,548,564,fiú,fiú,fiú,unknown,fiú,wordfreq:hu,wordfreq_seeded;deterministically_filtered;structurally_curated
hu,v1,1,549,565,francia,francia,francia,unknown,francia,wordfreq:hu,wordfreq_seeded;deterministically_filtered;structurally_curated
hu,v1,1,550,566,gondoltam,gondoltam,gondoltam,unknown,gondoltam,wordfreq:hu,wordfreq_seeded;deterministically_filtered;structurally_curated
hu,v1,1,551,567,hamarosan,hamarosan,hamarosan,unknown,hamarosan,wordfreq:hu,wordfreq_seeded;deterministically_filtered;structurally_curated
hu,v1,1,552,568,józsef,józsef,józsef,unknown,józsef,wordfreq:hu,wordfreq_seeded;deterministically_filtered;structurally_curated
hu,v1,1,553,569,kész,kész,kész,unknown,kész,wordfreq:hu,wordfreq_seeded;deterministically_filtered;structurally_curated
hu,v1,1,554,570,közé,közé,közé,unknown,közé,wordfreq:hu,wordfreq_seeded;deterministically_filtered;structurally_curated
hu,v1,1,555,571,különleges,különleges,különleges,unknown,különleges,wordfreq:hu,wordfreq_seeded;deterministically_filtered;structurally_curated
hu,v1,1,556,572,lehetett,lehetett,lehetett,unknown,lehetett,wordfreq:hu,wordfreq_seeded;deterministically_filtered;structurally_curated
hu,v1,1,557,573,napot,napot,napot,unknown,napot,wordfreq:hu,wordfreq_seeded;deterministically_filtered;structurally_curated
hu,v1,1,558,574,nekik,nekik,nekik,unknown,nekik,wordfreq:hu,wordfreq_seeded;deterministically_filtered;structurally_curated
hu,v1,1,559,575,néz,néz,néz,unknown,néz,wordfreq:hu,wordfreq_seeded;deterministically_filtered;structurally_curated
hu,v1,1,560,576,rendszer,rendszer,rendszer,unknown,rendszer,wordfreq:hu,wordfreq_seeded;deterministically_filtered;structurally_curated
hu,v1,1,561,577,rész,rész,rész,unknown,rész,wordfreq:hu,wordfreq_seeded;deterministically_filtered;structurally_curated
hu,v1,1,562,578,szívesen,szívesen,szívesen,unknown,szívesen,wordfreq:hu,wordfreq_seeded;deterministically_filtered;structurally_curated
hu,v1,1,563,579,tette,tette,tette,unknown,tette,wordfreq:hu,wordfreq_seeded;deterministically_filtered;structurally_curated
hu,v1,1,564,580,tettem,tettem,tettem,unknown,tettem,wordfreq:hu,wordfreq_seeded;deterministically_filtered;structurally_curated
hu,v1,1,565,581,zoltán,zoltán,zoltán,unknown,zoltán,wordfreq:hu,wordfreq_seeded;deterministically_filtered;structurally_curated
hu,v1,1,566,582,általános,általános,általános,unknown,általános,wordfreq:hu,wordfreq_seeded;deterministically_filtered;structurally_curated
hu,v1,1,567,583,február,február,február,unknown,február,wordfreq:hu,wordfreq_seeded;deterministically_filtered;structurally_curated
hu,v1,1,568,584,gazdasági,gazdasági,gazdasági,unknown,gazdasági,wordfreq:hu,wordfreq_seeded;deterministically_filtered;structurally_curated
hu,v1,1,569,585,gyakran,gyakran,gyakran,unknown,gyakran,wordfreq:hu,wordfreq_seeded;deterministically_filtered;structurally_curated
hu,v1,1,570,586,kisebb,kisebb,kisebb,unknown,kisebb,wordfreq:hu,wordfreq_seeded;deterministically_filtered;structurally_curated
hu,v1,1,571,587,mindenkinek,mindenkinek,mindenkinek,unknown,mindenkinek,wordfreq:hu,wordfreq_seeded;deterministically_filtered;structurally_curated
hu,v1,1,572,588,oldalon,oldalon,oldalon,unknown,oldalon,wordfreq:hu,wordfreq_seeded;deterministically_filtered;structurally_curated
hu,v1,1,573,589,pénzt,pénzt,pénzt,unknown,pénzt,wordfreq:hu,wordfreq_seeded;deterministically_filtered;structurally_curated
hu,v1,1,574,590,szeretlek,szeretlek,szeretlek,unknown,szeretlek,wordfreq:hu,wordfreq_seeded;deterministically_filtered;structurally_curated
hu,v1,1,575,591,vagyis,vagyis,vagyis,unknown,vagyis,wordfreq:hu,wordfreq_seeded;deterministically_filtered;structurally_curated
hu,v1,1,576,592,vettem,vettem,vettem,unknown,vettem,wordfreq:hu,wordfreq_seeded;deterministically_filtered;structurally_curated
hu,v1,1,577,593,előre,előre,előre,unknown,előre,wordfreq:hu,wordfreq_seeded;deterministically_filtered;structurally_curated
hu,v1,1,578,594,emberi,emberi,emberi,unknown,emberi,wordfreq:hu,wordfreq_seeded;deterministically_filtered;structurally_curated
hu,v1,1,579,595,hittem,hittem,hittem,unknown,hittem,wordfreq:hu,wordfreq_seeded;deterministically_filtered;structurally_curated
hu,v1,1,580,596,idén,idén,idén,unknown,idén,wordfreq:hu,wordfreq_seeded;deterministically_filtered;structurally_curated
hu,v1,1,581,597,john,john,john,unknown,john,wordfreq:hu,wordfreq_seeded;deterministically_filtered;structurally_curated
hu,v1,1,582,598,kapcsolatban,kapcsolatban,kapcsolatban,unknown,kapcsolatban,wordfreq:hu,wordfreq_seeded;deterministically_filtered;structurally_curated
hu,v1,1,583,599,látható,látható,látható,unknown,látható,wordfreq:hu,wordfreq_seeded;deterministically_filtered;structurally_curated
hu,v1,1,584,600,melyik,melyik,melyik,unknown,melyik,wordfreq:hu,wordfreq_seeded;deterministically_filtered;structurally_curated
hu,v1,1,585,601,mennyi,mennyi,mennyi,unknown,mennyi,wordfreq:hu,wordfreq_seeded;deterministically_filtered;structurally_curated
hu,v1,1,586,602,mondani,mondani,mondani,unknown,mondani,wordfreq:hu,wordfreq_seeded;deterministically_filtered;structurally_curated
hu,v1,1,587,603,sokan,sokan,sokan,unknown,sokan,wordfreq:hu,wordfreq_seeded;deterministically_filtered;structurally_curated
hu,v1,1,588,604,sz,sz,sz,unknown,sz,wordfreq:hu,wordfreq_seeded;deterministically_filtered;structurally_curated
hu,v1,1,589,605,szám,szám,szám,unknown,szám,wordfreq:hu,wordfreq_seeded;deterministically_filtered;structurally_curated
hu,v1,1,590,606,él,él,él,unknown,él,wordfreq:hu,wordfreq_seeded;deterministically_filtered;structurally_curated
hu,v1,1,591,608,azaz,azaz,azaz,unknown,azaz,wordfreq:hu,wordfreq_seeded;deterministically_filtered;structurally_curated
hu,v1,1,592,609,dolgok,dolgok,dolgok,unknown,dolgok,wordfreq:hu,wordfreq_seeded;deterministically_filtered;structurally_curated
hu,v1,1,593,610,ellenére,ellenére,ellenére,unknown,ellenére,wordfreq:hu,wordfreq_seeded;deterministically_filtered;structurally_curated
hu,v1,1,594,611,ismert,ismert,ismert,unknown,ismert,wordfreq:hu,wordfreq_seeded;deterministically_filtered;structurally_curated
hu,v1,1,595,612,legtöbb,legtöbb,legtöbb,unknown,legtöbb,wordfreq:hu,wordfreq_seeded;deterministically_filtered;structurally_curated
hu,v1,1,596,613,lesznek,lesznek,lesznek,unknown,lesznek,wordfreq:hu,wordfreq_seeded;deterministically_filtered;structurally_curated
hu,v1,1,597,614,megjelent,megjelent,megjelent,unknown,megjelent,wordfreq:hu,wordfreq_seeded;deterministically_filtered;structurally_curated
hu,v1,1,598,615,olasz,olasz,olasz,unknown,olasz,wordfreq:hu,wordfreq_seeded;deterministically_filtered;structurally_curated
hu,v1,1,599,616,sándor,sándor,sándor,unknown,sándor,wordfreq:hu,wordfreq_seeded;deterministically_filtered;structurally_curated
hu,v1,1,600,617,tér,tér,tér,unknown,tér,wordfreq:hu,wordfreq_seeded;deterministically_filtered;structurally_curated
hu,v1,1,601,618,alábbi,alábbi,alábbi,unknown,alábbi,wordfreq:hu,wordfreq_seeded;deterministically_filtered;structurally_curated
hu,v1,1,602,619,annyit,annyit,annyit,unknown,annyit,wordfreq:hu,wordfreq_seeded;deterministically_filtered;structurally_curated
hu,v1,1,603,620,belső,belső,belső,unknown,belső,wordfreq:hu,wordfreq_seeded;deterministically_filtered;structurally_curated
hu,v1,1,604,621,gábor,gábor,gábor,unknown,gábor,wordfreq:hu,wordfreq_seeded;deterministically_filtered;structurally_curated
hu,v1,1,605,622,hiszen,hiszen,hiszen,unknown,hiszen,wordfreq:hu,wordfreq_seeded;deterministically_filtered;structurally_curated
hu,v1,1,606,623,jelenti,jelenti,jelenti,unknown,jelenti,wordfreq:hu,wordfreq_seeded;deterministically_filtered;structurally_curated
hu,v1,1,607,624,kaptam,kaptam,kaptam,unknown,kaptam,wordfreq:hu,wordfreq_seeded;deterministically_filtered;structurally_curated
hu,v1,1,608,625,lassan,lassan,lassan,unknown,lassan,wordfreq:hu,wordfreq_seeded;deterministically_filtered;structurally_curated
hu,v1,1,609,626,magad,magad,magad,unknown,magad,wordfreq:hu,wordfreq_seeded;deterministically_filtered;structurally_curated
hu,v1,1,610,627,meghalt,meghalt,meghalt,unknown,meghalt,wordfreq:hu,wordfreq_seeded;deterministically_filtered;structurally_curated
hu,v1,1,611,628,rengeteg,rengeteg,rengeteg,unknown,rengeteg,wordfreq:hu,wordfreq_seeded;deterministically_filtered;structurally_curated
hu,v1,1,612,629,tőle,tőle,tőle,unknown,tőle,wordfreq:hu,wordfreq_seeded;deterministically_filtered;structurally_curated
hu,v1,1,613,630,vezető,vezető,vezető,unknown,vezető,wordfreq:hu,wordfreq_seeded;deterministically_filtered;structurally_curated
hu,v1,1,614,631,végig,végig,végig,unknown,végig,wordfreq:hu,wordfreq_seeded;deterministically_filtered;structurally_curated
hu,v1,1,615,632,z,z,z,unknown,z,wordfreq:hu,wordfreq_seeded;deterministically_filtered;structurally_curated
hu,v1,1,616,633,ilyet,ilyet,ilyet,unknown,ilyet,wordfreq:hu,wordfreq_seeded;deterministically_filtered;structurally_curated
hu,v1,1,617,634,lehetséges,lehetséges,lehetséges,unknown,lehetséges,wordfreq:hu,wordfreq_seeded;deterministically_filtered;structurally_curated
hu,v1,1,618,635,látom,látom,látom,unknown,látom,wordfreq:hu,wordfreq_seeded;deterministically_filtered;structurally_curated
hu,v1,1,619,636,mondjuk,mondjuk,mondjuk,unknown,mondjuk,wordfreq:hu,wordfreq_seeded;deterministically_filtered;structurally_curated
hu,v1,1,620,637,május,május,május,unknown,május,wordfreq:hu,wordfreq_seeded;deterministically_filtered;structurally_curated
hu,v1,1,621,638,működik,működik,működik,unknown,működik,wordfreq:hu,wordfreq_seeded;deterministically_filtered;structurally_curated
hu,v1,1,622,639,remek,remek,remek,unknown,remek,wordfreq:hu,wordfreq_seeded;deterministically_filtered;structurally_curated
hu,v1,1,623,640,természetesen,természetesen,természetesen,unknown,természetesen,wordfreq:hu,wordfreq_seeded;deterministically_filtered;structurally_curated
hu,v1,1,624,641,tiszta,tiszta,tiszta,unknown,tiszta,wordfreq:hu,wordfreq_seeded;deterministically_filtered;structurally_curated
hu,v1,1,625,642,tűnik,tűnik,tűnik,unknown,tűnik,wordfreq:hu,wordfreq_seeded;deterministically_filtered;structurally_curated
hu,v1,1,626,643,velünk,velünk,velünk,unknown,velünk,wordfreq:hu,wordfreq_seeded;deterministically_filtered;structurally_curated
hu,v1,1,627,644,írt,írt,írt,unknown,írt,wordfreq:hu,wordfreq_seeded;deterministically_filtered;structurally_curated
hu,v1,1,628,645,alkalommal,alkalommal,alkalommal,unknown,alkalommal,wordfreq:hu,wordfreq_seeded;deterministically_filtered;structurally_curated
hu,v1,1,629,646,amelyet,amelyet,amelyet,unknown,amelyet,wordfreq:hu,wordfreq_seeded;deterministically_filtered;structurally_curated
hu,v1,1,630,647,attila,attila,attila,unknown,attila,wordfreq:hu,wordfreq_seeded;deterministically_filtered;structurally_curated
hu,v1,1,631,648,biztosan,biztosan,biztosan,unknown,biztosan,wordfreq:hu,wordfreq_seeded;deterministically_filtered;structurally_curated
hu,v1,1,632,649,egyetem,egyetem,egyetem,unknown,egyetem,wordfreq:hu,wordfreq_seeded;deterministically_filtered;structurally_curated
hu,v1,1,633,650,előbb,előbb,előbb,unknown,előbb,wordfreq:hu,wordfreq_seeded;deterministically_filtered;structurally_curated
hu,v1,1,634,651,előző,előző,előző,unknown,előző,wordfreq:hu,wordfreq_seeded;deterministically_filtered;structurally_curated
hu,v1,1,635,652,fogom,fogom,fogom,unknown,fogom,wordfreq:hu,wordfreq_seeded;deterministically_filtered;structurally_curated
hu,v1,1,636,653,héten,héten,héten,unknown,héten,wordfreq:hu,wordfreq_seeded;deterministically_filtered;structurally_curated
hu,v1,1,637,654,kínai,kínai,kínai,unknown,kínai,wordfreq:hu,wordfreq_seeded;deterministically_filtered;structurally_curated
hu,v1,1,638,655,megfelelő,megfelelő,megfelelő,unknown,megfelelő,wordfreq:hu,wordfreq_seeded;deterministically_filtered;structurally_curated
hu,v1,1,639,656,megyei,megyei,megyei,unknown,megyei,wordfreq:hu,wordfreq_seeded;deterministically_filtered;structurally_curated
hu,v1,1,640,657,melyek,melyek,melyek,unknown,melyek,wordfreq:hu,wordfreq_seeded;deterministically_filtered;structurally_curated
hu,v1,1,641,658,múlt,múlt,múlt,unknown,múlt,wordfreq:hu,wordfreq_seeded;deterministically_filtered;structurally_curated
hu,v1,1,642,659,napi,napi,napi,unknown,napi,wordfreq:hu,wordfreq_seeded;deterministically_filtered;structurally_curated
hu,v1,1,643,660,nők,nők,nők,unknown,nők,wordfreq:hu,wordfreq_seeded;deterministically_filtered;structurally_curated
hu,v1,1,644,661,pénz,pénz,pénz,unknown,pénz,wordfreq:hu,wordfreq_seeded;deterministically_filtered;structurally_curated
hu,v1,1,645,662,természetes,természetes,természetes,unknown,természetes,wordfreq:hu,wordfreq_seeded;deterministically_filtered;structurally_curated
hu,v1,1,646,663,bizonyos,bizonyos,bizonyos,unknown,bizonyos,wordfreq:hu,wordfreq_seeded;deterministically_filtered;structurally_curated
hu,v1,1,647,664,f,f,f,unknown,f,wordfreq:hu,wordfreq_seeded;deterministically_filtered;structurally_curated
hu,v1,1,648,665,kor,kor,kor,unknown,kor,wordfreq:hu,wordfreq_seeded;deterministically_filtered;structurally_curated
hu,v1,1,649,666,könnyű,könnyű,könnyű,unknown,könnyű,wordfreq:hu,wordfreq_seeded;deterministically_filtered;structurally_curated
hu,v1,1,650,667,köszi,köszi,köszi,unknown,köszi,wordfreq:hu,wordfreq_seeded;deterministically_filtered;structurally_curated
hu,v1,1,651,668,lehetne,lehetne,lehetne,unknown,lehetne,wordfreq:hu,wordfreq_seeded;deterministically_filtered;structurally_curated
hu,v1,1,652,669,nyert,nyert,nyert,unknown,nyert,wordfreq:hu,wordfreq_seeded;deterministically_filtered;structurally_curated
hu,v1,1,653,670,oldal,oldal,oldal,unknown,oldal,wordfreq:hu,wordfreq_seeded;deterministically_filtered;structurally_curated
hu,v1,1,654,671,politikai,politikai,politikai,unknown,politikai,wordfreq:hu,wordfreq_seeded;deterministically_filtered;structurally_curated
hu,v1,1,655,672,tudunk,tudunk,tudunk,unknown,tudunk,wordfreq:hu,wordfreq_seeded;deterministically_filtered;structurally_curated
hu,v1,1,656,673,vajon,vajon,vajon,unknown,vajon,wordfreq:hu,wordfreq_seeded;deterministically_filtered;structurally_curated
hu,v1,1,657,674,víz,víz,víz,unknown,víz,wordfreq:hu,wordfreq_seeded;deterministically_filtered;structurally_curated
hu,v1,1,658,675,úton,úton,úton,unknown,úton,wordfreq:hu,wordfreq_seeded;deterministically_filtered;structurally_curated
hu,v1,1,659,676,csodálatos,csodálatos,csodálatos,unknown,csodálatos,wordfreq:hu,wordfreq_seeded;deterministically_filtered;structurally_curated
hu,v1,1,660,677,embert,embert,embert,unknown,embert,wordfreq:hu,wordfreq_seeded;deterministically_filtered;structurally_curated
hu,v1,1,661,678,gondolom,gondolom,gondolom,unknown,gondolom,wordfreq:hu,wordfreq_seeded;deterministically_filtered;structurally_curated
hu,v1,1,662,679,hülye,hülye,hülye,unknown,hülye,wordfreq:hu,wordfreq_seeded;deterministically_filtered;structurally_curated
hu,v1,1,663,680,kerül,kerül,kerül,unknown,kerül,wordfreq:hu,wordfreq_seeded;deterministically_filtered;structurally_curated
hu,v1,1,664,681,korábbi,korábbi,korábbi,unknown,korábbi,wordfreq:hu,wordfreq_seeded;deterministically_filtered;structurally_curated
hu,v1,1,665,682,képek,képek,képek,unknown,képek,wordfreq:hu,wordfreq_seeded;deterministically_filtered;structurally_curated
hu,v1,1,666,683,mindjárt,mindjárt,mindjárt,unknown,mindjárt,wordfreq:hu,wordfreq_seeded;deterministically_filtered;structurally_curated
hu,v1,1,667,684,november,november,november,unknown,november,wordfreq:hu,wordfreq_seeded;deterministically_filtered;structurally_curated
hu,v1,1,668,685,oké,oké,oké,unknown,oké,wordfreq:hu,wordfreq_seeded;deterministically_filtered;structurally_curated
hu,v1,1,669,686,sor,sor,sor,unknown,sor,wordfreq:hu,wordfreq_seeded;deterministically_filtered;structurally_curated
hu,v1,1,670,687,utóbbi,utóbbi,utóbbi,unknown,utóbbi,wordfreq:hu,wordfreq_seeded;deterministically_filtered;structurally_curated
hu,v1,1,671,688,valóban,valóban,valóban,unknown,valóban,wordfreq:hu,wordfreq_seeded;deterministically_filtered;structurally_curated
hu,v1,1,672,689,vicces,vicces,vicces,unknown,vicces,wordfreq:hu,wordfreq_seeded;deterministically_filtered;structurally_curated
hu,v1,1,673,690,zöld,zöld,zöld,unknown,zöld,wordfreq:hu,wordfreq_seeded;deterministically_filtered;structurally_curated
hu,v1,1,674,691,ad,ad,ad,unknown,ad,wordfreq:hu,wordfreq_seeded;deterministically_filtered;structurally_curated
hu,v1,1,675,692,arany,arany,arany,unknown,arany,wordfreq:hu,wordfreq_seeded;deterministically_filtered;structurally_curated
hu,v1,1,676,693,azóta,azóta,azóta,unknown,azóta,wordfreq:hu,wordfreq_seeded;deterministically_filtered;structurally_curated
hu,v1,1,677,694,gyere,gyere,gyere,unknown,gyere,wordfreq:hu,wordfreq_seeded;deterministically_filtered;structurally_curated
hu,v1,1,678,695,györgy,györgy,györgy,unknown,györgy,wordfreq:hu,wordfreq_seeded;deterministically_filtered;structurally_curated
hu,v1,1,679,696,közötti,közötti,közötti,unknown,közötti,wordfreq:hu,wordfreq_seeded;deterministically_filtered;structurally_curated
hu,v1,1,680,697,külön,külön,külön,unknown,külön,wordfreq:hu,wordfreq_seeded;deterministically_filtered;structurally_curated
hu,v1,1,681,698,meleg,meleg,meleg,unknown,meleg,wordfreq:hu,wordfreq_seeded;deterministically_filtered;structurally_curated
hu,v1,1,682,699,téged,téged,téged,unknown,téged,wordfreq:hu,wordfreq_seeded;deterministically_filtered;structurally_curated
hu,v1,1,683,700,tíz,tíz,tíz,unknown,tíz,wordfreq:hu,wordfreq_seeded;deterministically_filtered;structurally_curated
hu,v1,1,684,701,állt,állt,állt,unknown,állt,wordfreq:hu,wordfreq_seeded;deterministically_filtered;structurally_curated
hu,v1,1,685,702,éjjel,éjjel,éjjel,unknown,éjjel,wordfreq:hu,wordfreq_seeded;deterministically_filtered;structurally_curated
hu,v1,1,686,703,érdekel,érdekel,érdekel,unknown,érdekel,wordfreq:hu,wordfreq_seeded;deterministically_filtered;structurally_curated
hu,v1,1,687,704,úr,úr,úr,unknown,úr,wordfreq:hu,wordfreq_seeded;deterministically_filtered;structurally_curated
hu,v1,1,688,705,dolgot,dolgot,dolgot,unknown,dolgot,wordfreq:hu,wordfreq_seeded;deterministically_filtered;structurally_curated
hu,v1,1,689,706,díjat,díjat,díjat,unknown,díjat,wordfreq:hu,wordfreq_seeded;deterministically_filtered;structurally_curated
hu,v1,1,690,707,ennyire,ennyire,ennyire,unknown,ennyire,wordfreq:hu,wordfreq_seeded;deterministically_filtered;structurally_curated
hu,v1,1,691,708,ennél,ennél,ennél,unknown,ennél,wordfreq:hu,wordfreq_seeded;deterministically_filtered;structurally_curated
hu,v1,1,692,709,ettől,ettől,ettől,unknown,ettől,wordfreq:hu,wordfreq_seeded;deterministically_filtered;structurally_curated
hu,v1,1,693,710,jelentős,jelentős,jelentős,unknown,jelentős,wordfreq:hu,wordfreq_seeded;deterministically_filtered;structurally_curated
hu,v1,1,694,711,lajos,lajos,lajos,unknown,lajos,wordfreq:hu,wordfreq_seeded;deterministically_filtered;structurally_curated
hu,v1,1,695,712,no,no,no,unknown,no,wordfreq:hu,wordfreq_seeded;deterministically_filtered;structurally_curated
hu,v1,1,696,713,ot,ot,ot,unknown,ot,wordfreq:hu,wordfreq_seeded;deterministically_filtered;structurally_curated
hu,v1,1,697,714,program,program,program,unknown,program,wordfreq:hu,wordfreq_seeded;deterministically_filtered;structurally_curated
hu,v1,1,698,715,segít,segít,segít,unknown,segít,wordfreq:hu,wordfreq_seeded;deterministically_filtered;structurally_curated
hu,v1,1,699,716,tartozik,tartozik,tartozik,unknown,tartozik,wordfreq:hu,wordfreq_seeded;deterministically_filtered;structurally_curated
hu,v1,1,700,717,tesz,tesz,tesz,unknown,tesz,wordfreq:hu,wordfreq_seeded;deterministically_filtered;structurally_curated
hu,v1,1,701,718,tudják,tudják,tudják,unknown,tudják,wordfreq:hu,wordfreq_seeded;deterministically_filtered;structurally_curated
hu,v1,1,702,719,tudsz,tudsz,tudsz,unknown,tudsz,wordfreq:hu,wordfreq_seeded;deterministically_filtered;structurally_curated
hu,v1,1,703,720,vett,vett,vett,unknown,vett,wordfreq:hu,wordfreq_seeded;deterministically_filtered;structurally_curated
hu,v1,1,704,721,beteg,beteg,beteg,unknown,beteg,wordfreq:hu,wordfreq_seeded;deterministically_filtered;structurally_curated
hu,v1,1,705,722,kemény,kemény,kemény,unknown,kemény,wordfreq:hu,wordfreq_seeded;deterministically_filtered;structurally_curated
hu,v1,1,706,723,kép,kép,kép,unknown,kép,wordfreq:hu,wordfreq_seeded;deterministically_filtered;structurally_curated
hu,v1,1,707,724,külső,külső,külső,unknown,külső,wordfreq:hu,wordfreq_seeded;deterministically_filtered;structurally_curated
hu,v1,1,708,725,látszik,látszik,látszik,unknown,látszik,wordfreq:hu,wordfreq_seeded;deterministically_filtered;structurally_curated
hu,v1,1,709,726,mindegy,mindegy,mindegy,unknown,mindegy,wordfreq:hu,wordfreq_seeded;deterministically_filtered;structurally_curated
hu,v1,1,710,727,probléma,probléma,probléma,unknown,probléma,wordfreq:hu,wordfreq_seeded;deterministically_filtered;structurally_curated
hu,v1,1,711,728,rosszul,rosszul,rosszul,unknown,rosszul,wordfreq:hu,wordfreq_seeded;deterministically_filtered;structurally_curated
hu,v1,1,712,729,tartott,tartott,tartott,unknown,tartott,wordfreq:hu,wordfreq_seeded;deterministically_filtered;structurally_curated
hu,v1,1,713,730,véget,véget,véget,unknown,véget,wordfreq:hu,wordfreq_seeded;deterministically_filtered;structurally_curated
hu,v1,1,714,731,annál,annál,annál,unknown,annál,wordfreq:hu,wordfreq_seeded;deterministically_filtered;structurally_curated
hu,v1,1,715,732,dolgozni,dolgozni,dolgozni,unknown,dolgozni,wordfreq:hu,wordfreq_seeded;deterministically_filtered;structurally_curated
hu,v1,1,716,733,ekkor,ekkor,ekkor,unknown,ekkor,wordfreq:hu,wordfreq_seeded;deterministically_filtered;structurally_curated
hu,v1,1,717,734,elnöke,elnöke,elnöke,unknown,elnöke,wordfreq:hu,wordfreq_seeded;deterministically_filtered;structurally_curated
hu,v1,1,718,735,elsősorban,elsősorban,elsősorban,unknown,elsősorban,wordfreq:hu,wordfreq_seeded;deterministically_filtered;structurally_curated
hu,v1,1,719,736,fognak,fognak,fognak,unknown,fognak,wordfreq:hu,wordfreq_seeded;deterministically_filtered;structurally_curated
hu,v1,1,720,737,j,j,j,unknown,j,wordfreq:hu,wordfreq_seeded;deterministically_filtered;structurally_curated
hu,v1,1,721,738,kap,kap,kap,unknown,kap,wordfreq:hu,wordfreq_seeded;deterministically_filtered;structurally_curated
hu,v1,1,722,739,kevés,kevés,kevés,unknown,kevés,wordfreq:hu,wordfreq_seeded;deterministically_filtered;structurally_curated
hu,v1,1,723,740,modern,modern,modern,unknown,modern,wordfreq:hu,wordfreq_seeded;deterministically_filtered;structurally_curated
hu,v1,1,724,741,szükséges,szükséges,szükséges,unknown,szükséges,wordfreq:hu,wordfreq_seeded;deterministically_filtered;structurally_curated
hu,v1,1,725,742,sőt,sőt,sőt,unknown,sőt,wordfreq:hu,wordfreq_seeded;deterministically_filtered;structurally_curated
hu,v1,1,726,743,történet,történet,történet,unknown,történet,wordfreq:hu,wordfreq_seeded;deterministically_filtered;structurally_curated
hu,v1,1,727,744,veled,veled,veled,unknown,veled,wordfreq:hu,wordfreq_seeded;deterministically_filtered;structurally_curated
hu,v1,1,728,745,örülök,örülök,örülök,unknown,örülök,wordfreq:hu,wordfreq_seeded;deterministically_filtered;structurally_curated
hu,v1,1,729,746,csinálni,csinálni,csinálni,unknown,csinálni,wordfreq:hu,wordfreq_seeded;deterministically_filtered;structurally_curated
hu,v1,1,730,747,egyben,egyben,egyben,unknown,egyben,wordfreq:hu,wordfreq_seeded;deterministically_filtered;structurally_curated
hu,v1,1,731,748,elején,elején,elején,unknown,elején,wordfreq:hu,wordfreq_seeded;deterministically_filtered;structurally_curated
hu,v1,1,732,749,elnök,elnök,elnök,unknown,elnök,wordfreq:hu,wordfreq_seeded;deterministically_filtered;structurally_curated
hu,v1,1,733,750,finom,finom,finom,unknown,finom,wordfreq:hu,wordfreq_seeded;deterministically_filtered;structurally_curated
hu,v1,1,734,751,folyamatosan,folyamatosan,folyamatosan,unknown,folyamatosan,wordfreq:hu,wordfreq_seeded;deterministically_filtered;structurally_curated
hu,v1,1,735,752,igazából,igazából,igazából,unknown,igazából,wordfreq:hu,wordfreq_seeded;deterministically_filtered;structurally_curated
hu,v1,1,736,753,ingyenes,ingyenes,ingyenes,unknown,ingyenes,wordfreq:hu,wordfreq_seeded;deterministically_filtered;structurally_curated
hu,v1,1,737,754,jaj,jaj,jaj,unknown,jaj,wordfreq:hu,wordfreq_seeded;deterministically_filtered;structurally_curated
hu,v1,1,738,755,január,január,január,unknown,január,wordfreq:hu,wordfreq_seeded;deterministically_filtered;structurally_curated
hu,v1,1,739,756,jelenlegi,jelenlegi,jelenlegi,unknown,jelenlegi,wordfreq:hu,wordfreq_seeded;deterministically_filtered;structurally_curated
hu,v1,1,740,757,jövő,jövő,jövő,unknown,jövő,wordfreq:hu,wordfreq_seeded;deterministically_filtered;structurally_curated
hu,v1,1,741,758,kicsi,kicsi,kicsi,unknown,kicsi,wordfreq:hu,wordfreq_seeded;deterministically_filtered;structurally_curated
hu,v1,1,742,759,kérlek,kérlek,kérlek,unknown,kérlek,wordfreq:hu,wordfreq_seeded;deterministically_filtered;structurally_curated
hu,v1,1,743,760,magyarok,magyarok,magyarok,unknown,magyarok,wordfreq:hu,wordfreq_seeded;deterministically_filtered;structurally_curated
hu,v1,1,744,761,sport,sport,sport,unknown,sport,wordfreq:hu,wordfreq_seeded;deterministically_filtered;structurally_curated
hu,v1,1,745,762,szabó,szabó,szabó,unknown,szabó,wordfreq:hu,wordfreq_seeded;deterministically_filtered;structurally_curated
hu,v1,1,746,763,ér,ér,ér,unknown,ér,wordfreq:hu,wordfreq_seeded;deterministically_filtered;structurally_curated
hu,v1,1,747,764,úgyhogy,úgyhogy,úgyhogy,unknown,úgyhogy,wordfreq:hu,wordfreq_seeded;deterministically_filtered;structurally_curated
hu,v1,1,748,765,amúgy,amúgy,amúgy,unknown,amúgy,wordfreq:hu,wordfreq_seeded;deterministically_filtered;structurally_curated
hu,v1,1,749,766,autó,autó,autó,unknown,autó,wordfreq:hu,wordfreq_seeded;deterministically_filtered;structurally_curated
hu,v1,1,750,767,cm,cm,cm,unknown,cm,wordfreq:hu,wordfreq_seeded;deterministically_filtered;structurally_curated
hu,v1,1,751,768,esetben,esetben,esetben,unknown,esetben,wordfreq:hu,wordfreq_seeded;deterministically_filtered;structurally_curated
hu,v1,1,752,769,esetén,esetén,esetén,unknown,esetén,wordfreq:hu,wordfreq_seeded;deterministically_filtered;structurally_curated
hu,v1,1,753,770,föld,föld,föld,unknown,föld,wordfreq:hu,wordfreq_seeded;deterministically_filtered;structurally_curated
hu,v1,1,754,771,használt,használt,használt,unknown,használt,wordfreq:hu,wordfreq_seeded;deterministically_filtered;structurally_curated
hu,v1,1,755,772,helyes,helyes,helyes,unknown,helyes,wordfreq:hu,wordfreq_seeded;deterministically_filtered;structurally_curated
hu,v1,1,756,773,hirtelen,hirtelen,hirtelen,unknown,hirtelen,wordfreq:hu,wordfreq_seeded;deterministically_filtered;structurally_curated
hu,v1,1,757,774,különösen,különösen,különösen,unknown,különösen,wordfreq:hu,wordfreq_seeded;deterministically_filtered;structurally_curated
hu,v1,1,758,775,napja,napja,napja,unknown,napja,wordfreq:hu,wordfreq_seeded;deterministically_filtered;structurally_curated
hu,v1,1,759,776,nálam,nálam,nálam,unknown,nálam,wordfreq:hu,wordfreq_seeded;deterministically_filtered;structurally_curated
hu,v1,1,760,777,szeretném,szeretném,szeretném,unknown,szeretném,wordfreq:hu,wordfreq_seeded;deterministically_filtered;structurally_curated
hu,v1,1,761,778,számít,számít,számít,unknown,számít,wordfreq:hu,wordfreq_seeded;deterministically_filtered;structurally_curated
hu,v1,1,762,779,szükség,szükség,szükség,unknown,szükség,wordfreq:hu,wordfreq_seeded;deterministically_filtered;structurally_curated
hu,v1,1,763,780,továbbra,továbbra,továbbra,unknown,továbbra,wordfreq:hu,wordfreq_seeded;deterministically_filtered;structurally_curated
hu,v1,1,764,781,tudta,tudta,tudta,unknown,tudta,wordfreq:hu,wordfreq_seeded;deterministically_filtered;structurally_curated
hu,v1,1,765,782,törvény,törvény,törvény,unknown,törvény,wordfreq:hu,wordfreq_seeded;deterministically_filtered;structurally_curated
hu,v1,1,766,783,édes,édes,édes,unknown,édes,wordfreq:hu,wordfreq_seeded;deterministically_filtered;structurally_curated
hu,v1,1,767,784,élete,élete,élete,unknown,élete,wordfreq:hu,wordfreq_seeded;deterministically_filtered;structurally_curated
hu,v1,1,768,785,életem,életem,életem,unknown,életem,wordfreq:hu,wordfreq_seeded;deterministically_filtered;structurally_curated
hu,v1,1,769,786,élni,élni,élni,unknown,élni,wordfreq:hu,wordfreq_seeded;deterministically_filtered;structurally_curated
hu,v1,1,770,787,érdekében,érdekében,érdekében,unknown,érdekében,wordfreq:hu,wordfreq_seeded;deterministically_filtered;structurally_curated
hu,v1,1,771,788,összesen,összesen,összesen,unknown,összesen,wordfreq:hu,wordfreq_seeded;deterministically_filtered;structurally_curated
hu,v1,1,772,789,adni,adni,adni,unknown,adni,wordfreq:hu,wordfreq_seeded;deterministically_filtered;structurally_curated
hu,v1,1,773,790,db,db,db,unknown,db,wordfreq:hu,wordfreq_seeded;deterministically_filtered;structurally_curated
hu,v1,1,774,791,egymást,egymást,egymást,unknown,egymást,wordfreq:hu,wordfreq_seeded;deterministically_filtered;structurally_curated
hu,v1,1,775,792,embereket,embereket,embereket,unknown,embereket,wordfreq:hu,wordfreq_seeded;deterministically_filtered;structurally_curated
hu,v1,1,776,793,ezelőtt,ezelőtt,ezelőtt,unknown,ezelőtt,wordfreq:hu,wordfreq_seeded;deterministically_filtered;structurally_curated
hu,v1,1,777,794,for,for,for,unknown,for,wordfreq:hu,wordfreq_seeded;deterministically_filtered;structurally_curated
hu,v1,1,778,795,gyors,gyors,gyors,unknown,gyors,wordfreq:hu,wordfreq_seeded;deterministically_filtered;structurally_curated
hu,v1,1,779,796,helyzet,helyzet,helyzet,unknown,helyzet,wordfreq:hu,wordfreq_seeded;deterministically_filtered;structurally_curated
hu,v1,1,780,797,hány,hány,hány,unknown,hány,wordfreq:hu,wordfreq_seeded;deterministically_filtered;structurally_curated
hu,v1,1,781,798,időt,időt,időt,unknown,időt,wordfreq:hu,wordfreq_seeded;deterministically_filtered;structurally_curated
hu,v1,1,782,799,járt,járt,járt,unknown,járt,wordfreq:hu,wordfreq_seeded;deterministically_filtered;structurally_curated
hu,v1,1,783,800,kulturális,kulturális,kulturális,unknown,kulturális,wordfreq:hu,wordfreq_seeded;deterministically_filtered;structurally_curated
hu,v1,1,784,801,michael,michael,michael,unknown,michael,wordfreq:hu,wordfreq_seeded;deterministically_filtered;structurally_curated
hu,v1,1,785,802,miközben,miközben,miközben,unknown,miközben,wordfreq:hu,wordfreq_seeded;deterministically_filtered;structurally_curated
hu,v1,1,786,803,mondtam,mondtam,mondtam,unknown,mondtam,wordfreq:hu,wordfreq_seeded;deterministically_filtered;structurally_curated
hu,v1,1,787,804,mögött,mögött,mögött,unknown,mögött,wordfreq:hu,wordfreq_seeded;deterministically_filtered;structurally_curated
hu,v1,1,788,805,nálunk,nálunk,nálunk,unknown,nálunk,wordfreq:hu,wordfreq_seeded;deterministically_filtered;structurally_curated
hu,v1,1,789,806,rendelet,rendelet,rendelet,unknown,rendelet,wordfreq:hu,wordfreq_seeded;deterministically_filtered;structurally_curated
hu,v1,1,790,807,részét,részét,részét,unknown,részét,wordfreq:hu,wordfreq_seeded;deterministically_filtered;structurally_curated
hu,v1,1,791,808,segítségével,segítségével,segítségével,unknown,segítségével,wordfreq:hu,wordfreq_seeded;deterministically_filtered;structurally_curated
hu,v1,1,792,809,számú,számú,számú,unknown,számú,wordfreq:hu,wordfreq_seeded;deterministically_filtered;structurally_curated
hu,v1,1,793,810,tanár,tanár,tanár,unknown,tanár,wordfreq:hu,wordfreq_seeded;deterministically_filtered;structurally_curated
hu,v1,1,794,811,területén,területén,területén,unknown,területén,wordfreq:hu,wordfreq_seeded;deterministically_filtered;structurally_curated
hu,v1,1,795,812,teszi,teszi,teszi,unknown,teszi,wordfreq:hu,wordfreq_seeded;deterministically_filtered;structurally_curated
hu,v1,1,796,813,tudnak,tudnak,tudnak,unknown,tudnak,wordfreq:hu,wordfreq_seeded;deterministically_filtered;structurally_curated
hu,v1,1,797,814,vagytok,vagytok,vagytok,unknown,vagytok,wordfreq:hu,wordfreq_seeded;deterministically_filtered;structurally_curated
hu,v1,1,798,815,valahogy,valahogy,valahogy,unknown,valahogy,wordfreq:hu,wordfreq_seeded;deterministically_filtered;structurally_curated
hu,v1,1,799,816,verseny,verseny,verseny,unknown,verseny,wordfreq:hu,wordfreq_seeded;deterministically_filtered;structurally_curated
hu,v1,1,800,817,you,you,you,unknown,you,wordfreq:hu,wordfreq_seeded;deterministically_filtered;structurally_curated
hu,v1,1,801,818,érkezett,érkezett,érkezett,unknown,érkezett,wordfreq:hu,wordfreq_seeded;deterministically_filtered;structurally_curated
hu,v1,1,802,819,akarsz,akarsz,akarsz,unknown,akarsz,wordfreq:hu,wordfreq_seeded;deterministically_filtered;structurally_curated
hu,v1,1,803,820,cég,cég,cég,unknown,cég,wordfreq:hu,wordfreq_seeded;deterministically_filtered;structurally_curated
hu,v1,1,804,821,dal,dal,dal,unknown,dal,wordfreq:hu,wordfreq_seeded;deterministically_filtered;structurally_curated
hu,v1,1,805,822,darab,darab,darab,unknown,darab,wordfreq:hu,wordfreq_seeded;deterministically_filtered;structurally_curated
hu,v1,1,806,823,december,december,december,unknown,december,wordfreq:hu,wordfreq_seeded;deterministically_filtered;structurally_curated
hu,v1,1,807,824,hozott,hozott,hozott,unknown,hozott,wordfreq:hu,wordfreq_seeded;deterministically_filtered;structurally_curated
hu,v1,1,808,825,iii,iii,iii,unknown,iii,wordfreq:hu,wordfreq_seeded;deterministically_filtered;structurally_curated
hu,v1,1,809,826,indult,indult,indult,unknown,indult,wordfreq:hu,wordfreq_seeded;deterministically_filtered;structurally_curated
hu,v1,1,810,827,június,június,június,unknown,június,wordfreq:hu,wordfreq_seeded;deterministically_filtered;structurally_curated
hu,v1,1,811,828,kiadó,kiadó,kiadó,unknown,kiadó,wordfreq:hu,wordfreq_seeded;deterministically_filtered;structurally_curated
hu,v1,1,812,829,kurva,kurva,kurva,unknown,kurva,wordfreq:hu,wordfreq_seeded;deterministically_filtered;structurally_curated
hu,v1,1,813,830,könyv,könyv,könyv,unknown,könyv,wordfreq:hu,wordfreq_seeded;deterministically_filtered;structurally_curated
hu,v1,1,814,831,köszönjük,köszönjük,köszönjük,unknown,köszönjük,wordfreq:hu,wordfreq_seeded;deterministically_filtered;structurally_curated
hu,v1,1,815,832,megye,megye,megye,unknown,megye,wordfreq:hu,wordfreq_seeded;deterministically_filtered;structurally_curated
hu,v1,1,816,833,melyet,melyet,melyet,unknown,melyet,wordfreq:hu,wordfreq_seeded;deterministically_filtered;structurally_curated
hu,v1,1,817,834,mások,mások,mások,unknown,mások,wordfreq:hu,wordfreq_seeded;deterministically_filtered;structurally_curated
hu,v1,1,818,835,nevét,nevét,nevét,unknown,nevét,wordfreq:hu,wordfreq_seeded;deterministically_filtered;structurally_curated
hu,v1,1,819,836,nyílt,nyílt,nyílt,unknown,nyílt,wordfreq:hu,wordfreq_seeded;deterministically_filtered;structurally_curated
hu,v1,1,820,837,rendben,rendben,rendben,unknown,rendben,wordfreq:hu,wordfreq_seeded;deterministically_filtered;structurally_curated
hu,v1,1,821,838,régen,régen,régen,unknown,régen,wordfreq:hu,wordfreq_seeded;deterministically_filtered;structurally_curated
hu,v1,1,822,839,szeretne,szeretne,szeretne,unknown,szeretne,wordfreq:hu,wordfreq_seeded;deterministically_filtered;structurally_curated
hu,v1,1,823,840,számomra,számomra,számomra,unknown,számomra,wordfreq:hu,wordfreq_seeded;deterministically_filtered;structurally_curated
hu,v1,1,824,841,tudott,tudott,tudott,unknown,tudott,wordfreq:hu,wordfreq_seeded;deterministically_filtered;structurally_curated
hu,v1,1,825,842,velük,velük,velük,unknown,velük,wordfreq:hu,wordfreq_seeded;deterministically_filtered;structurally_curated
hu,v1,1,826,843,world,world,world,unknown,world,wordfreq:hu,wordfreq_seeded;deterministically_filtered;structurally_curated
hu,v1,1,827,844,zene,zene,zene,unknown,zene,wordfreq:hu,wordfreq_seeded;deterministically_filtered;structurally_curated
hu,v1,1,828,845,években,években,években,unknown,években,wordfreq:hu,wordfreq_seeded;deterministically_filtered;structurally_curated
hu,v1,1,829,846,bizottság,bizottság,bizottság,unknown,bizottság,wordfreq:hu,wordfreq_seeded;deterministically_filtered;structurally_curated
hu,v1,1,830,847,csupán,csupán,csupán,unknown,csupán,wordfreq:hu,wordfreq_seeded;deterministically_filtered;structurally_curated
hu,v1,1,831,848,felett,felett,felett,unknown,felett,wordfreq:hu,wordfreq_seeded;deterministically_filtered;structurally_curated
hu,v1,1,832,849,fiúk,fiúk,fiúk,unknown,fiúk,wordfreq:hu,wordfreq_seeded;deterministically_filtered;structurally_curated
hu,v1,1,833,850,ideig,ideig,ideig,unknown,ideig,wordfreq:hu,wordfreq_seeded;deterministically_filtered;structurally_curated
hu,v1,1,834,851,képest,képest,képest,unknown,képest,wordfreq:hu,wordfreq_seeded;deterministically_filtered;structurally_curated
hu,v1,1,835,852,külföldi,külföldi,külföldi,unknown,külföldi,wordfreq:hu,wordfreq_seeded;deterministically_filtered;structurally_curated
hu,v1,1,836,853,lennék,lennék,lennék,unknown,lennék,wordfreq:hu,wordfreq_seeded;deterministically_filtered;structurally_curated
hu,v1,1,837,854,létre,létre,létre,unknown,létre,wordfreq:hu,wordfreq_seeded;deterministically_filtered;structurally_curated
hu,v1,1,838,855,magyarországi,magyarországi,magyarországi,unknown,magyarországi,wordfreq:hu,wordfreq_seeded;deterministically_filtered;structurally_curated
hu,v1,1,839,856,max,max,max,unknown,max,wordfreq:hu,wordfreq_seeded;deterministically_filtered;structurally_curated
hu,v1,1,840,857,mielőtt,mielőtt,mielőtt,unknown,mielőtt,wordfreq:hu,wordfreq_seeded;deterministically_filtered;structurally_curated
hu,v1,1,841,858,mindenkit,mindenkit,mindenkit,unknown,mindenkit,wordfreq:hu,wordfreq_seeded;deterministically_filtered;structurally_curated
hu,v1,1,842,859,nevű,nevű,nevű,unknown,nevű,wordfreq:hu,wordfreq_seeded;deterministically_filtered;structurally_curated
hu,v1,1,843,860,oh,oh,oh,unknown,oh,wordfreq:hu,wordfreq_seeded;deterministically_filtered;structurally_curated
hu,v1,1,844,861,részben,részben,részben,unknown,részben,wordfreq:hu,wordfreq_seeded;deterministically_filtered;structurally_curated
hu,v1,1,845,862,tagja,tagja,tagja,unknown,tagja,wordfreq:hu,wordfreq_seeded;deterministically_filtered;structurally_curated
hu,v1,1,846,863,életét,életét,életét,unknown,életét,wordfreq:hu,wordfreq_seeded;deterministically_filtered;structurally_curated
hu,v1,1,847,864,akart,akart,akart,unknown,akart,wordfreq:hu,wordfreq_seeded;deterministically_filtered;structurally_curated
hu,v1,1,848,865,amire,amire,amire,unknown,amire,wordfreq:hu,wordfreq_seeded;deterministically_filtered;structurally_curated
hu,v1,1,849,866,amiért,amiért,amiért,unknown,amiért,wordfreq:hu,wordfreq_seeded;deterministically_filtered;structurally_curated
hu,v1,1,850,867,biztonsági,biztonsági,biztonsági,unknown,biztonsági,wordfreq:hu,wordfreq_seeded;deterministically_filtered;structurally_curated
hu,v1,1,851,868,david,david,david,unknown,david,wordfreq:hu,wordfreq_seeded;deterministically_filtered;structurally_curated
hu,v1,1,852,869,innen,innen,innen,unknown,innen,wordfreq:hu,wordfreq_seeded;deterministically_filtered;structurally_curated
hu,v1,1,853,870,július,július,július,unknown,július,wordfreq:hu,wordfreq_seeded;deterministically_filtered;structurally_curated
hu,v1,1,854,871,la,la,la,unknown,la,wordfreq:hu,wordfreq_seeded;deterministically_filtered;structurally_curated
hu,v1,1,855,872,legfontosabb,legfontosabb,legfontosabb,unknown,legfontosabb,wordfreq:hu,wordfreq_seeded;deterministically_filtered;structurally_curated
hu,v1,1,856,873,mindkét,mindkét,mindkét,unknown,mindkét,wordfreq:hu,wordfreq_seeded;deterministically_filtered;structurally_curated
hu,v1,1,857,874,old,old,old,unknown,old,wordfreq:hu,wordfreq_seeded;deterministically_filtered;structurally_curated
hu,v1,1,858,875,oldalán,oldalán,oldalán,unknown,oldalán,wordfreq:hu,wordfreq_seeded;deterministically_filtered;structurally_curated
hu,v1,1,859,876,tudományos,tudományos,tudományos,unknown,tudományos,wordfreq:hu,wordfreq_seeded;deterministically_filtered;structurally_curated
hu,v1,1,860,877,többször,többször,többször,unknown,többször,wordfreq:hu,wordfreq_seeded;deterministically_filtered;structurally_curated
hu,v1,1,861,878,ugyanis,ugyanis,ugyanis,unknown,ugyanis,wordfreq:hu,wordfreq_seeded;deterministically_filtered;structurally_curated
hu,v1,1,862,879,valójában,valójában,valójában,unknown,valójában,wordfreq:hu,wordfreq_seeded;deterministically_filtered;structurally_curated
hu,v1,1,863,880,válogatott,válogatott,válogatott,unknown,válogatott,wordfreq:hu,wordfreq_seeded;deterministically_filtered;structurally_curated
hu,v1,1,864,881,végzett,végzett,végzett,unknown,végzett,wordfreq:hu,wordfreq_seeded;deterministically_filtered;structurally_curated
hu,v1,1,865,882,adja,adja,adja,unknown,adja,wordfreq:hu,wordfreq_seeded;deterministically_filtered;structurally_curated
hu,v1,1,866,883,amelynek,amelynek,amelynek,unknown,amelynek,wordfreq:hu,wordfreq_seeded;deterministically_filtered;structurally_curated
hu,v1,1,867,884,andrás,andrás,andrás,unknown,andrás,wordfreq:hu,wordfreq_seeded;deterministically_filtered;structurally_curated
hu,v1,1,868,885,apja,apja,apja,unknown,apja,wordfreq:hu,wordfreq_seeded;deterministically_filtered;structurally_curated
hu,v1,1,869,886,egyéni,egyéni,egyéni,unknown,egyéni,wordfreq:hu,wordfreq_seeded;deterministically_filtered;structurally_curated
hu,v1,1,870,887,eu,eu,eu,unknown,eu,wordfreq:hu,wordfreq_seeded;deterministically_filtered;structurally_curated
hu,v1,1,871,888,fia,fia,fia,unknown,fia,wordfreq:hu,wordfreq_seeded;deterministically_filtered;structurally_curated
hu,v1,1,872,889,friss,friss,friss,unknown,friss,wordfreq:hu,wordfreq_seeded;deterministically_filtered;structurally_curated
hu,v1,1,873,890,hoz,hoz,hoz,unknown,hoz,wordfreq:hu,wordfreq_seeded;deterministically_filtered;structurally_curated
hu,v1,1,874,891,kék,kék,kék,unknown,kék,wordfreq:hu,wordfreq_seeded;deterministically_filtered;structurally_curated
hu,v1,1,875,892,képet,képet,képet,unknown,képet,wordfreq:hu,wordfreq_seeded;deterministically_filtered;structurally_curated
hu,v1,1,876,893,mellé,mellé,mellé,unknown,mellé,wordfreq:hu,wordfreq_seeded;deterministically_filtered;structurally_curated
hu,v1,1,877,894,melynek,melynek,melynek,unknown,melynek,wordfreq:hu,wordfreq_seeded;deterministically_filtered;structurally_curated
hu,v1,1,878,895,munkát,munkát,munkát,unknown,munkát,wordfreq:hu,wordfreq_seeded;deterministically_filtered;structurally_curated
hu,v1,1,879,896,nektek,nektek,nektek,unknown,nektek,wordfreq:hu,wordfreq_seeded;deterministically_filtered;structurally_curated
hu,v1,1,880,897,nélküli,nélküli,nélküli,unknown,nélküli,wordfreq:hu,wordfreq_seeded;deterministically_filtered;structurally_curated
hu,v1,1,881,898,park,park,park,unknown,park,wordfreq:hu,wordfreq_seeded;deterministically_filtered;structurally_curated
hu,v1,1,882,899,pontos,pontos,pontos,unknown,pontos,wordfreq:hu,wordfreq_seeded;deterministically_filtered;structurally_curated
hu,v1,1,883,900,reggelt,reggelt,reggelt,unknown,reggelt,wordfreq:hu,wordfreq_seeded;deterministically_filtered;structurally_curated
hu,v1,1,884,901,szerinted,szerinted,szerinted,unknown,szerinted,wordfreq:hu,wordfreq_seeded;deterministically_filtered;structurally_curated
hu,v1,1,885,902,találtam,találtam,találtam,unknown,találtam,wordfreq:hu,wordfreq_seeded;deterministically_filtered;structurally_curated
hu,v1,1,886,903,vörös,vörös,vörös,unknown,vörös,wordfreq:hu,wordfreq_seeded;deterministically_filtered;structurally_curated
hu,v1,1,887,905,éjszaka,éjszaka,éjszaka,unknown,éjszaka,wordfreq:hu,wordfreq_seeded;deterministically_filtered;structurally_curated
hu,v1,1,888,906,életben,életben,életben,unknown,életben,wordfreq:hu,wordfreq_seeded;deterministically_filtered;structurally_curated
hu,v1,1,889,907,érzés,érzés,érzés,unknown,érzés,wordfreq:hu,wordfreq_seeded;deterministically_filtered;structurally_curated
hu,v1,1,890,908,beszélni,beszélni,beszélni,unknown,beszélni,wordfreq:hu,wordfreq_seeded;deterministically_filtered;structurally_curated
hu,v1,1,891,909,eléggé,eléggé,eléggé,unknown,eléggé,wordfreq:hu,wordfreq_seeded;deterministically_filtered;structurally_curated
hu,v1,1,892,910,használni,használni,használni,unknown,használni,wordfreq:hu,wordfreq_seeded;deterministically_filtered;structurally_curated
hu,v1,1,893,911,hideg,hideg,hideg,unknown,hideg,wordfreq:hu,wordfreq_seeded;deterministically_filtered;structurally_curated
hu,v1,1,894,912,ilyenkor,ilyenkor,ilyenkor,unknown,ilyenkor,wordfreq:hu,wordfreq_seeded;deterministically_filtered;structurally_curated
hu,v1,1,895,913,jut,jut,jut,unknown,jut,wordfreq:hu,wordfreq_seeded;deterministically_filtered;structurally_curated
hu,v1,1,896,914,jót,jót,jót,unknown,jót,wordfreq:hu,wordfreq_seeded;deterministically_filtered;structurally_curated
hu,v1,1,897,915,jönnek,jönnek,jönnek,unknown,jönnek,wordfreq:hu,wordfreq_seeded;deterministically_filtered;structurally_curated
hu,v1,1,898,916,kedvenc,kedvenc,kedvenc,unknown,kedvenc,wordfreq:hu,wordfreq_seeded;deterministically_filtered;structurally_curated
hu,v1,1,899,917,magyarul,magyarul,magyarul,unknown,magyarul,wordfreq:hu,wordfreq_seeded;deterministically_filtered;structurally_curated
hu,v1,1,900,918,nyelvű,nyelvű,nyelvű,unknown,nyelvű,wordfreq:hu,wordfreq_seeded;deterministically_filtered;structurally_curated
hu,v1,1,901,919,sose,sose,sose,unknown,sose,wordfreq:hu,wordfreq_seeded;deterministically_filtered;structurally_curated
hu,v1,1,902,920,sötét,sötét,sötét,unknown,sötét,wordfreq:hu,wordfreq_seeded;deterministically_filtered;structurally_curated
hu,v1,1,903,921,állam,állam,állam,unknown,állam,wordfreq:hu,wordfreq_seeded;deterministically_filtered;structurally_curated
hu,v1,1,904,922,ég,ég,ég,unknown,ég,wordfreq:hu,wordfreq_seeded;deterministically_filtered;structurally_curated
hu,v1,1,905,923,bizony,bizony,bizony,unknown,bizony,wordfreq:hu,wordfreq_seeded;deterministically_filtered;structurally_curated
hu,v1,1,906,924,dolgokat,dolgokat,dolgokat,unknown,dolgokat,wordfreq:hu,wordfreq_seeded;deterministically_filtered;structurally_curated
hu,v1,1,907,925,egyesült,egyesült,egyesült,unknown,egyesült,wordfreq:hu,wordfreq_seeded;deterministically_filtered;structurally_curated
hu,v1,1,908,926,egyszerre,egyszerre,egyszerre,unknown,egyszerre,wordfreq:hu,wordfreq_seeded;deterministically_filtered;structurally_curated
hu,v1,1,909,927,elérhető,elérhető,elérhető,unknown,elérhető,wordfreq:hu,wordfreq_seeded;deterministically_filtered;structurally_curated
hu,v1,1,910,928,ezután,ezután,ezután,unknown,ezután,wordfreq:hu,wordfreq_seeded;deterministically_filtered;structurally_curated
hu,v1,1,911,929,hónap,hónap,hónap,unknown,hónap,wordfreq:hu,wordfreq_seeded;deterministically_filtered;structurally_curated
hu,v1,1,912,930,itthon,itthon,itthon,unknown,itthon,wordfreq:hu,wordfreq_seeded;deterministically_filtered;structurally_curated
hu,v1,1,913,931,kerület,kerület,kerület,unknown,kerület,wordfreq:hu,wordfreq_seeded;deterministically_filtered;structurally_curated
hu,v1,1,914,932,máris,máris,máris,unknown,máris,wordfreq:hu,wordfreq_seeded;deterministically_filtered;structurally_curated
hu,v1,1,915,933,szeretnél,szeretnél,szeretnél,unknown,szeretnél,wordfreq:hu,wordfreq_seeded;deterministically_filtered;structurally_curated
hu,v1,1,916,934,továbbá,továbbá,továbbá,unknown,továbbá,wordfreq:hu,wordfreq_seeded;deterministically_filtered;structurally_curated
hu,v1,1,917,935,valahol,valahol,valahol,unknown,valahol,wordfreq:hu,wordfreq_seeded;deterministically_filtered;structurally_curated
hu,v1,1,918,936,vette,vette,vette,unknown,vette,wordfreq:hu,wordfreq_seeded;deterministically_filtered;structurally_curated
hu,v1,1,919,937,észre,észre,észre,unknown,észre,wordfreq:hu,wordfreq_seeded;deterministically_filtered;structurally_curated
hu,v1,1,920,938,ötlet,ötlet,ötlet,unknown,ötlet,wordfreq:hu,wordfreq_seeded;deterministically_filtered;structurally_curated
hu,v1,1,921,939,abból,abból,abból,unknown,abból,wordfreq:hu,wordfreq_seeded;deterministically_filtered;structurally_curated
hu,v1,1,922,940,adta,adta,adta,unknown,adta,wordfreq:hu,wordfreq_seeded;deterministically_filtered;structurally_curated
hu,v1,1,923,941,balázs,balázs,balázs,unknown,balázs,wordfreq:hu,wordfreq_seeded;deterministically_filtered;structurally_curated
hu,v1,1,924,942,emiatt,emiatt,emiatt,unknown,emiatt,wordfreq:hu,wordfreq_seeded;deterministically_filtered;structurally_curated
hu,v1,1,925,943,esett,esett,esett,unknown,esett,wordfreq:hu,wordfreq_seeded;deterministically_filtered;structurally_curated
hu,v1,1,926,944,hova,hova,hova,unknown,hova,wordfreq:hu,wordfreq_seeded;deterministically_filtered;structurally_curated
hu,v1,1,927,945,kellemes,kellemes,kellemes,unknown,kellemes,wordfreq:hu,wordfreq_seeded;deterministically_filtered;structurally_curated
hu,v1,1,928,946,kinek,kinek,kinek,unknown,kinek,wordfreq:hu,wordfreq_seeded;deterministically_filtered;structurally_curated
hu,v1,1,929,947,készített,készített,készített,unknown,készített,wordfreq:hu,wordfreq_seeded;deterministically_filtered;structurally_curated
hu,v1,1,930,948,létezik,létezik,létezik,unknown,létezik,wordfreq:hu,wordfreq_seeded;deterministically_filtered;structurally_curated
hu,v1,1,931,949,szereti,szereti,szereti,unknown,szereti,wordfreq:hu,wordfreq_seeded;deterministically_filtered;structurally_curated
hu,v1,1,932,950,sziget,sziget,sziget,unknown,sziget,wordfreq:hu,wordfreq_seeded;deterministically_filtered;structurally_curated
hu,v1,1,933,951,tavaly,tavaly,tavaly,unknown,tavaly,wordfreq:hu,wordfreq_seeded;deterministically_filtered;structurally_curated
hu,v1,1,934,952,tele,tele,tele,unknown,tele,wordfreq:hu,wordfreq_seeded;deterministically_filtered;structurally_curated
hu,v1,1,935,953,téli,téli,téli,unknown,téli,wordfreq:hu,wordfreq_seeded;deterministically_filtered;structurally_curated
hu,v1,1,936,954,york,york,york,unknown,york,wordfreq:hu,wordfreq_seeded;deterministically_filtered;structurally_curated
hu,v1,1,937,955,abba,abba,abba,unknown,abba,wordfreq:hu,wordfreq_seeded;deterministically_filtered;structurally_curated
hu,v1,1,938,956,brit,brit,brit,unknown,brit,wordfreq:hu,wordfreq_seeded;deterministically_filtered;structurally_curated
hu,v1,1,939,957,csoport,csoport,csoport,unknown,csoport,wordfreq:hu,wordfreq_seeded;deterministically_filtered;structurally_curated
hu,v1,1,940,958,elé,elé,elé,unknown,elé,wordfreq:hu,wordfreq_seeded;deterministically_filtered;structurally_curated
hu,v1,1,941,960,keres,keres,keres,unknown,keres,wordfreq:hu,wordfreq_seeded;deterministically_filtered;structurally_curated
hu,v1,1,942,961,klub,klub,klub,unknown,klub,wordfreq:hu,wordfreq_seeded;deterministically_filtered;structurally_curated
hu,v1,1,943,962,kovács,kovács,kovács,unknown,kovács,wordfreq:hu,wordfreq_seeded;deterministically_filtered;structurally_curated
hu,v1,1,944,963,közeli,közeli,közeli,unknown,közeli,wordfreq:hu,wordfreq_seeded;deterministically_filtered;structurally_curated
hu,v1,1,945,964,központi,központi,központi,unknown,központi,wordfreq:hu,wordfreq_seeded;deterministically_filtered;structurally_curated
hu,v1,1,946,965,lányok,lányok,lányok,unknown,lányok,wordfreq:hu,wordfreq_seeded;deterministically_filtered;structurally_curated
hu,v1,1,947,966,lényeg,lényeg,lényeg,unknown,lényeg,wordfreq:hu,wordfreq_seeded;deterministically_filtered;structurally_curated
hu,v1,1,948,967,messze,messze,messze,unknown,messze,wordfreq:hu,wordfreq_seeded;deterministically_filtered;structurally_curated
hu,v1,1,949,968,milliárd,milliárd,milliárd,unknown,milliárd,wordfreq:hu,wordfreq_seeded;deterministically_filtered;structurally_curated
hu,v1,1,950,969,minek,minek,minek,unknown,minek,wordfreq:hu,wordfreq_seeded;deterministically_filtered;structurally_curated
hu,v1,1,951,970,mintegy,mintegy,mintegy,unknown,mintegy,wordfreq:hu,wordfreq_seeded;deterministically_filtered;structurally_curated
hu,v1,1,952,971,műszaki,műszaki,műszaki,unknown,műszaki,wordfreq:hu,wordfreq_seeded;deterministically_filtered;structurally_curated
hu,v1,1,953,972,napig,napig,napig,unknown,napig,wordfreq:hu,wordfreq_seeded;deterministically_filtered;structurally_curated
hu,v1,1,954,973,nevet,nevet,nevet,unknown,nevet,wordfreq:hu,wordfreq_seeded;deterministically_filtered;structurally_curated
hu,v1,1,955,974,név,név,név,unknown,név,wordfreq:hu,wordfreq_seeded;deterministically_filtered;structurally_curated
hu,v1,1,956,975,olimpiai,olimpiai,olimpiai,unknown,olimpiai,wordfreq:hu,wordfreq_seeded;deterministically_filtered;structurally_curated
hu,v1,1,957,976,ráadásul,ráadásul,ráadásul,unknown,ráadásul,wordfreq:hu,wordfreq_seeded;deterministically_filtered;structurally_curated
hu,v1,1,958,977,társaság,társaság,társaság,unknown,társaság,wordfreq:hu,wordfreq_seeded;deterministically_filtered;structurally_curated
hu,v1,1,959,978,többek,többek,többek,unknown,többek,wordfreq:hu,wordfreq_seeded;deterministically_filtered;structurally_curated
hu,v1,1,960,979,valódi,valódi,valódi,unknown,valódi,wordfreq:hu,wordfreq_seeded;deterministically_filtered;structurally_curated
hu,v1,1,961,980,városban,városban,városban,unknown,városban,wordfreq:hu,wordfreq_seeded;deterministically_filtered;structurally_curated
hu,v1,1,962,981,y,y,y,unknown,y,wordfreq:hu,wordfreq_seeded;deterministically_filtered;structurally_curated
hu,v1,1,963,982,zsidó,zsidó,zsidó,unknown,zsidó,wordfreq:hu,wordfreq_seeded;deterministically_filtered;structurally_curated
hu,v1,1,964,983,írta,írta,írta,unknown,írta,wordfreq:hu,wordfreq_seeded;deterministically_filtered;structurally_curated
hu,v1,1,965,984,ös,ös,ös,unknown,ös,wordfreq:hu,wordfreq_seeded;deterministically_filtered;structurally_curated
hu,v1,1,966,985,amivel,amivel,amivel,unknown,amivel,wordfreq:hu,wordfreq_seeded;deterministically_filtered;structurally_curated
hu,v1,1,967,986,célja,célja,célja,unknown,célja,wordfreq:hu,wordfreq_seeded;deterministically_filtered;structurally_curated
hu,v1,1,968,987,dél,dél,dél,unknown,dél,wordfreq:hu,wordfreq_seeded;deterministically_filtered;structurally_curated
hu,v1,1,969,988,díj,díj,díj,unknown,díj,wordfreq:hu,wordfreq_seeded;deterministically_filtered;structurally_curated
hu,v1,1,970,989,egykori,egykori,egykori,unknown,egykori,wordfreq:hu,wordfreq_seeded;deterministically_filtered;structurally_curated
hu,v1,1,971,990,ingyen,ingyen,ingyen,unknown,ingyen,wordfreq:hu,wordfreq_seeded;deterministically_filtered;structurally_curated
hu,v1,1,972,991,japán,japán,japán,unknown,japán,wordfreq:hu,wordfreq_seeded;deterministically_filtered;structurally_curated
hu,v1,1,973,992,mutatja,mutatja,mutatja,unknown,mutatja,wordfreq:hu,wordfreq_seeded;deterministically_filtered;structurally_curated
hu,v1,1,974,993,orvosi,orvosi,orvosi,unknown,orvosi,wordfreq:hu,wordfreq_seeded;deterministically_filtered;structurally_curated
hu,v1,1,975,994,piros,piros,piros,unknown,piros,wordfreq:hu,wordfreq_seeded;deterministically_filtered;structurally_curated
hu,v1,1,976,995,sokszor,sokszor,sokszor,unknown,sokszor,wordfreq:hu,wordfreq_seeded;deterministically_filtered;structurally_curated
hu,v1,1,977,996,szinten,szinten,szinten,unknown,szinten,wordfreq:hu,wordfreq_seeded;deterministically_filtered;structurally_curated
hu,v1,1,978,997,tóth,tóth,tóth,unknown,tóth,wordfreq:hu,wordfreq_seeded;deterministically_filtered;structurally_curated
hu,v1,1,979,998,török,török,török,unknown,török,wordfreq:hu,wordfreq_seeded;deterministically_filtered;structurally_curated
hu,v1,1,980,999,akarja,akarja,akarja,unknown,akarja,wordfreq:hu,wordfreq_seeded;deterministically_filtered;structurally_curated
hu,v1,1,981,1000,dolgozik,dolgozik,dolgozik,unknown,dolgozik,wordfreq:hu,wordfreq_seeded;deterministically_filtered;structurally_curated
hu,v1,1,982,1001,egyesület,egyesület,egyesület,unknown,egyesület,wordfreq:hu,wordfreq_seeded;deterministically_filtered;structurally_curated
hu,v1,1,983,1002,egymás,egymás,egymás,unknown,egymás,wordfreq:hu,wordfreq_seeded;deterministically_filtered;structurally_curated
hu,v1,1,984,1003,háború,háború,háború,unknown,háború,wordfreq:hu,wordfreq_seeded;deterministically_filtered;structurally_curated
hu,v1,1,985,1004,hír,hír,hír,unknown,hír,wordfreq:hu,wordfreq_seeded;deterministically_filtered;structurally_curated
hu,v1,1,986,1005,kutya,kutya,kutya,unknown,kutya,wordfreq:hu,wordfreq_seeded;deterministically_filtered;structurally_curated
hu,v1,1,987,1006,károly,károly,károly,unknown,károly,wordfreq:hu,wordfreq_seeded;deterministically_filtered;structurally_curated
hu,v1,1,988,1007,közt,közt,közt,unknown,közt,wordfreq:hu,wordfreq_seeded;deterministically_filtered;structurally_curated
hu,v1,1,989,1008,nappal,nappal,nappal,unknown,nappal,wordfreq:hu,wordfreq_seeded;deterministically_filtered;structurally_curated
hu,v1,1,990,1009,nincsenek,nincsenek,nincsenek,unknown,nincsenek,wordfreq:hu,wordfreq_seeded;deterministically_filtered;structurally_curated
hu,v1,1,991,1010,román,román,román,unknown,román,wordfreq:hu,wordfreq_seeded;deterministically_filtered;structurally_curated
hu,v1,1,992,1011,sokáig,sokáig,sokáig,unknown,sokáig,wordfreq:hu,wordfreq_seeded;deterministically_filtered;structurally_curated
hu,v1,1,993,1012,szerelem,szerelem,szerelem,unknown,szerelem,wordfreq:hu,wordfreq_seeded;deterministically_filtered;structurally_curated
hu,v1,1,994,1013,voltunk,voltunk,voltunk,unknown,voltunk,wordfreq:hu,wordfreq_seeded;deterministically_filtered;structurally_curated
hu,v1,1,995,1014,évad,évad,évad,unknown,évad,wordfreq:hu,wordfreq_seeded;deterministically_filtered;structurally_curated
hu,v1,1,996,1015,évig,évig,évig,unknown,évig,wordfreq:hu,wordfreq_seeded;deterministically_filtered;structurally_curated
hu,v1,1,997,1016,apa,apa,apa,unknown,apa,wordfreq:hu,wordfreq_seeded;deterministically_filtered;structurally_curated
hu,v1,1,998,1017,bárki,bárki,bárki,unknown,bárki,wordfreq:hu,wordfreq_seeded;deterministically_filtered;structurally_curated
hu,v1,1,999,1018,drága,drága,drága,unknown,drága,wordfreq:hu,wordfreq_seeded;deterministically_filtered;structurally_curated
hu,v1,1,1000,1019,eladó,eladó,eladó,unknown,eladó,wordfreq:hu,wordfreq_seeded;deterministically_filtered;structurally_curated
hu,v1,2,1001,1020,forint,forint,forint,unknown,forint,wordfreq:hu,wordfreq_seeded;deterministically_filtered;structurally_curated
hu,v1,2,1002,1021,gép,gép,gép,unknown,gép,wordfreq:hu,wordfreq_seeded;deterministically_filtered;structurally_curated
hu,v1,2,1003,1022,hihetetlen,hihetetlen,hihetetlen,unknown,hihetetlen,wordfreq:hu,wordfreq_seeded;deterministically_filtered;structurally_curated
hu,v1,2,1004,1023,kereskedelmi,kereskedelmi,kereskedelmi,unknown,kereskedelmi,wordfreq:hu,wordfreq_seeded;deterministically_filtered;structurally_curated
hu,v1,2,1005,1024,kevesebb,kevesebb,kevesebb,unknown,kevesebb,wordfreq:hu,wordfreq_seeded;deterministically_filtered;structurally_curated
hu,v1,2,1006,1025,köszönhetően,köszönhetően,köszönhetően,unknown,köszönhetően,wordfreq:hu,wordfreq_seeded;deterministically_filtered;structurally_curated
hu,v1,2,1007,1026,nézni,nézni,nézni,unknown,nézni,wordfreq:hu,wordfreq_seeded;deterministically_filtered;structurally_curated
hu,v1,2,1008,1027,oka,oka,oka,unknown,oka,wordfreq:hu,wordfreq_seeded;deterministically_filtered;structurally_curated
hu,v1,2,1009,1028,sikeres,sikeres,sikeres,unknown,sikeres,wordfreq:hu,wordfreq_seeded;deterministically_filtered;structurally_curated
hu,v1,2,1010,1029,spanyol,spanyol,spanyol,unknown,spanyol,wordfreq:hu,wordfreq_seeded;deterministically_filtered;structurally_curated
hu,v1,2,1011,1030,szegény,szegény,szegény,unknown,szegény,wordfreq:hu,wordfreq_seeded;deterministically_filtered;structurally_curated
hu,v1,2,1012,1031,vel,vel,vel,unknown,vel,wordfreq:hu,wordfreq_seeded;deterministically_filtered;structurally_curated
hu,v1,2,1013,1032,világon,világon,világon,unknown,világon,wordfreq:hu,wordfreq_seeded;deterministically_filtered;structurally_curated
hu,v1,2,1014,1033,óriási,óriási,óriási,unknown,óriási,wordfreq:hu,wordfreq_seeded;deterministically_filtered;structurally_curated
hu,v1,2,1015,1034,al,al,al,unknown,al,wordfreq:hu,wordfreq_seeded;deterministically_filtered;structurally_curated
hu,v1,2,1016,1035,at,at,at,unknown,at,wordfreq:hu,wordfreq_seeded;deterministically_filtered;structurally_curated
hu,v1,2,1017,1036,ba,ba,ba,unknown,ba,wordfreq:hu,wordfreq_seeded;deterministically_filtered;structurally_curated
hu,v1,2,1018,1037,délután,délután,délután,unknown,délután,wordfreq:hu,wordfreq_seeded;deterministically_filtered;structurally_curated
hu,v1,2,1019,1038,egyetemi,egyetemi,egyetemi,unknown,egyetemi,wordfreq:hu,wordfreq_seeded;deterministically_filtered;structurally_curated
hu,v1,2,1020,1039,emlékszem,emlékszem,emlékszem,unknown,emlékszem,wordfreq:hu,wordfreq_seeded;deterministically_filtered;structurally_curated
hu,v1,2,1021,1040,fa,fa,fa,unknown,fa,wordfreq:hu,wordfreq_seeded;deterministically_filtered;structurally_curated
hu,v1,2,1022,1041,felesége,felesége,felesége,unknown,felesége,wordfreq:hu,wordfreq_seeded;deterministically_filtered;structurally_curated
hu,v1,2,1023,1042,fogsz,fogsz,fogsz,unknown,fogsz,wordfreq:hu,wordfreq_seeded;deterministically_filtered;structurally_curated
hu,v1,2,1024,1043,furcsa,furcsa,furcsa,unknown,furcsa,wordfreq:hu,wordfreq_seeded;deterministically_filtered;structurally_curated
hu,v1,2,1025,1044,gyula,gyula,gyula,unknown,gyula,wordfreq:hu,wordfreq_seeded;deterministically_filtered;structurally_curated
hu,v1,2,1026,1045,igazság,igazság,igazság,unknown,igazság,wordfreq:hu,wordfreq_seeded;deterministically_filtered;structurally_curated
hu,v1,2,1027,1046,imre,imre,imre,unknown,imre,wordfreq:hu,wordfreq_seeded;deterministically_filtered;structurally_curated
hu,v1,2,1028,1047,jelen,jelen,jelen,unknown,jelen,wordfreq:hu,wordfreq_seeded;deterministically_filtered;structurally_curated
hu,v1,2,1029,1048,jézus,jézus,jézus,unknown,jézus,wordfreq:hu,wordfreq_seeded;deterministically_filtered;structurally_curated
hu,v1,2,1030,1049,keretében,keretében,keretében,unknown,keretében,wordfreq:hu,wordfreq_seeded;deterministically_filtered;structurally_curated
hu,v1,2,1031,1050,kettő,kettő,kettő,unknown,kettő,wordfreq:hu,wordfreq_seeded;deterministically_filtered;structurally_curated
hu,v1,2,1032,1051,kezd,kezd,kezd,unknown,kezd,wordfreq:hu,wordfreq_seeded;deterministically_filtered;structurally_curated
hu,v1,2,1033,1052,kft,kft,kft,unknown,kft,wordfreq:hu,wordfreq_seeded;deterministically_filtered;structurally_curated
hu,v1,2,1034,1053,követő,követő,követő,unknown,követő,wordfreq:hu,wordfreq_seeded;deterministically_filtered;structurally_curated
hu,v1,2,1035,1054,magukat,magukat,magukat,unknown,magukat,wordfreq:hu,wordfreq_seeded;deterministically_filtered;structurally_curated
hu,v1,2,1036,1055,mond,mond,mond,unknown,mond,wordfreq:hu,wordfreq_seeded;deterministically_filtered;structurally_curated
hu,v1,2,1037,1056,mondják,mondják,mondják,unknown,mondják,wordfreq:hu,wordfreq_seeded;deterministically_filtered;structurally_curated
hu,v1,2,1038,1057,orvos,orvos,orvos,unknown,orvos,wordfreq:hu,wordfreq_seeded;deterministically_filtered;structurally_curated
hu,v1,2,1039,1058,san,san,san,unknown,san,wordfreq:hu,wordfreq_seeded;deterministically_filtered;structurally_curated
hu,v1,2,1040,1059,széles,széles,széles,unknown,széles,wordfreq:hu,wordfreq_seeded;deterministically_filtered;structurally_curated
hu,v1,2,1041,1060,súlyos,súlyos,súlyos,unknown,súlyos,wordfreq:hu,wordfreq_seeded;deterministically_filtered;structurally_curated
hu,v1,2,1042,1061,tartó,tartó,tartó,unknown,tartó,wordfreq:hu,wordfreq_seeded;deterministically_filtered;structurally_curated
hu,v1,2,1043,1062,történő,történő,történő,unknown,történő,wordfreq:hu,wordfreq_seeded;deterministically_filtered;structurally_curated
hu,v1,2,1044,1063,usa,usa,usa,unknown,usa,wordfreq:hu,wordfreq_seeded;deterministically_filtered;structurally_curated
hu,v1,2,1045,1064,valakinek,valakinek,valakinek,unknown,valakinek,wordfreq:hu,wordfreq_seeded;deterministically_filtered;structurally_curated
hu,v1,2,1046,1065,veszélyes,veszélyes,veszélyes,unknown,veszélyes,wordfreq:hu,wordfreq_seeded;deterministically_filtered;structurally_curated
hu,v1,2,1047,1066,városi,városi,városi,unknown,városi,wordfreq:hu,wordfreq_seeded;deterministically_filtered;structurally_curated
hu,v1,2,1048,1067,épület,épület,épület,unknown,épület,wordfreq:hu,wordfreq_seeded;deterministically_filtered;structurally_curated
hu,v1,2,1049,1068,írja,írja,írja,unknown,írja,wordfreq:hu,wordfreq_seeded;deterministically_filtered;structurally_curated
hu,v1,2,1050,1069,amint,amint,amint,unknown,amint,wordfreq:hu,wordfreq_seeded;deterministically_filtered;structurally_curated
hu,v1,2,1051,1070,felső,felső,felső,unknown,felső,wordfreq:hu,wordfreq_seeded;deterministically_filtered;structurally_curated
hu,v1,2,1052,1071,fáj,fáj,fáj,unknown,fáj,wordfreq:hu,wordfreq_seeded;deterministically_filtered;structurally_curated
hu,v1,2,1053,1072,gazdag,gazdag,gazdag,unknown,gazdag,wordfreq:hu,wordfreq_seeded;deterministically_filtered;structurally_curated
hu,v1,2,1054,1073,gond,gond,gond,unknown,gond,wordfreq:hu,wordfreq_seeded;deterministically_filtered;structurally_curated
hu,v1,2,1055,1074,hagyományos,hagyományos,hagyományos,unknown,hagyományos,wordfreq:hu,wordfreq_seeded;deterministically_filtered;structurally_curated
hu,v1,2,1056,1075,játékos,játékos,játékos,unknown,játékos,wordfreq:hu,wordfreq_seeded;deterministically_filtered;structurally_curated
hu,v1,2,1057,1076,kapcsolatos,kapcsolatos,kapcsolatos,unknown,kapcsolatos,wordfreq:hu,wordfreq_seeded;deterministically_filtered;structurally_curated
hu,v1,2,1058,1077,kiderült,kiderült,kiderült,unknown,kiderült,wordfreq:hu,wordfreq_seeded;deterministically_filtered;structurally_curated
hu,v1,2,1059,1078,kötelező,kötelező,kötelező,unknown,kötelező,wordfreq:hu,wordfreq_seeded;deterministically_filtered;structurally_curated
hu,v1,2,1060,1079,leginkább,leginkább,leginkább,unknown,leginkább,wordfreq:hu,wordfreq_seeded;deterministically_filtered;structurally_curated
hu,v1,2,1061,1080,lehetőség,lehetőség,lehetőség,unknown,lehetőség,wordfreq:hu,wordfreq_seeded;deterministically_filtered;structurally_curated
hu,v1,2,1062,1081,mást,mást,mást,unknown,mást,wordfreq:hu,wordfreq_seeded;deterministically_filtered;structurally_curated
hu,v1,2,1063,1082,nézz,nézz,nézz,unknown,nézz,wordfreq:hu,wordfreq_seeded;deterministically_filtered;structurally_curated
hu,v1,2,1064,1083,országban,országban,országban,unknown,országban,wordfreq:hu,wordfreq_seeded;deterministically_filtered;structurally_curated
hu,v1,2,1065,1084,rendkívül,rendkívül,rendkívül,unknown,rendkívül,wordfreq:hu,wordfreq_seeded;deterministically_filtered;structurally_curated
hu,v1,2,1066,1085,részletek,részletek,részletek,unknown,részletek,wordfreq:hu,wordfreq_seeded;deterministically_filtered;structurally_curated
hu,v1,2,1067,1086,személyes,személyes,személyes,unknown,személyes,wordfreq:hu,wordfreq_seeded;deterministically_filtered;structurally_curated
hu,v1,2,1068,1087,tartozó,tartozó,tartozó,unknown,tartozó,wordfreq:hu,wordfreq_seeded;deterministically_filtered;structurally_curated
hu,v1,2,1069,1088,társadalmi,társadalmi,társadalmi,unknown,társadalmi,wordfreq:hu,wordfreq_seeded;deterministically_filtered;structurally_curated
hu,v1,2,1070,1089,történelmi,történelmi,történelmi,unknown,történelmi,wordfreq:hu,wordfreq_seeded;deterministically_filtered;structurally_curated
hu,v1,2,1071,1090,utáni,utáni,utáni,unknown,utáni,wordfreq:hu,wordfreq_seeded;deterministically_filtered;structurally_curated
hu,v1,2,1072,1091,videó,videó,videó,unknown,videó,wordfreq:hu,wordfreq_seeded;deterministically_filtered;structurally_curated
hu,v1,2,1073,1092,zsolt,zsolt,zsolt,unknown,zsolt,wordfreq:hu,wordfreq_seeded;deterministically_filtered;structurally_curated
hu,v1,2,1074,1093,ír,ír,ír,unknown,ír,wordfreq:hu,wordfreq_seeded;deterministically_filtered;structurally_curated
hu,v1,2,1075,1094,amiben,amiben,amiben,unknown,amiben,wordfreq:hu,wordfreq_seeded;deterministically_filtered;structurally_curated
hu,v1,2,1076,1095,aminek,aminek,aminek,unknown,aminek,wordfreq:hu,wordfreq_seeded;deterministically_filtered;structurally_curated
hu,v1,2,1077,1096,beszél,beszél,beszél,unknown,beszél,wordfreq:hu,wordfreq_seeded;deterministically_filtered;structurally_curated
hu,v1,2,1078,1097,bármikor,bármikor,bármikor,unknown,bármikor,wordfreq:hu,wordfreq_seeded;deterministically_filtered;structurally_curated
hu,v1,2,1079,1098,bármilyen,bármilyen,bármilyen,unknown,bármilyen,wordfreq:hu,wordfreq_seeded;deterministically_filtered;structurally_curated
hu,v1,2,1080,1099,duna,duna,duna,unknown,duna,wordfreq:hu,wordfreq_seeded;deterministically_filtered;structurally_curated
hu,v1,2,1081,1100,embernek,embernek,embernek,unknown,embernek,wordfreq:hu,wordfreq_seeded;deterministically_filtered;structurally_curated
hu,v1,2,1082,1101,halt,halt,halt,unknown,halt,wordfreq:hu,wordfreq_seeded;deterministically_filtered;structurally_curated
hu,v1,2,1083,1102,hiába,hiába,hiába,unknown,hiába,wordfreq:hu,wordfreq_seeded;deterministically_filtered;structurally_curated
hu,v1,2,1084,1103,hiányzik,hiányzik,hiányzik,unknown,hiányzik,wordfreq:hu,wordfreq_seeded;deterministically_filtered;structurally_curated
hu,v1,2,1085,1104,kapcsolódó,kapcsolódó,kapcsolódó,unknown,kapcsolódó,wordfreq:hu,wordfreq_seeded;deterministically_filtered;structurally_curated
hu,v1,2,1086,1105,kiváló,kiváló,kiváló,unknown,kiváló,wordfreq:hu,wordfreq_seeded;deterministically_filtered;structurally_curated
hu,v1,2,1087,1106,klasszikus,klasszikus,klasszikus,unknown,klasszikus,wordfreq:hu,wordfreq_seeded;deterministically_filtered;structurally_curated
hu,v1,2,1088,1107,kétszer,kétszer,kétszer,unknown,kétszer,wordfreq:hu,wordfreq_seeded;deterministically_filtered;structurally_curated
hu,v1,2,1089,1108,látja,látja,látja,unknown,látja,wordfreq:hu,wordfreq_seeded;deterministically_filtered;structurally_curated
hu,v1,2,1090,1109,minél,minél,minél,unknown,minél,wordfreq:hu,wordfreq_seeded;deterministically_filtered;structurally_curated
hu,v1,2,1091,1110,normális,normális,normális,unknown,normális,wordfreq:hu,wordfreq_seeded;deterministically_filtered;structurally_curated
hu,v1,2,1092,1111,nyugati,nyugati,nyugati,unknown,nyugati,wordfreq:hu,wordfreq_seeded;deterministically_filtered;structurally_curated
hu,v1,2,1093,1112,paul,paul,paul,unknown,paul,wordfreq:hu,wordfreq_seeded;deterministically_filtered;structurally_curated
hu,v1,2,1094,1113,pál,pál,pál,unknown,pál,wordfreq:hu,wordfreq_seeded;deterministically_filtered;structurally_curated
hu,v1,2,1095,1114,szar,szar,szar,unknown,szar,wordfreq:hu,wordfreq_seeded;deterministically_filtered;structurally_curated
hu,v1,2,1096,1115,személy,személy,személy,unknown,személy,wordfreq:hu,wordfreq_seeded;deterministically_filtered;structurally_curated
hu,v1,2,1097,1116,szervezet,szervezet,szervezet,unknown,szervezet,wordfreq:hu,wordfreq_seeded;deterministically_filtered;structurally_curated
hu,v1,2,1098,1117,szuper,szuper,szuper,unknown,szuper,wordfreq:hu,wordfreq_seeded;deterministically_filtered;structurally_curated
hu,v1,2,1099,1118,tartani,tartani,tartani,unknown,tartani,wordfreq:hu,wordfreq_seeded;deterministically_filtered;structurally_curated
hu,v1,2,1100,1119,tartja,tartja,tartja,unknown,tartja,wordfreq:hu,wordfreq_seeded;deterministically_filtered;structurally_curated
hu,v1,2,1101,1120,terület,terület,terület,unknown,terület,wordfreq:hu,wordfreq_seeded;deterministically_filtered;structurally_curated
hu,v1,2,1102,1121,vasárnap,vasárnap,vasárnap,unknown,vasárnap,wordfreq:hu,wordfreq_seeded;deterministically_filtered;structurally_curated
hu,v1,2,1103,1122,veszi,veszi,veszi,unknown,veszi,wordfreq:hu,wordfreq_seeded;deterministically_filtered;structurally_curated
hu,v1,2,1104,1123,világot,világot,világot,unknown,világot,wordfreq:hu,wordfreq_seeded;deterministically_filtered;structurally_curated
hu,v1,2,1105,1124,zenei,zenei,zenei,unknown,zenei,wordfreq:hu,wordfreq_seeded;deterministically_filtered;structurally_curated
hu,v1,2,1106,1125,zenekar,zenekar,zenekar,unknown,zenekar,wordfreq:hu,wordfreq_seeded;deterministically_filtered;structurally_curated
hu,v1,2,1107,1126,adatai,adatai,adatai,unknown,adatai,wordfreq:hu,wordfreq_seeded;deterministically_filtered;structurally_curated
hu,v1,2,1108,1127,amik,amik,amik,unknown,amik,wordfreq:hu,wordfreq_seeded;deterministically_filtered;structurally_curated
hu,v1,2,1109,1128,bal,bal,bal,unknown,bal,wordfreq:hu,wordfreq_seeded;deterministically_filtered;structurally_curated
hu,v1,2,1110,1129,cikk,cikk,cikk,unknown,cikk,wordfreq:hu,wordfreq_seeded;deterministically_filtered;structurally_curated
hu,v1,2,1111,1130,félek,félek,félek,unknown,félek,wordfreq:hu,wordfreq_seeded;deterministically_filtered;structurally_curated
hu,v1,2,1112,1131,hisz,hisz,hisz,unknown,hisz,wordfreq:hu,wordfreq_seeded;deterministically_filtered;structurally_curated
hu,v1,2,1113,1132,hozzánk,hozzánk,hozzánk,unknown,hozzánk,wordfreq:hu,wordfreq_seeded;deterministically_filtered;structurally_curated
hu,v1,2,1114,1133,információk,információk,információk,unknown,információk,wordfreq:hu,wordfreq_seeded;deterministically_filtered;structurally_curated
hu,v1,2,1115,1134,james,james,james,unknown,james,wordfreq:hu,wordfreq_seeded;deterministically_filtered;structurally_curated
hu,v1,2,1116,1135,játszani,játszani,játszani,unknown,játszani,wordfreq:hu,wordfreq_seeded;deterministically_filtered;structurally_curated
hu,v1,2,1117,1136,könnyen,könnyen,könnyen,unknown,könnyen,wordfreq:hu,wordfreq_seeded;deterministically_filtered;structurally_curated
hu,v1,2,1118,1137,közepén,közepén,közepén,unknown,közepén,wordfreq:hu,wordfreq_seeded;deterministically_filtered;structurally_curated
hu,v1,2,1119,1138,nyolc,nyolc,nyolc,unknown,nyolc,wordfreq:hu,wordfreq_seeded;deterministically_filtered;structurally_curated
hu,v1,2,1120,1139,szex,szex,szex,unknown,szex,wordfreq:hu,wordfreq_seeded;deterministically_filtered;structurally_curated
hu,v1,2,1121,1140,színház,színház,színház,unknown,színház,wordfreq:hu,wordfreq_seeded;deterministically_filtered;structurally_curated
hu,v1,2,1122,1141,titeket,titeket,titeket,unknown,titeket,wordfreq:hu,wordfreq_seeded;deterministically_filtered;structurally_curated
hu,v1,2,1123,1142,típusú,típusú,típusú,unknown,típusú,wordfreq:hu,wordfreq_seeded;deterministically_filtered;structurally_curated
hu,v1,2,1124,1143,vizet,vizet,vizet,unknown,vizet,wordfreq:hu,wordfreq_seeded;deterministically_filtered;structurally_curated
hu,v1,2,1125,1144,választ,választ,választ,unknown,választ,wordfreq:hu,wordfreq_seeded;deterministically_filtered;structurally_curated
hu,v1,2,1126,1146,apró,apró,apró,unknown,apró,wordfreq:hu,wordfreq_seeded;deterministically_filtered;structurally_curated
hu,v1,2,1127,1147,by,by,by,unknown,by,wordfreq:hu,wordfreq_seeded;deterministically_filtered;structurally_curated
hu,v1,2,1128,1148,csaba,csaba,csaba,unknown,csaba,wordfreq:hu,wordfreq_seeded;deterministically_filtered;structurally_curated
hu,v1,2,1129,1149,dolgozott,dolgozott,dolgozott,unknown,dolgozott,wordfreq:hu,wordfreq_seeded;deterministically_filtered;structurally_curated
hu,v1,2,1130,1150,előtte,előtte,előtte,unknown,előtte,wordfreq:hu,wordfreq_seeded;deterministically_filtered;structurally_curated
hu,v1,2,1131,1151,hajó,hajó,hajó,unknown,hajó,wordfreq:hu,wordfreq_seeded;deterministically_filtered;structurally_curated
hu,v1,2,1132,1152,hozzám,hozzám,hozzám,unknown,hozzám,wordfreq:hu,wordfreq_seeded;deterministically_filtered;structurally_curated
hu,v1,2,1133,1153,híres,híres,híres,unknown,híres,wordfreq:hu,wordfreq_seeded;deterministically_filtered;structurally_curated
hu,v1,2,1134,1154,idején,idején,idején,unknown,idején,wordfreq:hu,wordfreq_seeded;deterministically_filtered;structurally_curated
hu,v1,2,1135,1155,indul,indul,indul,unknown,indul,wordfreq:hu,wordfreq_seeded;deterministically_filtered;structurally_curated
hu,v1,2,1136,1156,jogi,jogi,jogi,unknown,jogi,wordfreq:hu,wordfreq_seeded;deterministically_filtered;structurally_curated
hu,v1,2,1137,1157,kissé,kissé,kissé,unknown,kissé,wordfreq:hu,wordfreq_seeded;deterministically_filtered;structurally_curated
hu,v1,2,1138,1158,kérem,kérem,kérem,unknown,kérem,wordfreq:hu,wordfreq_seeded;deterministically_filtered;structurally_curated
hu,v1,2,1139,1159,készül,készül,készül,unknown,készül,wordfreq:hu,wordfreq_seeded;deterministically_filtered;structurally_curated
hu,v1,2,1140,1160,legközelebb,legközelebb,legközelebb,unknown,legközelebb,wordfreq:hu,wordfreq_seeded;deterministically_filtered;structurally_curated
hu,v1,2,1141,1161,lengyel,lengyel,lengyel,unknown,lengyel,wordfreq:hu,wordfreq_seeded;deterministically_filtered;structurally_curated
hu,v1,2,1142,1162,me,me,me,unknown,me,wordfreq:hu,wordfreq_seeded;deterministically_filtered;structurally_curated
hu,v1,2,1143,1163,miklós,miklós,miklós,unknown,miklós,wordfreq:hu,wordfreq_seeded;deterministically_filtered;structurally_curated
hu,v1,2,1144,1164,művészeti,művészeti,művészeti,unknown,művészeti,wordfreq:hu,wordfreq_seeded;deterministically_filtered;structurally_curated
hu,v1,2,1145,1165,nyitott,nyitott,nyitott,unknown,nyitott,wordfreq:hu,wordfreq_seeded;deterministically_filtered;structurally_curated
hu,v1,2,1146,1166,orbán,orbán,orbán,unknown,orbán,wordfreq:hu,wordfreq_seeded;deterministically_filtered;structurally_curated
hu,v1,2,1147,1167,pillanat,pillanat,pillanat,unknown,pillanat,wordfreq:hu,wordfreq_seeded;deterministically_filtered;structurally_curated
hu,v1,2,1148,1168,rendőrség,rendőrség,rendőrség,unknown,rendőrség,wordfreq:hu,wordfreq_seeded;deterministically_filtered;structurally_curated
hu,v1,2,1149,1169,rádió,rádió,rádió,unknown,rádió,wordfreq:hu,wordfreq_seeded;deterministically_filtered;structurally_curated
hu,v1,2,1150,1170,szeged,szeged,szeged,unknown,szeged,wordfreq:hu,wordfreq_seeded;deterministically_filtered;structurally_curated
hu,v1,2,1151,1171,szegedi,szegedi,szegedi,unknown,szegedi,wordfreq:hu,wordfreq_seeded;deterministically_filtered;structurally_curated
hu,v1,2,1152,1172,töltött,töltött,töltött,unknown,töltött,wordfreq:hu,wordfreq_seeded;deterministically_filtered;structurally_curated
hu,v1,2,1153,1173,vezet,vezet,vezet,unknown,vezet,wordfreq:hu,wordfreq_seeded;deterministically_filtered;structurally_curated
hu,v1,2,1154,1174,változott,változott,változott,unknown,változott,wordfreq:hu,wordfreq_seeded;deterministically_filtered;structurally_curated
hu,v1,2,1155,1175,w,w,w,unknown,w,wordfreq:hu,wordfreq_seeded;deterministically_filtered;structurally_curated
hu,v1,2,1156,1176,állandó,állandó,állandó,unknown,állandó,wordfreq:hu,wordfreq_seeded;deterministically_filtered;structurally_curated
hu,v1,2,1157,1177,áron,áron,áron,unknown,áron,wordfreq:hu,wordfreq_seeded;deterministically_filtered;structurally_curated
hu,v1,2,1158,1178,évre,évre,évre,unknown,évre,wordfreq:hu,wordfreq_seeded;deterministically_filtered;structurally_curated
hu,v1,2,1159,1180,beszélt,beszélt,beszélt,unknown,beszélt,wordfreq:hu,wordfreq_seeded;deterministically_filtered;structurally_curated
hu,v1,2,1160,1181,debrecen,debrecen,debrecen,unknown,debrecen,wordfreq:hu,wordfreq_seeded;deterministically_filtered;structurally_curated
hu,v1,2,1161,1182,esik,esik,esik,unknown,esik,wordfreq:hu,wordfreq_seeded;deterministically_filtered;structurally_curated
hu,v1,2,1162,1183,eszembe,eszembe,eszembe,unknown,eszembe,wordfreq:hu,wordfreq_seeded;deterministically_filtered;structurally_curated
hu,v1,2,1163,1184,féle,féle,féle,unknown,féle,wordfreq:hu,wordfreq_seeded;deterministically_filtered;structurally_curated
hu,v1,2,1164,1185,helyre,helyre,helyre,unknown,helyre,wordfreq:hu,wordfreq_seeded;deterministically_filtered;structurally_curated
hu,v1,2,1165,1186,honnan,honnan,honnan,unknown,honnan,wordfreq:hu,wordfreq_seeded;deterministically_filtered;structurally_curated
hu,v1,2,1166,1187,katonai,katonai,katonai,unknown,katonai,wordfreq:hu,wordfreq_seeded;deterministically_filtered;structurally_curated
hu,v1,2,1167,1188,keleti,keleti,keleti,unknown,keleti,wordfreq:hu,wordfreq_seeded;deterministically_filtered;structurally_curated
hu,v1,2,1168,1189,kezdődik,kezdődik,kezdődik,unknown,kezdődik,wordfreq:hu,wordfreq_seeded;deterministically_filtered;structurally_curated
hu,v1,2,1169,1190,kint,kint,kint,unknown,kint,wordfreq:hu,wordfreq_seeded;deterministically_filtered;structurally_curated
hu,v1,2,1170,1191,központ,központ,központ,unknown,központ,wordfreq:hu,wordfreq_seeded;deterministically_filtered;structurally_curated
hu,v1,2,1171,1192,közösségi,közösségi,közösségi,unknown,közösségi,wordfreq:hu,wordfreq_seeded;deterministically_filtered;structurally_curated
hu,v1,2,1172,1193,látott,látott,látott,unknown,látott,wordfreq:hu,wordfreq_seeded;deterministically_filtered;structurally_curated
hu,v1,2,1173,1194,látta,látta,látta,unknown,látta,wordfreq:hu,wordfreq_seeded;deterministically_filtered;structurally_curated
hu,v1,2,1174,1195,mostanában,mostanában,mostanában,unknown,mostanában,wordfreq:hu,wordfreq_seeded;deterministically_filtered;structurally_curated
hu,v1,2,1175,1196,nyilván,nyilván,nyilván,unknown,nyilván,wordfreq:hu,wordfreq_seeded;deterministically_filtered;structurally_curated
hu,v1,2,1176,1197,rég,rég,rég,unknown,rég,wordfreq:hu,wordfreq_seeded;deterministically_filtered;structurally_curated
hu,v1,2,1177,1198,szeret,szeret,szeret,unknown,szeret,wordfreq:hu,wordfreq_seeded;deterministically_filtered;structurally_curated
hu,v1,2,1178,1199,száz,száz,száz,unknown,száz,wordfreq:hu,wordfreq_seeded;deterministically_filtered;structurally_curated
hu,v1,2,1179,1200,szöveg,szöveg,szöveg,unknown,szöveg,wordfreq:hu,wordfreq_seeded;deterministically_filtered;structurally_curated
hu,v1,2,1180,1201,talált,talált,talált,unknown,talált,wordfreq:hu,wordfreq_seeded;deterministically_filtered;structurally_curated
hu,v1,2,1181,1202,tűnt,tűnt,tűnt,unknown,tűnt,wordfreq:hu,wordfreq_seeded;deterministically_filtered;structurally_curated
hu,v1,2,1182,1203,ugyanakkor,ugyanakkor,ugyanakkor,unknown,ugyanakkor,wordfreq:hu,wordfreq_seeded;deterministically_filtered;structurally_curated
hu,v1,2,1183,1204,aktuális,aktuális,aktuális,unknown,aktuális,wordfreq:hu,wordfreq_seeded;deterministically_filtered;structurally_curated
hu,v1,2,1184,1205,aktív,aktív,aktív,unknown,aktív,wordfreq:hu,wordfreq_seeded;deterministically_filtered;structurally_curated
hu,v1,2,1185,1206,egyelőre,egyelőre,egyelőre,unknown,egyelőre,wordfreq:hu,wordfreq_seeded;deterministically_filtered;structurally_curated
hu,v1,2,1186,1207,egymással,egymással,egymással,unknown,egymással,wordfreq:hu,wordfreq_seeded;deterministically_filtered;structurally_curated
hu,v1,2,1187,1208,fent,fent,fent,unknown,fent,wordfreq:hu,wordfreq_seeded;deterministically_filtered;structurally_curated
hu,v1,2,1188,1209,fesztivál,fesztivál,fesztivál,unknown,fesztivál,wordfreq:hu,wordfreq_seeded;deterministically_filtered;structurally_curated
hu,v1,2,1189,1210,hallottam,hallottam,hallottam,unknown,hallottam,wordfreq:hu,wordfreq_seeded;deterministically_filtered;structurally_curated
hu,v1,2,1190,1211,iv,iv,iv,unknown,iv,wordfreq:hu,wordfreq_seeded;deterministically_filtered;structurally_curated
hu,v1,2,1191,1212,kg,kg,kg,unknown,kg,wordfreq:hu,wordfreq_seeded;deterministically_filtered;structurally_curated
hu,v1,2,1192,1213,kultúra,kultúra,kultúra,unknown,kultúra,wordfreq:hu,wordfreq_seeded;deterministically_filtered;structurally_curated
hu,v1,2,1193,1214,kár,kár,kár,unknown,kár,wordfreq:hu,wordfreq_seeded;deterministically_filtered;structurally_curated
hu,v1,2,1194,1215,kíváncsi,kíváncsi,kíváncsi,unknown,kíváncsi,wordfreq:hu,wordfreq_seeded;deterministically_filtered;structurally_curated
hu,v1,2,1195,1216,legújabb,legújabb,legújabb,unknown,legújabb,wordfreq:hu,wordfreq_seeded;deterministically_filtered;structurally_curated
hu,v1,2,1196,1217,love,love,love,unknown,love,wordfreq:hu,wordfreq_seeded;deterministically_filtered;structurally_curated
hu,v1,2,1197,1218,micsoda,micsoda,micsoda,unknown,micsoda,wordfreq:hu,wordfreq_seeded;deterministically_filtered;structurally_curated
hu,v1,2,1198,1219,nemcsak,nemcsak,nemcsak,unknown,nemcsak,wordfreq:hu,wordfreq_seeded;deterministically_filtered;structurally_curated
hu,v1,2,1199,1220,nyugodtan,nyugodtan,nyugodtan,unknown,nyugodtan,wordfreq:hu,wordfreq_seeded;deterministically_filtered;structurally_curated
hu,v1,2,1200,1221,okos,okos,okos,unknown,okos,wordfreq:hu,wordfreq_seeded;deterministically_filtered;structurally_curated
hu,v1,2,1201,1222,rögtön,rögtön,rögtön,unknown,rögtön,wordfreq:hu,wordfreq_seeded;deterministically_filtered;structurally_curated
hu,v1,2,1202,1223,szakmai,szakmai,szakmai,unknown,szakmai,wordfreq:hu,wordfreq_seeded;deterministically_filtered;structurally_curated
hu,v1,2,1203,1224,szerzett,szerzett,szerzett,unknown,szerzett,wordfreq:hu,wordfreq_seeded;deterministically_filtered;structurally_curated
hu,v1,2,1204,1225,szét,szét,szét,unknown,szét,wordfreq:hu,wordfreq_seeded;deterministically_filtered;structurally_curated
hu,v1,2,1205,1226,színű,színű,színű,unknown,színű,wordfreq:hu,wordfreq_seeded;deterministically_filtered;structurally_curated
hu,v1,2,1206,1227,szót,szót,szót,unknown,szót,wordfreq:hu,wordfreq_seeded;deterministically_filtered;structurally_curated
hu,v1,2,1207,1228,találtak,találtak,találtak,unknown,találtak,wordfreq:hu,wordfreq_seeded;deterministically_filtered;structurally_curated
hu,v1,2,1208,1229,tőlem,tőlem,tőlem,unknown,tőlem,wordfreq:hu,wordfreq_seeded;deterministically_filtered;structurally_curated
hu,v1,2,1209,1230,val,val,val,unknown,val,wordfreq:hu,wordfreq_seeded;deterministically_filtered;structurally_curated
hu,v1,2,1210,1231,életet,életet,életet,unknown,életet,wordfreq:hu,wordfreq_seeded;deterministically_filtered;structurally_curated
hu,v1,2,1211,1232,órát,órát,órát,unknown,órát,wordfreq:hu,wordfreq_seeded;deterministically_filtered;structurally_curated
hu,v1,2,1212,1233,bank,bank,bank,unknown,bank,wordfreq:hu,wordfreq_seeded;deterministically_filtered;structurally_curated
hu,v1,2,1213,1234,csináltam,csináltam,csináltam,unknown,csináltam,wordfreq:hu,wordfreq_seeded;deterministically_filtered;structurally_curated
hu,v1,2,1214,1235,csodás,csodás,csodás,unknown,csodás,wordfreq:hu,wordfreq_seeded;deterministically_filtered;structurally_curated
hu,v1,2,1215,1236,cím,cím,cím,unknown,cím,wordfreq:hu,wordfreq_seeded;deterministically_filtered;structurally_curated
hu,v1,2,1216,1237,felnőtt,felnőtt,felnőtt,unknown,felnőtt,wordfreq:hu,wordfreq_seeded;deterministically_filtered;structurally_curated
hu,v1,2,1217,1238,fizikai,fizikai,fizikai,unknown,fizikai,wordfreq:hu,wordfreq_seeded;deterministically_filtered;structurally_curated
hu,v1,2,1218,1239,fura,fura,fura,unknown,fura,wordfreq:hu,wordfreq_seeded;deterministically_filtered;structurally_curated
hu,v1,2,1219,1240,halál,halál,halál,unknown,halál,wordfreq:hu,wordfreq_seeded;deterministically_filtered;structurally_curated
hu,v1,2,1220,1241,hamar,hamar,hamar,unknown,hamar,wordfreq:hu,wordfreq_seeded;deterministically_filtered;structurally_curated
hu,v1,2,1221,1242,hátra,hátra,hátra,unknown,hátra,wordfreq:hu,wordfreq_seeded;deterministically_filtered;structurally_curated
hu,v1,2,1222,1243,idegen,idegen,idegen,unknown,idegen,wordfreq:hu,wordfreq_seeded;deterministically_filtered;structurally_curated
hu,v1,2,1223,1244,ismeretlen,ismeretlen,ismeretlen,unknown,ismeretlen,wordfreq:hu,wordfreq_seeded;deterministically_filtered;structurally_curated
hu,v1,2,1224,1245,kevésbé,kevésbé,kevésbé,unknown,kevésbé,wordfreq:hu,wordfreq_seeded;deterministically_filtered;structurally_curated
hu,v1,2,1225,1246,kezdett,kezdett,kezdett,unknown,kezdett,wordfreq:hu,wordfreq_seeded;deterministically_filtered;structurally_curated
hu,v1,2,1226,1247,képviselő,képviselő,képviselő,unknown,képviselő,wordfreq:hu,wordfreq_seeded;deterministically_filtered;structurally_curated
hu,v1,2,1227,1248,legalábbis,legalábbis,legalábbis,unknown,legalábbis,wordfreq:hu,wordfreq_seeded;deterministically_filtered;structurally_curated
hu,v1,2,1228,1249,lehetővé,lehetővé,lehetővé,unknown,lehetővé,wordfreq:hu,wordfreq_seeded;deterministically_filtered;structurally_curated
hu,v1,2,1229,1250,mondott,mondott,mondott,unknown,mondott,wordfreq:hu,wordfreq_seeded;deterministically_filtered;structurally_curated
hu,v1,2,1230,1251,osztály,osztály,osztály,unknown,osztály,wordfreq:hu,wordfreq_seeded;deterministically_filtered;structurally_curated
hu,v1,2,1231,1252,peter,peter,peter,unknown,peter,wordfreq:hu,wordfreq_seeded;deterministically_filtered;structurally_curated
hu,v1,2,1232,1253,rendelkezik,rendelkezik,rendelkezik,unknown,rendelkezik,wordfreq:hu,wordfreq_seeded;deterministically_filtered;structurally_curated
hu,v1,2,1233,1254,rendes,rendes,rendes,unknown,rendes,wordfreq:hu,wordfreq_seeded;deterministically_filtered;structurally_curated
hu,v1,2,1234,1255,szerepel,szerepel,szerepel,unknown,szerepel,wordfreq:hu,wordfreq_seeded;deterministically_filtered;structurally_curated
hu,v1,2,1235,1256,szeretné,szeretné,szeretné,unknown,szeretné,wordfreq:hu,wordfreq_seeded;deterministically_filtered;structurally_curated
hu,v1,2,1236,1257,története,története,története,unknown,története,wordfreq:hu,wordfreq_seeded;deterministically_filtered;structurally_curated
hu,v1,2,1237,1258,vesz,vesz,vesz,unknown,vesz,wordfreq:hu,wordfreq_seeded;deterministically_filtered;structurally_curated
hu,v1,2,1238,1259,vezetője,vezetője,vezetője,unknown,vezetője,wordfreq:hu,wordfreq_seeded;deterministically_filtered;structurally_curated
hu,v1,2,1239,1260,válasz,válasz,válasz,unknown,válasz,wordfreq:hu,wordfreq_seeded;deterministically_filtered;structurally_curated
hu,v1,2,1240,1261,véletlenül,véletlenül,véletlenül,unknown,véletlenül,wordfreq:hu,wordfreq_seeded;deterministically_filtered;structurally_curated
hu,v1,2,1241,1262,ó,ó,ó,unknown,ó,wordfreq:hu,wordfreq_seeded;deterministically_filtered;structurally_curated
hu,v1,2,1242,1263,baleset,baleset,baleset,unknown,baleset,wordfreq:hu,wordfreq_seeded;deterministically_filtered;structurally_curated
hu,v1,2,1243,1264,előtti,előtti,előtti,unknown,előtti,wordfreq:hu,wordfreq_seeded;deterministically_filtered;structurally_curated
hu,v1,2,1244,1265,eredmények,eredmények,eredmények,unknown,eredmények,wordfreq:hu,wordfreq_seeded;deterministically_filtered;structurally_curated
hu,v1,2,1245,1266,galéria,galéria,galéria,unknown,galéria,wordfreq:hu,wordfreq_seeded;deterministically_filtered;structurally_curated
hu,v1,2,1246,1267,george,george,george,unknown,george,wordfreq:hu,wordfreq_seeded;deterministically_filtered;structurally_curated
hu,v1,2,1247,1268,harry,harry,harry,unknown,harry,wordfreq:hu,wordfreq_seeded;deterministically_filtered;structurally_curated
hu,v1,2,1248,1269,katolikus,katolikus,katolikus,unknown,katolikus,wordfreq:hu,wordfreq_seeded;deterministically_filtered;structurally_curated
hu,v1,2,1249,1270,könyvet,könyvet,könyvet,unknown,könyvet,wordfreq:hu,wordfreq_seeded;deterministically_filtered;structurally_curated
hu,v1,2,1250,1271,magának,magának,magának,unknown,magának,wordfreq:hu,wordfreq_seeded;deterministically_filtered;structurally_curated
hu,v1,2,1251,1272,plusz,plusz,plusz,unknown,plusz,wordfreq:hu,wordfreq_seeded;deterministically_filtered;structurally_curated
hu,v1,2,1252,1273,sikerül,sikerül,sikerül,unknown,sikerül,wordfreq:hu,wordfreq_seeded;deterministically_filtered;structurally_curated
hu,v1,2,1253,1274,szövetség,szövetség,szövetség,unknown,szövetség,wordfreq:hu,wordfreq_seeded;deterministically_filtered;structurally_curated
hu,v1,2,1254,1275,szüksége,szüksége,szüksége,unknown,szüksége,wordfreq:hu,wordfreq_seeded;deterministically_filtered;structurally_curated
hu,v1,2,1255,1276,terv,terv,terv,unknown,terv,wordfreq:hu,wordfreq_seeded;deterministically_filtered;structurally_curated
hu,v1,2,1256,1277,tetszett,tetszett,tetszett,unknown,tetszett,wordfreq:hu,wordfreq_seeded;deterministically_filtered;structurally_curated
hu,v1,2,1257,1278,többen,többen,többen,unknown,többen,wordfreq:hu,wordfreq_seeded;deterministically_filtered;structurally_curated
hu,v1,2,1258,1279,varga,varga,varga,unknown,varga,wordfreq:hu,wordfreq_seeded;deterministically_filtered;structurally_curated
hu,v1,2,1259,1280,viktor,viktor,viktor,unknown,viktor,wordfreq:hu,wordfreq_seeded;deterministically_filtered;structurally_curated
hu,v1,2,1260,1281,észak,észak,észak,unknown,észak,wordfreq:hu,wordfreq_seeded;deterministically_filtered;structurally_curated
hu,v1,2,1261,1282,aludni,aludni,aludni,unknown,aludni,wordfreq:hu,wordfreq_seeded;deterministically_filtered;structurally_curated
hu,v1,2,1262,1283,anyja,anyja,anyja,unknown,anyja,wordfreq:hu,wordfreq_seeded;deterministically_filtered;structurally_curated
hu,v1,2,1263,1284,azután,azután,azután,unknown,azután,wordfreq:hu,wordfreq_seeded;deterministically_filtered;structurally_curated
hu,v1,2,1264,1285,baba,baba,baba,unknown,baba,wordfreq:hu,wordfreq_seeded;deterministically_filtered;structurally_curated
hu,v1,2,1265,1286,barátom,barátom,barátom,unknown,barátom,wordfreq:hu,wordfreq_seeded;deterministically_filtered;structurally_curated
hu,v1,2,1266,1287,béla,béla,béla,unknown,béla,wordfreq:hu,wordfreq_seeded;deterministically_filtered;structurally_curated
hu,v1,2,1267,1288,egyedi,egyedi,egyedi,unknown,egyedi,wordfreq:hu,wordfreq_seeded;deterministically_filtered;structurally_curated
hu,v1,2,1268,1289,eső,eső,eső,unknown,eső,wordfreq:hu,wordfreq_seeded;deterministically_filtered;structurally_curated
hu,v1,2,1269,1290,fantasztikus,fantasztikus,fantasztikus,unknown,fantasztikus,wordfreq:hu,wordfreq_seeded;deterministically_filtered;structurally_curated
hu,v1,2,1270,1291,gyermek,gyermek,gyermek,unknown,gyermek,wordfreq:hu,wordfreq_seeded;deterministically_filtered;structurally_curated
hu,v1,2,1271,1292,imádom,imádom,imádom,unknown,imádom,wordfreq:hu,wordfreq_seeded;deterministically_filtered;structurally_curated
hu,v1,2,1272,1293,kapni,kapni,kapni,unknown,kapni,wordfreq:hu,wordfreq_seeded;deterministically_filtered;structurally_curated
hu,v1,2,1273,1294,kezdve,kezdve,kezdve,unknown,kezdve,wordfreq:hu,wordfreq_seeded;deterministically_filtered;structurally_curated
hu,v1,2,1274,1295,kit,kit,kit,unknown,kit,wordfreq:hu,wordfreq_seeded;deterministically_filtered;structurally_curated
hu,v1,2,1275,1296,kiállítás,kiállítás,kiállítás,unknown,kiállítás,wordfreq:hu,wordfreq_seeded;deterministically_filtered;structurally_curated
hu,v1,2,1276,1297,közép,közép,közép,unknown,közép,wordfreq:hu,wordfreq_seeded;deterministically_filtered;structurally_curated
hu,v1,2,1277,1298,labdarúgó,labdarúgó,labdarúgó,unknown,labdarúgó,wordfreq:hu,wordfreq_seeded;deterministically_filtered;structurally_curated
hu,v1,2,1278,1299,lap,lap,lap,unknown,lap,wordfreq:hu,wordfreq_seeded;deterministically_filtered;structurally_curated
hu,v1,2,1279,1300,lehetőséget,lehetőséget,lehetőséget,unknown,lehetőséget,wordfreq:hu,wordfreq_seeded;deterministically_filtered;structurally_curated
hu,v1,2,1280,1301,mégsem,mégsem,mégsem,unknown,mégsem,wordfreq:hu,wordfreq_seeded;deterministically_filtered;structurally_curated
hu,v1,2,1281,1302,nézzük,nézzük,nézzük,unknown,nézzük,wordfreq:hu,wordfreq_seeded;deterministically_filtered;structurally_curated
hu,v1,2,1282,1303,onnan,onnan,onnan,unknown,onnan,wordfreq:hu,wordfreq_seeded;deterministically_filtered;structurally_curated
hu,v1,2,1283,1304,rendelkező,rendelkező,rendelkező,unknown,rendelkező,wordfreq:hu,wordfreq_seeded;deterministically_filtered;structurally_curated
hu,v1,2,1284,1305,robert,robert,robert,unknown,robert,wordfreq:hu,wordfreq_seeded;deterministically_filtered;structurally_curated
hu,v1,2,1285,1306,szerepet,szerepet,szerepet,unknown,szerepet,wordfreq:hu,wordfreq_seeded;deterministically_filtered;structurally_curated
hu,v1,2,1286,1307,szereplő,szereplő,szereplő,unknown,szereplő,wordfreq:hu,wordfreq_seeded;deterministically_filtered;structurally_curated
hu,v1,2,1287,1308,tartalmaz,tartalmaz,tartalmaz,unknown,tartalmaz,wordfreq:hu,wordfreq_seeded;deterministically_filtered;structurally_curated
hu,v1,2,1288,1309,tervezett,tervezett,tervezett,unknown,tervezett,wordfreq:hu,wordfreq_seeded;deterministically_filtered;structurally_curated
hu,v1,2,1289,1310,területen,területen,területen,unknown,területen,wordfreq:hu,wordfreq_seeded;deterministically_filtered;structurally_curated
hu,v1,2,1290,1311,tom,tom,tom,unknown,tom,wordfreq:hu,wordfreq_seeded;deterministically_filtered;structurally_curated
hu,v1,2,1291,1312,többé,többé,többé,unknown,többé,wordfreq:hu,wordfreq_seeded;deterministically_filtered;structurally_curated
hu,v1,2,1292,1313,valaha,valaha,valaha,unknown,valaha,wordfreq:hu,wordfreq_seeded;deterministically_filtered;structurally_curated
hu,v1,2,1293,1314,állnak,állnak,állnak,unknown,állnak,wordfreq:hu,wordfreq_seeded;deterministically_filtered;structurally_curated
hu,v1,2,1294,1315,órán,órán,órán,unknown,órán,wordfreq:hu,wordfreq_seeded;deterministically_filtered;structurally_curated
hu,v1,2,1295,1316,ajtó,ajtó,ajtó,unknown,ajtó,wordfreq:hu,wordfreq_seeded;deterministically_filtered;structurally_curated
hu,v1,2,1296,1317,alacsony,alacsony,alacsony,unknown,alacsony,wordfreq:hu,wordfreq_seeded;deterministically_filtered;structurally_curated
hu,v1,2,1297,1318,amiket,amiket,amiket,unknown,amiket,wordfreq:hu,wordfreq_seeded;deterministically_filtered;structurally_curated
hu,v1,2,1298,1319,azonos,azonos,azonos,unknown,azonos,wordfreq:hu,wordfreq_seeded;deterministically_filtered;structurally_curated
hu,v1,2,1299,1320,bent,bent,bent,unknown,bent,wordfreq:hu,wordfreq_seeded;deterministically_filtered;structurally_curated
hu,v1,2,1300,1321,betegség,betegség,betegség,unknown,betegség,wordfreq:hu,wordfreq_seeded;deterministically_filtered;structurally_curated
hu,v1,2,1301,1322,döntött,döntött,döntött,unknown,döntött,wordfreq:hu,wordfreq_seeded;deterministically_filtered;structurally_curated
hu,v1,2,1302,1323,emellett,emellett,emellett,unknown,emellett,wordfreq:hu,wordfreq_seeded;deterministically_filtered;structurally_curated
hu,v1,2,1303,1324,felelős,felelős,felelős,unknown,felelős,wordfreq:hu,wordfreq_seeded;deterministically_filtered;structurally_curated
hu,v1,2,1304,1325,filmet,filmet,filmet,unknown,filmet,wordfreq:hu,wordfreq_seeded;deterministically_filtered;structurally_curated
hu,v1,2,1305,1326,fogva,fogva,fogva,unknown,fogva,wordfreq:hu,wordfreq_seeded;deterministically_filtered;structurally_curated
hu,v1,2,1306,1328,hello,hello,hello,unknown,hello,wordfreq:hu,wordfreq_seeded;deterministically_filtered;structurally_curated
hu,v1,2,1307,1329,hozta,hozta,hozta,unknown,hozta,wordfreq:hu,wordfreq_seeded;deterministically_filtered;structurally_curated
hu,v1,2,1308,1330,kislány,kislány,kislány,unknown,kislány,wordfreq:hu,wordfreq_seeded;deterministically_filtered;structurally_curated
hu,v1,2,1309,1331,lettem,lettem,lettem,unknown,lettem,wordfreq:hu,wordfreq_seeded;deterministically_filtered;structurally_curated
hu,v1,2,1310,1332,mérkőzés,mérkőzés,mérkőzés,unknown,mérkőzés,wordfreq:hu,wordfreq_seeded;deterministically_filtered;structurally_curated
hu,v1,2,1311,1333,nyitva,nyitva,nyitva,unknown,nyitva,wordfreq:hu,wordfreq_seeded;deterministically_filtered;structurally_curated
hu,v1,2,1312,1334,rock,rock,rock,unknown,rock,wordfreq:hu,wordfreq_seeded;deterministically_filtered;structurally_curated
hu,v1,2,1313,1335,ránk,ránk,ránk,unknown,ránk,wordfreq:hu,wordfreq_seeded;deterministically_filtered;structurally_curated
hu,v1,2,1314,1336,srác,srác,srác,unknown,srác,wordfreq:hu,wordfreq_seeded;deterministically_filtered;structurally_curated
hu,v1,2,1315,1337,test,test,test,unknown,test,wordfreq:hu,wordfreq_seeded;deterministically_filtered;structurally_curated
hu,v1,2,1316,1338,valamilyen,valamilyen,valamilyen,unknown,valamilyen,wordfreq:hu,wordfreq_seeded;deterministically_filtered;structurally_curated
hu,v1,2,1317,1339,várom,várom,várom,unknown,várom,wordfreq:hu,wordfreq_seeded;deterministically_filtered;structurally_curated
hu,v1,2,1318,1340,éreztem,éreztem,éreztem,unknown,éreztem,wordfreq:hu,wordfreq_seeded;deterministically_filtered;structurally_curated
hu,v1,2,1319,1341,értelme,értelme,értelme,unknown,értelme,wordfreq:hu,wordfreq_seeded;deterministically_filtered;structurally_curated
hu,v1,2,1320,1342,alapítvány,alapítvány,alapítvány,unknown,alapítvány,wordfreq:hu,wordfreq_seeded;deterministically_filtered;structurally_curated
hu,v1,2,1321,1343,amelyben,amelyben,amelyben,unknown,amelyben,wordfreq:hu,wordfreq_seeded;deterministically_filtered;structurally_curated
hu,v1,2,1322,1344,bemutató,bemutató,bemutató,unknown,bemutató,wordfreq:hu,wordfreq_seeded;deterministically_filtered;structurally_curated
hu,v1,2,1323,1345,bennem,bennem,bennem,unknown,bennem,wordfreq:hu,wordfreq_seeded;deterministically_filtered;structurally_curated
hu,v1,2,1324,1346,bármit,bármit,bármit,unknown,bármit,wordfreq:hu,wordfreq_seeded;deterministically_filtered;structurally_curated
hu,v1,2,1325,1347,enni,enni,enni,unknown,enni,wordfreq:hu,wordfreq_seeded;deterministically_filtered;structurally_curated
hu,v1,2,1326,1348,ennyit,ennyit,ennyit,unknown,ennyit,wordfreq:hu,wordfreq_seeded;deterministically_filtered;structurally_curated
hu,v1,2,1327,1349,ezúttal,ezúttal,ezúttal,unknown,ezúttal,wordfreq:hu,wordfreq_seeded;deterministically_filtered;structurally_curated
hu,v1,2,1328,1350,fidesz,fidesz,fidesz,unknown,fidesz,wordfreq:hu,wordfreq_seeded;deterministically_filtered;structurally_curated
hu,v1,2,1329,1351,forró,forró,forró,unknown,forró,wordfreq:hu,wordfreq_seeded;deterministically_filtered;structurally_curated
hu,v1,2,1330,1352,gyertek,gyertek,gyertek,unknown,gyertek,wordfreq:hu,wordfreq_seeded;deterministically_filtered;structurally_curated
hu,v1,2,1331,1353,hivatalosan,hivatalosan,hivatalosan,unknown,hivatalosan,wordfreq:hu,wordfreq_seeded;deterministically_filtered;structurally_curated
hu,v1,2,1332,1354,idei,idei,idei,unknown,idei,wordfreq:hu,wordfreq_seeded;deterministically_filtered;structurally_curated
hu,v1,2,1333,1355,ipari,ipari,ipari,unknown,ipari,wordfreq:hu,wordfreq_seeded;deterministically_filtered;structurally_curated
hu,v1,2,1334,1356,játékok,játékok,játékok,unknown,játékok,wordfreq:hu,wordfreq_seeded;deterministically_filtered;structurally_curated
hu,v1,2,1335,1357,keresztény,keresztény,keresztény,unknown,keresztény,wordfreq:hu,wordfreq_seeded;deterministically_filtered;structurally_curated
hu,v1,2,1336,1358,legjobban,legjobban,legjobban,unknown,legjobban,wordfreq:hu,wordfreq_seeded;deterministically_filtered;structurally_curated
hu,v1,2,1337,1359,legyél,legyél,legyél,unknown,legyél,wordfreq:hu,wordfreq_seeded;deterministically_filtered;structurally_curated
hu,v1,2,1338,1360,lánya,lánya,lánya,unknown,lánya,wordfreq:hu,wordfreq_seeded;deterministically_filtered;structurally_curated
hu,v1,2,1339,1361,látod,látod,látod,unknown,látod,wordfreq:hu,wordfreq_seeded;deterministically_filtered;structurally_curated
hu,v1,2,1340,1362,mindössze,mindössze,mindössze,unknown,mindössze,wordfreq:hu,wordfreq_seeded;deterministically_filtered;structurally_curated
hu,v1,2,1341,1363,mr,mr,mr,unknown,mr,wordfreq:hu,wordfreq_seeded;deterministically_filtered;structurally_curated
hu,v1,2,1342,1364,nyelv,nyelv,nyelv,unknown,nyelv,wordfreq:hu,wordfreq_seeded;deterministically_filtered;structurally_curated
hu,v1,2,1343,1365,néven,néven,néven,unknown,néven,wordfreq:hu,wordfreq_seeded;deterministically_filtered;structurally_curated
hu,v1,2,1344,1366,pillanatban,pillanatban,pillanatban,unknown,pillanatban,wordfreq:hu,wordfreq_seeded;deterministically_filtered;structurally_curated
hu,v1,2,1345,1367,pápa,pápa,pápa,unknown,pápa,wordfreq:hu,wordfreq_seeded;deterministically_filtered;structurally_curated
hu,v1,2,1346,1368,párt,párt,párt,unknown,párt,wordfreq:hu,wordfreq_seeded;deterministically_filtered;structurally_curated
hu,v1,2,1347,1369,rendszeresen,rendszeresen,rendszeresen,unknown,rendszeresen,wordfreq:hu,wordfreq_seeded;deterministically_filtered;structurally_curated
hu,v1,2,1348,1370,segíteni,segíteni,segíteni,unknown,segíteni,wordfreq:hu,wordfreq_seeded;deterministically_filtered;structurally_curated
hu,v1,2,1349,1371,szeretnénk,szeretnénk,szeretnénk,unknown,szeretnénk,wordfreq:hu,wordfreq_seeded;deterministically_filtered;structurally_curated
hu,v1,2,1350,1372,világban,világban,világban,unknown,világban,wordfreq:hu,wordfreq_seeded;deterministically_filtered;structurally_curated
hu,v1,2,1351,1373,válik,válik,válik,unknown,válik,wordfreq:hu,wordfreq_seeded;deterministically_filtered;structurally_curated
hu,v1,2,1352,1374,alkalmas,alkalmas,alkalmas,unknown,alkalmas,wordfreq:hu,wordfreq_seeded;deterministically_filtered;structurally_curated
hu,v1,2,1353,1375,anna,anna,anna,unknown,anna,wordfreq:hu,wordfreq_seeded;deterministically_filtered;structurally_curated
hu,v1,2,1354,1376,bíró,bíró,bíró,unknown,bíró,wordfreq:hu,wordfreq_seeded;deterministically_filtered;structurally_curated
hu,v1,2,1355,1377,csinál,csinál,csinál,unknown,csinál,wordfreq:hu,wordfreq_seeded;deterministically_filtered;structurally_curated
hu,v1,2,1356,1378,egészséges,egészséges,egészséges,unknown,egészséges,wordfreq:hu,wordfreq_seeded;deterministically_filtered;structurally_curated
hu,v1,2,1357,1379,elől,elől,elől,unknown,elől,wordfreq:hu,wordfreq_seeded;deterministically_filtered;structurally_curated
hu,v1,2,1358,1380,erősen,erősen,erősen,unknown,erősen,wordfreq:hu,wordfreq_seeded;deterministically_filtered;structurally_curated
hu,v1,2,1359,1381,esetében,esetében,esetében,unknown,esetében,wordfreq:hu,wordfreq_seeded;deterministically_filtered;structurally_curated
hu,v1,2,1360,1382,estét,estét,estét,unknown,estét,wordfreq:hu,wordfreq_seeded;deterministically_filtered;structurally_curated
hu,v1,2,1361,1383,férfiak,férfiak,férfiak,unknown,férfiak,wordfreq:hu,wordfreq_seeded;deterministically_filtered;structurally_curated
hu,v1,2,1362,1384,győr,győr,győr,unknown,győr,wordfreq:hu,wordfreq_seeded;deterministically_filtered;structurally_curated
hu,v1,2,1363,1385,hasonlóan,hasonlóan,hasonlóan,unknown,hasonlóan,wordfreq:hu,wordfreq_seeded;deterministically_filtered;structurally_curated
hu,v1,2,1364,1386,időre,időre,időre,unknown,időre,wordfreq:hu,wordfreq_seeded;deterministically_filtered;structurally_curated
hu,v1,2,1365,1387,kelet,kelet,kelet,unknown,kelet,wordfreq:hu,wordfreq_seeded;deterministically_filtered;structurally_curated
hu,v1,2,1366,1388,kivéve,kivéve,kivéve,unknown,kivéve,wordfreq:hu,wordfreq_seeded;deterministically_filtered;structurally_curated
hu,v1,2,1367,1389,közvetlenül,közvetlenül,közvetlenül,unknown,közvetlenül,wordfreq:hu,wordfreq_seeded;deterministically_filtered;structurally_curated
hu,v1,2,1368,1390,különös,különös,különös,unknown,különös,wordfreq:hu,wordfreq_seeded;deterministically_filtered;structurally_curated
hu,v1,2,1369,1391,lehetnek,lehetnek,lehetnek,unknown,lehetnek,wordfreq:hu,wordfreq_seeded;deterministically_filtered;structurally_curated
hu,v1,2,1370,1392,my,my,my,unknown,my,wordfreq:hu,wordfreq_seeded;deterministically_filtered;structurally_curated
hu,v1,2,1371,1393,mára,mára,mára,unknown,mára,wordfreq:hu,wordfreq_seeded;deterministically_filtered;structurally_curated
hu,v1,2,1372,1394,mária,mária,mária,unknown,mária,wordfreq:hu,wordfreq_seeded;deterministically_filtered;structurally_curated
hu,v1,2,1373,1395,nagyjából,nagyjából,nagyjából,unknown,nagyjából,wordfreq:hu,wordfreq_seeded;deterministically_filtered;structurally_curated
hu,v1,2,1374,1396,nehezen,nehezen,nehezen,unknown,nehezen,wordfreq:hu,wordfreq_seeded;deterministically_filtered;structurally_curated
hu,v1,2,1375,1397,népszerű,népszerű,népszerű,unknown,népszerű,wordfreq:hu,wordfreq_seeded;deterministically_filtered;structurally_curated
hu,v1,2,1376,1398,rohadt,rohadt,rohadt,unknown,rohadt,wordfreq:hu,wordfreq_seeded;deterministically_filtered;structurally_curated
hu,v1,2,1377,1399,régóta,régóta,régóta,unknown,régóta,wordfreq:hu,wordfreq_seeded;deterministically_filtered;structurally_curated
hu,v1,2,1378,1400,révén,révén,révén,unknown,révén,wordfreq:hu,wordfreq_seeded;deterministically_filtered;structurally_curated
hu,v1,2,1379,1401,szabadon,szabadon,szabadon,unknown,szabadon,wordfreq:hu,wordfreq_seeded;deterministically_filtered;structurally_curated
hu,v1,2,1380,1402,szomorú,szomorú,szomorú,unknown,szomorú,wordfreq:hu,wordfreq_seeded;deterministically_filtered;structurally_curated
hu,v1,2,1381,1403,szólt,szólt,szólt,unknown,szólt,wordfreq:hu,wordfreq_seeded;deterministically_filtered;structurally_curated
hu,v1,2,1382,1404,tagjai,tagjai,tagjai,unknown,tagjai,wordfreq:hu,wordfreq_seeded;deterministically_filtered;structurally_curated
hu,v1,2,1383,1405,utat,utat,utat,unknown,utat,wordfreq:hu,wordfreq_seeded;deterministically_filtered;structurally_curated
hu,v1,2,1384,1406,valakit,valakit,valakit,unknown,valakit,wordfreq:hu,wordfreq_seeded;deterministically_filtered;structurally_curated
hu,v1,2,1385,1407,érted,érted,érted,unknown,érted,wordfreq:hu,wordfreq_seeded;deterministically_filtered;structurally_curated
hu,v1,2,1386,1408,évet,évet,évet,unknown,évet,wordfreq:hu,wordfreq_seeded;deterministically_filtered;structurally_curated
hu,v1,2,1387,1409,ajándék,ajándék,ajándék,unknown,ajándék,wordfreq:hu,wordfreq_seeded;deterministically_filtered;structurally_curated
hu,v1,2,1388,1410,azoknak,azoknak,azoknak,unknown,azoknak,wordfreq:hu,wordfreq_seeded;deterministically_filtered;structurally_curated
hu,v1,2,1389,1411,civil,civil,civil,unknown,civil,wordfreq:hu,wordfreq_seeded;deterministically_filtered;structurally_curated
hu,v1,2,1390,1412,debreceni,debreceni,debreceni,unknown,debreceni,wordfreq:hu,wordfreq_seeded;deterministically_filtered;structurally_curated
hu,v1,2,1391,1413,ebbe,ebbe,ebbe,unknown,ebbe,wordfreq:hu,wordfreq_seeded;deterministically_filtered;structurally_curated
hu,v1,2,1392,1414,eddigi,eddigi,eddigi,unknown,eddigi,wordfreq:hu,wordfreq_seeded;deterministically_filtered;structurally_curated
hu,v1,2,1393,1415,fc,fc,fc,unknown,fc,wordfreq:hu,wordfreq_seeded;deterministically_filtered;structurally_curated
hu,v1,2,1394,1416,fogunk,fogunk,fogunk,unknown,fogunk,wordfreq:hu,wordfreq_seeded;deterministically_filtered;structurally_curated
hu,v1,2,1395,1417,hasznos,hasznos,hasznos,unknown,hasznos,wordfreq:hu,wordfreq_seeded;deterministically_filtered;structurally_curated
hu,v1,2,1396,1418,hátsó,hátsó,hátsó,unknown,hátsó,wordfreq:hu,wordfreq_seeded;deterministically_filtered;structurally_curated
hu,v1,2,1397,1419,intézet,intézet,intézet,unknown,intézet,wordfreq:hu,wordfreq_seeded;deterministically_filtered;structurally_curated
hu,v1,2,1398,1420,izgalmas,izgalmas,izgalmas,unknown,izgalmas,wordfreq:hu,wordfreq_seeded;deterministically_filtered;structurally_curated
hu,v1,2,1399,1421,jelentette,jelentette,jelentette,unknown,jelentette,wordfreq:hu,wordfreq_seeded;deterministically_filtered;structurally_curated
hu,v1,2,1400,1422,jellemző,jellemző,jellemző,unknown,jellemző,wordfreq:hu,wordfreq_seeded;deterministically_filtered;structurally_curated
hu,v1,2,1401,1423,kör,kör,kör,unknown,kör,wordfreq:hu,wordfreq_seeded;deterministically_filtered;structurally_curated
hu,v1,2,1402,1424,község,község,község,unknown,község,wordfreq:hu,wordfreq_seeded;deterministically_filtered;structurally_curated
hu,v1,2,1403,1425,leszel,leszel,leszel,unknown,leszel,wordfreq:hu,wordfreq_seeded;deterministically_filtered;structurally_curated
hu,v1,2,1404,1426,magasabb,magasabb,magasabb,unknown,magasabb,wordfreq:hu,wordfreq_seeded;deterministically_filtered;structurally_curated
hu,v1,2,1405,1427,megfelelően,megfelelően,megfelelően,unknown,megfelelően,wordfreq:hu,wordfreq_seeded;deterministically_filtered;structurally_curated
hu,v1,2,1406,1428,mondd,mondd,mondd,unknown,mondd,wordfreq:hu,wordfreq_seeded;deterministically_filtered;structurally_curated
hu,v1,2,1407,1429,muszáj,muszáj,muszáj,unknown,muszáj,wordfreq:hu,wordfreq_seeded;deterministically_filtered;structurally_curated
hu,v1,2,1408,1430,pécsi,pécsi,pécsi,unknown,pécsi,wordfreq:hu,wordfreq_seeded;deterministically_filtered;structurally_curated
hu,v1,2,1409,1431,római,római,római,unknown,római,wordfreq:hu,wordfreq_seeded;deterministically_filtered;structurally_curated
hu,v1,2,1410,1432,sajnálom,sajnálom,sajnálom,unknown,sajnálom,wordfreq:hu,wordfreq_seeded;deterministically_filtered;structurally_curated
hu,v1,2,1411,1433,senkinek,senkinek,senkinek,unknown,senkinek,wordfreq:hu,wordfreq_seeded;deterministically_filtered;structurally_curated
hu,v1,2,1412,1434,század,század,század,unknown,század,wordfreq:hu,wordfreq_seeded;deterministically_filtered;structurally_curated
hu,v1,2,1413,1435,állat,állat,állat,unknown,állat,wordfreq:hu,wordfreq_seeded;deterministically_filtered;structurally_curated
hu,v1,2,1414,1436,ára,ára,ára,unknown,ára,wordfreq:hu,wordfreq_seeded;deterministically_filtered;structurally_curated
hu,v1,2,1415,1437,érzi,érzi,érzi,unknown,érzi,wordfreq:hu,wordfreq_seeded;deterministically_filtered;structurally_curated
hu,v1,2,1416,1438,öreg,öreg,öreg,unknown,öreg,wordfreq:hu,wordfreq_seeded;deterministically_filtered;structurally_curated
hu,v1,2,1417,1439,úgyis,úgyis,úgyis,unknown,úgyis,wordfreq:hu,wordfreq_seeded;deterministically_filtered;structurally_curated
hu,v1,2,1418,1440,akarnak,akarnak,akarnak,unknown,akarnak,wordfreq:hu,wordfreq_seeded;deterministically_filtered;structurally_curated
hu,v1,2,1419,1441,alsó,alsó,alsó,unknown,alsó,wordfreq:hu,wordfreq_seeded;deterministically_filtered;structurally_curated
hu,v1,2,1420,1442,bajnok,bajnok,bajnok,unknown,bajnok,wordfreq:hu,wordfreq_seeded;deterministically_filtered;structurally_curated
hu,v1,2,1421,1443,egészségügyi,egészségügyi,egészségügyi,unknown,egészségügyi,wordfreq:hu,wordfreq_seeded;deterministically_filtered;structurally_curated
hu,v1,2,1422,1444,farkas,farkas,farkas,unknown,farkas,wordfreq:hu,wordfreq_seeded;deterministically_filtered;structurally_curated
hu,v1,2,1423,1445,figyelem,figyelem,figyelem,unknown,figyelem,wordfreq:hu,wordfreq_seeded;deterministically_filtered;structurally_curated
hu,v1,2,1424,1446,fogják,fogják,fogják,unknown,fogják,wordfreq:hu,wordfreq_seeded;deterministically_filtered;structurally_curated
hu,v1,2,1425,1447,forrás,forrás,forrás,unknown,forrás,wordfreq:hu,wordfreq_seeded;deterministically_filtered;structurally_curated
hu,v1,2,1426,1448,fény,fény,fény,unknown,fény,wordfreq:hu,wordfreq_seeded;deterministically_filtered;structurally_curated
hu,v1,2,1427,1449,hotel,hotel,hotel,unknown,hotel,wordfreq:hu,wordfreq_seeded;deterministically_filtered;structurally_curated
hu,v1,2,1428,1450,házi,házi,házi,unknown,házi,wordfreq:hu,wordfreq_seeded;deterministically_filtered;structurally_curated
hu,v1,2,1429,1451,hírek,hírek,hírek,unknown,hírek,wordfreq:hu,wordfreq_seeded;deterministically_filtered;structurally_curated
hu,v1,2,1430,1452,idők,idők,idők,unknown,idők,wordfreq:hu,wordfreq_seeded;deterministically_filtered;structurally_curated
hu,v1,2,1431,1453,játszik,játszik,játszik,unknown,játszik,wordfreq:hu,wordfreq_seeded;deterministically_filtered;structurally_curated
hu,v1,2,1432,1454,kapcsolatot,kapcsolatot,kapcsolatot,unknown,kapcsolatot,wordfreq:hu,wordfreq_seeded;deterministically_filtered;structurally_curated
hu,v1,2,1433,1455,kupa,kupa,kupa,unknown,kupa,wordfreq:hu,wordfreq_seeded;deterministically_filtered;structurally_curated
hu,v1,2,1434,1456,közelében,közelében,közelében,unknown,közelében,wordfreq:hu,wordfreq_seeded;deterministically_filtered;structurally_curated
hu,v1,2,1435,1457,közösen,közösen,közösen,unknown,közösen,wordfreq:hu,wordfreq_seeded;deterministically_filtered;structurally_curated
hu,v1,2,1436,1458,lakás,lakás,lakás,unknown,lakás,wordfreq:hu,wordfreq_seeded;deterministically_filtered;structurally_curated
hu,v1,2,1437,1459,lettek,lettek,lettek,unknown,lettek,wordfreq:hu,wordfreq_seeded;deterministically_filtered;structurally_curated
hu,v1,2,1438,1460,mennek,mennek,mennek,unknown,mennek,wordfreq:hu,wordfreq_seeded;deterministically_filtered;structurally_curated
hu,v1,2,1439,1461,mihály,mihály,mihály,unknown,mihály,wordfreq:hu,wordfreq_seeded;deterministically_filtered;structurally_curated
hu,v1,2,1440,1462,mióta,mióta,mióta,unknown,mióta,wordfreq:hu,wordfreq_seeded;deterministically_filtered;structurally_curated
hu,v1,2,1441,1463,múzeum,múzeum,múzeum,unknown,múzeum,wordfreq:hu,wordfreq_seeded;deterministically_filtered;structurally_curated
hu,v1,2,1442,1464,működő,működő,működő,unknown,működő,wordfreq:hu,wordfreq_seeded;deterministically_filtered;structurally_curated
hu,v1,2,1443,1465,napra,napra,napra,unknown,napra,wordfreq:hu,wordfreq_seeded;deterministically_filtered;structurally_curated
hu,v1,2,1444,1466,nos,nos,nos,unknown,nos,wordfreq:hu,wordfreq_seeded;deterministically_filtered;structurally_curated
hu,v1,2,1445,1467,olvastam,olvastam,olvastam,unknown,olvastam,wordfreq:hu,wordfreq_seeded;deterministically_filtered;structurally_curated
hu,v1,2,1446,1468,projekt,projekt,projekt,unknown,projekt,wordfreq:hu,wordfreq_seeded;deterministically_filtered;structurally_curated
hu,v1,2,1447,1469,pénzügyi,pénzügyi,pénzügyi,unknown,pénzügyi,wordfreq:hu,wordfreq_seeded;deterministically_filtered;structurally_curated
hu,v1,2,1448,1470,szerelmes,szerelmes,szerelmes,unknown,szerelmes,wordfreq:hu,wordfreq_seeded;deterministically_filtered;structurally_curated
hu,v1,2,1449,1471,színes,színes,színes,unknown,színes,wordfreq:hu,wordfreq_seeded;deterministically_filtered;structurally_curated
hu,v1,2,1450,1472,élt,élt,élt,unknown,élt,wordfreq:hu,wordfreq_seeded;deterministically_filtered;structurally_curated
hu,v1,2,1451,1473,írni,írni,írni,unknown,írni,wordfreq:hu,wordfreq_seeded;deterministically_filtered;structurally_curated
hu,v1,2,1452,1474,írtam,írtam,írtam,unknown,írtam,wordfreq:hu,wordfreq_seeded;deterministically_filtered;structurally_curated
hu,v1,2,1453,1475,író,író,író,unknown,író,wordfreq:hu,wordfreq_seeded;deterministically_filtered;structurally_curated
hu,v1,2,1454,1477,aha,aha,aha,unknown,aha,wordfreq:hu,wordfreq_seeded;deterministically_filtered;structurally_curated
hu,v1,2,1455,1478,akarta,akarta,akarta,unknown,akarta,wordfreq:hu,wordfreq_seeded;deterministically_filtered;structurally_curated
hu,v1,2,1456,1479,bíróság,bíróság,bíróság,unknown,bíróság,wordfreq:hu,wordfreq_seeded;deterministically_filtered;structurally_curated
hu,v1,2,1457,1480,címe,címe,címe,unknown,címe,wordfreq:hu,wordfreq_seeded;deterministically_filtered;structurally_curated
hu,v1,2,1458,1481,digitális,digitális,digitális,unknown,digitális,wordfreq:hu,wordfreq_seeded;deterministically_filtered;structurally_curated
hu,v1,2,1459,1482,egység,egység,egység,unknown,egység,wordfreq:hu,wordfreq_seeded;deterministically_filtered;structurally_curated
hu,v1,2,1460,1483,elektromos,elektromos,elektromos,unknown,elektromos,wordfreq:hu,wordfreq_seeded;deterministically_filtered;structurally_curated
hu,v1,2,1461,1484,előzetes,előzetes,előzetes,unknown,előzetes,wordfreq:hu,wordfreq_seeded;deterministically_filtered;structurally_curated
hu,v1,2,1462,1485,enyém,enyém,enyém,unknown,enyém,wordfreq:hu,wordfreq_seeded;deterministically_filtered;structurally_curated
hu,v1,2,1463,1486,esti,esti,esti,unknown,esti,wordfreq:hu,wordfreq_seeded;deterministically_filtered;structurally_curated
hu,v1,2,1464,1488,fele,fele,fele,unknown,fele,wordfreq:hu,wordfreq_seeded;deterministically_filtered;structurally_curated
hu,v1,2,1465,1489,formában,formában,formában,unknown,formában,wordfreq:hu,wordfreq_seeded;deterministically_filtered;structurally_curated
hu,v1,2,1466,1490,frank,frank,frank,unknown,frank,wordfreq:hu,wordfreq_seeded;deterministically_filtered;structurally_curated
hu,v1,2,1467,1491,gyereket,gyereket,gyereket,unknown,gyereket,wordfreq:hu,wordfreq_seeded;deterministically_filtered;structurally_curated
hu,v1,2,1468,1492,gólt,gólt,gólt,unknown,gólt,wordfreq:hu,wordfreq_seeded;deterministically_filtered;structurally_curated
hu,v1,2,1469,1493,hosszabb,hosszabb,hosszabb,unknown,hosszabb,wordfreq:hu,wordfreq_seeded;deterministically_filtered;structurally_curated
hu,v1,2,1470,1494,ismerem,ismerem,ismerem,unknown,ismerem,wordfreq:hu,wordfreq_seeded;deterministically_filtered;structurally_curated
hu,v1,2,1471,1495,it,it,it,unknown,it,wordfreq:hu,wordfreq_seeded;deterministically_filtered;structurally_curated
hu,v1,2,1472,1496,kapcsolat,kapcsolat,kapcsolat,unknown,kapcsolat,wordfreq:hu,wordfreq_seeded;deterministically_filtered;structurally_curated
hu,v1,2,1473,1497,katona,katona,katona,unknown,katona,wordfreq:hu,wordfreq_seeded;deterministically_filtered;structurally_curated
hu,v1,2,1474,1498,kezdődött,kezdődött,kezdődött,unknown,kezdődött,wordfreq:hu,wordfreq_seeded;deterministically_filtered;structurally_curated
hu,v1,2,1475,1499,kötött,kötött,kötött,unknown,kötött,wordfreq:hu,wordfreq_seeded;deterministically_filtered;structurally_curated
hu,v1,2,1476,1500,köztük,köztük,köztük,unknown,köztük,wordfreq:hu,wordfreq_seeded;deterministically_filtered;structurally_curated
hu,v1,2,1477,1501,légy,légy,légy,unknown,légy,wordfreq:hu,wordfreq_seeded;deterministically_filtered;structurally_curated
hu,v1,2,1478,1502,mark,mark,mark,unknown,mark,wordfreq:hu,wordfreq_seeded;deterministically_filtered;structurally_curated
hu,v1,2,1479,1503,miniszterelnök,miniszterelnök,miniszterelnök,unknown,miniszterelnök,wordfreq:hu,wordfreq_seeded;deterministically_filtered;structurally_curated
hu,v1,2,1480,1504,miskolc,miskolc,miskolc,unknown,miskolc,wordfreq:hu,wordfreq_seeded;deterministically_filtered;structurally_curated
hu,v1,2,1481,1505,nagyszerű,nagyszerű,nagyszerű,unknown,nagyszerű,wordfreq:hu,wordfreq_seeded;deterministically_filtered;structurally_curated
hu,v1,2,1482,1506,negatív,negatív,negatív,unknown,negatív,wordfreq:hu,wordfreq_seeded;deterministically_filtered;structurally_curated
hu,v1,2,1483,1507,negyedik,negyedik,negyedik,unknown,negyedik,wordfreq:hu,wordfreq_seeded;deterministically_filtered;structurally_curated
hu,v1,2,1484,1508,nemrég,nemrég,nemrég,unknown,nemrég,wordfreq:hu,wordfreq_seeded;deterministically_filtered;structurally_curated
hu,v1,2,1485,1509,nál,nál,nál,unknown,nál,wordfreq:hu,wordfreq_seeded;deterministically_filtered;structurally_curated
hu,v1,2,1486,1510,olyat,olyat,olyat,unknown,olyat,wordfreq:hu,wordfreq_seeded;deterministically_filtered;structurally_curated
hu,v1,2,1487,1511,reggeli,reggeli,reggeli,unknown,reggeli,wordfreq:hu,wordfreq_seeded;deterministically_filtered;structurally_curated
hu,v1,2,1488,1512,ritkán,ritkán,ritkán,unknown,ritkán,wordfreq:hu,wordfreq_seeded;deterministically_filtered;structurally_curated
hu,v1,2,1489,1513,segítséget,segítséget,segítséget,unknown,segítséget,wordfreq:hu,wordfreq_seeded;deterministically_filtered;structurally_curated
hu,v1,2,1490,1514,semmilyen,semmilyen,semmilyen,unknown,semmilyen,wordfreq:hu,wordfreq_seeded;deterministically_filtered;structurally_curated
hu,v1,2,1491,1515,szívem,szívem,szívem,unknown,szívem,wordfreq:hu,wordfreq_seeded;deterministically_filtered;structurally_curated
hu,v1,2,1492,1516,sárga,sárga,sárga,unknown,sárga,wordfreq:hu,wordfreq_seeded;deterministically_filtered;structurally_curated
hu,v1,2,1493,1517,tanács,tanács,tanács,unknown,tanács,wordfreq:hu,wordfreq_seeded;deterministically_filtered;structurally_curated
hu,v1,2,1494,1518,tudjátok,tudjátok,tudjátok,unknown,tudjátok,wordfreq:hu,wordfreq_seeded;deterministically_filtered;structurally_curated
hu,v1,2,1495,1519,ugyanaz,ugyanaz,ugyanaz,unknown,ugyanaz,wordfreq:hu,wordfreq_seeded;deterministically_filtered;structurally_curated
hu,v1,2,1496,1520,ukrán,ukrán,ukrán,unknown,ukrán,wordfreq:hu,wordfreq_seeded;deterministically_filtered;structurally_curated
hu,v1,2,1497,1521,utcai,utcai,utcai,unknown,utcai,wordfreq:hu,wordfreq_seeded;deterministically_filtered;structurally_curated
hu,v1,2,1498,1522,örök,örök,örök,unknown,örök,wordfreq:hu,wordfreq_seeded;deterministically_filtered;structurally_curated
hu,v1,2,1499,1523,alakult,alakult,alakult,unknown,alakult,wordfreq:hu,wordfreq_seeded;deterministically_filtered;structurally_curated
hu,v1,2,1500,1524,anyám,anyám,anyám,unknown,anyám,wordfreq:hu,wordfreq_seeded;deterministically_filtered;structurally_curated
hu,v1,2,1501,1525,bajnokság,bajnokság,bajnokság,unknown,bajnokság,wordfreq:hu,wordfreq_seeded;deterministically_filtered;structurally_curated
hu,v1,2,1502,1526,biztonságos,biztonságos,biztonságos,unknown,biztonságos,wordfreq:hu,wordfreq_seeded;deterministically_filtered;structurally_curated
hu,v1,2,1503,1527,csoda,csoda,csoda,unknown,csoda,wordfreq:hu,wordfreq_seeded;deterministically_filtered;structurally_curated
hu,v1,2,1504,1528,egyaránt,egyaránt,egyaránt,unknown,egyaránt,wordfreq:hu,wordfreq_seeded;deterministically_filtered;structurally_curated
hu,v1,2,1505,1529,európában,európában,európában,unknown,európában,wordfreq:hu,wordfreq_seeded;deterministically_filtered;structurally_curated
hu,v1,2,1506,1530,filmek,filmek,filmek,unknown,filmek,wordfreq:hu,wordfreq_seeded;deterministically_filtered;structurally_curated
hu,v1,2,1507,1531,független,független,független,unknown,független,wordfreq:hu,wordfreq_seeded;deterministically_filtered;structurally_curated
hu,v1,2,1508,1532,halott,halott,halott,unknown,halott,wordfreq:hu,wordfreq_seeded;deterministically_filtered;structurally_curated
hu,v1,2,1509,1533,halála,halála,halála,unknown,halála,wordfreq:hu,wordfreq_seeded;deterministically_filtered;structurally_curated
hu,v1,2,1510,1534,heti,heti,heti,unknown,heti,wordfreq:hu,wordfreq_seeded;deterministically_filtered;structurally_curated
hu,v1,2,1511,1535,holland,holland,holland,unknown,holland,wordfreq:hu,wordfreq_seeded;deterministically_filtered;structurally_curated
hu,v1,2,1512,1536,hónapja,hónapja,hónapja,unknown,hónapja,wordfreq:hu,wordfreq_seeded;deterministically_filtered;structurally_curated
hu,v1,2,1513,1537,iránt,iránt,iránt,unknown,iránt,wordfreq:hu,wordfreq_seeded;deterministically_filtered;structurally_curated
hu,v1,2,1514,1538,kiderül,kiderül,kiderül,unknown,kiderül,wordfreq:hu,wordfreq_seeded;deterministically_filtered;structurally_curated
hu,v1,2,1515,1539,képesek,képesek,képesek,unknown,képesek,wordfreq:hu,wordfreq_seeded;deterministically_filtered;structurally_curated
hu,v1,2,1516,1540,késő,késő,késő,unknown,késő,wordfreq:hu,wordfreq_seeded;deterministically_filtered;structurally_curated
hu,v1,2,1517,1541,közvetlen,közvetlen,közvetlen,unknown,közvetlen,wordfreq:hu,wordfreq_seeded;deterministically_filtered;structurally_curated
hu,v1,2,1518,1542,megyünk,megyünk,megyünk,unknown,megyünk,wordfreq:hu,wordfreq_seeded;deterministically_filtered;structurally_curated
hu,v1,2,1519,1543,mármint,mármint,mármint,unknown,mármint,wordfreq:hu,wordfreq_seeded;deterministically_filtered;structurally_curated
hu,v1,2,1520,1544,méter,méter,méter,unknown,méter,wordfreq:hu,wordfreq_seeded;deterministically_filtered;structurally_curated
hu,v1,2,1521,1545,napján,napján,napján,unknown,napján,wordfreq:hu,wordfreq_seeded;deterministically_filtered;structurally_curated
hu,v1,2,1522,1546,nehogy,nehogy,nehogy,unknown,nehogy,wordfreq:hu,wordfreq_seeded;deterministically_filtered;structurally_curated
hu,v1,2,1523,1547,nyerte,nyerte,nyerte,unknown,nyerte,wordfreq:hu,wordfreq_seeded;deterministically_filtered;structurally_curated
hu,v1,2,1524,1548,nép,nép,nép,unknown,nép,wordfreq:hu,wordfreq_seeded;deterministically_filtered;structurally_curated
hu,v1,2,1525,1549,olcsó,olcsó,olcsó,unknown,olcsó,wordfreq:hu,wordfreq_seeded;deterministically_filtered;structurally_curated
hu,v1,2,1526,1550,profi,profi,profi,unknown,profi,wordfreq:hu,wordfreq_seeded;deterministically_filtered;structurally_curated
hu,v1,2,1527,1551,szerencsére,szerencsére,szerencsére,unknown,szerencsére,wordfreq:hu,wordfreq_seeded;deterministically_filtered;structurally_curated
hu,v1,2,1528,1552,szeretek,szeretek,szeretek,unknown,szeretek,wordfreq:hu,wordfreq_seeded;deterministically_filtered;structurally_curated
hu,v1,2,1529,1553,szezon,szezon,szezon,unknown,szezon,wordfreq:hu,wordfreq_seeded;deterministically_filtered;structurally_curated
hu,v1,2,1530,1554,számok,számok,számok,unknown,számok,wordfreq:hu,wordfreq_seeded;deterministically_filtered;structurally_curated
hu,v1,2,1531,1555,szél,szél,szél,unknown,szél,wordfreq:hu,wordfreq_seeded;deterministically_filtered;structurally_curated
hu,v1,2,1532,1556,templom,templom,templom,unknown,templom,wordfreq:hu,wordfreq_seeded;deterministically_filtered;structurally_curated
hu,v1,2,1533,1557,titkos,titkos,titkos,unknown,titkos,wordfreq:hu,wordfreq_seeded;deterministically_filtered;structurally_curated
hu,v1,2,1534,1558,társadalom,társadalom,társadalom,unknown,társadalom,wordfreq:hu,wordfreq_seeded;deterministically_filtered;structurally_curated
hu,v1,2,1535,1559,vállalat,vállalat,vállalat,unknown,vállalat,wordfreq:hu,wordfreq_seeded;deterministically_filtered;structurally_curated
hu,v1,2,1536,1560,végére,végére,végére,unknown,végére,wordfreq:hu,wordfreq_seeded;deterministically_filtered;structurally_curated
hu,v1,2,1537,1561,véletlen,véletlen,véletlen,unknown,véletlen,wordfreq:hu,wordfreq_seeded;deterministically_filtered;structurally_curated
hu,v1,2,1538,1562,with,with,with,unknown,with,wordfreq:hu,wordfreq_seeded;deterministically_filtered;structurally_curated
hu,v1,2,1539,1563,zrt,zrt,zrt,unknown,zrt,wordfreq:hu,wordfreq_seeded;deterministically_filtered;structurally_curated
hu,v1,2,1540,1564,zárt,zárt,zárt,unknown,zárt,wordfreq:hu,wordfreq_seeded;deterministically_filtered;structurally_curated
hu,v1,2,1541,1565,állapotban,állapotban,állapotban,unknown,állapotban,wordfreq:hu,wordfreq_seeded;deterministically_filtered;structurally_curated
hu,v1,2,1542,1566,önnek,önnek,önnek,unknown,önnek,wordfreq:hu,wordfreq_seeded;deterministically_filtered;structurally_curated
hu,v1,2,1543,1567,önálló,önálló,önálló,unknown,önálló,wordfreq:hu,wordfreq_seeded;deterministically_filtered;structurally_curated
hu,v1,2,1544,1568,akiknek,akiknek,akiknek,unknown,akiknek,wordfreq:hu,wordfreq_seeded;deterministically_filtered;structurally_curated
hu,v1,2,1545,1569,amiről,amiről,amiről,unknown,amiről,wordfreq:hu,wordfreq_seeded;deterministically_filtered;structurally_curated
hu,v1,2,1546,1570,avagy,avagy,avagy,unknown,avagy,wordfreq:hu,wordfreq_seeded;deterministically_filtered;structurally_curated
hu,v1,2,1547,1571,ből,ből,ből,unknown,ből,wordfreq:hu,wordfreq_seeded;deterministically_filtered;structurally_curated
hu,v1,2,1548,1572,csapata,csapata,csapata,unknown,csapata,wordfreq:hu,wordfreq_seeded;deterministically_filtered;structurally_curated
hu,v1,2,1549,1573,cél,cél,cél,unknown,cél,wordfreq:hu,wordfreq_seeded;deterministically_filtered;structurally_curated
hu,v1,2,1550,1574,elhunyt,elhunyt,elhunyt,unknown,elhunyt,wordfreq:hu,wordfreq_seeded;deterministically_filtered;structurally_curated
hu,v1,2,1551,1575,férje,férje,férje,unknown,férje,wordfreq:hu,wordfreq_seeded;deterministically_filtered;structurally_curated
hu,v1,2,1552,1576,hang,hang,hang,unknown,hang,wordfreq:hu,wordfreq_seeded;deterministically_filtered;structurally_curated
hu,v1,2,1553,1577,hátha,hátha,hátha,unknown,hátha,wordfreq:hu,wordfreq_seeded;deterministically_filtered;structurally_curated
hu,v1,2,1554,1578,időm,időm,időm,unknown,időm,wordfreq:hu,wordfreq_seeded;deterministically_filtered;structurally_curated
hu,v1,2,1555,1579,ifjúsági,ifjúsági,ifjúsági,unknown,ifjúsági,wordfreq:hu,wordfreq_seeded;deterministically_filtered;structurally_curated
hu,v1,2,1556,1580,irodalom,irodalom,irodalom,unknown,irodalom,wordfreq:hu,wordfreq_seeded;deterministically_filtered;structurally_curated
hu,v1,2,1557,1581,iskolai,iskolai,iskolai,unknown,iskolai,wordfreq:hu,wordfreq_seeded;deterministically_filtered;structurally_curated
hu,v1,2,1558,1582,kapta,kapta,kapta,unknown,kapta,wordfreq:hu,wordfreq_seeded;deterministically_filtered;structurally_curated
hu,v1,2,1559,1583,korán,korán,korán,unknown,korán,wordfreq:hu,wordfreq_seeded;deterministically_filtered;structurally_curated
hu,v1,2,1560,1584,lehetetlen,lehetetlen,lehetetlen,unknown,lehetetlen,wordfreq:hu,wordfreq_seeded;deterministically_filtered;structurally_curated
hu,v1,2,1561,1585,mekkora,mekkora,mekkora,unknown,mekkora,wordfreq:hu,wordfreq_seeded;deterministically_filtered;structurally_curated
hu,v1,2,1562,1586,mentem,mentem,mentem,unknown,mentem,wordfreq:hu,wordfreq_seeded;deterministically_filtered;structurally_curated
hu,v1,2,1563,1587,music,music,music,unknown,music,wordfreq:hu,wordfreq_seeded;deterministically_filtered;structurally_curated
hu,v1,2,1564,1588,naponta,naponta,naponta,unknown,naponta,wordfreq:hu,wordfreq_seeded;deterministically_filtered;structurally_curated
hu,v1,2,1565,1589,nyáron,nyáron,nyáron,unknown,nyáron,wordfreq:hu,wordfreq_seeded;deterministically_filtered;structurally_curated
hu,v1,2,1566,1590,rájuk,rájuk,rájuk,unknown,rájuk,wordfreq:hu,wordfreq_seeded;deterministically_filtered;structurally_curated
hu,v1,2,1567,1591,ról,ról,ról,unknown,ról,wordfreq:hu,wordfreq_seeded;deterministically_filtered;structurally_curated
hu,v1,2,1568,1592,szempontból,szempontból,szempontból,unknown,szempontból,wordfreq:hu,wordfreq_seeded;deterministically_filtered;structurally_curated
hu,v1,2,1569,1593,szombaton,szombaton,szombaton,unknown,szombaton,wordfreq:hu,wordfreq_seeded;deterministically_filtered;structurally_curated
hu,v1,2,1570,1594,távol,távol,távol,unknown,távol,wordfreq:hu,wordfreq_seeded;deterministically_filtered;structurally_curated
hu,v1,2,1571,1595,tó,tó,tó,unknown,tó,wordfreq:hu,wordfreq_seeded;deterministically_filtered;structurally_curated
hu,v1,2,1572,1596,vettek,vettek,vettek,unknown,vettek,wordfreq:hu,wordfreq_seeded;deterministically_filtered;structurally_curated
hu,v1,2,1573,1597,villamos,villamos,villamos,unknown,villamos,wordfreq:hu,wordfreq_seeded;deterministically_filtered;structurally_curated
hu,v1,2,1574,1598,végső,végső,végső,unknown,végső,wordfreq:hu,wordfreq_seeded;deterministically_filtered;structurally_curated
hu,v1,2,1575,1599,éven,éven,éven,unknown,éven,wordfreq:hu,wordfreq_seeded;deterministically_filtered;structurally_curated
hu,v1,2,1576,1600,őszi,őszi,őszi,unknown,őszi,wordfreq:hu,wordfreq_seeded;deterministically_filtered;structurally_curated
hu,v1,2,1577,1601,akivel,akivel,akivel,unknown,akivel,wordfreq:hu,wordfreq_seeded;deterministically_filtered;structurally_curated
hu,v1,2,1578,1602,amin,amin,amin,unknown,amin,wordfreq:hu,wordfreq_seeded;deterministically_filtered;structurally_curated
hu,v1,2,1579,1603,eltűnt,eltűnt,eltűnt,unknown,eltűnt,wordfreq:hu,wordfreq_seeded;deterministically_filtered;structurally_curated
hu,v1,2,1580,1604,falu,falu,falu,unknown,falu,wordfreq:hu,wordfreq_seeded;deterministically_filtered;structurally_curated
hu,v1,2,1581,1605,gonosz,gonosz,gonosz,unknown,gonosz,wordfreq:hu,wordfreq_seeded;deterministically_filtered;structurally_curated
hu,v1,2,1582,1606,gyenge,gyenge,gyenge,unknown,gyenge,wordfreq:hu,wordfreq_seeded;deterministically_filtered;structurally_curated
hu,v1,2,1583,1607,gyilkos,gyilkos,gyilkos,unknown,gyilkos,wordfreq:hu,wordfreq_seeded;deterministically_filtered;structurally_curated
hu,v1,2,1584,1608,hiba,hiba,hiba,unknown,hiba,wordfreq:hu,wordfreq_seeded;deterministically_filtered;structurally_curated
hu,v1,2,1585,1609,házban,házban,házban,unknown,házban,wordfreq:hu,wordfreq_seeded;deterministically_filtered;structurally_curated
hu,v1,2,1586,1610,jog,jog,jog,unknown,jog,wordfreq:hu,wordfreq_seeded;deterministically_filtered;structurally_curated
hu,v1,2,1587,1611,kérdést,kérdést,kérdést,unknown,kérdést,wordfreq:hu,wordfreq_seeded;deterministically_filtered;structurally_curated
hu,v1,2,1588,1612,különbség,különbség,különbség,unknown,különbség,wordfreq:hu,wordfreq_seeded;deterministically_filtered;structurally_curated
hu,v1,2,1589,1613,lép,lép,lép,unknown,lép,wordfreq:hu,wordfreq_seeded;deterministically_filtered;structurally_curated
hu,v1,2,1590,1614,magazin,magazin,magazin,unknown,magazin,wordfreq:hu,wordfreq_seeded;deterministically_filtered;structurally_curated
hu,v1,2,1591,1615,mindenhol,mindenhol,mindenhol,unknown,mindenhol,wordfreq:hu,wordfreq_seeded;deterministically_filtered;structurally_curated
hu,v1,2,1592,1616,molnár,molnár,molnár,unknown,molnár,wordfreq:hu,wordfreq_seeded;deterministically_filtered;structurally_curated
hu,v1,2,1593,1617,rajtam,rajtam,rajtam,unknown,rajtam,wordfreq:hu,wordfreq_seeded;deterministically_filtered;structurally_curated
hu,v1,2,1594,1618,rendőr,rendőr,rendőr,unknown,rendőr,wordfreq:hu,wordfreq_seeded;deterministically_filtered;structurally_curated
hu,v1,2,1595,1619,ritka,ritka,ritka,unknown,ritka,wordfreq:hu,wordfreq_seeded;deterministically_filtered;structurally_curated
hu,v1,2,1596,1620,segített,segített,segített,unknown,segített,wordfreq:hu,wordfreq_seeded;deterministically_filtered;structurally_curated
hu,v1,2,1597,1621,szerző,szerző,szerző,unknown,szerző,wordfreq:hu,wordfreq_seeded;deterministically_filtered;structurally_curated
hu,v1,2,1598,1622,tartják,tartják,tartják,unknown,tartják,wordfreq:hu,wordfreq_seeded;deterministically_filtered;structurally_curated
hu,v1,2,1599,1623,tudomány,tudomány,tudomány,unknown,tudomány,wordfreq:hu,wordfreq_seeded;deterministically_filtered;structurally_curated
hu,v1,2,1600,1624,várja,várja,várja,unknown,várja,wordfreq:hu,wordfreq_seeded;deterministically_filtered;structurally_curated
hu,v1,2,1601,1625,állatok,állatok,állatok,unknown,állatok,wordfreq:hu,wordfreq_seeded;deterministically_filtered;structurally_curated
hu,v1,2,1602,1626,élnek,élnek,élnek,unknown,élnek,wordfreq:hu,wordfreq_seeded;deterministically_filtered;structurally_curated
hu,v1,2,1603,1627,érkezik,érkezik,érkezik,unknown,érkezik,wordfreq:hu,wordfreq_seeded;deterministically_filtered;structurally_curated
hu,v1,2,1604,1628,évente,évente,évente,unknown,évente,wordfreq:hu,wordfreq_seeded;deterministically_filtered;structurally_curated
hu,v1,2,1605,1629,ügy,ügy,ügy,unknown,ügy,wordfreq:hu,wordfreq_seeded;deterministically_filtered;structurally_curated
hu,v1,2,1606,1630,akiket,akiket,akiket,unknown,akiket,wordfreq:hu,wordfreq_seeded;deterministically_filtered;structurally_curated
hu,v1,2,1607,1631,alatti,alatti,alatti,unknown,alatti,wordfreq:hu,wordfreq_seeded;deterministically_filtered;structurally_curated
hu,v1,2,1608,1632,baja,baja,baja,unknown,baja,wordfreq:hu,wordfreq_seeded;deterministically_filtered;structurally_curated
hu,v1,2,1609,1633,barna,barna,barna,unknown,barna,wordfreq:hu,wordfreq_seeded;deterministically_filtered;structurally_curated
hu,v1,2,1610,1634,ból,ból,ból,unknown,ból,wordfreq:hu,wordfreq_seeded;deterministically_filtered;structurally_curated
hu,v1,2,1611,1635,city,city,city,unknown,city,wordfreq:hu,wordfreq_seeded;deterministically_filtered;structurally_curated
hu,v1,2,1612,1636,club,club,club,unknown,club,wordfreq:hu,wordfreq_seeded;deterministically_filtered;structurally_curated
hu,v1,2,1613,1637,címmel,címmel,címmel,unknown,címmel,wordfreq:hu,wordfreq_seeded;deterministically_filtered;structurally_curated
hu,v1,2,1614,1638,dalt,dalt,dalt,unknown,dalt,wordfreq:hu,wordfreq_seeded;deterministically_filtered;structurally_curated
hu,v1,2,1615,1639,dvd,dvd,dvd,unknown,dvd,wordfreq:hu,wordfreq_seeded;deterministically_filtered;structurally_curated
hu,v1,2,1616,1640,gyakorlatilag,gyakorlatilag,gyakorlatilag,unknown,gyakorlatilag,wordfreq:hu,wordfreq_seeded;deterministically_filtered;structurally_curated
hu,v1,2,1617,1641,hangja,hangja,hangja,unknown,hangja,wordfreq:hu,wordfreq_seeded;deterministically_filtered;structurally_curated
hu,v1,2,1618,1642,hozza,hozza,hozza,unknown,hozza,wordfreq:hu,wordfreq_seeded;deterministically_filtered;structurally_curated
hu,v1,2,1619,1643,időszakban,időszakban,időszakban,unknown,időszakban,wordfreq:hu,wordfreq_seeded;deterministically_filtered;structurally_curated
hu,v1,2,1620,1644,ingatlan,ingatlan,ingatlan,unknown,ingatlan,wordfreq:hu,wordfreq_seeded;deterministically_filtered;structurally_curated
hu,v1,2,1621,1645,jelenik,jelenik,jelenik,unknown,jelenik,wordfreq:hu,wordfreq_seeded;deterministically_filtered;structurally_curated
hu,v1,2,1622,1646,jóval,jóval,jóval,unknown,jóval,wordfreq:hu,wordfreq_seeded;deterministically_filtered;structurally_curated
hu,v1,2,1623,1647,kér,kér,kér,unknown,kér,wordfreq:hu,wordfreq_seeded;deterministically_filtered;structurally_curated
hu,v1,2,1624,1648,könnyebb,könnyebb,könnyebb,unknown,könnyebb,wordfreq:hu,wordfreq_seeded;deterministically_filtered;structurally_curated
hu,v1,2,1625,1649,körülbelül,körülbelül,körülbelül,unknown,körülbelül,wordfreq:hu,wordfreq_seeded;deterministically_filtered;structurally_curated
hu,v1,2,1626,1650,közlekedési,közlekedési,közlekedési,unknown,közlekedési,wordfreq:hu,wordfreq_seeded;deterministically_filtered;structurally_curated
hu,v1,2,1627,1651,legyek,legyek,legyek,unknown,legyek,wordfreq:hu,wordfreq_seeded;deterministically_filtered;structurally_curated
hu,v1,2,1628,1652,louis,louis,louis,unknown,louis,wordfreq:hu,wordfreq_seeded;deterministically_filtered;structurally_curated
hu,v1,2,1629,1653,maguk,maguk,maguk,unknown,maguk,wordfreq:hu,wordfreq_seeded;deterministically_filtered;structurally_curated
hu,v1,2,1630,1654,mezőgazdasági,mezőgazdasági,mezőgazdasági,unknown,mezőgazdasági,wordfreq:hu,wordfreq_seeded;deterministically_filtered;structurally_curated
hu,v1,2,1631,1655,mély,mély,mély,unknown,mély,wordfreq:hu,wordfreq_seeded;deterministically_filtered;structurally_curated
hu,v1,2,1632,1656,napos,napos,napos,unknown,napos,wordfreq:hu,wordfreq_seeded;deterministically_filtered;structurally_curated
hu,v1,2,1633,1657,nyelven,nyelven,nyelven,unknown,nyelven,wordfreq:hu,wordfreq_seeded;deterministically_filtered;structurally_curated
hu,v1,2,1634,1658,okozott,okozott,okozott,unknown,okozott,wordfreq:hu,wordfreq_seeded;deterministically_filtered;structurally_curated
hu,v1,2,1635,1659,star,star,star,unknown,star,wordfreq:hu,wordfreq_seeded;deterministically_filtered;structurally_curated
hu,v1,2,1636,1660,szeretet,szeretet,szeretet,unknown,szeretet,wordfreq:hu,wordfreq_seeded;deterministically_filtered;structurally_curated
hu,v1,2,1637,1661,szerettem,szerettem,szerettem,unknown,szerettem,wordfreq:hu,wordfreq_seeded;deterministically_filtered;structurally_curated
hu,v1,2,1638,1662,település,település,település,unknown,település,wordfreq:hu,wordfreq_seeded;deterministically_filtered;structurally_curated
hu,v1,2,1639,1663,tessék,tessék,tessék,unknown,tessék,wordfreq:hu,wordfreq_seeded;deterministically_filtered;structurally_curated
hu,v1,2,1640,1664,történelem,történelem,történelem,unknown,történelem,wordfreq:hu,wordfreq_seeded;deterministically_filtered;structurally_curated
hu,v1,2,1641,1665,utazás,utazás,utazás,unknown,utazás,wordfreq:hu,wordfreq_seeded;deterministically_filtered;structurally_curated
hu,v1,2,1642,1666,voltál,voltál,voltál,unknown,voltál,wordfreq:hu,wordfreq_seeded;deterministically_filtered;structurally_curated
hu,v1,2,1643,1667,windows,windows,windows,unknown,windows,wordfreq:hu,wordfreq_seeded;deterministically_filtered;structurally_curated
hu,v1,2,1644,1668,életében,életében,életében,unknown,életében,wordfreq:hu,wordfreq_seeded;deterministically_filtered;structurally_curated
hu,v1,2,1645,1669,anyag,anyag,anyag,unknown,anyag,wordfreq:hu,wordfreq_seeded;deterministically_filtered;structurally_curated
hu,v1,2,1646,1670,anélkül,anélkül,anélkül,unknown,anélkül,wordfreq:hu,wordfreq_seeded;deterministically_filtered;structurally_curated
hu,v1,2,1647,1671,art,art,art,unknown,art,wordfreq:hu,wordfreq_seeded;deterministically_filtered;structurally_curated
hu,v1,2,1648,1672,békés,békés,békés,unknown,békés,wordfreq:hu,wordfreq_seeded;deterministically_filtered;structurally_curated
hu,v1,2,1649,1673,déli,déli,déli,unknown,déli,wordfreq:hu,wordfreq_seeded;deterministically_filtered;structurally_curated
hu,v1,2,1650,1674,döntő,döntő,döntő,unknown,döntő,wordfreq:hu,wordfreq_seeded;deterministically_filtered;structurally_curated
hu,v1,2,1651,1675,erzsébet,erzsébet,erzsébet,unknown,erzsébet,wordfreq:hu,wordfreq_seeded;deterministically_filtered;structurally_curated
hu,v1,2,1652,1676,fasz,fasz,fasz,unknown,fasz,wordfreq:hu,wordfreq_seeded;deterministically_filtered;structurally_curated
hu,v1,2,1653,1677,földön,földön,földön,unknown,földön,wordfreq:hu,wordfreq_seeded;deterministically_filtered;structurally_curated
hu,v1,2,1654,1678,gazdaság,gazdaság,gazdaság,unknown,gazdaság,wordfreq:hu,wordfreq_seeded;deterministically_filtered;structurally_curated
hu,v1,2,1655,1679,győri,győri,győri,unknown,győri,wordfreq:hu,wordfreq_seeded;deterministically_filtered;structurally_curated
hu,v1,2,1656,1680,hatása,hatása,hatása,unknown,hatása,wordfreq:hu,wordfreq_seeded;deterministically_filtered;structurally_curated
hu,v1,2,1657,1681,horváth,horváth,horváth,unknown,horváth,wordfreq:hu,wordfreq_seeded;deterministically_filtered;structurally_curated
hu,v1,2,1658,1682,judit,judit,judit,unknown,judit,wordfreq:hu,wordfreq_seeded;deterministically_filtered;structurally_curated
hu,v1,2,1659,1683,jöhet,jöhet,jöhet,unknown,jöhet,wordfreq:hu,wordfreq_seeded;deterministically_filtered;structurally_curated
hu,v1,2,1660,1684,kiss,kiss,kiss,unknown,kiss,wordfreq:hu,wordfreq_seeded;deterministically_filtered;structurally_curated
hu,v1,2,1661,1685,közösség,közösség,közösség,unknown,közösség,wordfreq:hu,wordfreq_seeded;deterministically_filtered;structurally_curated
hu,v1,2,1662,1686,leszünk,leszünk,leszünk,unknown,leszünk,wordfreq:hu,wordfreq_seeded;deterministically_filtered;structurally_curated
hu,v1,2,1663,1687,liszt,liszt,liszt,unknown,liszt,wordfreq:hu,wordfreq_seeded;deterministically_filtered;structurally_curated
hu,v1,2,1664,1688,lépett,lépett,lépett,unknown,lépett,wordfreq:hu,wordfreq_seeded;deterministically_filtered;structurally_curated
hu,v1,2,1665,1689,min,min,min,unknown,min,wordfreq:hu,wordfreq_seeded;deterministically_filtered;structurally_curated
hu,v1,2,1666,1690,nél,nél,nél,unknown,nél,wordfreq:hu,wordfreq_seeded;deterministically_filtered;structurally_curated
hu,v1,2,1667,1691,nézett,nézett,nézett,unknown,nézett,wordfreq:hu,wordfreq_seeded;deterministically_filtered;structurally_curated
hu,v1,2,1668,1692,pályán,pályán,pályán,unknown,pályán,wordfreq:hu,wordfreq_seeded;deterministically_filtered;structurally_curated
hu,v1,2,1669,1693,pénteken,pénteken,pénteken,unknown,pénteken,wordfreq:hu,wordfreq_seeded;deterministically_filtered;structurally_curated
hu,v1,2,1670,1694,rendkívüli,rendkívüli,rendkívüli,unknown,rendkívüli,wordfreq:hu,wordfreq_seeded;deterministically_filtered;structurally_curated
hu,v1,2,1671,1695,ről,ről,ről,unknown,ről,wordfreq:hu,wordfreq_seeded;deterministically_filtered;structurally_curated
hu,v1,2,1672,1696,származó,származó,származó,unknown,származó,wordfreq:hu,wordfreq_seeded;deterministically_filtered;structurally_curated
hu,v1,2,1673,1697,tartok,tartok,tartok,unknown,tartok,wordfreq:hu,wordfreq_seeded;deterministically_filtered;structurally_curated
hu,v1,2,1674,1698,tartom,tartom,tartom,unknown,tartom,wordfreq:hu,wordfreq_seeded;deterministically_filtered;structurally_curated
hu,v1,2,1675,1699,telefon,telefon,telefon,unknown,telefon,wordfreq:hu,wordfreq_seeded;deterministically_filtered;structurally_curated
hu,v1,2,1676,1700,tök,tök,tök,unknown,tök,wordfreq:hu,wordfreq_seeded;deterministically_filtered;structurally_curated
hu,v1,2,1677,1701,ugyanolyan,ugyanolyan,ugyanolyan,unknown,ugyanolyan,wordfreq:hu,wordfreq_seeded;deterministically_filtered;structurally_curated
hu,v1,2,1678,1702,veszprém,veszprém,veszprém,unknown,veszprém,wordfreq:hu,wordfreq_seeded;deterministically_filtered;structurally_curated
hu,v1,2,1679,1703,vezetett,vezetett,vezetett,unknown,vezetett,wordfreq:hu,wordfreq_seeded;deterministically_filtered;structurally_curated
hu,v1,2,1680,1704,vi,vi,vi,unknown,vi,wordfreq:hu,wordfreq_seeded;deterministically_filtered;structurally_curated
hu,v1,2,1681,1705,vonatkozó,vonatkozó,vonatkozó,unknown,vonatkozó,wordfreq:hu,wordfreq_seeded;deterministically_filtered;structurally_curated
hu,v1,2,1682,1706,állni,állni,állni,unknown,állni,wordfreq:hu,wordfreq_seeded;deterministically_filtered;structurally_curated
hu,v1,2,1683,1707,árpád,árpád,árpád,unknown,árpád,wordfreq:hu,wordfreq_seeded;deterministically_filtered;structurally_curated
hu,v1,2,1684,1708,éhes,éhes,éhes,unknown,éhes,wordfreq:hu,wordfreq_seeded;deterministically_filtered;structurally_curated
hu,v1,2,1685,1709,üzleti,üzleti,üzleti,unknown,üzleti,wordfreq:hu,wordfreq_seeded;deterministically_filtered;structurally_curated
hu,v1,2,1686,1711,all,all,all,unknown,all,wordfreq:hu,wordfreq_seeded;deterministically_filtered;structurally_curated
hu,v1,2,1687,1712,asszony,asszony,asszony,unknown,asszony,wordfreq:hu,wordfreq_seeded;deterministically_filtered;structurally_curated
hu,v1,2,1688,1713,bármi,bármi,bármi,unknown,bármi,wordfreq:hu,wordfreq_seeded;deterministically_filtered;structurally_curated
hu,v1,2,1689,1714,egyenes,egyenes,egyenes,unknown,egyenes,wordfreq:hu,wordfreq_seeded;deterministically_filtered;structurally_curated
hu,v1,2,1690,1715,extra,extra,extra,unknown,extra,wordfreq:hu,wordfreq_seeded;deterministically_filtered;structurally_curated
hu,v1,2,1691,1716,fogod,fogod,fogod,unknown,fogod,wordfreq:hu,wordfreq_seeded;deterministically_filtered;structurally_curated
hu,v1,2,1692,1717,fontosabb,fontosabb,fontosabb,unknown,fontosabb,wordfreq:hu,wordfreq_seeded;deterministically_filtered;structurally_curated
hu,v1,2,1693,1718,halálos,halálos,halálos,unknown,halálos,wordfreq:hu,wordfreq_seeded;deterministically_filtered;structurally_curated
hu,v1,2,1694,1719,használja,használja,használja,unknown,használja,wordfreq:hu,wordfreq_seeded;deterministically_filtered;structurally_curated
hu,v1,2,1695,1720,hete,hete,hete,unknown,hete,wordfreq:hu,wordfreq_seeded;deterministically_filtered;structurally_curated
hu,v1,2,1696,1721,hétvégén,hétvégén,hétvégén,unknown,hétvégén,wordfreq:hu,wordfreq_seeded;deterministically_filtered;structurally_curated
hu,v1,2,1697,1722,istenem,istenem,istenem,unknown,istenem,wordfreq:hu,wordfreq_seeded;deterministically_filtered;structurally_curated
hu,v1,2,1698,1723,ketten,ketten,ketten,unknown,ketten,wordfreq:hu,wordfreq_seeded;deterministically_filtered;structurally_curated
hu,v1,2,1699,1724,kezdte,kezdte,kezdte,unknown,kezdte,wordfreq:hu,wordfreq_seeded;deterministically_filtered;structurally_curated
hu,v1,2,1700,1725,könyvtár,könyvtár,könyvtár,unknown,könyvtár,wordfreq:hu,wordfreq_seeded;deterministically_filtered;structurally_curated
hu,v1,2,1701,1726,magával,magával,magával,unknown,magával,wordfreq:hu,wordfreq_seeded;deterministically_filtered;structurally_curated
hu,v1,2,1702,1727,modell,modell,modell,unknown,modell,wordfreq:hu,wordfreq_seeded;deterministically_filtered;structurally_curated
hu,v1,2,1703,1728,mondták,mondták,mondták,unknown,mondták,wordfreq:hu,wordfreq_seeded;deterministically_filtered;structurally_curated
hu,v1,2,1704,1729,nézzétek,nézzétek,nézzétek,unknown,nézzétek,wordfreq:hu,wordfreq_seeded;deterministically_filtered;structurally_curated
hu,v1,2,1705,1730,pozitív,pozitív,pozitív,unknown,pozitív,wordfreq:hu,wordfreq_seeded;deterministically_filtered;structurally_curated
hu,v1,2,1706,1731,pécs,pécs,pécs,unknown,pécs,wordfreq:hu,wordfreq_seeded;deterministically_filtered;structurally_curated
hu,v1,2,1707,1732,szabadság,szabadság,szabadság,unknown,szabadság,wordfreq:hu,wordfreq_seeded;deterministically_filtered;structurally_curated
hu,v1,2,1708,1733,szeretettel,szeretettel,szeretettel,unknown,szeretettel,wordfreq:hu,wordfreq_seeded;deterministically_filtered;structurally_curated
hu,v1,2,1709,1734,sziasztok,sziasztok,sziasztok,unknown,sziasztok,wordfreq:hu,wordfreq_seeded;deterministically_filtered;structurally_curated
hu,v1,2,1710,1735,szlovák,szlovák,szlovák,unknown,szlovák,wordfreq:hu,wordfreq_seeded;deterministically_filtered;structurally_curated
hu,v1,2,1711,1736,szoba,szoba,szoba,unknown,szoba,wordfreq:hu,wordfreq_seeded;deterministically_filtered;structurally_curated
hu,v1,2,1712,1737,szociális,szociális,szociális,unknown,szociális,wordfreq:hu,wordfreq_seeded;deterministically_filtered;structurally_curated
hu,v1,2,1713,1738,szokott,szokott,szokott,unknown,szokott,wordfreq:hu,wordfreq_seeded;deterministically_filtered;structurally_curated
hu,v1,2,1714,1739,számodra,számodra,számodra,unknown,számodra,wordfreq:hu,wordfreq_seeded;deterministically_filtered;structurally_curated
hu,v1,2,1715,1740,támadás,támadás,támadás,unknown,támadás,wordfreq:hu,wordfreq_seeded;deterministically_filtered;structurally_curated
hu,v1,2,1716,1742,utcán,utcán,utcán,unknown,utcán,wordfreq:hu,wordfreq_seeded;deterministically_filtered;structurally_curated
hu,v1,2,1717,1743,északi,északi,északi,unknown,északi,wordfreq:hu,wordfreq_seeded;deterministically_filtered;structurally_curated
hu,v1,2,1718,1744,éva,éva,éva,unknown,éva,wordfreq:hu,wordfreq_seeded;deterministically_filtered;structurally_curated
hu,v1,2,1719,1745,csomó,csomó,csomó,unknown,csomó,wordfreq:hu,wordfreq_seeded;deterministically_filtered;structurally_curated
hu,v1,2,1720,1746,döntés,döntés,döntés,unknown,döntés,wordfreq:hu,wordfreq_seeded;deterministically_filtered;structurally_curated
hu,v1,2,1721,1747,együttes,együttes,együttes,unknown,együttes,wordfreq:hu,wordfreq_seeded;deterministically_filtered;structurally_curated
hu,v1,2,1722,1748,faj,faj,faj,unknown,faj,wordfreq:hu,wordfreq_seeded;deterministically_filtered;structurally_curated
hu,v1,2,1723,1749,forma,forma,forma,unknown,forma,wordfreq:hu,wordfreq_seeded;deterministically_filtered;structurally_curated
hu,v1,2,1724,1750,függ,függ,függ,unknown,függ,wordfreq:hu,wordfreq_seeded;deterministically_filtered;structurally_curated
hu,v1,2,1725,1751,gáz,gáz,gáz,unknown,gáz,wordfreq:hu,wordfreq_seeded;deterministically_filtered;structurally_curated
hu,v1,2,1726,1752,használják,használják,használják,unknown,használják,wordfreq:hu,wordfreq_seeded;deterministically_filtered;structurally_curated
hu,v1,2,1727,1753,herceg,herceg,herceg,unknown,herceg,wordfreq:hu,wordfreq_seeded;deterministically_filtered;structurally_curated
hu,v1,2,1728,1754,hu,hu,hu,unknown,hu,wordfreq:hu,wordfreq_seeded;deterministically_filtered;structurally_curated
hu,v1,2,1729,1755,igazgató,igazgató,igazgató,unknown,igazgató,wordfreq:hu,wordfreq_seeded;deterministically_filtered;structurally_curated
hu,v1,2,1730,1756,ill,ill,ill,unknown,ill,wordfreq:hu,wordfreq_seeded;deterministically_filtered;structurally_curated
hu,v1,2,1731,1757,internet,internet,internet,unknown,internet,wordfreq:hu,wordfreq_seeded;deterministically_filtered;structurally_curated
hu,v1,2,1732,1758,kaptak,kaptak,kaptak,unknown,kaptak,wordfreq:hu,wordfreq_seeded;deterministically_filtered;structurally_curated
hu,v1,2,1733,1759,karácsonyi,karácsonyi,karácsonyi,unknown,karácsonyi,wordfreq:hu,wordfreq_seeded;deterministically_filtered;structurally_curated
hu,v1,2,1734,1760,keresni,keresni,keresni,unknown,keresni,wordfreq:hu,wordfreq_seeded;deterministically_filtered;structurally_curated
hu,v1,2,1735,1761,kezdtem,kezdtem,kezdtem,unknown,kezdtem,wordfreq:hu,wordfreq_seeded;deterministically_filtered;structurally_curated
hu,v1,2,1736,1762,kik,kik,kik,unknown,kik,wordfreq:hu,wordfreq_seeded;deterministically_filtered;structurally_curated
hu,v1,2,1737,1763,korai,korai,korai,unknown,korai,wordfreq:hu,wordfreq_seeded;deterministically_filtered;structurally_curated
hu,v1,2,1738,1764,körülmények,körülmények,körülmények,unknown,körülmények,wordfreq:hu,wordfreq_seeded;deterministically_filtered;structurally_curated
hu,v1,2,1739,1765,következik,következik,következik,unknown,következik,wordfreq:hu,wordfreq_seeded;deterministically_filtered;structurally_curated
hu,v1,2,1740,1766,lásd,lásd,lásd,unknown,lásd,wordfreq:hu,wordfreq_seeded;deterministically_filtered;structurally_curated
hu,v1,2,1741,1767,meddig,meddig,meddig,unknown,meddig,wordfreq:hu,wordfreq_seeded;deterministically_filtered;structurally_curated
hu,v1,2,1742,1768,miniszter,miniszter,miniszter,unknown,miniszter,wordfreq:hu,wordfreq_seeded;deterministically_filtered;structurally_curated
hu,v1,2,1743,1769,miről,miről,miről,unknown,miről,wordfreq:hu,wordfreq_seeded;deterministically_filtered;structurally_curated
hu,v1,2,1744,1770,művészet,művészet,művészet,unknown,művészet,wordfreq:hu,wordfreq_seeded;deterministically_filtered;structurally_curated
hu,v1,2,1745,1771,nőtt,nőtt,nőtt,unknown,nőtt,wordfreq:hu,wordfreq_seeded;deterministically_filtered;structurally_curated
hu,v1,2,1746,1772,oly,oly,oly,unknown,oly,wordfreq:hu,wordfreq_seeded;deterministically_filtered;structurally_curated
hu,v1,2,1747,1773,oscar,oscar,oscar,unknown,oscar,wordfreq:hu,wordfreq_seeded;deterministically_filtered;structurally_curated
hu,v1,2,1748,1774,percig,percig,percig,unknown,percig,wordfreq:hu,wordfreq_seeded;deterministically_filtered;structurally_curated
hu,v1,2,1749,1775,pest,pest,pest,unknown,pest,wordfreq:hu,wordfreq_seeded;deterministically_filtered;structurally_curated
hu,v1,2,1750,1776,polgári,polgári,polgári,unknown,polgári,wordfreq:hu,wordfreq_seeded;deterministically_filtered;structurally_curated
hu,v1,2,1751,1777,pro,pro,pro,unknown,pro,wordfreq:hu,wordfreq_seeded;deterministically_filtered;structurally_curated
hu,v1,2,1752,1778,rendesen,rendesen,rendesen,unknown,rendesen,wordfreq:hu,wordfreq_seeded;deterministically_filtered;structurally_curated
hu,v1,2,1753,1779,rájöttem,rájöttem,rájöttem,unknown,rájöttem,wordfreq:hu,wordfreq_seeded;deterministically_filtered;structurally_curated
hu,v1,2,1754,1780,részén,részén,részén,unknown,részén,wordfreq:hu,wordfreq_seeded;deterministically_filtered;structurally_curated
hu,v1,2,1755,1781,senkit,senkit,senkit,unknown,senkit,wordfreq:hu,wordfreq_seeded;deterministically_filtered;structurally_curated
hu,v1,2,1756,1782,simán,simán,simán,unknown,simán,wordfreq:hu,wordfreq_seeded;deterministically_filtered;structurally_curated
hu,v1,2,1757,1783,speciális,speciális,speciális,unknown,speciális,wordfreq:hu,wordfreq_seeded;deterministically_filtered;structurally_curated
hu,v1,2,1758,1784,tenger,tenger,tenger,unknown,tenger,wordfreq:hu,wordfreq_seeded;deterministically_filtered;structurally_curated
hu,v1,2,1759,1785,tibor,tibor,tibor,unknown,tibor,wordfreq:hu,wordfreq_seeded;deterministically_filtered;structurally_curated
hu,v1,2,1760,1786,téma,téma,téma,unknown,téma,wordfreq:hu,wordfreq_seeded;deterministically_filtered;structurally_curated
hu,v1,2,1761,1787,utálom,utálom,utálom,unknown,utálom,wordfreq:hu,wordfreq_seeded;deterministically_filtered;structurally_curated
hu,v1,2,1762,1788,vidéki,vidéki,vidéki,unknown,vidéki,wordfreq:hu,wordfreq_seeded;deterministically_filtered;structurally_curated
hu,v1,2,1763,1789,várjuk,várjuk,várjuk,unknown,várjuk,wordfreq:hu,wordfreq_seeded;deterministically_filtered;structurally_curated
hu,v1,2,1764,1790,végéig,végéig,végéig,unknown,végéig,wordfreq:hu,wordfreq_seeded;deterministically_filtered;structurally_curated
hu,v1,2,1765,1791,é,é,é,unknown,é,wordfreq:hu,wordfreq_seeded;deterministically_filtered;structurally_curated
hu,v1,2,1766,1792,értek,értek,értek,unknown,értek,wordfreq:hu,wordfreq_seeded;deterministically_filtered;structurally_curated
hu,v1,2,1767,1793,évesen,évesen,évesen,unknown,évesen,wordfreq:hu,wordfreq_seeded;deterministically_filtered;structurally_curated
hu,v1,2,1768,1794,órás,órás,órás,unknown,órás,wordfreq:hu,wordfreq_seeded;deterministically_filtered;structurally_curated
hu,v1,2,1769,1795,ötödik,ötödik,ötödik,unknown,ötödik,wordfreq:hu,wordfreq_seeded;deterministically_filtered;structurally_curated
hu,v1,2,1770,1796,őrült,őrült,őrült,unknown,őrült,wordfreq:hu,wordfreq_seeded;deterministically_filtered;structurally_curated
hu,v1,2,1771,1798,amilyen,amilyen,amilyen,unknown,amilyen,wordfreq:hu,wordfreq_seeded;deterministically_filtered;structurally_curated
hu,v1,2,1772,1799,aranyos,aranyos,aranyos,unknown,aranyos,wordfreq:hu,wordfreq_seeded;deterministically_filtered;structurally_curated
hu,v1,2,1773,1800,büszke,büszke,büszke,unknown,büszke,wordfreq:hu,wordfreq_seeded;deterministically_filtered;structurally_curated
hu,v1,2,1774,1801,csendes,csendes,csendes,unknown,csendes,wordfreq:hu,wordfreq_seeded;deterministically_filtered;structurally_curated
hu,v1,2,1775,1802,dávid,dávid,dávid,unknown,dávid,wordfreq:hu,wordfreq_seeded;deterministically_filtered;structurally_curated
hu,v1,2,1776,1803,egészet,egészet,egészet,unknown,egészet,wordfreq:hu,wordfreq_seeded;deterministically_filtered;structurally_curated
hu,v1,2,1777,1804,elmondta,elmondta,elmondta,unknown,elmondta,wordfreq:hu,wordfreq_seeded;deterministically_filtered;structurally_curated
hu,v1,2,1778,1805,from,from,from,unknown,from,wordfreq:hu,wordfreq_seeded;deterministically_filtered;structurally_curated
hu,v1,2,1779,1806,hatással,hatással,hatással,unknown,hatással,wordfreq:hu,wordfreq_seeded;deterministically_filtered;structurally_curated
hu,v1,2,1780,1807,hez,hez,hez,unknown,hez,wordfreq:hu,wordfreq_seeded;deterministically_filtered;structurally_curated
hu,v1,2,1781,1808,hónapban,hónapban,hónapban,unknown,hónapban,wordfreq:hu,wordfreq_seeded;deterministically_filtered;structurally_curated
hu,v1,2,1782,1809,hőmérséklet,hőmérséklet,hőmérséklet,unknown,hőmérséklet,wordfreq:hu,wordfreq_seeded;deterministically_filtered;structurally_curated
hu,v1,2,1783,1810,jack,jack,jack,unknown,jack,wordfreq:hu,wordfreq_seeded;deterministically_filtered;structurally_curated
hu,v1,2,1784,1811,jelentősen,jelentősen,jelentősen,unknown,jelentősen,wordfreq:hu,wordfreq_seeded;deterministically_filtered;structurally_curated
hu,v1,2,1785,1812,jók,jók,jók,unknown,jók,wordfreq:hu,wordfreq_seeded;deterministically_filtered;structurally_curated
hu,v1,2,1786,1813,kizárólag,kizárólag,kizárólag,unknown,kizárólag,wordfreq:hu,wordfreq_seeded;deterministically_filtered;structurally_curated
hu,v1,2,1787,1814,kora,kora,kora,unknown,kora,wordfreq:hu,wordfreq_seeded;deterministically_filtered;structurally_curated
hu,v1,2,1788,1815,különféle,különféle,különféle,unknown,különféle,wordfreq:hu,wordfreq_seeded;deterministically_filtered;structurally_curated
hu,v1,2,1789,1816,legmagasabb,legmagasabb,legmagasabb,unknown,legmagasabb,wordfreq:hu,wordfreq_seeded;deterministically_filtered;structurally_curated
hu,v1,2,1790,1817,live,live,live,unknown,live,wordfreq:hu,wordfreq_seeded;deterministically_filtered;structurally_curated
hu,v1,2,1791,1818,megoldás,megoldás,megoldás,unknown,megoldás,wordfreq:hu,wordfreq_seeded;deterministically_filtered;structurally_curated
hu,v1,2,1792,1819,mester,mester,mester,unknown,mester,wordfreq:hu,wordfreq_seeded;deterministically_filtered;structurally_curated
hu,v1,2,1793,1820,mutat,mutat,mutat,unknown,mutat,wordfreq:hu,wordfreq_seeded;deterministically_filtered;structurally_curated
hu,v1,2,1794,1821,márton,márton,márton,unknown,márton,wordfreq:hu,wordfreq_seeded;deterministically_filtered;structurally_curated
hu,v1,2,1795,1822,méretű,méretű,méretű,unknown,méretű,wordfreq:hu,wordfreq_seeded;deterministically_filtered;structurally_curated
hu,v1,2,1796,1823,mértékben,mértékben,mértékben,unknown,mértékben,wordfreq:hu,wordfreq_seeded;deterministically_filtered;structurally_curated
hu,v1,2,1797,1824,némi,némi,némi,unknown,némi,wordfreq:hu,wordfreq_seeded;deterministically_filtered;structurally_curated
hu,v1,2,1798,1825,olvasni,olvasni,olvasni,unknown,olvasni,wordfreq:hu,wordfreq_seeded;deterministically_filtered;structurally_curated
hu,v1,2,1799,1826,percet,percet,percet,unknown,percet,wordfreq:hu,wordfreq_seeded;deterministically_filtered;structurally_curated
hu,v1,2,1800,1827,személyesen,személyesen,személyesen,unknown,személyesen,wordfreq:hu,wordfreq_seeded;deterministically_filtered;structurally_curated
hu,v1,2,1801,1828,szerepe,szerepe,szerepe,unknown,szerepe,wordfreq:hu,wordfreq_seeded;deterministically_filtered;structurally_curated
hu,v1,2,1802,1829,tag,tag,tag,unknown,tag,wordfreq:hu,wordfreq_seeded;deterministically_filtered;structurally_curated
hu,v1,2,1803,1830,technikai,technikai,technikai,unknown,technikai,wordfreq:hu,wordfreq_seeded;deterministically_filtered;structurally_curated
hu,v1,2,1804,1831,telefonon,telefonon,telefonon,unknown,telefonon,wordfreq:hu,wordfreq_seeded;deterministically_filtered;structurally_curated
hu,v1,2,1805,1832,telt,telt,telt,unknown,telt,wordfreq:hu,wordfreq_seeded;deterministically_filtered;structurally_curated
hu,v1,2,1806,1833,top,top,top,unknown,top,wordfreq:hu,wordfreq_seeded;deterministically_filtered;structurally_curated
hu,v1,2,1807,1834,többiek,többiek,többiek,unknown,többiek,wordfreq:hu,wordfreq_seeded;deterministically_filtered;structurally_curated
hu,v1,2,1808,1835,tűz,tűz,tűz,unknown,tűz,wordfreq:hu,wordfreq_seeded;deterministically_filtered;structurally_curated
hu,v1,2,1809,1836,választás,választás,választás,unknown,választás,wordfreq:hu,wordfreq_seeded;deterministically_filtered;structurally_curated
hu,v1,2,1810,1837,várost,várost,várost,unknown,várost,wordfreq:hu,wordfreq_seeded;deterministically_filtered;structurally_curated
hu,v1,2,1811,1838,vártam,vártam,vártam,unknown,vártam,wordfreq:hu,wordfreq_seeded;deterministically_filtered;structurally_curated
hu,v1,2,1812,1839,épült,épült,épült,unknown,épült,wordfreq:hu,wordfreq_seeded;deterministically_filtered;structurally_curated
hu,v1,2,1813,1840,adtak,adtak,adtak,unknown,adtak,wordfreq:hu,wordfreq_seeded;deterministically_filtered;structurally_curated
hu,v1,2,1814,1841,barátja,barátja,barátja,unknown,barátja,wordfreq:hu,wordfreq_seeded;deterministically_filtered;structurally_curated
hu,v1,2,1815,1842,bocs,bocs,bocs,unknown,bocs,wordfreq:hu,wordfreq_seeded;deterministically_filtered;structurally_curated
hu,v1,2,1816,1843,elkészült,elkészült,elkészült,unknown,elkészült,wordfreq:hu,wordfreq_seeded;deterministically_filtered;structurally_curated
hu,v1,2,1817,1844,erdélyi,erdélyi,erdélyi,unknown,erdélyi,wordfreq:hu,wordfreq_seeded;deterministically_filtered;structurally_curated
hu,v1,2,1818,1845,fifa,fifa,fifa,unknown,fifa,wordfreq:hu,wordfreq_seeded;deterministically_filtered;structurally_curated
hu,v1,2,1819,1846,fizetni,fizetni,fizetni,unknown,fizetni,wordfreq:hu,wordfreq_seeded;deterministically_filtered;structurally_curated
hu,v1,2,1820,1847,folyamatos,folyamatos,folyamatos,unknown,folyamatos,wordfreq:hu,wordfreq_seeded;deterministically_filtered;structurally_curated
hu,v1,2,1821,1848,folyó,folyó,folyó,unknown,folyó,wordfreq:hu,wordfreq_seeded;deterministically_filtered;structurally_curated
hu,v1,2,1822,1849,helye,helye,helye,unknown,helye,wordfreq:hu,wordfreq_seeded;deterministically_filtered;structurally_curated
hu,v1,2,1823,1850,hó,hó,hó,unknown,hó,wordfreq:hu,wordfreq_seeded;deterministically_filtered;structurally_curated
hu,v1,2,1824,1851,időszak,időszak,időszak,unknown,időszak,wordfreq:hu,wordfreq_seeded;deterministically_filtered;structurally_curated
hu,v1,2,1825,1852,interneten,interneten,interneten,unknown,interneten,wordfreq:hu,wordfreq_seeded;deterministically_filtered;structurally_curated
hu,v1,2,1826,1853,jártam,jártam,jártam,unknown,jártam,wordfreq:hu,wordfreq_seeded;deterministically_filtered;structurally_curated
hu,v1,2,1827,1854,járó,járó,járó,unknown,járó,wordfreq:hu,wordfreq_seeded;deterministically_filtered;structurally_curated
hu,v1,2,1828,1855,játékot,játékot,játékot,unknown,játékot,wordfreq:hu,wordfreq_seeded;deterministically_filtered;structurally_curated
hu,v1,2,1829,1856,jövök,jövök,jövök,unknown,jövök,wordfreq:hu,wordfreq_seeded;deterministically_filtered;structurally_curated
hu,v1,2,1830,1857,királyi,királyi,királyi,unknown,királyi,wordfreq:hu,wordfreq_seeded;deterministically_filtered;structurally_curated
hu,v1,2,1831,1858,kérjük,kérjük,kérjük,unknown,kérjük,wordfreq:hu,wordfreq_seeded;deterministically_filtered;structurally_curated
hu,v1,2,1832,1859,könyvek,könyvek,könyvek,unknown,könyvek,wordfreq:hu,wordfreq_seeded;deterministically_filtered;structurally_curated
hu,v1,2,1833,1860,közelebb,közelebb,közelebb,unknown,közelebb,wordfreq:hu,wordfreq_seeded;deterministically_filtered;structurally_curated
hu,v1,2,1834,1861,lépés,lépés,lépés,unknown,lépés,wordfreq:hu,wordfreq_seeded;deterministically_filtered;structurally_curated
hu,v1,2,1835,1862,magunkat,magunkat,magunkat,unknown,magunkat,wordfreq:hu,wordfreq_seeded;deterministically_filtered;structurally_curated
hu,v1,2,1836,1863,man,man,man,unknown,man,wordfreq:hu,wordfreq_seeded;deterministically_filtered;structurally_curated
hu,v1,2,1837,1864,másfél,másfél,másfél,unknown,másfél,wordfreq:hu,wordfreq_seeded;deterministically_filtered;structurally_curated
hu,v1,2,1838,1865,média,média,média,unknown,média,wordfreq:hu,wordfreq_seeded;deterministically_filtered;structurally_curated
hu,v1,2,1839,1866,nevében,nevében,nevében,unknown,nevében,wordfreq:hu,wordfreq_seeded;deterministically_filtered;structurally_curated
hu,v1,2,1840,1867,nincsen,nincsen,nincsen,unknown,nincsen,wordfreq:hu,wordfreq_seeded;deterministically_filtered;structurally_curated
hu,v1,2,1841,1868,osztrák,osztrák,osztrák,unknown,osztrák,wordfreq:hu,wordfreq_seeded;deterministically_filtered;structurally_curated
hu,v1,2,1842,1869,polgármester,polgármester,polgármester,unknown,polgármester,wordfreq:hu,wordfreq_seeded;deterministically_filtered;structurally_curated
hu,v1,2,1843,1870,próbáld,próbáld,próbáld,unknown,próbáld,wordfreq:hu,wordfreq_seeded;deterministically_filtered;structurally_curated
hu,v1,2,1844,1871,rendszert,rendszert,rendszert,unknown,rendszert,wordfreq:hu,wordfreq_seeded;deterministically_filtered;structurally_curated
hu,v1,2,1845,1872,rt,rt,rt,unknown,rt,wordfreq:hu,wordfreq_seeded;deterministically_filtered;structurally_curated
hu,v1,2,1846,1873,ruha,ruha,ruha,unknown,ruha,wordfreq:hu,wordfreq_seeded;deterministically_filtered;structurally_curated
hu,v1,2,1847,1874,részére,részére,részére,unknown,részére,wordfreq:hu,wordfreq_seeded;deterministically_filtered;structurally_curated
hu,v1,2,1848,1875,show,show,show,unknown,show,wordfreq:hu,wordfreq_seeded;deterministically_filtered;structurally_curated
hu,v1,2,1849,1876,srácok,srácok,srácok,unknown,srácok,wordfreq:hu,wordfreq_seeded;deterministically_filtered;structurally_curated
hu,v1,2,1850,1877,tény,tény,tény,unknown,tény,wordfreq:hu,wordfreq_seeded;deterministically_filtered;structurally_curated
hu,v1,2,1851,1878,valamelyik,valamelyik,valamelyik,unknown,valamelyik,wordfreq:hu,wordfreq_seeded;deterministically_filtered;structurally_curated
hu,v1,2,1852,1879,világos,világos,világos,unknown,világos,wordfreq:hu,wordfreq_seeded;deterministically_filtered;structurally_curated
hu,v1,2,1853,1880,viszonylag,viszonylag,viszonylag,unknown,viszonylag,wordfreq:hu,wordfreq_seeded;deterministically_filtered;structurally_curated
hu,v1,2,1854,1881,ádám,ádám,ádám,unknown,ádám,wordfreq:hu,wordfreq_seeded;deterministically_filtered;structurally_curated
hu,v1,2,1855,1882,átlagos,átlagos,átlagos,unknown,átlagos,wordfreq:hu,wordfreq_seeded;deterministically_filtered;structurally_curated
hu,v1,2,1856,1883,balaton,balaton,balaton,unknown,balaton,wordfreq:hu,wordfreq_seeded;deterministically_filtered;structurally_curated
hu,v1,2,1857,1884,barátok,barátok,barátok,unknown,barátok,wordfreq:hu,wordfreq_seeded;deterministically_filtered;structurally_curated
hu,v1,2,1858,1885,egyház,egyház,egyház,unknown,egyház,wordfreq:hu,wordfreq_seeded;deterministically_filtered;structurally_curated
hu,v1,2,1859,1886,eredmény,eredmény,eredmény,unknown,eredmény,wordfreq:hu,wordfreq_seeded;deterministically_filtered;structurally_curated
hu,v1,2,1860,1887,fenn,fenn,fenn,unknown,fenn,wordfreq:hu,wordfreq_seeded;deterministically_filtered;structurally_curated
hu,v1,2,1861,1888,főváros,főváros,főváros,unknown,főváros,wordfreq:hu,wordfreq_seeded;deterministically_filtered;structurally_curated
hu,v1,2,1862,1889,fővárosi,fővárosi,fővárosi,unknown,fővárosi,wordfreq:hu,wordfreq_seeded;deterministically_filtered;structurally_curated
hu,v1,2,1863,1890,gondolja,gondolja,gondolja,unknown,gondolja,wordfreq:hu,wordfreq_seeded;deterministically_filtered;structurally_curated
hu,v1,2,1864,1891,gondolok,gondolok,gondolok,unknown,gondolok,wordfreq:hu,wordfreq_seeded;deterministically_filtered;structurally_curated
hu,v1,2,1865,1892,háza,háza,háza,unknown,háza,wordfreq:hu,wordfreq_seeded;deterministically_filtered;structurally_curated
hu,v1,2,1866,1893,házat,házat,házat,unknown,házat,wordfreq:hu,wordfreq_seeded;deterministically_filtered;structurally_curated
hu,v1,2,1867,1894,kapitány,kapitány,kapitány,unknown,kapitány,wordfreq:hu,wordfreq_seeded;deterministically_filtered;structurally_curated
hu,v1,2,1868,1895,kaptunk,kaptunk,kaptunk,unknown,kaptunk,wordfreq:hu,wordfreq_seeded;deterministically_filtered;structurally_curated
hu,v1,2,1869,1896,keresünk,keresünk,keresünk,unknown,keresünk,wordfreq:hu,wordfreq_seeded;deterministically_filtered;structurally_curated
hu,v1,2,1870,1897,kerültek,kerültek,kerültek,unknown,kerültek,wordfreq:hu,wordfreq_seeded;deterministically_filtered;structurally_curated
hu,v1,2,1871,1898,kettős,kettős,kettős,unknown,kettős,wordfreq:hu,wordfreq_seeded;deterministically_filtered;structurally_curated
hu,v1,2,1872,1899,kilenc,kilenc,kilenc,unknown,kilenc,wordfreq:hu,wordfreq_seeded;deterministically_filtered;structurally_curated
hu,v1,2,1873,1900,kossuth,kossuth,kossuth,unknown,kossuth,wordfreq:hu,wordfreq_seeded;deterministically_filtered;structurally_curated
hu,v1,2,1874,1901,képeket,képeket,képeket,unknown,képeket,wordfreq:hu,wordfreq_seeded;deterministically_filtered;structurally_curated
hu,v1,2,1875,1902,kérek,kérek,kérek,unknown,kérek,wordfreq:hu,wordfreq_seeded;deterministically_filtered;structurally_curated
hu,v1,2,1876,1903,készen,készen,készen,unknown,készen,wordfreq:hu,wordfreq_seeded;deterministically_filtered;structurally_curated
hu,v1,2,1877,1904,küldött,küldött,küldött,unknown,küldött,wordfreq:hu,wordfreq_seeded;deterministically_filtered;structurally_curated
hu,v1,2,1878,1905,lennie,lennie,lennie,unknown,lennie,wordfreq:hu,wordfreq_seeded;deterministically_filtered;structurally_curated
hu,v1,2,1879,1906,liga,liga,liga,unknown,liga,wordfreq:hu,wordfreq_seeded;deterministically_filtered;structurally_curated
hu,v1,2,1880,1907,martin,martin,martin,unknown,martin,wordfreq:hu,wordfreq_seeded;deterministically_filtered;structurally_curated
hu,v1,2,1881,1908,meglepetés,meglepetés,meglepetés,unknown,meglepetés,wordfreq:hu,wordfreq_seeded;deterministically_filtered;structurally_curated
hu,v1,2,1882,1909,mennyit,mennyit,mennyit,unknown,mennyit,wordfreq:hu,wordfreq_seeded;deterministically_filtered;structurally_curated
hu,v1,2,1883,1910,mik,mik,mik,unknown,mik,wordfreq:hu,wordfreq_seeded;deterministically_filtered;structurally_curated
hu,v1,2,1884,1911,miss,miss,miss,unknown,miss,wordfreq:hu,wordfreq_seeded;deterministically_filtered;structurally_curated
hu,v1,2,1885,1912,munkáját,munkáját,munkáját,unknown,munkáját,wordfreq:hu,wordfreq_seeded;deterministically_filtered;structurally_curated
hu,v1,2,1886,1913,nyugat,nyugat,nyugat,unknown,nyugat,wordfreq:hu,wordfreq_seeded;deterministically_filtered;structurally_curated
hu,v1,2,1887,1914,nyár,nyár,nyár,unknown,nyár,wordfreq:hu,wordfreq_seeded;deterministically_filtered;structurally_curated
hu,v1,2,1888,1915,németh,németh,németh,unknown,németh,wordfreq:hu,wordfreq_seeded;deterministically_filtered;structurally_curated
hu,v1,2,1889,1916,németország,németország,németország,unknown,németország,wordfreq:hu,wordfreq_seeded;deterministically_filtered;structurally_curated
hu,v1,2,1890,1917,olvasható,olvasható,olvasható,unknown,olvasható,wordfreq:hu,wordfreq_seeded;deterministically_filtered;structurally_curated
hu,v1,2,1891,1918,one,one,one,unknown,one,wordfreq:hu,wordfreq_seeded;deterministically_filtered;structurally_curated
hu,v1,2,1892,1919,oroszország,oroszország,oroszország,unknown,oroszország,wordfreq:hu,wordfreq_seeded;deterministically_filtered;structurally_curated
hu,v1,2,1893,1920,parlamenti,parlamenti,parlamenti,unknown,parlamenti,wordfreq:hu,wordfreq_seeded;deterministically_filtered;structurally_curated
hu,v1,2,1894,1921,red,red,red,unknown,red,wordfreq:hu,wordfreq_seeded;deterministically_filtered;structurally_curated
hu,v1,2,1895,1922,sikert,sikert,sikert,unknown,sikert,wordfreq:hu,wordfreq_seeded;deterministically_filtered;structurally_curated
hu,v1,2,1896,1923,svájci,svájci,svájci,unknown,svájci,wordfreq:hu,wordfreq_seeded;deterministically_filtered;structurally_curated
hu,v1,2,1897,1924,szerinti,szerinti,szerinti,unknown,szerinti,wordfreq:hu,wordfreq_seeded;deterministically_filtered;structurally_curated
hu,v1,2,1898,1925,tartalmazza,tartalmazza,tartalmazza,unknown,tartalmazza,wordfreq:hu,wordfreq_seeded;deterministically_filtered;structurally_curated
hu,v1,2,1899,1926,természet,természet,természet,unknown,természet,wordfreq:hu,wordfreq_seeded;deterministically_filtered;structurally_curated
hu,v1,2,1900,1927,ugyanazt,ugyanazt,ugyanazt,unknown,ugyanazt,wordfreq:hu,wordfreq_seeded;deterministically_filtered;structurally_curated
hu,v1,2,1901,1928,ugyanúgy,ugyanúgy,ugyanúgy,unknown,ugyanúgy,wordfreq:hu,wordfreq_seeded;deterministically_filtered;structurally_curated
hu,v1,2,1902,1929,várható,várható,várható,unknown,várható,wordfreq:hu,wordfreq_seeded;deterministically_filtered;structurally_curated
hu,v1,2,1903,1930,államok,államok,államok,unknown,államok,wordfreq:hu,wordfreq_seeded;deterministically_filtered;structurally_curated
hu,v1,2,1904,1931,élek,élek,élek,unknown,élek,wordfreq:hu,wordfreq_seeded;deterministically_filtered;structurally_curated
hu,v1,2,1905,1932,órakor,órakor,órakor,unknown,órakor,wordfreq:hu,wordfreq_seeded;deterministically_filtered;structurally_curated
hu,v1,2,1906,1933,önkormányzati,önkormányzati,önkormányzati,unknown,önkormányzati,wordfreq:hu,wordfreq_seeded;deterministically_filtered;structurally_curated
hu,v1,2,1907,1934,örömmel,örömmel,örömmel,unknown,örömmel,wordfreq:hu,wordfreq_seeded;deterministically_filtered;structurally_curated
hu,v1,2,1908,1935,úristen,úristen,úristen,unknown,úristen,wordfreq:hu,wordfreq_seeded;deterministically_filtered;structurally_curated
hu,v1,2,1909,1936,üres,üres,üres,unknown,üres,wordfreq:hu,wordfreq_seeded;deterministically_filtered;structurally_curated
hu,v1,2,1910,1937,akadémia,akadémia,akadémia,unknown,akadémia,wordfreq:hu,wordfreq_seeded;deterministically_filtered;structurally_curated
hu,v1,2,1911,1938,angolul,angolul,angolul,unknown,angolul,wordfreq:hu,wordfreq_seeded;deterministically_filtered;structurally_curated
hu,v1,2,1912,1939,bálint,bálint,bálint,unknown,bálint,wordfreq:hu,wordfreq_seeded;deterministically_filtered;structurally_curated
hu,v1,2,1913,1940,dolgozó,dolgozó,dolgozó,unknown,dolgozó,wordfreq:hu,wordfreq_seeded;deterministically_filtered;structurally_curated
hu,v1,2,1914,1941,egyetemen,egyetemen,egyetemen,unknown,egyetemen,wordfreq:hu,wordfreq_seeded;deterministically_filtered;structurally_curated
hu,v1,2,1915,1942,elte,elte,elte,unknown,elte,wordfreq:hu,wordfreq_seeded;deterministically_filtered;structurally_curated
hu,v1,2,1916,1943,eredménye,eredménye,eredménye,unknown,eredménye,wordfreq:hu,wordfreq_seeded;deterministically_filtered;structurally_curated
hu,v1,2,1917,1944,fajta,fajta,fajta,unknown,fajta,wordfreq:hu,wordfreq_seeded;deterministically_filtered;structurally_curated
hu,v1,2,1918,1945,folyton,folyton,folyton,unknown,folyton,wordfreq:hu,wordfreq_seeded;deterministically_filtered;structurally_curated
hu,v1,2,1919,1946,fotó,fotó,fotó,unknown,fotó,wordfreq:hu,wordfreq_seeded;deterministically_filtered;structurally_curated
hu,v1,2,1920,1947,hatalom,hatalom,hatalom,unknown,hatalom,wordfreq:hu,wordfreq_seeded;deterministically_filtered;structurally_curated
hu,v1,2,1921,1948,hozni,hozni,hozni,unknown,hozni,wordfreq:hu,wordfreq_seeded;deterministically_filtered;structurally_curated
hu,v1,2,1922,1949,hála,hála,hála,unknown,hála,wordfreq:hu,wordfreq_seeded;deterministically_filtered;structurally_curated
hu,v1,2,1923,1950,iskolában,iskolában,iskolában,unknown,iskolában,wordfreq:hu,wordfreq_seeded;deterministically_filtered;structurally_curated
hu,v1,2,1924,1951,jelentett,jelentett,jelentett,unknown,jelentett,wordfreq:hu,wordfreq_seeded;deterministically_filtered;structurally_curated
hu,v1,2,1925,1952,jellegű,jellegű,jellegű,unknown,jellegű,wordfreq:hu,wordfreq_seeded;deterministically_filtered;structurally_curated
hu,v1,2,1926,1953,katalin,katalin,katalin,unknown,katalin,wordfreq:hu,wordfreq_seeded;deterministically_filtered;structurally_curated
hu,v1,2,1927,1954,kérdése,kérdése,kérdése,unknown,kérdése,wordfreq:hu,wordfreq_seeded;deterministically_filtered;structurally_curated
hu,v1,2,1928,1955,kína,kína,kína,unknown,kína,wordfreq:hu,wordfreq_seeded;deterministically_filtered;structurally_curated
hu,v1,2,1929,1956,körében,körében,körében,unknown,körében,wordfreq:hu,wordfreq_seeded;deterministically_filtered;structurally_curated
hu,v1,2,1930,1957,lát,lát,lát,unknown,lát,wordfreq:hu,wordfreq_seeded;deterministically_filtered;structurally_curated
hu,v1,2,1931,1958,magamnak,magamnak,magamnak,unknown,magamnak,wordfreq:hu,wordfreq_seeded;deterministically_filtered;structurally_curated
hu,v1,2,1932,1959,magára,magára,magára,unknown,magára,wordfreq:hu,wordfreq_seeded;deterministically_filtered;structurally_curated
hu,v1,2,1933,1960,szeretsz,szeretsz,szeretsz,unknown,szeretsz,wordfreq:hu,wordfreq_seeded;deterministically_filtered;structurally_curated
hu,v1,2,1934,1961,szokásos,szokásos,szokásos,unknown,szokásos,wordfreq:hu,wordfreq_seeded;deterministically_filtered;structurally_curated
hu,v1,2,1935,1962,széchenyi,széchenyi,széchenyi,unknown,széchenyi,wordfreq:hu,wordfreq_seeded;deterministically_filtered;structurally_curated
hu,v1,2,1936,1963,találta,találta,találta,unknown,találta,wordfreq:hu,wordfreq_seeded;deterministically_filtered;structurally_curated
hu,v1,2,1937,1964,tartanak,tartanak,tartanak,unknown,tartanak,wordfreq:hu,wordfreq_seeded;deterministically_filtered;structurally_curated
hu,v1,2,1938,1965,tavaszi,tavaszi,tavaszi,unknown,tavaszi,wordfreq:hu,wordfreq_seeded;deterministically_filtered;structurally_curated
hu,v1,2,1939,1966,támogatja,támogatja,támogatja,unknown,támogatja,wordfreq:hu,wordfreq_seeded;deterministically_filtered;structurally_curated
hu,v1,2,1940,1967,veletek,veletek,veletek,unknown,veletek,wordfreq:hu,wordfreq_seeded;deterministically_filtered;structurally_curated
hu,v1,2,1941,1968,vii,vii,vii,unknown,vii,wordfreq:hu,wordfreq_seeded;deterministically_filtered;structurally_curated
hu,v1,2,1942,1969,választási,választási,választási,unknown,választási,wordfreq:hu,wordfreq_seeded;deterministically_filtered;structurally_curated
hu,v1,2,1943,1970,á,á,á,unknown,á,wordfreq:hu,wordfreq_seeded;deterministically_filtered;structurally_curated
hu,v1,2,1944,1971,állandóan,állandóan,állandóan,unknown,állandóan,wordfreq:hu,wordfreq_seeded;deterministically_filtered;structurally_curated
hu,v1,2,1945,1972,éjszakai,éjszakai,éjszakai,unknown,éjszakai,wordfreq:hu,wordfreq_seeded;deterministically_filtered;structurally_curated
hu,v1,2,1946,1973,órája,órája,órája,unknown,órája,wordfreq:hu,wordfreq_seeded;deterministically_filtered;structurally_curated
hu,v1,2,1947,1974,adnak,adnak,adnak,unknown,adnak,wordfreq:hu,wordfreq_seeded;deterministically_filtered;structurally_curated
hu,v1,2,1948,1975,album,album,album,unknown,album,wordfreq:hu,wordfreq_seeded;deterministically_filtered;structurally_curated
hu,v1,2,1949,1976,alkalmazott,alkalmazott,alkalmazott,unknown,alkalmazott,wordfreq:hu,wordfreq_seeded;deterministically_filtered;structurally_curated
hu,v1,2,1950,1977,amelyeket,amelyeket,amelyeket,unknown,amelyeket,wordfreq:hu,wordfreq_seeded;deterministically_filtered;structurally_curated
hu,v1,2,1951,1978,black,black,black,unknown,black,wordfreq:hu,wordfreq_seeded;deterministically_filtered;structurally_curated
hu,v1,2,1952,1979,bp,bp,bp,unknown,bp,wordfreq:hu,wordfreq_seeded;deterministically_filtered;structurally_curated
hu,v1,2,1953,1980,buli,buli,buli,unknown,buli,wordfreq:hu,wordfreq_seeded;deterministically_filtered;structurally_curated
hu,v1,2,1954,1981,cd,cd,cd,unknown,cd,wordfreq:hu,wordfreq_seeded;deterministically_filtered;structurally_curated
hu,v1,2,1955,1982,csaj,csaj,csaj,unknown,csaj,wordfreq:hu,wordfreq_seeded;deterministically_filtered;structurally_curated
hu,v1,2,1956,1983,cseh,cseh,cseh,unknown,cseh,wordfreq:hu,wordfreq_seeded;deterministically_filtered;structurally_curated
hu,v1,2,1957,1984,csökkent,csökkent,csökkent,unknown,csökkent,wordfreq:hu,wordfreq_seeded;deterministically_filtered;structurally_curated
hu,v1,2,1958,1985,címet,címet,címet,unknown,címet,wordfreq:hu,wordfreq_seeded;deterministically_filtered;structurally_curated
hu,v1,2,1959,1986,események,események,események,unknown,események,wordfreq:hu,wordfreq_seeded;deterministically_filtered;structurally_curated
hu,v1,2,1960,1987,eset,eset,eset,unknown,eset,wordfreq:hu,wordfreq_seeded;deterministically_filtered;structurally_curated
hu,v1,2,1961,1988,ezüst,ezüst,ezüst,unknown,ezüst,wordfreq:hu,wordfreq_seeded;deterministically_filtered;structurally_curated
hu,v1,2,1962,1989,görög,görög,görög,unknown,görög,wordfreq:hu,wordfreq_seeded;deterministically_filtered;structurally_curated
hu,v1,2,1963,1990,hangzik,hangzik,hangzik,unknown,hangzik,wordfreq:hu,wordfreq_seeded;deterministically_filtered;structurally_curated
hu,v1,2,1964,1991,hatékony,hatékony,hatékony,unknown,hatékony,wordfreq:hu,wordfreq_seeded;deterministically_filtered;structurally_curated
hu,v1,2,1965,1992,helyét,helyét,helyét,unknown,helyét,wordfreq:hu,wordfreq_seeded;deterministically_filtered;structurally_curated
hu,v1,2,1966,1993,hmm,hmm,hmm,unknown,hmm,wordfreq:hu,wordfreq_seeded;deterministically_filtered;structurally_curated
hu,v1,2,1967,1994,idős,idős,idős,unknown,idős,wordfreq:hu,wordfreq_seeded;deterministically_filtered;structurally_curated
hu,v1,2,1968,1995,isteni,isteni,isteni,unknown,isteni,wordfreq:hu,wordfreq_seeded;deterministically_filtered;structurally_curated
hu,v1,2,1969,1996,játszott,játszott,játszott,unknown,játszott,wordfreq:hu,wordfreq_seeded;deterministically_filtered;structurally_curated
hu,v1,2,1970,1997,jöjjön,jöjjön,jöjjön,unknown,jöjjön,wordfreq:hu,wordfreq_seeded;deterministically_filtered;structurally_curated
hu,v1,2,1971,1998,kapok,kapok,kapok,unknown,kapok,wordfreq:hu,wordfreq_seeded;deterministically_filtered;structurally_curated
hu,v1,2,1972,1999,kávét,kávét,kávét,unknown,kávét,wordfreq:hu,wordfreq_seeded;deterministically_filtered;structurally_curated
hu,v1,2,1973,2000,kérni,kérni,kérni,unknown,kérni,wordfreq:hu,wordfreq_seeded;deterministically_filtered;structurally_curated
hu,v1,2,1974,2001,következtében,következtében,következtében,unknown,következtében,wordfreq:hu,wordfreq_seeded;deterministically_filtered;structurally_curated
hu,v1,2,1975,2002,legszebb,legszebb,legszebb,unknown,legszebb,wordfreq:hu,wordfreq_seeded;deterministically_filtered;structurally_curated
hu,v1,2,1976,2003,mostantól,mostantól,mostantól,unknown,mostantól,wordfreq:hu,wordfreq_seeded;deterministically_filtered;structurally_curated
hu,v1,2,1977,2004,máv,máv,máv,unknown,máv,wordfreq:hu,wordfreq_seeded;deterministically_filtered;structurally_curated
hu,v1,2,1978,2005,napok,napok,napok,unknown,napok,wordfreq:hu,wordfreq_seeded;deterministically_filtered;structurally_curated
hu,v1,2,1979,2006,nb,nb,nb,unknown,nb,wordfreq:hu,wordfreq_seeded;deterministically_filtered;structurally_curated
hu,v1,2,1980,2007,nemsokára,nemsokára,nemsokára,unknown,nemsokára,wordfreq:hu,wordfreq_seeded;deterministically_filtered;structurally_curated
hu,v1,2,1981,2008,nézek,nézek,nézek,unknown,nézek,wordfreq:hu,wordfreq_seeded;deterministically_filtered;structurally_curated
hu,v1,2,1982,2009,nőt,nőt,nőt,unknown,nőt,wordfreq:hu,wordfreq_seeded;deterministically_filtered;structurally_curated
hu,v1,2,1983,2010,sopron,sopron,sopron,unknown,sopron,wordfreq:hu,wordfreq_seeded;deterministically_filtered;structurally_curated
hu,v1,2,1984,2011,szeretnéd,szeretnéd,szeretnéd,unknown,szeretnéd,wordfreq:hu,wordfreq_seeded;deterministically_filtered;structurally_curated
hu,v1,2,1985,2012,számot,számot,számot,unknown,számot,wordfreq:hu,wordfreq_seeded;deterministically_filtered;structurally_curated
hu,v1,2,1986,2013,színész,színész,színész,unknown,színész,wordfreq:hu,wordfreq_seeded;deterministically_filtered;structurally_curated
hu,v1,2,1987,2014,talál,talál,talál,unknown,talál,wordfreq:hu,wordfreq_seeded;deterministically_filtered;structurally_curated
hu,v1,2,1988,2015,találni,találni,találni,unknown,találni,wordfreq:hu,wordfreq_seeded;deterministically_filtered;structurally_curated
hu,v1,2,1989,2016,tuti,tuti,tuti,unknown,tuti,wordfreq:hu,wordfreq_seeded;deterministically_filtered;structurally_curated
hu,v1,2,1990,2017,vastag,vastag,vastag,unknown,vastag,wordfreq:hu,wordfreq_seeded;deterministically_filtered;structurally_curated
hu,v1,2,1991,2018,várunk,várunk,várunk,unknown,várunk,wordfreq:hu,wordfreq_seeded;deterministically_filtered;structurally_curated
hu,v1,2,1992,2019,xii,xii,xii,unknown,xii,wordfreq:hu,wordfreq_seeded;deterministically_filtered;structurally_curated
hu,v1,2,1993,2020,ősi,ősi,ősi,unknown,ősi,wordfreq:hu,wordfreq_seeded;deterministically_filtered;structurally_curated
hu,v1,2,1994,2021,adam,adam,adam,unknown,adam,wordfreq:hu,wordfreq_seeded;deterministically_filtered;structurally_curated
hu,v1,2,1995,2022,add,add,add,unknown,add,wordfreq:hu,wordfreq_seeded;deterministically_filtered;structurally_curated
hu,v1,2,1996,2023,ahogyan,ahogyan,ahogyan,unknown,ahogyan,wordfreq:hu,wordfreq_seeded;deterministically_filtered;structurally_curated
hu,v1,2,1997,2024,alap,alap,alap,unknown,alap,wordfreq:hu,wordfreq_seeded;deterministically_filtered;structurally_curated
hu,v1,2,1998,2025,alkalmából,alkalmából,alkalmából,unknown,alkalmából,wordfreq:hu,wordfreq_seeded;deterministically_filtered;structurally_curated
hu,v1,2,1999,2026,alól,alól,alól,unknown,alól,wordfreq:hu,wordfreq_seeded;deterministically_filtered;structurally_curated
hu,v1,2,2000,2027,amennyiben,amennyiben,amennyiben,unknown,amennyiben,wordfreq:hu,wordfreq_seeded;deterministically_filtered;structurally_curated
hu,v1,3,2001,2028,an,an,an,unknown,an,wordfreq:hu,wordfreq_seeded;deterministically_filtered;structurally_curated
hu,v1,3,2002,2029,csinos,csinos,csinos,unknown,csinos,wordfreq:hu,wordfreq_seeded;deterministically_filtered;structurally_curated
hu,v1,3,2003,2030,elment,elment,elment,unknown,elment,wordfreq:hu,wordfreq_seeded;deterministically_filtered;structurally_curated
hu,v1,3,2004,2031,eltérő,eltérő,eltérő,unknown,eltérő,wordfreq:hu,wordfreq_seeded;deterministically_filtered;structurally_curated
hu,v1,3,2005,2032,előadás,előadás,előadás,unknown,előadás,wordfreq:hu,wordfreq_seeded;deterministically_filtered;structurally_curated
hu,v1,3,2006,2033,eredményt,eredményt,eredményt,unknown,eredményt,wordfreq:hu,wordfreq_seeded;deterministically_filtered;structurally_curated
hu,v1,3,2007,2034,erő,erő,erő,unknown,erő,wordfreq:hu,wordfreq_seeded;deterministically_filtered;structurally_curated
hu,v1,3,2008,2035,esély,esély,esély,unknown,esély,wordfreq:hu,wordfreq_seeded;deterministically_filtered;structurally_curated
hu,v1,3,2009,2036,ezekkel,ezekkel,ezekkel,unknown,ezekkel,wordfreq:hu,wordfreq_seeded;deterministically_filtered;structurally_curated
hu,v1,3,2010,2037,fölött,fölött,fölött,unknown,fölött,wordfreq:hu,wordfreq_seeded;deterministically_filtered;structurally_curated
hu,v1,3,2011,2038,gyermekek,gyermekek,gyermekek,unknown,gyermekek,wordfreq:hu,wordfreq_seeded;deterministically_filtered;structurally_curated
hu,v1,3,2012,2039,harc,harc,harc,unknown,harc,wordfreq:hu,wordfreq_seeded;deterministically_filtered;structurally_curated
hu,v1,3,2013,2040,hétfőn,hétfőn,hétfőn,unknown,hétfőn,wordfreq:hu,wordfreq_seeded;deterministically_filtered;structurally_curated
hu,v1,3,2014,2041,indiai,indiai,indiai,unknown,indiai,wordfreq:hu,wordfreq_seeded;deterministically_filtered;structurally_curated
hu,v1,3,2015,2042,induló,induló,induló,unknown,induló,wordfreq:hu,wordfreq_seeded;deterministically_filtered;structurally_curated
hu,v1,3,2016,2043,jöttem,jöttem,jöttem,unknown,jöttem,wordfreq:hu,wordfreq_seeded;deterministically_filtered;structurally_curated
hu,v1,3,2017,2044,kezdeni,kezdeni,kezdeni,unknown,kezdeni,wordfreq:hu,wordfreq_seeded;deterministically_filtered;structurally_curated
hu,v1,3,2018,2045,látok,látok,látok,unknown,látok,wordfreq:hu,wordfreq_seeded;deterministically_filtered;structurally_curated
hu,v1,3,2019,2046,mindegyik,mindegyik,mindegyik,unknown,mindegyik,wordfreq:hu,wordfreq_seeded;deterministically_filtered;structurally_curated
hu,v1,3,2020,2047,nyilvános,nyilvános,nyilvános,unknown,nyilvános,wordfreq:hu,wordfreq_seeded;deterministically_filtered;structurally_curated
hu,v1,3,2021,2048,néztem,néztem,néztem,unknown,néztem,wordfreq:hu,wordfreq_seeded;deterministically_filtered;structurally_curated
hu,v1,3,2022,2049,okozta,okozta,okozta,unknown,okozta,wordfreq:hu,wordfreq_seeded;deterministically_filtered;structurally_curated
hu,v1,3,2023,2050,pesti,pesti,pesti,unknown,pesti,wordfreq:hu,wordfreq_seeded;deterministically_filtered;structurally_curated
hu,v1,3,2024,2051,rosszabb,rosszabb,rosszabb,unknown,rosszabb,wordfreq:hu,wordfreq_seeded;deterministically_filtered;structurally_curated
hu,v1,3,2025,2052,rólam,rólam,rólam,unknown,rólam,wordfreq:hu,wordfreq_seeded;deterministically_filtered;structurally_curated
hu,v1,3,2026,2053,segítség,segítség,segítség,unknown,segítség,wordfreq:hu,wordfreq_seeded;deterministically_filtered;structurally_curated
hu,v1,3,2027,2054,sehol,sehol,sehol,unknown,sehol,wordfreq:hu,wordfreq_seeded;deterministically_filtered;structurally_curated
hu,v1,3,2028,2055,sima,sima,sima,unknown,sima,wordfreq:hu,wordfreq_seeded;deterministically_filtered;structurally_curated
hu,v1,3,2029,2056,szereted,szereted,szereted,unknown,szereted,wordfreq:hu,wordfreq_seeded;deterministically_filtered;structurally_curated
hu,v1,3,2030,2057,szoktam,szoktam,szoktam,unknown,szoktam,wordfreq:hu,wordfreq_seeded;deterministically_filtered;structurally_curated
hu,v1,3,2031,2058,tedd,tedd,tedd,unknown,tedd,wordfreq:hu,wordfreq_seeded;deterministically_filtered;structurally_curated
hu,v1,3,2032,2059,tekintve,tekintve,tekintve,unknown,tekintve,wordfreq:hu,wordfreq_seeded;deterministically_filtered;structurally_curated
hu,v1,3,2033,2060,thomas,thomas,thomas,unknown,thomas,wordfreq:hu,wordfreq_seeded;deterministically_filtered;structurally_curated
hu,v1,3,2034,2061,tudták,tudták,tudták,unknown,tudták,wordfreq:hu,wordfreq_seeded;deterministically_filtered;structurally_curated
hu,v1,3,2035,2062,tábornok,tábornok,tábornok,unknown,tábornok,wordfreq:hu,wordfreq_seeded;deterministically_filtered;structurally_curated
hu,v1,3,2036,2063,uniós,uniós,uniós,unknown,uniós,wordfreq:hu,wordfreq_seeded;deterministically_filtered;structurally_curated
hu,v1,3,2037,2064,vedd,vedd,vedd,unknown,vedd,wordfreq:hu,wordfreq_seeded;deterministically_filtered;structurally_curated
hu,v1,3,2038,2065,értéke,értéke,értéke,unknown,értéke,wordfreq:hu,wordfreq_seeded;deterministically_filtered;structurally_curated
hu,v1,3,2039,2066,úgynevezett,úgynevezett,úgynevezett,unknown,úgynevezett,wordfreq:hu,wordfreq_seeded;deterministically_filtered;structurally_curated
hu,v1,3,2040,2067,akció,akció,akció,unknown,akció,wordfreq:hu,wordfreq_seeded;deterministically_filtered;structurally_curated
hu,v1,3,2041,2068,akkora,akkora,akkora,unknown,akkora,wordfreq:hu,wordfreq_seeded;deterministically_filtered;structurally_curated
hu,v1,3,2042,2069,alex,alex,alex,unknown,alex,wordfreq:hu,wordfreq_seeded;deterministically_filtered;structurally_curated
hu,v1,3,2043,2070,alkalom,alkalom,alkalom,unknown,alkalom,wordfreq:hu,wordfreq_seeded;deterministically_filtered;structurally_curated
hu,v1,3,2044,2071,anyagi,anyagi,anyagi,unknown,anyagi,wordfreq:hu,wordfreq_seeded;deterministically_filtered;structurally_curated
hu,v1,3,2045,2072,autót,autót,autót,unknown,autót,wordfreq:hu,wordfreq_seeded;deterministically_filtered;structurally_curated
hu,v1,3,2046,2073,durva,durva,durva,unknown,durva,wordfreq:hu,wordfreq_seeded;deterministically_filtered;structurally_curated
hu,v1,3,2047,2074,eljött,eljött,eljött,unknown,eljött,wordfreq:hu,wordfreq_seeded;deterministically_filtered;structurally_curated
hu,v1,3,2048,2075,elmenni,elmenni,elmenni,unknown,elmenni,wordfreq:hu,wordfreq_seeded;deterministically_filtered;structurally_curated
hu,v1,3,2049,2076,erősebb,erősebb,erősebb,unknown,erősebb,wordfreq:hu,wordfreq_seeded;deterministically_filtered;structurally_curated
hu,v1,3,2050,2077,feladata,feladata,feladata,unknown,feladata,wordfreq:hu,wordfreq_seeded;deterministically_filtered;structurally_curated
hu,v1,3,2051,2078,folyik,folyik,folyik,unknown,folyik,wordfreq:hu,wordfreq_seeded;deterministically_filtered;structurally_curated
hu,v1,3,2052,2079,forduló,forduló,forduló,unknown,forduló,wordfreq:hu,wordfreq_seeded;deterministically_filtered;structurally_curated
hu,v1,3,2053,2080,gergely,gergely,gergely,unknown,gergely,wordfreq:hu,wordfreq_seeded;deterministically_filtered;structurally_curated
hu,v1,3,2054,2081,hajlandó,hajlandó,hajlandó,unknown,hajlandó,wordfreq:hu,wordfreq_seeded;deterministically_filtered;structurally_curated
hu,v1,3,2055,2082,hallani,hallani,hallani,unknown,hallani,wordfreq:hu,wordfreq_seeded;deterministically_filtered;structurally_curated
hu,v1,3,2056,2083,hibát,hibát,hibát,unknown,hibát,wordfreq:hu,wordfreq_seeded;deterministically_filtered;structurally_curated
hu,v1,3,2057,2084,hiszi,hiszi,hiszi,unknown,hiszi,wordfreq:hu,wordfreq_seeded;deterministically_filtered;structurally_curated
hu,v1,3,2058,2085,hivatal,hivatal,hivatal,unknown,hivatal,wordfreq:hu,wordfreq_seeded;deterministically_filtered;structurally_curated
hu,v1,3,2059,2086,igaza,igaza,igaza,unknown,igaza,wordfreq:hu,wordfreq_seeded;deterministically_filtered;structurally_curated
hu,v1,3,2060,2087,kapcsán,kapcsán,kapcsán,unknown,kapcsán,wordfreq:hu,wordfreq_seeded;deterministically_filtered;structurally_curated
hu,v1,3,2061,2088,keresek,keresek,keresek,unknown,keresek,wordfreq:hu,wordfreq_seeded;deterministically_filtered;structurally_curated
hu,v1,3,2062,2089,kiemelt,kiemelt,kiemelt,unknown,kiemelt,wordfreq:hu,wordfreq_seeded;deterministically_filtered;structurally_curated
hu,v1,3,2063,2090,koncert,koncert,koncert,unknown,koncert,wordfreq:hu,wordfreq_seeded;deterministically_filtered;structurally_curated
hu,v1,3,2064,2091,koreai,koreai,koreai,unknown,koreai,wordfreq:hu,wordfreq_seeded;deterministically_filtered;structurally_curated
hu,v1,3,2065,2092,krisztus,krisztus,krisztus,unknown,krisztus,wordfreq:hu,wordfreq_seeded;deterministically_filtered;structurally_curated
hu,v1,3,2066,2093,kutatási,kutatási,kutatási,unknown,kutatási,wordfreq:hu,wordfreq_seeded;deterministically_filtered;structurally_curated
hu,v1,3,2067,2094,körben,körben,körben,unknown,körben,wordfreq:hu,wordfreq_seeded;deterministically_filtered;structurally_curated
hu,v1,3,2068,2095,környékén,környékén,környékén,unknown,környékén,wordfreq:hu,wordfreq_seeded;deterministically_filtered;structurally_curated
hu,v1,3,2069,2096,körüli,körüli,körüli,unknown,körüli,wordfreq:hu,wordfreq_seeded;deterministically_filtered;structurally_curated
hu,v1,3,2070,2097,megtalálható,megtalálható,megtalálható,unknown,megtalálható,wordfreq:hu,wordfreq_seeded;deterministically_filtered;structurally_curated
hu,v1,3,2071,2098,mentén,mentén,mentén,unknown,mentén,wordfreq:hu,wordfreq_seeded;deterministically_filtered;structurally_curated
hu,v1,3,2072,2099,mindenre,mindenre,mindenre,unknown,mindenre,wordfreq:hu,wordfreq_seeded;deterministically_filtered;structurally_curated
hu,v1,3,2073,2100,miskolci,miskolci,miskolci,unknown,miskolci,wordfreq:hu,wordfreq_seeded;deterministically_filtered;structurally_curated
hu,v1,3,2074,2101,módszer,módszer,módszer,unknown,módszer,wordfreq:hu,wordfreq_seeded;deterministically_filtered;structurally_curated
hu,v1,3,2075,2102,olyanok,olyanok,olyanok,unknown,olyanok,wordfreq:hu,wordfreq_seeded;deterministically_filtered;structurally_curated
hu,v1,3,2076,2103,parlament,parlament,parlament,unknown,parlament,wordfreq:hu,wordfreq_seeded;deterministically_filtered;structurally_curated
hu,v1,3,2077,2104,pontot,pontot,pontot,unknown,pontot,wordfreq:hu,wordfreq_seeded;deterministically_filtered;structurally_curated
hu,v1,3,2078,2105,páros,páros,páros,unknown,páros,wordfreq:hu,wordfreq_seeded;deterministically_filtered;structurally_curated
hu,v1,3,2079,2106,svéd,svéd,svéd,unknown,svéd,wordfreq:hu,wordfreq_seeded;deterministically_filtered;structurally_curated
hu,v1,3,2080,2107,szerepelt,szerepelt,szerepelt,unknown,szerepelt,wordfreq:hu,wordfreq_seeded;deterministically_filtered;structurally_curated
hu,v1,3,2081,2108,találkozunk,találkozunk,találkozunk,unknown,találkozunk,wordfreq:hu,wordfreq_seeded;deterministically_filtered;structurally_curated
hu,v1,3,2082,2109,tartalmazó,tartalmazó,tartalmazó,unknown,tartalmazó,wordfreq:hu,wordfreq_seeded;deterministically_filtered;structurally_curated
hu,v1,3,2083,2110,time,time,time,unknown,time,wordfreq:hu,wordfreq_seeded;deterministically_filtered;structurally_curated
hu,v1,3,2084,2111,tudnék,tudnék,tudnék,unknown,tudnék,wordfreq:hu,wordfreq_seeded;deterministically_filtered;structurally_curated
hu,v1,3,2085,2112,tulajdonképpen,tulajdonképpen,tulajdonképpen,unknown,tulajdonképpen,wordfreq:hu,wordfreq_seeded;deterministically_filtered;structurally_curated
hu,v1,3,2086,2113,általa,általa,általa,unknown,általa,wordfreq:hu,wordfreq_seeded;deterministically_filtered;structurally_curated
hu,v1,3,2087,2114,önkormányzat,önkormányzat,önkormányzat,unknown,önkormányzat,wordfreq:hu,wordfreq_seeded;deterministically_filtered;structurally_curated
hu,v1,3,2088,2115,am,am,am,unknown,am,wordfreq:hu,wordfreq_seeded;deterministically_filtered;structurally_curated
hu,v1,3,2089,2116,bárcsak,bárcsak,bárcsak,unknown,bárcsak,wordfreq:hu,wordfreq_seeded;deterministically_filtered;structurally_curated
hu,v1,3,2090,2117,bírom,bírom,bírom,unknown,bírom,wordfreq:hu,wordfreq_seeded;deterministically_filtered;structurally_curated
hu,v1,3,2091,2118,csinálok,csinálok,csinálok,unknown,csinálok,wordfreq:hu,wordfreq_seeded;deterministically_filtered;structurally_curated
hu,v1,3,2092,2119,dkg,dkg,dkg,unknown,dkg,wordfreq:hu,wordfreq_seeded;deterministically_filtered;structurally_curated
hu,v1,3,2093,2120,egyike,egyike,egyike,unknown,egyike,wordfreq:hu,wordfreq_seeded;deterministically_filtered;structurally_curated
hu,v1,3,2094,2121,elképesztő,elképesztő,elképesztő,unknown,elképesztő,wordfreq:hu,wordfreq_seeded;deterministically_filtered;structurally_curated
hu,v1,3,2095,2122,elérni,elérni,elérni,unknown,elérni,wordfreq:hu,wordfreq_seeded;deterministically_filtered;structurally_curated
hu,v1,3,2096,2123,forintot,forintot,forintot,unknown,forintot,wordfreq:hu,wordfreq_seeded;deterministically_filtered;structurally_curated
hu,v1,3,2097,2124,fáradt,fáradt,fáradt,unknown,fáradt,wordfreq:hu,wordfreq_seeded;deterministically_filtered;structurally_curated
hu,v1,3,2098,2125,habár,habár,habár,unknown,habár,wordfreq:hu,wordfreq_seeded;deterministically_filtered;structurally_curated
hu,v1,3,2099,2126,hatására,hatására,hatására,unknown,hatására,wordfreq:hu,wordfreq_seeded;deterministically_filtered;structurally_curated
hu,v1,3,2100,2127,hozzád,hozzád,hozzád,unknown,hozzád,wordfreq:hu,wordfreq_seeded;deterministically_filtered;structurally_curated
hu,v1,3,2101,2128,húsz,húsz,húsz,unknown,húsz,wordfreq:hu,wordfreq_seeded;deterministically_filtered;structurally_curated
hu,v1,3,2102,2129,internetes,internetes,internetes,unknown,internetes,wordfreq:hu,wordfreq_seeded;deterministically_filtered;structurally_curated
hu,v1,3,2103,2130,iszlám,iszlám,iszlám,unknown,iszlám,wordfreq:hu,wordfreq_seeded;deterministically_filtered;structurally_curated
hu,v1,3,2104,2131,kreatív,kreatív,kreatív,unknown,kreatív,wordfreq:hu,wordfreq_seeded;deterministically_filtered;structurally_curated
hu,v1,3,2105,2132,kálmán,kálmán,kálmán,unknown,kálmán,wordfreq:hu,wordfreq_seeded;deterministically_filtered;structurally_curated
hu,v1,3,2106,2133,lady,lady,lady,unknown,lady,wordfreq:hu,wordfreq_seeded;deterministically_filtered;structurally_curated
hu,v1,3,2107,2134,legrosszabb,legrosszabb,legrosszabb,unknown,legrosszabb,wordfreq:hu,wordfreq_seeded;deterministically_filtered;structurally_curated
hu,v1,3,2108,2135,meccs,meccs,meccs,unknown,meccs,wordfreq:hu,wordfreq_seeded;deterministically_filtered;structurally_curated
hu,v1,3,2109,2136,mehet,mehet,mehet,unknown,mehet,wordfreq:hu,wordfreq_seeded;deterministically_filtered;structurally_curated
hu,v1,3,2110,2137,mennem,mennem,mennem,unknown,mennem,wordfreq:hu,wordfreq_seeded;deterministically_filtered;structurally_curated
hu,v1,3,2111,2138,munkája,munkája,munkája,unknown,munkája,wordfreq:hu,wordfreq_seeded;deterministically_filtered;structurally_curated
hu,v1,3,2112,2139,rendező,rendező,rendező,unknown,rendező,wordfreq:hu,wordfreq_seeded;deterministically_filtered;structurally_curated
hu,v1,3,2113,2140,romantikus,romantikus,romantikus,unknown,romantikus,wordfreq:hu,wordfreq_seeded;deterministically_filtered;structurally_curated
hu,v1,3,2114,2141,személyek,személyek,személyek,unknown,személyek,wordfreq:hu,wordfreq_seeded;deterministically_filtered;structurally_curated
hu,v1,3,2115,2142,szerb,szerb,szerb,unknown,szerb,wordfreq:hu,wordfreq_seeded;deterministically_filtered;structurally_curated
hu,v1,3,2116,2143,szexuális,szexuális,szexuális,unknown,szexuális,wordfreq:hu,wordfreq_seeded;deterministically_filtered;structurally_curated
hu,v1,3,2117,2144,telefont,telefont,telefont,unknown,telefont,wordfreq:hu,wordfreq_seeded;deterministically_filtered;structurally_curated
hu,v1,3,2118,2145,téren,téren,téren,unknown,téren,wordfreq:hu,wordfreq_seeded;deterministically_filtered;structurally_curated
hu,v1,3,2119,2146,utoljára,utoljára,utoljára,unknown,utoljára,wordfreq:hu,wordfreq_seeded;deterministically_filtered;structurally_curated
hu,v1,3,2120,2147,versenyen,versenyen,versenyen,unknown,versenyen,wordfreq:hu,wordfreq_seeded;deterministically_filtered;structurally_curated
hu,v1,3,2121,2148,vevő,vevő,vevő,unknown,vevő,wordfreq:hu,wordfreq_seeded;deterministically_filtered;structurally_curated
hu,v1,3,2122,2149,vicc,vicc,vicc,unknown,vicc,wordfreq:hu,wordfreq_seeded;deterministically_filtered;structurally_curated
hu,v1,3,2123,2150,várni,várni,várni,unknown,várni,wordfreq:hu,wordfreq_seeded;deterministically_filtered;structurally_curated
hu,v1,3,2124,2151,zavar,zavar,zavar,unknown,zavar,wordfreq:hu,wordfreq_seeded;deterministically_filtered;structurally_curated
hu,v1,3,2125,2152,állítólag,állítólag,állítólag,unknown,állítólag,wordfreq:hu,wordfreq_seeded;deterministically_filtered;structurally_curated
hu,v1,3,2126,2153,ül,ül,ül,unknown,ül,wordfreq:hu,wordfreq_seeded;deterministically_filtered;structurally_curated
hu,v1,3,2127,2154,üzlet,üzlet,üzlet,unknown,üzlet,wordfreq:hu,wordfreq_seeded;deterministically_filtered;structurally_curated
hu,v1,3,2128,2156,adó,adó,adó,unknown,adó,wordfreq:hu,wordfreq_seeded;deterministically_filtered;structurally_curated
hu,v1,3,2129,2157,doboz,doboz,doboz,unknown,doboz,wordfreq:hu,wordfreq_seeded;deterministically_filtered;structurally_curated
hu,v1,3,2130,2158,egyenesen,egyenesen,egyenesen,unknown,egyenesen,wordfreq:hu,wordfreq_seeded;deterministically_filtered;structurally_curated
hu,v1,3,2131,2159,feje,feje,feje,unknown,feje,wordfreq:hu,wordfreq_seeded;deterministically_filtered;structurally_curated
hu,v1,3,2132,2160,fiatalok,fiatalok,fiatalok,unknown,fiatalok,wordfreq:hu,wordfreq_seeded;deterministically_filtered;structurally_curated
hu,v1,3,2133,2161,figyelembe,figyelembe,figyelembe,unknown,figyelembe,wordfreq:hu,wordfreq_seeded;deterministically_filtered;structurally_curated
hu,v1,3,2134,2162,fogalmam,fogalmam,fogalmam,unknown,fogalmam,wordfreq:hu,wordfreq_seeded;deterministically_filtered;structurally_curated
hu,v1,3,2135,2163,gondolni,gondolni,gondolni,unknown,gondolni,wordfreq:hu,wordfreq_seeded;deterministically_filtered;structurally_curated
hu,v1,3,2136,2164,hagyta,hagyta,hagyta,unknown,hagyta,wordfreq:hu,wordfreq_seeded;deterministically_filtered;structurally_curated
hu,v1,3,2137,2165,honlap,honlap,honlap,unknown,honlap,wordfreq:hu,wordfreq_seeded;deterministically_filtered;structurally_curated
hu,v1,3,2138,2166,jel,jel,jel,unknown,jel,wordfreq:hu,wordfreq_seeded;deterministically_filtered;structurally_curated
hu,v1,3,2139,2167,jones,jones,jones,unknown,jones,wordfreq:hu,wordfreq_seeded;deterministically_filtered;structurally_curated
hu,v1,3,2140,2168,kutatók,kutatók,kutatók,unknown,kutatók,wordfreq:hu,wordfreq_seeded;deterministically_filtered;structurally_curated
hu,v1,3,2141,2169,kérte,kérte,kérte,unknown,kérte,wordfreq:hu,wordfreq_seeded;deterministically_filtered;structurally_curated
hu,v1,3,2142,2170,készítette,készítette,készítette,unknown,készítette,wordfreq:hu,wordfreq_seeded;deterministically_filtered;structurally_curated
hu,v1,3,2143,2171,lakosság,lakosság,lakosság,unknown,lakosság,wordfreq:hu,wordfreq_seeded;deterministically_filtered;structurally_curated
hu,v1,3,2144,2172,life,life,life,unknown,life,wordfreq:hu,wordfreq_seeded;deterministically_filtered;structurally_curated
hu,v1,3,2145,2173,magában,magában,magában,unknown,magában,wordfreq:hu,wordfreq_seeded;deterministically_filtered;structurally_curated
hu,v1,3,2146,2174,megváltozott,megváltozott,megváltozott,unknown,megváltozott,wordfreq:hu,wordfreq_seeded;deterministically_filtered;structurally_curated
hu,v1,3,2147,2175,mellette,mellette,mellette,unknown,mellette,wordfreq:hu,wordfreq_seeded;deterministically_filtered;structurally_curated
hu,v1,3,2148,2176,másképp,másképp,másképp,unknown,másképp,wordfreq:hu,wordfreq_seeded;deterministically_filtered;structurally_curated
hu,v1,3,2149,2177,művész,művész,művész,unknown,művész,wordfreq:hu,wordfreq_seeded;deterministically_filtered;structurally_curated
hu,v1,3,2150,2178,oktatás,oktatás,oktatás,unknown,oktatás,wordfreq:hu,wordfreq_seeded;deterministically_filtered;structurally_curated
hu,v1,3,2151,2179,oktatási,oktatási,oktatási,unknown,oktatási,wordfreq:hu,wordfreq_seeded;deterministically_filtered;structurally_curated
hu,v1,3,2152,2180,percben,percben,percben,unknown,percben,wordfreq:hu,wordfreq_seeded;deterministically_filtered;structurally_curated
hu,v1,3,2153,2181,perces,perces,perces,unknown,perces,wordfreq:hu,wordfreq_seeded;deterministically_filtered;structurally_curated
hu,v1,3,2154,2182,richard,richard,richard,unknown,richard,wordfreq:hu,wordfreq_seeded;deterministically_filtered;structurally_curated
hu,v1,3,2155,2183,sikeresen,sikeresen,sikeresen,unknown,sikeresen,wordfreq:hu,wordfreq_seeded;deterministically_filtered;structurally_curated
hu,v1,3,2156,2184,simon,simon,simon,unknown,simon,wordfreq:hu,wordfreq_seeded;deterministically_filtered;structurally_curated
hu,v1,3,2157,2185,szem,szem,szem,unknown,szem,wordfreq:hu,wordfreq_seeded;deterministically_filtered;structurally_curated
hu,v1,3,2158,2186,szervezett,szervezett,szervezett,unknown,szervezett,wordfreq:hu,wordfreq_seeded;deterministically_filtered;structurally_curated
hu,v1,3,2159,2187,szolnok,szolnok,szolnok,unknown,szolnok,wordfreq:hu,wordfreq_seeded;deterministically_filtered;structurally_curated
hu,v1,3,2160,2188,számított,számított,számított,unknown,számított,wordfreq:hu,wordfreq_seeded;deterministically_filtered;structurally_curated
hu,v1,3,2161,2189,származik,származik,származik,unknown,származik,wordfreq:hu,wordfreq_seeded;deterministically_filtered;structurally_curated
hu,v1,3,2162,2190,székely,székely,székely,unknown,székely,wordfreq:hu,wordfreq_seeded;deterministically_filtered;structurally_curated
hu,v1,3,2163,2191,szülők,szülők,szülők,unknown,szülők,wordfreq:hu,wordfreq_seeded;deterministically_filtered;structurally_curated
hu,v1,3,2164,2192,tettek,tettek,tettek,unknown,tettek,wordfreq:hu,wordfreq_seeded;deterministically_filtered;structurally_curated
hu,v1,3,2165,2193,tőlük,tőlük,tőlük,unknown,tőlük,wordfreq:hu,wordfreq_seeded;deterministically_filtered;structurally_curated
hu,v1,3,2166,2194,vegyes,vegyes,vegyes,unknown,vegyes,wordfreq:hu,wordfreq_seeded;deterministically_filtered;structurally_curated
hu,v1,3,2167,2195,vették,vették,vették,unknown,vették,wordfreq:hu,wordfreq_seeded;deterministically_filtered;structurally_curated
hu,v1,3,2168,2196,vita,vita,vita,unknown,vita,wordfreq:hu,wordfreq_seeded;deterministically_filtered;structurally_curated
hu,v1,3,2169,2197,változat,változat,változat,unknown,változat,wordfreq:hu,wordfreq_seeded;deterministically_filtered;structurally_curated
hu,v1,3,2170,2198,wc,wc,wc,unknown,wc,wordfreq:hu,wordfreq_seeded;deterministically_filtered;structurally_curated
hu,v1,3,2171,2199,álom,álom,álom,unknown,álom,wordfreq:hu,wordfreq_seeded;deterministically_filtered;structurally_curated
hu,v1,3,2172,2200,épített,épített,épített,unknown,épített,wordfreq:hu,wordfreq_seeded;deterministically_filtered;structurally_curated
hu,v1,3,2173,2201,érkeztek,érkeztek,érkeztek,unknown,érkeztek,wordfreq:hu,wordfreq_seeded;deterministically_filtered;structurally_curated
hu,v1,3,2174,2202,érték,érték,érték,unknown,érték,wordfreq:hu,wordfreq_seeded;deterministically_filtered;structurally_curated
hu,v1,3,2175,2203,őszintén,őszintén,őszintén,unknown,őszintén,wordfreq:hu,wordfreq_seeded;deterministically_filtered;structurally_curated
hu,v1,3,2176,2205,abszolút,abszolút,abszolút,unknown,abszolút,wordfreq:hu,wordfreq_seeded;deterministically_filtered;structurally_curated
hu,v1,3,2177,2206,akarod,akarod,akarod,unknown,akarod,wordfreq:hu,wordfreq_seeded;deterministically_filtered;structurally_curated
hu,v1,3,2178,2207,andrea,andrea,andrea,unknown,andrea,wordfreq:hu,wordfreq_seeded;deterministically_filtered;structurally_curated
hu,v1,3,2179,2208,bajnoki,bajnoki,bajnoki,unknown,bajnoki,wordfreq:hu,wordfreq_seeded;deterministically_filtered;structurally_curated
hu,v1,3,2180,2209,basszus,basszus,basszus,unknown,basszus,wordfreq:hu,wordfreq_seeded;deterministically_filtered;structurally_curated
hu,v1,3,2181,2210,bármelyik,bármelyik,bármelyik,unknown,bármelyik,wordfreq:hu,wordfreq_seeded;deterministically_filtered;structurally_curated
hu,v1,3,2182,2211,csaknem,csaknem,csaknem,unknown,csaknem,wordfreq:hu,wordfreq_seeded;deterministically_filtered;structurally_curated
hu,v1,3,2183,2212,családja,családja,családja,unknown,családja,wordfreq:hu,wordfreq_seeded;deterministically_filtered;structurally_curated
hu,v1,3,2184,2213,eleget,eleget,eleget,unknown,eleget,wordfreq:hu,wordfreq_seeded;deterministically_filtered;structurally_curated
hu,v1,3,2185,2214,elérte,elérte,elérte,unknown,elérte,wordfreq:hu,wordfreq_seeded;deterministically_filtered;structurally_curated
hu,v1,3,2186,2215,fej,fej,fej,unknown,fej,wordfreq:hu,wordfreq_seeded;deterministically_filtered;structurally_curated
hu,v1,3,2187,2216,fejét,fejét,fejét,unknown,fejét,wordfreq:hu,wordfreq_seeded;deterministically_filtered;structurally_curated
hu,v1,3,2188,2217,fogjuk,fogjuk,fogjuk,unknown,fogjuk,wordfreq:hu,wordfreq_seeded;deterministically_filtered;structurally_curated
hu,v1,3,2189,2218,foglalkozik,foglalkozik,foglalkozik,unknown,foglalkozik,wordfreq:hu,wordfreq_seeded;deterministically_filtered;structurally_curated
hu,v1,3,2190,2219,föl,föl,föl,unknown,föl,wordfreq:hu,wordfreq_seeded;deterministically_filtered;structurally_curated
hu,v1,3,2191,2220,hamis,hamis,hamis,unknown,hamis,wordfreq:hu,wordfreq_seeded;deterministically_filtered;structurally_curated
hu,v1,3,2192,2221,havi,havi,havi,unknown,havi,wordfreq:hu,wordfreq_seeded;deterministically_filtered;structurally_curated
hu,v1,3,2193,2222,helyén,helyén,helyén,unknown,helyén,wordfreq:hu,wordfreq_seeded;deterministically_filtered;structurally_curated
hu,v1,3,2194,2223,hungary,hungary,hungary,unknown,hungary,wordfreq:hu,wordfreq_seeded;deterministically_filtered;structurally_curated
hu,v1,3,2195,2224,híd,híd,híd,unknown,híd,wordfreq:hu,wordfreq_seeded;deterministically_filtered;structurally_curated
hu,v1,3,2196,2225,hívják,hívják,hívják,unknown,hívják,wordfreq:hu,wordfreq_seeded;deterministically_filtered;structurally_curated
hu,v1,3,2197,2226,idősebb,idősebb,idősebb,unknown,idősebb,wordfreq:hu,wordfreq_seeded;deterministically_filtered;structurally_curated
hu,v1,3,2198,2227,irodalmi,irodalmi,irodalmi,unknown,irodalmi,wordfreq:hu,wordfreq_seeded;deterministically_filtered;structurally_curated
hu,v1,3,2199,2228,ismeri,ismeri,ismeri,unknown,ismeri,wordfreq:hu,wordfreq_seeded;deterministically_filtered;structurally_curated
hu,v1,3,2200,2229,joe,joe,joe,unknown,joe,wordfreq:hu,wordfreq_seeded;deterministically_filtered;structurally_curated
hu,v1,3,2201,2230,járni,járni,járni,unknown,járni,wordfreq:hu,wordfreq_seeded;deterministically_filtered;structurally_curated
hu,v1,3,2202,2231,jöttek,jöttek,jöttek,unknown,jöttek,wordfreq:hu,wordfreq_seeded;deterministically_filtered;structurally_curated
hu,v1,3,2203,2232,kibaszott,kibaszott,kibaszott,unknown,kibaszott,wordfreq:hu,wordfreq_seeded;deterministically_filtered;structurally_curated
hu,v1,3,2204,2233,költő,költő,költő,unknown,költő,wordfreq:hu,wordfreq_seeded;deterministically_filtered;structurally_curated
hu,v1,3,2205,2234,legnépszerűbb,legnépszerűbb,legnépszerűbb,unknown,legnépszerűbb,wordfreq:hu,wordfreq_seeded;deterministically_filtered;structurally_curated
hu,v1,3,2206,2235,lelki,lelki,lelki,unknown,lelki,wordfreq:hu,wordfreq_seeded;deterministically_filtered;structurally_curated
hu,v1,3,2207,2236,levelet,levelet,levelet,unknown,levelet,wordfreq:hu,wordfreq_seeded;deterministically_filtered;structurally_curated
hu,v1,3,2208,2237,levél,levél,levél,unknown,levél,wordfreq:hu,wordfreq_seeded;deterministically_filtered;structurally_curated
hu,v1,3,2209,2238,medence,medence,medence,unknown,medence,wordfreq:hu,wordfreq_seeded;deterministically_filtered;structurally_curated
hu,v1,3,2210,2239,meglepő,meglepő,meglepő,unknown,meglepő,wordfreq:hu,wordfreq_seeded;deterministically_filtered;structurally_curated
hu,v1,3,2211,2240,megyében,megyében,megyében,unknown,megyében,wordfreq:hu,wordfreq_seeded;deterministically_filtered;structurally_curated
hu,v1,3,2212,2241,mindannyian,mindannyian,mindannyian,unknown,mindannyian,wordfreq:hu,wordfreq_seeded;deterministically_filtered;structurally_curated
hu,v1,3,2213,2242,múlik,múlik,múlik,unknown,múlik,wordfreq:hu,wordfreq_seeded;deterministically_filtered;structurally_curated
hu,v1,3,2214,2243,műsor,műsor,műsor,unknown,műsor,wordfreq:hu,wordfreq_seeded;deterministically_filtered;structurally_curated
hu,v1,3,2215,2244,nyílik,nyílik,nyílik,unknown,nyílik,wordfreq:hu,wordfreq_seeded;deterministically_filtered;structurally_curated
hu,v1,3,2216,2245,nála,nála,nála,unknown,nála,wordfreq:hu,wordfreq_seeded;deterministically_filtered;structurally_curated
hu,v1,3,2217,2246,petőfi,petőfi,petőfi,unknown,petőfi,wordfreq:hu,wordfreq_seeded;deterministically_filtered;structurally_curated
hu,v1,3,2218,2247,real,real,real,unknown,real,wordfreq:hu,wordfreq_seeded;deterministically_filtered;structurally_curated
hu,v1,3,2219,2248,rendezett,rendezett,rendezett,unknown,rendezett,wordfreq:hu,wordfreq_seeded;deterministically_filtered;structurally_curated
hu,v1,3,2220,2249,ruhát,ruhát,ruhát,unknown,ruhát,wordfreq:hu,wordfreq_seeded;deterministically_filtered;structurally_curated
hu,v1,3,2221,2250,szabolcs,szabolcs,szabolcs,unknown,szabolcs,wordfreq:hu,wordfreq_seeded;deterministically_filtered;structurally_curated
hu,v1,3,2222,2251,szavak,szavak,szavak,unknown,szavak,wordfreq:hu,wordfreq_seeded;deterministically_filtered;structurally_curated
hu,v1,3,2223,2252,szeme,szeme,szeme,unknown,szeme,wordfreq:hu,wordfreq_seeded;deterministically_filtered;structurally_curated
hu,v1,3,2224,2253,szeretett,szeretett,szeretett,unknown,szeretett,wordfreq:hu,wordfreq_seeded;deterministically_filtered;structurally_curated
hu,v1,3,2225,2254,szeretni,szeretni,szeretni,unknown,szeretni,wordfreq:hu,wordfreq_seeded;deterministically_filtered;structurally_curated
hu,v1,3,2226,2255,szerződést,szerződést,szerződést,unknown,szerződést,wordfreq:hu,wordfreq_seeded;deterministically_filtered;structurally_curated
hu,v1,3,2227,2256,számát,számát,számát,unknown,számát,wordfreq:hu,wordfreq_seeded;deterministically_filtered;structurally_curated
hu,v1,3,2228,2257,színe,színe,színe,unknown,színe,wordfreq:hu,wordfreq_seeded;deterministically_filtered;structurally_curated
hu,v1,3,2229,2258,szövetségi,szövetségi,szövetségi,unknown,szövetségi,wordfreq:hu,wordfreq_seeded;deterministically_filtered;structurally_curated
hu,v1,3,2230,2259,teszik,teszik,teszik,unknown,teszik,wordfreq:hu,wordfreq_seeded;deterministically_filtered;structurally_curated
hu,v1,3,2231,2260,tették,tették,tették,unknown,tették,wordfreq:hu,wordfreq_seeded;deterministically_filtered;structurally_curated
hu,v1,3,2232,2261,többnyire,többnyire,többnyire,unknown,többnyire,wordfreq:hu,wordfreq_seeded;deterministically_filtered;structurally_curated
hu,v1,3,2233,2262,valóság,valóság,valóság,unknown,valóság,wordfreq:hu,wordfreq_seeded;deterministically_filtered;structurally_curated
hu,v1,3,2234,2263,vas,vas,vas,unknown,vas,wordfreq:hu,wordfreq_seeded;deterministically_filtered;structurally_curated
hu,v1,3,2235,2264,változás,változás,változás,unknown,változás,wordfreq:hu,wordfreq_seeded;deterministically_filtered;structurally_curated
hu,v1,3,2236,2265,vér,vér,vér,unknown,vér,wordfreq:hu,wordfreq_seeded;deterministically_filtered;structurally_curated
hu,v1,3,2237,2266,érezni,érezni,érezni,unknown,érezni,wordfreq:hu,wordfreq_seeded;deterministically_filtered;structurally_curated
hu,v1,3,2238,2267,értelemben,értelemben,értelemben,unknown,értelemben,wordfreq:hu,wordfreq_seeded;deterministically_filtered;structurally_curated
hu,v1,3,2239,2268,íme,íme,íme,unknown,íme,wordfreq:hu,wordfreq_seeded;deterministically_filtered;structurally_curated
hu,v1,3,2240,2269,ügyben,ügyben,ügyben,unknown,ügyben,wordfreq:hu,wordfreq_seeded;deterministically_filtered;structurally_curated
hu,v1,3,2241,2271,ahonnan,ahonnan,ahonnan,unknown,ahonnan,wordfreq:hu,wordfreq_seeded;deterministically_filtered;structurally_curated
hu,v1,3,2242,2272,ajánlom,ajánlom,ajánlom,unknown,ajánlom,wordfreq:hu,wordfreq_seeded;deterministically_filtered;structurally_curated
hu,v1,3,2243,2273,amerika,amerika,amerika,unknown,amerika,wordfreq:hu,wordfreq_seeded;deterministically_filtered;structurally_curated
hu,v1,3,2244,2274,bajnokok,bajnokok,bajnokok,unknown,bajnokok,wordfreq:hu,wordfreq_seeded;deterministically_filtered;structurally_curated
hu,v1,3,2245,2275,bátor,bátor,bátor,unknown,bátor,wordfreq:hu,wordfreq_seeded;deterministically_filtered;structurally_curated
hu,v1,3,2246,2276,cserébe,cserébe,cserébe,unknown,cserébe,wordfreq:hu,wordfreq_seeded;deterministically_filtered;structurally_curated
hu,v1,3,2247,2277,csomag,csomag,csomag,unknown,csomag,wordfreq:hu,wordfreq_seeded;deterministically_filtered;structurally_curated
hu,v1,3,2248,2278,elmegyek,elmegyek,elmegyek,unknown,elmegyek,wordfreq:hu,wordfreq_seeded;deterministically_filtered;structurally_curated
hu,v1,3,2249,2279,elnézést,elnézést,elnézést,unknown,elnézést,wordfreq:hu,wordfreq_seeded;deterministically_filtered;structurally_curated
hu,v1,3,2250,2280,elveszett,elveszett,elveszett,unknown,elveszett,wordfreq:hu,wordfreq_seeded;deterministically_filtered;structurally_curated
hu,v1,3,2251,2281,fi,fi,fi,unknown,fi,wordfreq:hu,wordfreq_seeded;deterministically_filtered;structurally_curated
hu,v1,3,2252,2282,foglak,foglak,foglak,unknown,foglak,wordfreq:hu,wordfreq_seeded;deterministically_filtered;structurally_curated
hu,v1,3,2253,2283,földi,földi,földi,unknown,földi,wordfreq:hu,wordfreq_seeded;deterministically_filtered;structurally_curated
hu,v1,3,2254,2284,gyakori,gyakori,gyakori,unknown,gyakori,wordfreq:hu,wordfreq_seeded;deterministically_filtered;structurally_curated
hu,v1,3,2255,2285,hal,hal,hal,unknown,hal,wordfreq:hu,wordfreq_seeded;deterministically_filtered;structurally_curated
hu,v1,3,2256,2286,hallom,hallom,hallom,unknown,hallom,wordfreq:hu,wordfreq_seeded;deterministically_filtered;structurally_curated
hu,v1,3,2257,2287,hogyha,hogyha,hogyha,unknown,hogyha,wordfreq:hu,wordfreq_seeded;deterministically_filtered;structurally_curated
hu,v1,3,2258,2288,horvátország,horvátország,horvátország,unknown,horvátország,wordfreq:hu,wordfreq_seeded;deterministically_filtered;structurally_curated
hu,v1,3,2259,2289,kal,kal,kal,unknown,kal,wordfreq:hu,wordfreq_seeded;deterministically_filtered;structurally_curated
hu,v1,3,2260,2290,kategória,kategória,kategória,unknown,kategória,wordfreq:hu,wordfreq_seeded;deterministically_filtered;structurally_curated
hu,v1,3,2261,2291,kedden,kedden,kedden,unknown,kedden,wordfreq:hu,wordfreq_seeded;deterministically_filtered;structurally_curated
hu,v1,3,2262,2292,kezét,kezét,kezét,unknown,kezét,wordfreq:hu,wordfreq_seeded;deterministically_filtered;structurally_curated
hu,v1,3,2263,2293,kim,kim,kim,unknown,kim,wordfreq:hu,wordfreq_seeded;deterministically_filtered;structurally_curated
hu,v1,3,2264,2294,konferencia,konferencia,konferencia,unknown,konferencia,wordfreq:hu,wordfreq_seeded;deterministically_filtered;structurally_curated
hu,v1,3,2265,2295,képen,képen,képen,unknown,képen,wordfreq:hu,wordfreq_seeded;deterministically_filtered;structurally_curated
hu,v1,3,2266,2296,külföldön,külföldön,külföldön,unknown,külföldön,wordfreq:hu,wordfreq_seeded;deterministically_filtered;structurally_curated
hu,v1,3,2267,2297,lee,lee,lee,unknown,lee,wordfreq:hu,wordfreq_seeded;deterministically_filtered;structurally_curated
hu,v1,3,2268,2298,látjuk,látjuk,látjuk,unknown,látjuk,wordfreq:hu,wordfreq_seeded;deterministically_filtered;structurally_curated
hu,v1,3,2269,2299,maradni,maradni,maradni,unknown,maradni,wordfreq:hu,wordfreq_seeded;deterministically_filtered;structurally_curated
hu,v1,3,2270,2300,megjelenik,megjelenik,megjelenik,unknown,megjelenik,wordfreq:hu,wordfreq_seeded;deterministically_filtered;structurally_curated
hu,v1,3,2271,2301,megnézni,megnézni,megnézni,unknown,megnézni,wordfreq:hu,wordfreq_seeded;deterministically_filtered;structurally_curated
hu,v1,3,2272,2302,mike,mike,mike,unknown,mike,wordfreq:hu,wordfreq_seeded;deterministically_filtered;structurally_curated
hu,v1,3,2273,2303,máté,máté,máté,unknown,máté,wordfreq:hu,wordfreq_seeded;deterministically_filtered;structurally_curated
hu,v1,3,2274,2304,mód,mód,mód,unknown,mód,wordfreq:hu,wordfreq_seeded;deterministically_filtered;structurally_curated
hu,v1,3,2275,2305,működött,működött,működött,unknown,működött,wordfreq:hu,wordfreq_seeded;deterministically_filtered;structurally_curated
hu,v1,3,2276,2306,pályázat,pályázat,pályázat,unknown,pályázat,wordfreq:hu,wordfreq_seeded;deterministically_filtered;structurally_curated
hu,v1,3,2277,2307,péntek,péntek,péntek,unknown,péntek,wordfreq:hu,wordfreq_seeded;deterministically_filtered;structurally_curated
hu,v1,3,2278,2308,szív,szív,szív,unknown,szív,wordfreq:hu,wordfreq_seeded;deterministically_filtered;structurally_curated
hu,v1,3,2279,2309,sült,sült,sült,unknown,sült,wordfreq:hu,wordfreq_seeded;deterministically_filtered;structurally_curated
hu,v1,3,2280,2310,találták,találták,találták,unknown,találták,wordfreq:hu,wordfreq_seeded;deterministically_filtered;structurally_curated
hu,v1,3,2281,2311,tisza,tisza,tisza,unknown,tisza,wordfreq:hu,wordfreq_seeded;deterministically_filtered;structurally_curated
hu,v1,3,2282,2312,tudnám,tudnám,tudnám,unknown,tudnám,wordfreq:hu,wordfreq_seeded;deterministically_filtered;structurally_curated
hu,v1,3,2283,2313,éjt,éjt,éjt,unknown,éjt,wordfreq:hu,wordfreq_seeded;deterministically_filtered;structurally_curated
hu,v1,3,2284,2314,élünk,élünk,élünk,unknown,élünk,wordfreq:hu,wordfreq_seeded;deterministically_filtered;structurally_curated
hu,v1,3,2285,2315,értelmében,értelmében,értelmében,unknown,értelmében,wordfreq:hu,wordfreq_seeded;deterministically_filtered;structurally_curated
hu,v1,3,2286,2316,óvatosan,óvatosan,óvatosan,unknown,óvatosan,wordfreq:hu,wordfreq_seeded;deterministically_filtered;structurally_curated
hu,v1,3,2287,2317,üzenet,üzenet,üzenet,unknown,üzenet,wordfreq:hu,wordfreq_seeded;deterministically_filtered;structurally_curated
hu,v1,3,2288,2318,adják,adják,adják,unknown,adják,wordfreq:hu,wordfreq_seeded;deterministically_filtered;structurally_curated
hu,v1,3,2289,2319,alakú,alakú,alakú,unknown,alakú,wordfreq:hu,wordfreq_seeded;deterministically_filtered;structurally_curated
hu,v1,3,2290,2320,alapvető,alapvető,alapvető,unknown,alapvető,wordfreq:hu,wordfreq_seeded;deterministically_filtered;structurally_curated
hu,v1,3,2291,2321,beleértve,beleértve,beleértve,unknown,beleértve,wordfreq:hu,wordfreq_seeded;deterministically_filtered;structurally_curated
hu,v1,3,2292,2322,bocsi,bocsi,bocsi,unknown,bocsi,wordfreq:hu,wordfreq_seeded;deterministically_filtered;structurally_curated
hu,v1,3,2293,2323,bőven,bőven,bőven,unknown,bőven,wordfreq:hu,wordfreq_seeded;deterministically_filtered;structurally_curated
hu,v1,3,2294,2324,csinált,csinált,csinált,unknown,csinált,wordfreq:hu,wordfreq_seeded;deterministically_filtered;structurally_curated
hu,v1,3,2295,2325,csütörtökön,csütörtökön,csütörtökön,unknown,csütörtökön,wordfreq:hu,wordfreq_seeded;deterministically_filtered;structurally_curated
hu,v1,3,2296,2326,don,don,don,unknown,don,wordfreq:hu,wordfreq_seeded;deterministically_filtered;structurally_curated
hu,v1,3,2297,2327,ekkora,ekkora,ekkora,unknown,ekkora,wordfreq:hu,wordfreq_seeded;deterministically_filtered;structurally_curated
hu,v1,3,2298,2328,energia,energia,energia,unknown,energia,wordfreq:hu,wordfreq_seeded;deterministically_filtered;structurally_curated
hu,v1,3,2299,2329,eszközök,eszközök,eszközök,unknown,eszközök,wordfreq:hu,wordfreq_seeded;deterministically_filtered;structurally_curated
hu,v1,3,2300,2330,fejem,fejem,fejem,unknown,fejem,wordfreq:hu,wordfreq_seeded;deterministically_filtered;structurally_curated
hu,v1,3,2301,2331,fejlesztési,fejlesztési,fejlesztési,unknown,fejlesztési,wordfreq:hu,wordfreq_seeded;deterministically_filtered;structurally_curated
hu,v1,3,2302,2332,figyelmet,figyelmet,figyelmet,unknown,figyelmet,wordfreq:hu,wordfreq_seeded;deterministically_filtered;structurally_curated
hu,v1,3,2303,2333,folyamán,folyamán,folyamán,unknown,folyamán,wordfreq:hu,wordfreq_seeded;deterministically_filtered;structurally_curated
hu,v1,3,2304,2334,fordul,fordul,fordul,unknown,fordul,wordfreq:hu,wordfreq_seeded;deterministically_filtered;structurally_curated
hu,v1,3,2305,2335,gyerekeknek,gyerekeknek,gyerekeknek,unknown,gyerekeknek,wordfreq:hu,wordfreq_seeded;deterministically_filtered;structurally_curated
hu,v1,3,2306,2336,helyzetben,helyzetben,helyzetben,unknown,helyzetben,wordfreq:hu,wordfreq_seeded;deterministically_filtered;structurally_curated
hu,v1,3,2307,2337,hit,hit,hit,unknown,hit,wordfreq:hu,wordfreq_seeded;deterministically_filtered;structurally_curated
hu,v1,3,2308,2338,ismerős,ismerős,ismerős,unknown,ismerős,wordfreq:hu,wordfreq_seeded;deterministically_filtered;structurally_curated
hu,v1,3,2309,2339,jobbra,jobbra,jobbra,unknown,jobbra,wordfreq:hu,wordfreq_seeded;deterministically_filtered;structurally_curated
hu,v1,3,2310,2340,jönni,jönni,jönni,unknown,jönni,wordfreq:hu,wordfreq_seeded;deterministically_filtered;structurally_curated
hu,v1,3,2311,2341,kelt,kelt,kelt,unknown,kelt,wordfreq:hu,wordfreq_seeded;deterministically_filtered;structurally_curated
hu,v1,3,2312,2342,kávé,kávé,kávé,unknown,kávé,wordfreq:hu,wordfreq_seeded;deterministically_filtered;structurally_curated
hu,v1,3,2313,2343,kért,kért,kért,unknown,kért,wordfreq:hu,wordfreq_seeded;deterministically_filtered;structurally_curated
hu,v1,3,2314,2344,kórház,kórház,kórház,unknown,kórház,wordfreq:hu,wordfreq_seeded;deterministically_filtered;structurally_curated
hu,v1,3,2315,2345,követ,követ,követ,unknown,követ,wordfreq:hu,wordfreq_seeded;deterministically_filtered;structurally_curated
hu,v1,3,2316,2346,legyenek,legyenek,legyenek,unknown,legyenek,wordfreq:hu,wordfreq_seeded;deterministically_filtered;structurally_curated
hu,v1,3,2317,2347,los,los,los,unknown,los,wordfreq:hu,wordfreq_seeded;deterministically_filtered;structurally_curated
hu,v1,3,2318,2348,megnézem,megnézem,megnézem,unknown,megnézem,wordfreq:hu,wordfreq_seeded;deterministically_filtered;structurally_curated
hu,v1,3,2319,2349,minimum,minimum,minimum,unknown,minimum,wordfreq:hu,wordfreq_seeded;deterministically_filtered;structurally_curated
hu,v1,3,2320,2350,minisztérium,minisztérium,minisztérium,unknown,minisztérium,wordfreq:hu,wordfreq_seeded;deterministically_filtered;structurally_curated
hu,v1,3,2321,2351,másnap,másnap,másnap,unknown,másnap,wordfreq:hu,wordfreq_seeded;deterministically_filtered;structurally_curated
hu,v1,3,2322,2352,németországban,németországban,németországban,unknown,németországban,wordfreq:hu,wordfreq_seeded;deterministically_filtered;structurally_curated
hu,v1,3,2323,2353,nézel,nézel,nézel,unknown,nézel,wordfreq:hu,wordfreq_seeded;deterministically_filtered;structurally_curated
hu,v1,3,2324,2354,okoz,okoz,okoz,unknown,okoz,wordfreq:hu,wordfreq_seeded;deterministically_filtered;structurally_curated
hu,v1,3,2325,2355,oldalt,oldalt,oldalt,unknown,oldalt,wordfreq:hu,wordfreq_seeded;deterministically_filtered;structurally_curated
hu,v1,3,2326,2356,regionális,regionális,regionális,unknown,regionális,wordfreq:hu,wordfreq_seeded;deterministically_filtered;structurally_curated
hu,v1,3,2327,2357,rendőrök,rendőrök,rendőrök,unknown,rendőrök,wordfreq:hu,wordfreq_seeded;deterministically_filtered;structurally_curated
hu,v1,3,2328,2358,roma,roma,roma,unknown,roma,wordfreq:hu,wordfreq_seeded;deterministically_filtered;structurally_curated
hu,v1,3,2329,2359,szemem,szemem,szemem,unknown,szemem,wordfreq:hu,wordfreq_seeded;deterministically_filtered;structurally_curated
hu,v1,3,2330,2360,szerdán,szerdán,szerdán,unknown,szerdán,wordfreq:hu,wordfreq_seeded;deterministically_filtered;structurally_curated
hu,v1,3,2331,2361,szerződés,szerződés,szerződés,unknown,szerződés,wordfreq:hu,wordfreq_seeded;deterministically_filtered;structurally_curated
hu,v1,3,2332,2362,szintű,szintű,szintű,unknown,szintű,wordfreq:hu,wordfreq_seeded;deterministically_filtered;structurally_curated
hu,v1,3,2333,2363,tanulni,tanulni,tanulni,unknown,tanulni,wordfreq:hu,wordfreq_seeded;deterministically_filtered;structurally_curated
hu,v1,3,2334,2364,termékek,termékek,termékek,unknown,termékek,wordfreq:hu,wordfreq_seeded;deterministically_filtered;structurally_curated
hu,v1,3,2335,2365,területi,területi,területi,unknown,területi,wordfreq:hu,wordfreq_seeded;deterministically_filtered;structurally_curated
hu,v1,3,2336,2366,tökéletesen,tökéletesen,tökéletesen,unknown,tökéletesen,wordfreq:hu,wordfreq_seeded;deterministically_filtered;structurally_curated
hu,v1,3,2337,2367,unió,unió,unió,unknown,unió,wordfreq:hu,wordfreq_seeded;deterministically_filtered;structurally_curated
hu,v1,3,2338,2368,világszerte,világszerte,világszerte,unknown,világszerte,wordfreq:hu,wordfreq_seeded;deterministically_filtered;structurally_curated
hu,v1,3,2339,2369,visszatért,visszatért,visszatért,unknown,visszatért,wordfreq:hu,wordfreq_seeded;deterministically_filtered;structurally_curated
hu,v1,3,2340,2370,védelmi,védelmi,védelmi,unknown,védelmi,wordfreq:hu,wordfreq_seeded;deterministically_filtered;structurally_curated
hu,v1,3,2341,2371,értettem,értettem,értettem,unknown,értettem,wordfreq:hu,wordfreq_seeded;deterministically_filtered;structurally_curated
hu,v1,3,2342,2372,étel,étel,étel,unknown,étel,wordfreq:hu,wordfreq_seeded;deterministically_filtered;structurally_curated
hu,v1,3,2343,2373,adtam,adtam,adtam,unknown,adtam,wordfreq:hu,wordfreq_seeded;deterministically_filtered;structurally_curated
hu,v1,3,2344,2374,ajánlott,ajánlott,ajánlott,unknown,ajánlott,wordfreq:hu,wordfreq_seeded;deterministically_filtered;structurally_curated
hu,v1,3,2345,2375,amelyik,amelyik,amelyik,unknown,amelyik,wordfreq:hu,wordfreq_seeded;deterministically_filtered;structurally_curated
hu,v1,3,2346,2376,arab,arab,arab,unknown,arab,wordfreq:hu,wordfreq_seeded;deterministically_filtered;structurally_curated
hu,v1,3,2347,2377,arc,arc,arc,unknown,arc,wordfreq:hu,wordfreq_seeded;deterministically_filtered;structurally_curated
hu,v1,3,2348,2378,balogh,balogh,balogh,unknown,balogh,wordfreq:hu,wordfreq_seeded;deterministically_filtered;structurally_curated
hu,v1,3,2349,2379,barát,barát,barát,unknown,barát,wordfreq:hu,wordfreq_seeded;deterministically_filtered;structurally_curated
hu,v1,3,2350,2380,daniel,daniel,daniel,unknown,daniel,wordfreq:hu,wordfreq_seeded;deterministically_filtered;structurally_curated
hu,v1,3,2351,2381,do,do,do,unknown,do,wordfreq:hu,wordfreq_seeded;deterministically_filtered;structurally_curated
hu,v1,3,2352,2382,dupla,dupla,dupla,unknown,dupla,wordfreq:hu,wordfreq_seeded;deterministically_filtered;structurally_curated
hu,v1,3,2353,2383,ed,ed,ed,unknown,ed,wordfreq:hu,wordfreq_seeded;deterministically_filtered;structurally_curated
hu,v1,3,2354,2384,elfelejtettem,elfelejtettem,elfelejtettem,unknown,elfelejtettem,wordfreq:hu,wordfreq_seeded;deterministically_filtered;structurally_curated
hu,v1,3,2355,2385,embereknek,embereknek,embereknek,unknown,embereknek,wordfreq:hu,wordfreq_seeded;deterministically_filtered;structurally_curated
hu,v1,3,2356,2386,erdő,erdő,erdő,unknown,erdő,wordfreq:hu,wordfreq_seeded;deterministically_filtered;structurally_curated
hu,v1,3,2357,2387,eredetileg,eredetileg,eredetileg,unknown,eredetileg,wordfreq:hu,wordfreq_seeded;deterministically_filtered;structurally_curated
hu,v1,3,2358,2388,esemény,esemény,esemény,unknown,esemény,wordfreq:hu,wordfreq_seeded;deterministically_filtered;structurally_curated
hu,v1,3,2359,2389,ezeknek,ezeknek,ezeknek,unknown,ezeknek,wordfreq:hu,wordfreq_seeded;deterministically_filtered;structurally_curated
hu,v1,3,2360,2390,feladat,feladat,feladat,unknown,feladat,wordfreq:hu,wordfreq_seeded;deterministically_filtered;structurally_curated
hu,v1,3,2361,2391,hadsereg,hadsereg,hadsereg,unknown,hadsereg,wordfreq:hu,wordfreq_seeded;deterministically_filtered;structurally_curated
hu,v1,3,2362,2392,hagyjuk,hagyjuk,hagyjuk,unknown,hagyjuk,wordfreq:hu,wordfreq_seeded;deterministically_filtered;structurally_curated
hu,v1,3,2363,2393,ifjú,ifjú,ifjú,unknown,ifjú,wordfreq:hu,wordfreq_seeded;deterministically_filtered;structurally_curated
hu,v1,3,2364,2394,illik,illik,illik,unknown,illik,wordfreq:hu,wordfreq_seeded;deterministically_filtered;structurally_curated
hu,v1,3,2365,2395,járnak,járnak,járnak,unknown,járnak,wordfreq:hu,wordfreq_seeded;deterministically_filtered;structurally_curated
hu,v1,3,2366,2396,kapunk,kapunk,kapunk,unknown,kapunk,wordfreq:hu,wordfreq_seeded;deterministically_filtered;structurally_curated
hu,v1,3,2367,2397,keresi,keresi,keresi,unknown,keresi,wordfreq:hu,wordfreq_seeded;deterministically_filtered;structurally_curated
hu,v1,3,2368,2398,kert,kert,kert,unknown,kert,wordfreq:hu,wordfreq_seeded;deterministically_filtered;structurally_curated
hu,v1,3,2369,2399,kortárs,kortárs,kortárs,unknown,kortárs,wordfreq:hu,wordfreq_seeded;deterministically_filtered;structurally_curated
hu,v1,3,2370,2400,körbe,körbe,körbe,unknown,körbe,wordfreq:hu,wordfreq_seeded;deterministically_filtered;structurally_curated
hu,v1,3,2371,2401,legfőbb,legfőbb,legfőbb,unknown,legfőbb,wordfreq:hu,wordfreq_seeded;deterministically_filtered;structurally_curated
hu,v1,3,2372,2402,levegő,levegő,levegő,unknown,levegő,wordfreq:hu,wordfreq_seeded;deterministically_filtered;structurally_curated
hu,v1,3,2373,2403,levegőt,levegőt,levegőt,unknown,levegőt,wordfreq:hu,wordfreq_seeded;deterministically_filtered;structurally_curated
hu,v1,3,2374,2404,melyben,melyben,melyben,unknown,melyben,wordfreq:hu,wordfreq_seeded;deterministically_filtered;structurally_curated
hu,v1,3,2375,2405,melyeket,melyeket,melyeket,unknown,melyeket,wordfreq:hu,wordfreq_seeded;deterministically_filtered;structurally_curated
hu,v1,3,2376,2406,menj,menj,menj,unknown,menj,wordfreq:hu,wordfreq_seeded;deterministically_filtered;structurally_curated
hu,v1,3,2377,2407,módja,módja,módja,unknown,módja,wordfreq:hu,wordfreq_seeded;deterministically_filtered;structurally_curated
hu,v1,3,2378,2408,nemzet,nemzet,nemzet,unknown,nemzet,wordfreq:hu,wordfreq_seeded;deterministically_filtered;structurally_curated
hu,v1,3,2379,2409,nyugi,nyugi,nyugi,unknown,nyugi,wordfreq:hu,wordfreq_seeded;deterministically_filtered;structurally_curated
hu,v1,3,2380,2410,országok,országok,országok,unknown,országok,wordfreq:hu,wordfreq_seeded;deterministically_filtered;structurally_curated
hu,v1,3,2381,2411,pilóta,pilóta,pilóta,unknown,pilóta,wordfreq:hu,wordfreq_seeded;deterministically_filtered;structurally_curated
hu,v1,3,2382,2412,pp,pp,pp,unknown,pp,wordfreq:hu,wordfreq_seeded;deterministically_filtered;structurally_curated
hu,v1,3,2383,2413,példa,példa,példa,unknown,példa,wordfreq:hu,wordfreq_seeded;deterministically_filtered;structurally_curated
hu,v1,3,2384,2414,rend,rend,rend,unknown,rend,wordfreq:hu,wordfreq_seeded;deterministically_filtered;structurally_curated
hu,v1,3,2385,2415,siker,siker,siker,unknown,siker,wordfreq:hu,wordfreq_seeded;deterministically_filtered;structurally_curated
hu,v1,3,2386,2416,szart,szart,szart,unknown,szart,wordfreq:hu,wordfreq_seeded;deterministically_filtered;structurally_curated
hu,v1,3,2387,2417,szembe,szembe,szembe,unknown,szembe,wordfreq:hu,wordfreq_seeded;deterministically_filtered;structurally_curated
hu,v1,3,2388,2418,szerencsés,szerencsés,szerencsés,unknown,szerencsés,wordfreq:hu,wordfreq_seeded;deterministically_filtered;structurally_curated
hu,v1,3,2389,2419,szoros,szoros,szoros,unknown,szoros,wordfreq:hu,wordfreq_seeded;deterministically_filtered;structurally_curated
hu,v1,3,2390,2420,tartotta,tartotta,tartotta,unknown,tartotta,wordfreq:hu,wordfreq_seeded;deterministically_filtered;structurally_curated
hu,v1,3,2391,2421,taylor,taylor,taylor,unknown,taylor,wordfreq:hu,wordfreq_seeded;deterministically_filtered;structurally_curated
hu,v1,3,2392,2422,technológia,technológia,technológia,unknown,technológia,wordfreq:hu,wordfreq_seeded;deterministically_filtered;structurally_curated
hu,v1,3,2393,2423,többsége,többsége,többsége,unknown,többsége,wordfreq:hu,wordfreq_seeded;deterministically_filtered;structurally_curated
hu,v1,3,2394,2424,tömeg,tömeg,tömeg,unknown,tömeg,wordfreq:hu,wordfreq_seeded;deterministically_filtered;structurally_curated
hu,v1,3,2395,2425,tőled,tőled,tőled,unknown,tőled,wordfreq:hu,wordfreq_seeded;deterministically_filtered;structurally_curated
hu,v1,3,2396,2426,up,up,up,unknown,up,wordfreq:hu,wordfreq_seeded;deterministically_filtered;structurally_curated
hu,v1,3,2397,2427,visszatér,visszatér,visszatér,unknown,visszatér,wordfreq:hu,wordfreq_seeded;deterministically_filtered;structurally_curated
hu,v1,3,2398,2428,vékony,vékony,vékony,unknown,vékony,wordfreq:hu,wordfreq_seeded;deterministically_filtered;structurally_curated
hu,v1,3,2399,2429,zenét,zenét,zenét,unknown,zenét,wordfreq:hu,wordfreq_seeded;deterministically_filtered;structurally_curated
hu,v1,3,2400,2430,állítja,állítja,állítja,unknown,állítja,wordfreq:hu,wordfreq_seeded;deterministically_filtered;structurally_curated
hu,v1,3,2401,2431,írás,írás,írás,unknown,írás,wordfreq:hu,wordfreq_seeded;deterministically_filtered;structurally_curated
hu,v1,3,2402,2432,ún,ún,ún,unknown,ún,wordfreq:hu,wordfreq_seeded;deterministically_filtered;structurally_curated
hu,v1,3,2403,2433,úti,úti,úti,unknown,úti,wordfreq:hu,wordfreq_seeded;deterministically_filtered;structurally_curated
hu,v1,3,2404,2434,üdv,üdv,üdv,unknown,üdv,wordfreq:hu,wordfreq_seeded;deterministically_filtered;structurally_curated
hu,v1,3,2405,2436,alakul,alakul,alakul,unknown,alakul,wordfreq:hu,wordfreq_seeded;deterministically_filtered;structurally_curated
hu,v1,3,2406,2437,anyu,anyu,anyu,unknown,anyu,wordfreq:hu,wordfreq_seeded;deterministically_filtered;structurally_curated
hu,v1,3,2407,2438,bennünket,bennünket,bennünket,unknown,bennünket,wordfreq:hu,wordfreq_seeded;deterministically_filtered;structurally_curated
hu,v1,3,2408,2439,beszélünk,beszélünk,beszélünk,unknown,beszélünk,wordfreq:hu,wordfreq_seeded;deterministically_filtered;structurally_curated
hu,v1,3,2409,2440,busz,busz,busz,unknown,busz,wordfreq:hu,wordfreq_seeded;deterministically_filtered;structurally_curated
hu,v1,3,2410,2441,chris,chris,chris,unknown,chris,wordfreq:hu,wordfreq_seeded;deterministically_filtered;structurally_curated
hu,v1,3,2411,2442,csökken,csökken,csökken,unknown,csökken,wordfreq:hu,wordfreq_seeded;deterministically_filtered;structurally_curated
hu,v1,3,2412,2443,címen,címen,címen,unknown,címen,wordfreq:hu,wordfreq_seeded;deterministically_filtered;structurally_curated
hu,v1,3,2413,2444,díjas,díjas,díjas,unknown,díjas,wordfreq:hu,wordfreq_seeded;deterministically_filtered;structurally_curated
hu,v1,3,2414,2445,egyértelműen,egyértelműen,egyértelműen,unknown,egyértelműen,wordfreq:hu,wordfreq_seeded;deterministically_filtered;structurally_curated
hu,v1,3,2415,2446,eljárás,eljárás,eljárás,unknown,eljárás,wordfreq:hu,wordfreq_seeded;deterministically_filtered;structurally_curated
hu,v1,3,2416,2447,erdély,erdély,erdély,unknown,erdély,wordfreq:hu,wordfreq_seeded;deterministically_filtered;structurally_curated
hu,v1,3,2417,2448,feletti,feletti,feletti,unknown,feletti,wordfreq:hu,wordfreq_seeded;deterministically_filtered;structurally_curated
hu,v1,3,2418,2449,fordult,fordult,fordult,unknown,fordult,wordfreq:hu,wordfreq_seeded;deterministically_filtered;structurally_curated
hu,v1,3,2419,2450,forradalom,forradalom,forradalom,unknown,forradalom,wordfreq:hu,wordfreq_seeded;deterministically_filtered;structurally_curated
hu,v1,3,2420,2451,gondolta,gondolta,gondolta,unknown,gondolta,wordfreq:hu,wordfreq_seeded;deterministically_filtered;structurally_curated
hu,v1,3,2421,2452,hamarabb,hamarabb,hamarabb,unknown,hamarabb,wordfreq:hu,wordfreq_seeded;deterministically_filtered;structurally_curated
hu,v1,3,2422,2453,house,house,house,unknown,house,wordfreq:hu,wordfreq_seeded;deterministically_filtered;structurally_curated
hu,v1,3,2423,2454,hová,hová,hová,unknown,hová,wordfreq:hu,wordfreq_seeded;deterministically_filtered;structurally_curated
hu,v1,3,2424,2455,hölgy,hölgy,hölgy,unknown,hölgy,wordfreq:hu,wordfreq_seeded;deterministically_filtered;structurally_curated
hu,v1,3,2425,2456,inni,inni,inni,unknown,inni,wordfreq:hu,wordfreq_seeded;deterministically_filtered;structurally_curated
hu,v1,3,2426,2457,kapcsolatba,kapcsolatba,kapcsolatba,unknown,kapcsolatba,wordfreq:hu,wordfreq_seeded;deterministically_filtered;structurally_curated
hu,v1,3,2427,2458,kezében,kezében,kezében,unknown,kezében,wordfreq:hu,wordfreq_seeded;deterministically_filtered;structurally_curated
hu,v1,3,2428,2459,kötet,kötet,kötet,unknown,kötet,wordfreq:hu,wordfreq_seeded;deterministically_filtered;structurally_curated
hu,v1,3,2429,2460,lenyűgöző,lenyűgöző,lenyűgöző,unknown,lenyűgöző,wordfreq:hu,wordfreq_seeded;deterministically_filtered;structurally_curated
hu,v1,3,2430,2461,mama,mama,mama,unknown,mama,wordfreq:hu,wordfreq_seeded;deterministically_filtered;structurally_curated
hu,v1,3,2431,2462,manapság,manapság,manapság,unknown,manapság,wordfreq:hu,wordfreq_seeded;deterministically_filtered;structurally_curated
hu,v1,3,2432,2463,matt,matt,matt,unknown,matt,wordfreq:hu,wordfreq_seeded;deterministically_filtered;structurally_curated
hu,v1,3,2433,2464,meghatározó,meghatározó,meghatározó,unknown,meghatározó,wordfreq:hu,wordfreq_seeded;deterministically_filtered;structurally_curated
hu,v1,3,2434,2465,nagydíj,nagydíj,nagydíj,unknown,nagydíj,wordfreq:hu,wordfreq_seeded;deterministically_filtered;structurally_curated
hu,v1,3,2435,2466,part,part,part,unknown,part,wordfreq:hu,wordfreq_seeded;deterministically_filtered;structurally_curated
hu,v1,3,2436,2467,próbálja,próbálja,próbálja,unknown,próbálja,wordfreq:hu,wordfreq_seeded;deterministically_filtered;structurally_curated
hu,v1,3,2437,2468,pálya,pálya,pálya,unknown,pálya,wordfreq:hu,wordfreq_seeded;deterministically_filtered;structurally_curated
hu,v1,3,2438,2469,pályára,pályára,pályára,unknown,pályára,wordfreq:hu,wordfreq_seeded;deterministically_filtered;structurally_curated
hu,v1,3,2439,2470,sajtó,sajtó,sajtó,unknown,sajtó,wordfreq:hu,wordfreq_seeded;deterministically_filtered;structurally_curated
hu,v1,3,2440,2471,st,st,st,unknown,st,wordfreq:hu,wordfreq_seeded;deterministically_filtered;structurally_curated
hu,v1,3,2441,2472,szombat,szombat,szombat,unknown,szombat,wordfreq:hu,wordfreq_seeded;deterministically_filtered;structurally_curated
hu,v1,3,2442,2473,száraz,száraz,száraz,unknown,száraz,wordfreq:hu,wordfreq_seeded;deterministically_filtered;structurally_curated
hu,v1,3,2443,2474,sérült,sérült,sérült,unknown,sérült,wordfreq:hu,wordfreq_seeded;deterministically_filtered;structurally_curated
hu,v1,3,2444,2475,találkozott,találkozott,találkozott,unknown,találkozott,wordfreq:hu,wordfreq_seeded;deterministically_filtered;structurally_curated
hu,v1,3,2445,2476,teli,teli,teli,unknown,teli,wordfreq:hu,wordfreq_seeded;deterministically_filtered;structurally_curated
hu,v1,3,2446,2477,teszt,teszt,teszt,unknown,teszt,wordfreq:hu,wordfreq_seeded;deterministically_filtered;structurally_curated
hu,v1,3,2447,2478,télen,télen,télen,unknown,télen,wordfreq:hu,wordfreq_seeded;deterministically_filtered;structurally_curated
hu,v1,3,2448,2479,túlságosan,túlságosan,túlságosan,unknown,túlságosan,wordfreq:hu,wordfreq_seeded;deterministically_filtered;structurally_curated
hu,v1,3,2449,2480,viii,viii,viii,unknown,viii,wordfreq:hu,wordfreq_seeded;deterministically_filtered;structurally_curated
hu,v1,3,2450,2481,várnak,várnak,várnak,unknown,várnak,wordfreq:hu,wordfreq_seeded;deterministically_filtered;structurally_curated
hu,v1,3,2451,2482,zsuzsa,zsuzsa,zsuzsa,unknown,zsuzsa,wordfreq:hu,wordfreq_seeded;deterministically_filtered;structurally_curated
hu,v1,3,2452,2483,ákos,ákos,ákos,unknown,ákos,wordfreq:hu,wordfreq_seeded;deterministically_filtered;structurally_curated
hu,v1,3,2453,2484,éjszakát,éjszakát,éjszakát,unknown,éjszakát,wordfreq:hu,wordfreq_seeded;deterministically_filtered;structurally_curated
hu,v1,3,2454,2485,életed,életed,életed,unknown,életed,wordfreq:hu,wordfreq_seeded;deterministically_filtered;structurally_curated
hu,v1,3,2455,2486,értékes,értékes,értékes,unknown,értékes,wordfreq:hu,wordfreq_seeded;deterministically_filtered;structurally_curated
hu,v1,3,2456,2487,ügyes,ügyes,ügyes,unknown,ügyes,wordfreq:hu,wordfreq_seeded;deterministically_filtered;structurally_curated
hu,v1,3,2457,2488,üveg,üveg,üveg,unknown,üveg,wordfreq:hu,wordfreq_seeded;deterministically_filtered;structurally_curated
hu,v1,3,2458,2489,alapú,alapú,alapú,unknown,alapú,wordfreq:hu,wordfreq_seeded;deterministically_filtered;structurally_curated
hu,v1,3,2459,2490,alkalmazás,alkalmazás,alkalmazás,unknown,alkalmazás,wordfreq:hu,wordfreq_seeded;deterministically_filtered;structurally_curated
hu,v1,3,2460,2491,autóbusz,autóbusz,autóbusz,unknown,autóbusz,wordfreq:hu,wordfreq_seeded;deterministically_filtered;structurally_curated
hu,v1,3,2461,2492,benned,benned,benned,unknown,benned,wordfreq:hu,wordfreq_seeded;deterministically_filtered;structurally_curated
hu,v1,3,2462,2493,egri,egri,egri,unknown,egri,wordfreq:hu,wordfreq_seeded;deterministically_filtered;structurally_curated
hu,v1,3,2463,2494,egyenlő,egyenlő,egyenlő,unknown,egyenlő,wordfreq:hu,wordfreq_seeded;deterministically_filtered;structurally_curated
hu,v1,3,2464,2495,egymástól,egymástól,egymástól,unknown,egymástól,wordfreq:hu,wordfreq_seeded;deterministically_filtered;structurally_curated
hu,v1,3,2465,2496,említett,említett,említett,unknown,említett,wordfreq:hu,wordfreq_seeded;deterministically_filtered;structurally_curated
hu,v1,3,2466,2497,felesleges,felesleges,felesleges,unknown,felesleges,wordfreq:hu,wordfreq_seeded;deterministically_filtered;structurally_curated
hu,v1,3,2467,2498,folyamat,folyamat,folyamat,unknown,folyamat,wordfreq:hu,wordfreq_seeded;deterministically_filtered;structurally_curated
hu,v1,3,2468,2499,forintos,forintos,forintos,unknown,forintos,wordfreq:hu,wordfreq_seeded;deterministically_filtered;structurally_curated
hu,v1,3,2469,2500,futás,futás,futás,unknown,futás,wordfreq:hu,wordfreq_seeded;deterministically_filtered;structurally_curated
hu,v1,3,2470,2501,férfit,férfit,férfit,unknown,férfit,wordfreq:hu,wordfreq_seeded;deterministically_filtered;structurally_curated
hu,v1,3,2471,2502,főként,főként,főként,unknown,főként,wordfreq:hu,wordfreq_seeded;deterministically_filtered;structurally_curated
hu,v1,3,2472,2503,hagyja,hagyja,hagyja,unknown,hagyja,wordfreq:hu,wordfreq_seeded;deterministically_filtered;structurally_curated
hu,v1,3,2473,2504,hagyni,hagyni,hagyni,unknown,hagyni,wordfreq:hu,wordfreq_seeded;deterministically_filtered;structurally_curated
hu,v1,3,2474,2505,helyére,helyére,helyére,unknown,helyére,wordfreq:hu,wordfreq_seeded;deterministically_filtered;structurally_curated
hu,v1,3,2475,2506,henry,henry,henry,unknown,henry,wordfreq:hu,wordfreq_seeded;deterministically_filtered;structurally_curated
hu,v1,3,2476,2507,hercegnő,hercegnő,hercegnő,unknown,hercegnő,wordfreq:hu,wordfreq_seeded;deterministically_filtered;structurally_curated
hu,v1,3,2477,2508,hm,hm,hm,unknown,hm,wordfreq:hu,wordfreq_seeded;deterministically_filtered;structurally_curated
hu,v1,3,2478,2509,ilyesmi,ilyesmi,ilyesmi,unknown,ilyesmi,wordfreq:hu,wordfreq_seeded;deterministically_filtered;structurally_curated
hu,v1,3,2479,2510,információ,információ,információ,unknown,információ,wordfreq:hu,wordfreq_seeded;deterministically_filtered;structurally_curated
hu,v1,3,2480,2511,irány,irány,irány,unknown,irány,wordfreq:hu,wordfreq_seeded;deterministically_filtered;structurally_curated
hu,v1,3,2481,2512,kapja,kapja,kapja,unknown,kapja,wordfreq:hu,wordfreq_seeded;deterministically_filtered;structurally_curated
hu,v1,3,2482,2513,kiemelkedő,kiemelkedő,kiemelkedő,unknown,kiemelkedő,wordfreq:hu,wordfreq_seeded;deterministically_filtered;structurally_curated
hu,v1,3,2483,2514,kocsi,kocsi,kocsi,unknown,kocsi,wordfreq:hu,wordfreq_seeded;deterministically_filtered;structurally_curated
hu,v1,3,2484,2515,kényelmes,kényelmes,kényelmes,unknown,kényelmes,wordfreq:hu,wordfreq_seeded;deterministically_filtered;structurally_curated
hu,v1,3,2485,2516,képzés,képzés,képzés,unknown,képzés,wordfreq:hu,wordfreq_seeded;deterministically_filtered;structurally_curated
hu,v1,3,2486,2517,kérdések,kérdések,kérdések,unknown,kérdések,wordfreq:hu,wordfreq_seeded;deterministically_filtered;structurally_curated
hu,v1,3,2487,2518,kérdésre,kérdésre,kérdésre,unknown,kérdésre,wordfreq:hu,wordfreq_seeded;deterministically_filtered;structurally_curated
hu,v1,3,2488,2519,készültek,készültek,készültek,unknown,készültek,wordfreq:hu,wordfreq_seeded;deterministically_filtered;structurally_curated
hu,v1,3,2489,2520,könyve,könyve,könyve,unknown,könyve,wordfreq:hu,wordfreq_seeded;deterministically_filtered;structurally_curated
hu,v1,3,2490,2521,különben,különben,különben,unknown,különben,wordfreq:hu,wordfreq_seeded;deterministically_filtered;structurally_curated
hu,v1,3,2491,2522,lista,lista,lista,unknown,lista,wordfreq:hu,wordfreq_seeded;deterministically_filtered;structurally_curated
hu,v1,3,2492,2523,látták,látták,látták,unknown,látták,wordfreq:hu,wordfreq_seeded;deterministically_filtered;structurally_curated
hu,v1,3,2493,2525,mary,mary,mary,unknown,mary,wordfreq:hu,wordfreq_seeded;deterministically_filtered;structurally_curated
hu,v1,3,2494,2526,meglehetősen,meglehetősen,meglehetősen,unknown,meglehetősen,wordfreq:hu,wordfreq_seeded;deterministically_filtered;structurally_curated
hu,v1,3,2495,2527,mitől,mitől,mitől,unknown,mitől,wordfreq:hu,wordfreq_seeded;deterministically_filtered;structurally_curated
hu,v1,3,2496,2528,méltó,méltó,méltó,unknown,méltó,wordfreq:hu,wordfreq_seeded;deterministically_filtered;structurally_curated
hu,v1,3,2497,2529,mért,mért,mért,unknown,mért,wordfreq:hu,wordfreq_seeded;deterministically_filtered;structurally_curated
hu,v1,3,2498,2530,mészáros,mészáros,mészáros,unknown,mészáros,wordfreq:hu,wordfreq_seeded;deterministically_filtered;structurally_curated
hu,v1,3,2499,2531,problémák,problémák,problémák,unknown,problémák,wordfreq:hu,wordfreq_seeded;deterministically_filtered;structurally_curated
hu,v1,3,2500,2532,steve,steve,steve,unknown,steve,wordfreq:hu,wordfreq_seeded;deterministically_filtered;structurally_curated
hu,v1,3,2501,2533,stílus,stílus,stílus,unknown,stílus,wordfreq:hu,wordfreq_seeded;deterministically_filtered;structurally_curated
hu,v1,3,2502,2534,személyi,személyi,személyi,unknown,személyi,wordfreq:hu,wordfreq_seeded;deterministically_filtered;structurally_curated
hu,v1,3,2503,2535,szenvedett,szenvedett,szenvedett,unknown,szenvedett,wordfreq:hu,wordfreq_seeded;deterministically_filtered;structurally_curated
hu,v1,3,2504,2536,szolgáló,szolgáló,szolgáló,unknown,szolgáló,wordfreq:hu,wordfreq_seeded;deterministically_filtered;structurally_curated
hu,v1,3,2505,2537,szürke,szürke,szürke,unknown,szürke,wordfreq:hu,wordfreq_seeded;deterministically_filtered;structurally_curated
hu,v1,3,2506,2538,szűz,szűz,szűz,unknown,szűz,wordfreq:hu,wordfreq_seeded;deterministically_filtered;structurally_curated
hu,v1,3,2507,2539,tartunk,tartunk,tartunk,unknown,tartunk,wordfreq:hu,wordfreq_seeded;deterministically_filtered;structurally_curated
hu,v1,3,2508,2540,tengeri,tengeri,tengeri,unknown,tengeri,wordfreq:hu,wordfreq_seeded;deterministically_filtered;structurally_curated
hu,v1,3,2509,2541,termék,termék,termék,unknown,termék,wordfreq:hu,wordfreq_seeded;deterministically_filtered;structurally_curated
hu,v1,3,2510,2542,unalmas,unalmas,unalmas,unknown,unalmas,wordfreq:hu,wordfreq_seeded;deterministically_filtered;structurally_curated
hu,v1,3,2511,2543,utal,utal,utal,unknown,utal,wordfreq:hu,wordfreq_seeded;deterministically_filtered;structurally_curated
hu,v1,3,2512,2544,vacsora,vacsora,vacsora,unknown,vacsora,wordfreq:hu,wordfreq_seeded;deterministically_filtered;structurally_curated
hu,v1,3,2513,2545,vb,vb,vb,unknown,vb,wordfreq:hu,wordfreq_seeded;deterministically_filtered;structurally_curated
hu,v1,3,2514,2546,williams,williams,williams,unknown,williams,wordfreq:hu,wordfreq_seeded;deterministically_filtered;structurally_curated
hu,v1,3,2515,2547,életbe,életbe,életbe,unknown,életbe,wordfreq:hu,wordfreq_seeded;deterministically_filtered;structurally_curated
hu,v1,3,2516,2548,életre,életre,életre,unknown,életre,wordfreq:hu,wordfreq_seeded;deterministically_filtered;structurally_curated
hu,v1,3,2517,2549,óráig,óráig,óráig,unknown,óráig,wordfreq:hu,wordfreq_seeded;deterministically_filtered;structurally_curated
hu,v1,3,2518,2551,adták,adták,adták,unknown,adták,wordfreq:hu,wordfreq_seeded;deterministically_filtered;structurally_curated
hu,v1,3,2519,2552,bácsi,bácsi,bácsi,unknown,bácsi,wordfreq:hu,wordfreq_seeded;deterministically_filtered;structurally_curated
hu,v1,3,2520,2553,bátran,bátran,bátran,unknown,bátran,wordfreq:hu,wordfreq_seeded;deterministically_filtered;structurally_curated
hu,v1,3,2521,2554,bővebben,bővebben,bővebben,unknown,bővebben,wordfreq:hu,wordfreq_seeded;deterministically_filtered;structurally_curated
hu,v1,3,2522,2555,cégek,cégek,cégek,unknown,cégek,wordfreq:hu,wordfreq_seeded;deterministically_filtered;structurally_curated
hu,v1,3,2523,2556,diákok,diákok,diákok,unknown,diákok,wordfreq:hu,wordfreq_seeded;deterministically_filtered;structurally_curated
hu,v1,3,2524,2557,dolgoznak,dolgoznak,dolgoznak,unknown,dolgoznak,wordfreq:hu,wordfreq_seeded;deterministically_filtered;structurally_curated
hu,v1,3,2525,2558,egyből,egyből,egyből,unknown,egyből,wordfreq:hu,wordfreq_seeded;deterministically_filtered;structurally_curated
hu,v1,3,2526,2559,egyfajta,egyfajta,egyfajta,unknown,egyfajta,wordfreq:hu,wordfreq_seeded;deterministically_filtered;structurally_curated
hu,v1,3,2527,2560,fejlesztés,fejlesztés,fejlesztés,unknown,fejlesztés,wordfreq:hu,wordfreq_seeded;deterministically_filtered;structurally_curated
hu,v1,3,2528,2561,felirat,felirat,felirat,unknown,felirat,wordfreq:hu,wordfreq_seeded;deterministically_filtered;structurally_curated
hu,v1,3,2529,2562,foglalkozó,foglalkozó,foglalkozó,unknown,foglalkozó,wordfreq:hu,wordfreq_seeded;deterministically_filtered;structurally_curated
hu,v1,3,2530,2563,formájában,formájában,formájában,unknown,formájában,wordfreq:hu,wordfreq_seeded;deterministically_filtered;structurally_curated
hu,v1,3,2531,2564,földet,földet,földet,unknown,földet,wordfreq:hu,wordfreq_seeded;deterministically_filtered;structurally_curated
hu,v1,3,2532,2565,gondolat,gondolat,gondolat,unknown,gondolat,wordfreq:hu,wordfreq_seeded;deterministically_filtered;structurally_curated
hu,v1,3,2533,2566,grand,grand,grand,unknown,grand,wordfreq:hu,wordfreq_seeded;deterministically_filtered;structurally_curated
hu,v1,3,2534,2567,határ,határ,határ,unknown,határ,wordfreq:hu,wordfreq_seeded;deterministically_filtered;structurally_curated
hu,v1,3,2535,2568,határozat,határozat,határozat,unknown,határozat,wordfreq:hu,wordfreq_seeded;deterministically_filtered;structurally_curated
hu,v1,3,2536,2569,hazugság,hazugság,hazugság,unknown,hazugság,wordfreq:hu,wordfreq_seeded;deterministically_filtered;structurally_curated
hu,v1,3,2537,2570,idióta,idióta,idióta,unknown,idióta,wordfreq:hu,wordfreq_seeded;deterministically_filtered;structurally_curated
hu,v1,3,2538,2571,időjárás,időjárás,időjárás,unknown,időjárás,wordfreq:hu,wordfreq_seeded;deterministically_filtered;structurally_curated
hu,v1,3,2539,2572,igazgatója,igazgatója,igazgatója,unknown,igazgatója,wordfreq:hu,wordfreq_seeded;deterministically_filtered;structurally_curated
hu,v1,3,2540,2573,irányba,irányba,irányba,unknown,irányba,wordfreq:hu,wordfreq_seeded;deterministically_filtered;structurally_curated
hu,v1,3,2541,2574,jutni,jutni,jutni,unknown,jutni,wordfreq:hu,wordfreq_seeded;deterministically_filtered;structurally_curated
hu,v1,3,2542,2575,jövőre,jövőre,jövőre,unknown,jövőre,wordfreq:hu,wordfreq_seeded;deterministically_filtered;structurally_curated
hu,v1,3,2543,2576,kezdő,kezdő,kezdő,unknown,kezdő,wordfreq:hu,wordfreq_seeded;deterministically_filtered;structurally_curated
hu,v1,3,2544,2577,kormányzati,kormányzati,kormányzati,unknown,kormányzati,wordfreq:hu,wordfreq_seeded;deterministically_filtered;structurally_curated
hu,v1,3,2545,2578,követni,követni,követni,unknown,követni,wordfreq:hu,wordfreq_seeded;deterministically_filtered;structurally_curated
hu,v1,3,2546,2579,közülük,közülük,közülük,unknown,közülük,wordfreq:hu,wordfreq_seeded;deterministically_filtered;structurally_curated
hu,v1,3,2547,2580,lassú,lassú,lassú,unknown,lassú,wordfreq:hu,wordfreq_seeded;deterministically_filtered;structurally_curated
hu,v1,3,2548,2581,league,league,league,unknown,league,wordfreq:hu,wordfreq_seeded;deterministically_filtered;structurally_curated
hu,v1,3,2549,2582,létező,létező,létező,unknown,létező,wordfreq:hu,wordfreq_seeded;deterministically_filtered;structurally_curated
hu,v1,3,2550,2583,meghatározott,meghatározott,meghatározott,unknown,meghatározott,wordfreq:hu,wordfreq_seeded;deterministically_filtered;structurally_curated
hu,v1,3,2551,2584,mszp,mszp,mszp,unknown,mszp,wordfreq:hu,wordfreq_seeded;deterministically_filtered;structurally_curated
hu,v1,3,2552,2585,mélyen,mélyen,mélyen,unknown,mélyen,wordfreq:hu,wordfreq_seeded;deterministically_filtered;structurally_curated
hu,v1,3,2553,2586,napokban,napokban,napokban,unknown,napokban,wordfreq:hu,wordfreq_seeded;deterministically_filtered;structurally_curated
hu,v1,3,2554,2587,növény,növény,növény,unknown,növény,wordfreq:hu,wordfreq_seeded;deterministically_filtered;structurally_curated
hu,v1,3,2555,2588,oldala,oldala,oldala,unknown,oldala,wordfreq:hu,wordfreq_seeded;deterministically_filtered;structurally_curated
hu,v1,3,2556,2589,percre,percre,percre,unknown,percre,wordfreq:hu,wordfreq_seeded;deterministically_filtered;structurally_curated
hu,v1,3,2557,2590,picit,picit,picit,unknown,picit,wordfreq:hu,wordfreq_seeded;deterministically_filtered;structurally_curated
hu,v1,3,2558,2591,sorozatot,sorozatot,sorozatot,unknown,sorozatot,wordfreq:hu,wordfreq_seeded;deterministically_filtered;structurally_curated
hu,v1,3,2559,2592,szakasz,szakasz,szakasz,unknown,szakasz,wordfreq:hu,wordfreq_seeded;deterministically_filtered;structurally_curated
hu,v1,3,2560,2593,teszem,teszem,teszem,unknown,teszem,wordfreq:hu,wordfreq_seeded;deterministically_filtered;structurally_curated
hu,v1,3,2561,2594,típus,típus,típus,unknown,típus,wordfreq:hu,wordfreq_seeded;deterministically_filtered;structurally_curated
hu,v1,3,2562,2595,valamennyi,valamennyi,valamennyi,unknown,valamennyi,wordfreq:hu,wordfreq_seeded;deterministically_filtered;structurally_curated
hu,v1,3,2563,2596,videók,videók,videók,unknown,videók,wordfreq:hu,wordfreq_seeded;deterministically_filtered;structurally_curated
hu,v1,3,2564,2597,virág,virág,virág,unknown,virág,wordfreq:hu,wordfreq_seeded;deterministically_filtered;structurally_curated
hu,v1,3,2565,2598,végtelen,végtelen,végtelen,unknown,végtelen,wordfreq:hu,wordfreq_seeded;deterministically_filtered;structurally_curated
hu,v1,3,2566,2599,állok,állok,állok,unknown,állok,wordfreq:hu,wordfreq_seeded;deterministically_filtered;structurally_curated
hu,v1,3,2567,2600,éri,éri,éri,unknown,éri,wordfreq:hu,wordfreq_seeded;deterministically_filtered;structurally_curated
hu,v1,3,2568,2601,érthető,érthető,érthető,unknown,érthető,wordfreq:hu,wordfreq_seeded;deterministically_filtered;structurally_curated
hu,v1,3,2569,2602,ételek,ételek,ételek,unknown,ételek,wordfreq:hu,wordfreq_seeded;deterministically_filtered;structurally_curated
hu,v1,3,2570,2603,amitől,amitől,amitől,unknown,amitől,wordfreq:hu,wordfreq_seeded;deterministically_filtered;structurally_curated
hu,v1,3,2571,2604,barátaim,barátaim,barátaim,unknown,barátaim,wordfreq:hu,wordfreq_seeded;deterministically_filtered;structurally_curated
hu,v1,3,2572,2605,benneteket,benneteket,benneteket,unknown,benneteket,wordfreq:hu,wordfreq_seeded;deterministically_filtered;structurally_curated
hu,v1,3,2573,2606,beszélgetni,beszélgetni,beszélgetni,unknown,beszélgetni,wordfreq:hu,wordfreq_seeded;deterministically_filtered;structurally_curated
hu,v1,3,2574,2607,béke,béke,béke,unknown,béke,wordfreq:hu,wordfreq_seeded;deterministically_filtered;structurally_curated
hu,v1,3,2575,2608,charles,charles,charles,unknown,charles,wordfreq:hu,wordfreq_seeded;deterministically_filtered;structurally_curated
hu,v1,3,2576,2609,csapatot,csapatot,csapatot,unknown,csapatot,wordfreq:hu,wordfreq_seeded;deterministically_filtered;structurally_curated
hu,v1,3,2577,2610,egymáshoz,egymáshoz,egymáshoz,unknown,egymáshoz,wordfreq:hu,wordfreq_seeded;deterministically_filtered;structurally_curated
hu,v1,3,2578,2611,ellentétben,ellentétben,ellentétben,unknown,ellentétben,wordfreq:hu,wordfreq_seeded;deterministically_filtered;structurally_curated
hu,v1,3,2579,2612,elsőként,elsőként,elsőként,unknown,elsőként,wordfreq:hu,wordfreq_seeded;deterministically_filtered;structurally_curated
hu,v1,3,2580,2613,emberekkel,emberekkel,emberekkel,unknown,emberekkel,wordfreq:hu,wordfreq_seeded;deterministically_filtered;structurally_curated
hu,v1,3,2581,2614,fekszik,fekszik,fekszik,unknown,fekszik,wordfreq:hu,wordfreq_seeded;deterministically_filtered;structurally_curated
hu,v1,3,2582,2615,fordította,fordította,fordította,unknown,fordította,wordfreq:hu,wordfreq_seeded;deterministically_filtered;structurally_curated
hu,v1,3,2583,2616,gondolsz,gondolsz,gondolsz,unknown,gondolsz,wordfreq:hu,wordfreq_seeded;deterministically_filtered;structurally_curated
hu,v1,3,2584,2617,géza,géza,géza,unknown,géza,wordfreq:hu,wordfreq_seeded;deterministically_filtered;structurally_curated
hu,v1,3,2585,2618,halad,halad,halad,unknown,halad,wordfreq:hu,wordfreq_seeded;deterministically_filtered;structurally_curated
hu,v1,3,2586,2619,használ,használ,használ,unknown,használ,wordfreq:hu,wordfreq_seeded;deterministically_filtered;structurally_curated
hu,v1,3,2587,2620,hónappal,hónappal,hónappal,unknown,hónappal,wordfreq:hu,wordfreq_seeded;deterministically_filtered;structurally_curated
hu,v1,3,2588,2621,illeti,illeti,illeti,unknown,illeti,wordfreq:hu,wordfreq_seeded;deterministically_filtered;structurally_curated
hu,v1,3,2589,2622,je,je,je,unknown,je,wordfreq:hu,wordfreq_seeded;deterministically_filtered;structurally_curated
hu,v1,3,2590,2623,kapcsolatok,kapcsolatok,kapcsolatok,unknown,kapcsolatok,wordfreq:hu,wordfreq_seeded;deterministically_filtered;structurally_curated
hu,v1,3,2591,2624,kategóriában,kategóriában,kategóriában,unknown,kategóriában,wordfreq:hu,wordfreq_seeded;deterministically_filtered;structurally_curated
hu,v1,3,2592,2625,konkrét,konkrét,konkrét,unknown,konkrét,wordfreq:hu,wordfreq_seeded;deterministically_filtered;structurally_curated
hu,v1,3,2593,2626,közönség,közönség,közönség,unknown,közönség,wordfreq:hu,wordfreq_seeded;deterministically_filtered;structurally_curated
hu,v1,3,2594,2627,lennének,lennének,lennének,unknown,lennének,wordfreq:hu,wordfreq_seeded;deterministically_filtered;structurally_curated
hu,v1,3,2595,2628,levő,levő,levő,unknown,levő,wordfreq:hu,wordfreq_seeded;deterministically_filtered;structurally_curated
hu,v1,3,2596,2629,magától,magától,magától,unknown,magától,wordfreq:hu,wordfreq_seeded;deterministically_filtered;structurally_curated
hu,v1,3,2597,2630,megtalálni,megtalálni,megtalálni,unknown,megtalálni,wordfreq:hu,wordfreq_seeded;deterministically_filtered;structurally_curated
hu,v1,3,2598,2631,mindennapi,mindennapi,mindennapi,unknown,mindennapi,wordfreq:hu,wordfreq_seeded;deterministically_filtered;structurally_curated
hu,v1,3,2599,2632,mix,mix,mix,unknown,mix,wordfreq:hu,wordfreq_seeded;deterministically_filtered;structurally_curated
hu,v1,3,2600,2633,mostani,mostani,mostani,unknown,mostani,wordfreq:hu,wordfreq_seeded;deterministically_filtered;structurally_curated
hu,v1,3,2601,2634,motor,motor,motor,unknown,motor,wordfreq:hu,wordfreq_seeded;deterministically_filtered;structurally_curated
hu,v1,3,2602,2635,mátyás,mátyás,mátyás,unknown,mátyás,wordfreq:hu,wordfreq_seeded;deterministically_filtered;structurally_curated
hu,v1,3,2603,2636,mérnök,mérnök,mérnök,unknown,mérnök,wordfreq:hu,wordfreq_seeded;deterministically_filtered;structurally_curated
hu,v1,3,2604,2637,mész,mész,mész,unknown,mész,wordfreq:hu,wordfreq_seeded;deterministically_filtered;structurally_curated
hu,v1,3,2605,2638,nőnek,nőnek,nőnek,unknown,nőnek,wordfreq:hu,wordfreq_seeded;deterministically_filtered;structurally_curated
hu,v1,3,2606,2639,pap,pap,pap,unknown,pap,wordfreq:hu,wordfreq_seeded;deterministically_filtered;structurally_curated
hu,v1,3,2607,2640,pc,pc,pc,unknown,pc,wordfreq:hu,wordfreq_seeded;deterministically_filtered;structurally_curated
hu,v1,3,2608,2641,próbál,próbál,próbál,unknown,próbál,wordfreq:hu,wordfreq_seeded;deterministically_filtered;structurally_curated
hu,v1,3,2609,2642,református,református,református,unknown,református,wordfreq:hu,wordfreq_seeded;deterministically_filtered;structurally_curated
hu,v1,3,2610,2643,sir,sir,sir,unknown,sir,wordfreq:hu,wordfreq_seeded;deterministically_filtered;structurally_curated
hu,v1,3,2611,2644,szellemi,szellemi,szellemi,unknown,szellemi,wordfreq:hu,wordfreq_seeded;deterministically_filtered;structurally_curated
hu,v1,3,2612,2645,szexi,szexi,szexi,unknown,szexi,wordfreq:hu,wordfreq_seeded;deterministically_filtered;structurally_curated
hu,v1,3,2613,2646,tojás,tojás,tojás,unknown,tojás,wordfreq:hu,wordfreq_seeded;deterministically_filtered;structurally_curated
hu,v1,3,2614,2647,tudd,tudd,tudd,unknown,tudd,wordfreq:hu,wordfreq_seeded;deterministically_filtered;structurally_curated
hu,v1,3,2615,2648,valós,valós,valós,unknown,valós,wordfreq:hu,wordfreq_seeded;deterministically_filtered;structurally_curated
hu,v1,3,2616,2649,verzió,verzió,verzió,unknown,verzió,wordfreq:hu,wordfreq_seeded;deterministically_filtered;structurally_curated
hu,v1,3,2617,2650,vigyázz,vigyázz,vigyázz,unknown,vigyázz,wordfreq:hu,wordfreq_seeded;deterministically_filtered;structurally_curated
hu,v1,3,2618,2651,változata,változata,változata,unknown,változata,wordfreq:hu,wordfreq_seeded;deterministically_filtered;structurally_curated
hu,v1,3,2619,2652,xx,xx,xx,unknown,xx,wordfreq:hu,wordfreq_seeded;deterministically_filtered;structurally_curated
hu,v1,3,2620,2653,újság,újság,újság,unknown,újság,wordfreq:hu,wordfreq_seeded;deterministically_filtered;structurally_curated
hu,v1,3,2621,2654,ünnepi,ünnepi,ünnepi,unknown,ünnepi,wordfreq:hu,wordfreq_seeded;deterministically_filtered;structurally_curated
hu,v1,3,2622,2655,akkoriban,akkoriban,akkoriban,unknown,akkoriban,wordfreq:hu,wordfreq_seeded;deterministically_filtered;structurally_curated
hu,v1,3,2623,2656,alapítója,alapítója,alapítója,unknown,alapítója,wordfreq:hu,wordfreq_seeded;deterministically_filtered;structurally_curated
hu,v1,3,2624,2657,amatőr,amatőr,amatőr,unknown,amatőr,wordfreq:hu,wordfreq_seeded;deterministically_filtered;structurally_curated
hu,v1,3,2625,2658,bob,bob,bob,unknown,bob,wordfreq:hu,wordfreq_seeded;deterministically_filtered;structurally_curated
hu,v1,3,2626,2659,dollár,dollár,dollár,unknown,dollár,wordfreq:hu,wordfreq_seeded;deterministically_filtered;structurally_curated
hu,v1,3,2627,2660,elektronikus,elektronikus,elektronikus,unknown,elektronikus,wordfreq:hu,wordfreq_seeded;deterministically_filtered;structurally_curated
hu,v1,3,2628,2661,ellene,ellene,ellene,unknown,ellene,wordfreq:hu,wordfreq_seeded;deterministically_filtered;structurally_curated
hu,v1,3,2629,2662,elégedett,elégedett,elégedett,unknown,elégedett,wordfreq:hu,wordfreq_seeded;deterministically_filtered;structurally_curated
hu,v1,3,2630,2663,est,est,est,unknown,est,wordfreq:hu,wordfreq_seeded;deterministically_filtered;structurally_curated
hu,v1,3,2631,2664,eszter,eszter,eszter,unknown,eszter,wordfreq:hu,wordfreq_seeded;deterministically_filtered;structurally_curated
hu,v1,3,2632,2665,fekvő,fekvő,fekvő,unknown,fekvő,wordfreq:hu,wordfreq_seeded;deterministically_filtered;structurally_curated
hu,v1,3,2633,2666,feltétlenül,feltétlenül,feltétlenül,unknown,feltétlenül,wordfreq:hu,wordfreq_seeded;deterministically_filtered;structurally_curated
hu,v1,3,2634,2667,felvétel,felvétel,felvétel,unknown,felvétel,wordfreq:hu,wordfreq_seeded;deterministically_filtered;structurally_curated
hu,v1,3,2635,2668,free,free,free,unknown,free,wordfreq:hu,wordfreq_seeded;deterministically_filtered;structurally_curated
hu,v1,3,2636,2669,frissen,frissen,frissen,unknown,frissen,wordfreq:hu,wordfreq_seeded;deterministically_filtered;structurally_curated
hu,v1,3,2637,2670,gratulálok,gratulálok,gratulálok,unknown,gratulálok,wordfreq:hu,wordfreq_seeded;deterministically_filtered;structurally_curated
hu,v1,3,2638,2671,hagy,hagy,hagy,unknown,hagy,wordfreq:hu,wordfreq_seeded;deterministically_filtered;structurally_curated
hu,v1,3,2639,2672,hagyott,hagyott,hagyott,unknown,hagyott,wordfreq:hu,wordfreq_seeded;deterministically_filtered;structurally_curated
hu,v1,3,2640,2673,hasonlít,hasonlít,hasonlít,unknown,hasonlít,wordfreq:hu,wordfreq_seeded;deterministically_filtered;structurally_curated
hu,v1,3,2641,2674,használata,használata,használata,unknown,használata,wordfreq:hu,wordfreq_seeded;deterministically_filtered;structurally_curated
hu,v1,3,2642,2675,használatával,használatával,használatával,unknown,használatával,wordfreq:hu,wordfreq_seeded;deterministically_filtered;structurally_curated
hu,v1,3,2643,2676,hibás,hibás,hibás,unknown,hibás,wordfreq:hu,wordfreq_seeded;deterministically_filtered;structurally_curated
hu,v1,3,2644,2677,hiszik,hiszik,hiszik,unknown,hiszik,wordfreq:hu,wordfreq_seeded;deterministically_filtered;structurally_curated
hu,v1,3,2645,2678,hónapos,hónapos,hónapos,unknown,hónapos,wordfreq:hu,wordfreq_seeded;deterministically_filtered;structurally_curated
hu,v1,3,2646,2679,idővel,idővel,idővel,unknown,idővel,wordfreq:hu,wordfreq_seeded;deterministically_filtered;structurally_curated
hu,v1,3,2647,2680,interjú,interjú,interjú,unknown,interjú,wordfreq:hu,wordfreq_seeded;deterministically_filtered;structurally_curated
hu,v1,3,2648,2681,jelentése,jelentése,jelentése,unknown,jelentése,wordfreq:hu,wordfreq_seeded;deterministically_filtered;structurally_curated
hu,v1,3,2649,2682,jövőben,jövőben,jövőben,unknown,jövőben,wordfreq:hu,wordfreq_seeded;deterministically_filtered;structurally_curated
hu,v1,3,2650,2683,kar,kar,kar,unknown,kar,wordfreq:hu,wordfreq_seeded;deterministically_filtered;structurally_curated
hu,v1,3,2651,2684,kecskemét,kecskemét,kecskemét,unknown,kecskemét,wordfreq:hu,wordfreq_seeded;deterministically_filtered;structurally_curated
hu,v1,3,2652,2685,kutatás,kutatás,kutatás,unknown,kutatás,wordfreq:hu,wordfreq_seeded;deterministically_filtered;structurally_curated
hu,v1,3,2653,2686,kézzel,kézzel,kézzel,unknown,kézzel,wordfreq:hu,wordfreq_seeded;deterministically_filtered;structurally_curated
hu,v1,3,2654,2687,lányt,lányt,lányt,unknown,lányt,wordfreq:hu,wordfreq_seeded;deterministically_filtered;structurally_curated
hu,v1,3,2655,2688,láttad,láttad,láttad,unknown,láttad,wordfreq:hu,wordfreq_seeded;deterministically_filtered;structurally_curated
hu,v1,3,2656,2689,lélek,lélek,lélek,unknown,lélek,wordfreq:hu,wordfreq_seeded;deterministically_filtered;structurally_curated
hu,v1,3,2657,2690,madrid,madrid,madrid,unknown,madrid,wordfreq:hu,wordfreq_seeded;deterministically_filtered;structurally_curated
hu,v1,3,2658,2691,magyarországra,magyarországra,magyarországra,unknown,magyarországra,wordfreq:hu,wordfreq_seeded;deterministically_filtered;structurally_curated
hu,v1,3,2659,2692,maradjon,maradjon,maradjon,unknown,maradjon,wordfreq:hu,wordfreq_seeded;deterministically_filtered;structurally_curated
hu,v1,3,2660,2693,menő,menő,menő,unknown,menő,wordfreq:hu,wordfreq_seeded;deterministically_filtered;structurally_curated
hu,v1,3,2661,2694,merre,merre,merre,unknown,merre,wordfreq:hu,wordfreq_seeded;deterministically_filtered;structurally_curated
hu,v1,3,2662,2695,mindennek,mindennek,mindennek,unknown,mindennek,wordfreq:hu,wordfreq_seeded;deterministically_filtered;structurally_curated
hu,v1,3,2663,2696,mindez,mindez,mindez,unknown,mindez,wordfreq:hu,wordfreq_seeded;deterministically_filtered;structurally_curated
hu,v1,3,2664,2697,mindezt,mindezt,mindezt,unknown,mindezt,wordfreq:hu,wordfreq_seeded;deterministically_filtered;structurally_curated
hu,v1,3,2665,2698,mta,mta,mta,unknown,mta,wordfreq:hu,wordfreq_seeded;deterministically_filtered;structurally_curated
hu,v1,3,2666,2699,nagyot,nagyot,nagyot,unknown,nagyot,wordfreq:hu,wordfreq_seeded;deterministically_filtered;structurally_curated
hu,v1,3,2667,2700,nemes,nemes,nemes,unknown,nemes,wordfreq:hu,wordfreq_seeded;deterministically_filtered;structurally_curated
hu,v1,3,2668,2701,nyújtott,nyújtott,nyújtott,unknown,nyújtott,wordfreq:hu,wordfreq_seeded;deterministically_filtered;structurally_curated
hu,v1,3,2669,2702,nézve,nézve,nézve,unknown,nézve,wordfreq:hu,wordfreq_seeded;deterministically_filtered;structurally_curated
hu,v1,3,2670,2703,növények,növények,növények,unknown,növények,wordfreq:hu,wordfreq_seeded;deterministically_filtered;structurally_curated
hu,v1,3,2671,2704,parti,parti,parti,unknown,parti,wordfreq:hu,wordfreq_seeded;deterministically_filtered;structurally_curated
hu,v1,3,2672,2705,pohár,pohár,pohár,unknown,pohár,wordfreq:hu,wordfreq_seeded;deterministically_filtered;structurally_curated
hu,v1,3,2673,2706,sohasem,sohasem,sohasem,unknown,sohasem,wordfreq:hu,wordfreq_seeded;deterministically_filtered;structurally_curated
hu,v1,3,2674,2707,szemmel,szemmel,szemmel,unknown,szemmel,wordfreq:hu,wordfreq_seeded;deterministically_filtered;structurally_curated
hu,v1,3,2675,2708,századi,századi,századi,unknown,századi,wordfreq:hu,wordfreq_seeded;deterministically_filtered;structurally_curated
hu,v1,3,2676,2709,találkoztam,találkoztam,találkoztam,unknown,találkoztam,wordfreq:hu,wordfreq_seeded;deterministically_filtered;structurally_curated
hu,v1,3,2677,2710,találkozó,találkozó,találkozó,unknown,találkozó,wordfreq:hu,wordfreq_seeded;deterministically_filtered;structurally_curated
hu,v1,3,2678,2711,tilos,tilos,tilos,unknown,tilos,wordfreq:hu,wordfreq_seeded;deterministically_filtered;structurally_curated
hu,v1,3,2679,2712,tőlünk,tőlünk,tőlünk,unknown,tőlünk,wordfreq:hu,wordfreq_seeded;deterministically_filtered;structurally_curated
hu,v1,3,2680,2713,veszek,veszek,veszek,unknown,veszek,wordfreq:hu,wordfreq_seeded;deterministically_filtered;structurally_curated
hu,v1,3,2681,2714,végleges,végleges,végleges,unknown,végleges,wordfreq:hu,wordfreq_seeded;deterministically_filtered;structurally_curated
hu,v1,3,2682,2715,white,white,white,unknown,white,wordfreq:hu,wordfreq_seeded;deterministically_filtered;structurally_curated
hu,v1,3,2683,2716,youtube,youtube,youtube,unknown,youtube,wordfreq:hu,wordfreq_seeded;deterministically_filtered;structurally_curated
hu,v1,3,2684,2717,életemben,életemben,életemben,unknown,életemben,wordfreq:hu,wordfreq_seeded;deterministically_filtered;structurally_curated
hu,v1,3,2685,2718,érkező,érkező,érkező,unknown,érkező,wordfreq:hu,wordfreq_seeded;deterministically_filtered;structurally_curated
hu,v1,3,2686,2719,órára,órára,órára,unknown,órára,wordfreq:hu,wordfreq_seeded;deterministically_filtered;structurally_curated
hu,v1,3,2687,2720,öröm,öröm,öröm,unknown,öröm,wordfreq:hu,wordfreq_seeded;deterministically_filtered;structurally_curated
hu,v1,3,2688,2721,akarják,akarják,akarják,unknown,akarják,wordfreq:hu,wordfreq_seeded;deterministically_filtered;structurally_curated
hu,v1,3,2689,2722,ausztria,ausztria,ausztria,unknown,ausztria,wordfreq:hu,wordfreq_seeded;deterministically_filtered;structurally_curated
hu,v1,3,2690,2723,balra,balra,balra,unknown,balra,wordfreq:hu,wordfreq_seeded;deterministically_filtered;structurally_curated
hu,v1,3,2691,2724,best,best,best,unknown,best,wordfreq:hu,wordfreq_seeded;deterministically_filtered;structurally_curated
hu,v1,3,2692,2725,beszélgetés,beszélgetés,beszélgetés,unknown,beszélgetés,wordfreq:hu,wordfreq_seeded;deterministically_filtered;structurally_curated
hu,v1,3,2693,2726,blog,blog,blog,unknown,blog,wordfreq:hu,wordfreq_seeded;deterministically_filtered;structurally_curated
hu,v1,3,2694,2727,doktor,doktor,doktor,unknown,doktor,wordfreq:hu,wordfreq_seeded;deterministically_filtered;structurally_curated
hu,v1,3,2695,2728,döntöttem,döntöttem,döntöttem,unknown,döntöttem,wordfreq:hu,wordfreq_seeded;deterministically_filtered;structurally_curated
hu,v1,3,2696,2729,előttem,előttem,előttem,unknown,előttem,wordfreq:hu,wordfreq_seeded;deterministically_filtered;structurally_curated
hu,v1,3,2697,2730,ezáltal,ezáltal,ezáltal,unknown,ezáltal,wordfreq:hu,wordfreq_seeded;deterministically_filtered;structurally_curated
hu,v1,3,2698,2731,felét,felét,felét,unknown,felét,wordfreq:hu,wordfreq_seeded;deterministically_filtered;structurally_curated
hu,v1,3,2699,2732,felül,felül,felül,unknown,felül,wordfreq:hu,wordfreq_seeded;deterministically_filtered;structurally_curated
hu,v1,3,2700,2733,figyelni,figyelni,figyelni,unknown,figyelni,wordfreq:hu,wordfreq_seeded;deterministically_filtered;structurally_curated
hu,v1,3,2701,2734,fórum,fórum,fórum,unknown,fórum,wordfreq:hu,wordfreq_seeded;deterministically_filtered;structurally_curated
hu,v1,3,2702,2735,főnök,főnök,főnök,unknown,főnök,wordfreq:hu,wordfreq_seeded;deterministically_filtered;structurally_curated
hu,v1,3,2703,2736,gimnázium,gimnázium,gimnázium,unknown,gimnázium,wordfreq:hu,wordfreq_seeded;deterministically_filtered;structurally_curated
hu,v1,3,2704,2737,go,go,go,unknown,go,wordfreq:hu,wordfreq_seeded;deterministically_filtered;structurally_curated
hu,v1,3,2705,2738,győzelem,győzelem,győzelem,unknown,győzelem,wordfreq:hu,wordfreq_seeded;deterministically_filtered;structurally_curated
hu,v1,3,2706,2739,hagyd,hagyd,hagyd,unknown,hagyd,wordfreq:hu,wordfreq_seeded;deterministically_filtered;structurally_curated
hu,v1,3,2707,2740,határon,határon,határon,unknown,határon,wordfreq:hu,wordfreq_seeded;deterministically_filtered;structurally_curated
hu,v1,3,2708,2741,helyette,helyette,helyette,unknown,helyette,wordfreq:hu,wordfreq_seeded;deterministically_filtered;structurally_curated
hu,v1,3,2709,2742,helyzetet,helyzetet,helyzetet,unknown,helyzetet,wordfreq:hu,wordfreq_seeded;deterministically_filtered;structurally_curated
hu,v1,3,2710,2743,hold,hold,hold,unknown,hold,wordfreq:hu,wordfreq_seeded;deterministically_filtered;structurally_curated
hu,v1,3,2711,2744,héttel,héttel,héttel,unknown,héttel,wordfreq:hu,wordfreq_seeded;deterministically_filtered;structurally_curated
hu,v1,3,2712,2745,ildikó,ildikó,ildikó,unknown,ildikó,wordfreq:hu,wordfreq_seeded;deterministically_filtered;structurally_curated
hu,v1,3,2713,2746,index,index,index,unknown,index,wordfreq:hu,wordfreq_seeded;deterministically_filtered;structurally_curated
hu,v1,3,2714,2747,jackson,jackson,jackson,unknown,jackson,wordfreq:hu,wordfreq_seeded;deterministically_filtered;structurally_curated
hu,v1,3,2715,2748,kapnak,kapnak,kapnak,unknown,kapnak,wordfreq:hu,wordfreq_seeded;deterministically_filtered;structurally_curated
hu,v1,3,2716,2749,katonák,katonák,katonák,unknown,katonák,wordfreq:hu,wordfreq_seeded;deterministically_filtered;structurally_curated
hu,v1,3,2717,2750,kedvéért,kedvéért,kedvéért,unknown,kedvéért,wordfreq:hu,wordfreq_seeded;deterministically_filtered;structurally_curated
hu,v1,3,2718,2751,kezdjük,kezdjük,kezdjük,unknown,kezdjük,wordfreq:hu,wordfreq_seeded;deterministically_filtered;structurally_curated
hu,v1,3,2719,2752,kezem,kezem,kezem,unknown,kezem,wordfreq:hu,wordfreq_seeded;deterministically_filtered;structurally_curated
hu,v1,3,2720,2753,legutóbbi,legutóbbi,legutóbbi,unknown,legutóbbi,wordfreq:hu,wordfreq_seeded;deterministically_filtered;structurally_curated
hu,v1,3,2721,2754,londonban,londonban,londonban,unknown,londonban,wordfreq:hu,wordfreq_seeded;deterministically_filtered;structurally_curated
hu,v1,3,2722,2755,megérkezett,megérkezett,megérkezett,unknown,megérkezett,wordfreq:hu,wordfreq_seeded;deterministically_filtered;structurally_curated
hu,v1,3,2723,2756,mindketten,mindketten,mindketten,unknown,mindketten,wordfreq:hu,wordfreq_seeded;deterministically_filtered;structurally_curated
hu,v1,3,2724,2757,nyugodt,nyugodt,nyugodt,unknown,nyugodt,wordfreq:hu,wordfreq_seeded;deterministically_filtered;structurally_curated
hu,v1,3,2725,2758,népi,népi,népi,unknown,népi,wordfreq:hu,wordfreq_seeded;deterministically_filtered;structurally_curated
hu,v1,3,2726,2759,professzor,professzor,professzor,unknown,professzor,wordfreq:hu,wordfreq_seeded;deterministically_filtered;structurally_curated
hu,v1,3,2727,2760,reméljük,reméljük,reméljük,unknown,reméljük,wordfreq:hu,wordfreq_seeded;deterministically_filtered;structurally_curated
hu,v1,3,2728,2761,szabályok,szabályok,szabályok,unknown,szabályok,wordfreq:hu,wordfreq_seeded;deterministically_filtered;structurally_curated
hu,v1,3,2729,2762,szerencse,szerencse,szerencse,unknown,szerencse,wordfreq:hu,wordfreq_seeded;deterministically_filtered;structurally_curated
hu,v1,3,2730,2763,szerinte,szerinte,szerinte,unknown,szerinte,wordfreq:hu,wordfreq_seeded;deterministically_filtered;structurally_curated
hu,v1,3,2731,2764,tagok,tagok,tagok,unknown,tagok,wordfreq:hu,wordfreq_seeded;deterministically_filtered;structurally_curated
hu,v1,3,2732,2765,találsz,találsz,találsz,unknown,találsz,wordfreq:hu,wordfreq_seeded;deterministically_filtered;structurally_curated
hu,v1,3,2733,2766,tetején,tetején,tetején,unknown,tetején,wordfreq:hu,wordfreq_seeded;deterministically_filtered;structurally_curated
hu,v1,3,2734,2767,tudtak,tudtak,tudtak,unknown,tudtak,wordfreq:hu,wordfreq_seeded;deterministically_filtered;structurally_curated
hu,v1,3,2735,2768,un,un,un,unknown,un,wordfreq:hu,wordfreq_seeded;deterministically_filtered;structurally_curated
hu,v1,3,2736,2769,veszem,veszem,veszem,unknown,veszem,wordfreq:hu,wordfreq_seeded;deterministically_filtered;structurally_curated
hu,v1,3,2737,2770,változik,változik,változik,unknown,változik,wordfreq:hu,wordfreq_seeded;deterministically_filtered;structurally_curated
hu,v1,3,2738,2771,végeredmény,végeredmény,végeredmény,unknown,végeredmény,wordfreq:hu,wordfreq_seeded;deterministically_filtered;structurally_curated
hu,v1,3,2739,2772,átmeneti,átmeneti,átmeneti,unknown,átmeneti,wordfreq:hu,wordfreq_seeded;deterministically_filtered;structurally_curated
hu,v1,3,2740,2773,érinti,érinti,érinti,unknown,érinti,wordfreq:hu,wordfreq_seeded;deterministically_filtered;structurally_curated
hu,v1,3,2741,2774,ahova,ahova,ahova,unknown,ahova,wordfreq:hu,wordfreq_seeded;deterministically_filtered;structurally_curated
hu,v1,3,2742,2775,ahová,ahová,ahová,unknown,ahová,wordfreq:hu,wordfreq_seeded;deterministically_filtered;structurally_curated
hu,v1,3,2743,2776,air,air,air,unknown,air,wordfreq:hu,wordfreq_seeded;deterministically_filtered;structurally_curated
hu,v1,3,2744,2777,akarunk,akarunk,akarunk,unknown,akarunk,wordfreq:hu,wordfreq_seeded;deterministically_filtered;structurally_curated
hu,v1,3,2745,2778,amelyen,amelyen,amelyen,unknown,amelyen,wordfreq:hu,wordfreq_seeded;deterministically_filtered;structurally_curated
hu,v1,3,2746,2780,atya,atya,atya,unknown,atya,wordfreq:hu,wordfreq_seeded;deterministically_filtered;structurally_curated
hu,v1,3,2747,2781,beszámoló,beszámoló,beszámoló,unknown,beszámoló,wordfreq:hu,wordfreq_seeded;deterministically_filtered;structurally_curated
hu,v1,3,2748,2782,big,big,big,unknown,big,wordfreq:hu,wordfreq_seeded;deterministically_filtered;structurally_curated
hu,v1,3,2749,2783,bonyolult,bonyolult,bonyolult,unknown,bonyolult,wordfreq:hu,wordfreq_seeded;deterministically_filtered;structurally_curated
hu,v1,3,2750,2784,brazil,brazil,brazil,unknown,brazil,wordfreq:hu,wordfreq_seeded;deterministically_filtered;structurally_curated
hu,v1,3,2751,2785,brown,brown,brown,unknown,brown,wordfreq:hu,wordfreq_seeded;deterministically_filtered;structurally_curated
hu,v1,3,2752,2786,charlie,charlie,charlie,unknown,charlie,wordfreq:hu,wordfreq_seeded;deterministically_filtered;structurally_curated
hu,v1,3,2753,2787,csatorna,csatorna,csatorna,unknown,csatorna,wordfreq:hu,wordfreq_seeded;deterministically_filtered;structurally_curated
hu,v1,3,2754,2788,csinálja,csinálja,csinálja,unknown,csinálja,wordfreq:hu,wordfreq_seeded;deterministically_filtered;structurally_curated
hu,v1,3,2755,2789,demokratikus,demokratikus,demokratikus,unknown,demokratikus,wordfreq:hu,wordfreq_seeded;deterministically_filtered;structurally_curated
hu,v1,3,2756,2790,design,design,design,unknown,design,wordfreq:hu,wordfreq_seeded;deterministically_filtered;structurally_curated
hu,v1,3,2757,2791,dolgozom,dolgozom,dolgozom,unknown,dolgozom,wordfreq:hu,wordfreq_seeded;deterministically_filtered;structurally_curated
hu,v1,3,2758,2792,egyértelmű,egyértelmű,egyértelmű,unknown,egyértelmű,wordfreq:hu,wordfreq_seeded;deterministically_filtered;structurally_curated
hu,v1,3,2759,2793,elindult,elindult,elindult,unknown,elindult,wordfreq:hu,wordfreq_seeded;deterministically_filtered;structurally_curated
hu,v1,3,2760,2794,emlékszel,emlékszel,emlékszel,unknown,emlékszel,wordfreq:hu,wordfreq_seeded;deterministically_filtered;structurally_curated
hu,v1,3,2761,2795,ep,ep,ep,unknown,ep,wordfreq:hu,wordfreq_seeded;deterministically_filtered;structurally_curated
hu,v1,3,2762,2796,esélye,esélye,esélye,unknown,esélye,wordfreq:hu,wordfreq_seeded;deterministically_filtered;structurally_curated
hu,v1,3,2763,2797,ford,ford,ford,unknown,ford,wordfreq:hu,wordfreq_seeded;deterministically_filtered;structurally_curated
hu,v1,3,2764,2798,fényes,fényes,fényes,unknown,fényes,wordfreq:hu,wordfreq_seeded;deterministically_filtered;structurally_curated
hu,v1,3,2765,2799,földre,földre,földre,unknown,földre,wordfreq:hu,wordfreq_seeded;deterministically_filtered;structurally_curated
hu,v1,3,2766,2800,gépet,gépet,gépet,unknown,gépet,wordfreq:hu,wordfreq_seeded;deterministically_filtered;structurally_curated
hu,v1,3,2767,2801,helyesen,helyesen,helyesen,unknown,helyesen,wordfreq:hu,wordfreq_seeded;deterministically_filtered;structurally_curated
hu,v1,3,2768,2802,hozzájuk,hozzájuk,hozzájuk,unknown,hozzájuk,wordfreq:hu,wordfreq_seeded;deterministically_filtered;structurally_curated
hu,v1,3,2769,2803,információt,információt,információt,unknown,információt,wordfreq:hu,wordfreq_seeded;deterministically_filtered;structurally_curated
hu,v1,3,2770,2804,jutottak,jutottak,jutottak,unknown,jutottak,wordfreq:hu,wordfreq_seeded;deterministically_filtered;structurally_curated
hu,v1,3,2771,2805,járok,járok,járok,unknown,járok,wordfreq:hu,wordfreq_seeded;deterministically_filtered;structurally_curated
hu,v1,3,2772,2806,kedvező,kedvező,kedvező,unknown,kedvező,wordfreq:hu,wordfreq_seeded;deterministically_filtered;structurally_curated
hu,v1,3,2773,2807,keményen,keményen,keményen,unknown,keményen,wordfreq:hu,wordfreq_seeded;deterministically_filtered;structurally_curated
hu,v1,3,2774,2808,kettőt,kettőt,kettőt,unknown,kettőt,wordfreq:hu,wordfreq_seeded;deterministically_filtered;structurally_curated
hu,v1,3,2775,2809,kifejezetten,kifejezetten,kifejezetten,unknown,kifejezetten,wordfreq:hu,wordfreq_seeded;deterministically_filtered;structurally_curated
hu,v1,3,2776,2810,kommunikációs,kommunikációs,kommunikációs,unknown,kommunikációs,wordfreq:hu,wordfreq_seeded;deterministically_filtered;structurally_curated
hu,v1,3,2777,2811,kurvára,kurvára,kurvára,unknown,kurvára,wordfreq:hu,wordfreq_seeded;deterministically_filtered;structurally_curated
hu,v1,3,2778,2812,kártya,kártya,kártya,unknown,kártya,wordfreq:hu,wordfreq_seeded;deterministically_filtered;structurally_curated
hu,v1,3,2779,2813,későbbi,későbbi,későbbi,unknown,későbbi,wordfreq:hu,wordfreq_seeded;deterministically_filtered;structurally_curated
hu,v1,3,2780,2814,kívüli,kívüli,kívüli,unknown,kívüli,wordfreq:hu,wordfreq_seeded;deterministically_filtered;structurally_curated
hu,v1,3,2781,2815,london,london,london,unknown,london,wordfreq:hu,wordfreq_seeded;deterministically_filtered;structurally_curated
hu,v1,3,2782,2816,lőtt,lőtt,lőtt,unknown,lőtt,wordfreq:hu,wordfreq_seeded;deterministically_filtered;structurally_curated
hu,v1,3,2783,2817,mindenesetre,mindenesetre,mindenesetre,unknown,mindenesetre,wordfreq:hu,wordfreq_seeded;deterministically_filtered;structurally_curated
hu,v1,3,2784,2818,mondod,mondod,mondod,unknown,mondod,wordfreq:hu,wordfreq_seeded;deterministically_filtered;structurally_curated
hu,v1,3,2785,2819,másodperc,másodperc,másodperc,unknown,másodperc,wordfreq:hu,wordfreq_seeded;deterministically_filtered;structurally_curated
hu,v1,3,2786,2820,működését,működését,működését,unknown,működését,wordfreq:hu,wordfreq_seeded;deterministically_filtered;structurally_curated
hu,v1,3,2787,2821,nyíregyháza,nyíregyháza,nyíregyháza,unknown,nyíregyháza,wordfreq:hu,wordfreq_seeded;deterministically_filtered;structurally_curated
hu,v1,3,2788,2822,országot,országot,országot,unknown,országot,wordfreq:hu,wordfreq_seeded;deterministically_filtered;structurally_curated
hu,v1,3,2789,2823,politika,politika,politika,unknown,politika,wordfreq:hu,wordfreq_seeded;deterministically_filtered;structurally_curated
hu,v1,3,2790,2824,részletes,részletes,részletes,unknown,részletes,wordfreq:hu,wordfreq_seeded;deterministically_filtered;structurally_curated
hu,v1,3,2791,2825,szempontjából,szempontjából,szempontjából,unknown,szempontjából,wordfreq:hu,wordfreq_seeded;deterministically_filtered;structurally_curated
hu,v1,3,2792,2826,szokás,szokás,szokás,unknown,szokás,wordfreq:hu,wordfreq_seeded;deterministically_filtered;structurally_curated
hu,v1,3,2793,2827,században,században,században,unknown,században,wordfreq:hu,wordfreq_seeded;deterministically_filtered;structurally_curated
hu,v1,3,2794,2828,természeti,természeti,természeti,unknown,természeti,wordfreq:hu,wordfreq_seeded;deterministically_filtered;structurally_curated
hu,v1,3,2795,2829,terén,terén,terén,unknown,terén,wordfreq:hu,wordfreq_seeded;deterministically_filtered;structurally_curated
hu,v1,3,2796,2830,területet,területet,területet,unknown,területet,wordfreq:hu,wordfreq_seeded;deterministically_filtered;structurally_curated
hu,v1,3,2797,2831,tisztában,tisztában,tisztában,unknown,tisztában,wordfreq:hu,wordfreq_seeded;deterministically_filtered;structurally_curated
hu,v1,3,2798,2832,tisztán,tisztán,tisztán,unknown,tisztán,wordfreq:hu,wordfreq_seeded;deterministically_filtered;structurally_curated
hu,v1,3,2799,2833,tulajdonos,tulajdonos,tulajdonos,unknown,tulajdonos,wordfreq:hu,wordfreq_seeded;deterministically_filtered;structurally_curated
hu,v1,3,2800,2834,versenyt,versenyt,versenyt,unknown,versenyt,wordfreq:hu,wordfreq_seeded;deterministically_filtered;structurally_curated
hu,v1,3,2801,2835,vihar,vihar,vihar,unknown,vihar,wordfreq:hu,wordfreq_seeded;deterministically_filtered;structurally_curated
hu,v1,3,2802,2836,védett,védett,védett,unknown,védett,wordfreq:hu,wordfreq_seeded;deterministically_filtered;structurally_curated
hu,v1,3,2803,2837,véleménye,véleménye,véleménye,unknown,véleménye,wordfreq:hu,wordfreq_seeded;deterministically_filtered;structurally_curated
hu,v1,3,2804,2838,web,web,web,unknown,web,wordfreq:hu,wordfreq_seeded;deterministically_filtered;structurally_curated
hu,v1,3,2805,2839,zárva,zárva,zárva,unknown,zárva,wordfreq:hu,wordfreq_seeded;deterministically_filtered;structurally_curated
hu,v1,3,2806,2840,örökké,örökké,örökké,unknown,örökké,wordfreq:hu,wordfreq_seeded;deterministically_filtered;structurally_curated
hu,v1,3,2807,2841,ügyvéd,ügyvéd,ügyvéd,unknown,ügyvéd,wordfreq:hu,wordfreq_seeded;deterministically_filtered;structurally_curated
hu,v1,3,2808,2842,alszik,alszik,alszik,unknown,alszik,wordfreq:hu,wordfreq_seeded;deterministically_filtered;structurally_curated
hu,v1,3,2809,2843,anyagok,anyagok,anyagok,unknown,anyagok,wordfreq:hu,wordfreq_seeded;deterministically_filtered;structurally_curated
hu,v1,3,2810,2844,azokkal,azokkal,azokkal,unknown,azokkal,wordfreq:hu,wordfreq_seeded;deterministically_filtered;structurally_curated
hu,v1,3,2811,2845,bajom,bajom,bajom,unknown,bajom,wordfreq:hu,wordfreq_seeded;deterministically_filtered;structurally_curated
hu,v1,3,2812,2846,csoportos,csoportos,csoportos,unknown,csoportos,wordfreq:hu,wordfreq_seeded;deterministically_filtered;structurally_curated
hu,v1,3,2813,2847,egymásnak,egymásnak,egymásnak,unknown,egymásnak,wordfreq:hu,wordfreq_seeded;deterministically_filtered;structurally_curated
hu,v1,3,2814,2848,egységes,egységes,egységes,unknown,egységes,wordfreq:hu,wordfreq_seeded;deterministically_filtered;structurally_curated
hu,v1,3,2815,2849,egészség,egészség,egészség,unknown,egészség,wordfreq:hu,wordfreq_seeded;deterministically_filtered;structurally_curated
hu,v1,3,2816,2850,elmondja,elmondja,elmondja,unknown,elmondja,wordfreq:hu,wordfreq_seeded;deterministically_filtered;structurally_curated
hu,v1,3,2817,2851,előadó,előadó,előadó,unknown,előadó,wordfreq:hu,wordfreq_seeded;deterministically_filtered;structurally_curated
hu,v1,3,2818,2852,emma,emma,emma,unknown,emma,wordfreq:hu,wordfreq_seeded;deterministically_filtered;structurally_curated
hu,v1,3,2819,2853,eric,eric,eric,unknown,eric,wordfreq:hu,wordfreq_seeded;deterministically_filtered;structurally_curated
hu,v1,3,2820,2854,felől,felől,felől,unknown,felől,wordfreq:hu,wordfreq_seeded;deterministically_filtered;structurally_curated
hu,v1,3,2821,2855,fesztiválon,fesztiválon,fesztiválon,unknown,fesztiválon,wordfreq:hu,wordfreq_seeded;deterministically_filtered;structurally_curated
hu,v1,3,2822,2856,finn,finn,finn,unknown,finn,wordfreq:hu,wordfreq_seeded;deterministically_filtered;structurally_curated
hu,v1,3,2823,2857,hegyi,hegyi,hegyi,unknown,hegyi,wordfreq:hu,wordfreq_seeded;deterministically_filtered;structurally_curated
hu,v1,3,2824,2858,hétig,hétig,hétig,unknown,hétig,wordfreq:hu,wordfreq_seeded;deterministically_filtered;structurally_curated
hu,v1,3,2825,2859,ideiglenes,ideiglenes,ideiglenes,unknown,ideiglenes,wordfreq:hu,wordfreq_seeded;deterministically_filtered;structurally_curated
hu,v1,3,2826,2860,indított,indított,indított,unknown,indított,wordfreq:hu,wordfreq_seeded;deterministically_filtered;structurally_curated
hu,v1,3,2827,2861,iskolába,iskolába,iskolába,unknown,iskolába,wordfreq:hu,wordfreq_seeded;deterministically_filtered;structurally_curated
hu,v1,3,2828,2862,ismerte,ismerte,ismerte,unknown,ismerte,wordfreq:hu,wordfreq_seeded;deterministically_filtered;structurally_curated
hu,v1,3,2829,2863,jo,jo,jo,unknown,jo,wordfreq:hu,wordfreq_seeded;deterministically_filtered;structurally_curated
hu,v1,3,2830,2864,kamera,kamera,kamera,unknown,kamera,wordfreq:hu,wordfreq_seeded;deterministically_filtered;structurally_curated
hu,v1,3,2831,2865,kapsz,kapsz,kapsz,unknown,kapsz,wordfreq:hu,wordfreq_seeded;deterministically_filtered;structurally_curated
hu,v1,3,2832,2866,követi,követi,követi,unknown,követi,wordfreq:hu,wordfreq_seeded;deterministically_filtered;structurally_curated
hu,v1,3,2833,2867,közölte,közölte,közölte,unknown,közölte,wordfreq:hu,wordfreq_seeded;deterministically_filtered;structurally_curated
hu,v1,3,2834,2868,legenda,legenda,legenda,unknown,legenda,wordfreq:hu,wordfreq_seeded;deterministically_filtered;structurally_curated
hu,v1,3,2835,2869,legendás,legendás,legendás,unknown,legendás,wordfreq:hu,wordfreq_seeded;deterministically_filtered;structurally_curated
hu,v1,3,2836,2870,legfeljebb,legfeljebb,legfeljebb,unknown,legfeljebb,wordfreq:hu,wordfreq_seeded;deterministically_filtered;structurally_curated
hu,v1,3,2837,2871,legkisebb,legkisebb,legkisebb,unknown,legkisebb,wordfreq:hu,wordfreq_seeded;deterministically_filtered;structurally_curated
hu,v1,3,2838,2872,lemez,lemez,lemez,unknown,lemez,wordfreq:hu,wordfreq_seeded;deterministically_filtered;structurally_curated
hu,v1,3,2839,2873,megoldást,megoldást,megoldást,unknown,megoldást,wordfreq:hu,wordfreq_seeded;deterministically_filtered;structurally_curated
hu,v1,3,2840,2874,megtörtént,megtörtént,megtörtént,unknown,megtörtént,wordfreq:hu,wordfreq_seeded;deterministically_filtered;structurally_curated
hu,v1,3,2841,2875,miből,miből,miből,unknown,miből,wordfreq:hu,wordfreq_seeded;deterministically_filtered;structurally_curated
hu,v1,3,2842,2876,mindenféle,mindenféle,mindenféle,unknown,mindenféle,wordfreq:hu,wordfreq_seeded;deterministically_filtered;structurally_curated
hu,v1,3,2843,2877,mindenképpen,mindenképpen,mindenképpen,unknown,mindenképpen,wordfreq:hu,wordfreq_seeded;deterministically_filtered;structurally_curated
hu,v1,3,2844,2878,mozgás,mozgás,mozgás,unknown,mozgás,wordfreq:hu,wordfreq_seeded;deterministically_filtered;structurally_curated
hu,v1,3,2845,2879,mti,mti,mti,unknown,mti,wordfreq:hu,wordfreq_seeded;deterministically_filtered;structurally_curated
hu,v1,3,2846,2880,másikat,másikat,másikat,unknown,másikat,wordfreq:hu,wordfreq_seeded;deterministically_filtered;structurally_curated
hu,v1,3,2847,2881,másrészt,másrészt,másrészt,unknown,másrészt,wordfreq:hu,wordfreq_seeded;deterministically_filtered;structurally_curated
hu,v1,3,2848,2882,nevezett,nevezett,nevezett,unknown,nevezett,wordfreq:hu,wordfreq_seeded;deterministically_filtered;structurally_curated
hu,v1,3,2849,2883,parkban,parkban,parkban,unknown,parkban,wordfreq:hu,wordfreq_seeded;deterministically_filtered;structurally_curated
hu,v1,3,2850,2884,politikus,politikus,politikus,unknown,politikus,wordfreq:hu,wordfreq_seeded;deterministically_filtered;structurally_curated
hu,v1,3,2851,2885,részében,részében,részében,unknown,részében,wordfreq:hu,wordfreq_seeded;deterministically_filtered;structurally_curated
hu,v1,3,2852,2886,sms,sms,sms,unknown,sms,wordfreq:hu,wordfreq_seeded;deterministically_filtered;structurally_curated
hu,v1,3,2853,2887,szervezetek,szervezetek,szervezetek,unknown,szervezetek,wordfreq:hu,wordfreq_seeded;deterministically_filtered;structurally_curated
hu,v1,3,2854,2888,szilárd,szilárd,szilárd,unknown,szilárd,wordfreq:hu,wordfreq_seeded;deterministically_filtered;structurally_curated
hu,v1,3,2855,2889,szülei,szülei,szülei,unknown,szülei,wordfreq:hu,wordfreq_seeded;deterministically_filtered;structurally_curated
hu,v1,3,2856,2890,tea,tea,tea,unknown,tea,wordfreq:hu,wordfreq_seeded;deterministically_filtered;structurally_curated
hu,v1,3,2857,2891,tel,tel,tel,unknown,tel,wordfreq:hu,wordfreq_seeded;deterministically_filtered;structurally_curated
hu,v1,3,2858,2892,teszek,teszek,teszek,unknown,teszek,wordfreq:hu,wordfreq_seeded;deterministically_filtered;structurally_curated
hu,v1,3,2859,2893,torna,torna,torna,unknown,torna,wordfreq:hu,wordfreq_seeded;deterministically_filtered;structurally_curated
hu,v1,3,2860,2894,us,us,us,unknown,us,wordfreq:hu,wordfreq_seeded;deterministically_filtered;structurally_curated
hu,v1,3,2861,2895,utcában,utcában,utcában,unknown,utcában,wordfreq:hu,wordfreq_seeded;deterministically_filtered;structurally_curated
hu,v1,3,2862,2896,valószínű,valószínű,valószínű,unknown,valószínű,wordfreq:hu,wordfreq_seeded;deterministically_filtered;structurally_curated
hu,v1,3,2863,2897,video,video,video,unknown,video,wordfreq:hu,wordfreq_seeded;deterministically_filtered;structurally_curated
hu,v1,3,2864,2898,vidám,vidám,vidám,unknown,vidám,wordfreq:hu,wordfreq_seeded;deterministically_filtered;structurally_curated
hu,v1,3,2865,2899,várt,várt,várt,unknown,várt,wordfreq:hu,wordfreq_seeded;deterministically_filtered;structurally_curated
hu,v1,3,2866,2900,állunk,állunk,állunk,unknown,állunk,wordfreq:hu,wordfreq_seeded;deterministically_filtered;structurally_curated
hu,v1,3,2867,2901,érettségi,érettségi,érettségi,unknown,érettségi,wordfreq:hu,wordfreq_seeded;deterministically_filtered;structurally_curated
hu,v1,3,2868,2902,értünk,értünk,értünk,unknown,értünk,wordfreq:hu,wordfreq_seeded;deterministically_filtered;structurally_curated
hu,v1,3,2869,2903,őszinte,őszinte,őszinte,unknown,őszinte,wordfreq:hu,wordfreq_seeded;deterministically_filtered;structurally_curated
hu,v1,3,2870,2904,ajándékot,ajándékot,ajándékot,unknown,ajándékot,wordfreq:hu,wordfreq_seeded;deterministically_filtered;structurally_curated
hu,v1,3,2871,2905,akárcsak,akárcsak,akárcsak,unknown,akárcsak,wordfreq:hu,wordfreq_seeded;deterministically_filtered;structurally_curated
hu,v1,3,2872,2906,alkalmával,alkalmával,alkalmával,unknown,alkalmával,wordfreq:hu,wordfreq_seeded;deterministically_filtered;structurally_curated
hu,v1,3,2873,2907,andy,andy,andy,unknown,andy,wordfreq:hu,wordfreq_seeded;deterministically_filtered;structurally_curated
hu,v1,3,2874,2908,barátod,barátod,barátod,unknown,barátod,wordfreq:hu,wordfreq_seeded;deterministically_filtered;structurally_curated
hu,v1,3,2875,2909,beszéd,beszéd,beszéd,unknown,beszéd,wordfreq:hu,wordfreq_seeded;deterministically_filtered;structurally_curated
hu,v1,3,2876,2910,bármely,bármely,bármely,unknown,bármely,wordfreq:hu,wordfreq_seeded;deterministically_filtered;structurally_curated
hu,v1,3,2877,2911,csillagok,csillagok,csillagok,unknown,csillagok,wordfreq:hu,wordfreq_seeded;deterministically_filtered;structurally_curated
hu,v1,3,2878,2912,dan,dan,dan,unknown,dan,wordfreq:hu,wordfreq_seeded;deterministically_filtered;structurally_curated
hu,v1,3,2879,2913,deák,deák,deák,unknown,deák,wordfreq:hu,wordfreq_seeded;deterministically_filtered;structurally_curated
hu,v1,3,2880,2914,die,die,die,unknown,die,wordfreq:hu,wordfreq_seeded;deterministically_filtered;structurally_curated
hu,v1,3,2881,2915,döntést,döntést,döntést,unknown,döntést,wordfreq:hu,wordfreq_seeded;deterministically_filtered;structurally_curated
hu,v1,3,2882,2916,eb,eb,eb,unknown,eb,wordfreq:hu,wordfreq_seeded;deterministically_filtered;structurally_curated
hu,v1,3,2883,2917,edző,edző,edző,unknown,edző,wordfreq:hu,wordfreq_seeded;deterministically_filtered;structurally_curated
hu,v1,3,2884,2918,elek,elek,elek,unknown,elek,wordfreq:hu,wordfreq_seeded;deterministically_filtered;structurally_curated
hu,v1,3,2885,2919,erdei,erdei,erdei,unknown,erdei,wordfreq:hu,wordfreq_seeded;deterministically_filtered;structurally_curated
hu,v1,3,2886,2920,erőt,erőt,erőt,unknown,erőt,wordfreq:hu,wordfreq_seeded;deterministically_filtered;structurally_curated
hu,v1,3,2887,2921,eszköz,eszköz,eszköz,unknown,eszköz,wordfreq:hu,wordfreq_seeded;deterministically_filtered;structurally_curated
hu,v1,3,2888,2922,facebookon,facebookon,facebookon,unknown,facebookon,wordfreq:hu,wordfreq_seeded;deterministically_filtered;structurally_curated
hu,v1,3,2889,2923,folytatott,folytatott,folytatott,unknown,folytatott,wordfreq:hu,wordfreq_seeded;deterministically_filtered;structurally_curated
hu,v1,3,2890,2924,fős,fős,fős,unknown,fős,wordfreq:hu,wordfreq_seeded;deterministically_filtered;structurally_curated
hu,v1,3,2891,2925,gól,gól,gól,unknown,gól,wordfreq:hu,wordfreq_seeded;deterministically_filtered;structurally_curated
hu,v1,3,2892,2926,halálra,halálra,halálra,unknown,halálra,wordfreq:hu,wordfreq_seeded;deterministically_filtered;structurally_curated
hu,v1,3,2893,2927,hangot,hangot,hangot,unknown,hangot,wordfreq:hu,wordfreq_seeded;deterministically_filtered;structurally_curated
hu,v1,3,2894,2928,használható,használható,használható,unknown,használható,wordfreq:hu,wordfreq_seeded;deterministically_filtered;structurally_curated
hu,v1,3,2895,2929,home,home,home,unknown,home,wordfreq:hu,wordfreq_seeded;deterministically_filtered;structurally_curated
hu,v1,3,2896,2930,háttér,háttér,háttér,unknown,háttér,wordfreq:hu,wordfreq_seeded;deterministically_filtered;structurally_curated
hu,v1,3,2897,2931,hívták,hívták,hívták,unknown,hívták,wordfreq:hu,wordfreq_seeded;deterministically_filtered;structurally_curated
hu,v1,3,2898,2932,iránti,iránti,iránti,unknown,iránti,wordfreq:hu,wordfreq_seeded;deterministically_filtered;structurally_curated
hu,v1,3,2899,2933,ismered,ismered,ismered,unknown,ismered,wordfreq:hu,wordfreq_seeded;deterministically_filtered;structurally_curated
hu,v1,3,2900,2934,ix,ix,ix,unknown,ix,wordfreq:hu,wordfreq_seeded;deterministically_filtered;structurally_curated
hu,v1,3,2901,2935,izrael,izrael,izrael,unknown,izrael,wordfreq:hu,wordfreq_seeded;deterministically_filtered;structurally_curated
hu,v1,3,2902,2936,jean,jean,jean,unknown,jean,wordfreq:hu,wordfreq_seeded;deterministically_filtered;structurally_curated
hu,v1,3,2903,2937,jelentés,jelentés,jelentés,unknown,jelentés,wordfreq:hu,wordfreq_seeded;deterministically_filtered;structurally_curated
hu,v1,3,2904,2938,jenő,jenő,jenő,unknown,jenő,wordfreq:hu,wordfreq_seeded;deterministically_filtered;structurally_curated
hu,v1,3,2905,2939,johnny,johnny,johnny,unknown,johnny,wordfreq:hu,wordfreq_seeded;deterministically_filtered;structurally_curated
hu,v1,3,2906,2940,keveset,keveset,keveset,unknown,keveset,wordfreq:hu,wordfreq_seeded;deterministically_filtered;structurally_curated
hu,v1,3,2907,2941,kezelni,kezelni,kezelni,unknown,kezelni,wordfreq:hu,wordfreq_seeded;deterministically_filtered;structurally_curated
hu,v1,3,2908,2942,kivételével,kivételével,kivételével,unknown,kivételével,wordfreq:hu,wordfreq_seeded;deterministically_filtered;structurally_curated
hu,v1,3,2909,2943,korában,korában,korában,unknown,korában,wordfreq:hu,wordfreq_seeded;deterministically_filtered;structurally_curated
hu,v1,3,2910,2944,készülnek,készülnek,készülnek,unknown,készülnek,wordfreq:hu,wordfreq_seeded;deterministically_filtered;structurally_curated
hu,v1,3,2911,2945,lefelé,lefelé,lefelé,unknown,lefelé,wordfreq:hu,wordfreq_seeded;deterministically_filtered;structurally_curated
hu,v1,3,2912,2946,legtöbbször,legtöbbször,legtöbbször,unknown,legtöbbször,wordfreq:hu,wordfreq_seeded;deterministically_filtered;structurally_curated
hu,v1,3,2913,2947,londoni,londoni,londoni,unknown,londoni,wordfreq:hu,wordfreq_seeded;deterministically_filtered;structurally_curated
hu,v1,3,2914,2948,macska,macska,macska,unknown,macska,wordfreq:hu,wordfreq_seeded;deterministically_filtered;structurally_curated
hu,v1,3,2915,2949,magyarság,magyarság,magyarság,unknown,magyarság,wordfreq:hu,wordfreq_seeded;deterministically_filtered;structurally_curated
hu,v1,3,2916,2950,megjelenés,megjelenés,megjelenés,unknown,megjelenés,wordfreq:hu,wordfreq_seeded;deterministically_filtered;structurally_curated
hu,v1,3,2917,2951,megkapta,megkapta,megkapta,unknown,megkapta,wordfreq:hu,wordfreq_seeded;deterministically_filtered;structurally_curated
hu,v1,3,2918,2952,mehetek,mehetek,mehetek,unknown,mehetek,wordfreq:hu,wordfreq_seeded;deterministically_filtered;structurally_curated
hu,v1,3,2919,2953,miben,miben,miben,unknown,miben,wordfreq:hu,wordfreq_seeded;deterministically_filtered;structurally_curated
hu,v1,3,2920,2955,méteres,méteres,méteres,unknown,méteres,wordfreq:hu,wordfreq_seeded;deterministically_filtered;structurally_curated
hu,v1,3,2921,2956,mögé,mögé,mögé,unknown,mögé,wordfreq:hu,wordfreq_seeded;deterministically_filtered;structurally_curated
hu,v1,3,2922,2957,nehezebb,nehezebb,nehezebb,unknown,nehezebb,wordfreq:hu,wordfreq_seeded;deterministically_filtered;structurally_curated
hu,v1,3,2923,2958,nevezte,nevezte,nevezte,unknown,nevezte,wordfreq:hu,wordfreq_seeded;deterministically_filtered;structurally_curated
hu,v1,3,2924,2959,orvosok,orvosok,orvosok,unknown,orvosok,wordfreq:hu,wordfreq_seeded;deterministically_filtered;structurally_curated
hu,v1,3,2925,2960,otthoni,otthoni,otthoni,unknown,otthoni,wordfreq:hu,wordfreq_seeded;deterministically_filtered;structurally_curated
hu,v1,3,2926,2961,pápai,pápai,pápai,unknown,pápai,wordfreq:hu,wordfreq_seeded;deterministically_filtered;structurally_curated
hu,v1,3,2927,2962,pénzem,pénzem,pénzem,unknown,pénzem,wordfreq:hu,wordfreq_seeded;deterministically_filtered;structurally_curated
hu,v1,3,2928,2963,rákóczi,rákóczi,rákóczi,unknown,rákóczi,wordfreq:hu,wordfreq_seeded;deterministically_filtered;structurally_curated
hu,v1,3,2929,2964,scott,scott,scott,unknown,scott,wordfreq:hu,wordfreq_seeded;deterministically_filtered;structurally_curated
hu,v1,3,2930,2965,szemét,szemét,szemét,unknown,szemét,wordfreq:hu,wordfreq_seeded;deterministically_filtered;structurally_curated
hu,v1,3,2931,2966,színésznő,színésznő,színésznő,unknown,színésznő,wordfreq:hu,wordfreq_seeded;deterministically_filtered;structurally_curated
hu,v1,3,2932,2967,szörnyű,szörnyű,szörnyű,unknown,szörnyű,wordfreq:hu,wordfreq_seeded;deterministically_filtered;structurally_curated
hu,v1,3,2933,2968,szükségem,szükségem,szükségem,unknown,szükségem,wordfreq:hu,wordfreq_seeded;deterministically_filtered;structurally_curated
hu,v1,3,2934,2969,tudna,tudna,tudna,unknown,tudna,wordfreq:hu,wordfreq_seeded;deterministically_filtered;structurally_curated
hu,v1,3,2935,2970,tábor,tábor,tábor,unknown,tábor,wordfreq:hu,wordfreq_seeded;deterministically_filtered;structurally_curated
hu,v1,3,2936,2971,tétel,tétel,tétel,unknown,tétel,wordfreq:hu,wordfreq_seeded;deterministically_filtered;structurally_curated
hu,v1,3,2937,2972,tört,tört,tört,unknown,tört,wordfreq:hu,wordfreq_seeded;deterministically_filtered;structurally_curated
hu,v1,3,2938,2973,vendég,vendég,vendég,unknown,vendég,wordfreq:hu,wordfreq_seeded;deterministically_filtered;structurally_curated
hu,v1,3,2939,2974,vers,vers,vers,unknown,vers,wordfreq:hu,wordfreq_seeded;deterministically_filtered;structurally_curated
hu,v1,3,2940,2975,veszik,veszik,veszik,unknown,veszik,wordfreq:hu,wordfreq_seeded;deterministically_filtered;structurally_curated
hu,v1,3,2941,2976,vezette,vezette,vezette,unknown,vezette,wordfreq:hu,wordfreq_seeded;deterministically_filtered;structurally_curated
hu,v1,3,2942,2977,világháború,világháború,világháború,unknown,világháború,wordfreq:hu,wordfreq_seeded;deterministically_filtered;structurally_curated
hu,v1,3,2943,2978,választani,választani,választani,unknown,választani,wordfreq:hu,wordfreq_seeded;deterministically_filtered;structurally_curated
hu,v1,3,2944,2979,változások,változások,változások,unknown,változások,wordfreq:hu,wordfreq_seeded;deterministically_filtered;structurally_curated
hu,v1,3,2945,2980,véve,véve,véve,unknown,véve,wordfreq:hu,wordfreq_seeded;deterministically_filtered;structurally_curated
hu,v1,3,2946,2981,walter,walter,walter,unknown,walter,wordfreq:hu,wordfreq_seeded;deterministically_filtered;structurally_curated
hu,v1,3,2947,2982,xi,xi,xi,unknown,xi,wordfreq:hu,wordfreq_seeded;deterministically_filtered;structurally_curated
hu,v1,3,2948,2983,épül,épül,épül,unknown,épül,wordfreq:hu,wordfreq_seeded;deterministically_filtered;structurally_curated
hu,v1,3,2949,2984,érdekli,érdekli,érdekli,unknown,érdekli,wordfreq:hu,wordfreq_seeded;deterministically_filtered;structurally_curated
hu,v1,3,2950,2985,órával,órával,órával,unknown,órával,wordfreq:hu,wordfreq_seeded;deterministically_filtered;structurally_curated
hu,v1,3,2951,2986,adag,adag,adag,unknown,adag,wordfreq:hu,wordfreq_seeded;deterministically_filtered;structurally_curated
hu,v1,3,2952,2987,antal,antal,antal,unknown,antal,wordfreq:hu,wordfreq_seeded;deterministically_filtered;structurally_curated
hu,v1,3,2953,2988,autópálya,autópálya,autópálya,unknown,autópálya,wordfreq:hu,wordfreq_seeded;deterministically_filtered;structurally_curated
hu,v1,3,2954,2989,benedek,benedek,benedek,unknown,benedek,wordfreq:hu,wordfreq_seeded;deterministically_filtered;structurally_curated
hu,v1,3,2955,2990,bárhol,bárhol,bárhol,unknown,bárhol,wordfreq:hu,wordfreq_seeded;deterministically_filtered;structurally_curated
hu,v1,3,2956,2991,dave,dave,dave,unknown,dave,wordfreq:hu,wordfreq_seeded;deterministically_filtered;structurally_curated
hu,v1,3,2957,2992,del,del,del,unknown,del,wordfreq:hu,wordfreq_seeded;deterministically_filtered;structurally_curated
hu,v1,3,2958,2993,elegáns,elegáns,elegáns,unknown,elegáns,wordfreq:hu,wordfreq_seeded;deterministically_filtered;structurally_curated
hu,v1,3,2959,2994,elért,elért,elért,unknown,elért,wordfreq:hu,wordfreq_seeded;deterministically_filtered;structurally_curated
hu,v1,3,2960,2995,engedélyt,engedélyt,engedélyt,unknown,engedélyt,wordfreq:hu,wordfreq_seeded;deterministically_filtered;structurally_curated
hu,v1,3,2961,2996,eredményeket,eredményeket,eredményeket,unknown,eredményeket,wordfreq:hu,wordfreq_seeded;deterministically_filtered;structurally_curated
hu,v1,3,2962,2997,források,források,források,unknown,források,wordfreq:hu,wordfreq_seeded;deterministically_filtered;structurally_curated
hu,v1,3,2963,2998,fülöp,fülöp,fülöp,unknown,fülöp,wordfreq:hu,wordfreq_seeded;deterministically_filtered;structurally_curated
hu,v1,3,2964,2999,hall,hall,hall,unknown,hall,wordfreq:hu,wordfreq_seeded;deterministically_filtered;structurally_curated
hu,v1,3,2965,3000,hot,hot,hot,unknown,hot,wordfreq:hu,wordfreq_seeded;deterministically_filtered;structurally_curated
hu,v1,3,2966,3001,hoztam,hoztam,hoztam,unknown,hoztam,wordfreq:hu,wordfreq_seeded;deterministically_filtered;structurally_curated
hu,v1,3,2967,3002,intézmény,intézmény,intézmény,unknown,intézmény,wordfreq:hu,wordfreq_seeded;deterministically_filtered;structurally_curated
hu,v1,3,2968,3003,iroda,iroda,iroda,unknown,iroda,wordfreq:hu,wordfreq_seeded;deterministically_filtered;structurally_curated
hu,v1,3,2969,3004,izraeli,izraeli,izraeli,unknown,izraeli,wordfreq:hu,wordfreq_seeded;deterministically_filtered;structurally_curated
hu,v1,3,2970,3005,jimmy,jimmy,jimmy,unknown,jimmy,wordfreq:hu,wordfreq_seeded;deterministically_filtered;structurally_curated
hu,v1,3,2971,3006,junior,junior,junior,unknown,junior,wordfreq:hu,wordfreq_seeded;deterministically_filtered;structurally_curated
hu,v1,3,2972,3007,jármű,jármű,jármű,unknown,jármű,wordfreq:hu,wordfreq_seeded;deterministically_filtered;structurally_curated
hu,v1,3,2973,3008,karácsony,karácsony,karácsony,unknown,karácsony,wordfreq:hu,wordfreq_seeded;deterministically_filtered;structurally_curated
hu,v1,3,2974,3009,kiadás,kiadás,kiadás,unknown,kiadás,wordfreq:hu,wordfreq_seeded;deterministically_filtered;structurally_curated
hu,v1,3,2975,3010,kitűnő,kitűnő,kitűnő,unknown,kitűnő,wordfreq:hu,wordfreq_seeded;deterministically_filtered;structurally_curated
hu,v1,3,2976,3011,kivel,kivel,kivel,unknown,kivel,wordfreq:hu,wordfreq_seeded;deterministically_filtered;structurally_curated
hu,v1,3,2977,3012,korm,korm,korm,unknown,korm,wordfreq:hu,wordfreq_seeded;deterministically_filtered;structurally_curated
hu,v1,3,2978,3013,laura,laura,laura,unknown,laura,wordfreq:hu,wordfreq_seeded;deterministically_filtered;structurally_curated
hu,v1,3,2979,3014,legyünk,legyünk,legyünk,unknown,legyünk,wordfreq:hu,wordfreq_seeded;deterministically_filtered;structurally_curated
hu,v1,3,2980,3015,lehetsz,lehetsz,lehetsz,unknown,lehetsz,wordfreq:hu,wordfreq_seeded;deterministically_filtered;structurally_curated
hu,v1,3,2981,3016,létrehozott,létrehozott,létrehozott,unknown,létrehozott,wordfreq:hu,wordfreq_seeded;deterministically_filtered;structurally_curated
hu,v1,3,2982,3017,ló,ló,ló,unknown,ló,wordfreq:hu,wordfreq_seeded;deterministically_filtered;structurally_curated
hu,v1,3,2983,3018,magamat,magamat,magamat,unknown,magamat,wordfreq:hu,wordfreq_seeded;deterministically_filtered;structurally_curated
hu,v1,3,2984,3019,menjünk,menjünk,menjünk,unknown,menjünk,wordfreq:hu,wordfreq_seeded;deterministically_filtered;structurally_curated
hu,v1,3,2985,3020,mentünk,mentünk,mentünk,unknown,mentünk,wordfreq:hu,wordfreq_seeded;deterministically_filtered;structurally_curated
hu,v1,3,2986,3021,mutasd,mutasd,mutasd,unknown,mutasd,wordfreq:hu,wordfreq_seeded;deterministically_filtered;structurally_curated
hu,v1,3,2987,3022,nm,nm,nm,unknown,nm,wordfreq:hu,wordfreq_seeded;deterministically_filtered;structurally_curated
hu,v1,3,2988,3023,nyerni,nyerni,nyerni,unknown,nyerni,wordfreq:hu,wordfreq_seeded;deterministically_filtered;structurally_curated
hu,v1,3,2989,3024,nálad,nálad,nálad,unknown,nálad,wordfreq:hu,wordfreq_seeded;deterministically_filtered;structurally_curated
hu,v1,3,2990,3025,néni,néni,néni,unknown,néni,wordfreq:hu,wordfreq_seeded;deterministically_filtered;structurally_curated
hu,v1,3,2991,3026,or,or,or,unknown,or,wordfreq:hu,wordfreq_seeded;deterministically_filtered;structurally_curated
hu,v1,3,2992,3027,papp,papp,papp,unknown,papp,wordfreq:hu,wordfreq_seeded;deterministically_filtered;structurally_curated
hu,v1,3,2993,3028,pop,pop,pop,unknown,pop,wordfreq:hu,wordfreq_seeded;deterministically_filtered;structurally_curated
hu,v1,3,2994,3029,problémát,problémát,problémát,unknown,problémát,wordfreq:hu,wordfreq_seeded;deterministically_filtered;structurally_curated
hu,v1,3,2995,3030,rajtad,rajtad,rajtad,unknown,rajtad,wordfreq:hu,wordfreq_seeded;deterministically_filtered;structurally_curated
hu,v1,3,2996,3031,régebbi,régebbi,régebbi,unknown,régebbi,wordfreq:hu,wordfreq_seeded;deterministically_filtered;structurally_curated
hu,v1,3,2997,3032,részéről,részéről,részéről,unknown,részéről,wordfreq:hu,wordfreq_seeded;deterministically_filtered;structurally_curated
hu,v1,3,2998,3033,sci,sci,sci,unknown,sci,wordfreq:hu,wordfreq_seeded;deterministically_filtered;structurally_curated
hu,v1,3,2999,3034,sikerrel,sikerrel,sikerrel,unknown,sikerrel,wordfreq:hu,wordfreq_seeded;deterministically_filtered;structurally_curated
hu,v1,3,3000,3035,szereplők,szereplők,szereplők,unknown,szereplők,wordfreq:hu,wordfreq_seeded;deterministically_filtered;structurally_curated
